data,hora,data_hora,ano,mes,dia_semana,hora_dia,periodo_dia,uf,municipio,regiao_grande_vitoria,rodovia,rodovia_label,km,latitude,longitude,causa,tipo_acidente,classificacao,fase_dia,sentido_via,condicao_metereologica,tipo_pista,tracado_via,uso_solo,mortos,feridos_graves,feridos_leves,feridos,ilesos,ignorados,veiculos,pessoas,regional,delegacia,uop,risco_alto,nivel_risco
2025-01-02,13:20,2025-01-02 13:20:00,2025.0,1.0,quinta,13.0,tarde,ES,MARECHAL FLORIANO,False,262.0,BR-262,73.2,-20.41066352,-40.88380166,Reação tardia ou ineficiente do condutor,Colisão com objeto,Com Vítimas Feridas,Pleno dia,Crescente,Céu Claro,Simples,Ponte;Declive;Curva,Não,0.0,1.0,0.0,1.0,0.0,1.0,2.0,2.0,SPRF-ES,DEL01-ES,UOP02-DEL01-ES,1,grave
2025-01-03,05:03,2025-01-03 05:03:00,2025.0,1.0,sexta,5.0,madrugada,ES,CARIACICA,True,101.0,BR-101,294.5,-20.32415948,-40.3952903,Ausência de reação do condutor,Engavetamento,Com Vítimas Feridas,Amanhecer,Crescente,Nublado,Dupla,Aclive;Reta,Sim,0.0,1.0,0.0,1.0,2.0,4.0,7.0,4.0,SPRF-ES,DEL01-ES,UOP01-DEL01-ES,1,grave
2025-01-03,17:00,2025-01-03 17:00:00,2025.0,1.0,sexta,17.0,tarde,ES,VIANA,True,101.0,BR-101,301.0,-20.36825561,-40.44406414,Demais falhas mecânicas ou elétricas,Colisão traseira,Com Vítimas Feridas,Pleno dia,Crescente,Nublado,Dupla,Aclive;Retorno Regulamentado,Sim,0.0,0.0,1.0,1.0,2.0,3.0,6.0,4.0,SPRF-ES,DEL01-ES,UOP01-DEL01-ES,0,moderado
2025-01-03,17:30,2025-01-03 17:30:00,2025.0,1.0,sexta,17.0,tarde,ES,CARIACICA,True,101.0,BR-101,291.8,-20.29755744,-40.39445616,Manobra de mudança de faixa,Colisão traseira,Com Vítimas Feridas,Plena Noite,Decrescente,Ignorado,Dupla,Reta,Não,0.0,0.0,1.0,1.0,1.0,1.0,3.0,3.0,SPRF-ES,DEL01-ES,UOP01-DEL01-ES,0,moderado
2025-01-05,22:00,2025-01-05 22:00:00,2025.0,1.0,domingo,22.0,noite,ES,MUQUI,False,393.0,BR-393,11.2,-20.85189406,-41.24479292,Condutor deixou de manter distância do veículo da frente,Colisão traseira,Com Vítimas Feridas,Plena Noite,Crescente,Céu Claro,Simples,Declive;Reta,Não,0.0,1.0,0.0,1.0,1.0,0.0,2.0,2.0,SPRF-ES,DEL03-ES,UOP02-DEL03-ES,1,grave
2025-01-06,15:30,2025-01-06 15:30:00,2025.0,1.0,segunda,15.0,tarde,ES,ARACRUZ,False,101.0,BR-101,173.8,-19.57221883,-40.18397327,Transitar na contramão,Colisão frontal,Com Vítimas Feridas,Pleno dia,Crescente,Nublado,Simples,Reta,Sim,0.0,1.0,0.0,1.0,1.0,1.0,3.0,3.0,SPRF-ES,DEL04-ES,UOP01-DEL04-ES,1,grave
2025-01-07,10:45,2025-01-07 10:45:00,2025.0,1.0,terca,10.0,manha,ES,CACHOEIRO DE ITAPEMIRIM,False,393.0,BR-393,1.3,-20.83723289,-41.16733095,Ausência de reação do condutor,Colisão traseira,Com Vítimas Feridas,Pleno dia,Crescente,Céu Claro,Simples,Reta,Sim,0.0,1.0,0.0,1.0,1.0,1.0,3.0,3.0,SPRF-ES,DEL03-ES,UOP02-DEL03-ES,1,grave
2025-01-08,16:03,2025-01-08 16:03:00,2025.0,1.0,quarta,16.0,tarde,ES,SAO MATEUS,False,101.0,BR-101,78.9,-18.81417602,-39.90121797,Condutor deixou de manter distância do veículo da frente,Colisão traseira,Com Vítimas Feridas,Pleno dia,Decrescente,Céu Claro,Simples,Aclive;Reta,Não,0.0,1.0,0.0,1.0,2.0,1.0,3.0,4.0,SPRF-ES,DEL04-ES,UOP02-DEL04-ES,1,grave
2025-01-10,14:15,2025-01-10 14:15:00,2025.0,1.0,sexta,14.0,tarde,ES,IBIRACU,False,101.0,BR-101,210.8,-19.798437,-40.36982,Reação tardia ou ineficiente do condutor,Colisão com objeto,Com Vítimas Fatais,Pleno dia,Decrescente,Chuva,Simples,Aclive;Reta,Sim,1.0,1.0,2.0,3.0,0.0,1.0,3.0,5.0,SPRF-ES,DEL02-ES,UOP01-DEL02-ES,1,fatal
2025-01-12,23:40,2025-01-12 23:40:00,2025.0,1.0,domingo,23.0,noite,ES,SAO MATEUS,False,101.0,BR-101,64.0,-18.70428583,-39.87065983,Ingestão de álcool pelo condutor,Colisão frontal,Com Vítimas Feridas,Plena Noite,Crescente,Garoa/Chuvisco,Simples,Reta,Não,0.0,0.0,1.0,1.0,1.0,2.0,4.0,3.0,SPRF-ES,DEL04-ES,UOP02-DEL04-ES,0,moderado
2025-01-15,05:30,2025-01-15 05:30:00,2025.0,1.0,quarta,5.0,madrugada,ES,GUARAPARI,True,101.0,BR-101,321.4,-20.520908,-40.478306,Problema com o freio,Saída de leito carroçável,Com Vítimas Feridas,Amanhecer,Decrescente,Chuva,Dupla,Curva;Declive,Não,0.0,1.0,0.0,1.0,0.0,1.0,2.0,2.0,SPRF-ES,DEL03-ES,UOP01-DEL03-ES,1,grave
2025-01-16,06:50,2025-01-16 06:50:00,2025.0,1.0,quinta,6.0,manha,ES,SOORETAMA,False,101.0,BR-101,128.1,-19.21191395,-40.09457556,Reação tardia ou ineficiente do condutor,Colisão lateral sentido oposto,Com Vítimas Feridas,Pleno dia,Decrescente,Céu Claro,Simples,Reta,Não,0.0,0.0,2.0,2.0,4.0,4.0,8.0,7.0,SPRF-ES,DEL04-ES,UOP01-DEL04-ES,0,moderado
2025-01-16,22:10,2025-01-16 22:10:00,2025.0,1.0,quinta,22.0,noite,ES,GUARAPARI,True,101.0,BR-101,330.0,-20.5929953,-40.50133975,Ingestão de álcool pelo condutor,Colisão lateral mesmo sentido,Sem Vítimas,Plena Noite,Crescente,Nublado,Simples,Reta,Não,0.0,0.0,0.0,0.0,2.0,1.0,3.0,3.0,SPRF-ES,DEL03-ES,UOP01-DEL03-ES,0,baixo
2025-01-13,10:53,2025-01-13 10:53:00,2025.0,1.0,segunda,10.0,manha,ES,LINHARES,False,101.0,BR-101,142.0,-19.33458987,-40.06755477,Falta de acostamento,Colisão traseira,Com Vítimas Feridas,Pleno dia,Crescente,Céu Claro,Dupla,Reta,Sim,0.0,0.0,1.0,1.0,1.0,3.0,4.0,5.0,SPRF-ES,DEL04-ES,UOP01-DEL04-ES,0,moderado
2025-01-17,21:20,2025-01-17 21:20:00,2025.0,1.0,sexta,21.0,noite,ES,LINHARES,False,101.0,BR-101,144.8,-19.35188295,-40.0636685,Condutor desrespeitou a iluminação vermelha do semáforo,Colisão transversal,Com Vítimas Fatais,Plena Noite,Crescente,Céu Claro,Simples,Retorno Regulamentado,Sim,1.0,0.0,0.0,0.0,0.0,2.0,3.0,3.0,SPRF-ES,DEL04-ES,UOP01-DEL04-ES,1,fatal
2025-01-20,17:50,2025-01-20 17:50:00,2025.0,1.0,segunda,17.0,tarde,ES,JAGUARE,False,101.0,BR-101,99.7,-18.97188909,-39.99152282,Acesso irregular,Colisão traseira,Com Vítimas Feridas,Anoitecer,Crescente,Céu Claro,Simples,Reta,Não,0.0,1.0,0.0,1.0,1.0,0.0,2.0,2.0,SPRF-ES,DEL04-ES,UOP02-DEL04-ES,1,grave
2025-01-21,02:30,2025-01-21 02:30:00,2025.0,1.0,terca,2.0,madrugada,ES,VIANA,True,101.0,BR-101,309.0,-20.417,-40.45984911,Velocidade Incompatível,Colisão traseira,Com Vítimas Feridas,Plena Noite,Crescente,Céu Claro,Dupla,Reta,Não,0.0,1.0,0.0,1.0,2.0,3.0,6.0,4.0,SPRF-ES,DEL01-ES,UOP01-DEL01-ES,1,grave
2025-01-24,21:21,2025-01-24 21:21:00,2025.0,1.0,sexta,21.0,noite,ES,SERRA,True,101.0,BR-101,263.0,-20.16554736,-40.27301648,Frear bruscamente,Colisão com objeto,Com Vítimas Feridas,Plena Noite,Decrescente,Céu Claro,Dupla,Reta;Declive,Não,0.0,0.0,1.0,1.0,1.0,0.0,1.0,2.0,SPRF-ES,DEL02-ES,UOP01-DEL02-ES,0,moderado
2025-01-28,08:50,2025-01-28 08:50:00,2025.0,1.0,terca,8.0,manha,ES,CACHOEIRO DE ITAPEMIRIM,False,393.0,BR-393,0.0,-20.841324,-41.15929,Ultrapassagem Indevida,Colisão lateral mesmo sentido,Com Vítimas Feridas,Pleno dia,Crescente,Céu Claro,Simples,Reta,Sim,0.0,1.0,0.0,1.0,1.0,0.0,2.0,2.0,SPRF-ES,DEL03-ES,UOP02-DEL03-ES,1,grave
2025-01-28,21:15,2025-01-28 21:15:00,2025.0,1.0,terca,21.0,noite,ES,CARIACICA,True,101.0,BR-101,293.8,-20.31526144,-40.39567044,Condutor deixou de manter distância do veículo da frente,Colisão lateral mesmo sentido,Com Vítimas Feridas,Plena Noite,Crescente,Nublado,Múltipla,Curva,Sim,0.0,0.0,1.0,1.0,1.0,1.0,3.0,3.0,SPRF-ES,DEL01-ES,UOP01-DEL01-ES,0,moderado
2025-01-29,10:50,2025-01-29 10:50:00,2025.0,1.0,quarta,10.0,manha,ES,LINHARES,False,101.0,BR-101,125.0,-19.18496498,-40.09429827,Pedestre cruzava a pista fora da faixa,Atropelamento de Pedestre,Sem Vítimas,Pleno dia,Crescente,Céu Claro,Simples,Reta,Sim,0.0,0.0,0.0,0.0,2.0,1.0,3.0,3.0,SPRF-ES,DEL04-ES,UOP01-DEL04-ES,0,baixo
2025-01-29,15:20,2025-01-29 15:20:00,2025.0,1.0,quarta,15.0,tarde,ES,IBATIBA,False,262.0,BR-262,157.0,-20.23102878,-41.48810903,Reação tardia ou ineficiente do condutor,Colisão frontal,Com Vítimas Feridas,Pleno dia,Crescente,Céu Claro,Simples,Reta,Sim,0.0,1.0,0.0,1.0,1.0,0.0,2.0,2.0,SPRF-ES,DEL01-ES,UOP02-DEL01-ES,1,grave
2025-01-30,11:00,2025-01-30 11:00:00,2025.0,1.0,quinta,11.0,manha,ES,PEDRO CANARIO,False,101.0,BR-101,8.1,-18.23027961,-39.95278417,Velocidade Incompatível,Tombamento,Com Vítimas Feridas,Pleno dia,Crescente,Céu Claro,Simples,Curva;Aclive,Não,0.0,0.0,1.0,1.0,0.0,1.0,2.0,2.0,SPRF-ES,DEL04-ES,UOP02-DEL04-ES,0,moderado
2025-01-31,06:27,2025-01-31 06:27:00,2025.0,1.0,sexta,6.0,manha,ES,SERRA,True,101.0,BR-101,269.0,-20.21740496,-40.26990578,Acessar a via sem observar a presença dos outros veículos,Colisão lateral mesmo sentido,Sem Vítimas,Pleno dia,Decrescente,Céu Claro,Simples,Reta,Não,0.0,0.0,0.0,0.0,0.0,2.0,2.0,2.0,SPRF-ES,DEL02-ES,UOP01-DEL02-ES,0,baixo
2025-01-31,15:00,2025-01-31 15:00:00,2025.0,1.0,sexta,15.0,tarde,ES,ARACRUZ,False,101.0,BR-101,189.0,-19.68134019,-40.27051885,Condutor Dormindo,Colisão lateral sentido oposto,Com Vítimas Feridas,Pleno dia,Crescente,Céu Claro,Simples,Reta,Não,0.0,0.0,3.0,3.0,2.0,1.0,3.0,6.0,SPRF-ES,DEL04-ES,UOP01-DEL04-ES,0,moderado
2025-02-01,11:00,2025-02-01 11:00:00,2025.0,2.0,sabado,11.0,manha,ES,SOORETAMA,False,101.0,BR-101,110.5,-19.06215201,-40.03484798,Transitar na contramão,Colisão frontal,Com Vítimas Feridas,Pleno dia,Decrescente,Céu Claro,Dupla,Reta,Não,0.0,0.0,2.0,2.0,1.0,0.0,2.0,3.0,SPRF-ES,DEL04-ES,UOP01-DEL04-ES,0,moderado
2025-02-03,08:00,2025-02-03 08:00:00,2025.0,2.0,segunda,8.0,manha,ES,FUNDAO,True,101.0,BR-101,232.1,-19.95224103,-40.40879816,Reação tardia ou ineficiente do condutor,Colisão com objeto,Com Vítimas Feridas,Pleno dia,Crescente,Céu Claro,Simples,Reta,Não,0.0,0.0,1.0,1.0,0.0,1.0,2.0,2.0,SPRF-ES,DEL02-ES,UOP01-DEL02-ES,0,moderado
2025-02-04,15:00,2025-02-04 15:00:00,2025.0,2.0,terca,15.0,tarde,ES,LINHARES,False,101.0,BR-101,143.7,-19.3453022,-40.06366253,Desrespeitar a preferência no cruzamento,Colisão transversal,Com Vítimas Feridas,Pleno dia,Crescente,Céu Claro,Simples,Interseção de Vias,Não,0.0,0.0,1.0,1.0,2.0,2.0,4.0,4.0,SPRF-ES,DEL04-ES,UOP01-DEL04-ES,0,moderado
2025-02-04,18:48,2025-02-04 18:48:00,2025.0,2.0,terca,18.0,noite,ES,SERRA,True,101.0,BR-101,270.5,-20.22662056,-40.27075088,Acessar a via sem observar a presença dos outros veículos,Colisão traseira,Com Vítimas Feridas,Anoitecer,Decrescente,Céu Claro,Dupla,Interseção de Vias,Sim,0.0,1.0,0.0,1.0,1.0,3.0,5.0,3.0,SPRF-ES,DEL02-ES,UOP01-DEL02-ES,1,grave
2025-02-05,04:00,2025-02-05 04:00:00,2025.0,2.0,quarta,4.0,madrugada,ES,JOAO NEIVA,False,259.0,BR-259,8.5,-19.68073376,-40.39141693,Ausência de reação do condutor,Tombamento,Com Vítimas Feridas,Amanhecer,Crescente,Céu Claro,Simples,Curva;Aclive,Não,0.0,0.0,1.0,1.0,0.0,1.0,2.0,2.0,SPRF-ES,DEL02-ES,UOP01-DEL02-ES,0,moderado
2025-02-06,13:55,2025-02-06 13:55:00,2025.0,2.0,quinta,13.0,tarde,ES,JOAO NEIVA,False,101.0,BR-101,195.3,-19.70198612,-40.32193499,Velocidade Incompatível,Tombamento,Com Vítimas Fatais,Pleno dia,Decrescente,Céu Claro,Simples,Reta;Declive,Não,1.0,0.0,0.0,0.0,1.0,0.0,2.0,2.0,SPRF-ES,DEL04-ES,UOP01-DEL04-ES,1,fatal
2025-02-07,11:00,2025-02-07 11:00:00,2025.0,2.0,sexta,11.0,manha,ES,IBATIBA,False,262.0,BR-262,167.9,-20.2531047,-41.56633803,Ultrapassagem Indevida,Colisão lateral sentido oposto,Com Vítimas Feridas,Pleno dia,Crescente,Céu Claro,Simples,Curva;Declive,Não,0.0,2.0,0.0,2.0,1.0,1.0,3.0,4.0,SPRF-ES,DEL01-ES,UOP02-DEL01-ES,1,grave
2025-02-08,14:00,2025-02-08 14:00:00,2025.0,2.0,sabado,14.0,tarde,ES,CARIACICA,True,101.0,BR-101,294.0,-20.32415948,-40.3952903,Velocidade Incompatível,Colisão traseira,Com Vítimas Feridas,Pleno dia,Decrescente,Sol,Múltipla,Declive,Sim,0.0,0.0,7.0,7.0,6.0,2.0,12.0,14.0,SPRF-ES,DEL01-ES,UOP01-DEL01-ES,0,moderado
2025-02-09,16:15,2025-02-09 16:15:00,2025.0,2.0,domingo,16.0,tarde,ES,GUARAPARI,True,101.0,BR-101,334.8,-20.626408,-40.526082,Acessar a via sem observar a presença dos outros veículos,Colisão traseira,Com Vítimas Feridas,Pleno dia,Decrescente,Céu Claro,Dupla,Reta,Não,0.0,0.0,4.0,4.0,1.0,1.0,3.0,6.0,SPRF-ES,DEL03-ES,UOP01-DEL03-ES,0,moderado
2025-02-10,06:40,2025-02-10 06:40:00,2025.0,2.0,segunda,6.0,manha,ES,SERRA,True,101.0,BR-101,276.4,-20.20788726,-40.3133509,Acessar a via sem observar a presença dos outros veículos,Colisão transversal,Com Vítimas Feridas,Pleno dia,Crescente,Céu Claro,Dupla,Retorno Regulamentado;Reta,Não,0.0,0.0,1.0,1.0,1.0,1.0,3.0,3.0,SPRF-ES,DEL02-ES,UOP01-DEL02-ES,0,moderado
2025-02-10,15:00,2025-02-10 15:00:00,2025.0,2.0,segunda,15.0,tarde,ES,VENDA NOVA DO IMIGRANTE,False,262.0,BR-262,122.9,-20.29353997,-41.23936799,Demais falhas mecânicas ou elétricas,Tombamento,Com Vítimas Feridas,Pleno dia,Crescente,Sol,Simples,Curva,Não,0.0,0.0,1.0,1.0,0.0,1.0,2.0,2.0,SPRF-ES,DEL01-ES,UOP02-DEL01-ES,0,moderado
2025-02-10,16:30,2025-02-10 16:30:00,2025.0,2.0,segunda,16.0,tarde,ES,CARIACICA,True,101.0,BR-101,284.8,-20.24334991,-40.3696926,Reação tardia ou ineficiente do condutor,Colisão traseira,Com Vítimas Feridas,Pleno dia,Crescente,Céu Claro,Dupla,Reta,Não,0.0,0.0,2.0,2.0,3.0,0.0,2.0,5.0,SPRF-ES,DEL01-ES,UOP01-DEL01-ES,0,moderado
2025-02-11,14:00,2025-02-11 14:00:00,2025.0,2.0,terca,14.0,tarde,ES,MARECHAL FLORIANO,False,262.0,BR-262,44.6,-20.38908904,-40.66911594,Condutor Dormindo,Colisão lateral sentido oposto,Com Vítimas Feridas,Pleno dia,Crescente,Céu Claro,Simples,Curva,Não,0.0,1.0,0.0,1.0,2.0,0.0,3.0,3.0,SPRF-ES,DEL01-ES,UOP01-DEL01-ES,1,grave
2025-02-12,13:20,2025-02-12 13:20:00,2025.0,2.0,quarta,13.0,tarde,ES,ANCHIETA,False,101.0,BR-101,365.5,-20.73397538,-40.7507118,Condutor Dormindo,Colisão lateral sentido oposto,Com Vítimas Feridas,Pleno dia,Crescente,Céu Claro,Simples,Curva,Não,0.0,0.0,1.0,1.0,1.0,1.0,3.0,3.0,SPRF-ES,DEL03-ES,UOP01-DEL03-ES,0,moderado
2025-02-13,09:19,2025-02-13 09:19:00,2025.0,2.0,quinta,9.0,manha,ES,CARIACICA,True,101.0,BR-101,291.9,-20.29755744,-40.39445616,Desrespeitar a preferência no cruzamento,Colisão transversal,Com Vítimas Feridas,Pleno dia,Crescente,Céu Claro,Dupla,Retorno Regulamentado;Reta,Sim,0.0,1.0,0.0,1.0,2.0,0.0,2.0,3.0,SPRF-ES,DEL01-ES,UOP01-DEL01-ES,1,grave
2025-02-08,21:00,2025-02-08 21:00:00,2025.0,2.0,sabado,21.0,noite,ES,MIMOSO DO SUL,False,101.0,BR-101,438.9,-21.06633614,-41.22124288,Frear bruscamente,Colisão lateral mesmo sentido,Com Vítimas Feridas,Plena Noite,Decrescente,Céu Claro,Simples,Reta,Não,0.0,0.0,2.0,2.0,2.0,0.0,2.0,4.0,SPRF-ES,DEL03-ES,UOP02-DEL03-ES,0,moderado
2025-02-14,10:15,2025-02-14 10:15:00,2025.0,2.0,sexta,10.0,manha,ES,LINHARES,False,101.0,BR-101,144.0,-19.35188295,-40.0636685,Problema com o freio,Colisão lateral mesmo sentido,Com Vítimas Feridas,Pleno dia,Crescente,Céu Claro,Dupla,Interseção de Vias,Sim,0.0,0.0,1.0,1.0,1.0,0.0,2.0,2.0,SPRF-ES,DEL04-ES,UOP01-DEL04-ES,0,moderado
2025-02-14,17:44,2025-02-14 17:44:00,2025.0,2.0,sexta,17.0,tarde,ES,IBATIBA,False,262.0,BR-262,166.1,-20.2468411,-41.56027697,Avarias e/ou desgaste excessivo no pneu,Colisão frontal,Com Vítimas Feridas,Pleno dia,Decrescente,Nublado,Simples,Curva,Não,0.0,0.0,2.0,2.0,1.0,0.0,3.0,3.0,SPRF-ES,DEL01-ES,UOP02-DEL01-ES,0,moderado
2025-02-16,08:00,2025-02-16 08:00:00,2025.0,2.0,domingo,8.0,manha,ES,MIMOSO DO SUL,False,101.0,BR-101,448.2,-21.13028101,-41.28044011,Velocidade Incompatível,Saída de leito carroçável,Com Vítimas Feridas,Pleno dia,Crescente,Sol,Simples,Reta,Não,0.0,1.0,0.0,1.0,0.0,1.0,2.0,2.0,SPRF-ES,DEL03-ES,UOP02-DEL03-ES,1,grave
2025-02-17,10:00,2025-02-17 10:00:00,2025.0,2.0,segunda,10.0,manha,ES,SERRA,True,101.0,BR-101,265.0,-20.1816849,-40.26536036,Manobra de mudança de faixa,Colisão lateral mesmo sentido,Sem Vítimas,Pleno dia,Decrescente,Céu Claro,Múltipla,Reta,Sim,0.0,0.0,0.0,0.0,2.0,0.0,2.0,2.0,SPRF-ES,DEL02-ES,UOP01-DEL02-ES,0,baixo
2025-02-17,12:05,2025-02-17 12:05:00,2025.0,2.0,segunda,12.0,tarde,ES,FUNDAO,True,101.0,BR-101,232.7,-19.95224103,-40.40879816,Transitar na contramão,Colisão frontal,Com Vítimas Feridas,Pleno dia,Crescente,Céu Claro,Múltipla,Reta,Não,0.0,0.0,2.0,2.0,2.0,0.0,4.0,4.0,SPRF-ES,DEL02-ES,UOP01-DEL02-ES,0,moderado
2025-02-17,15:25,2025-02-17 15:25:00,2025.0,2.0,segunda,15.0,tarde,ES,SOORETAMA,False,101.0,BR-101,125.1,-19.18496498,-40.09429827,Condutor desrespeitou a iluminação vermelha do semáforo,Colisão transversal,Com Vítimas Feridas,Pleno dia,Decrescente,Céu Claro,Dupla,Interseção de Vias,Sim,0.0,1.0,0.0,1.0,1.0,1.0,3.0,3.0,SPRF-ES,DEL04-ES,UOP01-DEL04-ES,1,grave
2025-02-17,17:40,2025-02-17 17:40:00,2025.0,2.0,segunda,17.0,tarde,ES,DOMINGOS MARTINS,False,262.0,BR-262,89.7,-20.38725617,-41.01746327,Transitar na contramão,Colisão frontal,Com Vítimas Fatais,Pleno dia,Crescente,Céu Claro,Simples,Reta,Sim,1.0,0.0,0.0,0.0,1.0,1.0,3.0,3.0,SPRF-ES,DEL01-ES,UOP02-DEL01-ES,1,fatal
2025-02-18,06:30,2025-02-18 06:30:00,2025.0,2.0,terca,6.0,manha,ES,LINHARES,False,101.0,BR-101,150.5,-19.40436634,-40.06078896,Condutor deixou de manter distância do veículo da frente,Colisão traseira,Com Vítimas Feridas,Pleno dia,Crescente,Céu Claro,Simples,Curva;Declive;Interseção de Vias,Sim,0.0,0.0,1.0,1.0,0.0,1.0,2.0,2.0,SPRF-ES,DEL04-ES,UOP01-DEL04-ES,0,moderado
2025-02-18,07:13,2025-02-18 07:13:00,2025.0,2.0,terca,7.0,manha,ES,SERRA,True,101.0,BR-101,264.0,-20.17292791,-40.26736384,Trafegar com motocicleta (ou similar) entre as faixas,Engavetamento,Com Vítimas Feridas,Pleno dia,Crescente,Céu Claro,Dupla,Reta,Sim,0.0,0.0,2.0,2.0,2.0,0.0,4.0,4.0,SPRF-ES,DEL02-ES,UOP01-DEL02-ES,0,moderado
2025-02-18,12:50,2025-02-18 12:50:00,2025.0,2.0,terca,12.0,tarde,ES,RIO NOVO DO SUL,False,101.0,BR-101,382.0,-20.82072713,-40.84702482,Acessar a via sem observar a presença dos outros veículos,Colisão transversal,Com Vítimas Feridas,Pleno dia,Decrescente,Céu Claro,Simples,Reta,Não,0.0,1.0,0.0,1.0,1.0,1.0,3.0,3.0,SPRF-ES,DEL03-ES,UOP01-DEL03-ES,1,grave
2025-02-19,08:50,2025-02-19 08:50:00,2025.0,2.0,quarta,8.0,manha,ES,CARIACICA,True,262.0,BR-262,0.5,-20.320793,-40.353315,Condutor deixou de manter distância do veículo da frente,Colisão traseira,Com Vítimas Feridas,Pleno dia,Crescente,Céu Claro,Dupla,Ponte;Reta,Não,0.0,0.0,1.0,1.0,2.0,0.0,3.0,3.0,SPRF-ES,DEL01-ES,UOP01-DEL01-ES,0,moderado
2025-02-19,17:20,2025-02-19 17:20:00,2025.0,2.0,quarta,17.0,tarde,ES,VIANA,True,101.0,BR-101,304.4,-20.3800645,-40.45431391,Ausência de reação do condutor,Colisão traseira,Com Vítimas Feridas,Pleno dia,Decrescente,Sol,Dupla,Reta,Não,0.0,0.0,1.0,1.0,0.0,1.0,2.0,2.0,SPRF-ES,DEL01-ES,UOP01-DEL01-ES,0,moderado
2025-02-20,12:20,2025-02-20 12:20:00,2025.0,2.0,quinta,12.0,tarde,ES,IBATIBA,False,262.0,BR-262,170.4,-20.2647513,-41.58453796,Reação tardia ou ineficiente do condutor,Colisão traseira,Com Vítimas Feridas,Pleno dia,Crescente,Céu Claro,Simples,Reta;Aclive,Não,0.0,1.0,0.0,1.0,2.0,1.0,4.0,4.0,SPRF-ES,DEL01-ES,UOP02-DEL01-ES,1,grave
2025-02-20,12:20,2025-02-20 12:20:00,2025.0,2.0,quinta,12.0,tarde,ES,LINHARES,False,101.0,BR-101,151.0,-19.41156656,-40.06592463,Condutor deixou de manter distância do veículo da frente,Engavetamento,Com Vítimas Feridas,Pleno dia,Decrescente,Céu Claro,Simples,Ponte;Reta,Não,0.0,0.0,1.0,1.0,2.0,0.0,3.0,3.0,SPRF-ES,DEL04-ES,UOP01-DEL04-ES,0,moderado
2025-02-20,20:59,2025-02-20 20:59:00,2025.0,2.0,quinta,20.0,noite,ES,VITORIA,True,101.0,BR-101,14.0,-20.2604544,-40.2980864,Reação tardia ou ineficiente do condutor,Colisão traseira,Com Vítimas Feridas,Plena Noite,Decrescente,Céu Claro,Dupla,Reta,Não,0.0,0.0,1.0,1.0,0.0,1.0,2.0,2.0,SPRF-ES,DEL04-ES,UOP02-DEL04-ES,0,moderado
2025-02-21,04:40,2025-02-21 04:40:00,2025.0,2.0,sexta,4.0,madrugada,ES,SERRA,True,101.0,BR-101,264.0,-20.17292791,-40.26736384,Condutor desrespeitou a iluminação vermelha do semáforo,Colisão transversal,Com Vítimas Feridas,Amanhecer,Decrescente,Sol,Dupla,Reta;Interseção de Vias,Sim,0.0,0.0,1.0,1.0,1.0,0.0,2.0,2.0,SPRF-ES,DEL02-ES,UOP01-DEL02-ES,0,moderado
2025-02-21,06:20,2025-02-21 06:20:00,2025.0,2.0,sexta,6.0,manha,ES,MUNIZ FREIRE,False,262.0,BR-262,140.5,-20.22712702,-41.37163639,Velocidade Incompatível,Colisão frontal,Com Vítimas Feridas,Pleno dia,Crescente,Nublado,Simples,Curva,Não,0.0,0.0,2.0,2.0,0.0,0.0,2.0,2.0,SPRF-ES,DEL01-ES,UOP02-DEL01-ES,0,moderado
2025-02-21,15:00,2025-02-21 15:00:00,2025.0,2.0,sexta,15.0,tarde,ES,RIO NOVO DO SUL,False,101.0,BR-101,393.8,-20.8654568,-40.9213787,Ingestão de álcool pelo condutor,Colisão traseira,Sem Vítimas,Pleno dia,Decrescente,Céu Claro,Simples,Reta,Não,0.0,0.0,0.0,0.0,2.0,1.0,3.0,3.0,SPRF-ES,DEL03-ES,UOP02-DEL03-ES,0,baixo
2025-02-22,13:27,2025-02-22 13:27:00,2025.0,2.0,sabado,13.0,tarde,ES,IBATIBA,False,262.0,BR-262,169.2,-20.265357,-41.57852,Velocidade Incompatível,Queda de ocupante de veículo,Com Vítimas Feridas,Pleno dia,Crescente,Garoa/Chuvisco,Simples,Curva,Não,0.0,1.0,0.0,1.0,1.0,1.0,3.0,3.0,SPRF-ES,DEL01-ES,UOP02-DEL01-ES,1,grave
2025-02-24,19:50,2025-02-24 19:50:00,2025.0,2.0,segunda,19.0,noite,ES,CARIACICA,True,101.0,BR-101,286.0,-20.2577618,-40.3774027,Pista Escorregadia,Saída de leito carroçável,Com Vítimas Feridas,Plena Noite,Crescente,Nublado,Dupla,Curva;Declive,Sim,0.0,0.0,1.0,1.0,0.0,1.0,2.0,2.0,SPRF-ES,DEL01-ES,UOP01-DEL01-ES,0,moderado
2025-02-25,10:45,2025-02-25 10:45:00,2025.0,2.0,terca,10.0,manha,ES,GUARAPARI,True,101.0,BR-101,340.8,-20.650432,-40.570847,Manobra de mudança de faixa,Colisão traseira,Com Vítimas Feridas,Pleno dia,Decrescente,Sol,Dupla,Reta,Não,0.0,1.0,1.0,2.0,1.0,2.0,4.0,4.0,SPRF-ES,DEL03-ES,UOP01-DEL03-ES,1,grave
2025-01-20,13:10,2025-01-20 13:10:00,2025.0,1.0,segunda,13.0,tarde,ES,SERRA,True,101.0,BR-101,278.2,-20.21698365,-40.32974606,Condutor deixou de manter distância do veículo da frente,Colisão traseira,Sem Vítimas,Pleno dia,Crescente,Sol,Dupla,Reta,Não,0.0,0.0,0.0,0.0,2.0,2.0,4.0,3.0,SPRF-ES,DEL02-ES,UOP01-DEL02-ES,0,baixo
2025-02-27,11:00,2025-02-27 11:00:00,2025.0,2.0,quinta,11.0,manha,ES,IBIRACU,False,101.0,BR-101,223.6,-19.880489,-40.417047,Reação tardia ou ineficiente do condutor,Tombamento,Com Vítimas Feridas,Pleno dia,Crescente,Céu Claro,Simples,Curva,Não,0.0,0.0,1.0,1.0,3.0,1.0,2.0,5.0,SPRF-ES,DEL02-ES,UOP01-DEL02-ES,0,moderado
2025-02-28,06:30,2025-02-28 06:30:00,2025.0,2.0,sexta,6.0,manha,ES,CARIACICA,True,101.0,BR-101,283.9,-20.24403965,-40.36985958,Ingestão de álcool pelo condutor,Engavetamento,Com Vítimas Feridas,Pleno dia,Decrescente,Sol,Múltipla,Aclive;Reta,Não,0.0,0.0,1.0,1.0,3.0,2.0,6.0,6.0,SPRF-ES,DEL01-ES,UOP01-DEL01-ES,0,moderado
2025-02-28,12:00,2025-02-28 12:00:00,2025.0,2.0,sexta,12.0,tarde,ES,CARIACICA,True,101.0,BR-101,289.0,-20.28835907,-40.39202213,Ausência de reação do condutor,Engavetamento,Com Vítimas Feridas,Pleno dia,Decrescente,Céu Claro,Dupla,Reta,Sim,0.0,1.0,0.0,1.0,8.0,2.0,11.0,11.0,SPRF-ES,DEL01-ES,UOP01-DEL01-ES,1,grave
2025-02-28,20:35,2025-02-28 20:35:00,2025.0,2.0,sexta,20.0,noite,ES,MIMOSO DO SUL,False,101.0,BR-101,453.3,-21.16979798,-41.28762156,Condutor Dormindo,Saída de leito carroçável,Com Vítimas Feridas,Plena Noite,Crescente,Céu Claro,Simples,Reta,Não,0.0,0.0,1.0,1.0,0.0,0.0,1.0,1.0,SPRF-ES,DEL03-ES,UOP02-DEL03-ES,0,moderado
2025-02-28,22:50,2025-02-28 22:50:00,2025.0,2.0,sexta,22.0,noite,ES,RIO NOVO DO SUL,False,101.0,BR-101,391.1,-20.86507,-40.89711,Ausência de reação do condutor,Tombamento,Com Vítimas Feridas,Plena Noite,Crescente,Céu Claro,Simples,Curva,Não,0.0,1.0,0.0,1.0,0.0,1.0,2.0,2.0,SPRF-ES,DEL03-ES,UOP02-DEL03-ES,1,grave
2025-03-01,01:18,2025-03-01 01:18:00,2025.0,3.0,sabado,1.0,madrugada,ES,SOORETAMA,False,101.0,BR-101,121.5,-19.19514857,-40.09520531,Ultrapassagem Indevida,Colisão frontal,Com Vítimas Fatais,Plena Noite,Crescente,Chuva,Simples,Reta,Não,1.0,0.0,0.0,0.0,1.0,1.0,3.0,3.0,SPRF-ES,DEL04-ES,UOP01-DEL04-ES,1,fatal
2025-03-01,07:40,2025-03-01 07:40:00,2025.0,3.0,sabado,7.0,manha,ES,RIO NOVO DO SUL,False,101.0,BR-101,399.0,-20.87569408,-40.95688105,Manobra de mudança de faixa,Colisão lateral sentido oposto,Com Vítimas Feridas,Pleno dia,Crescente,Céu Claro,Simples,Reta,Não,0.0,0.0,1.0,1.0,2.0,0.0,3.0,3.0,SPRF-ES,DEL03-ES,UOP02-DEL03-ES,0,moderado
2025-01-16,12:20,2025-01-16 12:20:00,2025.0,1.0,quinta,12.0,tarde,ES,SERRA,True,101.0,BR-101,272.0,-20.2159533,-40.2937106,Reação tardia ou ineficiente do condutor,Colisão traseira,Com Vítimas Feridas,Pleno dia,Crescente,Céu Claro,Dupla,Reta,Não,0.0,0.0,1.0,1.0,0.0,1.0,2.0,2.0,SPRF-ES,DEL02-ES,UOP01-DEL02-ES,0,moderado
2025-03-02,00:15,2025-03-02 00:15:00,2025.0,3.0,domingo,0.0,madrugada,ES,CARIACICA,True,101.0,BR-101,289.3,-20.28476714,-40.39270654,Condutor deixou de manter distância do veículo da frente,Colisão traseira,Com Vítimas Feridas,Plena Noite,Decrescente,Nublado,Dupla,Declive;Reta,Não,0.0,0.0,1.0,1.0,1.0,1.0,3.0,3.0,SPRF-ES,DEL01-ES,UOP01-DEL01-ES,0,moderado
2025-03-02,21:10,2025-03-02 21:10:00,2025.0,3.0,domingo,21.0,noite,ES,RIO NOVO DO SUL,False,101.0,BR-101,390.8,-20.8582236,-40.89019781,Ausência de reação do condutor,Colisão lateral sentido oposto,Com Vítimas Feridas,Pleno dia,Crescente,Céu Claro,Simples,Reta,Não,0.0,0.0,1.0,1.0,1.0,1.0,3.0,3.0,SPRF-ES,DEL03-ES,UOP02-DEL03-ES,0,moderado
2025-03-04,20:54,2025-03-04 20:54:00,2025.0,3.0,terca,20.0,noite,ES,RIO NOVO DO SUL,False,101.0,BR-101,384.0,-20.82882201,-40.85716724,Reação tardia ou ineficiente do condutor,Saída de leito carroçável,Com Vítimas Feridas,Plena Noite,Crescente,Nublado,Simples,Reta,Não,0.0,0.0,1.0,1.0,2.0,0.0,2.0,3.0,SPRF-ES,DEL03-ES,UOP01-DEL03-ES,0,moderado
2025-03-05,18:00,2025-03-05 18:00:00,2025.0,3.0,quarta,18.0,noite,ES,RIO NOVO DO SUL,False,101.0,BR-101,391.0,-20.86843613,-40.92750549,Condutor Dormindo,Tombamento,Com Vítimas Feridas,Anoitecer,Crescente,Céu Claro,Simples,Curva,Não,0.0,0.0,1.0,1.0,0.0,1.0,2.0,2.0,SPRF-ES,DEL03-ES,UOP02-DEL03-ES,0,moderado
2025-03-05,19:40,2025-03-05 19:40:00,2025.0,3.0,quarta,19.0,noite,ES,SERRA,True,101.0,BR-101,14.0,-20.19630937,-40.33422947,Iluminação deficiente,Tombamento,Com Vítimas Feridas,Plena Noite,Crescente,Nublado,Dupla,Reta,Não,0.0,0.0,1.0,1.0,0.0,1.0,2.0,2.0,SPRF-ES,DEL02-ES,UOP01-DEL02-ES,0,moderado
2025-03-08,09:55,2025-03-08 09:55:00,2025.0,3.0,sabado,9.0,manha,ES,SERRA,True,101.0,BR-101,268.0,-20.0488474,-40.3866959,Acessar a via sem observar a presença dos outros veículos,Colisão lateral mesmo sentido,Com Vítimas Feridas,Pleno dia,Crescente,Céu Claro,Dupla,Retorno Regulamentado,Sim,0.0,0.0,1.0,1.0,0.0,1.0,2.0,2.0,SPRF-ES,DEL02-ES,UOP01-DEL02-ES,0,moderado
2025-03-08,10:47,2025-03-08 10:47:00,2025.0,3.0,sabado,10.0,manha,ES,CARIACICA,True,101.0,BR-101,288.9,-20.27907962,-40.39276069,Condutor deixou de manter distância do veículo da frente,Colisão traseira,Sem Vítimas,Pleno dia,Crescente,Nublado,Simples,Reta,Sim,0.0,0.0,0.0,0.0,3.0,1.0,4.0,4.0,SPRF-ES,DEL01-ES,UOP01-DEL01-ES,0,baixo
2025-03-09,05:40,2025-03-09 05:40:00,2025.0,3.0,domingo,5.0,madrugada,ES,IBATIBA,False,262.0,BR-262,170.8,-20.2647513,-41.58453796,Velocidade Incompatível,Tombamento,Com Vítimas Feridas,Amanhecer,Decrescente,Céu Claro,Simples,Aclive;Curva,Não,0.0,0.0,1.0,1.0,0.0,1.0,2.0,2.0,SPRF-ES,DEL01-ES,UOP02-DEL01-ES,0,moderado
2025-03-11,07:40,2025-03-11 07:40:00,2025.0,3.0,terca,7.0,manha,ES,CARIACICA,True,101.0,BR-101,288.0,-20.2768,-40.392579,Reação tardia ou ineficiente do condutor,Engavetamento,Com Vítimas Feridas,Pleno dia,Decrescente,Céu Claro,Dupla,Reta,Não,0.0,0.0,1.0,1.0,1.0,3.0,4.0,5.0,SPRF-ES,DEL01-ES,UOP01-DEL01-ES,0,moderado
2025-01-18,08:45,2025-01-18 08:45:00,2025.0,1.0,sabado,8.0,manha,ES,SERRA,True,101.0,BR-101,249.8,-20.07371936,-40.35345531,Transitar na contramão,Colisão frontal,Com Vítimas Feridas,Pleno dia,Crescente,Sol,Simples,Curva,Não,0.0,1.0,1.0,2.0,2.0,1.0,3.0,5.0,SPRF-ES,DEL02-ES,UOP01-DEL02-ES,1,grave
2025-03-11,15:20,2025-03-11 15:20:00,2025.0,3.0,terca,15.0,tarde,ES,LINHARES,False,101.0,BR-101,150.2,-19.4222637,-40.0779474,Condutor deixou de manter distância do veículo da frente,Colisão lateral mesmo sentido,Com Vítimas Feridas,Pleno dia,Crescente,Céu Claro,Dupla,Reta;Aclive,Sim,0.0,0.0,1.0,1.0,0.0,1.0,2.0,2.0,SPRF-ES,DEL04-ES,UOP01-DEL04-ES,0,moderado
2025-03-12,07:00,2025-03-12 07:00:00,2025.0,3.0,quarta,7.0,manha,ES,VIANA,True,101.0,BR-101,301.0,-20.367431,-40.443776,Condutor deixou de manter distância do veículo da frente,Colisão lateral mesmo sentido,Com Vítimas Feridas,Pleno dia,Crescente,Sol,Dupla,Reta,Sim,0.0,0.0,1.0,1.0,1.0,1.0,3.0,3.0,SPRF-ES,DEL01-ES,UOP01-DEL01-ES,0,moderado
2025-03-12,06:47,2025-03-12 06:47:00,2025.0,3.0,quarta,6.0,manha,ES,SERRA,True,101.0,BR-101,270.4,-20.2293733,-40.2722316,Manobra de mudança de faixa,Colisão lateral mesmo sentido,Com Vítimas Feridas,Amanhecer,Crescente,Céu Claro,Dupla,Reta,Sim,0.0,0.0,1.0,1.0,2.0,1.0,4.0,4.0,SPRF-ES,DEL02-ES,UOP01-DEL02-ES,0,moderado
2025-03-12,11:30,2025-03-12 11:30:00,2025.0,3.0,quarta,11.0,manha,ES,SERRA,True,101.0,BR-101,242.0,-20.03920158,-40.39311167,Reação tardia ou ineficiente do condutor,Colisão traseira,Com Vítimas Fatais,Pleno dia,Crescente,Céu Claro,Simples,Aclive;Reta,Não,1.0,0.0,0.0,0.0,1.0,0.0,2.0,2.0,SPRF-ES,DEL02-ES,UOP01-DEL02-ES,1,fatal
2025-03-13,01:29,2025-03-13 01:29:00,2025.0,3.0,quinta,1.0,madrugada,ES,LINHARES,False,101.0,BR-101,171.7,-19.4128856,-40.03820038,Condutor Dormindo,Colisão com objeto,Com Vítimas Feridas,Plena Noite,Crescente,Céu Claro,Simples,Reta,Não,0.0,0.0,1.0,1.0,1.0,2.0,4.0,3.0,SPRF-ES,DEL04-ES,UOP01-DEL04-ES,0,moderado
2025-03-13,11:30,2025-03-13 11:30:00,2025.0,3.0,quinta,11.0,manha,ES,SAO MATEUS,False,101.0,BR-101,85.8,-18.8640159,-39.9385388,Ausência de reação do condutor,Colisão traseira,Com Vítimas Feridas,Pleno dia,Crescente,Céu Claro,Dupla,Reta,Não,0.0,0.0,2.0,2.0,1.0,0.0,2.0,3.0,SPRF-ES,DEL04-ES,UOP02-DEL04-ES,0,moderado
2025-03-13,14:35,2025-03-13 14:35:00,2025.0,3.0,quinta,14.0,tarde,ES,DOMINGOS MARTINS,False,262.0,BR-262,31.4,-20.37905602,-40.57387937,Faixas de trânsito com largura insuficiente,Colisão frontal,Com Vítimas Feridas,Pleno dia,Crescente,Céu Claro,Simples,Curva;Aclive,Não,0.0,0.0,1.0,1.0,1.0,1.0,3.0,3.0,SPRF-ES,DEL01-ES,UOP01-DEL01-ES,0,moderado
2025-03-14,12:40,2025-03-14 12:40:00,2025.0,3.0,sexta,12.0,tarde,ES,VIANA,True,101.0,BR-101,304.6,-20.38273239,-40.45921141,Reação tardia ou ineficiente do condutor,Colisão traseira,Com Vítimas Feridas,Pleno dia,Crescente,Céu Claro,Dupla,Reta,Sim,0.0,0.0,1.0,1.0,1.0,1.0,3.0,3.0,SPRF-ES,DEL01-ES,UOP01-DEL01-ES,0,moderado
2025-03-14,19:26,2025-03-14 19:26:00,2025.0,3.0,sexta,19.0,noite,ES,GUARAPARI,True,101.0,BR-101,350.0,-20.65845412,-40.61351978,Reação tardia ou ineficiente do condutor,Saída de leito carroçável,Com Vítimas Feridas,Plena Noite,Crescente,Céu Claro,Dupla,Reta,Não,0.0,0.0,1.0,1.0,0.0,0.0,1.0,1.0,SPRF-ES,DEL03-ES,UOP01-DEL03-ES,0,moderado
2025-03-15,04:45,2025-03-15 04:45:00,2025.0,3.0,sabado,4.0,madrugada,ES,SERRA,True,101.0,BR-101,246.1,-20.0647545,-40.37611932,Condutor Dormindo,Colisão com objeto,Com Vítimas Feridas,Plena Noite,Decrescente,Ignorado,Simples,Reta,Não,0.0,0.0,1.0,1.0,0.0,1.0,2.0,2.0,SPRF-ES,DEL02-ES,UOP01-DEL02-ES,0,moderado
2025-03-15,08:30,2025-03-15 08:30:00,2025.0,3.0,sabado,8.0,manha,ES,DOMINGOS MARTINS,False,262.0,BR-262,78.4,-20.410203,-40.928158,Avarias e/ou desgaste excessivo no pneu,Colisão lateral sentido oposto,Com Vítimas Feridas,Pleno dia,Crescente,Céu Claro,Simples,Reta,Não,0.0,0.0,1.0,1.0,1.0,1.0,3.0,3.0,SPRF-ES,DEL01-ES,UOP02-DEL01-ES,0,moderado
2025-03-15,11:10,2025-03-15 11:10:00,2025.0,3.0,sabado,11.0,manha,ES,SERRA,True,262.0,BR-262,52.0,-20.054016,-40.3800064,Transitar na contramão,Colisão frontal,Com Vítimas Feridas,Pleno dia,Crescente,Céu Claro,Simples,Reta,Sim,0.0,0.0,1.0,1.0,1.0,0.0,2.0,2.0,SPRF-ES,DEL01-ES,UOP01-DEL01-ES,0,moderado
2025-03-16,01:50,2025-03-16 01:50:00,2025.0,3.0,domingo,1.0,madrugada,ES,LINHARES,False,101.0,BR-101,101.9,-18.99564529,-40.00244111,Condutor Dormindo,Saída de leito carroçável,Com Vítimas Feridas,Plena Noite,Decrescente,Céu Claro,Simples,Declive,Não,0.0,1.0,0.0,1.0,0.0,2.0,3.0,2.0,SPRF-ES,DEL04-ES,UOP01-DEL04-ES,1,grave
2025-03-16,10:40,2025-03-16 10:40:00,2025.0,3.0,domingo,10.0,manha,ES,IBATIBA,False,262.0,BR-262,151.5,-20.215034,-41.449425,Problema com o freio,Tombamento,Com Vítimas Feridas,Pleno dia,Crescente,Céu Claro,Simples,Declive;Curva,Não,0.0,0.0,1.0,1.0,0.0,1.0,2.0,2.0,SPRF-ES,DEL01-ES,UOP02-DEL01-ES,0,moderado
2025-03-16,20:00,2025-03-16 20:00:00,2025.0,3.0,domingo,20.0,noite,ES,CARIACICA,True,101.0,BR-101,286.0,-20.259985,-40.377721,Acessar a via sem observar a presença dos outros veículos,Colisão traseira,Com Vítimas Fatais,Plena Noite,Decrescente,Céu Claro,Dupla,Curva;Declive,Não,1.0,0.0,0.0,0.0,1.0,1.0,3.0,3.0,SPRF-ES,DEL01-ES,UOP01-DEL01-ES,1,fatal
2025-03-17,00:05,2025-03-17 00:05:00,2025.0,3.0,segunda,0.0,madrugada,ES,SERRA,True,101.0,BR-101,269.0,-20.221995,-40.27005167,Ausência de reação do condutor,Colisão transversal,Com Vítimas Feridas,Plena Noite,Crescente,Nublado,Dupla,Interseção de Vias,Não,0.0,1.0,0.0,1.0,1.0,2.0,4.0,4.0,SPRF-ES,DEL02-ES,UOP01-DEL02-ES,1,grave
2025-03-17,16:40,2025-03-17 16:40:00,2025.0,3.0,segunda,16.0,tarde,ES,SERRA,True,101.0,BR-101,269.0,-20.22333269,-40.27030941,Reação tardia ou ineficiente do condutor,Colisão traseira,Com Vítimas Feridas,Pleno dia,Decrescente,Nublado,Múltipla,Reta,Sim,0.0,1.0,0.0,1.0,1.0,0.0,2.0,2.0,SPRF-ES,DEL02-ES,UOP01-DEL02-ES,1,grave
2025-01-13,05:37,2025-01-13 05:37:00,2025.0,1.0,segunda,5.0,madrugada,ES,GUARAPARI,True,101.0,BR-101,321.7,-20.52517057,-40.48003793,Ausência de reação do condutor,Colisão traseira,Com Vítimas Feridas,Amanhecer,Decrescente,Chuva,Dupla,Declive;Reta,Não,0.0,0.0,9.0,9.0,1.0,0.0,2.0,10.0,SPRF-ES,DEL03-ES,UOP01-DEL03-ES,0,moderado
2025-03-17,17:30,2025-03-17 17:30:00,2025.0,3.0,segunda,17.0,tarde,ES,MIMOSO DO SUL,False,101.0,BR-101,443.3,-21.100705,-41.254395,Condutor usando celular,Saída de leito carroçável,Com Vítimas Feridas,Anoitecer,Crescente,Chuva,Simples,Curva,Não,0.0,0.0,2.0,2.0,0.0,0.0,1.0,2.0,SPRF-ES,DEL03-ES,UOP02-DEL03-ES,0,moderado
2025-03-18,19:00,2025-03-18 19:00:00,2025.0,3.0,terca,19.0,noite,ES,MARECHAL FLORIANO,False,262.0,BR-262,64.0,-20.417891,-40.815948,Carga excessiva e/ou mal acondicionada,Capotamento,Com Vítimas Feridas,Plena Noite,Decrescente,Céu Claro,Simples,Curva,Não,0.0,0.0,1.0,1.0,0.0,0.0,1.0,1.0,SPRF-ES,DEL01-ES,UOP02-DEL01-ES,0,moderado
2025-03-19,06:40,2025-03-19 06:40:00,2025.0,3.0,quarta,6.0,manha,ES,FUNDAO,True,101.0,BR-101,236.1,-19.987038,-40.414078,Reação tardia ou ineficiente do condutor,Colisão traseira,Com Vítimas Fatais,Pleno dia,Decrescente,Céu Claro,Simples,Reta,Não,1.0,0.0,0.0,0.0,1.0,0.0,2.0,2.0,SPRF-ES,DEL02-ES,UOP01-DEL02-ES,1,fatal
2025-03-19,21:20,2025-03-19 21:20:00,2025.0,3.0,quarta,21.0,noite,ES,FUNDAO,True,101.0,BR-101,238.5,-20.00638,-40.411482,Desvio temporário,Colisão transversal,Com Vítimas Feridas,Plena Noite,Crescente,Céu Claro,Simples,Interseção de Vias;Curva;Desvio Temporário;Em Obras,Sim,0.0,1.0,0.0,1.0,1.0,1.0,3.0,3.0,SPRF-ES,DEL02-ES,UOP01-DEL02-ES,1,grave
2025-03-20,02:05,2025-03-20 02:05:00,2025.0,3.0,quinta,2.0,madrugada,ES,FUNDAO,True,101.0,BR-101,237.9,-20.002867,-40.413152,Reação tardia ou ineficiente do condutor,Colisão com objeto,Com Vítimas Fatais,Plena Noite,Decrescente,Chuva,Simples,Em Obras;Reta,Não,1.0,0.0,0.0,0.0,0.0,2.0,3.0,3.0,SPRF-ES,DEL02-ES,UOP01-DEL02-ES,1,fatal
2025-03-20,04:00,2025-03-20 04:00:00,2025.0,3.0,quinta,4.0,madrugada,ES,LINHARES,False,101.0,BR-101,149.0,-19.40665122,-40.06321728,Pedestre andava na pista,Atropelamento de Pedestre,Com Vítimas Feridas,Plena Noite,Crescente,Céu Claro,Simples,Reta,Sim,0.0,0.0,1.0,1.0,0.0,1.0,2.0,2.0,SPRF-ES,DEL04-ES,UOP01-DEL04-ES,0,moderado
2025-03-20,07:25,2025-03-20 07:25:00,2025.0,3.0,quinta,7.0,manha,ES,LINHARES,False,101.0,BR-101,118.0,-19.12704708,-40.06676102,Ultrapassagem Indevida,Colisão frontal,Com Vítimas Feridas,Pleno dia,Crescente,Céu Claro,Simples,Reta,Não,0.0,0.0,1.0,1.0,1.0,1.0,3.0,3.0,SPRF-ES,DEL04-ES,UOP01-DEL04-ES,0,moderado
2025-03-20,15:38,2025-03-20 15:38:00,2025.0,3.0,quinta,15.0,tarde,ES,CARIACICA,True,101.0,BR-101,294.0,-20.324742,-40.395789,Reação tardia ou ineficiente do condutor,Colisão com objeto,Com Vítimas Fatais,Pleno dia,Crescente,Nublado,Dupla,Reta;Declive,Não,1.0,1.0,1.0,2.0,1.0,2.0,5.0,5.0,SPRF-ES,DEL01-ES,UOP01-DEL01-ES,1,fatal
2025-03-21,20:05,2025-03-21 20:05:00,2025.0,3.0,sexta,20.0,noite,ES,VIANA,True,262.0,BR-262,27.5,-20.385008,-40.556622,Demais falhas mecânicas ou elétricas,Incêndio,Sem Vítimas,Plena Noite,Crescente,Céu Claro,Simples,Reta;Aclive,Não,0.0,0.0,0.0,0.0,1.0,0.0,1.0,1.0,SPRF-ES,DEL01-ES,UOP01-DEL01-ES,0,baixo
2025-03-22,09:50,2025-03-22 09:50:00,2025.0,3.0,sabado,9.0,manha,ES,LINHARES,False,101.0,BR-101,149.2,-19.397151,-40.064013,Acessar a via sem observar a presença dos outros veículos,Colisão transversal,Com Vítimas Feridas,Pleno dia,Crescente,Céu Claro,Simples,Reta,Sim,0.0,0.0,1.0,1.0,1.0,0.0,2.0,2.0,SPRF-ES,DEL04-ES,UOP01-DEL04-ES,0,moderado
2025-03-24,06:19,2025-03-24 06:19:00,2025.0,3.0,segunda,6.0,manha,ES,ITAPEMIRIM,False,101.0,BR-101,400.5,-20.888112,-40.984341,Carga excessiva e/ou mal acondicionada,Tombamento,Com Vítimas Feridas,Pleno dia,Decrescente,Céu Claro,Simples,Declive;Curva,Não,0.0,0.0,2.0,2.0,0.0,1.0,2.0,3.0,SPRF-ES,DEL03-ES,UOP02-DEL03-ES,0,moderado
2025-03-24,06:30,2025-03-24 06:30:00,2025.0,3.0,segunda,6.0,manha,ES,SERRA,True,101.0,BR-101,261.3,-20.1514333,-40.278725,Manobra de mudança de faixa,Engavetamento,Com Vítimas Feridas,Amanhecer,Crescente,Céu Claro,Dupla,Reta;Aclive,Não,0.0,0.0,1.0,1.0,10.0,1.0,8.0,12.0,SPRF-ES,DEL02-ES,UOP01-DEL02-ES,0,moderado
2025-03-24,20:45,2025-03-24 20:45:00,2025.0,3.0,segunda,20.0,noite,ES,CARIACICA,True,101.0,BR-101,289.0,-20.27765256,-40.3925195,Entrada inopinada do pedestre,Atropelamento de Pedestre,Com Vítimas Feridas,Plena Noite,Decrescente,Nublado,Dupla,Reta,Sim,0.0,1.0,0.0,1.0,0.0,1.0,2.0,2.0,SPRF-ES,DEL01-ES,UOP01-DEL01-ES,1,grave
2025-03-25,15:00,2025-03-25 15:00:00,2025.0,3.0,terca,15.0,tarde,ES,LINHARES,False,101.0,BR-101,152.9,-19.42346258,-40.0788129,Transitar na contramão,Colisão frontal,Com Vítimas Feridas,Pleno dia,Crescente,Céu Claro,Simples,Curva,Não,0.0,0.0,2.0,2.0,1.0,2.0,4.0,4.0,SPRF-ES,DEL04-ES,UOP01-DEL04-ES,0,moderado
2025-03-25,18:00,2025-03-25 18:00:00,2025.0,3.0,terca,18.0,noite,ES,CARIACICA,True,101.0,BR-101,285.3,-20.2520592,-40.3729313,Acessar a via sem observar a presença dos outros veículos,Colisão lateral mesmo sentido,Com Vítimas Feridas,Anoitecer,Crescente,Céu Claro,Dupla,Retorno Regulamentado,Sim,0.0,1.0,0.0,1.0,1.0,1.0,3.0,3.0,SPRF-ES,DEL01-ES,UOP01-DEL01-ES,1,grave
2025-02-13,13:00,2025-02-13 13:00:00,2025.0,2.0,quinta,13.0,tarde,ES,SOORETAMA,False,101.0,BR-101,125.6,-19.18496498,-40.09429827,Transitar no Acostamento,Colisão lateral mesmo sentido,Com Vítimas Fatais,Pleno dia,Crescente,Céu Claro,Múltipla,Reta,Sim,1.0,0.0,0.0,0.0,2.0,1.0,4.0,4.0,SPRF-ES,DEL04-ES,UOP01-DEL04-ES,1,fatal
2025-03-26,09:20,2025-03-26 09:20:00,2025.0,3.0,quarta,9.0,manha,ES,FUNDAO,True,101.0,BR-101,236.1,-19.96983296,-40.40698887,Demais falhas mecânicas ou elétricas,Colisão com objeto,Com Vítimas Feridas,Pleno dia,Crescente,Nublado,Simples,Curva,Não,0.0,1.0,1.0,2.0,1.0,0.0,2.0,3.0,SPRF-ES,DEL02-ES,UOP01-DEL02-ES,1,grave
2025-01-05,17:06,2025-01-05 17:06:00,2025.0,1.0,domingo,17.0,tarde,ES,COLATINA,False,259.0,BR-259,59.1,-19.52125411,-40.66594194,Condutor desrespeitou a iluminação vermelha do semáforo,Colisão transversal,Com Vítimas Feridas,Pleno dia,Crescente,Céu Claro,Simples,Retorno Regulamentado;Reta,Sim,0.0,2.0,0.0,2.0,1.0,1.0,3.0,4.0,SPRF-ES,DEL02-ES,UOP01-DEL02-ES,1,grave
2025-03-27,17:55,2025-03-27 17:55:00,2025.0,3.0,quinta,17.0,tarde,ES,CARIACICA,True,101.0,BR-101,290.5,-20.29494489,-40.39329529,Ausência de reação do condutor,Colisão traseira,Com Vítimas Fatais,Anoitecer,Decrescente,Céu Claro,Dupla,Reta,Sim,1.0,0.0,0.0,0.0,1.0,0.0,2.0,2.0,SPRF-ES,DEL01-ES,UOP01-DEL01-ES,1,fatal
2025-03-27,18:35,2025-03-27 18:35:00,2025.0,3.0,quinta,18.0,noite,ES,CONCEICAO DO CASTELO,False,262.0,BR-262,114.0,-20.32286,-41.21502,Ultrapassagem Indevida,Colisão frontal,Com Vítimas Feridas,Anoitecer,Decrescente,Céu Claro,Simples,Reta,Não,0.0,1.0,1.0,2.0,1.0,1.0,4.0,4.0,SPRF-ES,DEL01-ES,UOP02-DEL01-ES,1,grave
2025-03-28,07:45,2025-03-28 07:45:00,2025.0,3.0,sexta,7.0,manha,ES,LINHARES,False,101.0,BR-101,152.3,-19.41944801,-40.07162762,Transitar na contramão,Colisão lateral sentido oposto,Sem Vítimas,Pleno dia,Crescente,Céu Claro,Simples,Reta,Não,0.0,0.0,0.0,0.0,2.0,1.0,3.0,3.0,SPRF-ES,DEL04-ES,UOP01-DEL04-ES,0,baixo
2025-03-29,18:00,2025-03-29 18:00:00,2025.0,3.0,sabado,18.0,noite,ES,PEDRO CANARIO,False,101.0,BR-101,8.0,-18.2302027,-39.9527526,Velocidade Incompatível,Tombamento,Com Vítimas Feridas,Plena Noite,Decrescente,Céu Claro,Simples,Curva,Não,0.0,0.0,1.0,1.0,0.0,1.0,2.0,2.0,SPRF-ES,DEL04-ES,UOP02-DEL04-ES,0,moderado
2025-03-31,12:50,2025-03-31 12:50:00,2025.0,3.0,segunda,12.0,tarde,ES,GUARAPARI,True,101.0,BR-101,329.8,-20.59137546,-40.49941236,Acessar a via sem observar a presença dos outros veículos,Colisão traseira,Com Vítimas Feridas,Pleno dia,Crescente,Nublado,Dupla,Reta,Não,0.0,1.0,0.0,1.0,0.0,1.0,2.0,2.0,SPRF-ES,DEL03-ES,UOP01-DEL03-ES,1,grave
2025-04-01,07:10,2025-04-01 07:10:00,2025.0,4.0,terca,7.0,manha,ES,SERRA,True,101.0,BR-101,17.8,-20.217167,-40.337069,Acesso irregular,Colisão lateral mesmo sentido,Com Vítimas Feridas,Pleno dia,Crescente,Céu Claro,Simples,Curva,Não,0.0,0.0,1.0,1.0,1.0,1.0,3.0,3.0,SPRF-ES,DEL02-ES,UOP01-DEL02-ES,0,moderado
2025-04-02,10:00,2025-04-02 10:00:00,2025.0,4.0,quarta,10.0,manha,ES,LINHARES,False,101.0,BR-101,135.9,-19.28308718,-40.08704829,Acessar a via sem observar a presença dos outros veículos,Colisão transversal,Com Vítimas Feridas,Pleno dia,Decrescente,Céu Claro,Simples,Reta,Não,0.0,0.0,2.0,2.0,0.0,1.0,3.0,3.0,SPRF-ES,DEL04-ES,UOP01-DEL04-ES,0,moderado
2025-04-02,10:00,2025-04-02 10:00:00,2025.0,4.0,quarta,10.0,manha,ES,IBIRACU,False,101.0,BR-101,221.0,-19.86692805,-40.40010383,Reação tardia ou ineficiente do condutor,Engavetamento,Sem Vítimas,Pleno dia,Decrescente,Céu Claro,Simples,Em Obras;Reta,Não,0.0,0.0,0.0,0.0,8.0,0.0,4.0,8.0,SPRF-ES,DEL02-ES,UOP01-DEL02-ES,0,baixo
2025-04-02,13:35,2025-04-02 13:35:00,2025.0,4.0,quarta,13.0,tarde,ES,SERRA,True,101.0,BR-101,254.0,-20.11862239,-40.31219925,Ingestão de álcool pelo condutor,Colisão traseira,Sem Vítimas,Pleno dia,Crescente,Céu Claro,Simples,Aclive;Reta;Interseção de Vias,Sim,0.0,0.0,0.0,0.0,3.0,1.0,4.0,4.0,SPRF-ES,DEL02-ES,UOP01-DEL02-ES,0,baixo
2025-04-02,15:45,2025-04-02 15:45:00,2025.0,4.0,quarta,15.0,tarde,ES,CARIACICA,True,101.0,BR-101,295.0,-20.3313286,-40.3994204,Trafegar com motocicleta (ou similar) entre as faixas,Colisão traseira,Com Vítimas Feridas,Pleno dia,Decrescente,Céu Claro,Dupla,Reta,Sim,0.0,1.0,0.0,1.0,2.0,0.0,3.0,3.0,SPRF-ES,DEL01-ES,UOP01-DEL01-ES,1,grave
2025-04-02,17:30,2025-04-02 17:30:00,2025.0,4.0,quarta,17.0,tarde,ES,BREJETUBA,False,262.0,BR-262,136.8,-20.2346691,-41.3406124,Velocidade Incompatível,Tombamento,Com Vítimas Feridas,Pleno dia,Crescente,Céu Claro,Simples,Curva,Não,0.0,0.0,1.0,1.0,0.0,1.0,2.0,2.0,SPRF-ES,DEL01-ES,UOP02-DEL01-ES,0,moderado
2025-04-04,07:00,2025-04-04 07:00:00,2025.0,4.0,sexta,7.0,manha,ES,SAO MATEUS,False,101.0,BR-101,85.8,-18.87268357,-39.94381959,Condutor deixou de manter distância do veículo da frente,Engavetamento,Com Vítimas Feridas,Pleno dia,Crescente,Céu Claro,Múltipla,Reta,Não,0.0,0.0,2.0,2.0,3.0,0.0,3.0,5.0,SPRF-ES,DEL04-ES,UOP02-DEL04-ES,0,moderado
2025-04-04,08:10,2025-04-04 08:10:00,2025.0,4.0,sexta,8.0,manha,ES,SERRA,True,101.0,BR-101,279.5,-20.21843833,-40.34453333,Condutor deixou de manter distância do veículo da frente,Colisão traseira,Com Vítimas Feridas,Pleno dia,Decrescente,Céu Claro,Dupla,Reta,Não,0.0,1.0,0.0,1.0,1.0,2.0,4.0,3.0,SPRF-ES,DEL02-ES,UOP01-DEL02-ES,1,grave
2025-04-04,16:20,2025-04-04 16:20:00,2025.0,4.0,sexta,16.0,tarde,ES,SERRA,True,101.0,BR-101,263.0,-20.16682298,-40.2720058,Velocidade Incompatível,Colisão traseira,Com Vítimas Feridas,Pleno dia,Decrescente,Céu Claro,Dupla,Declive;Reta,Sim,0.0,1.0,0.0,1.0,1.0,0.0,2.0,2.0,SPRF-ES,DEL02-ES,UOP01-DEL02-ES,1,grave
2025-04-05,14:20,2025-04-05 14:20:00,2025.0,4.0,sabado,14.0,tarde,ES,CARIACICA,True,101.0,BR-101,290.0,-20.29566594,-40.39384246,Suicídio (presumido),Atropelamento de Pedestre,Com Vítimas Feridas,Pleno dia,Crescente,Sol,Dupla,Reta,Sim,0.0,1.0,0.0,1.0,1.0,0.0,2.0,2.0,SPRF-ES,DEL01-ES,UOP01-DEL01-ES,1,grave
2025-04-06,10:00,2025-04-06 10:00:00,2025.0,4.0,domingo,10.0,manha,ES,SAO MATEUS,False,101.0,BR-101,62.0,-18.693832,-39.864126,Condutor deixou de manter distância do veículo da frente,Colisão lateral mesmo sentido,Com Vítimas Feridas,Pleno dia,Crescente,Nublado,Simples,Curva,Não,0.0,0.0,1.0,1.0,0.0,1.0,2.0,2.0,SPRF-ES,DEL04-ES,UOP02-DEL04-ES,0,moderado
2025-04-07,18:15,2025-04-07 18:15:00,2025.0,4.0,segunda,18.0,noite,ES,MIMOSO DO SUL,False,101.0,BR-101,450.0,-21.19133423,-41.29438877,Ausência de reação do condutor,Colisão lateral sentido oposto,Com Vítimas Feridas,Anoitecer,Decrescente,Nublado,Simples,Reta,Não,0.0,2.0,1.0,3.0,1.0,2.0,6.0,5.0,SPRF-ES,DEL03-ES,UOP02-DEL03-ES,1,grave
2025-04-08,19:20,2025-04-08 19:20:00,2025.0,4.0,terca,19.0,noite,ES,CARIACICA,True,101.0,BR-101,290.0,-20.287047,-40.392323,Demais falhas mecânicas ou elétricas,Incêndio,Sem Vítimas,Plena Noite,Crescente,Céu Claro,Dupla,Reta;Aclive,Não,0.0,0.0,0.0,0.0,1.0,0.0,1.0,1.0,SPRF-ES,DEL01-ES,UOP01-DEL01-ES,0,baixo
2025-04-09,14:30,2025-04-09 14:30:00,2025.0,4.0,quarta,14.0,tarde,ES,VIANA,True,101.0,BR-101,304.0,-20.3827135,-40.4591229,Ausência de reação do condutor,Colisão traseira,Com Vítimas Feridas,Pleno dia,Decrescente,Céu Claro,Dupla,Reta,Sim,0.0,0.0,1.0,1.0,1.0,0.0,2.0,2.0,SPRF-ES,DEL01-ES,UOP01-DEL01-ES,0,moderado
2025-02-17,17:50,2025-02-17 17:50:00,2025.0,2.0,segunda,17.0,tarde,ES,BAIXO GUANDU,False,259.0,BR-259,88.6,-19.51934626,-40.90862274,Reação tardia ou ineficiente do condutor,Colisão com objeto,Com Vítimas Fatais,Pleno dia,Crescente,Céu Claro,Simples,Curva,Não,1.0,1.0,0.0,1.0,1.0,1.0,3.0,4.0,SPRF-ES,DEL02-ES,UOP01-DEL02-ES,1,fatal
2025-04-11,03:30,2025-04-11 03:30:00,2025.0,4.0,sexta,3.0,madrugada,ES,SAO MATEUS,False,101.0,BR-101,86.0,-18.8655384,-39.9397803,Condutor Dormindo,Colisão com objeto,Com Vítimas Feridas,Plena Noite,Decrescente,Nublado,Simples,Reta,Não,0.0,0.0,1.0,1.0,0.0,1.0,2.0,2.0,SPRF-ES,DEL04-ES,UOP02-DEL04-ES,0,moderado
2025-04-11,08:30,2025-04-11 08:30:00,2025.0,4.0,sexta,8.0,manha,ES,CARIACICA,True,101.0,BR-101,290.4,-20.2932598,-40.3935374,Manobra de mudança de faixa,Colisão transversal,Com Vítimas Feridas,Pleno dia,Decrescente,Céu Claro,Dupla,Reta;Retorno Regulamentado,Sim,0.0,0.0,1.0,1.0,1.0,0.0,2.0,2.0,SPRF-ES,DEL01-ES,UOP01-DEL01-ES,0,moderado
2025-04-11,17:20,2025-04-11 17:20:00,2025.0,4.0,sexta,17.0,tarde,ES,VIANA,True,262.0,BR-262,29.0,-20.377956,-40.560521,Demais falhas mecânicas ou elétricas,Eventos atípicos,Com Vítimas Feridas,Pleno dia,Decrescente,Céu Claro,Dupla,Reta;Aclive,Não,0.0,0.0,1.0,1.0,0.0,1.0,2.0,2.0,SPRF-ES,DEL01-ES,UOP01-DEL01-ES,0,moderado
2025-04-12,16:00,2025-04-12 16:00:00,2025.0,4.0,sabado,16.0,tarde,ES,VENDA NOVA DO IMIGRANTE,False,262.0,BR-262,112.9,-20.3316244,-41.2044121,Ingestão de álcool pelo condutor,Colisão lateral sentido oposto,Com Vítimas Feridas,Pleno dia,Crescente,Céu Claro,Simples,Reta,Não,0.0,1.0,0.0,1.0,1.0,1.0,3.0,3.0,SPRF-ES,DEL01-ES,UOP02-DEL01-ES,1,grave
2025-04-12,23:12,2025-04-12 23:12:00,2025.0,4.0,sabado,23.0,noite,ES,CARIACICA,True,101.0,BR-101,289.9,-20.288292,-40.391993,Entrada inopinada do pedestre,Atropelamento de Pedestre,Com Vítimas Fatais,Plena Noite,Decrescente,Nublado,Dupla,Reta,Sim,1.0,0.0,0.0,0.0,0.0,1.0,2.0,2.0,SPRF-ES,DEL01-ES,UOP01-DEL01-ES,1,fatal
2025-04-13,01:40,2025-04-13 01:40:00,2025.0,4.0,domingo,1.0,madrugada,ES,CARIACICA,True,101.0,BR-101,284.5,-20.24729923,-40.37035622,Ausência de reação do condutor,Colisão com objeto,Com Vítimas Feridas,Plena Noite,Decrescente,Céu Claro,Dupla,Reta;Declive,Não,0.0,0.0,1.0,1.0,1.0,2.0,4.0,3.0,SPRF-ES,DEL01-ES,UOP01-DEL01-ES,0,moderado
2025-04-13,12:16,2025-04-13 12:16:00,2025.0,4.0,domingo,12.0,tarde,ES,ICONHA,False,101.0,BR-101,372.6,-20.777137,-40.779302,Ausência de reação do condutor,Colisão com objeto,Com Vítimas Feridas,Pleno dia,Crescente,Céu Claro,Simples,Reta,Não,0.0,0.0,1.0,1.0,0.0,1.0,2.0,2.0,SPRF-ES,DEL03-ES,UOP01-DEL03-ES,0,moderado
2025-04-14,17:40,2025-04-14 17:40:00,2025.0,4.0,segunda,17.0,tarde,ES,VENDA NOVA DO IMIGRANTE,False,262.0,BR-262,101.7,-20.342482,-41.1137447,Demais falhas mecânicas ou elétricas,Tombamento,Com Vítimas Feridas,Anoitecer,Crescente,Nublado,Simples,Curva,Não,0.0,0.0,1.0,1.0,0.0,0.0,1.0,1.0,SPRF-ES,DEL01-ES,UOP02-DEL01-ES,0,moderado
2025-04-14,21:30,2025-04-14 21:30:00,2025.0,4.0,segunda,21.0,noite,ES,ICONHA,False,101.0,BR-101,372.5,-20.77239177,-40.77697785,Ultrapassagem Indevida,Colisão frontal,Sem Vítimas,Plena Noite,Crescente,Nublado,Simples,Reta,Não,0.0,0.0,0.0,0.0,2.0,2.0,4.0,3.0,SPRF-ES,DEL03-ES,UOP01-DEL03-ES,0,baixo
2025-04-15,14:30,2025-04-15 14:30:00,2025.0,4.0,terca,14.0,tarde,ES,CARIACICA,True,101.0,BR-101,285.6,-20.25423855,-40.37464775,Acessar a via sem observar a presença dos outros veículos,Colisão transversal,Com Vítimas Feridas,Pleno dia,Crescente,Céu Claro,Dupla,Aclive;Reta;Interseção de Vias,Não,0.0,0.0,2.0,2.0,3.0,0.0,3.0,5.0,SPRF-ES,DEL01-ES,UOP01-DEL01-ES,0,moderado
2025-04-15,22:30,2025-04-15 22:30:00,2025.0,4.0,terca,22.0,noite,ES,VILA VELHA,True,101.0,BR-101,313.0,-20.456781,-40.463964,Reação tardia ou ineficiente do condutor,Colisão traseira,Com Vítimas Fatais,Plena Noite,Crescente,Nublado,Dupla,Reta,Não,1.0,0.0,0.0,0.0,1.0,2.0,4.0,3.0,SPRF-ES,DEL01-ES,UOP01-DEL01-ES,1,fatal
2025-04-16,08:30,2025-04-16 08:30:00,2025.0,4.0,quarta,8.0,manha,ES,LINHARES,False,101.0,BR-101,147.0,-19.3916796,-40.06701447,Condutor deixou de manter distância do veículo da frente,Colisão traseira,Com Vítimas Feridas,Pleno dia,Crescente,Céu Claro,Dupla,Reta,Não,0.0,0.0,2.0,2.0,2.0,0.0,3.0,4.0,SPRF-ES,DEL04-ES,UOP01-DEL04-ES,0,moderado
2025-04-16,09:00,2025-04-16 09:00:00,2025.0,4.0,quarta,9.0,manha,ES,FUNDAO,True,101.0,BR-101,228.8,-19.92707333,-40.40599,Condutor deixou de manter distância do veículo da frente,Colisão traseira,Com Vítimas Feridas,Pleno dia,Crescente,Nublado,Simples,Reta,Não,0.0,0.0,2.0,2.0,4.0,0.0,4.0,6.0,SPRF-ES,DEL02-ES,UOP01-DEL02-ES,0,moderado
2025-04-17,07:10,2025-04-17 07:10:00,2025.0,4.0,quinta,7.0,manha,ES,CARIACICA,True,101.0,BR-101,284.5,-20.244866,-40.369797,Pista Escorregadia,Colisão lateral mesmo sentido,Com Vítimas Feridas,Pleno dia,Decrescente,Chuva,Dupla,Curva;Declive,Sim,0.0,2.0,0.0,2.0,1.0,1.0,3.0,4.0,SPRF-ES,DEL01-ES,UOP01-DEL01-ES,1,grave
2025-04-17,12:30,2025-04-17 12:30:00,2025.0,4.0,quinta,12.0,tarde,ES,ITAPEMIRIM,False,101.0,BR-101,401.3,-20.8837865,-40.9800922,Velocidade Incompatível,Tombamento,Com Vítimas Feridas,Pleno dia,Decrescente,Garoa/Chuvisco,Simples,Curva;Declive,Não,0.0,0.0,1.0,1.0,0.0,1.0,2.0,2.0,SPRF-ES,DEL03-ES,UOP02-DEL03-ES,0,moderado
2025-04-16,19:05,2025-04-16 19:05:00,2025.0,4.0,quarta,19.0,noite,ES,IBATIBA,False,262.0,BR-262,150.7,-20.21485,-41.448973,Reação tardia ou ineficiente do condutor,Colisão traseira,Com Vítimas Feridas,Plena Noite,Crescente,Nevoeiro/Neblina,Simples,Declive;Curva,Não,0.0,0.0,1.0,1.0,1.0,1.0,3.0,3.0,SPRF-ES,DEL01-ES,UOP02-DEL01-ES,0,moderado
2025-04-16,17:30,2025-04-16 17:30:00,2025.0,4.0,quarta,17.0,tarde,ES,CARIACICA,True,101.0,BR-101,294.1,-20.32994386,-40.3988939,Chuva,Colisão transversal,Com Vítimas Feridas,Anoitecer,Crescente,Chuva,Múltipla,Reta;Declive,Sim,0.0,1.0,0.0,1.0,2.0,0.0,2.0,3.0,SPRF-ES,DEL01-ES,UOP01-DEL01-ES,1,grave
2025-04-18,22:50,2025-04-18 22:50:00,2025.0,4.0,sexta,22.0,noite,ES,CARIACICA,True,101.0,BR-101,290.0,-20.2937462,-40.3929171,Acessar a via sem observar a presença dos outros veículos,Colisão transversal,Com Vítimas Feridas,Plena Noite,Crescente,Céu Claro,Simples,Reta;Retorno Regulamentado,Sim,0.0,1.0,0.0,1.0,1.0,1.0,3.0,3.0,SPRF-ES,DEL01-ES,UOP01-DEL01-ES,1,grave
2025-04-16,14:35,2025-04-16 14:35:00,2025.0,4.0,quarta,14.0,tarde,ES,SERRA,True,101.0,BR-101,276.4,-20.209263,-40.315953,Ausência de reação do condutor,Colisão traseira,Com Vítimas Feridas,Pleno dia,Decrescente,Céu Claro,Dupla,Retorno Regulamentado,Não,0.0,1.0,0.0,1.0,1.0,1.0,3.0,3.0,SPRF-ES,DEL02-ES,UOP01-DEL02-ES,1,grave
2025-04-23,18:10,2025-04-23 18:10:00,2025.0,4.0,quarta,18.0,noite,ES,MIMOSO DO SUL,False,101.0,BR-101,442.0,-21.098541,-41.253782,Ausência de reação do condutor,Colisão lateral sentido oposto,Com Vítimas Feridas,Plena Noite,Crescente,Céu Claro,Simples,Curva,Não,0.0,1.0,2.0,3.0,0.0,2.0,5.0,4.0,SPRF-ES,DEL03-ES,UOP02-DEL03-ES,1,grave
2025-04-24,07:40,2025-04-24 07:40:00,2025.0,4.0,quinta,7.0,manha,ES,CARIACICA,True,101.0,BR-101,291.9,-20.305992,-40.395167,Trafegar com motocicleta (ou similar) entre as faixas,Colisão transversal,Com Vítimas Fatais,Pleno dia,Crescente,Sol,Dupla,Retorno Regulamentado;Reta,Sim,1.0,0.0,0.0,0.0,1.0,0.0,2.0,2.0,SPRF-ES,DEL01-ES,UOP01-DEL01-ES,1,fatal
2025-04-24,08:00,2025-04-24 08:00:00,2025.0,4.0,quinta,8.0,manha,ES,VIANA,True,101.0,BR-101,299.3,-20.3577014,-40.4262213,Condutor deixou de manter distância do veículo da frente,Colisão lateral mesmo sentido,Com Vítimas Feridas,Pleno dia,Crescente,Céu Claro,Dupla,Reta,Sim,0.0,0.0,1.0,1.0,1.0,0.0,2.0,2.0,SPRF-ES,DEL01-ES,UOP01-DEL01-ES,0,moderado
2025-04-24,10:45,2025-04-24 10:45:00,2025.0,4.0,quinta,10.0,manha,ES,CARIACICA,True,101.0,BR-101,288.8,-20.28322004,-40.39303601,Condutor deixou de manter distância do veículo da frente,Colisão traseira,Com Vítimas Feridas,Pleno dia,Crescente,Céu Claro,Dupla,Declive;Reta,Não,0.0,1.0,0.0,1.0,1.0,0.0,2.0,2.0,SPRF-ES,DEL01-ES,UOP01-DEL01-ES,1,grave
2025-04-24,22:40,2025-04-24 22:40:00,2025.0,4.0,quinta,22.0,noite,ES,SERRA,True,101.0,BR-101,280.0,-20.21771,-40.3513616,Demais falhas mecânicas ou elétricas,Incêndio,Sem Vítimas,Plena Noite,Crescente,Céu Claro,Dupla,Reta,Não,0.0,0.0,0.0,0.0,1.0,0.0,1.0,1.0,SPRF-ES,DEL02-ES,UOP01-DEL02-ES,0,baixo
2025-04-25,16:30,2025-04-25 16:30:00,2025.0,4.0,sexta,16.0,tarde,ES,AFONSO CLAUDIO,False,484.0,BR-484,98.0,-20.01336196,-41.03200468,Ausência de reação do condutor,Colisão transversal,Com Vítimas Feridas,Pleno dia,Crescente,Nublado,Simples,Aclive;Reta,Não,0.0,1.0,0.0,1.0,1.0,0.0,2.0,2.0,SPRF-ES,DEL01-ES,UOP02-DEL01-ES,1,grave
2025-04-26,10:00,2025-04-26 10:00:00,2025.0,4.0,sabado,10.0,manha,ES,MARECHAL FLORIANO,False,262.0,BR-262,64.0,-20.418668,-40.816593,Curva acentuada,Tombamento,Com Vítimas Feridas,Pleno dia,Decrescente,Céu Claro,Simples,Curva,Não,0.0,0.0,2.0,2.0,0.0,1.0,2.0,3.0,SPRF-ES,DEL01-ES,UOP02-DEL01-ES,0,moderado
2025-04-27,14:40,2025-04-27 14:40:00,2025.0,4.0,domingo,14.0,tarde,ES,RIO NOVO DO SUL,False,101.0,BR-101,393.0,-20.86647455,-40.90843678,Acessar a via sem observar a presença dos outros veículos,Colisão lateral sentido oposto,Com Vítimas Feridas,Pleno dia,Crescente,Sol,Simples,Reta,Não,0.0,1.0,0.0,1.0,1.0,1.0,3.0,3.0,SPRF-ES,DEL03-ES,UOP02-DEL03-ES,1,grave
2025-04-28,00:00,2025-04-28 00:00:00,2025.0,4.0,segunda,0.0,madrugada,ES,CONCEICAO DA BARRA,False,101.0,BR-101,33.0,-18.44622978,-39.93204117,Condutor Dormindo,Saída de leito carroçável,Com Vítimas Feridas,Plena Noite,Crescente,Céu Claro,Simples,Reta,Não,0.0,0.0,1.0,1.0,0.0,2.0,3.0,2.0,SPRF-ES,DEL04-ES,UOP02-DEL04-ES,0,moderado
2025-03-03,11:30,2025-03-03 11:30:00,2025.0,3.0,segunda,11.0,manha,ES,IBATIBA,False,262.0,BR-262,163.5,-20.241077,-41.546752,Ausência de reação do condutor,Colisão com objeto,Com Vítimas Feridas,Pleno dia,Decrescente,Céu Claro,Simples,Reta;Aclive,Não,0.0,1.0,0.0,1.0,1.0,0.0,2.0,2.0,SPRF-ES,DEL01-ES,UOP02-DEL01-ES,1,grave
2025-04-04,16:45,2025-04-04 16:45:00,2025.0,4.0,sexta,16.0,tarde,ES,FUNDAO,True,101.0,BR-101,231.1,-19.94581667,-40.40393333,Pedestre cruzava a pista fora da faixa,Atropelamento de Pedestre,Com Vítimas Feridas,Anoitecer,Crescente,Céu Claro,Simples,Reta,Não,0.0,0.0,1.0,1.0,1.0,2.0,3.0,4.0,SPRF-ES,DEL02-ES,UOP01-DEL02-ES,0,moderado
2025-04-28,22:15,2025-04-28 22:15:00,2025.0,4.0,segunda,22.0,noite,ES,IUNA,False,262.0,BR-262,184.5,-20.296857,-41.709423,Transitar na contramão,Colisão lateral sentido oposto,Com Vítimas Feridas,Plena Noite,Crescente,Nublado,Simples,Aclive;Curva,Não,0.0,0.0,1.0,1.0,1.0,0.0,2.0,2.0,SPRF-ES,DEL01-ES,UOP02-DEL01-ES,0,moderado
2025-04-29,05:55,2025-04-29 05:55:00,2025.0,4.0,terca,5.0,madrugada,ES,CARIACICA,True,101.0,BR-101,289.3,-20.2510108,-40.37269938,Acumulo de água sobre o pavimento,Saída de leito carroçável,Com Vítimas Feridas,Amanhecer,Decrescente,Céu Claro,Simples,Reta,Não,0.0,0.0,1.0,1.0,0.0,1.0,2.0,2.0,SPRF-ES,DEL01-ES,UOP01-DEL01-ES,0,moderado
2025-04-29,08:30,2025-04-29 08:30:00,2025.0,4.0,terca,8.0,manha,ES,SERRA,True,101.0,BR-101,243.0,-20.036228,-40.393767,Transitar na contramão,Colisão lateral sentido oposto,Com Vítimas Feridas,Pleno dia,Crescente,Céu Claro,Simples,Reta,Não,0.0,0.0,2.0,2.0,3.0,1.0,3.0,6.0,SPRF-ES,DEL02-ES,UOP01-DEL02-ES,0,moderado
2025-04-29,08:26,2025-04-29 08:26:00,2025.0,4.0,terca,8.0,manha,ES,SERRA,True,101.0,BR-101,268.6,-20.0507392,-40.3832832,Trafegar com motocicleta (ou similar) entre as faixas,Colisão lateral mesmo sentido,Com Vítimas Feridas,Pleno dia,Crescente,Céu Claro,Dupla,Reta,Sim,0.0,1.0,0.0,1.0,1.0,0.0,2.0,2.0,SPRF-ES,DEL02-ES,UOP01-DEL02-ES,1,grave
2025-04-29,06:50,2025-04-29 06:50:00,2025.0,4.0,terca,6.0,manha,ES,VENDA NOVA DO IMIGRANTE,False,262.0,BR-262,110.0,-20.3374556,-41.193415,Ausência de reação do condutor,Colisão traseira,Com Vítimas Feridas,Pleno dia,Crescente,Céu Claro,Simples,Reta,Sim,0.0,0.0,1.0,1.0,3.0,0.0,3.0,4.0,SPRF-ES,DEL01-ES,UOP02-DEL01-ES,0,moderado
2025-04-29,14:04,2025-04-29 14:04:00,2025.0,4.0,terca,14.0,tarde,ES,SERRA,True,101.0,BR-101,266.4,-20.19528126,-40.26923776,Ausência de reação do condutor,Colisão traseira,Com Vítimas Feridas,Pleno dia,Crescente,Nublado,Múltipla,Reta;Retorno Regulamentado,Sim,0.0,1.0,0.0,1.0,3.0,1.0,4.0,5.0,SPRF-ES,DEL02-ES,UOP01-DEL02-ES,1,grave
2025-04-29,14:55,2025-04-29 14:55:00,2025.0,4.0,terca,14.0,tarde,ES,PRESIDENTE KENNEDY,False,101.0,BR-101,438.9,-21.07210384,-41.22784281,Acessar a via sem observar a presença dos outros veículos,Colisão transversal,Com Vítimas Feridas,Pleno dia,Crescente,Nublado,Simples,Curva,Não,0.0,0.0,1.0,1.0,1.0,0.0,2.0,2.0,SPRF-ES,DEL03-ES,UOP02-DEL03-ES,0,moderado
2025-03-17,18:15,2025-03-17 18:15:00,2025.0,3.0,segunda,18.0,noite,ES,ICONHA,False,101.0,BR-101,2.0,-20.80276,-40.788913,Pedestre cruzava a pista fora da faixa,Atropelamento de Pedestre,Com Vítimas Fatais,Plena Noite,Decrescente,Chuva,Dupla,Curva,Não,1.0,0.0,0.0,0.0,1.0,0.0,2.0,2.0,SPRF-ES,DEL03-ES,UOP02-DEL03-ES,1,fatal
2025-05-02,06:00,2025-05-02 06:00:00,2025.0,5.0,sexta,6.0,manha,ES,JAGUARE,False,101.0,BR-101,93.0,-18.95676841,-39.98085022,Condutor deixou de manter distância do veículo da frente,Colisão traseira,Com Vítimas Feridas,Pleno dia,Crescente,Nublado,Simples,Reta,Não,0.0,0.0,1.0,1.0,1.0,3.0,5.0,4.0,SPRF-ES,DEL04-ES,UOP02-DEL04-ES,0,moderado
2025-05-02,09:20,2025-05-02 09:20:00,2025.0,5.0,sexta,9.0,manha,ES,CARIACICA,True,101.0,BR-101,291.0,-20.3032417,-40.3951811,Manobra de mudança de faixa,Colisão lateral mesmo sentido,Com Vítimas Feridas,Pleno dia,Decrescente,Céu Claro,Dupla,Reta,Não,0.0,0.0,2.0,2.0,1.0,1.0,3.0,4.0,SPRF-ES,DEL01-ES,UOP01-DEL01-ES,0,moderado
2025-05-02,18:00,2025-05-02 18:00:00,2025.0,5.0,sexta,18.0,noite,ES,RIO NOVO DO SUL,False,101.0,BR-101,388.9,-20.86121,-40.8796,Frear bruscamente,Colisão traseira,Com Vítimas Feridas,Plena Noite,Crescente,Céu Claro,Simples,Curva,Não,0.0,0.0,1.0,1.0,1.0,1.0,3.0,3.0,SPRF-ES,DEL03-ES,UOP02-DEL03-ES,0,moderado
2025-05-03,20:45,2025-05-03 20:45:00,2025.0,5.0,sabado,20.0,noite,ES,LINHARES,False,101.0,BR-101,122.5,-19.2824722,-40.0871742,Frear bruscamente,Colisão traseira,Com Vítimas Feridas,Plena Noite,Crescente,Nublado,Simples,Reta,Não,0.0,0.0,1.0,1.0,2.0,2.0,4.0,4.0,SPRF-ES,DEL04-ES,UOP01-DEL04-ES,0,moderado
2025-05-04,22:40,2025-05-04 22:40:00,2025.0,5.0,domingo,22.0,noite,ES,LINHARES,False,101.0,BR-101,159.5,-19.47298212,-40.11209099,Transitar na contramão,Colisão frontal,Sem Vítimas,Plena Noite,Decrescente,Nublado,Simples,Curva,Sim,0.0,0.0,0.0,0.0,2.0,0.0,2.0,2.0,SPRF-ES,DEL04-ES,UOP01-DEL04-ES,0,baixo
2025-05-05,12:03,2025-05-05 12:03:00,2025.0,5.0,segunda,12.0,tarde,ES,PEDRO CANARIO,False,101.0,BR-101,17.0,-18.305947,-39.957792,Reação tardia ou ineficiente do condutor,Colisão com objeto,Com Vítimas Feridas,Pleno dia,Crescente,Chuva,Simples,Curva;Declive,Não,0.0,1.0,0.0,1.0,0.0,0.0,1.0,1.0,SPRF-ES,DEL04-ES,UOP02-DEL04-ES,1,grave
2025-05-05,18:00,2025-05-05 18:00:00,2025.0,5.0,segunda,18.0,noite,ES,IBIRACU,False,101.0,BR-101,212.0,-19.81447381,-40.36597967,Acesso irregular,Colisão transversal,Com Vítimas Feridas,Plena Noite,Decrescente,Céu Claro,Simples,Curva,Não,0.0,1.0,0.0,1.0,2.0,1.0,3.0,4.0,SPRF-ES,DEL02-ES,UOP01-DEL02-ES,1,grave
2025-05-05,19:43,2025-05-05 19:43:00,2025.0,5.0,segunda,19.0,noite,ES,CONCEICAO DA BARRA,False,101.0,BR-101,29.0,-18.35988872,-39.94995116,Demais falhas mecânicas ou elétricas,Incêndio,Sem Vítimas,Plena Noite,Decrescente,Nublado,Simples,Aclive,Não,0.0,0.0,0.0,0.0,1.0,1.0,2.0,2.0,SPRF-ES,DEL04-ES,UOP02-DEL04-ES,0,baixo
2025-05-05,21:20,2025-05-05 21:20:00,2025.0,5.0,segunda,21.0,noite,ES,RIO NOVO DO SUL,False,101.0,BR-101,385.8,-20.84208,-40.87343,Condutor Dormindo,Colisão lateral sentido oposto,Com Vítimas Feridas,Plena Noite,Crescente,Chuva,Simples,Reta,Não,0.0,0.0,1.0,1.0,1.0,1.0,3.0,3.0,SPRF-ES,DEL03-ES,UOP01-DEL03-ES,0,moderado
2025-03-08,19:22,2025-03-08 19:22:00,2025.0,3.0,sabado,19.0,noite,ES,JAGUARE,False,101.0,BR-101,100.3,-18.99038863,-40.00019073,Acessar a via sem observar a presença dos outros veículos,Colisão transversal,Com Vítimas Feridas,Plena Noite,Decrescente,Céu Claro,Simples,Reta;Retorno Regulamentado,Sim,0.0,1.0,0.0,1.0,1.0,0.0,2.0,2.0,SPRF-ES,DEL04-ES,UOP02-DEL04-ES,1,grave
2025-01-23,01:40,2025-01-23 01:40:00,2025.0,1.0,quinta,1.0,madrugada,ES,SERRA,True,101.0,BR-101,271.2,-20.23267,-40.27658,Conversão proibida,Colisão transversal,Com Vítimas Feridas,Plena Noite,Crescente,Céu Claro,Múltipla,Reta,Sim,0.0,1.0,0.0,1.0,1.0,0.0,2.0,2.0,SPRF-ES,DEL02-ES,UOP01-DEL02-ES,1,grave
2025-05-07,13:00,2025-05-07 13:00:00,2025.0,5.0,quarta,13.0,tarde,ES,MARECHAL FLORIANO,False,262.0,BR-262,66.0,-20.412758,-40.830838,Velocidade Incompatível,Colisão transversal,Com Vítimas Fatais,Pleno dia,Crescente,Céu Claro,Simples,Reta,Não,1.0,0.0,0.0,0.0,1.0,0.0,2.0,2.0,SPRF-ES,DEL01-ES,UOP02-DEL01-ES,1,fatal
2025-04-29,01:00,2025-04-29 01:00:00,2025.0,4.0,terca,1.0,madrugada,ES,SAO MATEUS,False,101.0,BR-101,64.8,-18.7087572,-39.8773226,Ultrapassagem Indevida,Colisão lateral sentido oposto,Com Vítimas Fatais,Plena Noite,Decrescente,Chuva,Simples,Ponte,Sim,1.0,1.0,1.0,2.0,1.0,3.0,7.0,6.0,SPRF-ES,DEL04-ES,UOP02-DEL04-ES,1,fatal
2025-05-08,18:30,2025-05-08 18:30:00,2025.0,5.0,quinta,18.0,noite,ES,COLATINA,False,259.0,BR-259,25.2,-19.5915524,-40.50896231,Transitar na contramão,Colisão frontal,Com Vítimas Feridas,Plena Noite,Decrescente,Nublado,Simples,Curva,Não,0.0,0.0,1.0,1.0,1.0,0.0,2.0,2.0,SPRF-ES,DEL02-ES,UOP01-DEL02-ES,0,moderado
2025-05-09,08:15,2025-05-09 08:15:00,2025.0,5.0,sexta,8.0,manha,ES,CARIACICA,True,101.0,BR-101,296.9,-20.34431868,-40.40925908,Condutor deixou de manter distância do veículo da frente,Engavetamento,Com Vítimas Feridas,Pleno dia,Crescente,Nublado,Dupla,Curva,Sim,0.0,1.0,2.0,3.0,1.0,1.0,5.0,5.0,SPRF-ES,DEL01-ES,UOP01-DEL01-ES,1,grave
2025-05-09,20:40,2025-05-09 20:40:00,2025.0,5.0,sexta,20.0,noite,ES,LINHARES,False,101.0,BR-101,163.0,-19.501928,-40.131926,Ausência de reação do condutor,Colisão frontal,Com Vítimas Feridas,Plena Noite,Crescente,Céu Claro,Simples,Curva,Não,0.0,0.0,1.0,1.0,2.0,0.0,3.0,3.0,SPRF-ES,DEL04-ES,UOP01-DEL04-ES,0,moderado
2025-03-24,05:36,2025-03-24 05:36:00,2025.0,3.0,segunda,5.0,madrugada,ES,SOORETAMA,False,101.0,BR-101,120.0,-19.19146035,-40.09494781,Ultrapassagem Indevida,Colisão frontal,Com Vítimas Feridas,Amanhecer,Crescente,Céu Claro,Simples,Aclive;Reta,Não,0.0,1.0,0.0,1.0,1.0,2.0,4.0,3.0,SPRF-ES,DEL04-ES,UOP01-DEL04-ES,1,grave
2025-03-29,14:30,2025-03-29 14:30:00,2025.0,3.0,sabado,14.0,tarde,ES,CONCEICAO DA BARRA,False,101.0,BR-101,40.7,-18.504827,-39.916922,Manobra de mudança de faixa,Colisão lateral mesmo sentido,Com Vítimas Feridas,Pleno dia,Crescente,Céu Claro,Simples,Reta,Não,0.0,1.0,0.0,1.0,2.0,0.0,2.0,3.0,SPRF-ES,DEL04-ES,UOP02-DEL04-ES,1,grave
2025-05-12,14:00,2025-05-12 14:00:00,2025.0,5.0,segunda,14.0,tarde,ES,JOAO NEIVA,False,101.0,BR-101,204.8,-19.75566857,-40.37997991,Desrespeitar a preferência no cruzamento,Colisão transversal,Com Vítimas Feridas,Pleno dia,Decrescente,Nublado,Simples,Interseção de Vias;Rotatória,Sim,0.0,1.0,0.0,1.0,1.0,0.0,2.0,2.0,SPRF-ES,DEL02-ES,UOP01-DEL02-ES,1,grave
2025-05-12,19:00,2025-05-12 19:00:00,2025.0,5.0,segunda,19.0,noite,ES,SERRA,True,101.0,BR-101,267.8,-20.2071674,-40.2696285,Condutor desrespeitou a iluminação vermelha do semáforo,Colisão transversal,Com Vítimas Feridas,Plena Noite,Crescente,Chuva,Múltipla,Reta,Não,0.0,0.0,1.0,1.0,1.0,0.0,2.0,2.0,SPRF-ES,DEL02-ES,UOP01-DEL02-ES,0,moderado
2025-05-13,01:00,2025-05-13 01:00:00,2025.0,5.0,terca,1.0,madrugada,ES,PEDRO CANARIO,False,101.0,BR-101,16.5,-18.2997298,-39.9574107,Condutor Dormindo,Colisão traseira,Com Vítimas Feridas,Plena Noite,Crescente,Nublado,Simples,Reta,Sim,0.0,0.0,1.0,1.0,1.0,1.0,3.0,3.0,SPRF-ES,DEL04-ES,UOP02-DEL04-ES,0,moderado
2025-05-13,07:45,2025-05-13 07:45:00,2025.0,5.0,terca,7.0,manha,ES,SERRA,True,101.0,BR-101,279.1,-20.04883604,-40.38668633,Condutor deixou de manter distância do veículo da frente,Colisão traseira,Com Vítimas Feridas,Pleno dia,Decrescente,Garoa/Chuvisco,Dupla,Reta,Não,0.0,0.0,1.0,1.0,1.0,1.0,3.0,3.0,SPRF-ES,DEL02-ES,UOP01-DEL02-ES,0,moderado
2025-05-13,15:10,2025-05-13 15:10:00,2025.0,5.0,terca,15.0,tarde,ES,SERRA,True,101.0,BR-101,270.3,-20.22300754,-40.27019149,Condutor deixou de manter distância do veículo da frente,Colisão traseira,Com Vítimas Feridas,Pleno dia,Crescente,Nublado,Dupla,Reta,Sim,0.0,0.0,2.0,2.0,1.0,0.0,2.0,3.0,SPRF-ES,DEL02-ES,UOP01-DEL02-ES,0,moderado
2025-05-13,15:00,2025-05-13 15:00:00,2025.0,5.0,terca,15.0,tarde,ES,IBATIBA,False,262.0,BR-262,158.0,-20.23032835,-41.50016785,Ausência de reação do condutor,Colisão lateral sentido oposto,Sem Vítimas,Pleno dia,Decrescente,Nublado,Simples,Curva,Sim,0.0,0.0,0.0,0.0,2.0,2.0,4.0,4.0,SPRF-ES,DEL01-ES,UOP02-DEL01-ES,0,baixo
2025-05-14,13:30,2025-05-14 13:30:00,2025.0,5.0,quarta,13.0,tarde,ES,CARIACICA,True,101.0,BR-101,294.6,-20.329888,-40.398898,Reação tardia ou ineficiente do condutor,Colisão lateral mesmo sentido,Com Vítimas Feridas,Pleno dia,Decrescente,Céu Claro,Múltipla,Declive,Sim,0.0,0.0,1.0,1.0,3.0,1.0,5.0,5.0,SPRF-ES,DEL01-ES,UOP01-DEL01-ES,0,moderado
2025-05-02,11:46,2025-05-02 11:46:00,2025.0,5.0,sexta,11.0,manha,ES,ITAPEMIRIM,False,101.0,BR-101,409.8,-20.89646121,-41.05004936,Ausência de reação do condutor,Colisão com objeto,Com Vítimas Feridas,Pleno dia,Crescente,Céu Claro,Simples,Curva,Não,0.0,0.0,1.0,1.0,0.0,1.0,2.0,2.0,SPRF-ES,DEL03-ES,UOP02-DEL03-ES,0,moderado
2025-05-15,10:10,2025-05-15 10:10:00,2025.0,5.0,quinta,10.0,manha,ES,CONCEICAO DA BARRA,False,101.0,BR-101,49.0,-18.58277352,-39.8932871,Desrespeitar a preferência no cruzamento,Colisão transversal,Com Vítimas Feridas,Pleno dia,Crescente,Nublado,Simples,Reta,Não,0.0,0.0,2.0,2.0,1.0,2.0,4.0,4.0,SPRF-ES,DEL04-ES,UOP02-DEL04-ES,0,moderado
2025-05-15,14:00,2025-05-15 14:00:00,2025.0,5.0,quinta,14.0,tarde,ES,SERRA,True,101.0,BR-101,282.0,-20.22577477,-40.36231549,Condutor deixou de manter distância do veículo da frente,Colisão traseira,Com Vítimas Feridas,Pleno dia,Decrescente,Sol,Dupla,Reta,Não,0.0,0.0,2.0,2.0,3.0,0.0,3.0,5.0,SPRF-ES,DEL01-ES,UOP01-DEL01-ES,0,moderado
2025-05-15,17:00,2025-05-15 17:00:00,2025.0,5.0,quinta,17.0,tarde,ES,SAO MATEUS,False,101.0,BR-101,67.0,-18.71223715,-39.87815794,Ausência de reação do condutor,Atropelamento de Pedestre,Com Vítimas Feridas,Pleno dia,Crescente,Chuva,Múltipla,Reta,Sim,0.0,1.0,0.0,1.0,0.0,1.0,2.0,2.0,SPRF-ES,DEL04-ES,UOP02-DEL04-ES,1,grave
2025-05-16,16:00,2025-05-16 16:00:00,2025.0,5.0,sexta,16.0,tarde,ES,CARIACICA,True,101.0,BR-101,282.0,-20.22668406,-40.36399484,Manobra de mudança de faixa,Colisão traseira,Com Vítimas Feridas,Pleno dia,Decrescente,Céu Claro,Dupla,Curva,Não,0.0,0.0,1.0,1.0,0.0,1.0,2.0,2.0,SPRF-ES,DEL01-ES,UOP01-DEL01-ES,0,moderado
2025-03-15,12:30,2025-03-15 12:30:00,2025.0,3.0,sabado,12.0,tarde,ES,SAO MATEUS,False,101.0,BR-101,67.0,-18.72802869,-39.85997558,Condutor desrespeitou a iluminação vermelha do semáforo,Colisão transversal,Com Vítimas Feridas,Pleno dia,Crescente,Sol,Simples,Rotatória,Sim,0.0,2.0,0.0,2.0,1.0,2.0,4.0,4.0,SPRF-ES,DEL04-ES,UOP02-DEL04-ES,1,grave
2025-05-17,11:57,2025-05-17 11:57:00,2025.0,5.0,sabado,11.0,manha,ES,ANCHIETA,False,101.0,BR-101,368.9,-20.755729,-40.756496,Velocidade Incompatível,Tombamento,Com Vítimas Feridas,Pleno dia,Decrescente,Céu Claro,Simples,Aclive;Curva,Não,0.0,0.0,1.0,1.0,0.0,1.0,2.0,2.0,SPRF-ES,DEL03-ES,UOP01-DEL03-ES,0,moderado
2025-05-17,20:43,2025-05-17 20:43:00,2025.0,5.0,sabado,20.0,noite,ES,IBIRACU,False,101.0,BR-101,222.2,-19.83353291,-40.37992198,Ausência de reação do condutor,Colisão transversal,Com Vítimas Feridas,Plena Noite,Crescente,Céu Claro,Simples,Curva,Não,0.0,0.0,2.0,2.0,0.0,1.0,3.0,3.0,SPRF-ES,DEL02-ES,UOP01-DEL02-ES,0,moderado
2025-05-20,06:35,2025-05-20 06:35:00,2025.0,5.0,terca,6.0,manha,ES,SERRA,True,101.0,BR-101,276.3,-20.2091774,-40.3158721,Desrespeitar a preferência no cruzamento,Colisão transversal,Com Vítimas Fatais,Pleno dia,Decrescente,Nublado,Dupla,Retorno Regulamentado,Não,1.0,0.0,0.0,0.0,1.0,0.0,2.0,2.0,SPRF-ES,DEL02-ES,UOP01-DEL02-ES,1,fatal
2025-05-20,17:30,2025-05-20 17:30:00,2025.0,5.0,terca,17.0,tarde,ES,VIANA,True,101.0,BR-101,297.8,-20.35102005,-40.41308951,Manobra de mudança de faixa,Colisão lateral mesmo sentido,Com Vítimas Feridas,Anoitecer,Decrescente,Céu Claro,Dupla,Reta,Sim,0.0,0.0,1.0,1.0,2.0,0.0,3.0,3.0,SPRF-ES,DEL01-ES,UOP01-DEL01-ES,0,moderado
2025-05-21,04:40,2025-05-21 04:40:00,2025.0,5.0,quarta,4.0,madrugada,ES,SOORETAMA,False,101.0,BR-101,126.3,-19.19769529,-40.09539578,Condutor desrespeitou a iluminação vermelha do semáforo,Colisão transversal,Com Vítimas Feridas,Plena Noite,Crescente,Nevoeiro/Neblina,Múltipla,Interseção de Vias;Reta,Sim,0.0,2.0,17.0,19.0,13.0,0.0,2.0,32.0,SPRF-ES,DEL04-ES,UOP01-DEL04-ES,1,grave
2025-05-21,07:38,2025-05-21 07:38:00,2025.0,5.0,quarta,7.0,manha,ES,SERRA,True,101.0,BR-101,262.0,-20.15893204,-40.27622475,Manobra de mudança de faixa,Colisão lateral mesmo sentido,Com Vítimas Feridas,Pleno dia,Decrescente,Sol,Dupla,Reta;Aclive,Sim,0.0,0.0,1.0,1.0,2.0,1.0,3.0,4.0,SPRF-ES,DEL02-ES,UOP01-DEL02-ES,0,moderado
2025-05-21,08:20,2025-05-21 08:20:00,2025.0,5.0,quarta,8.0,manha,ES,CARIACICA,True,101.0,BR-101,289.9,-20.28985326,-40.39189529,Manobra de mudança de faixa,Colisão lateral mesmo sentido,Com Vítimas Feridas,Pleno dia,Crescente,Céu Claro,Dupla,Reta;Aclive,Sim,0.0,0.0,1.0,1.0,0.0,1.0,2.0,2.0,SPRF-ES,DEL01-ES,UOP01-DEL01-ES,0,moderado
2025-05-21,14:10,2025-05-21 14:10:00,2025.0,5.0,quarta,14.0,tarde,ES,CARIACICA,True,101.0,BR-101,292.0,-20.30636079,-40.39502597,Manobra de mudança de faixa,Colisão traseira,Com Vítimas Feridas,Pleno dia,Decrescente,Sol,Dupla,Reta,Sim,0.0,3.0,2.0,5.0,1.0,0.0,2.0,6.0,SPRF-ES,DEL01-ES,UOP01-DEL01-ES,1,grave
2025-05-21,15:06,2025-05-21 15:06:00,2025.0,5.0,quarta,15.0,tarde,ES,LINHARES,False,101.0,BR-101,145.5,-19.36533504,-40.06548898,Ultrapassagem Indevida,Colisão lateral mesmo sentido,Com Vítimas Feridas,Pleno dia,Crescente,Céu Claro,Múltipla,Reta,Não,0.0,0.0,1.0,1.0,1.0,0.0,2.0,2.0,SPRF-ES,DEL04-ES,UOP01-DEL04-ES,0,moderado
2025-05-22,12:20,2025-05-22 12:20:00,2025.0,5.0,quinta,12.0,tarde,ES,LINHARES,False,101.0,BR-101,149.9,-19.40454788,-40.06046426,Entrada inopinada do pedestre,Atropelamento de Pedestre,Com Vítimas Feridas,Pleno dia,Crescente,Céu Claro,Simples,Curva,Sim,0.0,1.0,0.0,1.0,1.0,1.0,3.0,3.0,SPRF-ES,DEL04-ES,UOP01-DEL04-ES,1,grave
2025-04-05,18:40,2025-04-05 18:40:00,2025.0,4.0,sabado,18.0,noite,ES,PEDRO CANARIO,False,101.0,BR-101,17.5,-18.309158,-39.957192,Transitar na contramão,Colisão frontal,Com Vítimas Fatais,Plena Noite,Crescente,Céu Claro,Simples,Curva,Não,1.0,0.0,0.0,0.0,1.0,1.0,3.0,3.0,SPRF-ES,DEL04-ES,UOP02-DEL04-ES,1,fatal
2025-05-22,17:30,2025-05-22 17:30:00,2025.0,5.0,quinta,17.0,tarde,ES,PEDRO CANARIO,False,101.0,BR-101,17.5,-18.30828844,-39.95766163,Ausência de reação do condutor,Colisão traseira,Com Vítimas Feridas,Anoitecer,Decrescente,Céu Claro,Simples,Aclive,Não,0.0,0.0,1.0,1.0,1.0,1.0,3.0,3.0,SPRF-ES,DEL04-ES,UOP02-DEL04-ES,0,moderado
2025-05-22,22:30,2025-05-22 22:30:00,2025.0,5.0,quinta,22.0,noite,ES,LINHARES,False,101.0,BR-101,159.0,-19.47009318,-40.11117491,Acessar a via sem observar a presença dos outros veículos,Colisão transversal,Sem Vítimas,Plena Noite,Crescente,Céu Claro,Simples,Interseção de Vias,Sim,0.0,0.0,0.0,0.0,1.0,1.0,2.0,2.0,SPRF-ES,DEL04-ES,UOP01-DEL04-ES,0,baixo
2025-05-23,12:00,2025-05-23 12:00:00,2025.0,5.0,sexta,12.0,tarde,ES,VIANA,True,101.0,BR-101,299.0,-20.3556635,-40.41816163,Condutor deixou de manter distância do veículo da frente,Colisão lateral sentido oposto,Com Vítimas Feridas,Pleno dia,Crescente,Sol,Múltipla,Interseção de Vias,Sim,0.0,1.0,0.0,1.0,1.0,0.0,2.0,2.0,SPRF-ES,DEL01-ES,UOP01-DEL01-ES,1,grave
2025-05-26,00:05,2025-05-26 00:05:00,2025.0,5.0,segunda,0.0,madrugada,ES,LINHARES,False,101.0,BR-101,161.7,-19.48712572,-40.12382039,Condutor Dormindo,Colisão frontal,Com Vítimas Feridas,Plena Noite,Crescente,Garoa/Chuvisco,Simples,Reta,Não,0.0,0.0,1.0,1.0,1.0,3.0,5.0,3.0,SPRF-ES,DEL04-ES,UOP01-DEL04-ES,0,moderado
2025-05-26,16:40,2025-05-26 16:40:00,2025.0,5.0,segunda,16.0,tarde,ES,SERRA,True,101.0,BR-101,265.7,-20.1882207,-40.2684512,Condutor deixou de manter distância do veículo da frente,Engavetamento,Com Vítimas Feridas,Anoitecer,Crescente,Chuva,Múltipla,Aclive,Sim,0.0,0.0,2.0,2.0,3.0,2.0,5.0,6.0,SPRF-ES,DEL02-ES,UOP01-DEL02-ES,0,moderado
2025-05-26,20:30,2025-05-26 20:30:00,2025.0,5.0,segunda,20.0,noite,ES,ARACRUZ,False,101.0,BR-101,173.8,-19.59125251,-40.19418848,Transitar na contramão,Colisão frontal,Com Vítimas Feridas,Plena Noite,Decrescente,Nublado,Simples,Reta,Sim,0.0,1.0,0.0,1.0,1.0,1.0,3.0,3.0,SPRF-ES,DEL04-ES,UOP01-DEL04-ES,1,grave
2025-05-26,21:00,2025-05-26 21:00:00,2025.0,5.0,segunda,21.0,noite,ES,ARACRUZ,False,101.0,BR-101,173.5,-19.58383203,-40.18936642,Ausência de reação do condutor,Colisão traseira,Com Vítimas Feridas,Plena Noite,Crescente,Chuva,Simples,Reta,Não,0.0,0.0,1.0,1.0,7.0,5.0,9.0,9.0,SPRF-ES,DEL04-ES,UOP01-DEL04-ES,0,moderado
2025-05-27,05:50,2025-05-27 05:50:00,2025.0,5.0,terca,5.0,madrugada,ES,CACHOEIRO DE ITAPEMIRIM,False,101.0,BR-101,396.1,-20.9274621,-41.0795597,Transitar na contramão,Colisão lateral sentido oposto,Com Vítimas Feridas,Amanhecer,Crescente,Nublado,Dupla,Reta,Não,0.0,1.0,0.0,1.0,1.0,1.0,3.0,3.0,SPRF-ES,DEL03-ES,UOP02-DEL03-ES,1,grave
2025-05-27,14:30,2025-05-27 14:30:00,2025.0,5.0,terca,14.0,tarde,ES,SERRA,True,101.0,BR-101,270.0,-20.0488541,-40.3866988,Manobra de mudança de faixa,Colisão lateral mesmo sentido,Com Vítimas Feridas,Pleno dia,Decrescente,Céu Claro,Dupla,Reta,Sim,0.0,0.0,1.0,1.0,0.0,1.0,2.0,2.0,SPRF-ES,DEL02-ES,UOP01-DEL02-ES,0,moderado
2025-05-27,16:30,2025-05-27 16:30:00,2025.0,5.0,terca,16.0,tarde,ES,MIMOSO DO SUL,False,101.0,BR-101,461.0,-21.22106116,-41.30764961,Fumaça,Incêndio,Sem Vítimas,Pleno dia,Crescente,Céu Claro,Simples,Reta,Não,0.0,0.0,0.0,0.0,1.0,1.0,2.0,2.0,SPRF-ES,DEL03-ES,UOP02-DEL03-ES,0,baixo
2025-05-28,12:10,2025-05-28 12:10:00,2025.0,5.0,quarta,12.0,tarde,ES,GUARAPARI,True,101.0,BR-101,340.1,-20.647547,-40.567375,Mal súbito do condutor,Colisão traseira,Com Vítimas Feridas,Pleno dia,Crescente,Céu Claro,Dupla,Reta;Aclive,Não,0.0,1.0,0.0,1.0,1.0,1.0,3.0,3.0,SPRF-ES,DEL03-ES,UOP01-DEL03-ES,1,grave
2025-05-30,08:40,2025-05-30 08:40:00,2025.0,5.0,sexta,8.0,manha,ES,JAGUARE,False,101.0,BR-101,94.0,-18.93118263,-39.97336328,Reação tardia ou ineficiente do condutor,Colisão traseira,Com Vítimas Feridas,Pleno dia,Crescente,Nublado,Simples,Reta,Sim,0.0,0.0,1.0,1.0,2.0,0.0,2.0,3.0,SPRF-ES,DEL04-ES,UOP02-DEL04-ES,0,moderado
2025-05-30,17:00,2025-05-30 17:00:00,2025.0,5.0,sexta,17.0,tarde,ES,VENDA NOVA DO IMIGRANTE,False,262.0,BR-262,105.0,-20.3267103,-41.145418,Acessar a via sem observar a presença dos outros veículos,Colisão lateral mesmo sentido,Com Vítimas Feridas,Plena Noite,Crescente,Garoa/Chuvisco,Simples,Reta,Sim,0.0,0.0,1.0,1.0,3.0,1.0,4.0,5.0,SPRF-ES,DEL01-ES,UOP02-DEL01-ES,0,moderado
2025-05-30,19:20,2025-05-30 19:20:00,2025.0,5.0,sexta,19.0,noite,ES,SERRA,True,101.0,BR-101,278.0,-20.2171155,-40.3302993,Demais falhas mecânicas ou elétricas,Colisão com objeto,Com Vítimas Feridas,Plena Noite,Decrescente,Nublado,Dupla,Reta,Sim,0.0,1.0,0.0,1.0,1.0,1.0,3.0,3.0,SPRF-ES,DEL02-ES,UOP01-DEL02-ES,1,grave
2025-05-31,06:00,2025-05-31 06:00:00,2025.0,5.0,sabado,6.0,manha,ES,IBATIBA,False,101.0,BR-101,150.8,-20.215768,-41.447737,Problema com o freio,Tombamento,Com Vítimas Feridas,Amanhecer,Decrescente,Céu Claro,Simples,Declive,Não,0.0,0.0,1.0,1.0,0.0,1.0,2.0,2.0,SPRF-ES,DEL04-ES,UOP01-DEL04-ES,0,moderado
2025-06-02,16:40,2025-06-02 16:40:00,2025.0,6.0,segunda,16.0,tarde,ES,CARIACICA,True,101.0,BR-101,289.8,-20.28693761,-40.39235187,Ausência de reação do condutor,Colisão traseira,Com Vítimas Feridas,Pleno dia,Crescente,Céu Claro,Dupla,Reta;Aclive,Sim,0.0,0.0,1.0,1.0,1.0,0.0,2.0,2.0,SPRF-ES,DEL01-ES,UOP01-DEL01-ES,0,moderado
2025-06-02,21:30,2025-06-02 21:30:00,2025.0,6.0,segunda,21.0,noite,ES,LINHARES,False,101.0,BR-101,167.5,-19.52374731,-40.14863952,Condutor deixou de manter distância do veículo da frente,Colisão traseira,Com Vítimas Feridas,Plena Noite,Decrescente,Chuva,Simples,Reta;Interseção de Vias,Sim,0.0,0.0,1.0,1.0,1.0,0.0,2.0,2.0,SPRF-ES,DEL04-ES,UOP01-DEL04-ES,0,moderado
2025-06-03,08:00,2025-06-03 08:00:00,2025.0,6.0,terca,8.0,manha,ES,SERRA,True,101.0,BR-101,268.1,-20.210093,-40.269801,Entrada inopinada do pedestre,Atropelamento de Pedestre,Com Vítimas Feridas,Pleno dia,Crescente,Nublado,Múltipla,Reta,Sim,0.0,0.0,2.0,2.0,1.0,0.0,3.0,3.0,SPRF-ES,DEL02-ES,UOP01-DEL02-ES,0,moderado
2025-06-03,11:50,2025-06-03 11:50:00,2025.0,6.0,terca,11.0,manha,ES,CARIACICA,True,101.0,BR-101,285.0,-20.25414499,-40.37475586,Demais falhas mecânicas ou elétricas,Incêndio,Sem Vítimas,Pleno dia,Crescente,Sol,Dupla,Reta;Declive,Não,0.0,0.0,0.0,0.0,1.0,0.0,1.0,1.0,SPRF-ES,DEL01-ES,UOP01-DEL01-ES,0,baixo
2025-06-03,17:10,2025-06-03 17:10:00,2025.0,6.0,terca,17.0,tarde,ES,COLATINA,False,259.0,BR-259,54.0,-19.4994086,-40.631988,Ausência de reação do condutor,Colisão traseira,Com Vítimas Feridas,Anoitecer,Crescente,Céu Claro,Simples,Reta,Não,0.0,0.0,1.0,1.0,1.0,1.0,3.0,3.0,SPRF-ES,DEL02-ES,UOP01-DEL02-ES,0,moderado
2025-06-03,23:00,2025-06-03 23:00:00,2025.0,6.0,terca,23.0,noite,ES,BAIXO GUANDU,False,259.0,BR-259,103.0,-19.517013,-41.020092,Reação tardia ou ineficiente do condutor,Colisão transversal,Com Vítimas Feridas,Plena Noite,Decrescente,Céu Claro,Simples,Reta,Não,0.0,0.0,1.0,1.0,1.0,1.0,3.0,3.0,SPRF-ES,DEL02-ES,UOP01-DEL02-ES,0,moderado
2025-06-04,04:25,2025-06-04 04:25:00,2025.0,6.0,quarta,4.0,madrugada,ES,PEDRO CANARIO,False,101.0,BR-101,12.0,-18.18759687,-39.92194788,Acessar a via sem observar a presença dos outros veículos,Colisão transversal,Com Vítimas Feridas,Amanhecer,Crescente,Nevoeiro/Neblina,Simples,Interseção de Vias,Não,0.0,0.0,2.0,2.0,0.0,1.0,2.0,3.0,SPRF-ES,DEL04-ES,UOP02-DEL04-ES,0,moderado
2025-04-27,16:55,2025-04-27 16:55:00,2025.0,4.0,domingo,16.0,tarde,ES,GUARAPARI,True,101.0,BR-101,361.0,-20.6580058,-40.6172825,Reação tardia ou ineficiente do condutor,Tombamento,Com Vítimas Fatais,Pleno dia,Crescente,Nublado,Simples,Declive;Curva,Não,2.0,3.0,25.0,28.0,2.0,3.0,6.0,34.0,SPRF-ES,DEL03-ES,UOP01-DEL03-ES,1,fatal
2025-06-05,08:40,2025-06-05 08:40:00,2025.0,6.0,quinta,8.0,manha,ES,VILA VELHA,True,101.0,BR-101,315.9,-20.47619455,-40.4710242,Ultrapassagem Indevida,Tombamento,Com Vítimas Feridas,Pleno dia,Crescente,Céu Claro,Dupla,Retorno Regulamentado,Não,0.0,0.0,1.0,1.0,1.0,1.0,3.0,3.0,SPRF-ES,DEL01-ES,UOP01-DEL01-ES,0,moderado
2025-06-05,22:00,2025-06-05 22:00:00,2025.0,6.0,quinta,22.0,noite,ES,SERRA,True,101.0,BR-101,280.3,-20.2180495,-40.3505219,Reação tardia ou ineficiente do condutor,Colisão traseira,Com Vítimas Feridas,Plena Noite,Decrescente,Céu Claro,Dupla,Reta,Não,0.0,0.0,1.0,1.0,1.0,1.0,3.0,3.0,SPRF-ES,DEL02-ES,UOP01-DEL02-ES,0,moderado
2025-05-13,18:44,2025-05-13 18:44:00,2025.0,5.0,terca,18.0,noite,ES,SERRA,True,101.0,BR-101,278.9,-20.04884377,-40.38640213,Manobra de mudança de faixa,Colisão lateral mesmo sentido,Com Vítimas Fatais,Plena Noite,Crescente,Garoa/Chuvisco,Dupla,Reta;Declive,Não,1.0,0.0,0.0,0.0,1.0,1.0,3.0,3.0,SPRF-ES,DEL02-ES,UOP01-DEL02-ES,1,fatal
2025-05-29,15:19,2025-05-29 15:19:00,2025.0,5.0,quinta,15.0,tarde,ES,CARIACICA,True,101.0,BR-101,294.0,-20.325679,-40.396456,Reação tardia ou ineficiente do condutor,Engavetamento,Com Vítimas Feridas,Pleno dia,Crescente,Nublado,Múltipla,Reta,Não,0.0,1.0,0.0,1.0,5.0,2.0,8.0,7.0,SPRF-ES,DEL01-ES,UOP01-DEL01-ES,1,grave
2025-06-06,18:58,2025-06-06 18:58:00,2025.0,6.0,sexta,18.0,noite,ES,CARIACICA,True,101.0,BR-101,287.0,-20.264964,-40.38486,Acessar a via sem observar a presença dos outros veículos,Colisão transversal,Com Vítimas Feridas,Plena Noite,Crescente,Nublado,Dupla,Reta,Sim,0.0,0.0,1.0,1.0,2.0,0.0,2.0,3.0,SPRF-ES,DEL01-ES,UOP01-DEL01-ES,0,moderado
2025-06-07,02:40,2025-06-07 02:40:00,2025.0,6.0,sabado,2.0,madrugada,ES,ATILIO VIVACQUA,False,101.0,BR-101,424.0,-20.9900251,-41.1248792,Condutor Dormindo,Saída de leito carroçável,Com Vítimas Feridas,Plena Noite,Crescente,Céu Claro,Simples,Reta,Não,0.0,0.0,1.0,1.0,0.0,1.0,2.0,2.0,SPRF-ES,DEL03-ES,UOP02-DEL03-ES,0,moderado
2025-06-07,11:40,2025-06-07 11:40:00,2025.0,6.0,sabado,11.0,manha,ES,CARIACICA,True,101.0,BR-101,294.7,-20.330668,-40.399523,Manobra de mudança de faixa,Colisão lateral mesmo sentido,Com Vítimas Feridas,Pleno dia,Crescente,Céu Claro,Dupla,Reta,Sim,0.0,0.0,1.0,1.0,1.0,0.0,2.0,2.0,SPRF-ES,DEL01-ES,UOP01-DEL01-ES,0,moderado
2025-06-07,14:00,2025-06-07 14:00:00,2025.0,6.0,sabado,14.0,tarde,ES,IBIRACU,False,101.0,BR-101,210.0,-19.79871833,-40.36991667,Condutor Dormindo,Colisão com objeto,Com Vítimas Feridas,Pleno dia,Decrescente,Nublado,Simples,Reta,Não,0.0,1.0,0.0,1.0,0.0,1.0,2.0,2.0,SPRF-ES,DEL02-ES,UOP01-DEL02-ES,1,grave
2025-05-15,06:30,2025-05-15 06:30:00,2025.0,5.0,quinta,6.0,manha,ES,ITAPEMIRIM,False,101.0,BR-101,414.5,-20.92705,-41.078952,Transitar na contramão,Colisão frontal,Com Vítimas Fatais,Pleno dia,Crescente,Garoa/Chuvisco,Dupla,Reta,Não,1.0,0.0,0.0,0.0,1.0,1.0,3.0,3.0,SPRF-ES,DEL03-ES,UOP02-DEL03-ES,1,fatal
2025-06-07,13:15,2025-06-07 13:15:00,2025.0,6.0,sabado,13.0,tarde,ES,LINHARES,False,101.0,BR-101,148.9,-19.4005451,-40.06181248,Estacionar ou parar em local proibido,Colisão traseira,Com Vítimas Feridas,Pleno dia,Decrescente,Céu Claro,Dupla,Reta,Sim,0.0,0.0,1.0,1.0,3.0,0.0,3.0,4.0,SPRF-ES,DEL04-ES,UOP01-DEL04-ES,0,moderado
2025-06-07,09:55,2025-06-07 09:55:00,2025.0,6.0,sabado,9.0,manha,ES,LINHARES,False,101.0,BR-101,169.4,-19.54004872,-40.16106158,Ausência de reação do condutor,Colisão traseira,Com Vítimas Feridas,Pleno dia,Decrescente,Céu Claro,Simples,Reta,Não,0.0,0.0,1.0,1.0,2.0,0.0,2.0,3.0,SPRF-ES,DEL04-ES,UOP01-DEL04-ES,0,moderado
2025-06-08,11:00,2025-06-08 11:00:00,2025.0,6.0,domingo,11.0,manha,ES,DOMINGOS MARTINS,False,262.0,BR-262,75.6,-20.41571057,-40.906412,Condutor Dormindo,Colisão lateral sentido oposto,Com Vítimas Feridas,Pleno dia,Crescente,Céu Claro,Simples,Curva,Não,0.0,0.0,2.0,2.0,1.0,1.0,3.0,4.0,SPRF-ES,DEL01-ES,UOP02-DEL01-ES,0,moderado
2025-06-09,17:00,2025-06-09 17:00:00,2025.0,6.0,segunda,17.0,tarde,ES,LINHARES,False,101.0,BR-101,153.6,-19.4260248,-40.08060572,Frear bruscamente,Saída de leito carroçável,Sem Vítimas,Pleno dia,Crescente,Céu Claro,Simples,Reta,Não,0.0,0.0,0.0,0.0,2.0,1.0,3.0,3.0,SPRF-ES,DEL04-ES,UOP01-DEL04-ES,0,baixo
2025-06-10,14:48,2025-06-10 14:48:00,2025.0,6.0,terca,14.0,tarde,ES,DOMINGOS MARTINS,False,262.0,BR-262,34.0,-20.37298673,-40.59223652,Ausência de reação do condutor,Colisão frontal,Com Vítimas Feridas,Pleno dia,Crescente,Chuva,Simples,Curva,Não,0.0,0.0,2.0,2.0,2.0,0.0,3.0,4.0,SPRF-ES,DEL01-ES,UOP01-DEL01-ES,0,moderado
2025-06-11,10:00,2025-06-11 10:00:00,2025.0,6.0,quarta,10.0,manha,ES,LINHARES,False,101.0,BR-101,147.9,-19.38730807,-40.06719486,Acessar a via sem observar a presença dos outros veículos,Colisão transversal,Com Vítimas Feridas,Pleno dia,Decrescente,Céu Claro,Dupla,Interseção de Vias,Não,0.0,0.0,1.0,1.0,1.0,0.0,2.0,2.0,SPRF-ES,DEL04-ES,UOP01-DEL04-ES,0,moderado
2025-04-15,00:01,2025-04-15 00:01:00,2025.0,4.0,terca,0.0,madrugada,ES,ARACRUZ,False,101.0,BR-101,199.0,-19.70215553,-40.32475638,Reação tardia ou ineficiente do condutor,Engavetamento,Com Vítimas Feridas,Plena Noite,Crescente,Nublado,Simples,Reta,Não,0.0,1.0,0.0,1.0,2.0,2.0,5.0,4.0,SPRF-ES,DEL04-ES,UOP01-DEL04-ES,1,grave
2025-06-13,09:40,2025-06-13 09:40:00,2025.0,6.0,sexta,9.0,manha,ES,SAO MATEUS,False,101.0,BR-101,61.0,-18.6818032,-39.8636157,Ausência de reação do condutor,Colisão traseira,Com Vítimas Feridas,Pleno dia,Decrescente,Céu Claro,Simples,Reta,Não,0.0,0.0,2.0,2.0,1.0,2.0,4.0,5.0,SPRF-ES,DEL04-ES,UOP02-DEL04-ES,0,moderado
2025-06-13,09:50,2025-06-13 09:50:00,2025.0,6.0,sexta,9.0,manha,ES,ATILIO VIVACQUA,False,101.0,BR-101,428.0,-21.01852,-41.152062,Demais falhas mecânicas ou elétricas,Incêndio,Sem Vítimas,Pleno dia,Decrescente,Nublado,Simples,Reta,Não,0.0,0.0,0.0,0.0,1.0,1.0,2.0,2.0,SPRF-ES,DEL03-ES,UOP02-DEL03-ES,0,baixo
2025-06-13,22:10,2025-06-13 22:10:00,2025.0,6.0,sexta,22.0,noite,ES,VIANA,True,262.0,BR-262,27.9,-20.38508788,-40.55464458,Ultrapassagem Indevida,Colisão frontal,Com Vítimas Feridas,Plena Noite,Crescente,Céu Claro,Simples,Curva,Não,0.0,1.0,5.0,6.0,2.0,0.0,3.0,8.0,SPRF-ES,DEL01-ES,UOP01-DEL01-ES,1,grave
2025-06-14,11:00,2025-06-14 11:00:00,2025.0,6.0,sabado,11.0,manha,ES,BREJETUBA,False,262.0,BR-262,133.9,-20.239755,-41.324804,Velocidade Incompatível,Tombamento,Com Vítimas Feridas,Pleno dia,Crescente,Nublado,Simples,Curva,Não,0.0,0.0,1.0,1.0,0.0,1.0,2.0,2.0,SPRF-ES,DEL01-ES,UOP02-DEL01-ES,0,moderado
2025-06-15,15:15,2025-06-15 15:15:00,2025.0,6.0,domingo,15.0,tarde,ES,ARACRUZ,False,101.0,BR-101,168.3,-19.6315622,-40.22641595,Reação tardia ou ineficiente do condutor,Colisão lateral sentido oposto,Com Vítimas Feridas,Pleno dia,Decrescente,Nublado,Simples,Reta,Não,0.0,0.0,1.0,1.0,1.0,1.0,3.0,3.0,SPRF-ES,DEL04-ES,UOP01-DEL04-ES,0,moderado
2025-06-16,08:20,2025-06-16 08:20:00,2025.0,6.0,segunda,8.0,manha,ES,CARIACICA,True,101.0,BR-101,292.0,-20.311765,-40.394838,Conversão proibida,Colisão transversal,Sem Vítimas,Pleno dia,Crescente,Céu Claro,Simples,Reta,Sim,0.0,0.0,0.0,0.0,2.0,0.0,2.0,2.0,SPRF-ES,DEL01-ES,UOP01-DEL01-ES,0,baixo
2025-06-16,14:40,2025-06-16 14:40:00,2025.0,6.0,segunda,14.0,tarde,ES,LINHARES,False,101.0,BR-101,145.8,-19.36956033,-40.0656265,Condutor desrespeitou a iluminação vermelha do semáforo,Colisão transversal,Com Vítimas Feridas,Pleno dia,Crescente,Céu Claro,Simples,Interseção de Vias,Sim,0.0,0.0,1.0,1.0,1.0,0.0,2.0,2.0,SPRF-ES,DEL04-ES,UOP01-DEL04-ES,0,moderado
2025-06-17,05:10,2025-06-17 05:10:00,2025.0,6.0,terca,5.0,madrugada,ES,SAO MATEUS,False,101.0,BR-101,71.9,-18.75957957,-39.8632249,Condutor deixou de manter distância do veículo da frente,Colisão traseira,Com Vítimas Feridas,Amanhecer,Crescente,Nublado,Simples,Reta,Não,0.0,0.0,3.0,3.0,0.0,1.0,2.0,4.0,SPRF-ES,DEL04-ES,UOP02-DEL04-ES,0,moderado
2025-06-17,08:30,2025-06-17 08:30:00,2025.0,6.0,terca,8.0,manha,ES,CARIACICA,True,101.0,BR-101,289.1,-20.2802085,-40.3924459,Acessar a via sem observar a presença dos outros veículos,Colisão transversal,Com Vítimas Feridas,Pleno dia,Decrescente,Nublado,Dupla,Retorno Regulamentado;Reta,Não,0.0,1.0,0.0,1.0,1.0,0.0,2.0,2.0,SPRF-ES,DEL01-ES,UOP01-DEL01-ES,1,grave
2025-06-17,10:00,2025-06-17 10:00:00,2025.0,6.0,terca,10.0,manha,ES,VENDA NOVA DO IMIGRANTE,False,262.0,BR-262,111.4,-20.33781648,-41.19782925,Velocidade Incompatível,Engavetamento,Com Vítimas Feridas,Pleno dia,Decrescente,Chuva,Simples,Declive;Reta,Sim,0.0,0.0,1.0,1.0,4.0,0.0,4.0,5.0,SPRF-ES,DEL01-ES,UOP02-DEL01-ES,0,moderado
2025-05-16,07:30,2025-05-16 07:30:00,2025.0,5.0,sexta,7.0,manha,ES,MARECHAL FLORIANO,False,262.0,BR-262,55.4,-20.41187503,-40.75031726,Mal súbito do condutor,Colisão frontal,Com Vítimas Fatais,Pleno dia,Crescente,Nublado,Simples,Declive;Curva,Não,1.0,2.0,0.0,2.0,3.0,0.0,3.0,6.0,SPRF-ES,DEL01-ES,UOP01-DEL01-ES,1,fatal
2025-06-17,14:20,2025-06-17 14:20:00,2025.0,6.0,terca,14.0,tarde,ES,JOAO NEIVA,False,101.0,BR-101,202.9,-19.7448,-40.3698,Carga excessiva e/ou mal acondicionada,Colisão lateral mesmo sentido,Com Vítimas Feridas,Pleno dia,Crescente,Céu Claro,Simples,Reta,Não,0.0,0.0,1.0,1.0,1.0,1.0,3.0,3.0,SPRF-ES,DEL04-ES,UOP01-DEL04-ES,0,moderado
2025-06-17,19:55,2025-06-17 19:55:00,2025.0,6.0,terca,19.0,noite,ES,CONCEICAO DA BARRA,False,101.0,BR-101,49.7,-18.58279993,-39.89322679,Condutor deixou de manter distância do veículo da frente,Colisão lateral mesmo sentido,Com Vítimas Feridas,Pleno dia,Crescente,Garoa/Chuvisco,Simples,Rotatória,Sim,0.0,0.0,1.0,1.0,1.0,2.0,4.0,3.0,SPRF-ES,DEL04-ES,UOP02-DEL04-ES,0,moderado
2025-06-18,07:35,2025-06-18 07:35:00,2025.0,6.0,quarta,7.0,manha,ES,ITAPEMIRIM,False,101.0,BR-101,413.0,-20.92037791,-41.07704312,Ausência de reação do condutor,Colisão lateral sentido oposto,Com Vítimas Feridas,Pleno dia,Crescente,Céu Claro,Simples,Curva,Não,0.0,0.0,1.0,1.0,1.0,1.0,3.0,3.0,SPRF-ES,DEL03-ES,UOP02-DEL03-ES,0,moderado
2025-06-18,15:50,2025-06-18 15:50:00,2025.0,6.0,quarta,15.0,tarde,ES,CARIACICA,True,101.0,BR-101,295.0,-20.33092746,-40.39940953,Trafegar com motocicleta (ou similar) entre as faixas,Colisão traseira,Com Vítimas Feridas,Pleno dia,Decrescente,Nublado,Dupla,Reta,Não,0.0,1.0,0.0,1.0,2.0,0.0,3.0,3.0,SPRF-ES,DEL01-ES,UOP01-DEL01-ES,1,grave
2025-06-18,19:10,2025-06-18 19:10:00,2025.0,6.0,quarta,19.0,noite,ES,PINHEIROS,False,101.0,BR-101,33.0,-18.36126093,-39.95319843,Condutor Dormindo,Colisão lateral mesmo sentido,Com Vítimas Feridas,Plena Noite,Crescente,Céu Claro,Simples,Reta,Não,0.0,0.0,2.0,2.0,1.0,0.0,2.0,3.0,SPRF-ES,DEL04-ES,UOP02-DEL04-ES,0,moderado
2025-06-19,06:40,2025-06-19 06:40:00,2025.0,6.0,quinta,6.0,manha,ES,MIMOSO DO SUL,False,101.0,BR-101,444.0,-21.1953988,-41.25640244,Ausência de reação do condutor,Colisão transversal,Com Vítimas Feridas,Amanhecer,Crescente,Céu Claro,Simples,Reta,Não,0.0,0.0,3.0,3.0,0.0,0.0,2.0,3.0,SPRF-ES,DEL03-ES,UOP02-DEL03-ES,0,moderado
2025-06-19,08:10,2025-06-19 08:10:00,2025.0,6.0,quinta,8.0,manha,ES,VIANA,True,101.0,BR-101,304.0,-20.382593,-40.45945,Objeto estático sobre o leito carroçável,Colisão com objeto,Com Vítimas Feridas,Pleno dia,Crescente,Nublado,Dupla,Reta,Sim,0.0,0.0,2.0,2.0,1.0,1.0,3.0,4.0,SPRF-ES,DEL01-ES,UOP01-DEL01-ES,0,moderado
2025-05-21,16:01,2025-05-21 16:01:00,2025.0,5.0,quarta,16.0,tarde,ES,ANCHIETA,False,101.0,BR-101,362.5,-20.717532,-40.732352,Condutor deixou de manter distância do veículo da frente,Colisão traseira,Com Vítimas Feridas,Pleno dia,Decrescente,Céu Claro,Simples,Reta,Não,0.0,1.0,0.0,1.0,3.0,0.0,3.0,4.0,SPRF-ES,DEL03-ES,UOP01-DEL03-ES,1,grave
2025-06-22,18:00,2025-06-22 18:00:00,2025.0,6.0,domingo,18.0,noite,ES,CARIACICA,True,101.0,BR-101,285.0,-20.263947,-40.3782337,Desrespeitar a preferência no cruzamento,Colisão transversal,Com Vítimas Feridas,Plena Noite,Crescente,Céu Claro,Dupla,Aclive;Reta;Retorno Regulamentado,Sim,0.0,0.0,1.0,1.0,1.0,0.0,2.0,2.0,SPRF-ES,DEL01-ES,UOP01-DEL01-ES,0,moderado
2025-06-23,18:00,2025-06-23 18:00:00,2025.0,6.0,segunda,18.0,noite,ES,GUARAPARI,True,101.0,BR-101,329.8,-20.591389,-40.499247,Conversão proibida,Colisão transversal,Com Vítimas Feridas,Plena Noite,Decrescente,Céu Claro,Dupla,Reta;Retorno Regulamentado,Não,0.0,0.0,1.0,1.0,4.0,0.0,2.0,5.0,SPRF-ES,DEL03-ES,UOP01-DEL03-ES,0,moderado
2025-06-24,08:10,2025-06-24 08:10:00,2025.0,6.0,terca,8.0,manha,ES,VILA VELHA,True,101.0,BR-101,312.0,-20.437771,-40.4595223,Reação tardia ou ineficiente do condutor,Colisão lateral mesmo sentido,Com Vítimas Feridas,Pleno dia,Decrescente,Céu Claro,Dupla,Reta,Não,0.0,0.0,1.0,1.0,1.0,0.0,2.0,2.0,SPRF-ES,DEL01-ES,UOP01-DEL01-ES,0,moderado
2025-06-24,14:55,2025-06-24 14:55:00,2025.0,6.0,terca,14.0,tarde,ES,DOMINGOS MARTINS,False,262.0,BR-262,32.6,-20.37759519,-40.58069587,Transitar na contramão,Colisão lateral sentido oposto,Com Vítimas Feridas,Pleno dia,Decrescente,Sol,Simples,Curva,Não,0.0,0.0,1.0,1.0,1.0,0.0,2.0,2.0,SPRF-ES,DEL01-ES,UOP01-DEL01-ES,0,moderado
2025-06-24,15:40,2025-06-24 15:40:00,2025.0,6.0,terca,15.0,tarde,ES,FUNDAO,True,101.0,BR-101,230.0,-19.98322683,-40.41366609,Condutor Dormindo,Colisão frontal,Com Vítimas Feridas,Pleno dia,Crescente,Céu Claro,Simples,Curva,Não,0.0,0.0,1.0,1.0,2.0,2.0,5.0,4.0,SPRF-ES,DEL02-ES,UOP01-DEL02-ES,0,moderado
2025-06-25,18:40,2025-06-25 18:40:00,2025.0,6.0,quarta,18.0,noite,ES,MARECHAL FLORIANO,False,262.0,BR-262,47.8,-20.41172881,-40.69087696,Transitar na contramão,Colisão lateral sentido oposto,Com Vítimas Fatais,Plena Noite,Crescente,Céu Claro,Simples,Reta,Sim,1.0,0.0,0.0,0.0,1.0,0.0,2.0,2.0,SPRF-ES,DEL01-ES,UOP01-DEL01-ES,1,fatal
2025-06-26,04:20,2025-06-26 04:20:00,2025.0,6.0,quinta,4.0,madrugada,ES,SERRA,True,101.0,BR-101,8.6,-20.129867,-40.338686,Reação tardia ou ineficiente do condutor,Colisão com objeto,Sem Vítimas,Plena Noite,Crescente,Céu Claro,Dupla,Curva,Não,0.0,0.0,0.0,0.0,1.0,0.0,1.0,1.0,SPRF-ES,DEL02-ES,UOP01-DEL02-ES,0,baixo
2025-06-26,08:00,2025-06-26 08:00:00,2025.0,6.0,quinta,8.0,manha,ES,VILA VELHA,True,101.0,BR-101,314.1,-20.464522,-40.465338,Demais falhas mecânicas ou elétricas,Tombamento,Com Vítimas Feridas,Pleno dia,Decrescente,Céu Claro,Dupla,Reta,Não,0.0,0.0,1.0,1.0,0.0,1.0,2.0,2.0,SPRF-ES,DEL01-ES,UOP01-DEL01-ES,0,moderado
2025-06-27,05:38,2025-06-27 05:38:00,2025.0,6.0,sexta,5.0,madrugada,ES,LINHARES,False,101.0,BR-101,131.0,-19.239573,-40.091783,Falta de acostamento,Colisão traseira,Com Vítimas Fatais,Plena Noite,Crescente,Nevoeiro/Neblina,Dupla,Aclive,Não,1.0,0.0,0.0,0.0,1.0,1.0,3.0,3.0,SPRF-ES,DEL04-ES,UOP01-DEL04-ES,1,fatal
2025-06-27,14:12,2025-06-27 14:12:00,2025.0,6.0,sexta,14.0,tarde,ES,DOMINGOS MARTINS,False,262.0,BR-262,34.0,-20.37286062,-40.59232573,Ausência de reação do condutor,Colisão frontal,Com Vítimas Feridas,Pleno dia,Decrescente,Céu Claro,Simples,Declive;Curva,Não,0.0,2.0,1.0,3.0,2.0,1.0,4.0,6.0,SPRF-ES,DEL01-ES,UOP01-DEL01-ES,1,grave
2025-06-28,07:30,2025-06-28 07:30:00,2025.0,6.0,sabado,7.0,manha,ES,JAGUARE,False,101.0,BR-101,100.0,-18.98246939,-39.99647554,Ultrapassagem Indevida,Colisão frontal,Com Vítimas Feridas,Pleno dia,Decrescente,Sol,Simples,Reta,Não,0.0,1.0,0.0,1.0,1.0,1.0,3.0,3.0,SPRF-ES,DEL04-ES,UOP02-DEL04-ES,1,grave
2025-06-30,06:50,2025-06-30 06:50:00,2025.0,6.0,segunda,6.0,manha,ES,COLATINA,False,259.0,BR-259,40.5,-19.55600253,-40.55195242,Condutor Dormindo,Colisão lateral sentido oposto,Com Vítimas Feridas,Pleno dia,Crescente,Sol,Simples,Curva,Não,0.0,1.0,0.0,1.0,3.0,0.0,3.0,4.0,SPRF-ES,DEL02-ES,UOP01-DEL02-ES,1,grave
2025-07-01,07:50,2025-07-01 07:50:00,2025.0,7.0,terca,7.0,manha,ES,SERRA,True,101.0,BR-101,276.4,-20.20911167,-40.31606667,Acessar a via sem observar a presença dos outros veículos,Colisão transversal,Com Vítimas Feridas,Pleno dia,Crescente,Sol,Dupla,Reta,Não,0.0,1.0,0.0,1.0,1.0,1.0,3.0,3.0,SPRF-ES,DEL02-ES,UOP01-DEL02-ES,1,grave
2025-07-01,09:40,2025-07-01 09:40:00,2025.0,7.0,terca,9.0,manha,ES,MARECHAL FLORIANO,False,262.0,BR-262,69.0,-20.416166,-40.862988,Ausência de reação do condutor,Saída de leito carroçável,Com Vítimas Feridas,Pleno dia,Decrescente,Sol,Simples,Declive;Curva,Não,0.0,0.0,1.0,1.0,0.0,1.0,2.0,2.0,SPRF-ES,DEL01-ES,UOP02-DEL01-ES,0,moderado
2025-07-01,22:10,2025-07-01 22:10:00,2025.0,7.0,terca,22.0,noite,ES,ITAPEMIRIM,False,101.0,BR-101,407.9,-20.8898128,-41.03797114,Velocidade Incompatível,Tombamento,Com Vítimas Feridas,Plena Noite,Crescente,Nublado,Simples,Curva,Não,0.0,0.0,1.0,1.0,1.0,1.0,2.0,3.0,SPRF-ES,DEL03-ES,UOP02-DEL03-ES,0,moderado
2025-07-02,08:40,2025-07-02 08:40:00,2025.0,7.0,quarta,8.0,manha,ES,SERRA,True,101.0,BR-101,277.8,-20.21002025,-40.31698466,Ausência de reação do condutor,Colisão lateral mesmo sentido,Com Vítimas Feridas,Pleno dia,Crescente,Sol,Dupla,Reta,Não,0.0,2.0,0.0,2.0,3.0,1.0,5.0,6.0,SPRF-ES,DEL02-ES,UOP01-DEL02-ES,1,grave
2025-07-02,15:00,2025-07-02 15:00:00,2025.0,7.0,quarta,15.0,tarde,ES,LINHARES,False,101.0,BR-101,133.2,-19.25978667,-40.08962667,Ultrapassagem Indevida,Colisão frontal,Com Vítimas Fatais,Pleno dia,Crescente,Céu Claro,Simples,Reta,Não,1.0,2.0,0.0,2.0,1.0,1.0,3.0,5.0,SPRF-ES,DEL04-ES,UOP01-DEL04-ES,1,fatal
2025-07-03,07:02,2025-07-03 07:02:00,2025.0,7.0,quinta,7.0,manha,ES,SERRA,True,101.0,BR-101,264.0,-20.17465913,-40.26669413,Manobra de mudança de faixa,Tombamento,Com Vítimas Fatais,Pleno dia,Crescente,Chuva,Múltipla,Reta,Sim,1.0,0.0,1.0,1.0,0.0,1.0,2.0,3.0,SPRF-ES,DEL02-ES,UOP01-DEL02-ES,1,fatal
2025-07-03,14:59,2025-07-03 14:59:00,2025.0,7.0,quinta,14.0,tarde,ES,MIMOSO DO SUL,False,101.0,BR-101,434.9,-21.05580434,-41.19702919,Ultrapassagem Indevida,Colisão lateral mesmo sentido,Com Vítimas Feridas,Pleno dia,Decrescente,Chuva,Simples,Reta,Não,0.0,1.0,0.0,1.0,1.0,0.0,2.0,2.0,SPRF-ES,DEL03-ES,UOP02-DEL03-ES,1,grave
2025-07-03,16:47,2025-07-03 16:47:00,2025.0,7.0,quinta,16.0,tarde,ES,ANCHIETA,False,101.0,BR-101,369.6,-20.762657,-40.760368,Ultrapassagem Indevida,Colisão frontal,Com Vítimas Feridas,Anoitecer,Decrescente,Chuva,Simples,Curva,Não,0.0,1.0,0.0,1.0,1.0,1.0,3.0,3.0,SPRF-ES,DEL03-ES,UOP01-DEL03-ES,1,grave
2025-07-05,13:07,2025-07-05 13:07:00,2025.0,7.0,sabado,13.0,tarde,ES,SERRA,True,101.0,BR-101,242.7,-20.03757,-40.39311,Condutor usando celular,Colisão frontal,Com Vítimas Fatais,Pleno dia,Crescente,Céu Claro,Simples,Curva,Não,1.0,1.0,0.0,1.0,0.0,3.0,5.0,3.0,SPRF-ES,DEL02-ES,UOP01-DEL02-ES,1,fatal
2025-07-05,20:10,2025-07-05 20:10:00,2025.0,7.0,sabado,20.0,noite,ES,VILA VELHA,True,101.0,BR-101,314.2,-20.46500915,-40.46546683,Velocidade Incompatível,Colisão com objeto,Com Vítimas Feridas,Plena Noite,Decrescente,Céu Claro,Dupla,Curva,Não,0.0,0.0,1.0,1.0,0.0,1.0,2.0,2.0,SPRF-ES,DEL01-ES,UOP01-DEL01-ES,0,moderado
2025-07-07,07:50,2025-07-07 07:50:00,2025.0,7.0,segunda,7.0,manha,ES,SERRA,True,101.0,BR-101,267.9,-20.2021626,-40.26913762,Acessar a via sem observar a presença dos outros veículos,Colisão transversal,Com Vítimas Feridas,Pleno dia,Crescente,Céu Claro,Múltipla,Interseção de Vias,Sim,0.0,0.0,2.0,2.0,1.0,0.0,2.0,3.0,SPRF-ES,DEL02-ES,UOP01-DEL02-ES,0,moderado
2025-07-07,21:30,2025-07-07 21:30:00,2025.0,7.0,segunda,21.0,noite,ES,SERRA,True,101.0,BR-101,12.5,-20.154161,-40.3477242,Animais na Pista,Atropelamento de Animal,Sem Vítimas,Plena Noite,Crescente,Nublado,Dupla,Reta,Não,0.0,0.0,0.0,0.0,1.0,0.0,1.0,1.0,SPRF-ES,DEL02-ES,UOP01-DEL02-ES,0,baixo
2025-07-08,10:00,2025-07-08 10:00:00,2025.0,7.0,terca,10.0,manha,ES,DOMINGOS MARTINS,False,262.0,BR-262,77.8,-20.40832649,-40.91604228,Velocidade Incompatível,Tombamento,Com Vítimas Feridas,Pleno dia,Decrescente,Nublado,Dupla,Curva,Não,0.0,1.0,0.0,1.0,0.0,1.0,2.0,2.0,SPRF-ES,DEL01-ES,UOP02-DEL01-ES,1,grave
2025-07-08,12:40,2025-07-08 12:40:00,2025.0,7.0,terca,12.0,tarde,ES,COLATINA,False,259.0,BR-259,64.0,-19.53508686,-40.62809945,Reação tardia ou ineficiente do condutor,Colisão frontal,Com Vítimas Feridas,Pleno dia,Crescente,Nublado,Simples,Reta,Não,0.0,1.0,0.0,1.0,1.0,0.0,2.0,2.0,SPRF-ES,DEL02-ES,UOP01-DEL02-ES,1,grave
2025-07-09,06:40,2025-07-09 06:40:00,2025.0,7.0,quarta,6.0,manha,ES,VIANA,True,101.0,BR-101,298.2,-20.354467,-40.416822,Acessar a via sem observar a presença dos outros veículos,Colisão lateral mesmo sentido,Com Vítimas Feridas,Pleno dia,Crescente,Nublado,Dupla,Reta,Sim,0.0,0.0,1.0,1.0,1.0,0.0,2.0,2.0,SPRF-ES,DEL01-ES,UOP01-DEL01-ES,0,moderado
2025-07-09,12:30,2025-07-09 12:30:00,2025.0,7.0,quarta,12.0,tarde,ES,RIO NOVO DO SUL,False,101.0,BR-101,389.0,-20.8610104,-40.87625083,Avarias e/ou desgaste excessivo no pneu,Saída de leito carroçável,Com Vítimas Feridas,Pleno dia,Crescente,Nublado,Simples,Curva,Não,0.0,0.0,1.0,1.0,0.0,1.0,2.0,2.0,SPRF-ES,DEL03-ES,UOP02-DEL03-ES,0,moderado
2025-07-10,20:20,2025-07-10 20:20:00,2025.0,7.0,quinta,20.0,noite,ES,ARACRUZ,False,101.0,BR-101,176.4,-19.59720186,-40.200224,Acessar a via sem observar a presença dos outros veículos,Colisão transversal,Com Vítimas Feridas,Plena Noite,Decrescente,Chuva,Simples,Interseção de Vias;Rotatória;Retorno Regulamentado,Sim,0.0,0.0,1.0,1.0,1.0,1.0,3.0,3.0,SPRF-ES,DEL04-ES,UOP01-DEL04-ES,0,moderado
2025-07-11,02:30,2025-07-11 02:30:00,2025.0,7.0,sexta,2.0,madrugada,ES,ANCHIETA,False,101.0,BR-101,368.0,-20.756072,-40.75604,Velocidade Incompatível,Colisão frontal,Com Vítimas Feridas,Plena Noite,Crescente,Chuva,Simples,Curva,Não,0.0,2.0,0.0,2.0,0.0,2.0,4.0,3.0,SPRF-ES,DEL03-ES,UOP01-DEL03-ES,1,grave
2025-07-11,07:15,2025-07-11 07:15:00,2025.0,7.0,sexta,7.0,manha,ES,GUARAPARI,True,101.0,BR-101,332.0,-20.606718,-40.507827,Condutor deixou de manter distância do veículo da frente,Colisão traseira,Com Vítimas Feridas,Amanhecer,Decrescente,Chuva,Dupla,Reta,Não,0.0,1.0,0.0,1.0,1.0,0.0,2.0,2.0,SPRF-ES,DEL03-ES,UOP01-DEL03-ES,1,grave
2025-06-12,10:30,2025-06-12 10:30:00,2025.0,6.0,quinta,10.0,manha,ES,SERRA,True,101.0,BR-101,269.0,-20.2216338,-40.2703312,Ausência de reação do condutor,Colisão lateral mesmo sentido,Com Vítimas Feridas,Pleno dia,Crescente,Céu Claro,Dupla,Reta,Sim,0.0,1.0,0.0,1.0,1.0,2.0,4.0,4.0,SPRF-ES,DEL02-ES,UOP01-DEL02-ES,1,grave
2025-07-14,09:30,2025-07-14 09:30:00,2025.0,7.0,segunda,9.0,manha,ES,FUNDAO,True,101.0,BR-101,231.0,-19.94374081,-40.40621281,Reação tardia ou ineficiente do condutor,Colisão traseira,Com Vítimas Feridas,Pleno dia,Decrescente,Céu Claro,Dupla,Curva,Sim,0.0,1.0,0.0,1.0,8.0,1.0,6.0,10.0,SPRF-ES,DEL02-ES,UOP01-DEL02-ES,1,grave
2025-07-15,10:00,2025-07-15 10:00:00,2025.0,7.0,terca,10.0,manha,ES,PEDRO CANARIO,False,101.0,BR-101,17.5,-18.3066359,-39.9573907,Velocidade Incompatível,Colisão frontal,Com Vítimas Fatais,Pleno dia,Decrescente,Céu Claro,Simples,Curva,Não,1.0,0.0,8.0,8.0,0.0,16.0,21.0,11.0,SPRF-ES,DEL04-ES,UOP02-DEL04-ES,1,fatal
2025-07-15,14:25,2025-07-15 14:25:00,2025.0,7.0,terca,14.0,tarde,ES,COLATINA,False,259.0,BR-259,62.4,-19.52439724,-40.70305109,Pedestre andava na pista,Atropelamento de Pedestre,Com Vítimas Feridas,Pleno dia,Crescente,Céu Claro,Simples,Reta,Não,0.0,1.0,0.0,1.0,1.0,0.0,2.0,2.0,SPRF-ES,DEL02-ES,UOP01-DEL02-ES,1,grave
2025-07-16,04:00,2025-07-16 04:00:00,2025.0,7.0,quarta,4.0,madrugada,ES,SERRA,True,101.0,BR-101,273.0,-20.21588308,-40.2808214,Ausência de reação do condutor,Colisão traseira,Com Vítimas Feridas,Plena Noite,Crescente,Céu Claro,Dupla,Reta,Sim,0.0,1.0,0.0,1.0,1.0,1.0,3.0,3.0,SPRF-ES,DEL02-ES,UOP01-DEL02-ES,1,grave
2025-07-16,07:45,2025-07-16 07:45:00,2025.0,7.0,quarta,7.0,manha,ES,LINHARES,False,101.0,BR-101,145.6,-19.3664892,-40.0649349,Manobra de mudança de faixa,Colisão lateral mesmo sentido,Com Vítimas Feridas,Pleno dia,Decrescente,Céu Claro,Múltipla,Reta;Declive,Sim,0.0,0.0,1.0,1.0,1.0,0.0,2.0,2.0,SPRF-ES,DEL04-ES,UOP01-DEL04-ES,0,moderado
2025-07-17,03:00,2025-07-17 03:00:00,2025.0,7.0,quinta,3.0,madrugada,ES,COLATINA,False,259.0,BR-259,51.2,-19.50214548,-40.61637908,Condutor Dormindo,Tombamento,Com Vítimas Feridas,Plena Noite,Crescente,Nublado,Simples,Declive;Curva,Não,0.0,1.0,0.0,1.0,0.0,2.0,3.0,3.0,SPRF-ES,DEL02-ES,UOP01-DEL02-ES,1,grave
2025-07-17,08:09,2025-07-17 08:09:00,2025.0,7.0,quinta,8.0,manha,ES,IUNA,False,262.0,BR-262,194.2,-20.28325149,-41.76383972,Reação tardia ou ineficiente do condutor,Tombamento,Com Vítimas Feridas,Pleno dia,Crescente,Céu Claro,Simples,Declive;Curva,Não,0.0,2.0,0.0,2.0,0.0,0.0,1.0,2.0,SPRF-ES,DEL01-ES,UOP02-DEL01-ES,1,grave
2025-07-17,21:00,2025-07-17 21:00:00,2025.0,7.0,quinta,21.0,noite,ES,SAO MATEUS,False,101.0,BR-101,69.0,-18.734815,-39.860305,Suicídio (presumido),Colisão frontal,Com Vítimas Fatais,Plena Noite,Crescente,Céu Claro,Simples,Aclive;Reta,Não,1.0,0.0,0.0,0.0,1.0,0.0,2.0,2.0,SPRF-ES,DEL04-ES,UOP02-DEL04-ES,1,fatal
2025-07-17,21:30,2025-07-17 21:30:00,2025.0,7.0,quinta,21.0,noite,ES,ITAPEMIRIM,False,101.0,BR-101,406.7,-20.8910509,-41.03899956,Reação tardia ou ineficiente do condutor,Saída de leito carroçável,Com Vítimas Feridas,Plena Noite,Crescente,Céu Claro,Simples,Reta,Não,0.0,1.0,0.0,1.0,0.0,1.0,2.0,2.0,SPRF-ES,DEL03-ES,UOP02-DEL03-ES,1,grave
2025-07-18,05:00,2025-07-18 05:00:00,2025.0,7.0,sexta,5.0,madrugada,ES,RIO NOVO DO SUL,False,101.0,BR-101,383.7,-20.82923314,-40.85781097,Condutor Dormindo,Colisão frontal,Com Vítimas Fatais,Plena Noite,Crescente,Céu Claro,Simples,Curva,Não,1.0,0.0,7.0,7.0,0.0,2.0,6.0,9.0,SPRF-ES,DEL03-ES,UOP01-DEL03-ES,1,fatal
2025-07-18,07:30,2025-07-18 07:30:00,2025.0,7.0,sexta,7.0,manha,ES,IBATIBA,False,262.0,BR-262,151.0,-20.21494735,-41.44941866,Problema com o freio,Tombamento,Com Vítimas Feridas,Pleno dia,Crescente,Céu Claro,Simples,Declive;Curva,Não,0.0,0.0,1.0,1.0,0.0,0.0,1.0,1.0,SPRF-ES,DEL01-ES,UOP02-DEL01-ES,0,moderado
2025-07-18,08:40,2025-07-18 08:40:00,2025.0,7.0,sexta,8.0,manha,ES,DOMINGOS MARTINS,False,262.0,BR-262,76.4,-20.410259,-40.917099,Reação tardia ou ineficiente do condutor,Saída de leito carroçável,Com Vítimas Fatais,Pleno dia,Crescente,Céu Claro,Simples,Curva,Não,1.0,1.0,0.0,1.0,0.0,1.0,2.0,3.0,SPRF-ES,DEL01-ES,UOP02-DEL01-ES,1,fatal
2025-07-19,19:00,2025-07-19 19:00:00,2025.0,7.0,sabado,19.0,noite,ES,MARECHAL FLORIANO,False,262.0,BR-262,53.0,-20.413946,-40.733933,Ingestão de álcool pelo condutor,Colisão frontal,Com Vítimas Feridas,Plena Noite,Crescente,Garoa/Chuvisco,Simples,Curva,Não,0.0,1.0,0.0,1.0,1.0,1.0,3.0,3.0,SPRF-ES,DEL01-ES,UOP01-DEL01-ES,1,grave
2025-07-20,09:00,2025-07-20 09:00:00,2025.0,7.0,domingo,9.0,manha,ES,GUARAPARI,True,101.0,BR-101,0.0,-20.6585386,-40.6135151,Condutor Dormindo,Tombamento,Sem Vítimas,Pleno dia,Crescente,Sol,Dupla,Curva;Aclive,Não,0.0,0.0,0.0,0.0,1.0,2.0,2.0,3.0,SPRF-ES,DEL03-ES,UOP02-DEL03-ES,0,baixo
2025-07-21,07:10,2025-07-21 07:10:00,2025.0,7.0,segunda,7.0,manha,ES,JOAO NEIVA,False,101.0,BR-101,202.1,-19.74270827,-40.36509647,Velocidade Incompatível,Saída de leito carroçável,Com Vítimas Feridas,Pleno dia,Decrescente,Céu Claro,Simples,Curva,Não,0.0,1.0,0.0,1.0,1.0,3.0,5.0,3.0,SPRF-ES,DEL04-ES,UOP01-DEL04-ES,1,grave
2025-07-22,09:15,2025-07-22 09:15:00,2025.0,7.0,terca,9.0,manha,ES,SOORETAMA,False,101.0,BR-101,125.3,-19.18720461,-40.09451866,Pedestre cruzava a pista fora da faixa,Atropelamento de Pedestre,Com Vítimas Feridas,Pleno dia,Crescente,Céu Claro,Simples,Reta,Sim,0.0,0.0,1.0,1.0,2.0,0.0,2.0,3.0,SPRF-ES,DEL04-ES,UOP01-DEL04-ES,0,moderado
2025-07-22,09:40,2025-07-22 09:40:00,2025.0,7.0,terca,9.0,manha,ES,ATILIO VIVACQUA,False,101.0,BR-101,431.0,-21.05295076,-41.19356378,Acumulo de areia ou detritos sobre o pavimento,Eventos atípicos,Com Vítimas Feridas,Pleno dia,Decrescente,Céu Claro,Simples,Reta,Não,0.0,0.0,2.0,2.0,0.0,0.0,1.0,2.0,SPRF-ES,DEL03-ES,UOP02-DEL03-ES,0,moderado
2025-07-22,18:00,2025-07-22 18:00:00,2025.0,7.0,terca,18.0,noite,ES,CARIACICA,True,101.0,BR-101,282.0,-20.2267744,-40.3643961,Objeto estático sobre o leito carroçável,Colisão com objeto,Com Vítimas Feridas,Plena Noite,Crescente,Céu Claro,Dupla,Viaduto,Não,0.0,1.0,0.0,1.0,1.0,0.0,2.0,2.0,SPRF-ES,DEL01-ES,UOP01-DEL01-ES,1,grave
2025-07-23,12:30,2025-07-23 12:30:00,2025.0,7.0,quarta,12.0,tarde,ES,SAO MATEUS,False,101.0,BR-101,53.8,-18.637979,-39.8773582,Mal súbito do condutor,Colisão lateral sentido oposto,Com Vítimas Feridas,Pleno dia,Crescente,Céu Claro,Simples,Reta,Não,0.0,1.0,0.0,1.0,1.0,2.0,4.0,3.0,SPRF-ES,DEL04-ES,UOP02-DEL04-ES,1,grave
2025-07-24,03:00,2025-07-24 03:00:00,2025.0,7.0,quinta,3.0,madrugada,ES,SERRA,True,101.0,BR-101,272.4,-20.2237503,-40.2876038,Condutor Dormindo,Saída de leito carroçável,Com Vítimas Feridas,Plena Noite,Crescente,Céu Claro,Múltipla,Reta,Sim,0.0,0.0,1.0,1.0,0.0,2.0,3.0,2.0,SPRF-ES,DEL02-ES,UOP01-DEL02-ES,0,moderado
2025-07-24,17:00,2025-07-24 17:00:00,2025.0,7.0,quinta,17.0,tarde,ES,SERRA,True,101.0,BR-101,269.3,-20.22075232,-40.27018563,Acessar a via sem observar a presença dos outros veículos,Colisão lateral mesmo sentido,Com Vítimas Feridas,Anoitecer,Decrescente,Céu Claro,Simples,Reta,Sim,0.0,0.0,1.0,1.0,1.0,0.0,2.0,2.0,SPRF-ES,DEL02-ES,UOP01-DEL02-ES,0,moderado
2025-07-24,20:00,2025-07-24 20:00:00,2025.0,7.0,quinta,20.0,noite,ES,MIMOSO DO SUL,False,101.0,BR-101,457.0,-21.19999687,-41.3009119,Acessar a via sem observar a presença dos outros veículos,Colisão lateral mesmo sentido,Com Vítimas Feridas,Plena Noite,Crescente,Céu Claro,Simples,Reta,Não,0.0,0.0,2.0,2.0,0.0,0.0,2.0,2.0,SPRF-ES,DEL03-ES,UOP02-DEL03-ES,0,moderado
2025-07-25,08:50,2025-07-25 08:50:00,2025.0,7.0,sexta,8.0,manha,ES,VIANA,True,262.0,BR-262,24.9,-20.37904784,-40.5347965,Demais falhas mecânicas ou elétricas,Incêndio,Sem Vítimas,Pleno dia,Crescente,Céu Claro,Simples,Reta;Aclive,Não,0.0,0.0,0.0,0.0,1.0,0.0,1.0,1.0,SPRF-ES,DEL01-ES,UOP01-DEL01-ES,0,baixo
2025-07-25,09:40,2025-07-25 09:40:00,2025.0,7.0,sexta,9.0,manha,ES,CONCEICAO DO CASTELO,False,262.0,BR-262,120.8,-20.29467,-41.227997,Ausência de reação do condutor,Tombamento,Com Vítimas Feridas,Pleno dia,Decrescente,Sol,Simples,Declive;Curva,Não,0.0,0.0,1.0,1.0,0.0,0.0,1.0,1.0,SPRF-ES,DEL01-ES,UOP02-DEL01-ES,0,moderado
2025-07-25,19:00,2025-07-25 19:00:00,2025.0,7.0,sexta,19.0,noite,ES,SERRA,True,101.0,BR-101,278.8,-20.218005,-40.339229,Condutor deixou de manter distância do veículo da frente,Colisão traseira,Com Vítimas Feridas,Plena Noite,Crescente,Céu Claro,Múltipla,Curva,Não,0.0,0.0,1.0,1.0,0.0,1.0,2.0,2.0,SPRF-ES,DEL02-ES,UOP01-DEL02-ES,0,moderado
2025-07-28,09:37,2025-07-28 09:37:00,2025.0,7.0,segunda,9.0,manha,ES,CARIACICA,True,101.0,BR-101,291.0,-20.36576062,-40.37303925,Condutor deixou de manter distância do veículo da frente,Colisão traseira,Com Vítimas Feridas,Pleno dia,Decrescente,Sol,Dupla,Reta,Sim,0.0,0.0,1.0,1.0,1.0,0.0,2.0,2.0,SPRF-ES,DEL01-ES,UOP01-DEL01-ES,0,moderado
2025-07-28,14:37,2025-07-28 14:37:00,2025.0,7.0,segunda,14.0,tarde,ES,GUARAPARI,True,101.0,BR-101,344.0,-20.65876971,-40.61394081,Ausência de reação do condutor,Tombamento,Com Vítimas Feridas,Pleno dia,Crescente,Céu Claro,Dupla,Curva,Não,0.0,0.0,1.0,1.0,0.0,1.0,2.0,2.0,SPRF-ES,DEL03-ES,UOP01-DEL03-ES,0,moderado
2025-07-29,07:30,2025-07-29 07:30:00,2025.0,7.0,terca,7.0,manha,ES,SERRA,True,101.0,BR-101,265.4,-20.185471,-40.267666,Condutor deixou de manter distância do veículo da frente,Colisão lateral mesmo sentido,Com Vítimas Fatais,Pleno dia,Crescente,Céu Claro,Múltipla,Reta;Aclive,Sim,1.0,0.0,2.0,2.0,1.0,1.0,5.0,5.0,SPRF-ES,DEL02-ES,UOP01-DEL02-ES,1,fatal
2025-07-31,22:35,2025-07-31 22:35:00,2025.0,7.0,quinta,22.0,noite,ES,ANCHIETA,False,101.0,BR-101,368.5,-20.75808023,-40.75608015,Velocidade Incompatível,Colisão lateral sentido oposto,Com Vítimas Feridas,Plena Noite,Decrescente,Nublado,Simples,Curva,Não,0.0,0.0,1.0,1.0,4.0,0.0,2.0,5.0,SPRF-ES,DEL03-ES,UOP01-DEL03-ES,0,moderado
2025-08-01,19:25,2025-08-01 19:25:00,2025.0,8.0,sexta,19.0,noite,ES,JAGUARE,False,101.0,BR-101,93.7,-18.92786519,-39.97036457,Pedestre - Ingestão de álcool/ substâncias psicoativas,Atropelamento de Pedestre,Com Vítimas Fatais,Plena Noite,Decrescente,Nublado,Simples,Reta;Declive,Sim,1.0,0.0,0.0,0.0,1.0,0.0,2.0,2.0,SPRF-ES,DEL04-ES,UOP02-DEL04-ES,1,fatal
2025-08-02,10:39,2025-08-02 10:39:00,2025.0,8.0,sabado,10.0,manha,ES,SOORETAMA,False,101.0,BR-101,125.0,-19.186308,-40.094521,Condutor desrespeitou a iluminação vermelha do semáforo,Colisão transversal,Sem Vítimas,Pleno dia,Crescente,Nublado,Simples,Retorno Regulamentado,Não,0.0,0.0,0.0,0.0,3.0,1.0,4.0,4.0,SPRF-ES,DEL04-ES,UOP01-DEL04-ES,0,baixo
2025-06-29,20:30,2025-06-29 20:30:00,2025.0,6.0,domingo,20.0,noite,ES,CONCEICAO DA BARRA,False,101.0,BR-101,20.0,-18.323983,-39.95838817,Reação tardia ou ineficiente do condutor,Colisão traseira,Com Vítimas Fatais,Plena Noite,Crescente,Céu Claro,Simples,Reta,Não,1.0,0.0,1.0,1.0,1.0,3.0,5.0,5.0,SPRF-ES,DEL04-ES,UOP02-DEL04-ES,1,fatal
2025-08-04,03:49,2025-08-04 03:49:00,2025.0,8.0,segunda,3.0,madrugada,ES,GUARAPARI,True,101.0,BR-101,337.9,-20.64008814,-40.54699659,Condutor Dormindo,Saída de leito carroçável,Com Vítimas Feridas,Plena Noite,Decrescente,Céu Claro,Dupla,Reta,Não,0.0,0.0,1.0,1.0,0.0,1.0,2.0,2.0,SPRF-ES,DEL03-ES,UOP01-DEL03-ES,0,moderado
2025-07-24,04:50,2025-07-24 04:50:00,2025.0,7.0,quinta,4.0,madrugada,ES,SERRA,True,101.0,BR-101,260.6,-20.14709458,-40.28098404,Ausência de reação do condutor,Saída de leito carroçável,Com Vítimas Feridas,Plena Noite,Crescente,Céu Claro,Dupla,Curva,Sim,0.0,1.0,0.0,1.0,0.0,1.0,2.0,2.0,SPRF-ES,DEL02-ES,UOP01-DEL02-ES,1,grave
2025-08-04,07:10,2025-08-04 07:10:00,2025.0,8.0,segunda,7.0,manha,ES,ITAPEMIRIM,False,101.0,BR-101,406.7,-20.8930026,-41.0277974,Velocidade Incompatível,Tombamento,Com Vítimas Feridas,Pleno dia,Crescente,Céu Claro,Simples,Curva,Não,0.0,2.0,1.0,3.0,0.0,0.0,1.0,3.0,SPRF-ES,DEL03-ES,UOP02-DEL03-ES,1,grave
2025-08-04,07:30,2025-08-04 07:30:00,2025.0,8.0,segunda,7.0,manha,ES,CARIACICA,True,101.0,BR-101,297.0,-20.346398,-40.4109828,Velocidade Incompatível,Colisão traseira,Com Vítimas Feridas,Pleno dia,Crescente,Céu Claro,Dupla,Reta,Não,0.0,1.0,0.0,1.0,1.0,0.0,2.0,2.0,SPRF-ES,DEL01-ES,UOP01-DEL01-ES,1,grave
2025-08-05,08:43,2025-08-05 08:43:00,2025.0,8.0,terca,8.0,manha,ES,CONCEICAO DA BARRA,False,101.0,BR-101,35.0,-18.4611303,-39.92972374,Ultrapassagem Indevida,Colisão lateral mesmo sentido,Com Vítimas Feridas,Pleno dia,Decrescente,Sol,Simples,Reta;Declive,Não,0.0,1.0,0.0,1.0,1.0,2.0,4.0,3.0,SPRF-ES,DEL04-ES,UOP02-DEL04-ES,1,grave
2025-08-06,01:57,2025-08-06 01:57:00,2025.0,8.0,quarta,1.0,madrugada,ES,GUARAPARI,True,101.0,BR-101,329.0,-20.58985126,-40.49787319,Ausência de reação do condutor,Tombamento,Com Vítimas Feridas,Plena Noite,Crescente,Céu Claro,Dupla,Curva,Não,0.0,0.0,1.0,1.0,0.0,1.0,2.0,2.0,SPRF-ES,DEL03-ES,UOP01-DEL03-ES,0,moderado
2025-08-06,17:30,2025-08-06 17:30:00,2025.0,8.0,quarta,17.0,tarde,ES,DOMINGOS MARTINS,False,262.0,BR-262,75.4,-20.4148,-40.907122,Reação tardia ou ineficiente do condutor,Tombamento,Com Vítimas Feridas,Anoitecer,Crescente,Céu Claro,Simples,Aclive;Curva,Não,0.0,0.0,1.0,1.0,0.0,1.0,2.0,2.0,SPRF-ES,DEL01-ES,UOP02-DEL01-ES,0,moderado
2025-08-06,17:15,2025-08-06 17:15:00,2025.0,8.0,quarta,17.0,tarde,ES,RIO NOVO DO SUL,False,101.0,BR-101,395.0,-20.8660547,-40.93232123,Transitar na contramão,Colisão frontal,Com Vítimas Feridas,Pleno dia,Decrescente,Céu Claro,Simples,Interseção de Vias,Sim,0.0,0.0,1.0,1.0,1.0,2.0,4.0,4.0,SPRF-ES,DEL03-ES,UOP02-DEL03-ES,0,moderado
2025-08-07,09:35,2025-08-07 09:35:00,2025.0,8.0,quinta,9.0,manha,ES,BAIXO GUANDU,False,259.0,BR-259,99.0,-19.51449231,-40.98175049,Ausência de reação do condutor,Colisão lateral sentido oposto,Com Vítimas Feridas,Pleno dia,Decrescente,Nublado,Simples,Reta,Não,0.0,0.0,1.0,1.0,1.0,1.0,3.0,3.0,SPRF-ES,DEL02-ES,UOP01-DEL02-ES,0,moderado
2025-08-07,16:50,2025-08-07 16:50:00,2025.0,8.0,quinta,16.0,tarde,ES,SOORETAMA,False,101.0,BR-101,109.6,-19.05914005,-40.03339744,Transitar na contramão,Colisão lateral sentido oposto,Com Vítimas Feridas,Anoitecer,Decrescente,Céu Claro,Simples,Reta;Declive,Não,0.0,1.0,0.0,1.0,1.0,1.0,3.0,3.0,SPRF-ES,DEL04-ES,UOP01-DEL04-ES,1,grave
2025-08-07,21:45,2025-08-07 21:45:00,2025.0,8.0,quinta,21.0,noite,ES,MARECHAL FLORIANO,False,262.0,BR-262,64.0,-20.41732735,-40.81572024,Curva acentuada,Tombamento,Com Vítimas Feridas,Plena Noite,Crescente,Céu Claro,Simples,Declive;Curva,Não,0.0,0.0,4.0,4.0,0.0,1.0,2.0,5.0,SPRF-ES,DEL01-ES,UOP02-DEL01-ES,0,moderado
2025-08-08,13:32,2025-08-08 13:32:00,2025.0,8.0,sexta,13.0,tarde,ES,SERRA,True,101.0,BR-101,268.0,-20.19350004,-40.26860386,Ausência de reação do condutor,Colisão traseira,Com Vítimas Feridas,Pleno dia,Crescente,Céu Claro,Múltipla,Interseção de Vias,Sim,0.0,0.0,1.0,1.0,1.0,1.0,3.0,3.0,SPRF-ES,DEL02-ES,UOP01-DEL02-ES,0,moderado
2025-08-08,13:39,2025-08-08 13:39:00,2025.0,8.0,sexta,13.0,tarde,ES,DOMINGOS MARTINS,False,262.0,BR-262,34.4,-20.3756717,-40.5926317,Condutor deixou de manter distância do veículo da frente,Colisão traseira,Com Vítimas Feridas,Pleno dia,Crescente,Céu Claro,Simples,Declive;Curva,Não,0.0,0.0,1.0,1.0,2.0,0.0,3.0,3.0,SPRF-ES,DEL01-ES,UOP01-DEL01-ES,0,moderado
2025-08-08,15:07,2025-08-08 15:07:00,2025.0,8.0,sexta,15.0,tarde,ES,JOAO NEIVA,False,259.0,BR-259,0.0,-19.74631119,-40.37715554,Condutor deixou de manter distância do veículo da frente,Colisão traseira,Sem Vítimas,Pleno dia,Decrescente,Céu Claro,Simples,Interseção de Vias;Reta;Rotatória,Não,0.0,0.0,0.0,0.0,2.0,1.0,3.0,3.0,SPRF-ES,DEL02-ES,UOP01-DEL02-ES,0,baixo
2025-08-10,20:30,2025-08-10 20:30:00,2025.0,8.0,domingo,20.0,noite,ES,IUNA,False,262.0,BR-262,195.0,-20.28403644,-41.77212238,Ingestão de álcool pelo condutor,Colisão frontal,Com Vítimas Feridas,Plena Noite,Crescente,Céu Claro,Simples,Declive;Reta,Não,0.0,0.0,1.0,1.0,1.0,1.0,3.0,3.0,SPRF-ES,DEL01-ES,UOP02-DEL01-ES,0,moderado
2025-08-11,00:20,2025-08-11 00:20:00,2025.0,8.0,segunda,0.0,madrugada,ES,ITAPEMIRIM,False,101.0,BR-101,407.3,-20.8920294,-41.03289366,Condutor deixou de manter distância do veículo da frente,Colisão traseira,Com Vítimas Feridas,Plena Noite,Crescente,Nublado,Simples,Reta,Não,0.0,0.0,1.0,1.0,4.0,1.0,3.0,6.0,SPRF-ES,DEL03-ES,UOP02-DEL03-ES,0,moderado
2025-08-11,14:30,2025-08-11 14:30:00,2025.0,8.0,segunda,14.0,tarde,ES,CARIACICA,True,101.0,BR-101,294.7,-20.32858392,-40.39806889,Condutor deixou de manter distância do veículo da frente,Colisão traseira,Com Vítimas Feridas,Pleno dia,Crescente,Céu Claro,Dupla,Reta,Não,0.0,0.0,1.0,1.0,1.0,0.0,2.0,2.0,SPRF-ES,DEL01-ES,UOP01-DEL01-ES,0,moderado
2025-08-11,16:50,2025-08-11 16:50:00,2025.0,8.0,segunda,16.0,tarde,ES,VIANA,True,101.0,BR-101,299.8,-20.357113,-40.429917,Condutor desrespeitou a iluminação vermelha do semáforo,Colisão lateral sentido oposto,Com Vítimas Feridas,Pleno dia,Crescente,Céu Claro,Múltipla,Viaduto,Sim,0.0,0.0,1.0,1.0,1.0,0.0,2.0,2.0,SPRF-ES,DEL01-ES,UOP01-DEL01-ES,0,moderado
2025-08-12,16:00,2025-08-12 16:00:00,2025.0,8.0,terca,16.0,tarde,ES,LINHARES,False,101.0,BR-101,145.3,-19.36387572,-40.06504177,Ultrapassagem Indevida,Colisão frontal,Com Vítimas Fatais,Pleno dia,Crescente,Céu Claro,Múltipla,Aclive;Reta,Sim,1.0,0.0,1.0,1.0,3.0,1.0,5.0,6.0,SPRF-ES,DEL04-ES,UOP01-DEL04-ES,1,fatal
2025-08-13,10:40,2025-08-13 10:40:00,2025.0,8.0,quarta,10.0,manha,ES,LINHARES,False,101.0,BR-101,148.6,-19.3946961,-40.06539161,Condutor desrespeitou a iluminação vermelha do semáforo,Colisão transversal,Sem Vítimas,Pleno dia,Decrescente,Céu Claro,Múltipla,Reta;Interseção de Vias,Sim,0.0,0.0,0.0,0.0,2.0,1.0,3.0,3.0,SPRF-ES,DEL04-ES,UOP01-DEL04-ES,0,baixo
2025-08-13,12:15,2025-08-13 12:15:00,2025.0,8.0,quarta,12.0,tarde,ES,JOAO NEIVA,False,101.0,BR-101,204.8,-19.76488109,-40.37321091,Acessar a via sem observar a presença dos outros veículos,Colisão transversal,Com Vítimas Feridas,Pleno dia,Decrescente,Céu Claro,Simples,Reta;Interseção de Vias,Sim,0.0,0.0,1.0,1.0,1.0,1.0,3.0,3.0,SPRF-ES,DEL02-ES,UOP01-DEL02-ES,0,moderado
2025-08-13,14:20,2025-08-13 14:20:00,2025.0,8.0,quarta,14.0,tarde,ES,CONCEICAO DA BARRA,False,101.0,BR-101,37.6,-18.4785749,-39.925121,Acessar a via sem observar a presença dos outros veículos,Colisão transversal,Com Vítimas Feridas,Pleno dia,Crescente,Nublado,Simples,Interseção de Vias;Rotatória,Sim,0.0,0.0,1.0,1.0,1.0,0.0,2.0,2.0,SPRF-ES,DEL04-ES,UOP02-DEL04-ES,0,moderado
2025-08-13,16:30,2025-08-13 16:30:00,2025.0,8.0,quarta,16.0,tarde,ES,VIANA,True,101.0,BR-101,297.6,-20.35064302,-40.41293621,Reação tardia ou ineficiente do condutor,Colisão traseira,Com Vítimas Feridas,Pleno dia,Crescente,Céu Claro,Dupla,Reta,Sim,0.0,0.0,1.0,1.0,1.0,0.0,2.0,2.0,SPRF-ES,DEL01-ES,UOP01-DEL01-ES,0,moderado
2025-08-15,15:55,2025-08-15 15:55:00,2025.0,8.0,sexta,15.0,tarde,ES,VIANA,True,101.0,BR-101,298.8,-20.35825198,-40.42111443,Velocidade Incompatível,Saída de leito carroçável,Com Vítimas Fatais,Pleno dia,Decrescente,Céu Claro,Múltipla,Aclive;Viaduto;Curva,Sim,1.0,0.0,0.0,0.0,0.0,2.0,3.0,3.0,SPRF-ES,DEL01-ES,UOP01-DEL01-ES,1,fatal
2025-08-15,16:10,2025-08-15 16:10:00,2025.0,8.0,sexta,16.0,tarde,ES,CARIACICA,True,101.0,BR-101,289.0,-20.281496,-40.393254,Objeto estático sobre o leito carroçável,Colisão com objeto,Com Vítimas Feridas,Pleno dia,Crescente,Céu Claro,Dupla,Aclive;Reta,Sim,0.0,0.0,2.0,2.0,3.0,1.0,4.0,6.0,SPRF-ES,DEL01-ES,UOP01-DEL01-ES,0,moderado
2025-08-17,18:28,2025-08-17 18:28:00,2025.0,8.0,domingo,18.0,noite,ES,ARACRUZ,False,101.0,BR-101,184.0,-19.62624494,-40.22249353,Ultrapassagem Indevida,Colisão lateral sentido oposto,Com Vítimas Feridas,Plena Noite,Crescente,Céu Claro,Simples,Reta;Declive,Não,0.0,2.0,0.0,2.0,1.0,0.0,2.0,3.0,SPRF-ES,DEL04-ES,UOP01-DEL04-ES,1,grave
2025-08-18,07:50,2025-08-18 07:50:00,2025.0,8.0,segunda,7.0,manha,ES,CARIACICA,True,101.0,BR-101,286.7,-20.263472,-40.38244,Trafegar com motocicleta (ou similar) entre as faixas,Colisão traseira,Com Vítimas Feridas,Pleno dia,Decrescente,Céu Claro,Dupla,Reta,Não,0.0,1.0,0.0,1.0,1.0,0.0,2.0,2.0,SPRF-ES,DEL01-ES,UOP01-DEL01-ES,1,grave
2025-08-18,23:30,2025-08-18 23:30:00,2025.0,8.0,segunda,23.0,noite,ES,DOMINGOS MARTINS,False,262.0,BR-262,83.4,-20.40638235,-40.96955359,Chuva,Colisão frontal,Com Vítimas Feridas,Plena Noite,Crescente,Chuva,Simples,Curva,Não,0.0,0.0,1.0,1.0,1.0,0.0,2.0,2.0,SPRF-ES,DEL01-ES,UOP02-DEL01-ES,0,moderado
2025-08-07,20:15,2025-08-07 20:15:00,2025.0,8.0,quinta,20.0,noite,ES,GUARAPARI,True,101.0,BR-101,341.9,-20.6375918,-40.5423498,Avarias e/ou desgaste excessivo no pneu,Saída de leito carroçável,Com Vítimas Feridas,Plena Noite,Crescente,Céu Claro,Dupla,Reta,Não,0.0,0.0,2.0,2.0,1.0,1.0,3.0,4.0,SPRF-ES,DEL03-ES,UOP01-DEL03-ES,0,moderado
2025-06-05,19:00,2025-06-05 19:00:00,2025.0,6.0,quinta,19.0,noite,ES,CARIACICA,True,101.0,BR-101,294.0,-20.32407,-40.395329,Velocidade Incompatível,Colisão traseira,Com Vítimas Feridas,Plena Noite,Crescente,Céu Claro,Dupla,Declive;Curva,Não,0.0,1.0,0.0,1.0,3.0,1.0,4.0,5.0,SPRF-ES,DEL01-ES,UOP01-DEL01-ES,1,grave
2025-08-21,08:30,2025-08-21 08:30:00,2025.0,8.0,quinta,8.0,manha,ES,SAO MATEUS,False,101.0,BR-101,66.0,-18.7169109,-39.8741581,Acessar a via sem observar a presença dos outros veículos,Colisão lateral mesmo sentido,Com Vítimas Feridas,Pleno dia,Crescente,Céu Claro,Dupla,Reta,Não,0.0,0.0,1.0,1.0,1.0,0.0,2.0,2.0,SPRF-ES,DEL04-ES,UOP02-DEL04-ES,0,moderado
2025-08-21,10:20,2025-08-21 10:20:00,2025.0,8.0,quinta,10.0,manha,ES,LINHARES,False,101.0,BR-101,137.6,-19.29834461,-40.08486271,Ausência de reação do condutor,Tombamento,Com Vítimas Feridas,Pleno dia,Decrescente,Céu Claro,Simples,Curva,Não,0.0,0.0,1.0,1.0,1.0,0.0,1.0,2.0,SPRF-ES,DEL04-ES,UOP01-DEL04-ES,0,moderado
2025-08-21,18:06,2025-08-21 18:06:00,2025.0,8.0,quinta,18.0,noite,ES,CARIACICA,True,101.0,BR-101,294.3,-20.3294315,-40.3984085,Problema com o freio,Colisão traseira,Com Vítimas Feridas,Plena Noite,Crescente,Nublado,Dupla,Reta,Sim,0.0,1.0,1.0,2.0,2.0,1.0,4.0,5.0,SPRF-ES,DEL01-ES,UOP01-DEL01-ES,1,grave
2025-08-21,18:20,2025-08-21 18:20:00,2025.0,8.0,quinta,18.0,noite,ES,RIO NOVO DO SUL,False,101.0,BR-101,391.0,-20.8626616,-40.88424683,Velocidade Incompatível,Tombamento,Com Vítimas Feridas,Plena Noite,Crescente,Céu Claro,Simples,Curva,Não,0.0,0.0,1.0,1.0,0.0,1.0,2.0,2.0,SPRF-ES,DEL03-ES,UOP02-DEL03-ES,0,moderado
2025-08-22,14:35,2025-08-22 14:35:00,2025.0,8.0,sexta,14.0,tarde,ES,LINHARES,False,101.0,BR-101,170.0,-19.55875591,-40.17409578,Acessar a via sem observar a presença dos outros veículos,Colisão transversal,Com Vítimas Feridas,Pleno dia,Crescente,Céu Claro,Simples,Retorno Regulamentado,Não,0.0,1.0,0.0,1.0,1.0,0.0,2.0,2.0,SPRF-ES,DEL04-ES,UOP01-DEL04-ES,1,grave
2025-08-22,17:20,2025-08-22 17:20:00,2025.0,8.0,sexta,17.0,tarde,ES,CARIACICA,True,101.0,BR-101,282.9,-20.22729265,-40.36510913,Reação tardia ou ineficiente do condutor,Tombamento,Com Vítimas Feridas,Anoitecer,Crescente,Céu Claro,Dupla,Reta,Sim,0.0,0.0,1.0,1.0,1.0,0.0,2.0,2.0,SPRF-ES,DEL01-ES,UOP01-DEL01-ES,0,moderado
2025-08-23,05:30,2025-08-23 05:30:00,2025.0,8.0,sabado,5.0,madrugada,ES,ARACRUZ,False,101.0,BR-101,173.0,-19.57983492,-40.18741496,Ausência de reação do condutor,Colisão lateral mesmo sentido,Com Vítimas Feridas,Amanhecer,Decrescente,Céu Claro,Simples,Reta,Não,0.0,0.0,1.0,1.0,1.0,2.0,4.0,3.0,SPRF-ES,DEL04-ES,UOP01-DEL04-ES,0,moderado
2025-08-23,22:25,2025-08-23 22:25:00,2025.0,8.0,sabado,22.0,noite,ES,SAO MATEUS,False,101.0,BR-101,66.3,-18.71809576,-39.87041323,Reação tardia ou ineficiente do condutor,Colisão traseira,Com Vítimas Feridas,Plena Noite,Decrescente,Nublado,Dupla,Reta,Sim,0.0,1.0,0.0,1.0,1.0,0.0,2.0,2.0,SPRF-ES,DEL04-ES,UOP02-DEL04-ES,1,grave
2025-08-24,16:49,2025-08-24 16:49:00,2025.0,8.0,domingo,16.0,tarde,ES,PEDRO CANARIO,False,101.0,BR-101,10.6,-18.24953919,-39.95289022,Ingestão de álcool pelo condutor,Colisão lateral sentido oposto,Com Vítimas Feridas,Anoitecer,Crescente,Céu Claro,Simples,Curva,Não,0.0,0.0,3.0,3.0,1.0,3.0,4.0,6.0,SPRF-ES,DEL04-ES,UOP02-DEL04-ES,0,moderado
2025-08-24,19:10,2025-08-24 19:10:00,2025.0,8.0,domingo,19.0,noite,ES,SOORETAMA,False,101.0,BR-101,127.0,-19.20350404,-40.09548354,Ingestão de álcool pelo condutor,Colisão com objeto,Com Vítimas Feridas,Plena Noite,Crescente,Céu Claro,Múltipla,Reta,Sim,0.0,1.0,0.0,1.0,0.0,0.0,1.0,1.0,SPRF-ES,DEL04-ES,UOP01-DEL04-ES,1,grave
2025-08-26,06:40,2025-08-26 06:40:00,2025.0,8.0,terca,6.0,manha,ES,RIO NOVO DO SUL,False,101.0,BR-101,400.7,-20.8725998,-40.94670296,Velocidade Incompatível,Colisão frontal,Com Vítimas Fatais,Pleno dia,Crescente,Sol,Simples,Curva,Não,1.0,0.0,1.0,1.0,2.0,2.0,6.0,5.0,SPRF-ES,DEL03-ES,UOP02-DEL03-ES,1,fatal
2025-08-26,09:10,2025-08-26 09:10:00,2025.0,8.0,terca,9.0,manha,ES,IBATIBA,False,262.0,BR-262,161.2,-20.2346,-41.52572,Ausência de reação do condutor,Colisão traseira,Com Vítimas Fatais,Pleno dia,Crescente,Céu Claro,Simples,Aclive;Reta,Não,1.0,0.0,0.0,0.0,1.0,1.0,3.0,3.0,SPRF-ES,DEL01-ES,UOP02-DEL01-ES,1,fatal
2025-08-26,10:44,2025-08-26 10:44:00,2025.0,8.0,terca,10.0,manha,ES,SERRA,True,101.0,BR-101,268.0,-20.1547043,-40.269764,Ausência de reação do condutor,Colisão lateral mesmo sentido,Com Vítimas Feridas,Pleno dia,Crescente,Céu Claro,Dupla,Reta,Sim,0.0,0.0,1.0,1.0,1.0,0.0,2.0,2.0,SPRF-ES,DEL02-ES,UOP01-DEL02-ES,0,moderado
2025-08-26,17:15,2025-08-26 17:15:00,2025.0,8.0,terca,17.0,tarde,ES,SERRA,True,101.0,BR-101,280.6,-20.21913333,-40.35536667,Acessar a via sem observar a presença dos outros veículos,Colisão transversal,Com Vítimas Feridas,Anoitecer,Crescente,Nublado,Dupla,Reta,Não,0.0,1.0,0.0,1.0,1.0,1.0,3.0,3.0,SPRF-ES,DEL02-ES,UOP01-DEL02-ES,1,grave
2025-08-27,14:15,2025-08-27 14:15:00,2025.0,8.0,quarta,14.0,tarde,ES,MUNIZ FREIRE,False,262.0,BR-262,144.2,-20.23898,-41.40374,Acessar a via sem observar a presença dos outros veículos,Colisão transversal,Com Vítimas Feridas,Pleno dia,Crescente,Céu Claro,Simples,Interseção de Vias,Não,0.0,2.0,0.0,2.0,1.0,0.0,2.0,3.0,SPRF-ES,DEL01-ES,UOP02-DEL01-ES,1,grave
2025-08-12,18:40,2025-08-12 18:40:00,2025.0,8.0,terca,18.0,noite,ES,IBATIBA,False,262.0,BR-262,155.0,-20.21611537,-41.45542383,Reação tardia ou ineficiente do condutor,Colisão frontal,Com Vítimas Feridas,Plena Noite,Crescente,Céu Claro,Simples,Aclive;Reta,Não,0.0,1.0,0.0,1.0,1.0,1.0,3.0,3.0,SPRF-ES,DEL01-ES,UOP02-DEL01-ES,1,grave
2025-08-29,09:57,2025-08-29 09:57:00,2025.0,8.0,sexta,9.0,manha,ES,JAGUARE,False,101.0,BR-101,96.0,-18.950113,-39.981121,Acessar a via sem observar a presença dos outros veículos,Colisão transversal,Com Vítimas Feridas,Pleno dia,Decrescente,Céu Claro,Simples,Reta,Não,0.0,2.0,0.0,2.0,1.0,0.0,2.0,3.0,SPRF-ES,DEL04-ES,UOP02-DEL04-ES,1,grave
2025-08-29,14:50,2025-08-29 14:50:00,2025.0,8.0,sexta,14.0,tarde,ES,VIANA,True,101.0,BR-101,298.6,-20.35702039,-40.41938424,Manobra de mudança de faixa,Colisão lateral mesmo sentido,Com Vítimas Feridas,Pleno dia,Decrescente,Céu Claro,Dupla,Reta;Retorno Regulamentado,Sim,0.0,0.0,1.0,1.0,1.0,0.0,2.0,2.0,SPRF-ES,DEL01-ES,UOP01-DEL01-ES,0,moderado
2025-06-03,00:30,2025-06-03 00:30:00,2025.0,6.0,terca,0.0,madrugada,ES,CARIACICA,True,101.0,BR-101,295.3,-20.33226236,-40.40030956,Condutor deixou de manter distância do veículo da frente,Colisão traseira,Com Vítimas Feridas,Plena Noite,Decrescente,Chuva,Dupla,Reta,Não,0.0,1.0,0.0,1.0,0.0,1.0,2.0,2.0,SPRF-ES,DEL01-ES,UOP01-DEL01-ES,1,grave
2025-08-30,16:30,2025-08-30 16:30:00,2025.0,8.0,sabado,16.0,tarde,ES,MIMOSO DO SUL,False,101.0,BR-101,427.9,-21.13574526,-41.27855301,Chuva,Colisão frontal,Com Vítimas Fatais,Pleno dia,Crescente,Chuva,Simples,Curva,Não,1.0,0.0,0.0,0.0,1.0,0.0,2.0,2.0,SPRF-ES,DEL03-ES,UOP02-DEL03-ES,1,fatal
2025-08-30,18:20,2025-08-30 18:20:00,2025.0,8.0,sabado,18.0,noite,ES,RIO NOVO DO SUL,False,101.0,BR-101,390.0,-20.865465,-40.887843,Reação tardia ou ineficiente do condutor,Colisão traseira,Com Vítimas Feridas,Plena Noite,Crescente,Chuva,Dupla,Reta,Não,0.0,0.0,1.0,1.0,1.0,3.0,5.0,3.0,SPRF-ES,DEL03-ES,UOP02-DEL03-ES,0,moderado
2025-08-30,19:40,2025-08-30 19:40:00,2025.0,8.0,sabado,19.0,noite,ES,RIO NOVO DO SUL,False,101.0,BR-101,391.1,-20.866396,-40.889924,Transitar na contramão,Colisão lateral sentido oposto,Com Vítimas Feridas,Plena Noite,Crescente,Chuva,Dupla,Curva,Não,0.0,0.0,1.0,1.0,1.0,1.0,3.0,3.0,SPRF-ES,DEL03-ES,UOP02-DEL03-ES,0,moderado
2025-09-01,10:00,2025-09-01 10:00:00,2025.0,9.0,segunda,10.0,manha,ES,VENDA NOVA DO IMIGRANTE,False,262.0,BR-262,110.2,-20.336944,-41.1826369,Acessar a via sem observar a presença dos outros veículos,Colisão transversal,Com Vítimas Feridas,Pleno dia,Decrescente,Chuva,Simples,Reta;Retorno Regulamentado,Sim,0.0,1.0,0.0,1.0,1.0,0.0,2.0,2.0,SPRF-ES,DEL01-ES,UOP02-DEL01-ES,1,grave
2025-09-01,15:10,2025-09-01 15:10:00,2025.0,9.0,segunda,15.0,tarde,ES,SERRA,True,101.0,BR-101,1.0,-20.07018122,-40.36432743,Reação tardia ou ineficiente do condutor,Tombamento,Com Vítimas Feridas,Pleno dia,Crescente,Chuva,Dupla,Curva,Não,0.0,0.0,1.0,1.0,0.0,1.0,2.0,2.0,SPRF-ES,DEL02-ES,UOP01-DEL02-ES,0,moderado
2025-08-01,08:45,2025-08-01 08:45:00,2025.0,8.0,sexta,8.0,manha,ES,ATILIO VIVACQUA,False,101.0,BR-101,425.0,-20.99179929,-41.1224229,Reação tardia ou ineficiente do condutor,Tombamento,Com Vítimas Feridas,Pleno dia,Decrescente,Sol,Simples,Reta,Não,0.0,0.0,1.0,1.0,0.0,1.0,2.0,2.0,SPRF-ES,DEL03-ES,UOP02-DEL03-ES,0,moderado
2025-03-19,05:40,2025-03-19 05:40:00,2025.0,3.0,quarta,5.0,madrugada,ES,SERRA,True,101.0,BR-101,3.2,-20.11136907,-40.34649567,Condutor Dormindo,Colisão traseira,Sem Vítimas,Amanhecer,Decrescente,Céu Claro,Simples,Reta,Não,0.0,0.0,0.0,0.0,2.0,4.0,6.0,3.0,SPRF-ES,DEL02-ES,UOP01-DEL02-ES,0,baixo
2025-09-02,19:40,2025-09-02 19:40:00,2025.0,9.0,terca,19.0,noite,ES,VIANA,True,101.0,BR-101,299.0,-20.35783825,-40.42699551,Acumulo de água sobre o pavimento,Colisão com objeto,Sem Vítimas,Plena Noite,Crescente,Chuva,Dupla,Curva,Sim,0.0,0.0,0.0,0.0,1.0,0.0,1.0,1.0,SPRF-ES,DEL01-ES,UOP01-DEL01-ES,0,baixo
2025-09-03,03:20,2025-09-03 03:20:00,2025.0,9.0,quarta,3.0,madrugada,ES,GUARAPARI,True,101.0,BR-101,330.5,-20.59532329,-40.50277124,Ausência de reação do condutor,Tombamento,Sem Vítimas,Plena Noite,Crescente,Céu Claro,Dupla,Curva,Não,0.0,0.0,0.0,0.0,1.0,1.0,2.0,2.0,SPRF-ES,DEL03-ES,UOP01-DEL03-ES,0,baixo
2025-09-03,04:59,2025-09-03 04:59:00,2025.0,9.0,quarta,4.0,madrugada,ES,PINHEIROS,False,101.0,BR-101,19.8,-18.32371151,-39.95850103,Acessar a via sem observar a presença dos outros veículos,Colisão transversal,Com Vítimas Feridas,Amanhecer,Crescente,Céu Claro,Simples,Curva,Não,0.0,0.0,3.0,3.0,1.0,2.0,4.0,5.0,SPRF-ES,DEL04-ES,UOP02-DEL04-ES,0,moderado
2025-09-03,17:15,2025-09-03 17:15:00,2025.0,9.0,quarta,17.0,tarde,ES,SAO MATEUS,False,101.0,BR-101,60.6,-18.67733462,-39.86500594,Demais falhas mecânicas ou elétricas,Atropelamento de Pedestre,Com Vítimas Feridas,Anoitecer,Crescente,Céu Claro,Simples,Reta,Não,0.0,0.0,1.0,1.0,1.0,0.0,2.0,2.0,SPRF-ES,DEL04-ES,UOP02-DEL04-ES,0,moderado
2025-09-04,07:30,2025-09-04 07:30:00,2025.0,9.0,quinta,7.0,manha,ES,RIO NOVO DO SUL,False,101.0,BR-101,395.5,-20.86926878,-40.94151735,Suicídio (presumido),Colisão frontal,Com Vítimas Feridas,Pleno dia,Crescente,Céu Claro,Simples,Reta,Não,0.0,0.0,1.0,1.0,1.0,1.0,3.0,3.0,SPRF-ES,DEL03-ES,UOP02-DEL03-ES,0,moderado
2025-09-04,13:30,2025-09-04 13:30:00,2025.0,9.0,quinta,13.0,tarde,ES,JAGUARE,False,101.0,BR-101,101.0,-18.990131,-40.000366,Acessar a via sem observar a presença dos outros veículos,Colisão transversal,Com Vítimas Feridas,Pleno dia,Decrescente,Céu Claro,Simples,Aclive,Sim,0.0,0.0,1.0,1.0,1.0,0.0,2.0,2.0,SPRF-ES,DEL04-ES,UOP02-DEL04-ES,0,moderado
2025-08-03,12:30,2025-08-03 12:30:00,2025.0,8.0,domingo,12.0,tarde,ES,CONCEICAO DA BARRA,False,101.0,BR-101,28.9,-18.37805076,-39.94661524,Ultrapassagem Indevida,Saída de leito carroçável,Com Vítimas Feridas,Pleno dia,Crescente,Céu Claro,Simples,Reta,Não,0.0,0.0,1.0,1.0,1.0,0.0,2.0,2.0,SPRF-ES,DEL04-ES,UOP02-DEL04-ES,0,moderado
2025-09-05,11:30,2025-09-05 11:30:00,2025.0,9.0,sexta,11.0,manha,ES,MARECHAL FLORIANO,False,262.0,BR-262,54.0,-20.414707,-40.740879,Mal súbito do condutor,Saída de leito carroçável,Com Vítimas Feridas,Pleno dia,Decrescente,Sol,Simples,Curva,Não,0.0,0.0,1.0,1.0,0.0,0.0,1.0,1.0,SPRF-ES,DEL01-ES,UOP01-DEL01-ES,0,moderado
2025-09-05,12:15,2025-09-05 12:15:00,2025.0,9.0,sexta,12.0,tarde,ES,BAIXO GUANDU,False,259.0,BR-259,101.3,-19.52179445,-41.01431161,Acessar a via sem observar a presença dos outros veículos,Colisão transversal,Com Vítimas Feridas,Pleno dia,Decrescente,Sol,Dupla,Interseção de Vias,Não,0.0,1.0,1.0,2.0,1.0,0.0,2.0,3.0,SPRF-ES,DEL02-ES,UOP01-DEL02-ES,1,grave
2025-09-06,20:40,2025-09-06 20:40:00,2025.0,9.0,sabado,20.0,noite,ES,VIANA,True,101.0,BR-101,303.0,-20.3827311,-40.4596009,Condutor usando celular,Saída de leito carroçável,Sem Vítimas,Plena Noite,Crescente,Nublado,Múltipla,Reta,Sim,0.0,0.0,0.0,0.0,1.0,1.0,2.0,2.0,SPRF-ES,DEL01-ES,UOP01-DEL01-ES,0,baixo
2025-09-07,12:30,2025-09-07 12:30:00,2025.0,9.0,domingo,12.0,tarde,ES,SAO MATEUS,False,101.0,BR-101,69.2,-18.7377772,-39.86086456,Reação tardia ou ineficiente do condutor,Colisão traseira,Com Vítimas Feridas,Pleno dia,Crescente,Sol,Simples,Reta,Sim,0.0,0.0,1.0,1.0,1.0,0.0,2.0,2.0,SPRF-ES,DEL04-ES,UOP02-DEL04-ES,0,moderado
2025-09-07,16:35,2025-09-07 16:35:00,2025.0,9.0,domingo,16.0,tarde,ES,ANCHIETA,False,101.0,BR-101,368.7,-20.75584527,-40.75623496,Velocidade Incompatível,Colisão com objeto,Com Vítimas Feridas,Pleno dia,Crescente,Céu Claro,Simples,Curva,Não,0.0,0.0,1.0,1.0,0.0,1.0,2.0,2.0,SPRF-ES,DEL03-ES,UOP01-DEL03-ES,0,moderado
2025-09-07,19:00,2025-09-07 19:00:00,2025.0,9.0,domingo,19.0,noite,ES,SAO MATEUS,False,101.0,BR-101,73.9,-18.776851,-39.873005,Acessar a via sem observar a presença dos outros veículos,Colisão transversal,Com Vítimas Feridas,Plena Noite,Crescente,Céu Claro,Simples,Reta,Não,0.0,0.0,1.0,1.0,0.0,1.0,2.0,2.0,SPRF-ES,DEL04-ES,UOP02-DEL04-ES,0,moderado
2025-09-07,20:30,2025-09-07 20:30:00,2025.0,9.0,domingo,20.0,noite,ES,SAO MATEUS,False,101.0,BR-101,88.3,-18.8857256,-39.9501186,Acessar a via sem observar a presença dos outros veículos,Colisão transversal,Com Vítimas Fatais,Plena Noite,Crescente,Nublado,Simples,Reta,Não,1.0,0.0,0.0,0.0,2.0,0.0,2.0,3.0,SPRF-ES,DEL04-ES,UOP02-DEL04-ES,1,fatal
2025-09-08,10:11,2025-09-08 10:11:00,2025.0,9.0,segunda,10.0,manha,ES,PINHEIROS,False,101.0,BR-101,28.0,-18.394302,-39.940893,Velocidade Incompatível,Tombamento,Com Vítimas Feridas,Pleno dia,Decrescente,Céu Claro,Simples,Reta;Declive,Não,0.0,0.0,1.0,1.0,0.0,2.0,3.0,2.0,SPRF-ES,DEL04-ES,UOP02-DEL04-ES,0,moderado
2025-09-08,17:00,2025-09-08 17:00:00,2025.0,9.0,segunda,17.0,tarde,ES,VENDA NOVA DO IMIGRANTE,False,262.0,BR-262,102.0,-20.326887,-41.135094,Condutor deixou de manter distância do veículo da frente,Colisão traseira,Com Vítimas Feridas,Pleno dia,Crescente,Céu Claro,Simples,Reta,Sim,0.0,0.0,1.0,1.0,2.0,0.0,3.0,3.0,SPRF-ES,DEL01-ES,UOP02-DEL01-ES,0,moderado
2025-09-09,06:25,2025-09-09 06:25:00,2025.0,9.0,terca,6.0,manha,ES,MARECHAL FLORIANO,False,262.0,BR-262,64.0,-20.41826,-40.81618,Ausência de reação do condutor,Tombamento,Sem Vítimas,Amanhecer,Decrescente,Céu Claro,Simples,Curva;Declive,Não,0.0,0.0,0.0,0.0,1.0,1.0,2.0,2.0,SPRF-ES,DEL01-ES,UOP02-DEL01-ES,0,baixo
2025-09-09,15:50,2025-09-09 15:50:00,2025.0,9.0,terca,15.0,tarde,ES,SERRA,True,101.0,BR-101,262.8,-20.1637356,-40.27451181,Falta de acostamento,Colisão lateral mesmo sentido,Com Vítimas Feridas,Pleno dia,Decrescente,Sol,Dupla,Reta,Sim,0.0,0.0,1.0,1.0,1.0,0.0,2.0,2.0,SPRF-ES,DEL02-ES,UOP01-DEL02-ES,0,moderado
2025-09-10,06:30,2025-09-10 06:30:00,2025.0,9.0,quarta,6.0,manha,ES,SERRA,True,101.0,BR-101,14.8,-20.18072549,-40.3403306,Reação tardia ou ineficiente do condutor,Tombamento,Com Vítimas Feridas,Pleno dia,Crescente,Céu Claro,Dupla,Reta,Não,0.0,0.0,1.0,1.0,0.0,0.0,1.0,1.0,SPRF-ES,DEL02-ES,UOP01-DEL02-ES,0,moderado
2025-09-10,13:02,2025-09-10 13:02:00,2025.0,9.0,quarta,13.0,tarde,ES,LINHARES,False,101.0,BR-101,161.0,-19.488438,-40.125034,Acessar a via sem observar a presença dos outros veículos,Colisão transversal,Com Vítimas Feridas,Pleno dia,Crescente,Céu Claro,Simples,Reta,Não,0.0,1.0,0.0,1.0,1.0,1.0,3.0,3.0,SPRF-ES,DEL04-ES,UOP01-DEL04-ES,1,grave
2025-09-10,14:20,2025-09-10 14:20:00,2025.0,9.0,quarta,14.0,tarde,ES,VENDA NOVA DO IMIGRANTE,False,101.0,BR-101,101.5,-20.34266951,-41.1137116,Velocidade Incompatível,Tombamento,Com Vítimas Feridas,Pleno dia,Crescente,Sol,Simples,Curva,Não,0.0,0.0,1.0,1.0,0.0,1.0,2.0,2.0,SPRF-ES,DEL04-ES,UOP02-DEL04-ES,0,moderado
2025-09-10,19:00,2025-09-10 19:00:00,2025.0,9.0,quarta,19.0,noite,ES,SERRA,True,101.0,BR-101,16.7,-20.07971406,-40.36634445,Ausência de reação do condutor,Colisão com objeto,Sem Vítimas,Plena Noite,Crescente,Céu Claro,Dupla,Curva,Não,0.0,0.0,0.0,0.0,1.0,1.0,2.0,2.0,SPRF-ES,DEL02-ES,UOP01-DEL02-ES,0,baixo
2025-09-10,21:10,2025-09-10 21:10:00,2025.0,9.0,quarta,21.0,noite,ES,VILA VELHA,True,101.0,BR-101,315.0,-20.47643682,-40.47060582,Velocidade Incompatível,Tombamento,Com Vítimas Feridas,Plena Noite,Decrescente,Nublado,Dupla,Aclive;Curva,Não,0.0,0.0,1.0,1.0,0.0,1.0,2.0,2.0,SPRF-ES,DEL01-ES,UOP01-DEL01-ES,0,moderado
2025-09-11,04:50,2025-09-11 04:50:00,2025.0,9.0,quinta,4.0,madrugada,ES,ITAPEMIRIM,False,101.0,BR-101,406.5,-20.89356564,-41.02660252,Reação tardia ou ineficiente do condutor,Tombamento,Com Vítimas Fatais,Amanhecer,Crescente,Céu Claro,Simples,Curva,Não,1.0,0.0,0.0,0.0,0.0,1.0,2.0,2.0,SPRF-ES,DEL03-ES,UOP02-DEL03-ES,1,fatal
2025-09-03,14:00,2025-09-03 14:00:00,2025.0,9.0,quarta,14.0,tarde,ES,SERRA,True,101.0,BR-101,281.0,-20.22191,-40.35798,Acessar a via sem observar a presença dos outros veículos,Colisão traseira,Com Vítimas Feridas,Pleno dia,Crescente,Nublado,Dupla,Retorno Regulamentado;Reta,Não,0.0,0.0,1.0,1.0,5.0,0.0,2.0,6.0,SPRF-ES,DEL02-ES,UOP01-DEL02-ES,0,moderado
2025-09-12,00:00,2025-09-12 00:00:00,2025.0,9.0,sexta,0.0,madrugada,ES,CARIACICA,True,101.0,BR-101,310.0,-20.3372167,-40.384865,Ingestão de álcool pelo condutor,Saída de leito carroçável,Com Vítimas Feridas,Plena Noite,Crescente,Céu Claro,Dupla,Curva,Não,0.0,0.0,1.0,1.0,0.0,0.0,1.0,1.0,SPRF-ES,DEL01-ES,UOP01-DEL01-ES,0,moderado
2025-09-13,05:15,2025-09-13 05:15:00,2025.0,9.0,sabado,5.0,madrugada,ES,CARIACICA,True,101.0,BR-101,294.0,-20.3226261,-40.3951829,Ausência de reação do condutor,Colisão com objeto,Com Vítimas Feridas,Amanhecer,Crescente,Chuva,Dupla,Reta,Não,0.0,0.0,1.0,1.0,1.0,0.0,1.0,2.0,SPRF-ES,DEL01-ES,UOP01-DEL01-ES,0,moderado
2025-09-13,10:00,2025-09-13 10:00:00,2025.0,9.0,sabado,10.0,manha,ES,LINHARES,False,101.0,BR-101,141.2,-19.32763566,-40.07115441,Manobra de mudança de faixa,Saída de leito carroçável,Sem Vítimas,Pleno dia,Decrescente,Nublado,Múltipla,Reta,Sim,0.0,0.0,0.0,0.0,2.0,2.0,4.0,3.0,SPRF-ES,DEL04-ES,UOP01-DEL04-ES,0,baixo
2025-09-13,13:10,2025-09-13 13:10:00,2025.0,9.0,sabado,13.0,tarde,ES,LINHARES,False,101.0,BR-101,114.4,-19.09878349,-40.05296775,Transitar na contramão,Colisão frontal,Com Vítimas Fatais,Pleno dia,Decrescente,Nublado,Dupla,Reta,Não,1.0,0.0,0.0,0.0,1.0,1.0,3.0,3.0,SPRF-ES,DEL04-ES,UOP01-DEL04-ES,1,fatal
2025-09-14,22:00,2025-09-14 22:00:00,2025.0,9.0,domingo,22.0,noite,ES,VENDA NOVA DO IMIGRANTE,False,262.0,BR-262,97.0,-20.3602235,-41.07678192,Demais falhas mecânicas ou elétricas,Incêndio,Sem Vítimas,Plena Noite,Decrescente,Nublado,Simples,Reta,Sim,0.0,0.0,0.0,0.0,1.0,1.0,2.0,2.0,SPRF-ES,DEL01-ES,UOP02-DEL01-ES,0,baixo
2025-09-15,11:00,2025-09-15 11:00:00,2025.0,9.0,segunda,11.0,manha,ES,DOMINGOS MARTINS,False,262.0,BR-262,33.5,-20.3144188,-40.5813394,Problema com o freio,Saída de leito carroçável,Com Vítimas Feridas,Pleno dia,Decrescente,Nublado,Simples,Curva,Não,0.0,0.0,2.0,2.0,0.0,0.0,1.0,2.0,SPRF-ES,DEL01-ES,UOP01-DEL01-ES,0,moderado
2025-07-20,03:20,2025-07-20 03:20:00,2025.0,7.0,domingo,3.0,madrugada,ES,CONCEICAO DA BARRA,False,101.0,BR-101,46.9,-18.57059561,-39.89702225,Ausência de reação do condutor,Colisão frontal,Com Vítimas Fatais,Amanhecer,Crescente,Céu Claro,Simples,Reta,Não,1.0,0.0,0.0,0.0,1.0,3.0,5.0,3.0,SPRF-ES,DEL04-ES,UOP02-DEL04-ES,1,fatal
2025-07-15,05:00,2025-07-15 05:00:00,2025.0,7.0,terca,5.0,madrugada,ES,IBATIBA,False,262.0,BR-262,183.0,-20.29248927,-41.66445291,Ausência de reação do condutor,Colisão com objeto,Com Vítimas Feridas,Amanhecer,Decrescente,Céu Claro,Simples,Reta,Não,0.0,0.0,1.0,1.0,0.0,1.0,2.0,2.0,SPRF-ES,DEL01-ES,UOP02-DEL01-ES,0,moderado
2025-09-16,18:50,2025-09-16 18:50:00,2025.0,9.0,terca,18.0,noite,ES,CARIACICA,True,101.0,BR-101,288.0,-20.27330493,-40.39187908,Acessar a via sem observar a presença dos outros veículos,Colisão transversal,Com Vítimas Feridas,Plena Noite,Crescente,Céu Claro,Dupla,Interseção de Vias,Sim,0.0,1.0,0.0,1.0,1.0,1.0,3.0,3.0,SPRF-ES,DEL01-ES,UOP01-DEL01-ES,1,grave
2025-09-17,10:00,2025-09-17 10:00:00,2025.0,9.0,quarta,10.0,manha,ES,FUNDAO,True,101.0,BR-101,229.8,-19.9349553,-40.4055385,Conversão proibida,Colisão transversal,Com Vítimas Feridas,Pleno dia,Crescente,Sol,Simples,Reta,Sim,0.0,1.0,1.0,2.0,1.0,2.0,4.0,4.0,SPRF-ES,DEL02-ES,UOP01-DEL02-ES,1,grave
2025-09-18,06:00,2025-09-18 06:00:00,2025.0,9.0,quinta,6.0,manha,ES,IBATIBA,False,262.0,BR-262,155.0,-20.2280532,-41.4723587,Ausência de reação do condutor,Colisão lateral sentido oposto,Com Vítimas Feridas,Pleno dia,Decrescente,Nublado,Dupla,Reta,Não,0.0,1.0,0.0,1.0,3.0,1.0,4.0,5.0,SPRF-ES,DEL01-ES,UOP02-DEL01-ES,1,grave
2025-09-18,21:56,2025-09-18 21:56:00,2025.0,9.0,quinta,21.0,noite,ES,CARIACICA,True,101.0,BR-101,287.0,-20.266128,-40.386141,Condutor deixou de manter distância do veículo da frente,Colisão lateral mesmo sentido,Com Vítimas Feridas,Plena Noite,Crescente,Céu Claro,Dupla,Reta,Sim,0.0,0.0,3.0,3.0,0.0,1.0,2.0,4.0,SPRF-ES,DEL01-ES,UOP01-DEL01-ES,0,moderado
2025-09-19,11:40,2025-09-19 11:40:00,2025.0,9.0,sexta,11.0,manha,ES,SERRA,True,101.0,BR-101,9.0,-20.13582,-40.33955,Avarias e/ou desgaste excessivo no pneu,Colisão traseira,Com Vítimas Feridas,Pleno dia,Crescente,Chuva,Dupla,Reta,Não,0.0,1.0,1.0,2.0,3.0,1.0,4.0,6.0,SPRF-ES,DEL02-ES,UOP01-DEL02-ES,1,grave
2025-09-19,14:07,2025-09-19 14:07:00,2025.0,9.0,sexta,14.0,tarde,ES,DOMINGOS MARTINS,False,262.0,BR-262,39.8,-20.38395364,-40.63573711,Transitar na contramão,Colisão frontal,Com Vítimas Feridas,Pleno dia,Crescente,Chuva,Simples,Curva,Não,0.0,0.0,1.0,1.0,3.0,0.0,2.0,4.0,SPRF-ES,DEL01-ES,UOP01-DEL01-ES,0,moderado
2025-09-19,23:40,2025-09-19 23:40:00,2025.0,9.0,sexta,23.0,noite,ES,LINHARES,False,101.0,BR-101,146.0,-19.37882086,-40.06665729,Ingestão de álcool pelo condutor,Colisão lateral mesmo sentido,Sem Vítimas,Plena Noite,Crescente,Nublado,Múltipla,Reta,Sim,0.0,0.0,0.0,0.0,2.0,0.0,2.0,2.0,SPRF-ES,DEL04-ES,UOP01-DEL04-ES,0,baixo
2025-09-20,04:00,2025-09-20 04:00:00,2025.0,9.0,sabado,4.0,madrugada,ES,RIO NOVO DO SUL,False,101.0,BR-101,383.6,-20.8249073,-40.8559496,Problema na suspensão,Capotamento,Com Vítimas Feridas,Amanhecer,Decrescente,Céu Claro,Simples,Curva,Não,0.0,0.0,1.0,1.0,0.0,0.0,1.0,1.0,SPRF-ES,DEL03-ES,UOP01-DEL03-ES,0,moderado
2025-09-20,20:45,2025-09-20 20:45:00,2025.0,9.0,sabado,20.0,noite,ES,LINHARES,False,101.0,BR-101,139.5,-19.31338332,-40.07833584,Acessar a via sem observar a presença dos outros veículos,Colisão transversal,Com Vítimas Feridas,Plena Noite,Decrescente,Nublado,Simples,Retorno Regulamentado,Sim,0.0,1.0,0.0,1.0,1.0,0.0,2.0,2.0,SPRF-ES,DEL04-ES,UOP01-DEL04-ES,1,grave
2025-08-12,11:00,2025-08-12 11:00:00,2025.0,8.0,terca,11.0,manha,ES,ANCHIETA,False,101.0,BR-101,366.3,-20.736891,-40.760741,Sinalização mal posicionada,Colisão traseira,Sem Vítimas,Pleno dia,Crescente,Nublado,Simples,Curva,Não,0.0,0.0,0.0,0.0,3.0,3.0,6.0,4.0,SPRF-ES,DEL03-ES,UOP01-DEL03-ES,0,baixo
2025-09-22,10:30,2025-09-22 10:30:00,2025.0,9.0,segunda,10.0,manha,ES,CONCEICAO DA BARRA,False,101.0,BR-101,16.0,-18.31169956,-39.95517254,Pedestre cruzava a pista fora da faixa,Atropelamento de Pedestre,Com Vítimas Feridas,Pleno dia,Decrescente,Sol,Simples,Interseção de Vias,Sim,0.0,1.0,0.0,1.0,1.0,2.0,4.0,3.0,SPRF-ES,DEL04-ES,UOP02-DEL04-ES,1,grave
2025-09-22,17:00,2025-09-22 17:00:00,2025.0,9.0,segunda,17.0,tarde,ES,MARECHAL FLORIANO,False,262.0,BR-262,52.3,-20.41387594,-40.72654724,Ultrapassagem Indevida,Colisão lateral mesmo sentido,Sem Vítimas,Pleno dia,Crescente,Céu Claro,Simples,Reta,Sim,0.0,0.0,0.0,0.0,2.0,1.0,3.0,3.0,SPRF-ES,DEL01-ES,UOP01-DEL01-ES,0,baixo
2025-09-23,01:30,2025-09-23 01:30:00,2025.0,9.0,terca,1.0,madrugada,ES,VIANA,True,101.0,BR-101,299.9,-20.35722526,-40.43004436,Acessar a via sem observar a presença dos outros veículos,Colisão transversal,Com Vítimas Feridas,Plena Noite,Crescente,Chuva,Dupla,Viaduto;Reta,Sim,0.0,1.0,0.0,1.0,1.0,0.0,2.0,2.0,SPRF-ES,DEL01-ES,UOP01-DEL01-ES,1,grave
2025-09-23,04:00,2025-09-23 04:00:00,2025.0,9.0,terca,4.0,madrugada,ES,RIO NOVO DO SUL,False,101.0,BR-101,383.2,-20.84257841,-40.87364372,Chuva,Saída de leito carroçável,Com Vítimas Feridas,Plena Noite,Crescente,Chuva,Simples,Curva,Não,0.0,0.0,1.0,1.0,0.0,0.0,1.0,1.0,SPRF-ES,DEL03-ES,UOP01-DEL03-ES,0,moderado
2025-09-23,17:05,2025-09-23 17:05:00,2025.0,9.0,terca,17.0,tarde,ES,VENDA NOVA DO IMIGRANTE,False,262.0,BR-262,105.0,-20.32661348,-41.13556242,Entrada inopinada do pedestre,Atropelamento de Pedestre,Com Vítimas Feridas,Anoitecer,Crescente,Garoa/Chuvisco,Simples,Reta,Sim,0.0,0.0,1.0,1.0,1.0,1.0,3.0,3.0,SPRF-ES,DEL01-ES,UOP02-DEL01-ES,0,moderado
2025-09-24,10:17,2025-09-24 10:17:00,2025.0,9.0,quarta,10.0,manha,ES,LINHARES,False,101.0,BR-101,165.9,-19.46330275,-40.10644309,Acessar a via sem observar a presença dos outros veículos,Colisão traseira,Com Vítimas Fatais,Pleno dia,Decrescente,Céu Claro,Simples,Reta,Sim,1.0,0.0,0.0,0.0,1.0,0.0,2.0,2.0,SPRF-ES,DEL04-ES,UOP01-DEL04-ES,1,fatal
2025-09-24,13:15,2025-09-24 13:15:00,2025.0,9.0,quarta,13.0,tarde,ES,IBIRACU,False,101.0,BR-101,219.0,-19.865543,-40.384145,Reação tardia ou ineficiente do condutor,Engavetamento,Com Vítimas Feridas,Pleno dia,Crescente,Céu Claro,Dupla,Curva,Não,0.0,1.0,0.0,1.0,3.0,3.0,7.0,5.0,SPRF-ES,DEL02-ES,UOP01-DEL02-ES,1,grave
2025-09-24,16:15,2025-09-24 16:15:00,2025.0,9.0,quarta,16.0,tarde,ES,SERRA,True,101.0,BR-101,264.0,-20.17761881,-40.26561141,Ausência de reação do condutor,Colisão traseira,Com Vítimas Feridas,Pleno dia,Crescente,Nublado,Múltipla,Reta,Sim,0.0,1.0,0.0,1.0,1.0,2.0,4.0,3.0,SPRF-ES,DEL02-ES,UOP01-DEL02-ES,1,grave
2025-09-25,10:00,2025-09-25 10:00:00,2025.0,9.0,quinta,10.0,manha,ES,CONCEICAO DA BARRA,False,101.0,BR-101,31.5,-18.42513,-39.935153,Entrada inopinada do pedestre,Atropelamento de Pedestre,Com Vítimas Fatais,Pleno dia,Decrescente,Nublado,Simples,Aclive;Reta,Não,1.0,0.0,0.0,0.0,1.0,3.0,4.0,4.0,SPRF-ES,DEL04-ES,UOP02-DEL04-ES,1,fatal
2025-09-25,17:00,2025-09-25 17:00:00,2025.0,9.0,quinta,17.0,tarde,ES,CARIACICA,True,101.0,BR-101,292.7,-20.31286567,-40.39578438,Ausência de reação do condutor,Colisão lateral mesmo sentido,Com Vítimas Feridas,Pleno dia,Crescente,Nublado,Múltipla,Reta,Sim,0.0,1.0,0.0,1.0,0.0,1.0,2.0,2.0,SPRF-ES,DEL01-ES,UOP01-DEL01-ES,1,grave
2025-09-25,18:20,2025-09-25 18:20:00,2025.0,9.0,quinta,18.0,noite,ES,LINHARES,False,101.0,BR-101,168.5,-19.533991,-40.157091,Pedestre cruzava a pista fora da faixa,Atropelamento de Pedestre,Com Vítimas Feridas,Plena Noite,Crescente,Nublado,Simples,Reta,Não,0.0,1.0,0.0,1.0,1.0,0.0,2.0,2.0,SPRF-ES,DEL04-ES,UOP01-DEL04-ES,1,grave
2025-09-26,05:30,2025-09-26 05:30:00,2025.0,9.0,sexta,5.0,madrugada,ES,LINHARES,False,101.0,BR-101,150.8,-19.40713843,-40.06399202,Condutor deixou de manter distância do veículo da frente,Colisão traseira,Com Vítimas Feridas,Amanhecer,Crescente,Nublado,Simples,Interseção de Vias;Declive;Curva,Sim,0.0,0.0,5.0,5.0,2.0,1.0,3.0,8.0,SPRF-ES,DEL04-ES,UOP01-DEL04-ES,0,moderado
2025-09-26,10:20,2025-09-26 10:20:00,2025.0,9.0,sexta,10.0,manha,ES,VIANA,True,101.0,BR-101,302.6,-20.373942,-40.442633,Manobra de mudança de faixa,Colisão lateral mesmo sentido,Com Vítimas Feridas,Pleno dia,Crescente,Nublado,Dupla,Reta,Sim,0.0,0.0,2.0,2.0,1.0,1.0,3.0,4.0,SPRF-ES,DEL01-ES,UOP01-DEL01-ES,0,moderado
2025-09-27,00:50,2025-09-27 00:50:00,2025.0,9.0,sabado,0.0,madrugada,ES,DOMINGOS MARTINS,False,262.0,BR-262,29.0,-20.37443514,-40.55961541,Velocidade Incompatível,Capotamento,Com Vítimas Feridas,Plena Noite,Crescente,Céu Claro,Simples,Curva;Declive,Não,0.0,0.0,1.0,1.0,0.0,1.0,2.0,2.0,SPRF-ES,DEL01-ES,UOP01-DEL01-ES,0,moderado
2025-09-28,16:05,2025-09-28 16:05:00,2025.0,9.0,domingo,16.0,tarde,ES,IBIRACU,False,101.0,BR-101,226.0,-19.8788865,-40.4168977,Reação tardia ou ineficiente do condutor,Tombamento,Com Vítimas Feridas,Pleno dia,Crescente,Céu Claro,Simples,Reta,Não,0.0,0.0,2.0,2.0,0.0,1.0,3.0,3.0,SPRF-ES,DEL02-ES,UOP01-DEL02-ES,0,moderado
2025-09-29,06:09,2025-09-29 06:09:00,2025.0,9.0,segunda,6.0,manha,ES,CARIACICA,True,101.0,BR-101,290.0,-20.29395873,-40.39376736,Acessar a via sem observar a presença dos outros veículos,Colisão transversal,Com Vítimas Feridas,Pleno dia,Crescente,Céu Claro,Dupla,Declive;Retorno Regulamentado,Sim,0.0,1.0,0.0,1.0,1.0,2.0,4.0,4.0,SPRF-ES,DEL01-ES,UOP01-DEL01-ES,1,grave
2025-09-29,07:15,2025-09-29 07:15:00,2025.0,9.0,segunda,7.0,manha,ES,COLATINA,False,259.0,BR-259,58.0,-19.52219219,-40.66779166,Transitar na contramão,Colisão frontal,Com Vítimas Feridas,Pleno dia,Crescente,Céu Claro,Múltipla,Reta;Interseção de Vias;Aclive,Sim,0.0,0.0,1.0,1.0,2.0,0.0,3.0,3.0,SPRF-ES,DEL02-ES,UOP01-DEL02-ES,0,moderado
2025-09-29,08:00,2025-09-29 08:00:00,2025.0,9.0,segunda,8.0,manha,ES,SAO MATEUS,False,101.0,BR-101,73.3,-18.773282,-39.870367,Manobra de mudança de faixa,Tombamento,Com Vítimas Feridas,Pleno dia,Crescente,Céu Claro,Simples,Reta,Não,0.0,0.0,1.0,1.0,1.0,0.0,2.0,2.0,SPRF-ES,DEL04-ES,UOP02-DEL04-ES,0,moderado
2025-09-30,07:15,2025-09-30 07:15:00,2025.0,9.0,terca,7.0,manha,ES,IBATIBA,False,262.0,BR-262,174.1,-20.26881354,-41.61078701,Transitar na contramão,Colisão frontal,Com Vítimas Feridas,Amanhecer,Crescente,Céu Claro,Simples,Reta;Declive,Não,0.0,1.0,3.0,4.0,0.0,2.0,5.0,6.0,SPRF-ES,DEL01-ES,UOP02-DEL01-ES,1,grave
2025-09-30,17:20,2025-09-30 17:20:00,2025.0,9.0,terca,17.0,tarde,ES,SERRA,True,101.0,BR-101,270.4,-20.22775153,-40.27125986,Reação tardia ou ineficiente do condutor,Colisão traseira,Com Vítimas Feridas,Anoitecer,Crescente,Nublado,Múltipla,Reta,Sim,0.0,2.0,1.0,3.0,2.0,0.0,4.0,5.0,SPRF-ES,DEL02-ES,UOP01-DEL02-ES,1,grave
2025-10-01,03:56,2025-10-01 03:56:00,2025.0,10.0,quarta,3.0,madrugada,ES,JOAO NEIVA,False,259.0,BR-259,8.7,-19.67789667,-40.39893866,Velocidade Incompatível,Tombamento,Com Vítimas Feridas,Plena Noite,Decrescente,Nublado,Simples,Curva;Aclive,Não,0.0,0.0,1.0,1.0,0.0,0.0,1.0,1.0,SPRF-ES,DEL02-ES,UOP01-DEL02-ES,0,moderado
2025-10-01,15:15,2025-10-01 15:15:00,2025.0,10.0,quarta,15.0,tarde,ES,ANCHIETA,False,101.0,BR-101,368.7,-20.75592733,-40.75614151,Velocidade Incompatível,Tombamento,Com Vítimas Feridas,Pleno dia,Decrescente,Sol,Simples,Aclive;Curva,Não,0.0,0.0,1.0,1.0,0.0,0.0,1.0,1.0,SPRF-ES,DEL03-ES,UOP01-DEL03-ES,0,moderado
2025-10-02,06:50,2025-10-02 06:50:00,2025.0,10.0,quinta,6.0,manha,ES,VIANA,True,262.0,BR-262,30.0,-20.38371,-40.50002,Demais falhas mecânicas ou elétricas,Incêndio,Sem Vítimas,Pleno dia,Decrescente,Céu Claro,Simples,Curva;Declive,Não,0.0,0.0,0.0,0.0,1.0,3.0,4.0,2.0,SPRF-ES,DEL01-ES,UOP01-DEL01-ES,0,baixo
2025-10-02,10:14,2025-10-02 10:14:00,2025.0,10.0,quinta,10.0,manha,ES,SERRA,True,101.0,BR-101,245.3,-20.05802466,-40.3791068,Manobra de mudança de faixa,Colisão lateral mesmo sentido,Com Vítimas Feridas,Pleno dia,Decrescente,Céu Claro,Dupla,Reta;Em Obras,Não,0.0,0.0,3.0,3.0,1.0,0.0,2.0,4.0,SPRF-ES,DEL02-ES,UOP01-DEL02-ES,0,moderado
2025-10-03,07:00,2025-10-03 07:00:00,2025.0,10.0,sexta,7.0,manha,ES,CARIACICA,True,101.0,BR-101,290.3,-20.292215,-40.3921267,Manobra de mudança de faixa,Colisão lateral mesmo sentido,Com Vítimas Feridas,Pleno dia,Decrescente,Nublado,Dupla,Reta,Sim,0.0,0.0,1.0,1.0,0.0,1.0,2.0,2.0,SPRF-ES,DEL01-ES,UOP01-DEL01-ES,0,moderado
2025-08-14,19:45,2025-08-14 19:45:00,2025.0,8.0,quinta,19.0,noite,ES,SERRA,True,101.0,BR-101,264.6,-20.17860167,-40.26508333,Condutor desrespeitou a iluminação vermelha do semáforo,Colisão transversal,Com Vítimas Feridas,Pleno dia,Crescente,Nublado,Múltipla,Reta,Sim,0.0,0.0,1.0,1.0,0.0,3.0,3.0,4.0,SPRF-ES,DEL02-ES,UOP01-DEL02-ES,0,moderado
2025-10-04,14:40,2025-10-04 14:40:00,2025.0,10.0,sabado,14.0,tarde,ES,LINHARES,False,101.0,BR-101,149.6,-19.40590236,-40.06236689,Acessar a via sem observar a presença dos outros veículos,Colisão transversal,Com Vítimas Fatais,Pleno dia,Crescente,Céu Claro,Dupla,Aclive;Curva,Sim,1.0,0.0,0.0,0.0,1.0,1.0,3.0,3.0,SPRF-ES,DEL04-ES,UOP01-DEL04-ES,1,fatal
2025-10-04,14:25,2025-10-04 14:25:00,2025.0,10.0,sabado,14.0,tarde,ES,GUARAPARI,True,101.0,BR-101,337.0,-20.638364,-40.543931,Manobra de mudança de faixa,Colisão traseira,Com Vítimas Feridas,Pleno dia,Decrescente,Céu Claro,Dupla,Reta,Não,0.0,0.0,2.0,2.0,2.0,2.0,4.0,6.0,SPRF-ES,DEL03-ES,UOP01-DEL03-ES,0,moderado
2025-10-04,22:30,2025-10-04 22:30:00,2025.0,10.0,sabado,22.0,noite,ES,SAO MATEUS,False,101.0,BR-101,57.0,-18.65286386,-39.87227009,Ausência de reação do condutor,Colisão traseira,Sem Vítimas,Plena Noite,Decrescente,Garoa/Chuvisco,Simples,Reta;Aclive,Não,0.0,0.0,0.0,0.0,1.0,2.0,3.0,3.0,SPRF-ES,DEL04-ES,UOP02-DEL04-ES,0,baixo
2025-10-05,13:10,2025-10-05 13:10:00,2025.0,10.0,domingo,13.0,tarde,ES,SERRA,True,101.0,BR-101,255.4,-20.11733,-40.31448833,Condutor deixou de manter distância do veículo da frente,Colisão traseira,Com Vítimas Feridas,Pleno dia,Crescente,Nublado,Simples,Reta,Sim,0.0,0.0,2.0,2.0,1.0,1.0,3.0,4.0,SPRF-ES,DEL02-ES,UOP01-DEL02-ES,0,moderado
2025-10-05,18:00,2025-10-05 18:00:00,2025.0,10.0,domingo,18.0,noite,ES,VENDA NOVA DO IMIGRANTE,False,262.0,BR-262,95.0,-20.33278103,-41.20503783,Acessar a via sem observar a presença dos outros veículos,Colisão frontal,Com Vítimas Feridas,Plena Noite,Crescente,Nublado,Simples,Aclive;Curva,Não,0.0,1.0,0.0,1.0,1.0,0.0,2.0,2.0,SPRF-ES,DEL01-ES,UOP02-DEL01-ES,1,grave
2025-10-05,21:15,2025-10-05 21:15:00,2025.0,10.0,domingo,21.0,noite,ES,MIMOSO DO SUL,False,101.0,BR-101,436.6,-21.06353651,-41.21592879,Conversão proibida,Colisão transversal,Com Vítimas Feridas,Plena Noite,Crescente,Céu Claro,Simples,Reta,Não,0.0,0.0,4.0,4.0,2.0,1.0,3.0,7.0,SPRF-ES,DEL03-ES,UOP02-DEL03-ES,0,moderado
2025-09-22,06:40,2025-09-22 06:40:00,2025.0,9.0,segunda,6.0,manha,ES,SERRA,True,101.0,BR-101,270.0,-20.229059,-40.272121,Manobra de mudança de faixa,Colisão lateral mesmo sentido,Com Vítimas Feridas,Pleno dia,Decrescente,Céu Claro,Dupla,Reta,Sim,0.0,0.0,1.0,1.0,0.0,3.0,3.0,4.0,SPRF-ES,DEL02-ES,UOP01-DEL02-ES,0,moderado
2025-10-07,17:00,2025-10-07 17:00:00,2025.0,10.0,terca,17.0,tarde,ES,MUQUI,False,393.0,BR-393,37.0,-20.94204193,-41.34681707,Velocidade Incompatível,Colisão frontal,Com Vítimas Feridas,Plena Noite,Crescente,Garoa/Chuvisco,Simples,Reta,Não,0.0,1.0,0.0,1.0,0.0,2.0,2.0,3.0,SPRF-ES,DEL03-ES,UOP02-DEL03-ES,1,grave
2025-10-08,02:15,2025-10-08 02:15:00,2025.0,10.0,quarta,2.0,madrugada,ES,CACHOEIRO DE ITAPEMIRIM,False,101.0,BR-101,417.0,-20.93322397,-41.08028412,Condutor Dormindo,Saída de leito carroçável,Com Vítimas Feridas,Plena Noite,Crescente,Nublado,Simples,Reta,Não,0.0,1.0,0.0,1.0,0.0,0.0,1.0,1.0,SPRF-ES,DEL03-ES,UOP02-DEL03-ES,1,grave
2025-10-08,16:20,2025-10-08 16:20:00,2025.0,10.0,quarta,16.0,tarde,ES,IBIRACU,False,101.0,BR-101,212.0,-19.820575,-40.368742,Acessar a via sem observar a presença dos outros veículos,Colisão transversal,Com Vítimas Feridas,Pleno dia,Crescente,Céu Claro,Simples,Reta,Sim,0.0,0.0,1.0,1.0,1.0,0.0,2.0,2.0,SPRF-ES,DEL02-ES,UOP01-DEL02-ES,0,moderado
2025-10-08,19:40,2025-10-08 19:40:00,2025.0,10.0,quarta,19.0,noite,ES,VENDA NOVA DO IMIGRANTE,False,262.0,BR-262,110.0,-20.33679981,-41.18523206,Mal súbito do condutor,Colisão frontal,Com Vítimas Feridas,Plena Noite,Crescente,Nublado,Simples,Reta,Sim,0.0,1.0,0.0,1.0,1.0,1.0,3.0,3.0,SPRF-ES,DEL01-ES,UOP02-DEL01-ES,1,grave
2025-10-09,14:56,2025-10-09 14:56:00,2025.0,10.0,quinta,14.0,tarde,ES,DOMINGOS MARTINS,False,262.0,BR-262,85.0,-20.37977,-41.03814,Condutor deixou de manter distância do veículo da frente,Colisão traseira,Com Vítimas Feridas,Pleno dia,Decrescente,Céu Claro,Simples,Curva,Não,0.0,0.0,1.0,1.0,2.0,0.0,2.0,3.0,SPRF-ES,DEL01-ES,UOP02-DEL01-ES,0,moderado
2025-10-10,17:20,2025-10-10 17:20:00,2025.0,10.0,sexta,17.0,tarde,ES,LINHARES,False,101.0,BR-101,142.0,-19.33396395,-40.06815791,Condutor deixou de manter distância do veículo da frente,Colisão traseira,Com Vítimas Feridas,Anoitecer,Crescente,Nublado,Dupla,Reta,Sim,0.0,0.0,1.0,1.0,4.0,0.0,2.0,5.0,SPRF-ES,DEL04-ES,UOP01-DEL04-ES,0,moderado
2025-10-10,22:45,2025-10-10 22:45:00,2025.0,10.0,sexta,22.0,noite,ES,ARACRUZ,False,101.0,BR-101,176.8,-19.60167183,-40.20278393,Velocidade Incompatível,Colisão frontal,Com Vítimas Fatais,Pleno dia,Crescente,Nublado,Simples,Reta,Sim,2.0,0.0,0.0,0.0,1.0,3.0,4.0,6.0,SPRF-ES,DEL04-ES,UOP01-DEL04-ES,1,fatal
2025-10-11,08:25,2025-10-11 08:25:00,2025.0,10.0,sabado,8.0,manha,ES,ANCHIETA,False,101.0,BR-101,358.3,-20.694,-40.7066,Mal súbito do condutor,Colisão lateral sentido oposto,Com Vítimas Feridas,Pleno dia,Crescente,Céu Claro,Simples,Reta;Aclive,Não,0.0,1.0,0.0,1.0,1.0,1.0,3.0,3.0,SPRF-ES,DEL03-ES,UOP01-DEL03-ES,1,grave
2025-10-11,16:00,2025-10-11 16:00:00,2025.0,10.0,sabado,16.0,tarde,ES,DOMINGOS MARTINS,False,262.0,BR-262,99.9,-20.41572156,-40.91710925,Condutor Dormindo,Colisão frontal,Com Vítimas Feridas,Pleno dia,Crescente,Céu Claro,Simples,Curva;Declive,Não,0.0,0.0,1.0,1.0,1.0,1.0,3.0,3.0,SPRF-ES,DEL01-ES,UOP02-DEL01-ES,0,moderado
2025-10-11,16:00,2025-10-11 16:00:00,2025.0,10.0,sabado,16.0,tarde,ES,MARECHAL FLORIANO,False,262.0,BR-262,65.0,-20.41234,-40.832114,Conversão proibida,Colisão transversal,Com Vítimas Feridas,Pleno dia,Crescente,Nublado,Simples,Curva,Não,0.0,1.0,1.0,2.0,2.0,0.0,3.0,4.0,SPRF-ES,DEL01-ES,UOP02-DEL01-ES,1,grave
2025-10-12,20:41,2025-10-12 20:41:00,2025.0,10.0,domingo,20.0,noite,ES,SAO MATEUS,False,101.0,BR-101,64.0,-18.69906,-39.86497,Ultrapassagem Indevida,Colisão frontal,Com Vítimas Feridas,Plena Noite,Decrescente,Céu Claro,Simples,Reta,Sim,0.0,0.0,1.0,1.0,2.0,0.0,2.0,3.0,SPRF-ES,DEL04-ES,UOP02-DEL04-ES,0,moderado
2025-07-26,14:00,2025-07-26 14:00:00,2025.0,7.0,sabado,14.0,tarde,ES,SERRA,True,101.0,BR-101,259.0,-20.14223891,-40.29182919,Ultrapassagem Indevida,Colisão frontal,Com Vítimas Feridas,Pleno dia,Crescente,Céu Claro,Simples,Reta,Não,0.0,0.0,1.0,1.0,1.0,0.0,2.0,2.0,SPRF-ES,DEL02-ES,UOP01-DEL02-ES,0,moderado
2025-10-14,08:00,2025-10-14 08:00:00,2025.0,10.0,terca,8.0,manha,ES,SOORETAMA,False,101.0,BR-101,127.0,-19.20055916,-40.09396076,Desrespeitar a preferência no cruzamento,Colisão transversal,Com Vítimas Feridas,Pleno dia,Crescente,Céu Claro,Múltipla,Retorno Regulamentado,Sim,0.0,0.0,1.0,1.0,1.0,0.0,2.0,2.0,SPRF-ES,DEL04-ES,UOP01-DEL04-ES,0,moderado
2025-10-14,12:28,2025-10-14 12:28:00,2025.0,10.0,terca,12.0,tarde,ES,PEDRO CANARIO,False,101.0,BR-101,14.0,-18.27994174,-39.95897993,Reação tardia ou ineficiente do condutor,Tombamento,Com Vítimas Feridas,Pleno dia,Crescente,Sol,Simples,Curva;Declive,Não,0.0,0.0,1.0,1.0,0.0,1.0,2.0,2.0,SPRF-ES,DEL04-ES,UOP02-DEL04-ES,0,moderado
2025-10-15,13:40,2025-10-15 13:40:00,2025.0,10.0,quarta,13.0,tarde,ES,SAO MATEUS,False,101.0,BR-101,72.9,-18.76992,-39.867809,Velocidade Incompatível,Colisão traseira,Com Vítimas Fatais,Pleno dia,Crescente,Chuva,Simples,Reta,Não,1.0,0.0,0.0,0.0,1.0,0.0,2.0,2.0,SPRF-ES,DEL04-ES,UOP02-DEL04-ES,1,fatal
2025-10-15,15:57,2025-10-15 15:57:00,2025.0,10.0,quarta,15.0,tarde,ES,JOAO NEIVA,False,259.0,BR-259,15.5,-19.659355,-40.430645,Reação tardia ou ineficiente do condutor,Capotamento,Com Vítimas Feridas,Pleno dia,Crescente,Céu Claro,Simples,Curva,Não,0.0,0.0,1.0,1.0,0.0,1.0,2.0,2.0,SPRF-ES,DEL02-ES,UOP01-DEL02-ES,0,moderado
2025-10-16,03:30,2025-10-16 03:30:00,2025.0,10.0,quinta,3.0,madrugada,ES,LINHARES,False,101.0,BR-101,144.0,-19.35032317,-40.06373763,Ingestão de álcool pelo condutor,Saída de leito carroçável,Com Vítimas Feridas,Plena Noite,Crescente,Céu Claro,Múltipla,Reta,Sim,0.0,0.0,1.0,1.0,0.0,4.0,4.0,4.0,SPRF-ES,DEL04-ES,UOP01-DEL04-ES,0,moderado
2025-10-16,19:47,2025-10-16 19:47:00,2025.0,10.0,quinta,19.0,noite,ES,FUNDAO,True,101.0,BR-101,229.0,-19.93462494,-40.40380284,Pedestre andava na pista,Atropelamento de Pedestre,Com Vítimas Feridas,Plena Noite,Decrescente,Céu Claro,Simples,Reta,Não,0.0,0.0,1.0,1.0,1.0,1.0,3.0,3.0,SPRF-ES,DEL02-ES,UOP01-DEL02-ES,0,moderado
2025-10-17,04:50,2025-10-17 04:50:00,2025.0,10.0,sexta,4.0,madrugada,ES,SERRA,True,101.0,BR-101,7.0,-20.124457,-40.34177,Reação tardia ou ineficiente do condutor,Colisão com objeto,Sem Vítimas,Pleno dia,Crescente,Céu Claro,Dupla,Reta,Não,0.0,0.0,0.0,0.0,1.0,1.0,2.0,2.0,SPRF-ES,DEL02-ES,UOP01-DEL02-ES,0,baixo
2025-10-17,06:27,2025-10-17 06:27:00,2025.0,10.0,sexta,6.0,manha,ES,VILA VELHA,True,101.0,BR-101,311.6,-20.439967,-40.459858,Ausência de reação do condutor,Colisão transversal,Com Vítimas Fatais,Pleno dia,Decrescente,Céu Claro,Dupla,Declive;Reta,Não,1.0,0.0,1.0,1.0,1.0,1.0,4.0,4.0,SPRF-ES,DEL01-ES,UOP01-DEL01-ES,1,fatal
2025-09-11,10:26,2025-09-11 10:26:00,2025.0,9.0,quinta,10.0,manha,ES,VENDA NOVA DO IMIGRANTE,False,262.0,BR-262,100.6,-20.344575,-41.108563,Reação tardia ou ineficiente do condutor,Tombamento,Com Vítimas Feridas,Pleno dia,Crescente,Sol,Simples,Curva;Declive,Não,0.0,1.0,1.0,2.0,0.0,1.0,2.0,3.0,SPRF-ES,DEL01-ES,UOP02-DEL01-ES,1,grave
2025-10-17,09:59,2025-10-17 09:59:00,2025.0,10.0,sexta,9.0,manha,ES,VIANA,True,101.0,BR-101,301.6,-20.365327,-40.443573,Ausência de reação do condutor,Colisão traseira,Com Vítimas Feridas,Pleno dia,Crescente,Sol,Dupla,Curva,Sim,0.0,0.0,1.0,1.0,2.0,0.0,2.0,3.0,SPRF-ES,DEL01-ES,UOP01-DEL01-ES,0,moderado
2025-10-17,10:30,2025-10-17 10:30:00,2025.0,10.0,sexta,10.0,manha,ES,ITAPEMIRIM,False,101.0,BR-101,404.1,-20.8958179,-41.0079923,Condutor Dormindo,Colisão lateral sentido oposto,Com Vítimas Fatais,Pleno dia,Crescente,Céu Claro,Simples,Aclive,Não,1.0,0.0,1.0,1.0,0.0,1.0,3.0,3.0,SPRF-ES,DEL03-ES,UOP02-DEL03-ES,1,fatal
2025-10-18,04:30,2025-10-18 04:30:00,2025.0,10.0,sabado,4.0,madrugada,ES,SERRA,True,101.0,BR-101,269.5,-20.22232595,-40.27037412,Curva acentuada,Tombamento,Com Vítimas Feridas,Amanhecer,Crescente,Céu Claro,Dupla,Reta;Retorno Regulamentado,Sim,0.0,0.0,1.0,1.0,0.0,1.0,2.0,2.0,SPRF-ES,DEL02-ES,UOP01-DEL02-ES,0,moderado
2025-10-20,12:48,2025-10-20 12:48:00,2025.0,10.0,segunda,12.0,tarde,ES,FUNDAO,True,101.0,BR-101,233.0,-19.98486955,-40.41403961,Velocidade Incompatível,Colisão lateral mesmo sentido,Com Vítimas Feridas,Pleno dia,Crescente,Céu Claro,Simples,Declive;Reta,Não,0.0,1.0,0.0,1.0,1.0,1.0,3.0,3.0,SPRF-ES,DEL02-ES,UOP01-DEL02-ES,1,grave
2025-10-20,11:30,2025-10-20 11:30:00,2025.0,10.0,segunda,11.0,manha,ES,SERRA,True,101.0,BR-101,268.0,-20.20120597,-40.2689491,Manobra de mudança de faixa,Colisão lateral mesmo sentido,Com Vítimas Feridas,Pleno dia,Decrescente,Nublado,Múltipla,Reta,Não,0.0,0.0,1.0,1.0,1.0,0.0,2.0,2.0,SPRF-ES,DEL02-ES,UOP01-DEL02-ES,0,moderado
2025-10-20,22:00,2025-10-20 22:00:00,2025.0,10.0,segunda,22.0,noite,ES,VILA VELHA,True,101.0,BR-101,318.0,-20.494267,-40.47653,Ausência de reação do condutor,Colisão traseira,Com Vítimas Feridas,Plena Noite,Crescente,Nublado,Dupla,Aclive;Reta,Não,0.0,0.0,2.0,2.0,1.0,0.0,2.0,3.0,SPRF-ES,DEL01-ES,UOP01-DEL01-ES,0,moderado
2025-10-21,16:20,2025-10-21 16:20:00,2025.0,10.0,terca,16.0,tarde,ES,IBIRACU,False,101.0,BR-101,223.4,-19.87997,-40.41726,Velocidade Incompatível,Tombamento,Com Vítimas Feridas,Pleno dia,Crescente,Nublado,Simples,Curva,Não,0.0,0.0,1.0,1.0,0.0,1.0,2.0,2.0,SPRF-ES,DEL02-ES,UOP01-DEL02-ES,0,moderado
2025-10-22,10:20,2025-10-22 10:20:00,2025.0,10.0,quarta,10.0,manha,ES,SERRA,True,101.0,BR-101,270.0,-20.22951292,-40.2728641,Pedestre cruzava a pista fora da faixa,Atropelamento de Pedestre,Com Vítimas Feridas,Pleno dia,Decrescente,Céu Claro,Dupla,Reta;Interseção de Vias,Sim,0.0,1.0,0.0,1.0,1.0,0.0,2.0,2.0,SPRF-ES,DEL02-ES,UOP01-DEL02-ES,1,grave
2025-10-22,17:00,2025-10-22 17:00:00,2025.0,10.0,quarta,17.0,tarde,ES,SERRA,True,101.0,BR-101,278.2,-20.216985,-40.332365,Ausência de reação do condutor,Tombamento,Com Vítimas Feridas,Pleno dia,Crescente,Nublado,Simples,Aclive;Curva;Retorno Regulamentado,Sim,0.0,0.0,1.0,1.0,0.0,1.0,2.0,2.0,SPRF-ES,DEL02-ES,UOP01-DEL02-ES,0,moderado
2025-10-22,18:00,2025-10-22 18:00:00,2025.0,10.0,quarta,18.0,noite,ES,SERRA,True,101.0,BR-101,269.0,-20.23232831,-40.27447343,Acessar a via sem observar a presença dos outros veículos,Colisão traseira,Com Vítimas Feridas,Plena Noite,Crescente,Garoa/Chuvisco,Dupla,Reta,Sim,0.0,0.0,1.0,1.0,2.0,0.0,3.0,3.0,SPRF-ES,DEL02-ES,UOP01-DEL02-ES,0,moderado
2025-10-23,22:50,2025-10-23 22:50:00,2025.0,10.0,quinta,22.0,noite,ES,CARIACICA,True,101.0,BR-101,293.6,-20.320897,-40.3960111,Velocidade Incompatível,Tombamento,Com Vítimas Feridas,Plena Noite,Crescente,Céu Claro,Múltipla,Curva,Sim,0.0,0.0,1.0,1.0,0.0,1.0,2.0,2.0,SPRF-ES,DEL01-ES,UOP01-DEL01-ES,0,moderado
2025-10-24,06:00,2025-10-24 06:00:00,2025.0,10.0,sexta,6.0,manha,ES,IBATIBA,False,262.0,BR-262,150.8,-20.21476475,-41.44862202,Velocidade Incompatível,Saída de leito carroçável,Com Vítimas Feridas,Pleno dia,Decrescente,Céu Claro,Simples,Curva,Não,0.0,0.0,1.0,1.0,0.0,0.0,1.0,1.0,SPRF-ES,DEL01-ES,UOP02-DEL01-ES,0,moderado
2025-10-24,15:30,2025-10-24 15:30:00,2025.0,10.0,sexta,15.0,tarde,ES,RIO NOVO DO SUL,False,101.0,BR-101,390.0,-20.8665174,-40.8943133,Problema com o freio,Eventos atípicos,Com Vítimas Feridas,Pleno dia,Crescente,Nublado,Simples,Reta,Não,0.0,0.0,1.0,1.0,0.0,1.0,2.0,2.0,SPRF-ES,DEL03-ES,UOP02-DEL03-ES,0,moderado
2025-10-25,07:20,2025-10-25 07:20:00,2025.0,10.0,sabado,7.0,manha,ES,CONCEICAO DO CASTELO,False,262.0,BR-262,119.3,-20.3000722,-41.2310911,Ausência de reação do condutor,Colisão frontal,Com Vítimas Feridas,Pleno dia,Decrescente,Nublado,Simples,Curva,Não,0.0,2.0,0.0,2.0,2.0,1.0,4.0,5.0,SPRF-ES,DEL01-ES,UOP02-DEL01-ES,1,grave
2025-10-25,13:30,2025-10-25 13:30:00,2025.0,10.0,sabado,13.0,tarde,ES,VENDA NOVA DO IMIGRANTE,False,262.0,BR-262,99.5,-20.34950575,-41.10017538,Velocidade Incompatível,Saída de leito carroçável,Com Vítimas Feridas,Pleno dia,Crescente,Chuva,Simples,Curva,Não,0.0,1.0,0.0,1.0,0.0,0.0,1.0,1.0,SPRF-ES,DEL01-ES,UOP02-DEL01-ES,1,grave
2025-10-26,12:07,2025-10-26 12:07:00,2025.0,10.0,domingo,12.0,tarde,ES,SERRA,True,101.0,BR-101,277.9,-20.21698132,-40.32943091,Acessar a via sem observar a presença dos outros veículos,Colisão transversal,Com Vítimas Feridas,Pleno dia,Decrescente,Nublado,Dupla,Retorno Regulamentado;Reta,Não,0.0,1.0,2.0,3.0,1.0,2.0,4.0,5.0,SPRF-ES,DEL02-ES,UOP01-DEL02-ES,1,grave
2025-10-27,08:00,2025-10-27 08:00:00,2025.0,10.0,segunda,8.0,manha,ES,CARIACICA,True,101.0,BR-101,289.2,-20.28326564,-40.39302774,Transitar no Acostamento,Colisão lateral mesmo sentido,Com Vítimas Feridas,Pleno dia,Decrescente,Sol,Dupla,Declive;Reta,Sim,0.0,0.0,1.0,1.0,1.0,0.0,2.0,2.0,SPRF-ES,DEL01-ES,UOP01-DEL01-ES,0,moderado
2025-10-27,10:10,2025-10-27 10:10:00,2025.0,10.0,segunda,10.0,manha,ES,MARECHAL FLORIANO,False,262.0,BR-262,49.2,-20.4124459,-40.69721564,Mal súbito do condutor,Colisão traseira,Sem Vítimas,Pleno dia,Decrescente,Sol,Simples,Curva,Não,0.0,0.0,0.0,0.0,2.0,0.0,2.0,2.0,SPRF-ES,DEL01-ES,UOP01-DEL01-ES,0,baixo
2025-10-27,10:15,2025-10-27 10:15:00,2025.0,10.0,segunda,10.0,manha,ES,VIANA,True,101.0,BR-101,298.0,-20.35506438,-40.41743207,Trafegar com motocicleta (ou similar) entre as faixas,Colisão lateral mesmo sentido,Com Vítimas Feridas,Pleno dia,Crescente,Céu Claro,Dupla,Reta,Não,0.0,0.0,1.0,1.0,1.0,1.0,3.0,3.0,SPRF-ES,DEL01-ES,UOP01-DEL01-ES,0,moderado
2025-10-27,14:20,2025-10-27 14:20:00,2025.0,10.0,segunda,14.0,tarde,ES,LINHARES,False,101.0,BR-101,143.6,-19.33826272,-40.0657157,Desrespeitar a preferência no cruzamento,Colisão transversal,Com Vítimas Feridas,Pleno dia,Crescente,Céu Claro,Simples,Interseção de Vias;Reta,Não,0.0,0.0,2.0,2.0,1.0,0.0,2.0,3.0,SPRF-ES,DEL04-ES,UOP01-DEL04-ES,0,moderado
2025-10-27,23:00,2025-10-27 23:00:00,2025.0,10.0,segunda,23.0,noite,ES,ATILIO VIVACQUA,False,101.0,BR-101,427.0,-21.01161247,-41.14661196,Pedestre andava na pista,Atropelamento de Pedestre,Com Vítimas Fatais,Plena Noite,Crescente,Céu Claro,Simples,Reta,Não,1.0,0.0,0.0,0.0,1.0,2.0,3.0,4.0,SPRF-ES,DEL03-ES,UOP02-DEL03-ES,1,fatal
2025-10-28,17:15,2025-10-28 17:15:00,2025.0,10.0,terca,17.0,tarde,ES,SAO MATEUS,False,101.0,BR-101,66.0,-18.71885786,-39.86937253,Acessar a via sem observar a presença dos outros veículos,Colisão lateral mesmo sentido,Com Vítimas Feridas,Anoitecer,Crescente,Céu Claro,Simples,Interseção de Vias;Reta,Sim,0.0,0.0,1.0,1.0,1.0,1.0,3.0,3.0,SPRF-ES,DEL04-ES,UOP02-DEL04-ES,0,moderado
2025-10-29,03:16,2025-10-29 03:16:00,2025.0,10.0,quarta,3.0,madrugada,ES,ANCHIETA,False,101.0,BR-101,366.5,-20.736934,-40.760356,Velocidade Incompatível,Tombamento,Sem Vítimas,Plena Noite,Crescente,Nublado,Simples,Curva,Não,0.0,0.0,0.0,0.0,1.0,2.0,3.0,2.0,SPRF-ES,DEL03-ES,UOP01-DEL03-ES,0,baixo
2025-10-30,06:10,2025-10-30 06:10:00,2025.0,10.0,quinta,6.0,manha,ES,SERRA,True,101.0,BR-101,270.0,-20.2273485,-40.27108312,Ausência de reação do condutor,Colisão traseira,Com Vítimas Feridas,Pleno dia,Decrescente,Céu Claro,Dupla,Reta,Sim,0.0,1.0,0.0,1.0,1.0,1.0,3.0,3.0,SPRF-ES,DEL02-ES,UOP01-DEL02-ES,1,grave
2025-10-30,16:45,2025-10-30 16:45:00,2025.0,10.0,quinta,16.0,tarde,ES,CARIACICA,True,101.0,BR-101,297.5,-20.345801,-40.40498,Acessar a via sem observar a presença dos outros veículos,Colisão com objeto,Com Vítimas Feridas,Anoitecer,Crescente,Céu Claro,Dupla,Reta,Não,0.0,0.0,1.0,1.0,1.0,0.0,2.0,2.0,SPRF-ES,DEL01-ES,UOP01-DEL01-ES,0,moderado
2025-10-30,22:30,2025-10-30 22:30:00,2025.0,10.0,quinta,22.0,noite,ES,GUARAPARI,True,101.0,BR-101,333.0,-20.61517645,-40.51410047,Entrada inopinada do pedestre,Atropelamento de Pedestre,Com Vítimas Feridas,Plena Noite,Decrescente,Chuva,Dupla,Curva,Não,0.0,1.0,0.0,1.0,1.0,0.0,2.0,2.0,SPRF-ES,DEL03-ES,UOP01-DEL03-ES,1,grave
2025-10-31,09:35,2025-10-31 09:35:00,2025.0,10.0,sexta,9.0,manha,ES,SOORETAMA,False,101.0,BR-101,118.2,-19.01115068,-40.01061785,Transitar na contramão,Colisão frontal,Com Vítimas Feridas,Pleno dia,Decrescente,Garoa/Chuvisco,Simples,Reta,Não,0.0,0.0,1.0,1.0,1.0,2.0,4.0,4.0,SPRF-ES,DEL04-ES,UOP01-DEL04-ES,0,moderado
2025-10-31,16:00,2025-10-31 16:00:00,2025.0,10.0,sexta,16.0,tarde,ES,SAO MATEUS,False,101.0,BR-101,57.0,-18.64864883,-39.87343876,Reação tardia ou ineficiente do condutor,Colisão lateral mesmo sentido,Sem Vítimas,Pleno dia,Decrescente,Céu Claro,Simples,Reta,Não,0.0,0.0,0.0,0.0,2.0,4.0,6.0,3.0,SPRF-ES,DEL04-ES,UOP02-DEL04-ES,0,baixo
2025-11-02,12:55,2025-11-02 12:55:00,2025.0,11.0,domingo,12.0,tarde,ES,FUNDAO,True,101.0,BR-101,234.0,-19.97149,-40.40853,Transitar na contramão,Colisão frontal,Com Vítimas Fatais,Pleno dia,Decrescente,Céu Claro,Simples,Curva,Não,2.0,1.0,1.0,2.0,0.0,1.0,3.0,5.0,SPRF-ES,DEL02-ES,UOP01-DEL02-ES,1,fatal
2025-11-04,10:00,2025-11-04 10:00:00,2025.0,11.0,terca,10.0,manha,ES,SERRA,True,101.0,BR-101,266.5,-20.1955469,-40.2688369,Ausência de reação do condutor,Colisão traseira,Com Vítimas Feridas,Pleno dia,Crescente,Nublado,Múltipla,Interseção de Vias,Sim,0.0,0.0,1.0,1.0,2.0,1.0,3.0,4.0,SPRF-ES,DEL02-ES,UOP01-DEL02-ES,0,moderado
2025-11-05,14:30,2025-11-05 14:30:00,2025.0,11.0,quarta,14.0,tarde,ES,LINHARES,False,101.0,BR-101,140.9,-19.324745,-40.072607,Acessar a via sem observar a presença dos outros veículos,Colisão transversal,Com Vítimas Fatais,Pleno dia,Decrescente,Céu Claro,Múltipla,Reta,Sim,1.0,0.0,0.0,0.0,1.0,3.0,4.0,5.0,SPRF-ES,DEL04-ES,UOP01-DEL04-ES,1,fatal
2025-11-07,08:32,2025-11-07 08:32:00,2025.0,11.0,sexta,8.0,manha,ES,LINHARES,False,101.0,BR-101,139.4,-19.31306379,-40.07849389,Desrespeitar a preferência no cruzamento,Colisão transversal,Com Vítimas Feridas,Pleno dia,Crescente,Nublado,Simples,Interseção de Vias,Não,0.0,0.0,1.0,1.0,1.0,0.0,2.0,2.0,SPRF-ES,DEL04-ES,UOP01-DEL04-ES,0,moderado
2025-11-07,12:40,2025-11-07 12:40:00,2025.0,11.0,sexta,12.0,tarde,ES,ARACRUZ,False,101.0,BR-101,176.8,-19.60160532,-40.20271924,Acessar a via sem observar a presença dos outros veículos,Colisão transversal,Com Vítimas Feridas,Pleno dia,Crescente,Nublado,Simples,Reta,Não,0.0,1.0,0.0,1.0,1.0,0.0,2.0,2.0,SPRF-ES,DEL04-ES,UOP01-DEL04-ES,1,grave
2025-11-08,16:45,2025-11-08 16:45:00,2025.0,11.0,sabado,16.0,tarde,ES,SAO MATEUS,False,101.0,BR-101,66.4,-18.717728,-39.871822,Acessar a via sem observar a presença dos outros veículos,Colisão transversal,Com Vítimas Feridas,Pleno dia,Decrescente,Céu Claro,Múltipla,Reta;Interseção de Vias,Sim,0.0,2.0,0.0,2.0,1.0,1.0,3.0,4.0,SPRF-ES,DEL04-ES,UOP02-DEL04-ES,1,grave
2025-11-08,18:50,2025-11-08 18:50:00,2025.0,11.0,sabado,18.0,noite,ES,IUNA,False,262.0,BR-262,196.0,-20.27902072,-41.77863169,Demais falhas mecânicas ou elétricas,Capotamento,Com Vítimas Fatais,Plena Noite,Crescente,Nublado,Simples,Curva,Não,2.0,0.0,0.0,0.0,0.0,0.0,1.0,2.0,SPRF-ES,DEL01-ES,UOP02-DEL01-ES,1,fatal
2025-11-09,01:10,2025-11-09 01:10:00,2025.0,11.0,domingo,1.0,madrugada,ES,JAGUARE,False,101.0,BR-101,91.8,-18.912182,-39.962788,Condutor Dormindo,Colisão frontal,Com Vítimas Feridas,Plena Noite,Crescente,Nublado,Simples,Reta,Não,0.0,1.0,0.0,1.0,2.0,3.0,6.0,4.0,SPRF-ES,DEL04-ES,UOP02-DEL04-ES,1,grave
2025-11-10,15:00,2025-11-10 15:00:00,2025.0,11.0,segunda,15.0,tarde,ES,CONCEICAO DA BARRA,False,101.0,BR-101,30.0,-18.41387882,-39.93650286,Velocidade Incompatível,Colisão com objeto,Com Vítimas Feridas,Pleno dia,Crescente,Nublado,Simples,Reta;Aclive,Não,0.0,0.0,1.0,1.0,0.0,2.0,3.0,2.0,SPRF-ES,DEL04-ES,UOP02-DEL04-ES,0,moderado
2025-11-11,05:20,2025-11-11 05:20:00,2025.0,11.0,terca,5.0,madrugada,ES,ANCHIETA,False,101.0,BR-101,356.9,-20.68936292,-40.69499016,Velocidade Incompatível,Tombamento,Com Vítimas Fatais,Pleno dia,Decrescente,Nublado,Dupla,Curva,Não,1.0,0.0,0.0,0.0,0.0,1.0,2.0,2.0,SPRF-ES,DEL03-ES,UOP01-DEL03-ES,1,fatal
2025-11-11,14:28,2025-11-11 14:28:00,2025.0,11.0,terca,14.0,tarde,ES,LINHARES,False,101.0,BR-101,146.2,-19.37205517,-40.06592015,Ausência de reação do condutor,Colisão traseira,Com Vítimas Feridas,Pleno dia,Crescente,Céu Claro,Múltipla,Reta,Sim,0.0,1.0,0.0,1.0,1.0,0.0,2.0,2.0,SPRF-ES,DEL04-ES,UOP01-DEL04-ES,1,grave
2025-11-11,16:30,2025-11-11 16:30:00,2025.0,11.0,terca,16.0,tarde,ES,SAO MATEUS,False,101.0,BR-101,62.1,-18.69063194,-39.8616999,Manobra de mudança de faixa,Colisão lateral mesmo sentido,Com Vítimas Feridas,Pleno dia,Decrescente,Céu Claro,Múltipla,Curva,Não,0.0,1.0,0.0,1.0,0.0,1.0,2.0,2.0,SPRF-ES,DEL04-ES,UOP02-DEL04-ES,1,grave
2025-11-11,17:10,2025-11-11 17:10:00,2025.0,11.0,terca,17.0,tarde,ES,LINHARES,False,101.0,BR-101,161.1,-19.48465,-40.12098,Ultrapassagem Indevida,Colisão frontal,Com Vítimas Fatais,Pleno dia,Crescente,Nublado,Simples,Reta,Não,1.0,0.0,0.0,0.0,1.0,0.0,2.0,2.0,SPRF-ES,DEL04-ES,UOP01-DEL04-ES,1,fatal
2025-11-12,11:30,2025-11-12 11:30:00,2025.0,11.0,quarta,11.0,manha,ES,MARECHAL FLORIANO,False,262.0,BR-262,65.7,-20.41261264,-40.83152867,Acessar a via sem observar a presença dos outros veículos,Colisão transversal,Com Vítimas Feridas,Pleno dia,Decrescente,Sol,Simples,Retorno Regulamentado,Não,0.0,0.0,1.0,1.0,1.0,0.0,2.0,2.0,SPRF-ES,DEL01-ES,UOP02-DEL01-ES,0,moderado
2025-11-12,15:35,2025-11-12 15:35:00,2025.0,11.0,quarta,15.0,tarde,ES,SERRA,True,101.0,BR-101,270.0,-20.04885,-40.3866983,Ausência de reação do condutor,Colisão traseira,Com Vítimas Feridas,Pleno dia,Crescente,Céu Claro,Dupla,Interseção de Vias,Não,0.0,0.0,1.0,1.0,1.0,2.0,4.0,3.0,SPRF-ES,DEL02-ES,UOP01-DEL02-ES,0,moderado
2025-11-12,19:00,2025-11-12 19:00:00,2025.0,11.0,quarta,19.0,noite,ES,IBIRACU,False,101.0,BR-101,222.7,-19.8727221,-40.4126417,Acessar a via sem observar a presença dos outros veículos,Atropelamento de Pedestre,Com Vítimas Feridas,Plena Noite,Crescente,Céu Claro,Simples,Reta;Ponte,Não,0.0,1.0,0.0,1.0,0.0,1.0,2.0,2.0,SPRF-ES,DEL02-ES,UOP01-DEL02-ES,1,grave
2025-11-12,20:39,2025-11-12 20:39:00,2025.0,11.0,quarta,20.0,noite,ES,LINHARES,False,101.0,BR-101,148.9,-19.39892545,-40.06293297,Suicídio (presumido),Eventos atípicos,Com Vítimas Feridas,Plena Noite,Decrescente,Nublado,Simples,Reta;Viaduto,Sim,0.0,1.0,0.0,1.0,1.0,1.0,3.0,3.0,SPRF-ES,DEL04-ES,UOP01-DEL04-ES,1,grave
2025-11-13,15:10,2025-11-13 15:10:00,2025.0,11.0,quinta,15.0,tarde,ES,LINHARES,False,101.0,BR-101,149.6,-19.401854,-40.060883,Entrada inopinada do pedestre,Atropelamento de Pedestre,Com Vítimas Feridas,Pleno dia,Decrescente,Céu Claro,Simples,Reta,Sim,0.0,1.0,0.0,1.0,1.0,1.0,3.0,3.0,SPRF-ES,DEL04-ES,UOP01-DEL04-ES,1,grave
2025-11-13,16:10,2025-11-13 16:10:00,2025.0,11.0,quinta,16.0,tarde,ES,LINHARES,False,101.0,BR-101,142.5,-19.338338,-40.06537,Condutor deixou de manter distância do veículo da frente,Colisão traseira,Com Vítimas Feridas,Pleno dia,Decrescente,Céu Claro,Dupla,Retorno Regulamentado,Sim,0.0,0.0,1.0,1.0,1.0,0.0,2.0,2.0,SPRF-ES,DEL04-ES,UOP01-DEL04-ES,0,moderado
2025-11-13,17:00,2025-11-13 17:00:00,2025.0,11.0,quinta,17.0,tarde,ES,JOAO NEIVA,False,259.0,BR-259,8.0,-19.692147,-40.38843,Reação tardia ou ineficiente do condutor,Colisão com objeto,Com Vítimas Feridas,Plena Noite,Decrescente,Nublado,Simples,Curva,Não,0.0,0.0,1.0,1.0,0.0,1.0,2.0,2.0,SPRF-ES,DEL02-ES,UOP01-DEL02-ES,0,moderado
2025-11-13,22:15,2025-11-13 22:15:00,2025.0,11.0,quinta,22.0,noite,ES,SERRA,True,101.0,BR-101,270.0,-20.22811024,-40.27088642,Ausência de reação do condutor,Colisão traseira,Com Vítimas Feridas,Pleno dia,Crescente,Céu Claro,Dupla,Reta,Sim,0.0,0.0,1.0,1.0,3.0,1.0,4.0,5.0,SPRF-ES,DEL02-ES,UOP01-DEL02-ES,0,moderado
2025-11-14,18:30,2025-11-14 18:30:00,2025.0,11.0,sexta,18.0,noite,ES,SERRA,True,101.0,BR-101,246.0,-20.062595,-40.376755,Ausência de reação do condutor,Colisão com objeto,Com Vítimas Fatais,Plena Noite,Crescente,Céu Claro,Simples,Reta;Em Obras;Aclive,Não,1.0,1.0,0.0,1.0,2.0,1.0,3.0,5.0,SPRF-ES,DEL02-ES,UOP01-DEL02-ES,1,fatal
2025-11-15,07:57,2025-11-15 07:57:00,2025.0,11.0,sabado,7.0,manha,ES,IBIRACU,False,101.0,BR-101,211.0,-19.80624781,-40.36777094,Demais falhas mecânicas ou elétricas,Incêndio,Sem Vítimas,Pleno dia,Decrescente,Nublado,Simples,Aclive;Reta,Não,0.0,0.0,0.0,0.0,2.0,1.0,2.0,3.0,SPRF-ES,DEL02-ES,UOP01-DEL02-ES,0,baixo
2025-11-16,15:45,2025-11-16 15:45:00,2025.0,11.0,domingo,15.0,tarde,ES,VIANA,True,262.0,BR-262,28.0,-20.38532867,-40.55847947,Faixas de trânsito com largura insuficiente,Queda de ocupante de veículo,Com Vítimas Feridas,Pleno dia,Decrescente,Céu Claro,Simples,Aclive;Curva,Não,0.0,1.0,1.0,2.0,0.0,1.0,2.0,3.0,SPRF-ES,DEL01-ES,UOP01-DEL01-ES,1,grave
2025-11-16,22:20,2025-11-16 22:20:00,2025.0,11.0,domingo,22.0,noite,ES,VENDA NOVA DO IMIGRANTE,False,262.0,BR-262,106.0,-20.326375,-41.144538,Reação tardia ou ineficiente do condutor,Colisão traseira,Com Vítimas Feridas,Plena Noite,Decrescente,Nublado,Simples,Reta,Sim,0.0,1.0,0.0,1.0,0.0,1.0,2.0,2.0,SPRF-ES,DEL01-ES,UOP02-DEL01-ES,1,grave
2025-11-17,04:20,2025-11-17 04:20:00,2025.0,11.0,segunda,4.0,madrugada,ES,IBIRACU,False,101.0,BR-101,223.0,-19.87862,-40.416458,Demais falhas mecânicas ou elétricas,Incêndio,Sem Vítimas,Amanhecer,Crescente,Garoa/Chuvisco,Simples,Reta,Não,0.0,0.0,0.0,0.0,1.0,0.0,1.0,1.0,SPRF-ES,DEL02-ES,UOP01-DEL02-ES,0,baixo
2025-11-17,20:35,2025-11-17 20:35:00,2025.0,11.0,segunda,20.0,noite,ES,CONCEICAO DA BARRA,False,101.0,BR-101,30.1,-18.41254784,-39.93669447,Transitar na contramão,Colisão frontal,Com Vítimas Feridas,Plena Noite,Crescente,Céu Claro,Simples,Reta;Declive,Não,0.0,0.0,2.0,2.0,0.0,5.0,7.0,3.0,SPRF-ES,DEL04-ES,UOP02-DEL04-ES,0,moderado
2025-11-18,16:10,2025-11-18 16:10:00,2025.0,11.0,terca,16.0,tarde,ES,VIANA,True,101.0,BR-101,302.6,-20.3751245,-40.44264793,Manobra de mudança de faixa,Colisão lateral mesmo sentido,Com Vítimas Feridas,Pleno dia,Decrescente,Céu Claro,Dupla,Curva,Não,0.0,0.0,2.0,2.0,0.0,1.0,2.0,3.0,SPRF-ES,DEL01-ES,UOP01-DEL01-ES,0,moderado
2025-11-19,13:40,2025-11-19 13:40:00,2025.0,11.0,quarta,13.0,tarde,ES,SAO MATEUS,False,101.0,BR-101,71.9,-18.761108,-39.86341652,Reação tardia ou ineficiente do condutor,Colisão traseira,Com Vítimas Feridas,Pleno dia,Crescente,Céu Claro,Simples,Reta;Aclive,Não,0.0,0.0,1.0,1.0,2.0,0.0,3.0,3.0,SPRF-ES,DEL04-ES,UOP02-DEL04-ES,0,moderado
2025-11-19,14:40,2025-11-19 14:40:00,2025.0,11.0,quarta,14.0,tarde,ES,SERRA,True,101.0,BR-101,269.6,-20.22304269,-40.26993206,Acessar a via sem observar a presença dos outros veículos,Colisão transversal,Com Vítimas Feridas,Pleno dia,Crescente,Nublado,Dupla,Interseção de Vias;Reta,Sim,0.0,0.0,1.0,1.0,2.0,1.0,3.0,4.0,SPRF-ES,DEL02-ES,UOP01-DEL02-ES,0,moderado
2025-11-20,15:30,2025-11-20 15:30:00,2025.0,11.0,quinta,15.0,tarde,ES,VILA VELHA,True,101.0,BR-101,315.0,-20.47627387,-40.47067513,Velocidade Incompatível,Capotamento,Com Vítimas Feridas,Pleno dia,Decrescente,Céu Claro,Dupla,Curva,Não,0.0,1.0,0.0,1.0,0.0,1.0,2.0,2.0,SPRF-ES,DEL01-ES,UOP01-DEL01-ES,1,grave
2025-11-21,05:00,2025-11-21 05:00:00,2025.0,11.0,sexta,5.0,madrugada,ES,IBATIBA,False,262.0,BR-262,176.0,-20.27587905,-41.63429465,Reação tardia ou ineficiente do condutor,Tombamento,Com Vítimas Feridas,Amanhecer,Crescente,Céu Claro,Simples,Curva,Não,0.0,0.0,2.0,2.0,0.0,0.0,1.0,2.0,SPRF-ES,DEL01-ES,UOP02-DEL01-ES,0,moderado
2025-11-21,09:10,2025-11-21 09:10:00,2025.0,11.0,sexta,9.0,manha,ES,DOMINGOS MARTINS,False,262.0,BR-262,39.0,-20.3804508,-40.6333614,Acesso irregular,Colisão lateral mesmo sentido,Com Vítimas Fatais,Pleno dia,Crescente,Céu Claro,Simples,Interseção de Vias;Retorno Regulamentado;Reta,Não,1.0,0.0,0.0,0.0,1.0,0.0,2.0,2.0,SPRF-ES,DEL01-ES,UOP01-DEL01-ES,1,fatal
2025-11-21,21:35,2025-11-21 21:35:00,2025.0,11.0,sexta,21.0,noite,ES,VILA VELHA,True,447.0,BR-447,15.6,-20.338072,-40.327415,Entrada inopinada do pedestre,Atropelamento de Pedestre,Com Vítimas Fatais,Plena Noite,Decrescente,Nublado,Dupla,Reta;Ponte,Sim,1.0,0.0,0.0,0.0,0.0,1.0,2.0,2.0,SPRF-ES,DEL01-ES,UOP01-DEL01-ES,1,fatal
2025-11-22,17:50,2025-11-22 17:50:00,2025.0,11.0,sabado,17.0,tarde,ES,CONCEICAO DO CASTELO,False,262.0,BR-262,116.0,-20.313868,-41.238448,Reação tardia ou ineficiente do condutor,Colisão lateral sentido oposto,Sem Vítimas,Anoitecer,Decrescente,Céu Claro,Simples,Curva,Não,0.0,0.0,0.0,0.0,1.0,2.0,3.0,3.0,SPRF-ES,DEL01-ES,UOP02-DEL01-ES,0,baixo
2025-11-24,21:00,2025-11-24 21:00:00,2025.0,11.0,segunda,21.0,noite,ES,SOORETAMA,False,101.0,BR-101,107.0,-19.05531805,-40.03156034,Carga excessiva e/ou mal acondicionada,Tombamento,Com Vítimas Feridas,Plena Noite,Crescente,Garoa/Chuvisco,Simples,Reta;Aclive,Não,0.0,0.0,1.0,1.0,0.0,1.0,2.0,2.0,SPRF-ES,DEL04-ES,UOP01-DEL04-ES,0,moderado
2025-11-24,23:10,2025-11-24 23:10:00,2025.0,11.0,segunda,23.0,noite,ES,SAO MATEUS,False,101.0,BR-101,65.2,-18.7139114,-39.8782659,Ausência de reação do condutor,Colisão traseira,Com Vítimas Feridas,Plena Noite,Decrescente,Chuva,Simples,Reta,Sim,0.0,0.0,1.0,1.0,1.0,2.0,4.0,3.0,SPRF-ES,DEL04-ES,UOP02-DEL04-ES,0,moderado
2025-11-25,12:04,2025-11-25 12:04:00,2025.0,11.0,terca,12.0,tarde,ES,CARIACICA,True,101.0,BR-101,296.0,-20.340795,-40.40415,Entrada inopinada do pedestre,Colisão transversal,Com Vítimas Feridas,Pleno dia,Decrescente,Céu Claro,Dupla,Reta,Sim,0.0,1.0,0.0,1.0,1.0,1.0,3.0,3.0,SPRF-ES,DEL01-ES,UOP01-DEL01-ES,1,grave
2025-10-29,16:00,2025-10-29 16:00:00,2025.0,10.0,quarta,16.0,tarde,ES,DOMINGOS MARTINS,False,262.0,BR-262,33.0,-20.3727536,-40.5602744,Transitar na contramão,Colisão lateral sentido oposto,Com Vítimas Feridas,Pleno dia,Crescente,Ignorado,Simples,Curva,Não,0.0,0.0,1.0,1.0,0.0,1.0,2.0,2.0,SPRF-ES,DEL01-ES,UOP01-DEL01-ES,0,moderado
2025-11-25,20:50,2025-11-25 20:50:00,2025.0,11.0,terca,20.0,noite,ES,SAO MATEUS,False,101.0,BR-101,68.5,-18.73670022,-39.86082165,Ingestão de álcool pelo condutor,Colisão frontal,Sem Vítimas,Plena Noite,Crescente,Chuva,Simples,Reta;Aclive,Sim,0.0,0.0,0.0,0.0,2.0,0.0,2.0,2.0,SPRF-ES,DEL04-ES,UOP02-DEL04-ES,0,baixo
2025-11-26,05:33,2025-11-26 05:33:00,2025.0,11.0,quarta,5.0,madrugada,ES,ANCHIETA,False,101.0,BR-101,350.0,-20.6600383,-40.64919,Avarias e/ou desgaste excessivo no pneu,Tombamento,Com Vítimas Feridas,Amanhecer,Crescente,Céu Claro,Dupla,Reta,Não,0.0,0.0,1.0,1.0,1.0,0.0,1.0,2.0,SPRF-ES,DEL03-ES,UOP01-DEL03-ES,0,moderado
2025-11-26,18:30,2025-11-26 18:30:00,2025.0,11.0,quarta,18.0,noite,ES,ATILIO VIVACQUA,False,101.0,BR-101,431.0,-21.02721,-41.17779,Ultrapassagem Indevida,Colisão traseira,Sem Vítimas,Plena Noite,Crescente,Céu Claro,Simples,Reta,Não,0.0,0.0,0.0,0.0,2.0,3.0,5.0,4.0,SPRF-ES,DEL03-ES,UOP02-DEL03-ES,0,baixo
2025-11-27,03:10,2025-11-27 03:10:00,2025.0,11.0,quinta,3.0,madrugada,ES,ICONHA,False,101.0,BR-101,379.9,-20.80616779,-40.83191156,Velocidade Incompatível,Tombamento,Com Vítimas Feridas,Plena Noite,Decrescente,Nublado,Simples,Curva;Aclive;Ponte,Não,0.0,0.0,1.0,1.0,0.0,1.0,2.0,2.0,SPRF-ES,DEL03-ES,UOP01-DEL03-ES,0,moderado
2025-11-27,06:25,2025-11-27 06:25:00,2025.0,11.0,quinta,6.0,manha,ES,ICONHA,False,101.0,BR-101,3.7,-20.8095175,-40.80182791,Reação tardia ou ineficiente do condutor,Colisão lateral mesmo sentido,Com Vítimas Feridas,Pleno dia,Crescente,Nublado,Dupla,Curva,Não,0.0,0.0,1.0,1.0,4.0,7.0,12.0,6.0,SPRF-ES,DEL03-ES,UOP02-DEL03-ES,0,moderado
2025-11-27,15:35,2025-11-27 15:35:00,2025.0,11.0,quinta,15.0,tarde,ES,ICONHA,False,101.0,BR-101,5.0,-20.802307,-40.820183,Ausência de reação do condutor,Colisão traseira,Com Vítimas Feridas,Pleno dia,Crescente,Nublado,Dupla,Curva;Aclive,Não,0.0,0.0,1.0,1.0,0.0,2.0,3.0,3.0,SPRF-ES,DEL03-ES,UOP02-DEL03-ES,0,moderado
2025-11-27,18:45,2025-11-27 18:45:00,2025.0,11.0,quinta,18.0,noite,ES,SAO MATEUS,False,101.0,BR-101,87.2,-18.87525154,-39.9450752,Acessar a via sem observar a presença dos outros veículos,Colisão transversal,Com Vítimas Feridas,Plena Noite,Decrescente,Céu Claro,Simples,Retorno Regulamentado,Não,0.0,0.0,1.0,1.0,1.0,2.0,4.0,3.0,SPRF-ES,DEL04-ES,UOP02-DEL04-ES,0,moderado
2025-11-29,02:35,2025-11-29 02:35:00,2025.0,11.0,sabado,2.0,madrugada,ES,COLATINA,False,259.0,BR-259,38.3,-19.56368925,-40.49945574,Reação tardia ou ineficiente do condutor,Colisão traseira,Com Vítimas Feridas,Plena Noite,Crescente,Céu Claro,Simples,Reta,Não,0.0,0.0,1.0,1.0,0.0,1.0,2.0,2.0,SPRF-ES,DEL02-ES,UOP01-DEL02-ES,0,moderado
2025-11-29,07:30,2025-11-29 07:30:00,2025.0,11.0,sabado,7.0,manha,ES,ANCHIETA,False,101.0,BR-101,350.0,-20.6596807,-40.64847197,Velocidade Incompatível,Saída de leito carroçável,Com Vítimas Fatais,Pleno dia,Crescente,Céu Claro,Múltipla,Reta,Não,1.0,0.0,0.0,0.0,0.0,2.0,3.0,3.0,SPRF-ES,DEL03-ES,UOP01-DEL03-ES,1,fatal
2025-10-31,21:30,2025-10-31 21:30:00,2025.0,10.0,sexta,21.0,noite,ES,PEDRO CANARIO,False,101.0,BR-101,2.0,-18.193239,-39.92292,Acesso irregular,Colisão transversal,Com Vítimas Feridas,Plena Noite,Crescente,Céu Claro,Simples,Declive,Não,0.0,1.0,0.0,1.0,1.0,2.0,4.0,3.0,SPRF-ES,DEL04-ES,UOP02-DEL04-ES,1,grave
2025-12-01,03:50,2025-12-01 03:50:00,2025.0,12.0,segunda,3.0,madrugada,ES,SERRA,True,101.0,BR-101,270.5,-20.22970333,-40.2726,Condutor desrespeitou a iluminação vermelha do semáforo,Colisão transversal,Com Vítimas Feridas,Amanhecer,Decrescente,Céu Claro,Múltipla,Reta,Sim,0.0,0.0,3.0,3.0,0.0,1.0,3.0,4.0,SPRF-ES,DEL02-ES,UOP01-DEL02-ES,0,moderado
2025-12-01,06:00,2025-12-01 06:00:00,2025.0,12.0,segunda,6.0,manha,ES,ARACRUZ,False,101.0,BR-101,188.0,-19.676311,-40.264986,Velocidade Incompatível,Saída de leito carroçável,Com Vítimas Feridas,Pleno dia,Decrescente,Céu Claro,Simples,Reta;Declive,Não,0.0,1.0,0.0,1.0,0.0,1.0,2.0,2.0,SPRF-ES,DEL04-ES,UOP01-DEL04-ES,1,grave
2025-12-01,06:25,2025-12-01 06:25:00,2025.0,12.0,segunda,6.0,manha,ES,COLATINA,False,259.0,BR-259,35.0,-19.554195,-40.496105,Ausência de reação do condutor,Tombamento,Com Vítimas Fatais,Amanhecer,Crescente,Sol,Simples,Curva,Não,1.0,0.0,0.0,0.0,0.0,1.0,2.0,2.0,SPRF-ES,DEL02-ES,UOP01-DEL02-ES,1,fatal
2025-12-01,07:30,2025-12-01 07:30:00,2025.0,12.0,segunda,7.0,manha,ES,ATILIO VIVACQUA,False,101.0,BR-101,431.9,-21.0306909,-41.1798055,Ultrapassagem Indevida,Colisão com objeto,Com Vítimas Feridas,Pleno dia,Crescente,Céu Claro,Simples,Reta,Não,0.0,1.0,0.0,1.0,1.0,0.0,1.0,2.0,SPRF-ES,DEL03-ES,UOP02-DEL03-ES,1,grave
2025-12-01,09:19,2025-12-01 09:19:00,2025.0,12.0,segunda,9.0,manha,ES,SERRA,True,101.0,BR-101,11.0,-20.15203898,-40.34684926,Ausência de reação do condutor,Colisão traseira,Com Vítimas Feridas,Pleno dia,Crescente,Céu Claro,Dupla,Reta,Não,0.0,0.0,2.0,2.0,3.0,0.0,3.0,5.0,SPRF-ES,DEL02-ES,UOP01-DEL02-ES,0,moderado
2025-09-09,13:20,2025-09-09 13:20:00,2025.0,9.0,terca,13.0,tarde,ES,COLATINA,False,259.0,BR-259,45.0,-19.5257504,-40.5892541,Reação tardia ou ineficiente do condutor,Colisão lateral sentido oposto,Com Vítimas Feridas,Pleno dia,Crescente,Céu Claro,Simples,Declive;Curva,Não,0.0,1.0,0.0,1.0,1.0,0.0,2.0,2.0,SPRF-ES,DEL02-ES,UOP01-DEL02-ES,1,grave
2025-12-03,23:10,2025-12-03 23:10:00,2025.0,12.0,quarta,23.0,noite,ES,VIANA,True,101.0,BR-101,303.3,-20.3777702,-40.44848442,Estacionar ou parar em local proibido,Colisão traseira,Com Vítimas Feridas,Plena Noite,Crescente,Chuva,Dupla,Reta,Sim,0.0,0.0,1.0,1.0,1.0,1.0,3.0,3.0,SPRF-ES,DEL01-ES,UOP01-DEL01-ES,0,moderado
2025-08-31,00:17,2025-08-31 00:17:00,2025.0,8.0,domingo,0.0,madrugada,ES,MIMOSO DO SUL,False,101.0,BR-101,438.7,-21.16747341,-41.2875193,Acessar a via sem observar a presença dos outros veículos,Colisão transversal,Com Vítimas Feridas,Plena Noite,Decrescente,Chuva,Simples,Curva,Não,0.0,0.0,1.0,1.0,1.0,0.0,2.0,2.0,SPRF-ES,DEL03-ES,UOP02-DEL03-ES,0,moderado
2025-12-05,10:15,2025-12-05 10:15:00,2025.0,12.0,sexta,10.0,manha,ES,SAO MATEUS,False,101.0,BR-101,67.0,-18.71958138,-39.86735551,Condutor deixou de manter distância do veículo da frente,Colisão traseira,Com Vítimas Feridas,Pleno dia,Decrescente,Nublado,Múltipla,Reta,Sim,0.0,1.0,0.0,1.0,0.0,1.0,2.0,2.0,SPRF-ES,DEL04-ES,UOP02-DEL04-ES,1,grave
2025-12-05,21:30,2025-12-05 21:30:00,2025.0,12.0,sexta,21.0,noite,ES,IBIRACU,False,101.0,BR-101,208.3,-19.78626969,-40.37100077,Reação tardia ou ineficiente do condutor,Colisão traseira,Com Vítimas Fatais,Plena Noite,Decrescente,Nublado,Simples,Reta,Não,1.0,0.0,0.0,0.0,1.0,1.0,3.0,3.0,SPRF-ES,DEL02-ES,UOP01-DEL02-ES,1,fatal
2025-12-06,18:45,2025-12-06 18:45:00,2025.0,12.0,sabado,18.0,noite,ES,SERRA,True,101.0,BR-101,243.0,-20.04814033,-40.38682955,Acessar a via sem observar a presença dos outros veículos,Colisão transversal,Com Vítimas Feridas,Plena Noite,Decrescente,Nublado,Simples,Reta;Em Obras,Não,0.0,0.0,1.0,1.0,1.0,0.0,2.0,2.0,SPRF-ES,DEL02-ES,UOP01-DEL02-ES,0,moderado
2025-12-06,23:00,2025-12-06 23:00:00,2025.0,12.0,sabado,23.0,noite,ES,LINHARES,False,101.0,BR-101,144.1,-19.3560059,-40.0640973,Velocidade Incompatível,Colisão traseira,Com Vítimas Feridas,Plena Noite,Crescente,Garoa/Chuvisco,Múltipla,Reta;Declive,Sim,0.0,1.0,0.0,1.0,1.0,1.0,3.0,3.0,SPRF-ES,DEL04-ES,UOP01-DEL04-ES,1,grave
2025-12-07,09:50,2025-12-07 09:50:00,2025.0,12.0,domingo,9.0,manha,ES,ITAPEMIRIM,False,101.0,BR-101,424.0,-20.95338051,-41.09117255,Ingestão de álcool pelo condutor,Colisão transversal,Com Vítimas Feridas,Pleno dia,Crescente,Céu Claro,Simples,Reta;Ponte,Não,0.0,1.0,0.0,1.0,1.0,0.0,2.0,2.0,SPRF-ES,DEL03-ES,UOP02-DEL03-ES,1,grave
2025-12-07,13:40,2025-12-07 13:40:00,2025.0,12.0,domingo,13.0,tarde,ES,ICONHA,False,101.0,BR-101,2.0,-20.795919,-40.789608,Velocidade Incompatível,Tombamento,Com Vítimas Feridas,Pleno dia,Crescente,Sol,Simples,Curva,Não,0.0,1.0,0.0,1.0,0.0,1.0,2.0,2.0,SPRF-ES,DEL03-ES,UOP02-DEL03-ES,1,grave
2025-12-07,21:40,2025-12-07 21:40:00,2025.0,12.0,domingo,21.0,noite,ES,SAO MATEUS,False,101.0,BR-101,54.6,-18.63471241,-39.87768173,Transitar na contramão,Colisão lateral sentido oposto,Com Vítimas Feridas,Plena Noite,Crescente,Nublado,Simples,Reta;Declive,Não,0.0,1.0,0.0,1.0,1.0,1.0,3.0,3.0,SPRF-ES,DEL04-ES,UOP02-DEL04-ES,1,grave
2025-12-08,00:15,2025-12-08 00:15:00,2025.0,12.0,segunda,0.0,madrugada,ES,MARECHAL FLORIANO,False,262.0,BR-262,65.4,-20.41458284,-40.82562775,Transitar na contramão,Colisão frontal,Com Vítimas Fatais,Pleno dia,Crescente,Nublado,Simples,Curva,Não,1.0,0.0,1.0,1.0,0.0,0.0,2.0,2.0,SPRF-ES,DEL01-ES,UOP02-DEL01-ES,1,fatal
2025-12-10,16:49,2025-12-10 16:49:00,2025.0,12.0,quarta,16.0,tarde,ES,ARACRUZ,False,101.0,BR-101,192.9,-19.6976989,-40.3027,Ultrapassagem Indevida,Colisão lateral mesmo sentido,Com Vítimas Feridas,Pleno dia,Crescente,Nublado,Simples,Aclive;Reta,Não,0.0,0.0,2.0,2.0,1.0,1.0,3.0,4.0,SPRF-ES,DEL04-ES,UOP01-DEL04-ES,0,moderado
2025-11-18,05:19,2025-11-18 05:19:00,2025.0,11.0,terca,5.0,madrugada,ES,ANCHIETA,False,101.0,BR-101,350.0,-20.66582851,-40.6559093,Velocidade Incompatível,Saída de leito carroçável,Com Vítimas Feridas,Amanhecer,Decrescente,Céu Claro,Dupla,Curva,Não,0.0,0.0,1.0,1.0,0.0,0.0,1.0,1.0,SPRF-ES,DEL03-ES,UOP01-DEL03-ES,0,moderado
2025-12-11,16:20,2025-12-11 16:20:00,2025.0,12.0,quinta,16.0,tarde,ES,SERRA,True,101.0,BR-101,276.2,-20.20920745,-40.31581074,Acessar a via sem observar a presença dos outros veículos,Colisão transversal,Com Vítimas Feridas,Pleno dia,Crescente,Sol,Dupla,Retorno Regulamentado,Não,0.0,0.0,1.0,1.0,1.0,0.0,2.0,2.0,SPRF-ES,DEL02-ES,UOP01-DEL02-ES,0,moderado
2025-12-11,13:10,2025-12-11 13:10:00,2025.0,12.0,quinta,13.0,tarde,ES,DOMINGOS MARTINS,False,262.0,BR-262,73.1,-20.4102246,-40.8875398,Carga excessiva e/ou mal acondicionada,Tombamento,Com Vítimas Feridas,Pleno dia,Crescente,Sol,Simples,Curva,Não,0.0,0.0,1.0,1.0,0.0,1.0,2.0,2.0,SPRF-ES,DEL01-ES,UOP02-DEL01-ES,0,moderado
2025-12-11,22:30,2025-12-11 22:30:00,2025.0,12.0,quinta,22.0,noite,ES,LINHARES,False,101.0,BR-101,148.7,-19.39407,-40.065524,Reação tardia ou ineficiente do condutor,Tombamento,Com Vítimas Feridas,Plena Noite,Decrescente,Céu Claro,Dupla,Reta,Sim,0.0,0.0,1.0,1.0,1.0,0.0,2.0,2.0,SPRF-ES,DEL04-ES,UOP01-DEL04-ES,0,moderado
2025-12-12,05:50,2025-12-12 05:50:00,2025.0,12.0,sexta,5.0,madrugada,ES,VILA VELHA,True,101.0,BR-101,315.0,-20.476867,-40.470719,Reação tardia ou ineficiente do condutor,Tombamento,Com Vítimas Feridas,Amanhecer,Crescente,Nublado,Dupla,Aclive;Curva,Não,0.0,0.0,2.0,2.0,0.0,0.0,1.0,2.0,SPRF-ES,DEL01-ES,UOP01-DEL01-ES,0,moderado
2025-12-13,14:20,2025-12-13 14:20:00,2025.0,12.0,sabado,14.0,tarde,ES,ATILIO VIVACQUA,False,101.0,BR-101,433.5,-21.04699314,-41.18531455,Reação tardia ou ineficiente do condutor,Colisão lateral sentido oposto,Com Vítimas Feridas,Pleno dia,Decrescente,Chuva,Simples,Aclive;Curva,Não,0.0,0.0,3.0,3.0,1.0,1.0,3.0,5.0,SPRF-ES,DEL03-ES,UOP02-DEL03-ES,0,moderado
2025-12-13,17:10,2025-12-13 17:10:00,2025.0,12.0,sabado,17.0,tarde,ES,PEDRO CANARIO,False,101.0,BR-101,6.1,-18.21981907,-39.94482717,Transitar na contramão,Colisão lateral sentido oposto,Com Vítimas Feridas,Pleno dia,Crescente,Céu Claro,Simples,Declive;Curva,Não,0.0,0.0,2.0,2.0,1.0,1.0,3.0,4.0,SPRF-ES,DEL04-ES,UOP02-DEL04-ES,0,moderado
2025-12-15,01:30,2025-12-15 01:30:00,2025.0,12.0,segunda,1.0,madrugada,ES,COLATINA,False,259.0,BR-259,50.0,-19.506574,-40.609384,Condutor deixou de manter distância do veículo da frente,Colisão traseira,Com Vítimas Feridas,Anoitecer,Crescente,Céu Claro,Simples,Reta,Não,0.0,0.0,1.0,1.0,0.0,1.0,2.0,2.0,SPRF-ES,DEL02-ES,UOP01-DEL02-ES,0,moderado
2025-12-15,05:00,2025-12-15 05:00:00,2025.0,12.0,segunda,5.0,madrugada,ES,VILA VELHA,True,101.0,BR-101,315.9,-20.47830914,-40.47069426,Velocidade Incompatível,Tombamento,Com Vítimas Fatais,Amanhecer,Decrescente,Céu Claro,Múltipla,Curva;Declive,Não,1.0,0.0,0.0,0.0,0.0,0.0,1.0,1.0,SPRF-ES,DEL01-ES,UOP01-DEL01-ES,1,fatal
2025-12-15,07:00,2025-12-15 07:00:00,2025.0,12.0,segunda,7.0,manha,ES,RIO NOVO DO SUL,False,101.0,BR-101,393.0,-20.8658748,-40.9272727,Condutor Dormindo,Tombamento,Com Vítimas Feridas,Pleno dia,Crescente,Sol,Simples,Curva,Não,0.0,0.0,1.0,1.0,0.0,0.0,1.0,1.0,SPRF-ES,DEL03-ES,UOP02-DEL03-ES,0,moderado
2025-12-15,11:25,2025-12-15 11:25:00,2025.0,12.0,segunda,11.0,manha,ES,LINHARES,False,101.0,BR-101,148.7,-19.39469534,-40.06529331,Pedestre andava na pista,Atropelamento de Pedestre,Com Vítimas Feridas,Pleno dia,Crescente,Céu Claro,Simples,Interseção de Vias;Reta,Sim,0.0,1.0,0.0,1.0,1.0,0.0,2.0,2.0,SPRF-ES,DEL04-ES,UOP01-DEL04-ES,1,grave
2025-12-17,10:00,2025-12-17 10:00:00,2025.0,12.0,quarta,10.0,manha,ES,SERRA,True,101.0,BR-101,263.0,-20.17821939,-40.26548863,Reação tardia ou ineficiente do condutor,Colisão traseira,Com Vítimas Feridas,Pleno dia,Crescente,Céu Claro,Dupla,Reta,Sim,0.0,0.0,1.0,1.0,2.0,0.0,2.0,3.0,SPRF-ES,DEL02-ES,UOP01-DEL02-ES,0,moderado
2025-12-17,23:00,2025-12-17 23:00:00,2025.0,12.0,quarta,23.0,noite,ES,IBIRACU,False,101.0,BR-101,223.0,-19.86378577,-40.3916198,Ausência de reação do condutor,Tombamento,Com Vítimas Feridas,Plena Noite,Decrescente,Céu Claro,Simples,Curva;Declive,Não,0.0,0.0,1.0,1.0,0.0,1.0,2.0,2.0,SPRF-ES,DEL02-ES,UOP01-DEL02-ES,0,moderado
2025-12-18,08:30,2025-12-18 08:30:00,2025.0,12.0,quinta,8.0,manha,ES,VIANA,True,262.0,BR-262,25.9,-20.3800904,-40.54263067,Demais falhas mecânicas ou elétricas,Incêndio,Sem Vítimas,Pleno dia,Crescente,Céu Claro,Simples,Reta,Não,0.0,0.0,0.0,0.0,1.0,0.0,1.0,1.0,SPRF-ES,DEL01-ES,UOP01-DEL01-ES,0,baixo
2025-12-18,09:30,2025-12-18 09:30:00,2025.0,12.0,quinta,9.0,manha,ES,SERRA,True,101.0,BR-101,270.0,-20.04885,-40.3866983,Manobra de mudança de faixa,Colisão lateral mesmo sentido,Com Vítimas Feridas,Pleno dia,Decrescente,Sol,Múltipla,Reta,Sim,0.0,0.0,1.0,1.0,2.0,1.0,4.0,4.0,SPRF-ES,DEL02-ES,UOP01-DEL02-ES,0,moderado
2025-12-16,19:20,2025-12-16 19:20:00,2025.0,12.0,terca,19.0,noite,ES,SERRA,True,101.0,BR-101,266.0,-20.19588751,-40.26885308,Manobra de mudança de faixa,Colisão lateral mesmo sentido,Sem Vítimas,Pleno dia,Crescente,Céu Claro,Múltipla,Interseção de Vias;Reta,Não,0.0,0.0,0.0,0.0,4.0,2.0,4.0,5.0,SPRF-ES,DEL02-ES,UOP01-DEL02-ES,0,baixo
2025-12-19,09:20,2025-12-19 09:20:00,2025.0,12.0,sexta,9.0,manha,ES,LINHARES,False,101.0,BR-101,112.0,-19.06624756,-40.03673047,Carga excessiva e/ou mal acondicionada,Derramamento de carga,Com Vítimas Feridas,Pleno dia,Decrescente,Céu Claro,Simples,Reta,Não,0.0,0.0,1.0,1.0,1.0,0.0,2.0,2.0,SPRF-ES,DEL04-ES,UOP01-DEL04-ES,0,moderado
2025-12-19,14:20,2025-12-19 14:20:00,2025.0,12.0,sexta,14.0,tarde,ES,COLATINA,False,259.0,BR-259,34.0,-19.56935363,-40.50385594,Ausência de reação do condutor,Colisão traseira,Com Vítimas Feridas,Pleno dia,Crescente,Nublado,Simples,Curva,Não,0.0,2.0,0.0,2.0,2.0,0.0,3.0,4.0,SPRF-ES,DEL02-ES,UOP01-DEL02-ES,1,grave
2025-12-20,03:15,2025-12-20 03:15:00,2025.0,12.0,sabado,3.0,madrugada,ES,IBATIBA,False,262.0,BR-262,151.0,-20.21502206,-41.44939988,Problema com o freio,Colisão com objeto,Sem Vítimas,Plena Noite,Crescente,Céu Claro,Simples,Curva,Não,0.0,0.0,0.0,0.0,1.0,0.0,1.0,1.0,SPRF-ES,DEL01-ES,UOP02-DEL01-ES,0,baixo
2025-12-22,04:20,2025-12-22 04:20:00,2025.0,12.0,segunda,4.0,madrugada,ES,CARIACICA,True,101.0,BR-101,296.0,-20.34241663,-40.4053645,Acesso irregular,Colisão frontal,Com Vítimas Fatais,Plena Noite,Crescente,Céu Claro,Múltipla,Reta,Sim,1.0,0.0,0.0,0.0,1.0,2.0,4.0,4.0,SPRF-ES,DEL01-ES,UOP01-DEL01-ES,1,fatal
2025-12-22,05:30,2025-12-22 05:30:00,2025.0,12.0,segunda,5.0,madrugada,ES,RIO NOVO DO SUL,False,101.0,BR-101,385.9,-20.841671,-40.872402,Velocidade Incompatível,Derramamento de carga,Com Vítimas Fatais,Amanhecer,Crescente,Nublado,Simples,Curva,Não,1.0,2.0,0.0,2.0,3.0,2.0,5.0,7.0,SPRF-ES,DEL03-ES,UOP01-DEL03-ES,1,fatal
2025-12-22,11:30,2025-12-22 11:30:00,2025.0,12.0,segunda,11.0,manha,ES,IBIRACU,False,101.0,BR-101,205.0,-19.77308452,-40.37149429,Reação tardia ou ineficiente do condutor,Colisão frontal,Com Vítimas Feridas,Pleno dia,Crescente,Chuva,Simples,Curva,Não,0.0,0.0,1.0,1.0,4.0,1.0,3.0,6.0,SPRF-ES,DEL02-ES,UOP01-DEL02-ES,0,moderado
2025-12-22,13:50,2025-12-22 13:50:00,2025.0,12.0,segunda,13.0,tarde,ES,CARIACICA,True,101.0,BR-101,288.5,-20.27532121,-40.39228678,Velocidade Incompatível,Colisão com objeto,Com Vítimas Feridas,Pleno dia,Decrescente,Céu Claro,Dupla,Curva,Sim,0.0,3.0,0.0,3.0,1.0,1.0,3.0,5.0,SPRF-ES,DEL01-ES,UOP01-DEL01-ES,1,grave
2025-12-23,07:30,2025-12-23 07:30:00,2025.0,12.0,terca,7.0,manha,ES,CONCEICAO DA BARRA,False,101.0,BR-101,30.1,-18.42063121,-39.93451953,Condutor deixou de manter distância do veículo da frente,Engavetamento,Com Vítimas Feridas,Pleno dia,Crescente,Sol,Simples,Reta;Aclive,Não,0.0,1.0,1.0,2.0,3.0,3.0,7.0,6.0,SPRF-ES,DEL04-ES,UOP02-DEL04-ES,1,grave
2025-12-23,14:30,2025-12-23 14:30:00,2025.0,12.0,terca,14.0,tarde,ES,VIANA,True,101.0,BR-101,310.0,-20.426109,-40.460255,Condutor deixou de manter distância do veículo da frente,Colisão traseira,Com Vítimas Feridas,Pleno dia,Decrescente,Sol,Dupla,Aclive;Curva,Não,0.0,0.0,2.0,2.0,1.0,1.0,3.0,4.0,SPRF-ES,DEL01-ES,UOP01-DEL01-ES,0,moderado
2025-12-23,16:40,2025-12-23 16:40:00,2025.0,12.0,terca,16.0,tarde,ES,LINHARES,False,101.0,BR-101,105.0,-19.021784,-40.015211,Condutor Dormindo,Colisão lateral mesmo sentido,Com Vítimas Feridas,Pleno dia,Crescente,Céu Claro,Simples,Reta,Não,0.0,0.0,2.0,2.0,0.0,1.0,2.0,3.0,SPRF-ES,DEL04-ES,UOP01-DEL04-ES,0,moderado
2025-12-23,19:10,2025-12-23 19:10:00,2025.0,12.0,terca,19.0,noite,ES,PEDRO CANARIO,False,101.0,BR-101,9.0,-18.21039238,-39.94172797,Demais falhas mecânicas ou elétricas,Incêndio,Sem Vítimas,Plena Noite,Crescente,Céu Claro,Simples,Reta,Não,0.0,0.0,0.0,0.0,1.0,0.0,1.0,1.0,SPRF-ES,DEL04-ES,UOP02-DEL04-ES,0,baixo
2025-12-24,19:00,2025-12-24 19:00:00,2025.0,12.0,quarta,19.0,noite,ES,ANCHIETA,False,101.0,BR-101,362.9,-20.7113094,-40.7226689,Ausência de reação do condutor,Colisão frontal,Com Vítimas Feridas,Plena Noite,Crescente,Céu Claro,Simples,Reta,Não,0.0,1.0,0.0,1.0,1.0,1.0,3.0,3.0,SPRF-ES,DEL03-ES,UOP01-DEL03-ES,1,grave
2025-12-26,15:27,2025-12-26 15:27:00,2025.0,12.0,sexta,15.0,tarde,ES,ANCHIETA,False,101.0,BR-101,359.9,-20.7100952,-40.72080124,Ultrapassagem Indevida,Saída de leito carroçável,Com Vítimas Feridas,Pleno dia,Decrescente,Céu Claro,Simples,Curva;Interseção de Vias,Não,0.0,0.0,2.0,2.0,0.0,0.0,1.0,2.0,SPRF-ES,DEL03-ES,UOP01-DEL03-ES,0,moderado
2025-12-30,04:00,2025-12-30 04:00:00,2025.0,12.0,terca,4.0,madrugada,ES,CARIACICA,True,101.0,BR-101,296.0,-20.3420281,-40.40477514,Velocidade Incompatível,Tombamento,Com Vítimas Feridas,Plena Noite,Decrescente,Céu Claro,Múltipla,Curva,Sim,0.0,0.0,1.0,1.0,0.0,8.0,9.0,2.0,SPRF-ES,DEL01-ES,UOP01-DEL01-ES,0,moderado
2025-12-30,15:55,2025-12-30 15:55:00,2025.0,12.0,terca,15.0,tarde,ES,JOAO NEIVA,False,259.0,BR-259,9.0,-19.66858288,-40.40294056,Ausência de reação do condutor,Saída de leito carroçável,Com Vítimas Feridas,Pleno dia,Crescente,Sol,Simples,Reta,Não,0.0,0.0,1.0,1.0,0.0,0.0,1.0,1.0,SPRF-ES,DEL02-ES,UOP01-DEL02-ES,0,moderado
2025-12-30,15:50,2025-12-30 15:50:00,2025.0,12.0,terca,15.0,tarde,ES,SERRA,True,101.0,BR-101,272.5,-20.22334,-40.28807333,Condutor deixou de manter distância do veículo da frente,Colisão traseira,Com Vítimas Feridas,Pleno dia,Crescente,Sol,Dupla,Reta,Não,0.0,0.0,1.0,1.0,3.0,0.0,3.0,4.0,SPRF-ES,DEL02-ES,UOP01-DEL02-ES,0,moderado
2025-12-30,22:10,2025-12-30 22:10:00,2025.0,12.0,terca,22.0,noite,ES,LINHARES,False,101.0,BR-101,120.2,-19.14645111,-40.07635164,Ultrapassagem Indevida,Saída de leito carroçável,Com Vítimas Feridas,Plena Noite,Decrescente,Céu Claro,Simples,Reta;Declive,Não,0.0,0.0,1.0,1.0,4.0,1.0,4.0,6.0,SPRF-ES,DEL04-ES,UOP01-DEL04-ES,0,moderado
2025-12-31,16:20,2025-12-31 16:20:00,2025.0,12.0,quarta,16.0,tarde,ES,IBIRACU,False,101.0,BR-101,213.0,-19.820442,-40.368803,Transitar na contramão,Colisão frontal,Com Vítimas Feridas,Pleno dia,Crescente,Céu Claro,Simples,Reta,Sim,0.0,1.0,0.0,1.0,1.0,1.0,3.0,3.0,SPRF-ES,DEL02-ES,UOP01-DEL02-ES,1,grave
2025-12-24,00:05,2025-12-24 00:05:00,2025.0,12.0,quarta,0.0,madrugada,ES,SOORETAMA,False,101.0,BR-101,95.0,-19.19006711,-40.09455621,Velocidade Incompatível,Colisão traseira,Com Vítimas Fatais,Plena Noite,Decrescente,Nublado,Simples,Reta,Não,4.0,0.0,3.0,3.0,4.0,0.0,4.0,11.0,SPRF-ES,DEL04-ES,UOP02-DEL04-ES,1,fatal
2025-10-17,21:00,2025-10-17 21:00:00,2025.0,10.0,sexta,21.0,noite,ES,CONCEICAO DA BARRA,False,101.0,BR-101,35.4,-18.45926122,-39.93004058,Acessar a via sem observar a presença dos outros veículos,Colisão transversal,Com Vítimas Feridas,Plena Noite,Decrescente,Céu Claro,Simples,Interseção de Vias,Não,0.0,1.0,0.0,1.0,1.0,2.0,4.0,3.0,SPRF-ES,DEL04-ES,UOP02-DEL04-ES,1,grave
2025-02-08,12:00,2025-02-08 12:00:00,2025.0,2.0,sabado,12.0,tarde,ES,CARIACICA,True,101.0,BR-101,294.6,-20.32983151,-40.39897619,Condutor deixou de manter distância do veículo da frente,Colisão traseira,Com Vítimas Feridas,Pleno dia,Crescente,Sol,Múltipla,Viaduto;Declive;Reta,Sim,0.0,0.0,1.0,1.0,7.0,1.0,4.0,9.0,SPRF-ES,DEL01-ES,UOP01-DEL01-ES,0,moderado
2025-09-30,06:10,2025-09-30 06:10:00,2025.0,9.0,terca,6.0,manha,ES,CARIACICA,True,101.0,BR-101,283.0,-20.23463248,-40.36945009,Condutor deixou de manter distância do veículo da frente,Colisão traseira,Com Vítimas Feridas,Pleno dia,Crescente,Nublado,Dupla,Curva,Sim,0.0,1.0,1.0,2.0,2.0,1.0,5.0,5.0,SPRF-ES,DEL01-ES,UOP01-DEL01-ES,1,grave
2025-11-19,06:45,2025-11-19 06:45:00,2025.0,11.0,quarta,6.0,manha,ES,VIANA,True,101.0,BR-101,299.0,-20.35866585,-40.42450847,Condutor deixou de manter distância do veículo da frente,Colisão traseira,Com Vítimas Feridas,Pleno dia,Decrescente,Chuva,Múltipla,Curva,Sim,0.0,0.0,1.0,1.0,0.0,1.0,2.0,2.0,SPRF-ES,DEL01-ES,UOP01-DEL01-ES,0,moderado
2025-04-12,04:00,2025-04-12 04:00:00,2025.0,4.0,sabado,4.0,madrugada,ES,SAO MATEUS,False,101.0,BR-101,71.0,-18.760291,-39.863296,Reação tardia ou ineficiente do condutor,Colisão traseira,Com Vítimas Feridas,Amanhecer,Decrescente,Céu Claro,Simples,Reta,Não,0.0,1.0,0.0,1.0,3.0,1.0,3.0,5.0,SPRF-ES,DEL04-ES,UOP02-DEL04-ES,1,grave
2025-05-09,12:01,2025-05-09 12:01:00,2025.0,5.0,sexta,12.0,tarde,ES,SAO MATEUS,False,101.0,BR-101,66.0,-18.71803733,-39.87065999,Pedestre andava na pista,Atropelamento de Pedestre,Com Vítimas Feridas,Pleno dia,Decrescente,Céu Claro,Dupla,Reta,Sim,0.0,0.0,1.0,1.0,1.0,1.0,3.0,3.0,SPRF-ES,DEL04-ES,UOP02-DEL04-ES,0,moderado
2025-05-23,14:30,2025-05-23 14:30:00,2025.0,5.0,sexta,14.0,tarde,ES,MARECHAL FLORIANO,False,262.0,BR-262,42.0,-20.385432,-40.65275,Velocidade Incompatível,Colisão frontal,Com Vítimas Feridas,Pleno dia,Crescente,Chuva,Simples,Curva,Não,0.0,0.0,6.0,6.0,1.0,1.0,3.0,8.0,SPRF-ES,DEL01-ES,UOP01-DEL01-ES,0,moderado
2025-05-13,06:00,2025-05-13 06:00:00,2025.0,5.0,terca,6.0,manha,ES,CONCEICAO DA BARRA,False,101.0,BR-101,31.0,-18.49719163,-39.91916656,Acessar a via sem observar a presença dos outros veículos,Colisão transversal,Com Vítimas Feridas,Amanhecer,Crescente,Nublado,Simples,Reta,Não,0.0,1.0,0.0,1.0,2.0,1.0,3.0,4.0,SPRF-ES,DEL04-ES,UOP02-DEL04-ES,1,grave
2025-09-25,00:10,2025-09-25 00:10:00,2025.0,9.0,quinta,0.0,madrugada,ES,ITAPEMIRIM,False,101.0,BR-101,399.0,-20.880257,-40.96889,Transitar na contramão,Colisão lateral sentido oposto,Com Vítimas Feridas,Plena Noite,Decrescente,Chuva,Simples,Reta,Não,0.0,1.0,1.0,2.0,2.0,1.0,3.0,5.0,SPRF-ES,DEL03-ES,UOP02-DEL03-ES,1,grave
2025-12-22,11:10,2025-12-22 11:10:00,2025.0,12.0,segunda,11.0,manha,ES,DOMINGOS MARTINS,False,262.0,BR-262,84.0,-20.40438433,-40.97343731,Pista Escorregadia,Queda de ocupante de veículo,Com Vítimas Feridas,Pleno dia,Decrescente,Garoa/Chuvisco,Simples,Reta;Declive,Não,0.0,0.0,1.0,1.0,0.0,1.0,2.0,2.0,SPRF-ES,DEL01-ES,UOP02-DEL01-ES,0,moderado
2025-01-01,12:10,2025-01-01 12:10:00,2025.0,1.0,quarta,12.0,tarde,ES,IBATIBA,False,262.0,BR-262,155.0,-20.22651793,-41.47055672,Reação tardia ou ineficiente do condutor,Colisão com objeto,Com Vítimas Feridas,Pleno dia,Crescente,Nublado,Simples,Reta,Não,0.0,0.0,1.0,1.0,1.0,0.0,1.0,2.0,SPRF-ES,DEL01-ES,UOP02-DEL01-ES,0,moderado
2025-01-01,18:40,2025-01-01 18:40:00,2025.0,1.0,quarta,18.0,noite,ES,CARIACICA,True,101.0,BR-101,288.3,-20.2738116,-40.39210439,Demais falhas mecânicas ou elétricas,Colisão com objeto,Com Vítimas Feridas,Plena Noite,Crescente,Nublado,Dupla,Reta,Sim,0.0,0.0,1.0,1.0,0.0,0.0,1.0,1.0,SPRF-ES,DEL01-ES,UOP01-DEL01-ES,0,moderado
2025-01-01,20:30,2025-01-01 20:30:00,2025.0,1.0,quarta,20.0,noite,ES,CONCEICAO DO CASTELO,False,262.0,BR-262,124.6,-20.28654241,-41.25440952,Ingestão de álcool pelo condutor,Colisão lateral sentido oposto,Com Vítimas Feridas,Plena Noite,Crescente,Chuva,Simples,Curva,Não,0.0,0.0,2.0,2.0,2.0,0.0,3.0,4.0,SPRF-ES,DEL01-ES,UOP02-DEL01-ES,0,moderado
2025-01-02,06:54,2025-01-02 06:54:00,2025.0,1.0,quinta,6.0,manha,ES,SAO MATEUS,False,101.0,BR-101,51.4,-18.59458104,-39.88970815,Ausência de reação do condutor,Saída de leito carroçável,Com Vítimas Feridas,Pleno dia,Crescente,Céu Claro,Simples,Reta,Não,0.0,0.0,1.0,1.0,1.0,0.0,1.0,2.0,SPRF-ES,DEL04-ES,UOP02-DEL04-ES,0,moderado
2025-01-02,07:40,2025-01-02 07:40:00,2025.0,1.0,quinta,7.0,manha,ES,LINHARES,False,101.0,BR-101,163.0,-19.49806194,-40.13058524,Acessar a via sem observar a presença dos outros veículos,Colisão transversal,Com Vítimas Feridas,Pleno dia,Crescente,Nublado,Simples,Interseção de Vias,Não,0.0,0.0,1.0,1.0,1.0,0.0,2.0,2.0,SPRF-ES,DEL04-ES,UOP01-DEL04-ES,0,moderado
2025-01-02,17:51,2025-01-02 17:51:00,2025.0,1.0,quinta,17.0,tarde,ES,JOAO NEIVA,False,259.0,BR-259,8.0,-19.68073376,-40.39141693,Reação tardia ou ineficiente do condutor,Tombamento,Com Vítimas Feridas,Anoitecer,Decrescente,Chuva,Simples,Curva;Declive,Não,0.0,0.0,2.0,2.0,0.0,0.0,1.0,2.0,SPRF-ES,DEL02-ES,UOP01-DEL02-ES,0,moderado
2025-01-02,19:34,2025-01-02 19:34:00,2025.0,1.0,quinta,19.0,noite,ES,CONCEICAO DA BARRA,False,101.0,BR-101,24.8,-18.3592689,-39.95388073,Restrição de visibilidade em curvas verticais,Saída de leito carroçável,Com Vítimas Feridas,Plena Noite,Crescente,Nublado,Simples,Reta,Não,0.0,0.0,3.0,3.0,0.0,0.0,1.0,3.0,SPRF-ES,DEL04-ES,UOP02-DEL04-ES,0,moderado
2025-01-03,07:00,2025-01-03 07:00:00,2025.0,1.0,sexta,7.0,manha,ES,CARIACICA,True,101.0,BR-101,294.0,-20.32415948,-40.3952903,Reação tardia ou ineficiente do condutor,Colisão lateral mesmo sentido,Com Vítimas Feridas,Pleno dia,Crescente,Céu Claro,Múltipla,Reta,Sim,0.0,0.0,1.0,1.0,1.0,0.0,2.0,2.0,SPRF-ES,DEL01-ES,UOP01-DEL01-ES,0,moderado
2025-01-03,20:20,2025-01-03 20:20:00,2025.0,1.0,sexta,20.0,noite,ES,IBIRACU,False,101.0,BR-101,224.5,-19.89290688,-40.41230369,Chuva,Saída de leito carroçável,Com Vítimas Feridas,Plena Noite,Decrescente,Chuva,Simples,Reta,Não,0.0,0.0,2.0,2.0,0.0,0.0,1.0,2.0,SPRF-ES,DEL02-ES,UOP01-DEL02-ES,0,moderado
2025-01-04,18:15,2025-01-04 18:15:00,2025.0,1.0,sabado,18.0,noite,ES,RIO NOVO DO SUL,False,101.0,BR-101,391.9,-20.8657929,-40.89634385,Acessar a via sem observar a presença dos outros veículos,Colisão traseira,Com Vítimas Feridas,Anoitecer,Decrescente,Céu Claro,Simples,Interseção de Vias,Não,0.0,0.0,2.0,2.0,1.0,0.0,2.0,3.0,SPRF-ES,DEL03-ES,UOP02-DEL03-ES,0,moderado
2025-01-04,17:55,2025-01-04 17:55:00,2025.0,1.0,sabado,17.0,tarde,ES,SERRA,True,101.0,BR-101,271.5,-20.23267,-40.27658,Transitar na contramão,Colisão lateral sentido oposto,Com Vítimas Feridas,Anoitecer,Decrescente,Céu Claro,Dupla,Reta,Não,0.0,0.0,1.0,1.0,1.0,0.0,2.0,2.0,SPRF-ES,DEL02-ES,UOP01-DEL02-ES,0,moderado
2025-01-05,07:45,2025-01-05 07:45:00,2025.0,1.0,domingo,7.0,manha,ES,DOMINGOS MARTINS,False,262.0,BR-262,34.0,-20.37297172,-40.59246445,Pista Escorregadia,Saída de leito carroçável,Com Vítimas Feridas,Pleno dia,Crescente,Chuva,Simples,Curva,Não,0.0,0.0,1.0,1.0,1.0,0.0,1.0,2.0,SPRF-ES,DEL01-ES,UOP01-DEL01-ES,0,moderado
2025-01-05,11:21,2025-01-05 11:21:00,2025.0,1.0,domingo,11.0,manha,ES,SAO MATEUS,False,101.0,BR-101,66.0,-18.7165195,-39.87436378,Condutor deixou de manter distância do veículo da frente,Colisão traseira,Com Vítimas Feridas,Pleno dia,Decrescente,Chuva,Múltipla,Reta,Não,0.0,0.0,1.0,1.0,1.0,0.0,2.0,2.0,SPRF-ES,DEL04-ES,UOP02-DEL04-ES,0,moderado
2025-01-05,12:06,2025-01-05 12:06:00,2025.0,1.0,domingo,12.0,tarde,ES,CONCEICAO DA BARRA,False,101.0,BR-101,40.7,-18.49980697,-39.91851689,Chuva,Queda de ocupante de veículo,Com Vítimas Feridas,Pleno dia,Crescente,Chuva,Simples,Reta,Não,0.0,0.0,1.0,1.0,0.0,0.0,1.0,1.0,SPRF-ES,DEL04-ES,UOP02-DEL04-ES,0,moderado
2025-01-05,17:55,2025-01-05 17:55:00,2025.0,1.0,domingo,17.0,tarde,ES,CONCEICAO DA BARRA,False,101.0,BR-101,46.8,-18.55144093,-39.90284075,Chuva,Queda de ocupante de veículo,Sem Vítimas,Anoitecer,Decrescente,Chuva,Simples,Reta,Não,0.0,0.0,0.0,0.0,1.0,0.0,1.0,1.0,SPRF-ES,DEL04-ES,UOP02-DEL04-ES,0,baixo
2025-01-05,19:20,2025-01-05 19:20:00,2025.0,1.0,domingo,19.0,noite,ES,COLATINA,False,259.0,BR-259,31.8,-19.58704806,-40.50913271,Transitar na contramão,Colisão frontal,Com Vítimas Fatais,Plena Noite,Decrescente,Garoa/Chuvisco,Simples,Curva,Não,2.0,0.0,0.0,0.0,1.0,0.0,2.0,3.0,SPRF-ES,DEL02-ES,UOP01-DEL02-ES,1,fatal
2025-01-05,20:40,2025-01-05 20:40:00,2025.0,1.0,domingo,20.0,noite,ES,SERRA,True,101.0,BR-101,256.2,-20.119123,-40.311005,Acessar a via sem observar a presença dos outros veículos,Capotamento,Com Vítimas Feridas,Plena Noite,Decrescente,Chuva,Múltipla,Reta,Sim,0.0,1.0,0.0,1.0,0.0,0.0,1.0,1.0,SPRF-ES,DEL02-ES,UOP01-DEL02-ES,1,grave
2025-01-05,22:48,2025-01-05 22:48:00,2025.0,1.0,domingo,22.0,noite,ES,SERRA,True,101.0,BR-101,263.0,-20.16554736,-40.27301648,Manobra de mudança de faixa,Colisão lateral mesmo sentido,Com Vítimas Feridas,Plena Noite,Crescente,Nublado,Dupla,Reta,Sim,0.0,0.0,3.0,3.0,1.0,0.0,2.0,4.0,SPRF-ES,DEL02-ES,UOP01-DEL02-ES,0,moderado
2025-01-06,07:45,2025-01-06 07:45:00,2025.0,1.0,segunda,7.0,manha,ES,LINHARES,False,101.0,BR-101,145.5,-19.36089598,-40.06464018,Velocidade Incompatível,Colisão traseira,Com Vítimas Feridas,Pleno dia,Crescente,Céu Claro,Dupla,Reta,Sim,0.0,0.0,1.0,1.0,1.0,0.0,2.0,2.0,SPRF-ES,DEL04-ES,UOP01-DEL04-ES,0,moderado
2025-01-06,19:00,2025-01-06 19:00:00,2025.0,1.0,segunda,19.0,noite,ES,SERRA,True,101.0,BR-101,265.9,-20.1816849,-40.26536036,Manobra de mudança de faixa,Colisão lateral mesmo sentido,Com Vítimas Feridas,Plena Noite,Decrescente,Chuva,Múltipla,Reta,Sim,0.0,0.0,1.0,1.0,1.0,0.0,2.0,2.0,SPRF-ES,DEL02-ES,UOP01-DEL02-ES,0,moderado
2025-01-07,05:50,2025-01-07 05:50:00,2025.0,1.0,terca,5.0,madrugada,ES,SAO MATEUS,False,101.0,BR-101,86.0,-18.86552104,-39.93978995,Transitar na contramão,Colisão frontal,Com Vítimas Feridas,Amanhecer,Crescente,Chuva,Simples,Reta,Não,0.0,5.0,0.0,5.0,0.0,0.0,2.0,5.0,SPRF-ES,DEL04-ES,UOP02-DEL04-ES,1,grave
2025-01-07,08:00,2025-01-07 08:00:00,2025.0,1.0,terca,8.0,manha,ES,CARIACICA,True,101.0,BR-101,295.0,-20.33223667,-40.40004683,Manobra de mudança de faixa,Colisão traseira,Com Vítimas Feridas,Pleno dia,Crescente,Céu Claro,Dupla,Reta,Não,0.0,0.0,2.0,2.0,1.0,0.0,2.0,3.0,SPRF-ES,DEL01-ES,UOP01-DEL01-ES,0,moderado
2025-01-08,06:58,2025-01-08 06:58:00,2025.0,1.0,quarta,6.0,manha,ES,VIANA,True,101.0,BR-101,299.9,-20.358635,-40.432167,Condutor usando celular,Colisão traseira,Com Vítimas Feridas,Pleno dia,Crescente,Nublado,Múltipla,Curva,Não,0.0,2.0,0.0,2.0,2.0,0.0,3.0,4.0,SPRF-ES,DEL01-ES,UOP01-DEL01-ES,1,grave
2025-01-08,07:50,2025-01-08 07:50:00,2025.0,1.0,quarta,7.0,manha,ES,SERRA,True,101.0,BR-101,267.1,-20.19930999,-40.26884609,Manobra de mudança de faixa,Colisão lateral mesmo sentido,Com Vítimas Feridas,Pleno dia,Crescente,Céu Claro,Dupla,Reta,Sim,0.0,0.0,1.0,1.0,1.0,0.0,2.0,2.0,SPRF-ES,DEL02-ES,UOP01-DEL02-ES,0,moderado
2025-01-08,15:40,2025-01-08 15:40:00,2025.0,1.0,quarta,15.0,tarde,ES,DOMINGOS MARTINS,False,262.0,BR-262,43.8,-20.38770779,-40.66824031,Conversão proibida,Colisão transversal,Com Vítimas Feridas,Pleno dia,Crescente,Céu Claro,Simples,Reta,Não,0.0,0.0,2.0,2.0,3.0,0.0,3.0,5.0,SPRF-ES,DEL01-ES,UOP01-DEL01-ES,0,moderado
2025-01-08,18:31,2025-01-08 18:31:00,2025.0,1.0,quarta,18.0,noite,ES,SERRA,True,101.0,BR-101,260.8,-20.14616415,-40.28836206,Afundamento ou ondulação no pavimento,Queda de ocupante de veículo,Com Vítimas Feridas,Plena Noite,Decrescente,Chuva,Simples,Curva,Não,0.0,0.0,1.0,1.0,0.0,0.0,1.0,1.0,SPRF-ES,DEL02-ES,UOP01-DEL02-ES,0,moderado
2025-01-08,21:00,2025-01-08 21:00:00,2025.0,1.0,quarta,21.0,noite,ES,LINHARES,False,101.0,BR-101,148.0,-19.38787399,-40.06752766,Ingestão de álcool pelo condutor,Colisão traseira,Sem Vítimas,Plena Noite,Crescente,Garoa/Chuvisco,Múltipla,Reta,Sim,0.0,0.0,0.0,0.0,2.0,0.0,2.0,2.0,SPRF-ES,DEL04-ES,UOP01-DEL04-ES,0,baixo
2025-01-09,07:00,2025-01-09 07:00:00,2025.0,1.0,quinta,7.0,manha,ES,SERRA,True,101.0,BR-101,269.8,-20.21740496,-40.26990578,Ausência de reação do condutor,Colisão traseira,Com Vítimas Feridas,Pleno dia,Crescente,Chuva,Dupla,Reta,Sim,0.0,0.0,1.0,1.0,1.0,0.0,2.0,2.0,SPRF-ES,DEL02-ES,UOP01-DEL02-ES,0,moderado
2025-01-09,14:08,2025-01-09 14:08:00,2025.0,1.0,quinta,14.0,tarde,ES,CARIACICA,True,262.0,BR-262,0.5,-20.320793,-40.353315,Avarias e/ou desgaste excessivo no pneu,Colisão com objeto,Com Vítimas Feridas,Pleno dia,Decrescente,Nublado,Dupla,Reta;Ponte,Sim,0.0,1.0,0.0,1.0,0.0,0.0,1.0,1.0,SPRF-ES,DEL01-ES,UOP01-DEL01-ES,1,grave
2025-01-09,17:18,2025-01-09 17:18:00,2025.0,1.0,quinta,17.0,tarde,ES,SAO MATEUS,False,101.0,BR-101,70.0,-18.74453703,-39.86164665,Acessar a via sem observar a presença dos outros veículos,Colisão transversal,Com Vítimas Feridas,Pleno dia,Crescente,Chuva,Simples,Reta,Sim,0.0,0.0,1.0,1.0,1.0,0.0,2.0,2.0,SPRF-ES,DEL04-ES,UOP02-DEL04-ES,0,moderado
2025-01-09,20:20,2025-01-09 20:20:00,2025.0,1.0,quinta,20.0,noite,ES,SERRA,True,101.0,BR-101,278.2,-20.21698365,-40.32974606,Chuva,Tombamento,Com Vítimas Feridas,Plena Noite,Crescente,Céu Claro,Múltipla,Reta,Sim,0.0,2.0,0.0,2.0,0.0,0.0,1.0,2.0,SPRF-ES,DEL02-ES,UOP01-DEL02-ES,1,grave
2025-01-09,21:47,2025-01-09 21:47:00,2025.0,1.0,quinta,21.0,noite,ES,SERRA,True,101.0,BR-101,258.6,-20.13059888,-40.2961019,Acumulo de água sobre o pavimento,Capotamento,Com Vítimas Feridas,Plena Noite,Decrescente,Nublado,Dupla,Reta,Sim,0.0,0.0,1.0,1.0,2.0,0.0,1.0,3.0,SPRF-ES,DEL02-ES,UOP01-DEL02-ES,0,moderado
2025-01-10,08:30,2025-01-10 08:30:00,2025.0,1.0,sexta,8.0,manha,ES,SERRA,True,101.0,BR-101,271.9,-20.2266966,-40.2851416,Condutor deixou de manter distância do veículo da frente,Colisão lateral mesmo sentido,Com Vítimas Feridas,Pleno dia,Decrescente,Nublado,Múltipla,Reta;Aclive,Sim,0.0,0.0,1.0,1.0,1.0,0.0,2.0,2.0,SPRF-ES,DEL02-ES,UOP01-DEL02-ES,0,moderado
2025-01-10,08:20,2025-01-10 08:20:00,2025.0,1.0,sexta,8.0,manha,ES,SERRA,True,101.0,BR-101,269.8,-20.21740496,-40.26990578,Reação tardia ou ineficiente do condutor,Colisão com objeto,Com Vítimas Feridas,Pleno dia,Crescente,Sol,Dupla,Reta,Sim,0.0,0.0,1.0,1.0,2.0,0.0,3.0,3.0,SPRF-ES,DEL02-ES,UOP01-DEL02-ES,0,moderado
2025-01-10,14:18,2025-01-10 14:18:00,2025.0,1.0,sexta,14.0,tarde,ES,LINHARES,False,101.0,BR-101,146.0,-19.36990998,-40.06560718,Ausência de reação do condutor,Colisão traseira,Com Vítimas Feridas,Pleno dia,Crescente,Nublado,Dupla,Reta,Sim,0.0,0.0,2.0,2.0,1.0,0.0,2.0,3.0,SPRF-ES,DEL04-ES,UOP01-DEL04-ES,0,moderado
2025-01-10,19:33,2025-01-10 19:33:00,2025.0,1.0,sexta,19.0,noite,ES,JOAO NEIVA,False,259.0,BR-259,16.6,-19.65971112,-40.43161999,Transitar na contramão,Colisão frontal,Com Vítimas Feridas,Plena Noite,Crescente,Nublado,Simples,Reta,Não,0.0,0.0,4.0,4.0,1.0,0.0,2.0,5.0,SPRF-ES,DEL02-ES,UOP01-DEL02-ES,0,moderado
2025-01-10,20:30,2025-01-10 20:30:00,2025.0,1.0,sexta,20.0,noite,ES,IBIRACU,False,101.0,BR-101,212.7,-19.82264473,-40.37001486,Conversão proibida,Colisão transversal,Com Vítimas Feridas,Plena Noite,Crescente,Garoa/Chuvisco,Simples,Reta,Sim,0.0,0.0,2.0,2.0,0.0,0.0,2.0,2.0,SPRF-ES,DEL02-ES,UOP01-DEL02-ES,0,moderado
2025-01-11,01:51,2025-01-11 01:51:00,2025.0,1.0,sabado,1.0,madrugada,ES,LINHARES,False,101.0,BR-101,139.4,-19.3101728,-40.0799666,Desrespeitar a preferência no cruzamento,Colisão transversal,Sem Vítimas,Plena Noite,Decrescente,Céu Claro,Simples,Interseção de Vias;Reta,Não,0.0,0.0,0.0,0.0,1.0,1.0,2.0,2.0,SPRF-ES,DEL04-ES,UOP01-DEL04-ES,0,baixo
2025-01-11,15:30,2025-01-11 15:30:00,2025.0,1.0,sabado,15.0,tarde,ES,CARIACICA,True,101.0,BR-101,288.9,-20.27160351,-40.39091743,Manobra de mudança de faixa,Colisão traseira,Com Vítimas Feridas,Pleno dia,Decrescente,Sol,Dupla,Reta,Sim,0.0,0.0,1.0,1.0,1.0,0.0,2.0,2.0,SPRF-ES,DEL01-ES,UOP01-DEL01-ES,0,moderado
2025-01-11,19:20,2025-01-11 19:20:00,2025.0,1.0,sabado,19.0,noite,ES,SOORETAMA,False,101.0,BR-101,125.0,-19.18496498,-40.09429827,Reação tardia ou ineficiente do condutor,Colisão transversal,Com Vítimas Feridas,Plena Noite,Decrescente,Nublado,Dupla,Reta,Sim,0.0,0.0,1.0,1.0,1.0,0.0,2.0,2.0,SPRF-ES,DEL04-ES,UOP01-DEL04-ES,0,moderado
2025-01-11,23:00,2025-01-11 23:00:00,2025.0,1.0,sabado,23.0,noite,ES,CARIACICA,True,262.0,BR-262,1.0,-20.32955204,-40.35492602,Velocidade Incompatível,Colisão traseira,Com Vítimas Feridas,Plena Noite,Crescente,Ignorado,Dupla,Reta;Ponte,Não,0.0,0.0,2.0,2.0,0.0,0.0,2.0,2.0,SPRF-ES,DEL01-ES,UOP01-DEL01-ES,0,moderado
2025-01-12,00:45,2025-01-12 00:45:00,2025.0,1.0,domingo,0.0,madrugada,ES,SERRA,True,101.0,BR-101,269.8,-20.21740496,-40.26990578,Condutor desrespeitou a iluminação vermelha do semáforo,Colisão transversal,Com Vítimas Feridas,Plena Noite,Decrescente,Nublado,Múltipla,Reta,Sim,0.0,1.0,0.0,1.0,2.0,1.0,4.0,4.0,SPRF-ES,DEL02-ES,UOP01-DEL02-ES,1,grave
2025-01-12,07:27,2025-01-12 07:27:00,2025.0,1.0,domingo,7.0,manha,ES,DOMINGOS MARTINS,False,262.0,BR-262,90.0,-20.38123513,-41.02431905,Ultrapassagem Indevida,Colisão transversal,Com Vítimas Feridas,Pleno dia,Crescente,Ignorado,Simples,Interseção de Vias,Não,0.0,1.0,4.0,5.0,2.0,0.0,2.0,7.0,SPRF-ES,DEL01-ES,UOP02-DEL01-ES,1,grave
2025-01-12,12:15,2025-01-12 12:15:00,2025.0,1.0,domingo,12.0,tarde,ES,ARACRUZ,False,101.0,BR-101,189.0,-19.68134019,-40.27051885,Reação tardia ou ineficiente do condutor,Saída de leito carroçável,Com Vítimas Feridas,Pleno dia,Crescente,Céu Claro,Dupla,Curva,Sim,0.0,0.0,1.0,1.0,1.0,0.0,1.0,2.0,SPRF-ES,DEL04-ES,UOP01-DEL04-ES,0,moderado
2025-01-12,14:00,2025-01-12 14:00:00,2025.0,1.0,domingo,14.0,tarde,ES,ICONHA,False,101.0,BR-101,378.6,-20.804562,-40.810875,Acessar a via sem observar a presença dos outros veículos,Atropelamento de Animal,Com Vítimas Feridas,Pleno dia,Decrescente,Céu Claro,Dupla,Curva;Declive,Não,0.0,1.0,0.0,1.0,4.0,0.0,2.0,5.0,SPRF-ES,DEL03-ES,UOP01-DEL03-ES,1,grave
2025-01-12,15:00,2025-01-12 15:00:00,2025.0,1.0,domingo,15.0,tarde,ES,SERRA,True,101.0,BR-101,273.2,-20.22029207,-40.29048811,Frear bruscamente,Colisão traseira,Sem Vítimas,Pleno dia,Crescente,Céu Claro,Múltipla,Reta,Não,0.0,0.0,0.0,0.0,13.0,0.0,2.0,13.0,SPRF-ES,DEL02-ES,UOP01-DEL02-ES,0,baixo
2025-01-12,19:35,2025-01-12 19:35:00,2025.0,1.0,domingo,19.0,noite,ES,LINHARES,False,101.0,BR-101,150.0,-19.40436634,-40.06078896,Ingestão de álcool pelo condutor,Colisão com objeto,Com Vítimas Feridas,Plena Noite,Decrescente,Céu Claro,Simples,Interseção de Vias,Não,0.0,0.0,2.0,2.0,0.0,0.0,1.0,2.0,SPRF-ES,DEL04-ES,UOP01-DEL04-ES,0,moderado
2025-01-12,19:50,2025-01-12 19:50:00,2025.0,1.0,domingo,19.0,noite,ES,LINHARES,False,101.0,BR-101,149.5,-19.39882425,-40.06273985,Condutor desrespeitou a iluminação vermelha do semáforo,Colisão transversal,Com Vítimas Feridas,Plena Noite,Decrescente,Céu Claro,Múltipla,Interseção de Vias;Reta,Sim,0.0,1.0,0.0,1.0,1.0,0.0,2.0,2.0,SPRF-ES,DEL04-ES,UOP01-DEL04-ES,1,grave
2025-01-13,10:50,2025-01-13 10:50:00,2025.0,1.0,segunda,10.0,manha,ES,CACHOEIRO DE ITAPEMIRIM,False,101.0,BR-101,418.0,-20.95438035,-41.09327978,Condutor deixou de manter distância do veículo da frente,Colisão traseira,Com Vítimas Feridas,Pleno dia,Decrescente,Nublado,Simples,Reta,Não,0.0,0.0,3.0,3.0,0.0,0.0,2.0,3.0,SPRF-ES,DEL03-ES,UOP02-DEL03-ES,0,moderado
2025-01-13,11:00,2025-01-13 11:00:00,2025.0,1.0,segunda,11.0,manha,ES,CONCEICAO DA BARRA,False,101.0,BR-101,42.0,-18.51702193,-39.91329775,Avarias e/ou desgaste excessivo no pneu,Tombamento,Com Vítimas Feridas,Pleno dia,Crescente,Nublado,Simples,Reta,Não,0.0,1.0,0.0,1.0,1.0,0.0,1.0,2.0,SPRF-ES,DEL04-ES,UOP02-DEL04-ES,1,grave
2025-01-13,17:51,2025-01-13 17:51:00,2025.0,1.0,segunda,17.0,tarde,ES,SAO MATEUS,False,101.0,BR-101,66.0,-18.7165195,-39.87436378,Acessar a via sem observar a presença dos outros veículos,Colisão transversal,Com Vítimas Feridas,Plena Noite,Decrescente,Céu Claro,Simples,Reta;Interseção de Vias,Sim,0.0,0.0,1.0,1.0,1.0,0.0,2.0,2.0,SPRF-ES,DEL04-ES,UOP02-DEL04-ES,0,moderado
2025-01-13,18:30,2025-01-13 18:30:00,2025.0,1.0,segunda,18.0,noite,ES,BAIXO GUANDU,False,259.0,BR-259,101.3,-19.52023464,-41.00239031,Acessar a via sem observar a presença dos outros veículos,Colisão transversal,Com Vítimas Feridas,Plena Noite,Crescente,Céu Claro,Simples,Reta,Não,0.0,1.0,0.0,1.0,1.0,0.0,2.0,2.0,SPRF-ES,DEL02-ES,UOP01-DEL02-ES,1,grave
2025-01-14,00:20,2025-01-14 00:20:00,2025.0,1.0,terca,0.0,madrugada,ES,IUNA,False,262.0,BR-262,190.3,-20.30802372,-41.74807167,Condutor Dormindo,Saída de leito carroçável,Com Vítimas Feridas,Plena Noite,Crescente,Chuva,Simples,Curva,Não,0.0,1.0,1.0,2.0,0.0,0.0,1.0,2.0,SPRF-ES,DEL01-ES,UOP02-DEL01-ES,1,grave
2025-01-14,14:20,2025-01-14 14:20:00,2025.0,1.0,terca,14.0,tarde,ES,JOAO NEIVA,False,101.0,BR-101,206.5,-19.76435421,-40.37263919,Reação tardia ou ineficiente do condutor,Colisão com objeto,Com Vítimas Feridas,Pleno dia,Decrescente,Chuva,Simples,Curva;Declive,Não,0.0,0.0,1.0,1.0,2.0,0.0,1.0,3.0,SPRF-ES,DEL02-ES,UOP01-DEL02-ES,0,moderado
2025-01-14,16:45,2025-01-14 16:45:00,2025.0,1.0,terca,16.0,tarde,ES,SERRA,True,101.0,BR-101,262.9,-20.166139,-40.272574,Trafegar com motocicleta (ou similar) entre as faixas,Colisão lateral mesmo sentido,Com Vítimas Feridas,Pleno dia,Decrescente,Nublado,Dupla,Reta;Declive,Sim,0.0,0.0,1.0,1.0,1.0,0.0,2.0,2.0,SPRF-ES,DEL02-ES,UOP01-DEL02-ES,0,moderado
2025-01-15,03:30,2025-01-15 03:30:00,2025.0,1.0,quarta,3.0,madrugada,ES,JOAO NEIVA,False,101.0,BR-101,205.1,-19.75823196,-40.3795009,Chuva,Atropelamento de Pedestre,Com Vítimas Feridas,Plena Noite,Decrescente,Chuva,Simples,Reta,Sim,0.0,0.0,1.0,1.0,0.0,1.0,2.0,2.0,SPRF-ES,DEL02-ES,UOP01-DEL02-ES,0,moderado
2025-01-15,08:40,2025-01-15 08:40:00,2025.0,1.0,quarta,8.0,manha,ES,RIO NOVO DO SUL,False,101.0,BR-101,393.3,-20.865694,-40.91366,Desrespeitar a preferência no cruzamento,Colisão transversal,Com Vítimas Feridas,Pleno dia,Crescente,Céu Claro,Simples,Interseção de Vias,Não,0.0,0.0,1.0,1.0,2.0,0.0,2.0,3.0,SPRF-ES,DEL03-ES,UOP02-DEL03-ES,0,moderado
2025-01-16,07:40,2025-01-16 07:40:00,2025.0,1.0,quinta,7.0,manha,ES,DOMINGOS MARTINS,False,262.0,BR-262,71.8,-20.4202155,-40.87402784,Conversão proibida,Colisão frontal,Com Vítimas Feridas,Pleno dia,Crescente,Céu Claro,Simples,Retorno Regulamentado;Reta,Não,0.0,0.0,1.0,1.0,1.0,1.0,3.0,3.0,SPRF-ES,DEL01-ES,UOP02-DEL01-ES,0,moderado
2025-01-16,13:00,2025-01-16 13:00:00,2025.0,1.0,quinta,13.0,tarde,ES,IBATIBA,False,262.0,BR-262,181.6,-20.29592097,-41.68407083,Ausência de reação do condutor,Colisão traseira,Com Vítimas Feridas,Pleno dia,Crescente,Nublado,Simples,Reta,Não,0.0,1.0,1.0,2.0,1.0,0.0,2.0,3.0,SPRF-ES,DEL01-ES,UOP02-DEL01-ES,1,grave
2025-01-16,15:35,2025-01-16 15:35:00,2025.0,1.0,quinta,15.0,tarde,ES,SERRA,True,101.0,BR-101,274.0,-20.21288515,-40.29612219,Reação tardia ou ineficiente do condutor,Tombamento,Com Vítimas Feridas,Pleno dia,Decrescente,Céu Claro,Dupla,Reta,Não,0.0,0.0,1.0,1.0,1.0,0.0,1.0,2.0,SPRF-ES,DEL02-ES,UOP01-DEL02-ES,0,moderado
2025-01-16,20:50,2025-01-16 20:50:00,2025.0,1.0,quinta,20.0,noite,ES,VENDA NOVA DO IMIGRANTE,False,262.0,BR-262,103.4,-20.33657022,-41.12201819,Transitar na contramão,Tombamento,Com Vítimas Fatais,Plena Noite,Crescente,Céu Claro,Simples,Reta,Sim,1.0,0.0,0.0,0.0,1.0,1.0,3.0,3.0,SPRF-ES,DEL01-ES,UOP02-DEL01-ES,1,fatal
2025-01-16,23:30,2025-01-16 23:30:00,2025.0,1.0,quinta,23.0,noite,ES,SERRA,True,101.0,BR-101,266.8,-20.190199,-40.26828891,Chuva,Queda de ocupante de veículo,Com Vítimas Feridas,Plena Noite,Decrescente,Chuva,Dupla,Reta,Sim,0.0,0.0,1.0,1.0,0.0,0.0,1.0,1.0,SPRF-ES,DEL02-ES,UOP01-DEL02-ES,0,moderado
2025-01-17,07:15,2025-01-17 07:15:00,2025.0,1.0,sexta,7.0,manha,ES,SERRA,True,101.0,BR-101,270.2,-20.28166144,-40.24291992,Acessar a via sem observar a presença dos outros veículos,Colisão transversal,Com Vítimas Feridas,Pleno dia,Crescente,Céu Claro,Dupla,Reta,Sim,0.0,0.0,1.0,1.0,1.0,0.0,2.0,2.0,SPRF-ES,DEL02-ES,UOP01-DEL02-ES,0,moderado
2025-01-17,14:10,2025-01-17 14:10:00,2025.0,1.0,sexta,14.0,tarde,ES,LINHARES,False,101.0,BR-101,151.0,-19.41730794,-40.06842479,Acesso irregular,Colisão transversal,Com Vítimas Feridas,Pleno dia,Crescente,Céu Claro,Simples,Interseção de Vias;Curva,Não,0.0,0.0,1.0,1.0,2.0,0.0,3.0,3.0,SPRF-ES,DEL04-ES,UOP01-DEL04-ES,0,moderado
2025-01-17,19:15,2025-01-17 19:15:00,2025.0,1.0,sexta,19.0,noite,ES,SERRA,True,101.0,BR-101,256.0,-20.119123,-40.311005,Acesso irregular,Colisão transversal,Com Vítimas Feridas,Plena Noite,Crescente,Céu Claro,Simples,Aclive,Sim,0.0,0.0,1.0,1.0,1.0,1.0,3.0,3.0,SPRF-ES,DEL02-ES,UOP01-DEL02-ES,0,moderado
2025-01-18,07:00,2025-01-18 07:00:00,2025.0,1.0,sabado,7.0,manha,ES,LINHARES,False,101.0,BR-101,148.0,-19.38787399,-40.06752766,Ausência de reação do condutor,Engavetamento,Com Vítimas Feridas,Pleno dia,Crescente,Céu Claro,Dupla,Reta,Sim,0.0,0.0,1.0,1.0,2.0,0.0,3.0,3.0,SPRF-ES,DEL04-ES,UOP01-DEL04-ES,0,moderado
2025-01-18,11:00,2025-01-18 11:00:00,2025.0,1.0,sabado,11.0,manha,ES,LINHARES,False,101.0,BR-101,156.9,-19.44596035,-40.09435048,Acessar a via sem observar a presença dos outros veículos,Colisão transversal,Com Vítimas Feridas,Pleno dia,Crescente,Céu Claro,Simples,Rotatória,Sim,0.0,2.0,0.0,2.0,1.0,0.0,2.0,3.0,SPRF-ES,DEL04-ES,UOP01-DEL04-ES,1,grave
2025-01-18,15:40,2025-01-18 15:40:00,2025.0,1.0,sabado,15.0,tarde,ES,GUARAPARI,True,101.0,BR-101,329.3,-20.58543019,-40.49702183,Condutor deixou de manter distância do veículo da frente,Colisão traseira,Com Vítimas Feridas,Pleno dia,Crescente,Céu Claro,Dupla,Reta,Não,0.0,1.0,0.0,1.0,5.0,0.0,2.0,6.0,SPRF-ES,DEL03-ES,UOP01-DEL03-ES,1,grave
2025-01-18,20:20,2025-01-18 20:20:00,2025.0,1.0,sabado,20.0,noite,ES,LINHARES,False,101.0,BR-101,144.7,-19.35188295,-40.0636685,Ausência de reação do condutor,Engavetamento,Com Vítimas Feridas,Plena Noite,Crescente,Céu Claro,Dupla,Reta,Sim,0.0,0.0,1.0,1.0,2.0,0.0,3.0,3.0,SPRF-ES,DEL04-ES,UOP01-DEL04-ES,0,moderado
2025-01-18,21:15,2025-01-18 21:15:00,2025.0,1.0,sabado,21.0,noite,ES,LINHARES,False,101.0,BR-101,162.0,-19.49015283,-40.12624024,Conversão proibida,Colisão transversal,Com Vítimas Feridas,Plena Noite,Crescente,Céu Claro,Simples,Reta,Não,0.0,1.0,0.0,1.0,1.0,0.0,2.0,2.0,SPRF-ES,DEL04-ES,UOP01-DEL04-ES,1,grave
2025-01-19,06:20,2025-01-19 06:20:00,2025.0,1.0,domingo,6.0,manha,ES,JOAO NEIVA,False,101.0,BR-101,202.0,-19.74171801,-40.36521517,Ultrapassagem Indevida,Colisão lateral mesmo sentido,Com Vítimas Feridas,Pleno dia,Decrescente,Céu Claro,Simples,Curva,Não,0.0,0.0,1.0,1.0,1.0,0.0,2.0,2.0,SPRF-ES,DEL04-ES,UOP01-DEL04-ES,0,moderado
2025-01-19,18:00,2025-01-19 18:00:00,2025.0,1.0,domingo,18.0,noite,ES,ANCHIETA,False,101.0,BR-101,357.9,-20.691717,-40.704254,Reação tardia ou ineficiente do condutor,Colisão traseira,Com Vítimas Feridas,Anoitecer,Crescente,Céu Claro,Dupla,Reta;Aclive,Não,0.0,0.0,1.0,1.0,2.0,0.0,2.0,3.0,SPRF-ES,DEL03-ES,UOP01-DEL03-ES,0,moderado
2025-01-19,18:54,2025-01-19 18:54:00,2025.0,1.0,domingo,18.0,noite,ES,SERRA,True,101.0,BR-101,274.4,-20.21288515,-40.29612219,Demais falhas mecânicas ou elétricas,Incêndio,Sem Vítimas,Plena Noite,Decrescente,Céu Claro,Simples,Reta,Não,0.0,0.0,0.0,0.0,1.0,0.0,1.0,1.0,SPRF-ES,DEL02-ES,UOP01-DEL02-ES,0,baixo
2025-01-20,00:10,2025-01-20 00:10:00,2025.0,1.0,segunda,0.0,madrugada,ES,ANCHIETA,False,101.0,BR-101,356.7,-20.69339794,-40.68748402,Entrada inopinada do pedestre,Atropelamento de Pedestre,Com Vítimas Fatais,Plena Noite,Decrescente,Céu Claro,Dupla,Reta,Não,1.0,0.0,0.0,0.0,0.0,1.0,2.0,2.0,SPRF-ES,DEL03-ES,UOP01-DEL03-ES,1,fatal
2025-01-20,05:51,2025-01-20 05:51:00,2025.0,1.0,segunda,5.0,madrugada,ES,VIANA,True,262.0,BR-262,18.0,-20.39137228,-40.48080285,Pedestre cruzava a pista fora da faixa,Atropelamento de Pedestre,Com Vítimas Feridas,Pleno dia,Decrescente,Sol,Simples,Reta,Sim,0.0,0.0,1.0,1.0,1.0,0.0,2.0,2.0,SPRF-ES,DEL01-ES,UOP01-DEL01-ES,0,moderado
2025-01-20,09:00,2025-01-20 09:00:00,2025.0,1.0,segunda,9.0,manha,ES,SAO MATEUS,False,101.0,BR-101,66.6,-18.7165195,-39.87436378,Desrespeitar a preferência no cruzamento,Colisão transversal,Com Vítimas Feridas,Pleno dia,Decrescente,Céu Claro,Múltipla,Interseção de Vias;Reta,Sim,0.0,0.0,1.0,1.0,1.0,0.0,2.0,2.0,SPRF-ES,DEL04-ES,UOP02-DEL04-ES,0,moderado
2025-01-20,11:45,2025-01-20 11:45:00,2025.0,1.0,segunda,11.0,manha,ES,SERRA,True,101.0,BR-101,258.0,-20.13059888,-40.2961019,Velocidade Incompatível,Colisão traseira,Com Vítimas Feridas,Pleno dia,Decrescente,Sol,Dupla,Reta;Aclive,Sim,0.0,0.0,1.0,1.0,1.0,0.0,2.0,2.0,SPRF-ES,DEL02-ES,UOP01-DEL02-ES,0,moderado
2025-01-20,19:25,2025-01-20 19:25:00,2025.0,1.0,segunda,19.0,noite,ES,LINHARES,False,101.0,BR-101,145.0,-19.36089598,-40.06464018,Ausência de reação do condutor,Colisão lateral mesmo sentido,Com Vítimas Feridas,Plena Noite,Crescente,Céu Claro,Dupla,Reta,Não,0.0,0.0,1.0,1.0,1.0,0.0,2.0,2.0,SPRF-ES,DEL04-ES,UOP01-DEL04-ES,0,moderado
2025-01-20,18:45,2025-01-20 18:45:00,2025.0,1.0,segunda,18.0,noite,ES,DOMINGOS MARTINS,False,262.0,BR-262,38.0,-20.38085315,-40.62068704,Conversão proibida,Colisão transversal,Com Vítimas Feridas,Plena Noite,Crescente,Céu Claro,Simples,Reta,Não,0.0,0.0,1.0,1.0,1.0,0.0,2.0,2.0,SPRF-ES,DEL01-ES,UOP01-DEL01-ES,0,moderado
2025-01-21,04:50,2025-01-21 04:50:00,2025.0,1.0,terca,4.0,madrugada,ES,DOMINGOS MARTINS,False,101.0,BR-101,81.5,-20.4077324,-40.9543294,Velocidade Incompatível,Saída de leito carroçável,Com Vítimas Feridas,Amanhecer,Decrescente,Céu Claro,Simples,Curva;Declive,Não,0.0,0.0,1.0,1.0,0.0,0.0,1.0,1.0,SPRF-ES,DEL04-ES,UOP02-DEL04-ES,0,moderado
2025-01-21,06:30,2025-01-21 06:30:00,2025.0,1.0,terca,6.0,manha,ES,SERRA,True,101.0,BR-101,265.0,-20.1816849,-40.26536036,Reação tardia ou ineficiente do condutor,Tombamento,Com Vítimas Feridas,Pleno dia,Crescente,Sol,Dupla,Reta,Sim,0.0,0.0,2.0,2.0,0.0,0.0,1.0,2.0,SPRF-ES,DEL02-ES,UOP01-DEL02-ES,0,moderado
2025-01-21,10:15,2025-01-21 10:15:00,2025.0,1.0,terca,10.0,manha,ES,CARIACICA,True,101.0,BR-101,288.0,-20.27160351,-40.39091743,Ausência de reação do condutor,Colisão transversal,Com Vítimas Fatais,Pleno dia,Crescente,Céu Claro,Dupla,Reta;Retorno Regulamentado,Sim,1.0,0.0,0.0,0.0,2.0,0.0,3.0,3.0,SPRF-ES,DEL01-ES,UOP01-DEL01-ES,1,fatal
2025-01-21,23:30,2025-01-21 23:30:00,2025.0,1.0,terca,23.0,noite,ES,IBIRACU,False,101.0,BR-101,224.7,-19.89290688,-40.41230369,Reação tardia ou ineficiente do condutor,Tombamento,Com Vítimas Feridas,Plena Noite,Decrescente,Céu Claro,Simples,Reta,Não,0.0,0.0,1.0,1.0,0.0,0.0,1.0,1.0,SPRF-ES,DEL02-ES,UOP01-DEL02-ES,0,moderado
2025-01-22,14:15,2025-01-22 14:15:00,2025.0,1.0,quarta,14.0,tarde,ES,SERRA,True,101.0,BR-101,280.9,-20.21828666,-40.34895595,Pista esburacada,Tombamento,Com Vítimas Feridas,Pleno dia,Crescente,Céu Claro,Simples,Reta,Não,0.0,0.0,1.0,1.0,0.0,0.0,1.0,1.0,SPRF-ES,DEL02-ES,UOP01-DEL02-ES,0,moderado
2025-01-22,21:20,2025-01-22 21:20:00,2025.0,1.0,quarta,21.0,noite,ES,LINHARES,False,101.0,BR-101,147.3,-19.37887202,-40.06657892,Acessar a via sem observar a presença dos outros veículos,Colisão transversal,Com Vítimas Feridas,Plena Noite,Crescente,Céu Claro,Simples,Interseção de Vias;Rotatória,Sim,0.0,0.0,1.0,1.0,1.0,0.0,2.0,2.0,SPRF-ES,DEL04-ES,UOP01-DEL04-ES,0,moderado
2025-01-19,21:20,2025-01-19 21:20:00,2025.0,1.0,domingo,21.0,noite,ES,JAGUARE,False,101.0,BR-101,93.5,-18.92266916,-39.96785068,Ausência de reação do condutor,Tombamento,Com Vítimas Feridas,Plena Noite,Crescente,Céu Claro,Simples,Reta,Não,0.0,0.0,1.0,1.0,0.0,0.0,1.0,1.0,SPRF-ES,DEL04-ES,UOP02-DEL04-ES,0,moderado
2025-01-23,16:10,2025-01-23 16:10:00,2025.0,1.0,quinta,16.0,tarde,ES,VIANA,True,101.0,BR-101,301.9,-20.36278187,-40.4401343,Demais falhas mecânicas ou elétricas,Tombamento,Com Vítimas Feridas,Pleno dia,Crescente,Céu Claro,Dupla,Curva,Sim,0.0,0.0,2.0,2.0,0.0,0.0,1.0,2.0,SPRF-ES,DEL01-ES,UOP01-DEL01-ES,0,moderado
2025-01-23,22:00,2025-01-23 22:00:00,2025.0,1.0,quinta,22.0,noite,ES,SERRA,True,101.0,BR-101,266.3,-20.190199,-40.26828891,Acessar a via sem observar a presença dos outros veículos,Colisão transversal,Com Vítimas Feridas,Plena Noite,Crescente,Garoa/Chuvisco,Dupla,Reta,Sim,0.0,0.0,1.0,1.0,1.0,0.0,2.0,2.0,SPRF-ES,DEL02-ES,UOP01-DEL02-ES,0,moderado
2025-01-23,23:30,2025-01-23 23:30:00,2025.0,1.0,quinta,23.0,noite,ES,CARIACICA,True,101.0,BR-101,289.4,-20.28029304,-40.39302931,Reação tardia ou ineficiente do condutor,Colisão traseira,Com Vítimas Feridas,Plena Noite,Crescente,Céu Claro,Dupla,Aclive,Sim,0.0,0.0,1.0,1.0,0.0,2.0,2.0,3.0,SPRF-ES,DEL01-ES,UOP01-DEL01-ES,0,moderado
2025-01-24,17:08,2025-01-24 17:08:00,2025.0,1.0,sexta,17.0,tarde,ES,SERRA,True,101.0,BR-101,242.0,-20.0321348,-40.39675773,Ausência de reação do condutor,Tombamento,Com Vítimas Feridas,Pleno dia,Crescente,Céu Claro,Múltipla,Curva,Não,0.0,0.0,1.0,1.0,0.0,0.0,1.0,1.0,SPRF-ES,DEL02-ES,UOP01-DEL02-ES,0,moderado
2025-01-24,17:00,2025-01-24 17:00:00,2025.0,1.0,sexta,17.0,tarde,ES,SERRA,True,101.0,BR-101,6.9,-20.129093,-40.308125,Ingestão de álcool pelo condutor,Colisão traseira,Sem Vítimas,Pleno dia,Decrescente,Céu Claro,Simples,Reta,Não,0.0,0.0,0.0,0.0,5.0,0.0,2.0,5.0,SPRF-ES,DEL02-ES,UOP01-DEL02-ES,0,baixo
2025-01-24,17:00,2025-01-24 17:00:00,2025.0,1.0,sexta,17.0,tarde,ES,CONCEICAO DO CASTELO,False,262.0,BR-262,121.0,-20.29365543,-41.23018943,Demais falhas mecânicas ou elétricas,Incêndio,Sem Vítimas,Pleno dia,Crescente,Nublado,Simples,Curva,Não,0.0,0.0,0.0,0.0,0.0,1.0,1.0,1.0,SPRF-ES,DEL01-ES,UOP02-DEL01-ES,0,baixo
2025-01-24,20:00,2025-01-24 20:00:00,2025.0,1.0,sexta,20.0,noite,ES,SAO MATEUS,False,101.0,BR-101,52.2,-18.60327989,-39.88710063,Avarias e/ou desgaste excessivo no pneu,Tombamento,Com Vítimas Feridas,Plena Noite,Crescente,Céu Claro,Simples,Reta,Não,0.0,0.0,2.0,2.0,0.0,0.0,1.0,2.0,SPRF-ES,DEL04-ES,UOP02-DEL04-ES,0,moderado
2025-01-24,21:00,2025-01-24 21:00:00,2025.0,1.0,sexta,21.0,noite,ES,SERRA,True,101.0,BR-101,266.3,-20.190199,-40.26828891,Frear bruscamente,Colisão traseira,Com Vítimas Feridas,Plena Noite,Decrescente,Céu Claro,Dupla,Reta,Não,0.0,0.0,1.0,1.0,0.0,1.0,2.0,2.0,SPRF-ES,DEL02-ES,UOP01-DEL02-ES,0,moderado
2025-01-25,01:00,2025-01-25 01:00:00,2025.0,1.0,sabado,1.0,madrugada,ES,CONCEICAO DA BARRA,False,101.0,BR-101,29.0,-18.39992188,-39.93877968,Transitar no Acostamento,Queda de ocupante de veículo,Com Vítimas Feridas,Plena Noite,Decrescente,Nublado,Simples,Declive,Não,0.0,0.0,2.0,2.0,0.0,0.0,1.0,2.0,SPRF-ES,DEL04-ES,UOP02-DEL04-ES,0,moderado
2025-01-25,01:05,2025-01-25 01:05:00,2025.0,1.0,sabado,1.0,madrugada,ES,CARIACICA,True,101.0,BR-101,282.5,-20.22694,-40.36458,Avarias e/ou desgaste excessivo no pneu,Queda de ocupante de veículo,Com Vítimas Feridas,Plena Noite,Crescente,Céu Claro,Dupla,Ponte;Reta,Não,0.0,0.0,1.0,1.0,1.0,0.0,1.0,2.0,SPRF-ES,DEL01-ES,UOP01-DEL01-ES,0,moderado
2025-01-25,10:52,2025-01-25 10:52:00,2025.0,1.0,sabado,10.0,manha,ES,GUARAPARI,True,101.0,BR-101,321.0,-20.520908,-40.478306,Avarias e/ou desgaste excessivo no pneu,Tombamento,Com Vítimas Feridas,Pleno dia,Decrescente,Céu Claro,Dupla,Reta,Sim,0.0,0.0,2.0,2.0,0.0,0.0,1.0,2.0,SPRF-ES,DEL03-ES,UOP01-DEL03-ES,0,moderado
2025-01-25,12:10,2025-01-25 12:10:00,2025.0,1.0,sabado,12.0,tarde,ES,VENDA NOVA DO IMIGRANTE,False,262.0,BR-262,113.0,-20.32987893,-41.20496392,Ingestão de álcool pelo condutor,Colisão transversal,Com Vítimas Feridas,Pleno dia,Decrescente,Céu Claro,Simples,Reta,Não,0.0,0.0,1.0,1.0,4.0,0.0,2.0,5.0,SPRF-ES,DEL01-ES,UOP02-DEL01-ES,0,moderado
2025-01-25,20:00,2025-01-25 20:00:00,2025.0,1.0,sabado,20.0,noite,ES,SERRA,True,101.0,BR-101,258.0,-20.13059888,-40.2961019,Manobra de mudança de faixa,Colisão lateral mesmo sentido,Com Vítimas Feridas,Plena Noite,Decrescente,Céu Claro,Dupla,Reta;Declive,Sim,0.0,0.0,1.0,1.0,1.0,0.0,2.0,2.0,SPRF-ES,DEL02-ES,UOP01-DEL02-ES,0,moderado
2025-01-25,18:40,2025-01-25 18:40:00,2025.0,1.0,sabado,18.0,noite,ES,COLATINA,False,259.0,BR-259,62.9,-19.53124185,-40.68990791,Entrada inopinada do pedestre,Atropelamento de Pedestre,Com Vítimas Feridas,Plena Noite,Crescente,Céu Claro,Simples,Reta,Sim,0.0,0.0,1.0,1.0,1.0,0.0,2.0,2.0,SPRF-ES,DEL02-ES,UOP01-DEL02-ES,0,moderado
2025-01-25,22:50,2025-01-25 22:50:00,2025.0,1.0,sabado,22.0,noite,ES,SAO MATEUS,False,101.0,BR-101,64.3,-18.70428583,-39.87065983,Animais na Pista,Atropelamento de Animal,Com Vítimas Feridas,Plena Noite,Decrescente,Céu Claro,Simples,Curva,Não,0.0,0.0,2.0,2.0,0.0,0.0,1.0,2.0,SPRF-ES,DEL04-ES,UOP02-DEL04-ES,0,moderado
2025-01-25,22:40,2025-01-25 22:40:00,2025.0,1.0,sabado,22.0,noite,ES,MARECHAL FLORIANO,False,262.0,BR-262,58.8,-20.42076276,-40.76927908,Conversão proibida,Eventos atípicos,Com Vítimas Feridas,Plena Noite,Decrescente,Nublado,Simples,Reta,Não,0.0,0.0,2.0,2.0,0.0,0.0,2.0,2.0,SPRF-ES,DEL01-ES,UOP01-DEL01-ES,0,moderado
2025-01-26,10:30,2025-01-26 10:30:00,2025.0,1.0,domingo,10.0,manha,ES,ARACRUZ,False,101.0,BR-101,174.7,-19.58047007,-40.18782185,Acessar a via sem observar a presença dos outros veículos,Colisão transversal,Com Vítimas Feridas,Pleno dia,Crescente,Céu Claro,Simples,Reta;Interseção de Vias,Não,0.0,1.0,1.0,2.0,0.0,1.0,2.0,3.0,SPRF-ES,DEL04-ES,UOP01-DEL04-ES,1,grave
2025-01-26,10:30,2025-01-26 10:30:00,2025.0,1.0,domingo,10.0,manha,ES,MARECHAL FLORIANO,False,262.0,BR-262,58.1,-20.42076276,-40.76927908,Conversão proibida,Colisão traseira,Com Vítimas Feridas,Pleno dia,Decrescente,Sol,Simples,Reta,Não,0.0,0.0,1.0,1.0,2.0,0.0,2.0,3.0,SPRF-ES,DEL01-ES,UOP01-DEL01-ES,0,moderado
2025-01-26,11:30,2025-01-26 11:30:00,2025.0,1.0,domingo,11.0,manha,ES,DOMINGOS MARTINS,False,262.0,BR-262,39.5,-20.38402519,-40.63602448,Transitar na contramão,Colisão frontal,Com Vítimas Feridas,Pleno dia,Crescente,Céu Claro,Simples,Curva,Não,0.0,0.0,1.0,1.0,7.0,0.0,2.0,8.0,SPRF-ES,DEL01-ES,UOP01-DEL01-ES,0,moderado
2025-01-26,11:50,2025-01-26 11:50:00,2025.0,1.0,domingo,11.0,manha,ES,ANCHIETA,False,101.0,BR-101,365.3,-20.73397538,-40.7507118,Velocidade Incompatível,Colisão com objeto,Com Vítimas Feridas,Pleno dia,Crescente,Céu Claro,Simples,Aclive;Reta,Não,0.0,2.0,0.0,2.0,0.0,0.0,1.0,2.0,SPRF-ES,DEL03-ES,UOP01-DEL03-ES,1,grave
2025-01-26,21:15,2025-01-26 21:15:00,2025.0,1.0,domingo,21.0,noite,ES,GUARAPARI,True,101.0,BR-101,331.9,-20.60149301,-40.50248706,Transitar no Acostamento,Atropelamento de Pedestre,Com Vítimas Fatais,Plena Noite,Crescente,Nublado,Dupla,Reta,Não,1.0,0.0,0.0,0.0,0.0,1.0,2.0,2.0,SPRF-ES,DEL03-ES,UOP01-DEL03-ES,1,fatal
2025-01-26,21:30,2025-01-26 21:30:00,2025.0,1.0,domingo,21.0,noite,ES,CONCEICAO DA BARRA,False,101.0,BR-101,32.0,-18.42549901,-39.93487006,Acessar a via sem observar a presença dos outros veículos,Colisão transversal,Com Vítimas Feridas,Plena Noite,Crescente,Céu Claro,Simples,Reta,Sim,0.0,2.0,0.0,2.0,0.0,1.0,2.0,3.0,SPRF-ES,DEL04-ES,UOP02-DEL04-ES,1,grave
2025-01-26,21:20,2025-01-26 21:20:00,2025.0,1.0,domingo,21.0,noite,ES,RIO NOVO DO SUL,False,101.0,BR-101,392.3,-20.86651733,-40.90775156,Iluminação deficiente,Colisão transversal,Com Vítimas Feridas,Plena Noite,Crescente,Céu Claro,Simples,Interseção de Vias,Não,0.0,0.0,1.0,1.0,1.0,0.0,2.0,2.0,SPRF-ES,DEL03-ES,UOP02-DEL03-ES,0,moderado
2025-01-27,00:30,2025-01-27 00:30:00,2025.0,1.0,segunda,0.0,madrugada,ES,ANCHIETA,False,101.0,BR-101,359.1,-20.69768274,-40.71161014,Condutor Dormindo,Colisão lateral sentido oposto,Com Vítimas Feridas,Plena Noite,Crescente,Céu Claro,Dupla,Reta;Declive,Não,0.0,2.0,0.0,2.0,8.0,0.0,2.0,10.0,SPRF-ES,DEL03-ES,UOP01-DEL03-ES,1,grave
2025-01-27,05:40,2025-01-27 05:40:00,2025.0,1.0,segunda,5.0,madrugada,ES,SERRA,True,101.0,BR-101,267.9,-20.19930999,-40.26884609,Condutor deixou de manter distância do veículo da frente,Colisão traseira,Com Vítimas Feridas,Amanhecer,Crescente,Céu Claro,Dupla,Reta,Sim,0.0,0.0,1.0,1.0,0.0,1.0,2.0,2.0,SPRF-ES,DEL02-ES,UOP01-DEL02-ES,0,moderado
2025-01-27,06:50,2025-01-27 06:50:00,2025.0,1.0,segunda,6.0,manha,ES,SERRA,True,101.0,BR-101,268.0,-20.20842,-40.269405,Condutor deixou de manter distância do veículo da frente,Colisão traseira,Com Vítimas Feridas,Pleno dia,Decrescente,Céu Claro,Dupla,Reta,Sim,0.0,0.0,1.0,1.0,1.0,0.0,2.0,2.0,SPRF-ES,DEL02-ES,UOP01-DEL02-ES,0,moderado
2025-01-27,12:30,2025-01-27 12:30:00,2025.0,1.0,segunda,12.0,tarde,ES,SERRA,True,101.0,BR-101,270.3,-20.22662056,-40.27075088,Ausência de reação do condutor,Colisão traseira,Com Vítimas Feridas,Pleno dia,Decrescente,Sol,Dupla,Reta,Sim,0.0,0.0,1.0,1.0,1.0,0.0,2.0,2.0,SPRF-ES,DEL02-ES,UOP01-DEL02-ES,0,moderado
2025-01-27,19:00,2025-01-27 19:00:00,2025.0,1.0,segunda,19.0,noite,ES,LINHARES,False,101.0,BR-101,141.2,-19.32655693,-40.07192387,Pedestre andava na pista,Atropelamento de Pedestre,Com Vítimas Feridas,Plena Noite,Decrescente,Céu Claro,Dupla,Reta,Sim,0.0,0.0,1.0,1.0,0.0,1.0,2.0,2.0,SPRF-ES,DEL04-ES,UOP01-DEL04-ES,0,moderado
2025-01-28,07:22,2025-01-28 07:22:00,2025.0,1.0,terca,7.0,manha,ES,JOAO NEIVA,False,101.0,BR-101,204.0,-19.74948916,-40.37922678,Acessar a via sem observar a presença dos outros veículos,Colisão transversal,Com Vítimas Feridas,Pleno dia,Crescente,Céu Claro,Simples,Reta,Sim,0.0,0.0,1.0,1.0,1.0,0.0,2.0,2.0,SPRF-ES,DEL02-ES,UOP01-DEL02-ES,0,moderado
2025-01-28,07:37,2025-01-28 07:37:00,2025.0,1.0,terca,7.0,manha,ES,SERRA,True,101.0,BR-101,267.0,-20.19930999,-40.26884609,Demais falhas mecânicas ou elétricas,Queda de ocupante de veículo,Com Vítimas Feridas,Pleno dia,Crescente,Céu Claro,Dupla,Reta,Sim,0.0,0.0,1.0,1.0,0.0,1.0,2.0,2.0,SPRF-ES,DEL02-ES,UOP01-DEL02-ES,0,moderado
2025-01-28,07:55,2025-01-28 07:55:00,2025.0,1.0,terca,7.0,manha,ES,BREJETUBA,False,262.0,BR-262,134.0,-20.24029105,-41.32539293,Transitar na contramão,Colisão frontal,Com Vítimas Feridas,Pleno dia,Crescente,Nevoeiro/Neblina,Simples,Curva,Não,0.0,0.0,5.0,5.0,2.0,0.0,2.0,7.0,SPRF-ES,DEL01-ES,UOP02-DEL01-ES,0,moderado
2025-01-28,12:55,2025-01-28 12:55:00,2025.0,1.0,terca,12.0,tarde,ES,VIANA,True,101.0,BR-101,304.0,-20.3800645,-40.45431391,Ausência de reação do condutor,Colisão traseira,Com Vítimas Feridas,Pleno dia,Crescente,Sol,Dupla,Reta,Não,0.0,0.0,1.0,1.0,1.0,0.0,2.0,2.0,SPRF-ES,DEL01-ES,UOP01-DEL01-ES,0,moderado
2025-01-28,15:00,2025-01-28 15:00:00,2025.0,1.0,terca,15.0,tarde,ES,RIO NOVO DO SUL,False,101.0,BR-101,392.0,-20.86675192,-40.90785027,Acessar a via sem observar a presença dos outros veículos,Colisão transversal,Com Vítimas Feridas,Pleno dia,Crescente,Céu Claro,Simples,Interseção de Vias,Não,0.0,1.0,0.0,1.0,5.0,0.0,2.0,6.0,SPRF-ES,DEL03-ES,UOP02-DEL03-ES,1,grave
2025-01-28,15:10,2025-01-28 15:10:00,2025.0,1.0,terca,15.0,tarde,ES,CARIACICA,True,101.0,BR-101,283.0,-20.23074547,-40.3673047,Transitar na contramão,Colisão frontal,Com Vítimas Feridas,Pleno dia,Decrescente,Céu Claro,Simples,Curva;Retorno Regulamentado,Sim,0.0,1.0,0.0,1.0,2.0,0.0,2.0,3.0,SPRF-ES,DEL01-ES,UOP01-DEL01-ES,1,grave
2025-01-28,17:20,2025-01-28 17:20:00,2025.0,1.0,terca,17.0,tarde,ES,COLATINA,False,259.0,BR-259,53.0,-19.49989886,-40.62939795,Retorno proibido,Colisão transversal,Com Vítimas Feridas,Pleno dia,Crescente,Céu Claro,Simples,Reta,Não,0.0,0.0,1.0,1.0,0.0,1.0,2.0,2.0,SPRF-ES,DEL02-ES,UOP01-DEL02-ES,0,moderado
2025-01-29,06:40,2025-01-29 06:40:00,2025.0,1.0,quarta,6.0,manha,ES,SAO MATEUS,False,101.0,BR-101,67.0,-18.72054021,-39.8658931,Condutor deixou de manter distância do veículo da frente,Colisão traseira,Com Vítimas Feridas,Pleno dia,Crescente,Céu Claro,Múltipla,Interseção de Vias,Sim,0.0,0.0,1.0,1.0,1.0,0.0,2.0,2.0,SPRF-ES,DEL04-ES,UOP02-DEL04-ES,0,moderado
2025-01-29,06:25,2025-01-29 06:25:00,2025.0,1.0,quarta,6.0,manha,ES,VENDA NOVA DO IMIGRANTE,False,262.0,BR-262,107.1,-20.32991844,-41.15343646,Condutor deixou de manter distância do veículo da frente,Colisão traseira,Com Vítimas Feridas,Pleno dia,Crescente,Céu Claro,Simples,Reta,Não,0.0,1.0,0.0,1.0,0.0,1.0,2.0,2.0,SPRF-ES,DEL01-ES,UOP02-DEL01-ES,1,grave
2025-01-29,13:20,2025-01-29 13:20:00,2025.0,1.0,quarta,13.0,tarde,ES,RIO NOVO DO SUL,False,101.0,BR-101,382.2,-20.82072713,-40.84702482,Ultrapassagem Indevida,Colisão frontal,Com Vítimas Feridas,Pleno dia,Crescente,Céu Claro,Simples,Curva,Não,0.0,1.0,2.0,3.0,0.0,0.0,2.0,3.0,SPRF-ES,DEL03-ES,UOP01-DEL03-ES,1,grave
2025-01-29,17:20,2025-01-29 17:20:00,2025.0,1.0,quarta,17.0,tarde,ES,SAO MATEUS,False,101.0,BR-101,70.0,-18.74453703,-39.86164665,Acesso irregular,Colisão transversal,Com Vítimas Feridas,Anoitecer,Crescente,Céu Claro,Simples,Reta,Não,0.0,0.0,2.0,2.0,2.0,1.0,3.0,5.0,SPRF-ES,DEL04-ES,UOP02-DEL04-ES,0,moderado
2025-01-30,05:50,2025-01-30 05:50:00,2025.0,1.0,quinta,5.0,madrugada,ES,CARIACICA,True,101.0,BR-101,292.0,-20.30650512,-40.39488717,Desrespeitar a preferência no cruzamento,Colisão transversal,Com Vítimas Feridas,Pleno dia,Decrescente,Céu Claro,Simples,Reta,Sim,0.0,2.0,0.0,2.0,1.0,0.0,2.0,3.0,SPRF-ES,DEL01-ES,UOP01-DEL01-ES,1,grave
2025-01-30,07:35,2025-01-30 07:35:00,2025.0,1.0,quinta,7.0,manha,ES,CARIACICA,True,101.0,BR-101,287.9,-20.26493528,-40.38471702,Transitar no Acostamento,Colisão transversal,Com Vítimas Feridas,Pleno dia,Decrescente,Sol,Dupla,Reta,Sim,0.0,0.0,1.0,1.0,1.0,0.0,2.0,2.0,SPRF-ES,DEL01-ES,UOP01-DEL01-ES,0,moderado
2025-01-30,08:20,2025-01-30 08:20:00,2025.0,1.0,quinta,8.0,manha,ES,SERRA,True,101.0,BR-101,279.5,-20.2184297,-40.3447046,Condutor deixou de manter distância do veículo da frente,Colisão traseira,Com Vítimas Feridas,Pleno dia,Decrescente,Céu Claro,Dupla,Reta,Sim,0.0,1.0,0.0,1.0,0.0,1.0,2.0,2.0,SPRF-ES,DEL02-ES,UOP01-DEL02-ES,1,grave
2025-01-30,11:05,2025-01-30 11:05:00,2025.0,1.0,quinta,11.0,manha,ES,CARIACICA,True,101.0,BR-101,295.0,-20.33223667,-40.40004683,Ausência de reação do condutor,Colisão traseira,Sem Vítimas,Pleno dia,Crescente,Céu Claro,Simples,Reta,Sim,0.0,0.0,0.0,0.0,2.0,0.0,2.0,2.0,SPRF-ES,DEL01-ES,UOP01-DEL01-ES,0,baixo
2025-01-30,13:30,2025-01-30 13:30:00,2025.0,1.0,quinta,13.0,tarde,ES,SERRA,True,101.0,BR-101,270.8,-20.23173793,-40.27412653,Demais falhas mecânicas ou elétricas,Tombamento,Com Vítimas Feridas,Pleno dia,Crescente,Sol,Múltipla,Reta,Sim,0.0,0.0,2.0,2.0,0.0,0.0,1.0,2.0,SPRF-ES,DEL02-ES,UOP01-DEL02-ES,0,moderado
2025-01-30,15:10,2025-01-30 15:10:00,2025.0,1.0,quinta,15.0,tarde,ES,VILA VELHA,True,0.0,BR-0,0.0,-20.48693316,-40.35321604,Curva acentuada,Colisão com objeto,Sem Vítimas,Pleno dia,Não Informado,Céu Claro,Simples,Curva,Sim,0.0,0.0,0.0,0.0,6.0,0.0,2.0,6.0,SPRF-ES,DEL01-ES,UOP01-DEL01-ES,0,baixo
2025-01-31,04:50,2025-01-31 04:50:00,2025.0,1.0,sexta,4.0,madrugada,ES,LINHARES,False,101.0,BR-101,151.0,-19.41156656,-40.06592463,Condutor deixou de manter distância do veículo da frente,Colisão traseira,Com Vítimas Feridas,Pleno dia,Crescente,Céu Claro,Simples,Reta,Não,0.0,0.0,2.0,2.0,1.0,0.0,2.0,3.0,SPRF-ES,DEL04-ES,UOP01-DEL04-ES,0,moderado
2025-01-31,16:00,2025-01-31 16:00:00,2025.0,1.0,sexta,16.0,tarde,ES,SERRA,True,101.0,BR-101,267.1,-20.19930999,-40.26884609,Velocidade Incompatível,Colisão traseira,Com Vítimas Feridas,Pleno dia,Decrescente,Sol,Múltipla,Reta,Sim,0.0,0.0,1.0,1.0,1.0,0.0,2.0,2.0,SPRF-ES,DEL02-ES,UOP01-DEL02-ES,0,moderado
2025-01-31,18:20,2025-01-31 18:20:00,2025.0,1.0,sexta,18.0,noite,ES,DOMINGOS MARTINS,False,262.0,BR-262,43.5,-20.38785088,-40.66825021,Desrespeitar a preferência no cruzamento,Colisão lateral mesmo sentido,Com Vítimas Feridas,Anoitecer,Decrescente,Céu Claro,Simples,Reta,Não,0.0,0.0,1.0,1.0,1.0,0.0,2.0,2.0,SPRF-ES,DEL01-ES,UOP01-DEL01-ES,0,moderado
2025-01-31,18:20,2025-01-31 18:20:00,2025.0,1.0,sexta,18.0,noite,ES,SERRA,True,101.0,BR-101,266.9,-20.190199,-40.26828891,Ausência de reação do condutor,Colisão lateral mesmo sentido,Com Vítimas Feridas,Anoitecer,Decrescente,Céu Claro,Dupla,Reta,Sim,0.0,0.0,1.0,1.0,1.0,0.0,2.0,2.0,SPRF-ES,DEL02-ES,UOP01-DEL02-ES,0,moderado
2025-01-31,19:57,2025-01-31 19:57:00,2025.0,1.0,sexta,19.0,noite,ES,SERRA,True,101.0,BR-101,268.0,-20.20842,-40.269405,Ausência de reação do condutor,Saída de leito carroçável,Com Vítimas Feridas,Plena Noite,Crescente,Céu Claro,Dupla,Reta,Sim,0.0,0.0,1.0,1.0,0.0,0.0,1.0,1.0,SPRF-ES,DEL02-ES,UOP01-DEL02-ES,0,moderado
2025-02-01,00:10,2025-02-01 00:10:00,2025.0,2.0,sabado,0.0,madrugada,ES,SAO MATEUS,False,101.0,BR-101,66.5,-18.7165195,-39.87436378,Reação tardia ou ineficiente do condutor,Colisão lateral mesmo sentido,Com Vítimas Feridas,Plena Noite,Decrescente,Céu Claro,Múltipla,Reta,Sim,0.0,0.0,1.0,1.0,1.0,0.0,2.0,2.0,SPRF-ES,DEL04-ES,UOP02-DEL04-ES,0,moderado
2025-02-01,09:40,2025-02-01 09:40:00,2025.0,2.0,sabado,9.0,manha,ES,SAO MATEUS,False,101.0,BR-101,57.6,-18.64677697,-39.87407788,Acessar a via sem observar a presença dos outros veículos,Colisão lateral mesmo sentido,Com Vítimas Feridas,Pleno dia,Decrescente,Céu Claro,Simples,Reta,Não,0.0,0.0,2.0,2.0,1.0,0.0,2.0,3.0,SPRF-ES,DEL04-ES,UOP02-DEL04-ES,0,moderado
2025-02-01,11:05,2025-02-01 11:05:00,2025.0,2.0,sabado,11.0,manha,ES,MARECHAL FLORIANO,False,262.0,BR-262,60.4,-20.42208895,-40.78646507,Avarias e/ou desgaste excessivo no pneu,Queda de ocupante de veículo,Com Vítimas Feridas,Pleno dia,Crescente,Céu Claro,Simples,Curva;Aclive,Não,0.0,0.0,2.0,2.0,0.0,0.0,1.0,2.0,SPRF-ES,DEL01-ES,UOP02-DEL01-ES,0,moderado
2025-02-01,20:20,2025-02-01 20:20:00,2025.0,2.0,sabado,20.0,noite,ES,LINHARES,False,101.0,BR-101,144.1,-19.35188295,-40.0636685,Manobra de mudança de faixa,Colisão lateral mesmo sentido,Com Vítimas Feridas,Plena Noite,Crescente,Nublado,Múltipla,Reta,Sim,0.0,0.0,1.0,1.0,3.0,0.0,2.0,4.0,SPRF-ES,DEL04-ES,UOP01-DEL04-ES,0,moderado
2025-02-01,23:56,2025-02-01 23:56:00,2025.0,2.0,sabado,23.0,noite,ES,RIO NOVO DO SUL,False,101.0,BR-101,397.0,-20.87297988,-40.94948206,Transitar na contramão,Colisão frontal,Com Vítimas Fatais,Plena Noite,Crescente,Céu Claro,Simples,Reta,Sim,2.0,0.0,0.0,0.0,0.0,1.0,2.0,3.0,SPRF-ES,DEL03-ES,UOP02-DEL03-ES,1,fatal
2025-02-02,05:00,2025-02-02 05:00:00,2025.0,2.0,domingo,5.0,madrugada,ES,SERRA,True,101.0,BR-101,262.4,-20.1572331,-40.27678329,Ausência de reação do condutor,Colisão com objeto,Com Vítimas Feridas,Amanhecer,Crescente,Sol,Dupla,Reta,Sim,0.0,0.0,1.0,1.0,1.0,0.0,1.0,2.0,SPRF-ES,DEL02-ES,UOP01-DEL02-ES,0,moderado
2025-02-02,09:20,2025-02-02 09:20:00,2025.0,2.0,domingo,9.0,manha,ES,DOMINGOS MARTINS,False,262.0,BR-262,69.0,-20.41226608,-40.85971695,Ultrapassagem Indevida,Colisão frontal,Com Vítimas Fatais,Pleno dia,Decrescente,Céu Claro,Simples,Reta;Aclive,Não,1.0,0.0,0.0,0.0,1.0,0.0,2.0,2.0,SPRF-ES,DEL01-ES,UOP02-DEL01-ES,1,fatal
2025-02-02,11:30,2025-02-02 11:30:00,2025.0,2.0,domingo,11.0,manha,ES,RIO NOVO DO SUL,False,101.0,BR-101,396.5,-20.868874,-40.94103,Manobra de mudança de faixa,Colisão com objeto,Com Vítimas Feridas,Pleno dia,Crescente,Céu Claro,Simples,Declive;Curva,Não,0.0,0.0,1.0,1.0,1.0,0.0,1.0,2.0,SPRF-ES,DEL03-ES,UOP02-DEL03-ES,0,moderado
2025-02-02,22:30,2025-02-02 22:30:00,2025.0,2.0,domingo,22.0,noite,ES,IBATIBA,False,262.0,BR-262,172.0,-20.26658734,-41.60261276,Ingestão de álcool pelo condutor,Colisão frontal,Com Vítimas Feridas,Plena Noite,Decrescente,Céu Claro,Simples,Reta,Não,0.0,0.0,2.0,2.0,1.0,0.0,2.0,3.0,SPRF-ES,DEL01-ES,UOP02-DEL01-ES,0,moderado
2025-02-03,09:00,2025-02-03 09:00:00,2025.0,2.0,segunda,9.0,manha,ES,VIANA,True,262.0,BR-262,18.9,-20.39137228,-40.48080285,Acessar a via sem observar a presença dos outros veículos,Colisão transversal,Com Vítimas Feridas,Pleno dia,Crescente,Sol,Simples,Reta,Sim,0.0,0.0,1.0,1.0,1.0,0.0,2.0,2.0,SPRF-ES,DEL01-ES,UOP01-DEL01-ES,0,moderado
2025-02-03,10:10,2025-02-03 10:10:00,2025.0,2.0,segunda,10.0,manha,ES,ARACRUZ,False,101.0,BR-101,180.0,-19.62382591,-40.22074012,Acessar a via sem observar a presença dos outros veículos,Colisão transversal,Com Vítimas Feridas,Pleno dia,Crescente,Céu Claro,Simples,Reta,Não,0.0,0.0,3.0,3.0,1.0,0.0,2.0,4.0,SPRF-ES,DEL04-ES,UOP01-DEL04-ES,0,moderado
2025-02-03,10:25,2025-02-03 10:25:00,2025.0,2.0,segunda,10.0,manha,ES,CARIACICA,True,101.0,BR-101,284.0,-20.24334991,-40.3696926,Ausência de reação do condutor,Saída de leito carroçável,Com Vítimas Feridas,Pleno dia,Decrescente,Sol,Dupla,Curva,Sim,0.0,0.0,1.0,1.0,1.0,0.0,1.0,2.0,SPRF-ES,DEL01-ES,UOP01-DEL01-ES,0,moderado
2025-02-03,17:34,2025-02-03 17:34:00,2025.0,2.0,segunda,17.0,tarde,ES,SAO MATEUS,False,101.0,BR-101,63.0,-18.69830807,-39.86481056,Condutor deixou de manter distância do veículo da frente,Engavetamento,Com Vítimas Feridas,Pleno dia,Crescente,Céu Claro,Simples,Curva,Não,0.0,0.0,1.0,1.0,3.0,1.0,3.0,5.0,SPRF-ES,DEL04-ES,UOP02-DEL04-ES,0,moderado
2025-02-03,19:45,2025-02-03 19:45:00,2025.0,2.0,segunda,19.0,noite,ES,SERRA,True,101.0,BR-101,260.8,-20.14616415,-40.28836206,Transitar na contramão,Colisão frontal,Com Vítimas Feridas,Plena Noite,Crescente,Céu Claro,Simples,Curva;Declive,Sim,0.0,0.0,3.0,3.0,0.0,0.0,2.0,3.0,SPRF-ES,DEL02-ES,UOP01-DEL02-ES,0,moderado
2025-02-04,08:30,2025-02-04 08:30:00,2025.0,2.0,terca,8.0,manha,ES,SERRA,True,101.0,BR-101,267.9,-20.19930999,-40.26884609,Manobra de mudança de faixa,Colisão lateral mesmo sentido,Com Vítimas Feridas,Pleno dia,Crescente,Sol,Múltipla,Interseção de Vias,Sim,0.0,0.0,1.0,1.0,0.0,1.0,2.0,2.0,SPRF-ES,DEL02-ES,UOP01-DEL02-ES,0,moderado
2025-02-04,10:50,2025-02-04 10:50:00,2025.0,2.0,terca,10.0,manha,ES,SERRA,True,101.0,BR-101,270.7,-20.22662056,-40.27075088,Ultrapassagem Indevida,Colisão lateral mesmo sentido,Com Vítimas Feridas,Pleno dia,Decrescente,Céu Claro,Dupla,Reta,Sim,0.0,0.0,1.0,1.0,0.0,1.0,2.0,2.0,SPRF-ES,DEL02-ES,UOP01-DEL02-ES,0,moderado
2025-02-04,09:00,2025-02-04 09:00:00,2025.0,2.0,terca,9.0,manha,ES,JAGUARE,False,101.0,BR-101,99.0,-18.97188909,-39.99152282,Acumulo de areia ou detritos sobre o pavimento,Tombamento,Com Vítimas Feridas,Pleno dia,Decrescente,Sol,Simples,Reta,Não,0.0,0.0,1.0,1.0,0.0,0.0,1.0,1.0,SPRF-ES,DEL04-ES,UOP02-DEL04-ES,0,moderado
2025-01-08,20:30,2025-01-08 20:30:00,2025.0,1.0,quarta,20.0,noite,ES,VILA VELHA,True,101.0,BR-101,315.4,-20.46976694,-40.46795209,Pedestre andava na pista,Atropelamento de Pedestre,Com Vítimas Fatais,Plena Noite,Crescente,Chuva,Dupla,Reta;Declive,Não,1.0,0.0,0.0,0.0,0.0,1.0,2.0,2.0,SPRF-ES,DEL01-ES,UOP01-DEL01-ES,1,fatal
2025-02-05,14:00,2025-02-05 14:00:00,2025.0,2.0,quarta,14.0,tarde,ES,SAO MATEUS,False,101.0,BR-101,64.8,-18.70428583,-39.87065983,Condutor deixou de manter distância do veículo da frente,Colisão traseira,Com Vítimas Feridas,Pleno dia,Crescente,Céu Claro,Simples,Reta,Não,0.0,0.0,1.0,1.0,1.0,0.0,2.0,2.0,SPRF-ES,DEL04-ES,UOP02-DEL04-ES,0,moderado
2025-02-05,18:45,2025-02-05 18:45:00,2025.0,2.0,quarta,18.0,noite,ES,SAO MATEUS,False,101.0,BR-101,64.2,-18.70428583,-39.87065983,Avarias e/ou desgaste excessivo no pneu,Queda de ocupante de veículo,Com Vítimas Feridas,Plena Noite,Decrescente,Céu Claro,Simples,Reta,Não,0.0,0.0,2.0,2.0,0.0,0.0,1.0,2.0,SPRF-ES,DEL04-ES,UOP02-DEL04-ES,0,moderado
2025-02-06,13:30,2025-02-06 13:30:00,2025.0,2.0,quinta,13.0,tarde,ES,SERRA,True,101.0,BR-101,247.9,-20.06746339,-40.37085006,Demais falhas mecânicas ou elétricas,Incêndio,Sem Vítimas,Pleno dia,Decrescente,Sol,Simples,Curva,Não,0.0,0.0,0.0,0.0,1.0,0.0,1.0,1.0,SPRF-ES,DEL02-ES,UOP01-DEL02-ES,0,baixo
2025-02-06,13:40,2025-02-06 13:40:00,2025.0,2.0,quinta,13.0,tarde,ES,VIANA,True,101.0,BR-101,296.9,-20.35374444,-40.4156433,Condutor deixou de manter distância do veículo da frente,Colisão traseira,Com Vítimas Feridas,Pleno dia,Crescente,Céu Claro,Múltipla,Curva,Sim,0.0,0.0,1.0,1.0,1.0,0.0,2.0,2.0,SPRF-ES,DEL01-ES,UOP01-DEL01-ES,0,moderado
2025-02-06,15:29,2025-02-06 15:29:00,2025.0,2.0,quinta,15.0,tarde,ES,CARIACICA,True,101.0,BR-101,297.7,-20.35100457,-40.41328311,Condutor deixou de manter distância do veículo da frente,Colisão lateral mesmo sentido,Com Vítimas Feridas,Pleno dia,Crescente,Céu Claro,Dupla,Reta,Sim,0.0,0.0,2.0,2.0,1.0,0.0,2.0,3.0,SPRF-ES,DEL01-ES,UOP01-DEL01-ES,0,moderado
2025-02-06,23:30,2025-02-06 23:30:00,2025.0,2.0,quinta,23.0,noite,ES,LINHARES,False,101.0,BR-101,142.5,-19.33458987,-40.06755477,Reação tardia ou ineficiente do condutor,Colisão com objeto,Sem Vítimas,Plena Noite,Decrescente,Céu Claro,Dupla,Declive,Sim,0.0,0.0,0.0,0.0,2.0,0.0,1.0,2.0,SPRF-ES,DEL04-ES,UOP01-DEL04-ES,0,baixo
2025-01-03,19:40,2025-01-03 19:40:00,2025.0,1.0,sexta,19.0,noite,ES,CARIACICA,True,101.0,BR-101,289.6,-20.28029304,-40.39302931,Manobra de mudança de faixa,Colisão lateral mesmo sentido,Com Vítimas Feridas,Plena Noite,Decrescente,Nublado,Dupla,Aclive,Sim,0.0,0.0,1.0,1.0,1.0,0.0,2.0,2.0,SPRF-ES,DEL01-ES,UOP01-DEL01-ES,0,moderado
2025-02-07,07:00,2025-02-07 07:00:00,2025.0,2.0,sexta,7.0,manha,ES,ANCHIETA,False,101.0,BR-101,368.5,-20.74480799,-40.7602114,Pista Escorregadia,Tombamento,Com Vítimas Feridas,Pleno dia,Decrescente,Céu Claro,Simples,Curva;Aclive,Não,0.0,1.0,0.0,1.0,0.0,0.0,1.0,1.0,SPRF-ES,DEL03-ES,UOP01-DEL03-ES,1,grave
2025-02-07,11:40,2025-02-07 11:40:00,2025.0,2.0,sexta,11.0,manha,ES,COLATINA,False,259.0,BR-259,50.0,-19.510103,-40.60615,Reação tardia ou ineficiente do condutor,Colisão frontal,Com Vítimas Feridas,Pleno dia,Crescente,Céu Claro,Simples,Reta,Sim,0.0,1.0,2.0,3.0,0.0,0.0,2.0,3.0,SPRF-ES,DEL02-ES,UOP01-DEL02-ES,1,grave
2025-02-07,14:15,2025-02-07 14:15:00,2025.0,2.0,sexta,14.0,tarde,ES,ANCHIETA,False,101.0,BR-101,359.3,-20.69768274,-40.71161014,Acesso irregular,Colisão transversal,Com Vítimas Feridas,Pleno dia,Crescente,Nublado,Simples,Reta;Aclive,Não,0.0,0.0,1.0,1.0,3.0,0.0,2.0,4.0,SPRF-ES,DEL03-ES,UOP01-DEL03-ES,0,moderado
2025-02-07,15:00,2025-02-07 15:00:00,2025.0,2.0,sexta,15.0,tarde,ES,SAO MATEUS,False,101.0,BR-101,67.5,-18.72054021,-39.8658931,Acessar a via sem observar a presença dos outros veículos,Colisão lateral mesmo sentido,Com Vítimas Feridas,Pleno dia,Decrescente,Céu Claro,Dupla,Interseção de Vias,Sim,0.0,0.0,1.0,1.0,1.0,0.0,2.0,2.0,SPRF-ES,DEL04-ES,UOP02-DEL04-ES,0,moderado
2025-02-07,16:30,2025-02-07 16:30:00,2025.0,2.0,sexta,16.0,tarde,ES,SERRA,True,101.0,BR-101,266.0,-20.190199,-40.26828891,Reação tardia ou ineficiente do condutor,Tombamento,Com Vítimas Feridas,Pleno dia,Decrescente,Céu Claro,Dupla,Reta,Sim,0.0,0.0,1.0,1.0,0.0,1.0,2.0,2.0,SPRF-ES,DEL02-ES,UOP01-DEL02-ES,0,moderado
2025-02-07,20:00,2025-02-07 20:00:00,2025.0,2.0,sexta,20.0,noite,ES,COLATINA,False,259.0,BR-259,57.0,-19.50865703,-40.65581416,Reação tardia ou ineficiente do condutor,Tombamento,Com Vítimas Feridas,Plena Noite,Crescente,Céu Claro,Simples,Reta,Não,0.0,0.0,1.0,1.0,0.0,0.0,1.0,1.0,SPRF-ES,DEL02-ES,UOP01-DEL02-ES,0,moderado
2025-02-08,08:10,2025-02-08 08:10:00,2025.0,2.0,sabado,8.0,manha,ES,SERRA,True,101.0,BR-101,277.8,-20.21307738,-40.32125972,Ultrapassagem Indevida,Colisão lateral mesmo sentido,Com Vítimas Feridas,Pleno dia,Crescente,Sol,Dupla,Reta,Não,0.0,0.0,1.0,1.0,1.0,0.0,2.0,2.0,SPRF-ES,DEL02-ES,UOP01-DEL02-ES,0,moderado
2025-02-08,09:30,2025-02-08 09:30:00,2025.0,2.0,sabado,9.0,manha,ES,LINHARES,False,101.0,BR-101,142.5,-19.33458987,-40.06755477,Acessar a via sem observar a presença dos outros veículos,Colisão lateral mesmo sentido,Com Vítimas Feridas,Pleno dia,Crescente,Sol,Múltipla,Retorno Regulamentado;Reta,Sim,0.0,0.0,2.0,2.0,1.0,0.0,2.0,3.0,SPRF-ES,DEL04-ES,UOP01-DEL04-ES,0,moderado
2025-02-08,10:00,2025-02-08 10:00:00,2025.0,2.0,sabado,10.0,manha,ES,LINHARES,False,101.0,BR-101,150.5,-19.40436634,-40.06078896,Condutor deixou de manter distância do veículo da frente,Tombamento,Com Vítimas Feridas,Pleno dia,Decrescente,Céu Claro,Simples,Curva,Sim,0.0,0.0,1.0,1.0,1.0,0.0,1.0,2.0,SPRF-ES,DEL04-ES,UOP01-DEL04-ES,0,moderado
2025-02-08,01:00,2025-02-08 01:00:00,2025.0,2.0,sabado,1.0,madrugada,ES,COLATINA,False,259.0,BR-259,40.0,-19.55614791,-40.53865402,Ausência de reação do condutor,Saída de leito carroçável,Com Vítimas Feridas,Plena Noite,Crescente,Céu Claro,Simples,Reta,Não,0.0,1.0,0.0,1.0,0.0,0.0,1.0,1.0,SPRF-ES,DEL02-ES,UOP01-DEL02-ES,1,grave
2025-02-08,15:50,2025-02-08 15:50:00,2025.0,2.0,sabado,15.0,tarde,ES,CARIACICA,True,262.0,BR-262,0.9,-20.320793,-40.353315,Reação tardia ou ineficiente do condutor,Colisão traseira,Com Vítimas Feridas,Pleno dia,Crescente,Sol,Dupla,Ponte;Reta,Sim,0.0,1.0,1.0,2.0,0.0,0.0,2.0,2.0,SPRF-ES,DEL01-ES,UOP01-DEL01-ES,1,grave
2025-02-08,19:10,2025-02-08 19:10:00,2025.0,2.0,sabado,19.0,noite,ES,SAO MATEUS,False,101.0,BR-101,68.0,-18.726597,-39.85975,Ingestão de álcool pelo condutor,Colisão traseira,Com Vítimas Feridas,Plena Noite,Decrescente,Céu Claro,Simples,Reta;Declive,Sim,0.0,0.0,1.0,1.0,1.0,0.0,2.0,2.0,SPRF-ES,DEL04-ES,UOP02-DEL04-ES,0,moderado
2025-02-09,12:30,2025-02-09 12:30:00,2025.0,2.0,domingo,12.0,tarde,ES,SERRA,True,101.0,BR-101,275.0,-20.20828089,-40.30388897,Reação tardia ou ineficiente do condutor,Queda de ocupante de veículo,Com Vítimas Feridas,Pleno dia,Decrescente,Céu Claro,Dupla,Reta,Não,0.0,0.0,1.0,1.0,0.0,0.0,1.0,1.0,SPRF-ES,DEL02-ES,UOP01-DEL02-ES,0,moderado
2025-02-09,17:00,2025-02-09 17:00:00,2025.0,2.0,domingo,17.0,tarde,ES,GUARAPARI,True,101.0,BR-101,350.1,-20.665676,-40.655926,Ausência de reação do condutor,Capotamento,Com Vítimas Feridas,Pleno dia,Crescente,Sol,Dupla,Curva,Não,0.0,0.0,2.0,2.0,0.0,0.0,1.0,2.0,SPRF-ES,DEL03-ES,UOP01-DEL03-ES,0,moderado
2025-02-09,17:30,2025-02-09 17:30:00,2025.0,2.0,domingo,17.0,tarde,ES,SERRA,True,101.0,BR-101,260.0,-20.14616415,-40.28836206,Ausência de reação do condutor,Queda de ocupante de veículo,Com Vítimas Feridas,Plena Noite,Crescente,Céu Claro,Simples,Reta,Não,0.0,0.0,1.0,1.0,0.0,0.0,1.0,1.0,SPRF-ES,DEL02-ES,UOP01-DEL02-ES,0,moderado
2025-02-09,18:00,2025-02-09 18:00:00,2025.0,2.0,domingo,18.0,noite,ES,SERRA,True,101.0,BR-101,270.0,-20.22662056,-40.27075088,Conversão proibida,Colisão transversal,Com Vítimas Feridas,Anoitecer,Decrescente,Céu Claro,Múltipla,Reta;Interseção de Vias,Sim,0.0,0.0,1.0,1.0,2.0,1.0,3.0,4.0,SPRF-ES,DEL02-ES,UOP01-DEL02-ES,0,moderado
2025-02-09,19:00,2025-02-09 19:00:00,2025.0,2.0,domingo,19.0,noite,ES,FUNDAO,True,101.0,BR-101,231.0,-19.94425773,-40.40662323,Velocidade Incompatível,Colisão traseira,Com Vítimas Feridas,Pleno dia,Decrescente,Céu Claro,Simples,Reta,Não,0.0,0.0,2.0,2.0,0.0,1.0,2.0,3.0,SPRF-ES,DEL02-ES,UOP01-DEL02-ES,0,moderado
2025-02-09,20:30,2025-02-09 20:30:00,2025.0,2.0,domingo,20.0,noite,ES,ATILIO VIVACQUA,False,101.0,BR-101,423.0,-20.989783,-41.118799,Velocidade Incompatível,Saída de leito carroçável,Com Vítimas Feridas,Plena Noite,Crescente,Céu Claro,Simples,Curva,Não,0.0,0.0,2.0,2.0,0.0,0.0,1.0,2.0,SPRF-ES,DEL03-ES,UOP02-DEL03-ES,0,moderado
2025-02-09,21:00,2025-02-09 21:00:00,2025.0,2.0,domingo,21.0,noite,ES,ATILIO VIVACQUA,False,101.0,BR-101,426.2,-21.00770847,-41.13888973,Pedestre andava na pista,Atropelamento de Pedestre,Com Vítimas Fatais,Plena Noite,Crescente,Céu Claro,Simples,Reta,Não,1.0,0.0,0.0,0.0,2.0,0.0,2.0,3.0,SPRF-ES,DEL03-ES,UOP02-DEL03-ES,1,fatal
2025-02-10,12:30,2025-02-10 12:30:00,2025.0,2.0,segunda,12.0,tarde,ES,VILA VELHA,True,101.0,BR-101,319.7,-20.50358302,-40.47483522,Demais falhas mecânicas ou elétricas,Tombamento,Com Vítimas Feridas,Pleno dia,Decrescente,Céu Claro,Dupla,Aclive,Não,0.0,0.0,1.0,1.0,0.0,0.0,1.0,1.0,SPRF-ES,DEL03-ES,UOP01-DEL03-ES,0,moderado
2025-02-11,08:25,2025-02-11 08:25:00,2025.0,2.0,terca,8.0,manha,ES,CARIACICA,True,101.0,BR-101,285.2,-20.25148171,-40.37270066,Ausência de reação do condutor,Colisão traseira,Com Vítimas Feridas,Pleno dia,Decrescente,Céu Claro,Dupla,Reta,Sim,0.0,0.0,1.0,1.0,1.0,0.0,2.0,2.0,SPRF-ES,DEL01-ES,UOP01-DEL01-ES,0,moderado
2025-02-11,12:25,2025-02-11 12:25:00,2025.0,2.0,terca,12.0,tarde,ES,LINHARES,False,101.0,BR-101,148.5,-19.38787399,-40.06752766,Acessar a via sem observar a presença dos outros veículos,Colisão transversal,Com Vítimas Feridas,Pleno dia,Decrescente,Chuva,Dupla,Interseção de Vias,Não,0.0,0.0,1.0,1.0,1.0,0.0,2.0,2.0,SPRF-ES,DEL04-ES,UOP01-DEL04-ES,0,moderado
2025-02-11,11:00,2025-02-11 11:00:00,2025.0,2.0,terca,11.0,manha,ES,BREJETUBA,False,262.0,BR-262,135.2,-20.24466108,-41.3313501,Condutor Dormindo,Saída de leito carroçável,Com Vítimas Feridas,Pleno dia,Crescente,Céu Claro,Simples,Curva,Não,0.0,1.0,0.0,1.0,0.0,0.0,1.0,1.0,SPRF-ES,DEL01-ES,UOP02-DEL01-ES,1,grave
2025-02-11,14:20,2025-02-11 14:20:00,2025.0,2.0,terca,14.0,tarde,ES,CARIACICA,True,101.0,BR-101,296.0,-20.34029997,-40.40405712,Acumulo de areia ou detritos sobre o pavimento,Queda de ocupante de veículo,Com Vítimas Feridas,Pleno dia,Crescente,Céu Claro,Simples,Reta,Não,0.0,0.0,1.0,1.0,0.0,0.0,1.0,1.0,SPRF-ES,DEL01-ES,UOP01-DEL01-ES,0,moderado
2025-02-11,15:10,2025-02-11 15:10:00,2025.0,2.0,terca,15.0,tarde,ES,ANCHIETA,False,101.0,BR-101,370.2,-20.76871121,-40.75999937,Desrespeitar a preferência no cruzamento,Colisão transversal,Com Vítimas Feridas,Pleno dia,Crescente,Nublado,Simples,Reta,Não,0.0,0.0,1.0,1.0,2.0,0.0,2.0,3.0,SPRF-ES,DEL03-ES,UOP01-DEL03-ES,0,moderado
2025-02-11,17:40,2025-02-11 17:40:00,2025.0,2.0,terca,17.0,tarde,ES,SAO MATEUS,False,101.0,BR-101,64.5,-18.70428583,-39.87065983,Ausência de reação do condutor,Colisão com objeto,Com Vítimas Feridas,Pleno dia,Decrescente,Céu Claro,Simples,Ponte,Sim,0.0,0.0,1.0,1.0,0.0,0.0,1.0,1.0,SPRF-ES,DEL04-ES,UOP02-DEL04-ES,0,moderado
2025-02-12,04:30,2025-02-12 04:30:00,2025.0,2.0,quarta,4.0,madrugada,ES,SERRA,True,101.0,BR-101,262.2,-20.1615273,-40.2752806,Reação tardia ou ineficiente do condutor,Tombamento,Com Vítimas Feridas,Amanhecer,Decrescente,Céu Claro,Dupla,Reta;Declive,Sim,0.0,0.0,1.0,1.0,0.0,0.0,1.0,1.0,SPRF-ES,DEL02-ES,UOP01-DEL02-ES,0,moderado
2025-02-12,07:45,2025-02-12 07:45:00,2025.0,2.0,quarta,7.0,manha,ES,SERRA,True,101.0,BR-101,265.0,-20.1816849,-40.26536036,Ausência de reação do condutor,Colisão lateral mesmo sentido,Com Vítimas Feridas,Pleno dia,Crescente,Céu Claro,Dupla,Reta,Não,0.0,1.0,0.0,1.0,1.0,0.0,2.0,2.0,SPRF-ES,DEL02-ES,UOP01-DEL02-ES,1,grave
2025-02-12,07:57,2025-02-12 07:57:00,2025.0,2.0,quarta,7.0,manha,ES,VIANA,True,101.0,BR-101,297.0,-20.34529844,-40.41026774,Condutor deixou de manter distância do veículo da frente,Colisão traseira,Com Vítimas Feridas,Pleno dia,Crescente,Céu Claro,Múltipla,Reta,Sim,0.0,0.0,1.0,1.0,2.0,0.0,3.0,3.0,SPRF-ES,DEL01-ES,UOP01-DEL01-ES,0,moderado
2025-02-12,09:00,2025-02-12 09:00:00,2025.0,2.0,quarta,9.0,manha,ES,SERRA,True,101.0,BR-101,278.9,-20.21698365,-40.32974606,Condutor Dormindo,Saída de leito carroçável,Com Vítimas Feridas,Pleno dia,Decrescente,Céu Claro,Dupla,Curva;Declive,Não,0.0,0.0,1.0,1.0,1.0,0.0,1.0,2.0,SPRF-ES,DEL02-ES,UOP01-DEL02-ES,0,moderado
2025-02-12,09:00,2025-02-12 09:00:00,2025.0,2.0,quarta,9.0,manha,ES,MIMOSO DO SUL,False,101.0,BR-101,442.0,-21.09042295,-41.24777308,Ausência de reação do condutor,Saída de leito carroçável,Com Vítimas Feridas,Pleno dia,Decrescente,Céu Claro,Simples,Curva,Não,0.0,0.0,1.0,1.0,0.0,0.0,1.0,1.0,SPRF-ES,DEL03-ES,UOP02-DEL03-ES,0,moderado
2025-02-12,10:45,2025-02-12 10:45:00,2025.0,2.0,quarta,10.0,manha,ES,LINHARES,False,101.0,BR-101,145.1,-19.36089598,-40.06464018,Mal súbito do condutor,Colisão lateral mesmo sentido,Com Vítimas Feridas,Pleno dia,Decrescente,Céu Claro,Dupla,Reta,Sim,0.0,0.0,1.0,1.0,3.0,0.0,2.0,4.0,SPRF-ES,DEL04-ES,UOP01-DEL04-ES,0,moderado
2025-02-12,15:15,2025-02-12 15:15:00,2025.0,2.0,quarta,15.0,tarde,ES,SERRA,True,101.0,BR-101,259.0,-20.13930636,-40.29233694,Velocidade Incompatível,Saída de leito carroçável,Com Vítimas Feridas,Pleno dia,Decrescente,Sol,Simples,Curva;Declive,Sim,0.0,0.0,2.0,2.0,0.0,0.0,1.0,2.0,SPRF-ES,DEL02-ES,UOP01-DEL02-ES,0,moderado
2025-02-12,18:30,2025-02-12 18:30:00,2025.0,2.0,quarta,18.0,noite,ES,SERRA,True,101.0,BR-101,262.0,-20.1572331,-40.27678329,Condutor deixou de manter distância do veículo da frente,Colisão traseira,Com Vítimas Feridas,Plena Noite,Crescente,Nublado,Dupla,Reta,Não,0.0,1.0,0.0,1.0,1.0,0.0,2.0,2.0,SPRF-ES,DEL02-ES,UOP01-DEL02-ES,1,grave
2025-02-12,21:40,2025-02-12 21:40:00,2025.0,2.0,quarta,21.0,noite,ES,SERRA,True,101.0,BR-101,269.0,-20.21740496,-40.26990578,Reação tardia ou ineficiente do condutor,Queda de ocupante de veículo,Com Vítimas Feridas,Plena Noite,Crescente,Céu Claro,Dupla,Reta,Sim,0.0,0.0,1.0,1.0,0.0,0.0,1.0,1.0,SPRF-ES,DEL02-ES,UOP01-DEL02-ES,0,moderado
2025-02-12,21:35,2025-02-12 21:35:00,2025.0,2.0,quarta,21.0,noite,ES,SERRA,True,101.0,BR-101,270.0,-20.22662056,-40.27075088,Condutor desrespeitou a iluminação vermelha do semáforo,Colisão transversal,Com Vítimas Feridas,Plena Noite,Decrescente,Céu Claro,Dupla,Interseção de Vias,Sim,0.0,2.0,0.0,2.0,0.0,1.0,2.0,3.0,SPRF-ES,DEL02-ES,UOP01-DEL02-ES,1,grave
2025-02-13,18:20,2025-02-13 18:20:00,2025.0,2.0,quinta,18.0,noite,ES,SERRA,True,101.0,BR-101,263.0,-20.16554736,-40.27301648,Reação tardia ou ineficiente do condutor,Queda de ocupante de veículo,Com Vítimas Feridas,Anoitecer,Decrescente,Céu Claro,Dupla,Reta,Sim,0.0,0.0,1.0,1.0,0.0,0.0,1.0,1.0,SPRF-ES,DEL02-ES,UOP01-DEL02-ES,0,moderado
2025-02-14,07:20,2025-02-14 07:20:00,2025.0,2.0,sexta,7.0,manha,ES,CARIACICA,True,101.0,BR-101,285.1,-20.25148171,-40.37270066,Acessar a via sem observar a presença dos outros veículos,Colisão transversal,Com Vítimas Feridas,Pleno dia,Crescente,Céu Claro,Simples,Retorno Regulamentado,Sim,0.0,1.0,0.0,1.0,1.0,0.0,2.0,2.0,SPRF-ES,DEL01-ES,UOP01-DEL01-ES,1,grave
2025-02-14,11:30,2025-02-14 11:30:00,2025.0,2.0,sexta,11.0,manha,ES,COLATINA,False,259.0,BR-259,67.9,-19.51173443,-40.73338221,Ultrapassagem Indevida,Colisão lateral mesmo sentido,Com Vítimas Feridas,Pleno dia,Decrescente,Céu Claro,Simples,Reta,Não,0.0,0.0,2.0,2.0,0.0,0.0,2.0,2.0,SPRF-ES,DEL02-ES,UOP01-DEL02-ES,0,moderado
2025-02-14,14:15,2025-02-14 14:15:00,2025.0,2.0,sexta,14.0,tarde,ES,SAO MATEUS,False,101.0,BR-101,80.1,-18.82149709,-39.90673788,Ultrapassagem Indevida,Colisão traseira,Com Vítimas Feridas,Pleno dia,Decrescente,Sol,Simples,Reta,Não,0.0,0.0,1.0,1.0,1.0,0.0,2.0,2.0,SPRF-ES,DEL04-ES,UOP02-DEL04-ES,0,moderado
2025-02-14,14:30,2025-02-14 14:30:00,2025.0,2.0,sexta,14.0,tarde,ES,VIANA,True,101.0,BR-101,299.7,-20.35860628,-40.42327504,Acessar a via sem observar a presença dos outros veículos,Atropelamento de Pedestre,Com Vítimas Feridas,Pleno dia,Crescente,Céu Claro,Múltipla,Reta,Sim,0.0,1.0,0.0,1.0,1.0,0.0,2.0,2.0,SPRF-ES,DEL01-ES,UOP01-DEL01-ES,1,grave
2025-02-14,15:40,2025-02-14 15:40:00,2025.0,2.0,sexta,15.0,tarde,ES,COLATINA,False,259.0,BR-259,57.3,-19.50865703,-40.65581416,Demais falhas mecânicas ou elétricas,Tombamento,Com Vítimas Feridas,Pleno dia,Crescente,Céu Claro,Simples,Reta,Não,0.0,0.0,1.0,1.0,0.0,0.0,1.0,1.0,SPRF-ES,DEL02-ES,UOP01-DEL02-ES,0,moderado
2025-02-14,15:55,2025-02-14 15:55:00,2025.0,2.0,sexta,15.0,tarde,ES,LINHARES,False,101.0,BR-101,143.3,-19.34286596,-40.0638568,Trafegar com motocicleta (ou similar) entre as faixas,Colisão lateral mesmo sentido,Com Vítimas Feridas,Pleno dia,Crescente,Céu Claro,Dupla,Reta,Sim,0.0,0.0,1.0,1.0,1.0,0.0,2.0,2.0,SPRF-ES,DEL04-ES,UOP01-DEL04-ES,0,moderado
2025-02-14,15:50,2025-02-14 15:50:00,2025.0,2.0,sexta,15.0,tarde,ES,CARIACICA,True,101.0,BR-101,293.0,-20.31413276,-40.39536023,Conversão proibida,Colisão lateral mesmo sentido,Com Vítimas Feridas,Pleno dia,Decrescente,Céu Claro,Dupla,Em Obras;Reta,Sim,0.0,0.0,3.0,3.0,0.0,0.0,2.0,3.0,SPRF-ES,DEL01-ES,UOP01-DEL01-ES,0,moderado
2025-02-14,17:00,2025-02-14 17:00:00,2025.0,2.0,sexta,17.0,tarde,ES,LINHARES,False,101.0,BR-101,129.0,-19.22093104,-40.0936152,Demais falhas mecânicas ou elétricas,Tombamento,Com Vítimas Feridas,Pleno dia,Decrescente,Céu Claro,Simples,Reta;Aclive,Não,0.0,0.0,2.0,2.0,0.0,0.0,1.0,2.0,SPRF-ES,DEL04-ES,UOP01-DEL04-ES,0,moderado
2025-02-14,20:00,2025-02-14 20:00:00,2025.0,2.0,sexta,20.0,noite,ES,VIANA,True,101.0,BR-101,308.0,-20.40809191,-40.45835336,Reação tardia ou ineficiente do condutor,Saída de leito carroçável,Com Vítimas Feridas,Plena Noite,Decrescente,Céu Claro,Dupla,Reta,Não,0.0,1.0,2.0,3.0,0.0,0.0,1.0,3.0,SPRF-ES,DEL01-ES,UOP01-DEL01-ES,1,grave
2025-02-15,02:20,2025-02-15 02:20:00,2025.0,2.0,sabado,2.0,madrugada,ES,GUARAPARI,True,101.0,BR-101,327.3,-20.57231099,-40.48455601,Ausência de reação do condutor,Colisão com objeto,Com Vítimas Feridas,Plena Noite,Decrescente,Céu Claro,Dupla,Reta,Não,0.0,1.0,0.0,1.0,0.0,0.0,1.0,1.0,SPRF-ES,DEL03-ES,UOP01-DEL03-ES,1,grave
2025-02-15,03:00,2025-02-15 03:00:00,2025.0,2.0,sabado,3.0,madrugada,ES,RIO NOVO DO SUL,False,101.0,BR-101,392.5,-20.865694,-40.91366,Manobra de mudança de faixa,Colisão lateral mesmo sentido,Com Vítimas Feridas,Plena Noite,Crescente,Céu Claro,Simples,Interseção de Vias,Não,0.0,1.0,0.0,1.0,1.0,0.0,2.0,2.0,SPRF-ES,DEL03-ES,UOP02-DEL03-ES,1,grave
2025-02-15,07:40,2025-02-15 07:40:00,2025.0,2.0,sabado,7.0,manha,ES,SERRA,True,101.0,BR-101,270.5,-20.22662056,-40.27075088,Faixas de trânsito com largura insuficiente,Colisão lateral mesmo sentido,Sem Vítimas,Pleno dia,Crescente,Céu Claro,Simples,Reta,Sim,0.0,0.0,0.0,0.0,2.0,0.0,2.0,2.0,SPRF-ES,DEL02-ES,UOP01-DEL02-ES,0,baixo
2025-02-15,08:00,2025-02-15 08:00:00,2025.0,2.0,sabado,8.0,manha,ES,ICONHA,False,101.0,BR-101,372.5,-20.77215419,-40.77695658,Suicídio (presumido),Atropelamento de Pedestre,Com Vítimas Feridas,Pleno dia,Crescente,Sol,Simples,Reta,Não,0.0,1.0,0.0,1.0,1.0,1.0,2.0,3.0,SPRF-ES,DEL03-ES,UOP01-DEL03-ES,1,grave
2025-02-15,12:00,2025-02-15 12:00:00,2025.0,2.0,sabado,12.0,tarde,ES,IBATIBA,False,262.0,BR-262,154.2,-20.22262434,-41.46210677,Reação tardia ou ineficiente do condutor,Colisão traseira,Com Vítimas Feridas,Pleno dia,Decrescente,Céu Claro,Simples,Reta,Não,0.0,1.0,0.0,1.0,1.0,0.0,2.0,2.0,SPRF-ES,DEL01-ES,UOP02-DEL01-ES,1,grave
2025-02-15,14:20,2025-02-15 14:20:00,2025.0,2.0,sabado,14.0,tarde,ES,VIANA,True,101.0,BR-101,299.5,-20.35860628,-40.42327504,Desrespeitar a preferência no cruzamento,Colisão transversal,Com Vítimas Feridas,Pleno dia,Crescente,Sol,Múltipla,Interseção de Vias,Sim,0.0,0.0,1.0,1.0,1.0,0.0,2.0,2.0,SPRF-ES,DEL01-ES,UOP01-DEL01-ES,0,moderado
2025-02-16,00:05,2025-02-16 00:05:00,2025.0,2.0,domingo,0.0,madrugada,ES,LINHARES,False,101.0,BR-101,164.5,-19.50607582,-40.13470026,Transitar na contramão,Colisão frontal,Com Vítimas Fatais,Plena Noite,Crescente,Céu Claro,Simples,Reta,Não,1.0,0.0,0.0,0.0,0.0,1.0,2.0,2.0,SPRF-ES,DEL04-ES,UOP01-DEL04-ES,1,fatal
2025-02-16,03:00,2025-02-16 03:00:00,2025.0,2.0,domingo,3.0,madrugada,ES,ANCHIETA,False,101.0,BR-101,371.2,-20.77035735,-40.76847015,Condutor Dormindo,Saída de leito carroçável,Com Vítimas Feridas,Plena Noite,Crescente,Céu Claro,Simples,Reta,Não,0.0,0.0,1.0,1.0,0.0,0.0,1.0,1.0,SPRF-ES,DEL03-ES,UOP01-DEL03-ES,0,moderado
2025-02-16,04:00,2025-02-16 04:00:00,2025.0,2.0,domingo,4.0,madrugada,ES,SOORETAMA,False,101.0,BR-101,127.0,-19.202898,-40.095524,Reação tardia ou ineficiente do condutor,Tombamento,Com Vítimas Feridas,Plena Noite,Decrescente,Céu Claro,Simples,Reta,Sim,0.0,0.0,1.0,1.0,0.0,0.0,1.0,1.0,SPRF-ES,DEL04-ES,UOP01-DEL04-ES,0,moderado
2025-02-16,06:10,2025-02-16 06:10:00,2025.0,2.0,domingo,6.0,manha,ES,PEDRO CANARIO,False,101.0,BR-101,19.0,-18.31846928,-39.95435579,Reação tardia ou ineficiente do condutor,Queda de ocupante de veículo,Com Vítimas Feridas,Pleno dia,Crescente,Sol,Simples,Reta,Não,0.0,0.0,1.0,1.0,0.0,1.0,1.0,2.0,SPRF-ES,DEL04-ES,UOP02-DEL04-ES,0,moderado
2025-02-16,08:00,2025-02-16 08:00:00,2025.0,2.0,domingo,8.0,manha,ES,CARIACICA,True,101.0,BR-101,282.0,-20.23066465,-40.36692012,Reação tardia ou ineficiente do condutor,Colisão lateral sentido oposto,Com Vítimas Feridas,Pleno dia,Crescente,Céu Claro,Dupla,Retorno Regulamentado,Sim,0.0,0.0,1.0,1.0,0.0,1.0,2.0,2.0,SPRF-ES,DEL01-ES,UOP01-DEL01-ES,0,moderado
2025-02-16,07:39,2025-02-16 07:39:00,2025.0,2.0,domingo,7.0,manha,ES,DOMINGOS MARTINS,False,262.0,BR-262,79.0,-20.4116634,-40.92642188,Reação tardia ou ineficiente do condutor,Colisão frontal,Com Vítimas Fatais,Pleno dia,Crescente,Céu Claro,Simples,Curva,Não,2.0,0.0,2.0,2.0,0.0,0.0,4.0,4.0,SPRF-ES,DEL01-ES,UOP02-DEL01-ES,1,fatal
2025-02-16,11:51,2025-02-16 11:51:00,2025.0,2.0,domingo,11.0,manha,ES,VIANA,True,262.0,BR-262,22.9,-20.37976169,-40.52199585,Velocidade Incompatível,Tombamento,Com Vítimas Feridas,Pleno dia,Crescente,Sol,Simples,Aclive;Curva,Sim,0.0,0.0,1.0,1.0,0.0,0.0,1.0,1.0,SPRF-ES,DEL01-ES,UOP01-DEL01-ES,0,moderado
2025-02-16,12:30,2025-02-16 12:30:00,2025.0,2.0,domingo,12.0,tarde,ES,VIANA,True,101.0,BR-101,303.5,-20.37695747,-40.44527144,Avarias e/ou desgaste excessivo no pneu,Saída de leito carroçável,Com Vítimas Feridas,Pleno dia,Decrescente,Sol,Dupla,Reta,Sim,0.0,0.0,1.0,1.0,2.0,0.0,1.0,3.0,SPRF-ES,DEL01-ES,UOP01-DEL01-ES,0,moderado
2025-02-16,12:25,2025-02-16 12:25:00,2025.0,2.0,domingo,12.0,tarde,ES,MUNIZ FREIRE,False,262.0,BR-262,140.0,-20.2284777,-41.36813281,Acessar a via sem observar a presença dos outros veículos,Colisão transversal,Com Vítimas Feridas,Pleno dia,Crescente,Céu Claro,Simples,Reta,Não,0.0,0.0,2.0,2.0,1.0,0.0,2.0,3.0,SPRF-ES,DEL01-ES,UOP02-DEL01-ES,0,moderado
2025-02-16,14:15,2025-02-16 14:15:00,2025.0,2.0,domingo,14.0,tarde,ES,RIO NOVO DO SUL,False,101.0,BR-101,394.9,-20.8660171,-40.93193114,Acessar a via sem observar a presença dos outros veículos,Colisão transversal,Com Vítimas Feridas,Pleno dia,Crescente,Céu Claro,Simples,Curva,Sim,0.0,0.0,1.0,1.0,2.0,0.0,2.0,3.0,SPRF-ES,DEL03-ES,UOP02-DEL03-ES,0,moderado
2025-02-16,17:40,2025-02-16 17:40:00,2025.0,2.0,domingo,17.0,tarde,ES,IBIRACU,False,101.0,BR-101,214.0,-19.82999127,-40.37211181,Acessar a via sem observar a presença dos outros veículos,Colisão transversal,Com Vítimas Feridas,Pleno dia,Decrescente,Céu Claro,Simples,Retorno Regulamentado;Reta;Interseção de Vias,Sim,0.0,1.0,0.0,1.0,1.0,0.0,2.0,2.0,SPRF-ES,DEL02-ES,UOP01-DEL02-ES,1,grave
2025-02-16,18:05,2025-02-16 18:05:00,2025.0,2.0,domingo,18.0,noite,ES,BREJETUBA,False,262.0,BR-262,135.0,-20.24466108,-41.3313501,Ausência de reação do condutor,Queda de ocupante de veículo,Com Vítimas Feridas,Anoitecer,Crescente,Céu Claro,Simples,Curva,Não,0.0,0.0,2.0,2.0,0.0,0.0,1.0,2.0,SPRF-ES,DEL01-ES,UOP02-DEL01-ES,0,moderado
2025-02-17,09:30,2025-02-17 09:30:00,2025.0,2.0,segunda,9.0,manha,ES,LINHARES,False,101.0,BR-101,137.5,-19.29308199,-40.08591691,Condutor deixou de manter distância do veículo da frente,Colisão traseira,Com Vítimas Feridas,Pleno dia,Decrescente,Céu Claro,Simples,Reta,Não,0.0,0.0,1.0,1.0,2.0,0.0,2.0,3.0,SPRF-ES,DEL04-ES,UOP01-DEL04-ES,0,moderado
2025-02-17,10:50,2025-02-17 10:50:00,2025.0,2.0,segunda,10.0,manha,ES,DOMINGOS MARTINS,False,262.0,BR-262,93.0,-20.37908136,-41.05047852,Transitar na contramão,Colisão frontal,Com Vítimas Feridas,Pleno dia,Crescente,Céu Claro,Simples,Curva,Não,0.0,1.0,0.0,1.0,1.0,0.0,2.0,2.0,SPRF-ES,DEL01-ES,UOP02-DEL01-ES,1,grave
2025-02-17,11:00,2025-02-17 11:00:00,2025.0,2.0,segunda,11.0,manha,ES,FUNDAO,True,101.0,BR-101,239.5,-20.00782494,-40.40790907,Acessar a via sem observar a presença dos outros veículos,Colisão traseira,Com Vítimas Feridas,Pleno dia,Crescente,Sol,Dupla,Reta,Sim,0.0,0.0,1.0,1.0,1.0,0.0,2.0,2.0,SPRF-ES,DEL02-ES,UOP01-DEL02-ES,0,moderado
2025-02-17,11:20,2025-02-17 11:20:00,2025.0,2.0,segunda,11.0,manha,ES,VENDA NOVA DO IMIGRANTE,False,262.0,BR-262,112.8,-20.333874,-41.205023,Transitar na contramão,Colisão frontal,Com Vítimas Feridas,Pleno dia,Decrescente,Céu Claro,Simples,Curva;Aclive,Sim,0.0,0.0,2.0,2.0,1.0,1.0,3.0,4.0,SPRF-ES,DEL01-ES,UOP02-DEL01-ES,0,moderado
2025-02-17,15:05,2025-02-17 15:05:00,2025.0,2.0,segunda,15.0,tarde,ES,SERRA,True,101.0,BR-101,270.0,-20.22,-40.27,Condutor deixou de manter distância do veículo da frente,Colisão traseira,Com Vítimas Feridas,Pleno dia,Crescente,Céu Claro,Múltipla,Reta,Sim,0.0,0.0,1.0,1.0,1.0,0.0,2.0,2.0,SPRF-ES,DEL02-ES,UOP01-DEL02-ES,0,moderado
2025-02-17,16:43,2025-02-17 16:43:00,2025.0,2.0,segunda,16.0,tarde,ES,SAO MATEUS,False,101.0,BR-101,70.0,-18.74453703,-39.86164665,Acessar a via sem observar a presença dos outros veículos,Colisão transversal,Com Vítimas Feridas,Pleno dia,Crescente,Céu Claro,Simples,Reta,Sim,0.0,0.0,1.0,1.0,0.0,1.0,2.0,2.0,SPRF-ES,DEL04-ES,UOP02-DEL04-ES,0,moderado
2025-02-10,13:50,2025-02-10 13:50:00,2025.0,2.0,segunda,13.0,tarde,ES,SERRA,True,101.0,BR-101,265.0,-20.1816849,-40.26536036,Ausência de reação do condutor,Colisão com objeto,Com Vítimas Feridas,Pleno dia,Decrescente,Céu Claro,Dupla,Declive,Sim,0.0,0.0,1.0,1.0,0.0,0.0,1.0,1.0,SPRF-ES,DEL02-ES,UOP01-DEL02-ES,0,moderado
2025-02-18,17:02,2025-02-18 17:02:00,2025.0,2.0,terca,17.0,tarde,ES,SERRA,True,101.0,BR-101,269.0,-20.21740496,-40.26990578,Ausência de reação do condutor,Colisão traseira,Sem Vítimas,Anoitecer,Decrescente,Céu Claro,Dupla,Reta,Sim,0.0,0.0,0.0,0.0,1.0,2.0,3.0,3.0,SPRF-ES,DEL02-ES,UOP01-DEL02-ES,0,baixo
2025-02-18,19:49,2025-02-18 19:49:00,2025.0,2.0,terca,19.0,noite,ES,IUNA,False,262.0,BR-262,188.8,-20.31334421,-41.73692705,Deficiência do Sistema de Iluminação/Sinalização,Colisão traseira,Com Vítimas Feridas,Plena Noite,Crescente,Céu Claro,Simples,Reta,Não,0.0,0.0,2.0,2.0,1.0,0.0,2.0,3.0,SPRF-ES,DEL01-ES,UOP02-DEL01-ES,0,moderado
2025-02-18,21:40,2025-02-18 21:40:00,2025.0,2.0,terca,21.0,noite,ES,SAO MATEUS,False,101.0,BR-101,79.0,-18.81417602,-39.90121797,Ausência de reação do condutor,Tombamento,Com Vítimas Feridas,Plena Noite,Crescente,Céu Claro,Simples,Ponte;Declive,Não,0.0,0.0,1.0,1.0,0.0,0.0,1.0,1.0,SPRF-ES,DEL04-ES,UOP02-DEL04-ES,0,moderado
2025-02-19,04:30,2025-02-19 04:30:00,2025.0,2.0,quarta,4.0,madrugada,ES,PEDRO CANARIO,False,101.0,BR-101,12.4,-18.26557435,-39.95730758,Acesso irregular,Colisão frontal,Sem Vítimas,Amanhecer,Crescente,Céu Claro,Simples,Reta,Não,0.0,0.0,0.0,0.0,2.0,0.0,2.0,2.0,SPRF-ES,DEL04-ES,UOP02-DEL04-ES,0,baixo
2025-02-19,08:20,2025-02-19 08:20:00,2025.0,2.0,quarta,8.0,manha,ES,ARACRUZ,False,101.0,BR-101,174.5,-19.58550717,-40.19021988,Acessar a via sem observar a presença dos outros veículos,Colisão transversal,Com Vítimas Feridas,Pleno dia,Crescente,Céu Claro,Simples,Interseção de Vias,Não,0.0,0.0,1.0,1.0,1.0,0.0,2.0,2.0,SPRF-ES,DEL04-ES,UOP01-DEL04-ES,0,moderado
2025-02-19,11:15,2025-02-19 11:15:00,2025.0,2.0,quarta,11.0,manha,ES,SAO MATEUS,False,101.0,BR-101,68.0,-18.7165195,-39.87436378,Condutor deixou de manter distância do veículo da frente,Colisão traseira,Com Vítimas Feridas,Pleno dia,Decrescente,Céu Claro,Dupla,Reta,Sim,0.0,1.0,0.0,1.0,0.0,1.0,2.0,2.0,SPRF-ES,DEL04-ES,UOP02-DEL04-ES,1,grave
2025-02-19,07:40,2025-02-19 07:40:00,2025.0,2.0,quarta,7.0,manha,ES,MUQUI,False,393.0,BR-393,36.3,-20.95830011,-41.43550298,Ausência de reação do condutor,Capotamento,Com Vítimas Feridas,Pleno dia,Crescente,Sol,Simples,Curva,Não,0.0,0.0,1.0,1.0,0.0,0.0,1.0,1.0,SPRF-ES,DEL03-ES,UOP02-DEL03-ES,0,moderado
2025-02-19,15:00,2025-02-19 15:00:00,2025.0,2.0,quarta,15.0,tarde,ES,CARIACICA,True,101.0,BR-101,282.4,-20.22694,-40.36458,Reação tardia ou ineficiente do condutor,Queda de ocupante de veículo,Com Vítimas Feridas,Pleno dia,Crescente,Céu Claro,Dupla,Reta,Sim,0.0,0.0,1.0,1.0,0.0,0.0,1.0,1.0,SPRF-ES,DEL01-ES,UOP01-DEL01-ES,0,moderado
2025-02-19,19:00,2025-02-19 19:00:00,2025.0,2.0,quarta,19.0,noite,ES,SERRA,True,101.0,BR-101,269.6,-20.21740496,-40.26990578,Transitar na contramão,Colisão lateral sentido oposto,Com Vítimas Feridas,Plena Noite,Crescente,Céu Claro,Múltipla,Interseção de Vias;Reta,Sim,0.0,0.0,1.0,1.0,1.0,0.0,2.0,2.0,SPRF-ES,DEL02-ES,UOP01-DEL02-ES,0,moderado
2025-02-20,05:00,2025-02-20 05:00:00,2025.0,2.0,quinta,5.0,madrugada,ES,LINHARES,False,101.0,BR-101,161.0,-19.48358708,-40.11977894,Transitar na contramão,Tombamento,Com Vítimas Feridas,Amanhecer,Crescente,Céu Claro,Simples,Reta,Não,0.0,0.0,1.0,1.0,1.0,0.0,2.0,2.0,SPRF-ES,DEL04-ES,UOP01-DEL04-ES,0,moderado
2025-02-20,05:40,2025-02-20 05:40:00,2025.0,2.0,quinta,5.0,madrugada,ES,ANCHIETA,False,101.0,BR-101,364.5,-20.7286089,-40.74288809,Condutor Dormindo,Saída de leito carroçável,Com Vítimas Feridas,Amanhecer,Decrescente,Céu Claro,Dupla,Reta,Não,0.0,1.0,0.0,1.0,0.0,0.0,1.0,1.0,SPRF-ES,DEL03-ES,UOP01-DEL03-ES,1,grave
2025-02-20,06:15,2025-02-20 06:15:00,2025.0,2.0,quinta,6.0,manha,ES,CONCEICAO DA BARRA,False,101.0,BR-101,42.6,-18.51702193,-39.91329775,Animais na Pista,Saída de leito carroçável,Com Vítimas Feridas,Amanhecer,Decrescente,Céu Claro,Simples,Declive,Não,0.0,0.0,1.0,1.0,0.0,0.0,1.0,1.0,SPRF-ES,DEL04-ES,UOP02-DEL04-ES,0,moderado
2025-02-20,08:01,2025-02-20 08:01:00,2025.0,2.0,quinta,8.0,manha,ES,CONCEICAO DA BARRA,False,101.0,BR-101,41.0,-18.50841392,-39.91590574,Demais falhas mecânicas ou elétricas,Tombamento,Sem Vítimas,Pleno dia,Crescente,Céu Claro,Simples,Reta;Aclive,Não,0.0,0.0,0.0,0.0,1.0,1.0,1.0,2.0,SPRF-ES,DEL04-ES,UOP02-DEL04-ES,0,baixo
2025-02-20,07:40,2025-02-20 07:40:00,2025.0,2.0,quinta,7.0,manha,ES,SERRA,True,101.0,BR-101,269.0,-20.21740496,-40.26990578,Ausência de reação do condutor,Colisão lateral mesmo sentido,Com Vítimas Feridas,Pleno dia,Crescente,Sol,Dupla,Reta,Sim,0.0,0.0,1.0,1.0,0.0,2.0,3.0,3.0,SPRF-ES,DEL02-ES,UOP01-DEL02-ES,0,moderado
2025-02-20,09:30,2025-02-20 09:30:00,2025.0,2.0,quinta,9.0,manha,ES,SERRA,True,101.0,BR-101,267.0,-20.19930999,-40.26884609,Reação tardia ou ineficiente do condutor,Colisão com objeto,Com Vítimas Feridas,Pleno dia,Decrescente,Céu Claro,Dupla,Reta,Sim,0.0,0.0,1.0,1.0,0.0,0.0,1.0,1.0,SPRF-ES,DEL02-ES,UOP01-DEL02-ES,0,moderado
2025-02-20,14:20,2025-02-20 14:20:00,2025.0,2.0,quinta,14.0,tarde,ES,LINHARES,False,101.0,BR-101,155.0,-19.43842387,-40.08913618,Reação tardia ou ineficiente do condutor,Colisão traseira,Com Vítimas Feridas,Pleno dia,Crescente,Céu Claro,Simples,Reta,Não,0.0,0.0,1.0,1.0,3.0,0.0,2.0,4.0,SPRF-ES,DEL04-ES,UOP01-DEL04-ES,0,moderado
2025-02-20,19:50,2025-02-20 19:50:00,2025.0,2.0,quinta,19.0,noite,ES,IBATIBA,False,262.0,BR-262,172.7,-20.26658734,-41.60261276,Iluminação deficiente,Atropelamento de Pedestre,Com Vítimas Feridas,Plena Noite,Crescente,Garoa/Chuvisco,Simples,Reta,Não,0.0,1.0,0.0,1.0,0.0,1.0,2.0,2.0,SPRF-ES,DEL01-ES,UOP02-DEL01-ES,1,grave
2025-02-20,22:45,2025-02-20 22:45:00,2025.0,2.0,quinta,22.0,noite,ES,VIANA,True,262.0,BR-262,14.0,-20.37037726,-40.46264648,Acumulo de areia ou detritos sobre o pavimento,Queda de ocupante de veículo,Com Vítimas Feridas,Plena Noite,Crescente,Céu Claro,Simples,Reta,Não,0.0,0.0,2.0,2.0,0.0,0.0,1.0,2.0,SPRF-ES,DEL01-ES,UOP01-DEL01-ES,0,moderado
2025-02-21,03:30,2025-02-21 03:30:00,2025.0,2.0,sexta,3.0,madrugada,ES,PEDRO CANARIO,False,101.0,BR-101,15.0,-18.29002497,-39.95475507,Ausência de reação do condutor,Tombamento,Com Vítimas Feridas,Plena Noite,Decrescente,Céu Claro,Simples,Declive;Reta,Não,0.0,0.0,1.0,1.0,0.0,0.0,1.0,1.0,SPRF-ES,DEL04-ES,UOP02-DEL04-ES,0,moderado
2025-02-21,13:06,2025-02-21 13:06:00,2025.0,2.0,sexta,13.0,tarde,ES,CARIACICA,True,101.0,BR-101,286.8,-20.2649997,-40.38474977,Reação tardia ou ineficiente do condutor,Queda de ocupante de veículo,Com Vítimas Feridas,Pleno dia,Decrescente,Céu Claro,Dupla,Reta,Sim,0.0,1.0,0.0,1.0,0.0,0.0,1.0,1.0,SPRF-ES,DEL01-ES,UOP01-DEL01-ES,1,grave
2025-02-21,13:45,2025-02-21 13:45:00,2025.0,2.0,sexta,13.0,tarde,ES,GUARAPARI,True,101.0,BR-101,327.0,-20.53282676,-40.48427582,Ausência de reação do condutor,Colisão com objeto,Com Vítimas Feridas,Pleno dia,Decrescente,Céu Claro,Dupla,Reta,Não,0.0,0.0,1.0,1.0,0.0,0.0,1.0,1.0,SPRF-ES,DEL03-ES,UOP01-DEL03-ES,0,moderado
2025-02-21,18:00,2025-02-21 18:00:00,2025.0,2.0,sexta,18.0,noite,ES,SERRA,True,101.0,BR-101,279.2,-20.21834819,-40.33939362,Demais falhas mecânicas ou elétricas,Colisão lateral mesmo sentido,Com Vítimas Feridas,Anoitecer,Decrescente,Céu Claro,Dupla,Reta,Não,0.0,0.0,1.0,1.0,1.0,0.0,2.0,2.0,SPRF-ES,DEL02-ES,UOP01-DEL02-ES,0,moderado
2025-02-21,19:30,2025-02-21 19:30:00,2025.0,2.0,sexta,19.0,noite,ES,LINHARES,False,101.0,BR-101,161.0,-19.48456249,-40.12082267,Transitar na contramão,Colisão frontal,Com Vítimas Fatais,Plena Noite,Decrescente,Céu Claro,Simples,Reta,Não,2.0,0.0,1.0,1.0,0.0,0.0,2.0,3.0,SPRF-ES,DEL04-ES,UOP01-DEL04-ES,1,fatal
2025-02-21,17:40,2025-02-21 17:40:00,2025.0,2.0,sexta,17.0,tarde,ES,IBATIBA,False,262.0,BR-262,168.0,-20.2650207,-41.5737016,Ingestão de álcool pelo condutor,Saída de leito carroçável,Sem Vítimas,Pleno dia,Crescente,Nublado,Simples,Curva,Não,0.0,0.0,0.0,0.0,1.0,1.0,2.0,2.0,SPRF-ES,DEL01-ES,UOP02-DEL01-ES,0,baixo
2025-02-21,21:45,2025-02-21 21:45:00,2025.0,2.0,sexta,21.0,noite,ES,MARECHAL FLORIANO,False,262.0,BR-262,56.0,-20.413305,-40.758813,Desrespeitar a preferência no cruzamento,Colisão transversal,Sem Vítimas,Plena Noite,Decrescente,Céu Claro,Simples,Retorno Regulamentado,Sim,0.0,0.0,0.0,0.0,5.0,1.0,2.0,6.0,SPRF-ES,DEL01-ES,UOP01-DEL01-ES,0,baixo
2025-02-21,23:00,2025-02-21 23:00:00,2025.0,2.0,sexta,23.0,noite,ES,ARACRUZ,False,101.0,BR-101,179.7,-19.6221091,-40.2194505,Transitar na contramão,Colisão frontal,Com Vítimas Fatais,Plena Noite,Crescente,Céu Claro,Dupla,Reta,Não,2.0,0.0,0.0,0.0,0.0,0.0,2.0,2.0,SPRF-ES,DEL04-ES,UOP01-DEL04-ES,1,fatal
2025-02-22,09:05,2025-02-22 09:05:00,2025.0,2.0,sabado,9.0,manha,ES,SERRA,True,101.0,BR-101,266.7,-20.19446565,-40.26849747,Manobra de mudança de faixa,Tombamento,Com Vítimas Feridas,Pleno dia,Decrescente,Céu Claro,Dupla,Reta,Sim,0.0,1.0,0.0,1.0,0.0,0.0,1.0,1.0,SPRF-ES,DEL02-ES,UOP01-DEL02-ES,1,grave
2025-02-22,10:26,2025-02-22 10:26:00,2025.0,2.0,sabado,10.0,manha,ES,LINHARES,False,101.0,BR-101,154.0,-19.4264286,-40.08086085,Demais falhas mecânicas ou elétricas,Tombamento,Com Vítimas Feridas,Pleno dia,Decrescente,Sol,Simples,Reta,Não,0.0,0.0,2.0,2.0,0.0,0.0,1.0,2.0,SPRF-ES,DEL04-ES,UOP01-DEL04-ES,0,moderado
2025-02-22,15:20,2025-02-22 15:20:00,2025.0,2.0,sabado,15.0,tarde,ES,LINHARES,False,101.0,BR-101,142.6,-19.33859829,-40.06563466,Reação tardia ou ineficiente do condutor,Colisão com objeto,Com Vítimas Feridas,Pleno dia,Crescente,Céu Claro,Dupla,Retorno Regulamentado;Reta,Sim,0.0,0.0,1.0,1.0,0.0,0.0,1.0,1.0,SPRF-ES,DEL04-ES,UOP01-DEL04-ES,0,moderado
2025-02-22,17:00,2025-02-22 17:00:00,2025.0,2.0,sabado,17.0,tarde,ES,DOMINGOS MARTINS,False,262.0,BR-262,34.0,-20.3639,-40.6598,Conversão proibida,Colisão transversal,Com Vítimas Feridas,Pleno dia,Crescente,Céu Claro,Simples,Curva,Não,0.0,0.0,2.0,2.0,1.0,0.0,2.0,3.0,SPRF-ES,DEL01-ES,UOP01-DEL01-ES,0,moderado
2025-02-22,19:44,2025-02-22 19:44:00,2025.0,2.0,sabado,19.0,noite,ES,SERRA,True,101.0,BR-101,253.0,-20.10449153,-40.33268452,Acessar a via sem observar a presença dos outros veículos,Colisão frontal,Sem Vítimas,Plena Noite,Crescente,Ignorado,Simples,Reta,Não,0.0,0.0,0.0,0.0,2.0,0.0,2.0,2.0,SPRF-ES,DEL02-ES,UOP01-DEL02-ES,0,baixo
2025-02-22,20:12,2025-02-22 20:12:00,2025.0,2.0,sabado,20.0,noite,ES,SERRA,True,101.0,BR-101,261.2,-20.15022357,-40.27900749,Retorno proibido,Colisão transversal,Com Vítimas Feridas,Plena Noite,Decrescente,Céu Claro,Dupla,Reta,Sim,0.0,1.0,0.0,1.0,1.0,0.0,2.0,2.0,SPRF-ES,DEL02-ES,UOP01-DEL02-ES,1,grave
2025-02-22,19:40,2025-02-22 19:40:00,2025.0,2.0,sabado,19.0,noite,ES,CARIACICA,True,101.0,BR-101,296.0,-20.34374309,-40.40738298,Reação tardia ou ineficiente do condutor,Colisão traseira,Sem Vítimas,Plena Noite,Decrescente,Nublado,Múltipla,Reta,Sim,0.0,0.0,0.0,0.0,4.0,0.0,4.0,4.0,SPRF-ES,DEL01-ES,UOP01-DEL01-ES,0,baixo
2025-02-22,20:36,2025-02-22 20:36:00,2025.0,2.0,sabado,20.0,noite,ES,SERRA,True,101.0,BR-101,256.0,-20.12205432,-40.30606227,Velocidade Incompatível,Colisão transversal,Com Vítimas Feridas,Plena Noite,Decrescente,Céu Claro,Simples,Declive;Reta,Sim,0.0,1.0,0.0,1.0,1.0,0.0,2.0,2.0,SPRF-ES,DEL02-ES,UOP01-DEL02-ES,1,grave
2025-02-23,01:30,2025-02-23 01:30:00,2025.0,2.0,domingo,1.0,madrugada,ES,SERRA,True,101.0,BR-101,262.3,-20.17287558,-40.26772499,Manobra de mudança de faixa,Tombamento,Com Vítimas Feridas,Plena Noite,Crescente,Céu Claro,Dupla,Reta,Sim,0.0,1.0,0.0,1.0,0.0,0.0,1.0,1.0,SPRF-ES,DEL02-ES,UOP01-DEL02-ES,1,grave
2025-02-23,13:50,2025-02-23 13:50:00,2025.0,2.0,domingo,13.0,tarde,ES,SERRA,True,101.0,BR-101,270.5,-20.230717,-40.273077,Reação tardia ou ineficiente do condutor,Colisão transversal,Com Vítimas Feridas,Pleno dia,Decrescente,Céu Claro,Dupla,Interseção de Vias,Sim,0.0,0.0,2.0,2.0,1.0,0.0,2.0,3.0,SPRF-ES,DEL02-ES,UOP01-DEL02-ES,0,moderado
2025-02-23,18:30,2025-02-23 18:30:00,2025.0,2.0,domingo,18.0,noite,ES,PEDRO CANARIO,False,101.0,BR-101,15.0,-18.28999388,-39.95452881,Acessar a via sem observar a presença dos outros veículos,Colisão transversal,Com Vítimas Feridas,Plena Noite,Crescente,Céu Claro,Simples,Interseção de Vias,Não,0.0,0.0,2.0,2.0,0.0,1.0,2.0,3.0,SPRF-ES,DEL04-ES,UOP02-DEL04-ES,0,moderado
2025-02-23,19:50,2025-02-23 19:50:00,2025.0,2.0,domingo,19.0,noite,ES,JOAO NEIVA,False,101.0,BR-101,208.0,-19.7799385,-40.3717994,Acessar a via sem observar a presença dos outros veículos,Atropelamento de Pedestre,Com Vítimas Feridas,Plena Noite,Decrescente,Nublado,Simples,Curva,Não,0.0,0.0,1.0,1.0,0.0,1.0,2.0,2.0,SPRF-ES,DEL02-ES,UOP01-DEL02-ES,0,moderado
2025-02-24,07:20,2025-02-24 07:20:00,2025.0,2.0,segunda,7.0,manha,ES,SERRA,True,101.0,BR-101,275.1,-20.207886,-40.3059966,Demais falhas mecânicas ou elétricas,Queda de ocupante de veículo,Com Vítimas Feridas,Pleno dia,Decrescente,Nublado,Dupla,Reta,Não,0.0,0.0,1.0,1.0,1.0,0.0,1.0,2.0,SPRF-ES,DEL02-ES,UOP01-DEL02-ES,0,moderado
2025-02-24,08:00,2025-02-24 08:00:00,2025.0,2.0,segunda,8.0,manha,ES,VIANA,True,101.0,BR-101,297.0,-20.35066256,-40.4129076,Chuva,Queda de ocupante de veículo,Com Vítimas Feridas,Pleno dia,Decrescente,Céu Claro,Dupla,Reta,Não,0.0,0.0,1.0,1.0,0.0,0.0,1.0,1.0,SPRF-ES,DEL01-ES,UOP01-DEL01-ES,0,moderado
2025-02-24,12:45,2025-02-24 12:45:00,2025.0,2.0,segunda,12.0,tarde,ES,ARACRUZ,False,101.0,BR-101,174.5,-19.59774971,-40.2005589,Desrespeitar a preferência no cruzamento,Colisão transversal,Com Vítimas Feridas,Pleno dia,Decrescente,Céu Claro,Simples,Interseção de Vias,Sim,0.0,0.0,1.0,1.0,1.0,0.0,2.0,2.0,SPRF-ES,DEL04-ES,UOP01-DEL04-ES,0,moderado
2025-02-24,13:15,2025-02-24 13:15:00,2025.0,2.0,segunda,13.0,tarde,ES,CARIACICA,True,101.0,BR-101,290.0,-20.31934019,-40.39518356,Ausência de reação do condutor,Colisão com objeto,Com Vítimas Feridas,Pleno dia,Crescente,Céu Claro,Múltipla,Reta,Não,0.0,1.0,0.0,1.0,0.0,0.0,1.0,1.0,SPRF-ES,DEL01-ES,UOP01-DEL01-ES,1,grave
2025-02-24,13:00,2025-02-24 13:00:00,2025.0,2.0,segunda,13.0,tarde,ES,IRUPI,False,262.0,BR-262,177.8,-20.27339069,-41.60718537,Acessar a via sem observar a presença dos outros veículos,Colisão transversal,Com Vítimas Feridas,Pleno dia,Crescente,Céu Claro,Simples,Curva,Não,0.0,0.0,1.0,1.0,1.0,0.0,2.0,2.0,SPRF-ES,DEL01-ES,UOP02-DEL01-ES,0,moderado
2025-02-25,08:10,2025-02-25 08:10:00,2025.0,2.0,terca,8.0,manha,ES,IBIRACU,False,101.0,BR-101,219.0,-19.8646009,-40.3833662,Condutor deixou de manter distância do veículo da frente,Colisão lateral mesmo sentido,Com Vítimas Feridas,Pleno dia,Decrescente,Nublado,Dupla,Curva,Não,0.0,0.0,1.0,1.0,1.0,0.0,2.0,2.0,SPRF-ES,DEL02-ES,UOP01-DEL02-ES,0,moderado
2025-02-25,14:50,2025-02-25 14:50:00,2025.0,2.0,terca,14.0,tarde,ES,JAGUARE,False,101.0,BR-101,98.2,-18.9670338,-39.989233,Acessar a via sem observar a presença dos outros veículos,Colisão transversal,Com Vítimas Feridas,Pleno dia,Crescente,Céu Claro,Simples,Reta,Não,0.0,1.0,0.0,1.0,1.0,1.0,3.0,3.0,SPRF-ES,DEL04-ES,UOP02-DEL04-ES,1,grave
2025-02-26,08:50,2025-02-26 08:50:00,2025.0,2.0,quarta,8.0,manha,ES,GUARAPARI,True,101.0,BR-101,335.0,-20.52434115,-40.47863781,Acumulo de óleo sobre o pavimento,Tombamento,Com Vítimas Feridas,Pleno dia,Decrescente,Sol,Simples,Aclive;Viaduto;Curva,Não,0.0,0.0,1.0,1.0,0.0,0.0,1.0,1.0,SPRF-ES,DEL03-ES,UOP01-DEL03-ES,0,moderado
2025-02-26,09:30,2025-02-26 09:30:00,2025.0,2.0,quarta,9.0,manha,ES,CARIACICA,True,262.0,BR-262,0.9,-20.33023865,-40.35482168,Ausência de reação do condutor,Colisão com objeto,Com Vítimas Feridas,Pleno dia,Crescente,Céu Claro,Dupla,Reta,Não,0.0,1.0,0.0,1.0,0.0,0.0,1.0,1.0,SPRF-ES,DEL01-ES,UOP01-DEL01-ES,1,grave
2025-02-26,14:40,2025-02-26 14:40:00,2025.0,2.0,quarta,14.0,tarde,ES,IBIRACU,False,101.0,BR-101,214.2,-19.82720243,-40.36880851,Acessar a via sem observar a presença dos outros veículos,Atropelamento de Pedestre,Com Vítimas Feridas,Pleno dia,Crescente,Sol,Simples,Reta,Sim,0.0,0.0,1.0,1.0,1.0,0.0,2.0,2.0,SPRF-ES,DEL02-ES,UOP01-DEL02-ES,0,moderado
2025-02-26,16:20,2025-02-26 16:20:00,2025.0,2.0,quarta,16.0,tarde,ES,FUNDAO,True,101.0,BR-101,236.9,-20.01252593,-40.40576443,Ultrapassagem Indevida,Colisão lateral sentido oposto,Com Vítimas Feridas,Pleno dia,Decrescente,Céu Claro,Simples,Reta,Não,0.0,0.0,1.0,1.0,2.0,0.0,2.0,3.0,SPRF-ES,DEL02-ES,UOP01-DEL02-ES,0,moderado
2025-02-26,17:30,2025-02-26 17:30:00,2025.0,2.0,quarta,17.0,tarde,ES,CARIACICA,True,101.0,BR-101,288.9,-20.27905829,-40.39274454,Desrespeitar a preferência no cruzamento,Colisão transversal,Com Vítimas Feridas,Pleno dia,Decrescente,Céu Claro,Dupla,Reta;Retorno Regulamentado,Sim,0.0,1.0,0.0,1.0,1.0,0.0,2.0,2.0,SPRF-ES,DEL01-ES,UOP01-DEL01-ES,1,grave
2025-02-27,06:40,2025-02-27 06:40:00,2025.0,2.0,quinta,6.0,manha,ES,CARIACICA,True,101.0,BR-101,290.7,-20.29380473,-40.39307205,Trafegar com motocicleta (ou similar) entre as faixas,Tombamento,Com Vítimas Feridas,Pleno dia,Crescente,Céu Claro,Dupla,Retorno Regulamentado;Interseção de Vias;Reta,Sim,0.0,0.0,1.0,1.0,0.0,0.0,1.0,1.0,SPRF-ES,DEL01-ES,UOP01-DEL01-ES,0,moderado
2025-02-27,09:00,2025-02-27 09:00:00,2025.0,2.0,quinta,9.0,manha,ES,SERRA,True,101.0,BR-101,262.1,-20.1596343,-40.2759383,Reação tardia ou ineficiente do condutor,Engavetamento,Com Vítimas Feridas,Pleno dia,Decrescente,Sol,Dupla,Retorno Regulamentado;Aclive;Reta,Sim,0.0,0.0,1.0,1.0,2.0,0.0,3.0,3.0,SPRF-ES,DEL02-ES,UOP01-DEL02-ES,0,moderado
2025-02-27,12:50,2025-02-27 12:50:00,2025.0,2.0,quinta,12.0,tarde,ES,SERRA,True,101.0,BR-101,260.4,-20.1464183,-40.2823853,Reação tardia ou ineficiente do condutor,Tombamento,Com Vítimas Feridas,Pleno dia,Decrescente,Céu Claro,Simples,Curva,Não,0.0,0.0,2.0,2.0,0.0,0.0,1.0,2.0,SPRF-ES,DEL02-ES,UOP01-DEL02-ES,0,moderado
2025-02-27,13:00,2025-02-27 13:00:00,2025.0,2.0,quinta,13.0,tarde,ES,SERRA,True,101.0,BR-101,266.0,-20.195578,-40.268852,Ausência de reação do condutor,Colisão traseira,Com Vítimas Feridas,Pleno dia,Crescente,Céu Claro,Dupla,Reta,Sim,0.0,1.0,0.0,1.0,1.0,0.0,2.0,2.0,SPRF-ES,DEL02-ES,UOP01-DEL02-ES,1,grave
2025-02-28,07:00,2025-02-28 07:00:00,2025.0,2.0,sexta,7.0,manha,ES,MIMOSO DO SUL,False,101.0,BR-101,445.0,-21.115537,-41.266551,Acessar a via sem observar a presença dos outros veículos,Colisão transversal,Com Vítimas Feridas,Pleno dia,Crescente,Céu Claro,Simples,Reta,Não,0.0,1.0,1.0,2.0,0.0,0.0,2.0,2.0,SPRF-ES,DEL03-ES,UOP02-DEL03-ES,1,grave
2025-02-28,09:30,2025-02-28 09:30:00,2025.0,2.0,sexta,9.0,manha,ES,SERRA,True,101.0,BR-101,2.0,-20.0488573,-40.3866917,Chuva,Saída de leito carroçável,Sem Vítimas,Pleno dia,Crescente,Garoa/Chuvisco,Dupla,Reta,Não,0.0,0.0,0.0,0.0,2.0,0.0,1.0,2.0,SPRF-ES,DEL04-ES,UOP02-DEL04-ES,0,baixo
2025-02-28,14:20,2025-02-28 14:20:00,2025.0,2.0,sexta,14.0,tarde,ES,JAGUARE,False,101.0,BR-101,98.0,-18.96084406,-39.98508453,Demais falhas mecânicas ou elétricas,Incêndio,Sem Vítimas,Pleno dia,Decrescente,Céu Claro,Simples,Reta,Não,0.0,0.0,0.0,0.0,2.0,0.0,1.0,2.0,SPRF-ES,DEL04-ES,UOP02-DEL04-ES,0,baixo
2025-02-28,14:50,2025-02-28 14:50:00,2025.0,2.0,sexta,14.0,tarde,ES,SERRA,True,101.0,BR-101,269.0,-20.0488766,-40.3867382,Trafegar com motocicleta (ou similar) entre as faixas,Colisão lateral mesmo sentido,Com Vítimas Feridas,Pleno dia,Decrescente,Céu Claro,Dupla,Reta,Sim,0.0,0.0,1.0,1.0,1.0,0.0,2.0,2.0,SPRF-ES,DEL02-ES,UOP01-DEL02-ES,0,moderado
2025-02-28,17:15,2025-02-28 17:15:00,2025.0,2.0,sexta,17.0,tarde,ES,DOMINGOS MARTINS,False,262.0,BR-262,95.0,-20.3648847,-41.06233206,Desrespeitar a preferência no cruzamento,Colisão transversal,Com Vítimas Feridas,Amanhecer,Crescente,Céu Claro,Simples,Interseção de Vias,Não,0.0,1.0,0.0,1.0,0.0,1.0,2.0,2.0,SPRF-ES,DEL01-ES,UOP02-DEL01-ES,1,grave
2025-02-28,18:35,2025-02-28 18:35:00,2025.0,2.0,sexta,18.0,noite,ES,LINHARES,False,101.0,BR-101,146.4,-19.37434984,-40.0659067,Condutor deixou de manter distância do veículo da frente,Engavetamento,Com Vítimas Feridas,Plena Noite,Crescente,Céu Claro,Múltipla,Reta,Sim,0.0,0.0,1.0,1.0,2.0,0.0,3.0,3.0,SPRF-ES,DEL04-ES,UOP01-DEL04-ES,0,moderado
2025-02-28,19:00,2025-02-28 19:00:00,2025.0,2.0,sexta,19.0,noite,ES,JOAO NEIVA,False,101.0,BR-101,204.8,-19.7577139,-40.36937714,Acessar a via sem observar a presença dos outros veículos,Colisão transversal,Com Vítimas Feridas,Plena Noite,Crescente,Céu Claro,Simples,Interseção de Vias;Reta,Sim,0.0,0.0,1.0,1.0,2.0,0.0,2.0,3.0,SPRF-ES,DEL02-ES,UOP01-DEL02-ES,0,moderado
2025-02-28,18:40,2025-02-28 18:40:00,2025.0,2.0,sexta,18.0,noite,ES,LINHARES,False,101.0,BR-101,167.7,-19.4222632,-40.0779548,Deficiência do Sistema de Iluminação/Sinalização,Colisão transversal,Com Vítimas Feridas,Plena Noite,Crescente,Céu Claro,Simples,Reta,Não,0.0,0.0,2.0,2.0,1.0,0.0,2.0,3.0,SPRF-ES,DEL04-ES,UOP01-DEL04-ES,0,moderado
2025-03-01,06:00,2025-03-01 06:00:00,2025.0,3.0,sabado,6.0,manha,ES,SERRA,True,101.0,BR-101,249.7,-20.0783513,-40.3514725,Ausência de reação do condutor,Colisão frontal,Com Vítimas Feridas,Amanhecer,Crescente,Nublado,Simples,Reta,Sim,0.0,2.0,0.0,2.0,3.0,0.0,3.0,5.0,SPRF-ES,DEL02-ES,UOP01-DEL02-ES,1,grave
2025-03-01,06:00,2025-03-01 06:00:00,2025.0,3.0,sabado,6.0,manha,ES,DOMINGOS MARTINS,False,262.0,BR-262,79.1,-20.409564,-40.928933,Ausência de reação do condutor,Colisão lateral sentido oposto,Com Vítimas Feridas,Pleno dia,Decrescente,Céu Claro,Simples,Curva,Não,0.0,1.0,7.0,8.0,0.0,0.0,2.0,8.0,SPRF-ES,DEL01-ES,UOP02-DEL01-ES,1,grave
2025-03-01,15:10,2025-03-01 15:10:00,2025.0,3.0,sabado,15.0,tarde,ES,CACHOEIRO DE ITAPEMIRIM,False,393.0,BR-393,7.2,-20.82792406,-41.21012986,Velocidade Incompatível,Saída de leito carroçável,Com Vítimas Feridas,Pleno dia,Decrescente,Céu Claro,Simples,Reta,Não,0.0,1.0,0.0,1.0,0.0,0.0,1.0,1.0,SPRF-ES,DEL03-ES,UOP02-DEL03-ES,1,grave
2025-02-05,15:50,2025-02-05 15:50:00,2025.0,2.0,quarta,15.0,tarde,ES,SERRA,True,101.0,BR-101,263.0,-20.16554736,-40.27301648,Manobra de mudança de faixa,Colisão lateral mesmo sentido,Com Vítimas Feridas,Pleno dia,Crescente,Céu Claro,Dupla,Reta,Sim,0.0,0.0,1.0,1.0,1.0,0.0,2.0,2.0,SPRF-ES,DEL02-ES,UOP01-DEL02-ES,0,moderado
2025-03-01,15:30,2025-03-01 15:30:00,2025.0,3.0,sabado,15.0,tarde,ES,IBIRACU,False,101.0,BR-101,219.6,-19.83645623,-40.38043141,Ausência de reação do condutor,Colisão lateral mesmo sentido,Com Vítimas Feridas,Pleno dia,Crescente,Céu Claro,Dupla,Curva,Sim,0.0,0.0,1.0,1.0,1.0,1.0,2.0,3.0,SPRF-ES,DEL02-ES,UOP01-DEL02-ES,0,moderado
2025-03-01,19:40,2025-03-01 19:40:00,2025.0,3.0,sabado,19.0,noite,ES,COLATINA,False,259.0,BR-259,65.9,-19.51892315,-40.71749836,Ultrapassagem Indevida,Colisão lateral sentido oposto,Com Vítimas Feridas,Plena Noite,Decrescente,Chuva,Simples,Reta,Não,0.0,1.0,0.0,1.0,2.0,0.0,2.0,3.0,SPRF-ES,DEL02-ES,UOP01-DEL02-ES,1,grave
2025-03-02,09:40,2025-03-02 09:40:00,2025.0,3.0,domingo,9.0,manha,ES,LINHARES,False,101.0,BR-101,149.0,-19.399695,-40.062272,Condutor desrespeitou a iluminação vermelha do semáforo,Colisão transversal,Com Vítimas Feridas,Pleno dia,Decrescente,Céu Claro,Simples,Reta,Não,0.0,0.0,6.0,6.0,1.0,0.0,3.0,7.0,SPRF-ES,DEL04-ES,UOP01-DEL04-ES,0,moderado
2025-03-02,11:35,2025-03-02 11:35:00,2025.0,3.0,domingo,11.0,manha,ES,ANCHIETA,False,101.0,BR-101,350.0,-20.659855,-40.648462,Velocidade Incompatível,Tombamento,Com Vítimas Feridas,Pleno dia,Crescente,Nublado,Dupla,Curva,Não,0.0,1.0,1.0,2.0,0.0,0.0,1.0,2.0,SPRF-ES,DEL03-ES,UOP01-DEL03-ES,1,grave
2025-03-02,19:00,2025-03-02 19:00:00,2025.0,3.0,domingo,19.0,noite,ES,LINHARES,False,101.0,BR-101,169.0,-19.54683,-40.166321,Acessar a via sem observar a presença dos outros veículos,Colisão transversal,Com Vítimas Feridas,Plena Noite,Crescente,Céu Claro,Simples,Reta,Não,0.0,1.0,1.0,2.0,1.0,0.0,2.0,3.0,SPRF-ES,DEL04-ES,UOP01-DEL04-ES,1,grave
2025-01-05,20:30,2025-01-05 20:30:00,2025.0,1.0,domingo,20.0,noite,ES,SERRA,True,101.0,BR-101,258.8,-20.13847031,-40.29231548,Pista Escorregadia,Capotamento,Com Vítimas Feridas,Pleno dia,Crescente,Chuva,Dupla,Reta,Sim,0.0,0.0,1.0,1.0,0.0,0.0,1.0,1.0,SPRF-ES,DEL02-ES,UOP01-DEL02-ES,0,moderado
2025-01-06,05:50,2025-01-06 05:50:00,2025.0,1.0,segunda,5.0,madrugada,ES,SERRA,True,101.0,BR-101,281.0,-20.22112792,-40.35720552,Ausência de reação do condutor,Colisão lateral mesmo sentido,Com Vítimas Feridas,Amanhecer,Decrescente,Céu Claro,Dupla,Viaduto,Não,0.0,1.0,0.0,1.0,0.0,1.0,2.0,2.0,SPRF-ES,DEL02-ES,UOP01-DEL02-ES,1,grave
2025-03-03,12:10,2025-03-03 12:10:00,2025.0,3.0,segunda,12.0,tarde,ES,ANCHIETA,False,101.0,BR-101,354.0,-20.68453414,-40.67118287,Velocidade Incompatível,Saída de leito carroçável,Com Vítimas Feridas,Pleno dia,Decrescente,Chuva,Dupla,Curva,Não,0.0,0.0,1.0,1.0,2.0,0.0,1.0,3.0,SPRF-ES,DEL03-ES,UOP01-DEL03-ES,0,moderado
2025-01-15,12:10,2025-01-15 12:10:00,2025.0,1.0,quarta,12.0,tarde,ES,SERRA,True,101.0,BR-101,259.0,-20.138397,-40.292213,Ausência de reação do condutor,Colisão com objeto,Com Vítimas Fatais,Pleno dia,Crescente,Nublado,Simples,Declive;Reta,Não,1.0,0.0,0.0,0.0,0.0,0.0,1.0,1.0,SPRF-ES,DEL02-ES,UOP01-DEL02-ES,1,fatal
2025-03-03,10:50,2025-03-03 10:50:00,2025.0,3.0,segunda,10.0,manha,ES,DOMINGOS MARTINS,False,262.0,BR-262,34.0,-20.37296567,-40.59235454,Reação tardia ou ineficiente do condutor,Colisão frontal,Com Vítimas Feridas,Pleno dia,Crescente,Nublado,Simples,Curva,Não,0.0,0.0,4.0,4.0,1.0,0.0,2.0,5.0,SPRF-ES,DEL01-ES,UOP01-DEL01-ES,0,moderado
2025-03-03,17:10,2025-03-03 17:10:00,2025.0,3.0,segunda,17.0,tarde,ES,MARECHAL FLORIANO,False,262.0,BR-262,69.8,-20.41640529,-40.86319685,Condutor deixou de manter distância do veículo da frente,Colisão traseira,Com Vítimas Feridas,Anoitecer,Crescente,Céu Claro,Simples,Reta,Não,0.0,0.0,3.0,3.0,1.0,0.0,2.0,4.0,SPRF-ES,DEL01-ES,UOP02-DEL01-ES,0,moderado
2025-03-04,11:00,2025-03-04 11:00:00,2025.0,3.0,terca,11.0,manha,ES,SERRA,True,101.0,BR-101,278.9,-20.21726296,-40.33709049,Ausência de reação do condutor,Saída de leito carroçável,Com Vítimas Feridas,Pleno dia,Crescente,Chuva,Simples,Curva;Aclive;Viaduto,Não,0.0,0.0,2.0,2.0,0.0,0.0,1.0,2.0,SPRF-ES,DEL02-ES,UOP01-DEL02-ES,0,moderado
2025-03-04,10:55,2025-03-04 10:55:00,2025.0,3.0,terca,10.0,manha,ES,JOAO NEIVA,False,259.0,BR-259,8.0,-19.691426,-40.388475,Transitar na contramão,Colisão lateral sentido oposto,Com Vítimas Feridas,Pleno dia,Crescente,Céu Claro,Simples,Curva,Não,0.0,0.0,1.0,1.0,1.0,0.0,2.0,2.0,SPRF-ES,DEL02-ES,UOP01-DEL02-ES,0,moderado
2025-03-04,16:18,2025-03-04 16:18:00,2025.0,3.0,terca,16.0,tarde,ES,FUNDAO,True,101.0,BR-101,269.0,-20.0245248,-40.1965056,Condutor desrespeitou a iluminação vermelha do semáforo,Colisão transversal,Com Vítimas Feridas,Pleno dia,Decrescente,Garoa/Chuvisco,Dupla,Reta,Sim,0.0,1.0,0.0,1.0,2.0,0.0,2.0,3.0,SPRF-ES,DEL02-ES,UOP01-DEL02-ES,1,grave
2025-03-05,08:00,2025-03-05 08:00:00,2025.0,3.0,quarta,8.0,manha,ES,CARIACICA,True,101.0,BR-101,293.0,-20.31608634,-40.39554259,Frear bruscamente,Tombamento,Com Vítimas Feridas,Pleno dia,Decrescente,Céu Claro,Dupla,Aclive;Reta,Sim,0.0,0.0,1.0,1.0,0.0,0.0,1.0,1.0,SPRF-ES,DEL01-ES,UOP01-DEL01-ES,0,moderado
2025-03-05,10:50,2025-03-05 10:50:00,2025.0,3.0,quarta,10.0,manha,ES,VENDA NOVA DO IMIGRANTE,False,262.0,BR-262,105.4,-20.32507871,-41.14126408,Reação tardia ou ineficiente do condutor,Colisão traseira,Com Vítimas Feridas,Pleno dia,Crescente,Céu Claro,Simples,Reta;Declive,Sim,0.0,0.0,2.0,2.0,0.0,0.0,2.0,2.0,SPRF-ES,DEL01-ES,UOP02-DEL01-ES,0,moderado
2025-03-01,04:10,2025-03-01 04:10:00,2025.0,3.0,sabado,4.0,madrugada,ES,COLATINA,False,259.0,BR-259,79.0,-19.5207746,-40.829522,Reação tardia ou ineficiente do condutor,Saída de leito carroçável,Sem Vítimas,Plena Noite,Crescente,Céu Claro,Simples,Reta,Não,0.0,0.0,0.0,0.0,0.0,1.0,1.0,1.0,SPRF-ES,DEL02-ES,UOP01-DEL02-ES,0,baixo
2025-03-05,13:50,2025-03-05 13:50:00,2025.0,3.0,quarta,13.0,tarde,ES,PEDRO CANARIO,False,101.0,BR-101,15.0,-18.290445,-39.955321,Acessar a via sem observar a presença dos outros veículos,Colisão transversal,Com Vítimas Feridas,Pleno dia,Crescente,Céu Claro,Múltipla,Reta,Sim,0.0,0.0,1.0,1.0,1.0,0.0,2.0,2.0,SPRF-ES,DEL04-ES,UOP02-DEL04-ES,0,moderado
2025-03-06,07:42,2025-03-06 07:42:00,2025.0,3.0,quinta,7.0,manha,ES,SERRA,True,101.0,BR-101,276.0,-20.2091426,-40.3077458,Animais na Pista,Colisão frontal,Com Vítimas Feridas,Pleno dia,Decrescente,Céu Claro,Dupla,Reta,Não,0.0,0.0,2.0,2.0,0.0,0.0,2.0,2.0,SPRF-ES,DEL02-ES,UOP01-DEL02-ES,0,moderado
2025-03-06,08:59,2025-03-06 08:59:00,2025.0,3.0,quinta,8.0,manha,ES,SERRA,True,101.0,BR-101,267.8,-20.048846,-40.386408,Trafegar com motocicleta (ou similar) entre as faixas,Colisão lateral mesmo sentido,Com Vítimas Feridas,Pleno dia,Crescente,Céu Claro,Múltipla,Reta,Sim,0.0,1.0,0.0,1.0,1.0,0.0,2.0,2.0,SPRF-ES,DEL02-ES,UOP01-DEL02-ES,1,grave
2025-03-06,08:00,2025-03-06 08:00:00,2025.0,3.0,quinta,8.0,manha,ES,SERRA,True,101.0,BR-101,268.7,-20.21026189,-40.26943177,Manobra de mudança de faixa,Colisão lateral mesmo sentido,Com Vítimas Feridas,Pleno dia,Crescente,Céu Claro,Múltipla,Reta,Não,0.0,0.0,1.0,1.0,1.0,0.0,2.0,2.0,SPRF-ES,DEL02-ES,UOP01-DEL02-ES,0,moderado
2025-03-06,12:27,2025-03-06 12:27:00,2025.0,3.0,quinta,12.0,tarde,ES,VIANA,True,262.0,BR-262,19.0,-20.39245272,-40.48893213,Acesso irregular,Colisão transversal,Com Vítimas Feridas,Pleno dia,Crescente,Céu Claro,Simples,Reta,Sim,0.0,1.0,0.0,1.0,1.0,0.0,2.0,2.0,SPRF-ES,DEL01-ES,UOP01-DEL01-ES,1,grave
2025-03-06,16:40,2025-03-06 16:40:00,2025.0,3.0,quinta,16.0,tarde,ES,SERRA,True,101.0,BR-101,260.0,-20.14643123,-40.28737982,Manobra de mudança de faixa,Tombamento,Com Vítimas Feridas,Pleno dia,Decrescente,Céu Claro,Dupla,Aclive;Reta,Sim,0.0,0.0,1.0,1.0,0.0,0.0,1.0,1.0,SPRF-ES,DEL02-ES,UOP01-DEL02-ES,0,moderado
2025-03-06,16:45,2025-03-06 16:45:00,2025.0,3.0,quinta,16.0,tarde,ES,IBATIBA,False,262.0,BR-262,160.5,-20.23747574,-41.52050972,Acessar a via sem observar a presença dos outros veículos,Colisão lateral mesmo sentido,Com Vítimas Feridas,Pleno dia,Crescente,Nublado,Simples,Aclive,Não,0.0,1.0,1.0,2.0,0.0,0.0,2.0,2.0,SPRF-ES,DEL01-ES,UOP02-DEL01-ES,1,grave
2025-03-06,16:40,2025-03-06 16:40:00,2025.0,3.0,quinta,16.0,tarde,ES,LINHARES,False,101.0,BR-101,139.0,-19.306677,-40.081756,Demais falhas mecânicas ou elétricas,Queda de ocupante de veículo,Com Vítimas Feridas,Pleno dia,Crescente,Céu Claro,Simples,Reta,Não,0.0,0.0,2.0,2.0,0.0,0.0,1.0,2.0,SPRF-ES,DEL04-ES,UOP01-DEL04-ES,0,moderado
2025-03-07,06:09,2025-03-07 06:09:00,2025.0,3.0,sexta,6.0,manha,ES,ATILIO VIVACQUA,False,101.0,BR-101,424.0,-21.0095633,-41.1452918,Condutor Dormindo,Colisão com objeto,Com Vítimas Feridas,Amanhecer,Decrescente,Céu Claro,Simples,Reta,Não,0.0,0.0,3.0,3.0,0.0,0.0,1.0,3.0,SPRF-ES,DEL03-ES,UOP02-DEL03-ES,0,moderado
2025-03-07,10:00,2025-03-07 10:00:00,2025.0,3.0,sexta,10.0,manha,ES,SAO MATEUS,False,101.0,BR-101,66.0,-18.7153374,-39.87708807,Acessar a via sem observar a presença dos outros veículos,Colisão lateral mesmo sentido,Com Vítimas Feridas,Pleno dia,Crescente,Céu Claro,Dupla,Reta,Sim,0.0,0.0,1.0,1.0,1.0,0.0,2.0,2.0,SPRF-ES,DEL04-ES,UOP02-DEL04-ES,0,moderado
2025-03-07,12:20,2025-03-07 12:20:00,2025.0,3.0,sexta,12.0,tarde,ES,CACHOEIRO DE ITAPEMIRIM,False,393.0,BR-393,2.4,-20.832164,-41.178164,Transtornos Mentais (exceto suicidio),Atropelamento de Pedestre,Com Vítimas Feridas,Pleno dia,Crescente,Céu Claro,Simples,Reta,Sim,0.0,1.0,1.0,2.0,0.0,0.0,2.0,2.0,SPRF-ES,DEL03-ES,UOP02-DEL03-ES,1,grave
2025-03-07,16:40,2025-03-07 16:40:00,2025.0,3.0,sexta,16.0,tarde,ES,RIO NOVO DO SUL,False,101.0,BR-101,392.3,-20.8673897,-40.9044014,Acessar a via sem observar a presença dos outros veículos,Colisão transversal,Com Vítimas Feridas,Pleno dia,Crescente,Nublado,Simples,Interseção de Vias,Não,0.0,0.0,1.0,1.0,1.0,0.0,2.0,2.0,SPRF-ES,DEL03-ES,UOP02-DEL03-ES,0,moderado
2025-03-07,17:20,2025-03-07 17:20:00,2025.0,3.0,sexta,17.0,tarde,ES,CARIACICA,True,101.0,BR-101,296.9,-20.344795,-40.409725,Avarias e/ou desgaste excessivo no pneu,Tombamento,Com Vítimas Feridas,Pleno dia,Decrescente,Céu Claro,Dupla,Reta,Sim,0.0,0.0,2.0,2.0,0.0,0.0,1.0,2.0,SPRF-ES,DEL01-ES,UOP01-DEL01-ES,0,moderado
2025-03-07,20:41,2025-03-07 20:41:00,2025.0,3.0,sexta,20.0,noite,ES,CARIACICA,True,101.0,BR-101,291.7,-20.3048807,-40.39483925,Frear bruscamente,Colisão traseira,Com Vítimas Feridas,Plena Noite,Decrescente,Céu Claro,Dupla,Reta,Não,0.0,0.0,1.0,1.0,0.0,1.0,2.0,2.0,SPRF-ES,DEL01-ES,UOP01-DEL01-ES,0,moderado
2025-03-08,08:27,2025-03-08 08:27:00,2025.0,3.0,sabado,8.0,manha,ES,DOMINGOS MARTINS,False,262.0,BR-262,33.0,-20.375474,-40.584106,Acessar a via sem observar a presença dos outros veículos,Colisão transversal,Com Vítimas Feridas,Pleno dia,Crescente,Céu Claro,Dupla,Reta,Não,0.0,1.0,0.0,1.0,1.0,0.0,2.0,2.0,SPRF-ES,DEL01-ES,UOP01-DEL01-ES,1,grave
2025-03-08,09:04,2025-03-08 09:04:00,2025.0,3.0,sabado,9.0,manha,ES,SERRA,True,101.0,BR-101,269.0,-20.054016,-40.3800064,Condutor desrespeitou a iluminação vermelha do semáforo,Colisão transversal,Com Vítimas Feridas,Pleno dia,Crescente,Nublado,Simples,Reta,Não,0.0,1.0,0.0,1.0,2.0,0.0,2.0,3.0,SPRF-ES,DEL02-ES,UOP01-DEL02-ES,1,grave
2025-03-08,16:15,2025-03-08 16:15:00,2025.0,3.0,sabado,16.0,tarde,ES,CARIACICA,True,101.0,BR-101,288.0,-20.27631767,-40.39238821,Demais falhas mecânicas ou elétricas,Incêndio,Sem Vítimas,Pleno dia,Crescente,Céu Claro,Dupla,Reta,Sim,0.0,0.0,0.0,0.0,1.0,0.0,1.0,1.0,SPRF-ES,DEL01-ES,UOP01-DEL01-ES,0,baixo
2025-03-08,17:15,2025-03-08 17:15:00,2025.0,3.0,sabado,17.0,tarde,ES,VILA VELHA,True,101.0,BR-101,314.0,-20.4625531,-40.4651956,Reação tardia ou ineficiente do condutor,Queda de ocupante de veículo,Com Vítimas Feridas,Pleno dia,Decrescente,Céu Claro,Dupla,Reta,Não,0.0,0.0,1.0,1.0,0.0,0.0,1.0,1.0,SPRF-ES,DEL01-ES,UOP01-DEL01-ES,0,moderado
2025-03-08,17:30,2025-03-08 17:30:00,2025.0,3.0,sabado,17.0,tarde,ES,SOORETAMA,False,101.0,BR-101,108.3,-19.04860232,-40.02819031,Acessar a via sem observar a presença dos outros veículos,Colisão traseira,Com Vítimas Fatais,Pleno dia,Decrescente,Céu Claro,Simples,Reta,Não,1.0,0.0,0.0,0.0,1.0,0.0,2.0,2.0,SPRF-ES,DEL04-ES,UOP01-DEL04-ES,1,fatal
2025-03-09,10:45,2025-03-09 10:45:00,2025.0,3.0,domingo,10.0,manha,ES,CARIACICA,True,101.0,BR-101,288.2,-20.27436921,-40.39206851,Reação tardia ou ineficiente do condutor,Tombamento,Com Vítimas Feridas,Pleno dia,Decrescente,Céu Claro,Dupla,Reta,Sim,0.0,0.0,2.0,2.0,0.0,0.0,1.0,2.0,SPRF-ES,DEL01-ES,UOP01-DEL01-ES,0,moderado
2025-03-09,09:00,2025-03-09 09:00:00,2025.0,3.0,domingo,9.0,manha,ES,DOMINGOS MARTINS,False,262.0,BR-262,80.0,-20.409002,-40.935514,Reação tardia ou ineficiente do condutor,Tombamento,Com Vítimas Feridas,Pleno dia,Decrescente,Céu Claro,Simples,Declive;Reta,Não,0.0,0.0,1.0,1.0,0.0,0.0,1.0,1.0,SPRF-ES,DEL01-ES,UOP02-DEL01-ES,0,moderado
2025-03-09,14:45,2025-03-09 14:45:00,2025.0,3.0,domingo,14.0,tarde,ES,SERRA,True,101.0,BR-101,270.0,-20.22207531,-40.27021162,Desrespeitar a preferência no cruzamento,Colisão transversal,Com Vítimas Feridas,Pleno dia,Decrescente,Céu Claro,Dupla,Interseção de Vias,Sim,0.0,1.0,0.0,1.0,1.0,0.0,2.0,2.0,SPRF-ES,DEL02-ES,UOP01-DEL02-ES,1,grave
2025-03-09,17:15,2025-03-09 17:15:00,2025.0,3.0,domingo,17.0,tarde,ES,SERRA,True,101.0,BR-101,265.5,-20.188112,-40.268147,Manobra de mudança de faixa,Colisão lateral mesmo sentido,Com Vítimas Feridas,Anoitecer,Decrescente,Céu Claro,Dupla,Reta,Sim,0.0,0.0,1.0,1.0,1.0,2.0,3.0,4.0,SPRF-ES,DEL02-ES,UOP01-DEL02-ES,0,moderado
2025-03-09,21:55,2025-03-09 21:55:00,2025.0,3.0,domingo,21.0,noite,ES,VIANA,True,101.0,BR-101,308.2,-20.4194822,-40.4578394,Acessar a via sem observar a presença dos outros veículos,Atropelamento de Pedestre,Com Vítimas Feridas,Plena Noite,Crescente,Céu Claro,Múltipla,Reta,Sim,0.0,1.0,0.0,1.0,0.0,2.0,2.0,3.0,SPRF-ES,DEL01-ES,UOP01-DEL01-ES,1,grave
2025-03-10,04:40,2025-03-10 04:40:00,2025.0,3.0,segunda,4.0,madrugada,ES,LINHARES,False,101.0,BR-101,159.8,-19.4756755,-40.1136392,Animais na Pista,Atropelamento de Animal,Com Vítimas Feridas,Amanhecer,Crescente,Céu Claro,Simples,Reta,Não,0.0,1.0,0.0,1.0,0.0,0.0,1.0,1.0,SPRF-ES,DEL04-ES,UOP01-DEL04-ES,1,grave
2025-03-10,07:30,2025-03-10 07:30:00,2025.0,3.0,segunda,7.0,manha,ES,SERRA,True,101.0,BR-101,263.9,-20.17318412,-40.26727312,Retorno proibido,Colisão traseira,Com Vítimas Feridas,Pleno dia,Crescente,Sol,Dupla,Aclive;Interseção de Vias;Reta,Sim,0.0,1.0,1.0,2.0,0.0,1.0,2.0,3.0,SPRF-ES,DEL02-ES,UOP01-DEL02-ES,1,grave
2025-03-10,16:40,2025-03-10 16:40:00,2025.0,3.0,segunda,16.0,tarde,ES,LINHARES,False,101.0,BR-101,140.5,-19.321568,-40.07417,Mal súbito do condutor,Colisão transversal,Com Vítimas Feridas,Anoitecer,Decrescente,Céu Claro,Simples,Reta,Não,0.0,0.0,1.0,1.0,2.0,0.0,2.0,3.0,SPRF-ES,DEL04-ES,UOP01-DEL04-ES,0,moderado
2025-03-10,17:45,2025-03-10 17:45:00,2025.0,3.0,segunda,17.0,tarde,ES,IBATIBA,False,262.0,BR-262,157.0,-20.23091789,-41.49991438,Velocidade Incompatível,Colisão frontal,Com Vítimas Feridas,Anoitecer,Crescente,Nublado,Dupla,Curva,Sim,0.0,0.0,2.0,2.0,1.0,0.0,2.0,3.0,SPRF-ES,DEL01-ES,UOP02-DEL01-ES,0,moderado
2025-03-11,06:00,2025-03-11 06:00:00,2025.0,3.0,terca,6.0,manha,ES,ARACRUZ,False,101.0,BR-101,176.5,-19.597018,-40.20016,Acessar a via sem observar a presença dos outros veículos,Colisão transversal,Com Vítimas Feridas,Pleno dia,Crescente,Céu Claro,Simples,Reta,Sim,0.0,0.0,1.0,1.0,5.0,0.0,2.0,6.0,SPRF-ES,DEL04-ES,UOP01-DEL04-ES,0,moderado
2025-03-11,18:57,2025-03-11 18:57:00,2025.0,3.0,terca,18.0,noite,ES,SERRA,True,101.0,BR-101,270.0,-20.230644,-40.273011,Reação tardia ou ineficiente do condutor,Colisão lateral mesmo sentido,Com Vítimas Feridas,Plena Noite,Decrescente,Céu Claro,Múltipla,Reta,Sim,0.0,0.0,1.0,1.0,1.0,0.0,2.0,2.0,SPRF-ES,DEL02-ES,UOP01-DEL02-ES,0,moderado
2025-03-11,22:40,2025-03-11 22:40:00,2025.0,3.0,terca,22.0,noite,ES,SERRA,True,101.0,BR-101,273.4,-20.21683,-40.29342,Transitar na contramão,Colisão frontal,Com Vítimas Feridas,Plena Noite,Decrescente,Céu Claro,Múltipla,Reta;Declive,Não,0.0,1.0,0.0,1.0,0.0,1.0,2.0,2.0,SPRF-ES,DEL02-ES,UOP01-DEL02-ES,1,grave
2025-03-12,07:14,2025-03-12 07:14:00,2025.0,3.0,quarta,7.0,manha,ES,VILA VELHA,True,447.0,BR-447,14.0,-20.3520306,-40.33355713,Falta de acostamento,Colisão lateral mesmo sentido,Com Vítimas Fatais,Pleno dia,Decrescente,Céu Claro,Dupla,Reta,Sim,1.0,0.0,0.0,0.0,1.0,0.0,2.0,2.0,SPRF-ES,DEL01-ES,UOP01-DEL01-ES,1,fatal
2025-02-12,17:20,2025-02-12 17:20:00,2025.0,2.0,quarta,17.0,tarde,ES,LINHARES,False,101.0,BR-101,142.0,-19.33458987,-40.06755477,Manobra de mudança de faixa,Colisão lateral mesmo sentido,Com Vítimas Feridas,Pleno dia,Crescente,Céu Claro,Múltipla,Reta,Sim,0.0,1.0,0.0,1.0,1.0,0.0,2.0,2.0,SPRF-ES,DEL04-ES,UOP01-DEL04-ES,1,grave
2025-03-12,12:41,2025-03-12 12:41:00,2025.0,3.0,quarta,12.0,tarde,ES,CARIACICA,True,101.0,BR-101,297.0,-20.348363,-40.411917,Ausência de reação do condutor,Tombamento,Com Vítimas Feridas,Pleno dia,Crescente,Céu Claro,Dupla,Reta,Sim,0.0,0.0,1.0,1.0,0.0,0.0,1.0,1.0,SPRF-ES,DEL01-ES,UOP01-DEL01-ES,0,moderado
2025-03-12,11:40,2025-03-12 11:40:00,2025.0,3.0,quarta,11.0,manha,ES,DOMINGOS MARTINS,False,262.0,BR-262,34.0,-20.3728647,-40.5922998,Condutor deixou de manter distância do veículo da frente,Colisão traseira,Com Vítimas Feridas,Pleno dia,Crescente,Sol,Simples,Curva,Não,0.0,0.0,1.0,1.0,0.0,1.0,2.0,2.0,SPRF-ES,DEL01-ES,UOP01-DEL01-ES,0,moderado
2025-03-12,16:50,2025-03-12 16:50:00,2025.0,3.0,quarta,16.0,tarde,ES,ATILIO VIVACQUA,False,101.0,BR-101,422.6,-20.98623007,-41.118398,Ausência de reação do condutor,Saída de leito carroçável,Com Vítimas Feridas,Pleno dia,Decrescente,Céu Claro,Simples,Curva,Não,0.0,1.0,0.0,1.0,0.0,0.0,1.0,1.0,SPRF-ES,DEL03-ES,UOP02-DEL03-ES,1,grave
2025-03-13,07:20,2025-03-13 07:20:00,2025.0,3.0,quinta,7.0,manha,ES,ITAPEMIRIM,False,101.0,BR-101,407.8,-20.88981252,-41.03637988,Velocidade Incompatível,Saída de leito carroçável,Com Vítimas Feridas,Pleno dia,Crescente,Céu Claro,Simples,Curva,Não,0.0,0.0,1.0,1.0,0.0,0.0,1.0,1.0,SPRF-ES,DEL03-ES,UOP02-DEL03-ES,0,moderado
2025-03-13,11:35,2025-03-13 11:35:00,2025.0,3.0,quinta,11.0,manha,ES,VIANA,True,262.0,BR-262,30.5,-20.37925261,-40.53523242,Manobra de mudança de faixa,Colisão lateral mesmo sentido,Com Vítimas Feridas,Pleno dia,Crescente,Céu Claro,Dupla,Curva,Não,0.0,0.0,1.0,1.0,2.0,0.0,3.0,3.0,SPRF-ES,DEL01-ES,UOP01-DEL01-ES,0,moderado
2025-03-13,17:40,2025-03-13 17:40:00,2025.0,3.0,quinta,17.0,tarde,ES,SERRA,True,101.0,BR-101,211.2,-20.0488509,-40.3866993,Desrespeitar a preferência no cruzamento,Colisão frontal,Com Vítimas Feridas,Anoitecer,Crescente,Nublado,Simples,Reta,Sim,0.0,1.0,0.0,1.0,1.0,0.0,2.0,2.0,SPRF-ES,DEL02-ES,UOP01-DEL02-ES,1,grave
2025-03-13,19:41,2025-03-13 19:41:00,2025.0,3.0,quinta,19.0,noite,ES,SERRA,True,101.0,BR-101,266.0,-20.1969,-40.2684,Entrada inopinada do pedestre,Atropelamento de Pedestre,Com Vítimas Feridas,Plena Noite,Crescente,Céu Claro,Dupla,Reta,Sim,0.0,0.0,1.0,1.0,2.0,0.0,3.0,3.0,SPRF-ES,DEL02-ES,UOP01-DEL02-ES,0,moderado
2025-03-13,19:15,2025-03-13 19:15:00,2025.0,3.0,quinta,19.0,noite,ES,CARIACICA,True,101.0,BR-101,293.9,-20.322713,-40.39506245,Condutor deixou de manter distância do veículo da frente,Colisão lateral mesmo sentido,Com Vítimas Feridas,Pleno dia,Crescente,Céu Claro,Dupla,Reta;Viaduto,Sim,0.0,0.0,2.0,2.0,1.0,0.0,2.0,3.0,SPRF-ES,DEL01-ES,UOP01-DEL01-ES,0,moderado
2025-03-14,07:05,2025-03-14 07:05:00,2025.0,3.0,sexta,7.0,manha,ES,FUNDAO,True,101.0,BR-101,233.0,-19.95006878,-40.40934324,Manobra de mudança de faixa,Tombamento,Com Vítimas Feridas,Pleno dia,Decrescente,Céu Claro,Simples,Reta,Não,0.0,0.0,1.0,1.0,0.0,0.0,1.0,1.0,SPRF-ES,DEL02-ES,UOP01-DEL02-ES,0,moderado
2025-03-14,07:20,2025-03-14 07:20:00,2025.0,3.0,sexta,7.0,manha,ES,SERRA,True,101.0,BR-101,279.3,-20.21823157,-40.3393887,Condutor deixou de manter distância do veículo da frente,Colisão traseira,Com Vítimas Feridas,Pleno dia,Decrescente,Céu Claro,Múltipla,Reta,Não,0.0,0.0,2.0,2.0,1.0,0.0,2.0,3.0,SPRF-ES,DEL02-ES,UOP01-DEL02-ES,0,moderado
2025-03-14,09:56,2025-03-14 09:56:00,2025.0,3.0,sexta,9.0,manha,ES,CARIACICA,True,101.0,BR-101,285.0,-20.31527463,-40.395509,Pedestre cruzava a pista fora da faixa,Atropelamento de Pedestre,Com Vítimas Feridas,Pleno dia,Decrescente,Céu Claro,Múltipla,Aclive;Reta,Sim,0.0,1.0,1.0,2.0,0.0,0.0,2.0,2.0,SPRF-ES,DEL01-ES,UOP01-DEL01-ES,1,grave
2025-03-14,10:40,2025-03-14 10:40:00,2025.0,3.0,sexta,10.0,manha,ES,CARIACICA,True,101.0,BR-101,290.5,-20.29389209,-40.39285994,Acessar a via sem observar a presença dos outros veículos,Colisão transversal,Com Vítimas Feridas,Pleno dia,Crescente,Céu Claro,Dupla,Reta,Sim,0.0,2.0,0.0,2.0,1.0,0.0,2.0,3.0,SPRF-ES,DEL01-ES,UOP01-DEL01-ES,1,grave
2025-03-07,22:10,2025-03-07 22:10:00,2025.0,3.0,sexta,22.0,noite,ES,COLATINA,False,259.0,BR-259,30.8,-19.58667,-40.50897,Velocidade Incompatível,Colisão traseira,Com Vítimas Feridas,Plena Noite,Crescente,Céu Claro,Simples,Reta,Não,0.0,0.0,1.0,1.0,1.0,0.0,2.0,2.0,SPRF-ES,DEL02-ES,UOP01-DEL02-ES,0,moderado
2025-03-14,15:13,2025-03-14 15:13:00,2025.0,3.0,sexta,15.0,tarde,ES,SERRA,True,101.0,BR-101,278.2,-20.054016,-40.3800064,Manobra de mudança de faixa,Tombamento,Com Vítimas Feridas,Pleno dia,Crescente,Céu Claro,Simples,Interseção de Vias,Sim,0.0,1.0,0.0,1.0,0.0,0.0,1.0,1.0,SPRF-ES,DEL02-ES,UOP01-DEL02-ES,1,grave
2025-03-14,19:34,2025-03-14 19:34:00,2025.0,3.0,sexta,19.0,noite,ES,SERRA,True,101.0,BR-101,269.0,-20.20620719,-40.26934736,Acessar a via sem observar a presença dos outros veículos,Colisão transversal,Com Vítimas Feridas,Plena Noite,Crescente,Nublado,Múltipla,Reta;Interseção de Vias,Sim,0.0,0.0,1.0,1.0,1.0,0.0,2.0,2.0,SPRF-ES,DEL02-ES,UOP01-DEL02-ES,0,moderado
2025-03-14,20:57,2025-03-14 20:57:00,2025.0,3.0,sexta,20.0,noite,ES,SERRA,True,101.0,BR-101,262.0,-20.15744099,-40.27716398,Reação tardia ou ineficiente do condutor,Tombamento,Com Vítimas Feridas,Plena Noite,Crescente,Céu Claro,Simples,Reta,Não,0.0,0.0,1.0,1.0,0.0,0.0,1.0,1.0,SPRF-ES,DEL02-ES,UOP01-DEL02-ES,0,moderado
2025-03-15,11:00,2025-03-15 11:00:00,2025.0,3.0,sabado,11.0,manha,ES,ATILIO VIVACQUA,False,101.0,BR-101,426.0,-21.01072177,-41.14598628,Velocidade Incompatível,Saída de leito carroçável,Com Vítimas Feridas,Pleno dia,Crescente,Céu Claro,Simples,Rotatória;Curva,Não,0.0,0.0,1.0,1.0,0.0,0.0,1.0,1.0,SPRF-ES,DEL03-ES,UOP02-DEL03-ES,0,moderado
2025-03-15,12:30,2025-03-15 12:30:00,2025.0,3.0,sabado,12.0,tarde,ES,IBATIBA,False,262.0,BR-262,166.0,-20.251577,-41.563633,Acessar a via sem observar a presença dos outros veículos,Colisão transversal,Com Vítimas Feridas,Pleno dia,Decrescente,Céu Claro,Simples,Interseção de Vias;Curva,Não,0.0,0.0,2.0,2.0,0.0,1.0,2.0,3.0,SPRF-ES,DEL01-ES,UOP02-DEL01-ES,0,moderado
2025-03-15,19:00,2025-03-15 19:00:00,2025.0,3.0,sabado,19.0,noite,ES,SAO MATEUS,False,101.0,BR-101,66.4,-18.6489283,-39.8736035,Condutor deixou de manter distância do veículo da frente,Colisão traseira,Com Vítimas Feridas,Anoitecer,Decrescente,Céu Claro,Dupla,Reta,Sim,0.0,0.0,2.0,2.0,0.0,1.0,2.0,3.0,SPRF-ES,DEL04-ES,UOP02-DEL04-ES,0,moderado
2025-03-15,19:30,2025-03-15 19:30:00,2025.0,3.0,sabado,19.0,noite,ES,CONCEICAO DO CASTELO,False,262.0,BR-262,116.4,-20.314928,-41.23386,Transitar na contramão,Colisão lateral sentido oposto,Com Vítimas Feridas,Plena Noite,Crescente,Chuva,Simples,Declive;Reta,Não,0.0,0.0,1.0,1.0,1.0,0.0,2.0,2.0,SPRF-ES,DEL01-ES,UOP02-DEL01-ES,0,moderado
2025-03-15,21:25,2025-03-15 21:25:00,2025.0,3.0,sabado,21.0,noite,ES,LINHARES,False,101.0,BR-101,146.6,-19.39827778,-40.06336212,Conversão proibida,Colisão transversal,Com Vítimas Feridas,Plena Noite,Crescente,Céu Claro,Simples,Interseção de Vias,Sim,0.0,0.0,2.0,2.0,1.0,0.0,2.0,3.0,SPRF-ES,DEL04-ES,UOP01-DEL04-ES,0,moderado
2025-03-15,23:26,2025-03-15 23:26:00,2025.0,3.0,sabado,23.0,noite,ES,VIANA,True,101.0,BR-101,300.2,-20.359502,-40.433562,Condutor Dormindo,Capotamento,Com Vítimas Feridas,Plena Noite,Decrescente,Céu Claro,Dupla,Reta,Sim,0.0,0.0,1.0,1.0,0.0,0.0,1.0,1.0,SPRF-ES,DEL01-ES,UOP01-DEL01-ES,0,moderado
2025-03-16,06:30,2025-03-16 06:30:00,2025.0,3.0,domingo,6.0,manha,ES,SERRA,True,101.0,BR-101,243.0,-20.0488468,-40.3867006,Ultrapassagem Indevida,Colisão lateral mesmo sentido,Com Vítimas Feridas,Pleno dia,Decrescente,Céu Claro,Simples,Reta,Não,0.0,0.0,1.0,1.0,0.0,1.0,2.0,2.0,SPRF-ES,DEL02-ES,UOP01-DEL02-ES,0,moderado
2025-03-16,09:56,2025-03-16 09:56:00,2025.0,3.0,domingo,9.0,manha,ES,VIANA,True,101.0,BR-101,308.0,-20.414173,-40.459802,Avarias e/ou desgaste excessivo no pneu,Queda de ocupante de veículo,Com Vítimas Feridas,Pleno dia,Crescente,Céu Claro,Dupla,Reta,Não,0.0,1.0,1.0,2.0,0.0,0.0,1.0,2.0,SPRF-ES,DEL01-ES,UOP01-DEL01-ES,1,grave
2025-03-16,13:00,2025-03-16 13:00:00,2025.0,3.0,domingo,13.0,tarde,ES,IBATIBA,False,262.0,BR-262,166.0,-20.251859,-41.563811,Desrespeitar a preferência no cruzamento,Colisão transversal,Com Vítimas Feridas,Pleno dia,Decrescente,Céu Claro,Simples,Interseção de Vias,Não,0.0,0.0,1.0,1.0,0.0,1.0,2.0,2.0,SPRF-ES,DEL01-ES,UOP02-DEL01-ES,0,moderado
2025-03-16,15:54,2025-03-16 15:54:00,2025.0,3.0,domingo,15.0,tarde,ES,VIANA,True,262.0,BR-262,19.0,-20.387477,-40.494995,Reação tardia ou ineficiente do condutor,Colisão lateral mesmo sentido,Com Vítimas Feridas,Pleno dia,Crescente,Céu Claro,Simples,Reta,Não,0.0,1.0,1.0,2.0,1.0,0.0,2.0,3.0,SPRF-ES,DEL01-ES,UOP01-DEL01-ES,1,grave
2025-03-16,16:13,2025-03-16 16:13:00,2025.0,3.0,domingo,16.0,tarde,ES,DOMINGOS MARTINS,False,262.0,BR-262,40.0,-20.38370745,-40.63549876,Chuva,Colisão frontal,Com Vítimas Feridas,Pleno dia,Crescente,Chuva,Simples,Curva,Não,0.0,0.0,3.0,3.0,0.0,0.0,2.0,3.0,SPRF-ES,DEL01-ES,UOP01-DEL01-ES,0,moderado
2025-03-16,18:10,2025-03-16 18:10:00,2025.0,3.0,domingo,18.0,noite,ES,LINHARES,False,101.0,BR-101,147.0,-19.37889628,-40.0665915,Desrespeitar a preferência no cruzamento,Colisão transversal,Com Vítimas Feridas,Plena Noite,Decrescente,Céu Claro,Simples,Reta;Retorno Regulamentado,Sim,0.0,3.0,0.0,3.0,1.0,0.0,2.0,4.0,SPRF-ES,DEL04-ES,UOP01-DEL04-ES,1,grave
2025-03-16,19:40,2025-03-16 19:40:00,2025.0,3.0,domingo,19.0,noite,ES,LINHARES,False,101.0,BR-101,157.2,-19.42227,-40.0778959,Reação tardia ou ineficiente do condutor,Colisão transversal,Com Vítimas Feridas,Plena Noite,Crescente,Céu Claro,Simples,Interseção de Vias;Reta,Não,0.0,0.0,1.0,1.0,2.0,0.0,2.0,3.0,SPRF-ES,DEL04-ES,UOP01-DEL04-ES,0,moderado
2025-03-16,23:45,2025-03-16 23:45:00,2025.0,3.0,domingo,23.0,noite,ES,LINHARES,False,101.0,BR-101,164.3,-19.5060674,-40.13463378,Ingestão de álcool pelo condutor,Tombamento,Com Vítimas Feridas,Plena Noite,Decrescente,Chuva,Simples,Reta,Não,0.0,0.0,1.0,1.0,0.0,0.0,1.0,1.0,SPRF-ES,DEL04-ES,UOP01-DEL04-ES,0,moderado
2025-03-17,07:30,2025-03-17 07:30:00,2025.0,3.0,segunda,7.0,manha,ES,LINHARES,False,101.0,BR-101,141.1,-19.4222605,-40.0779499,Ausência de reação do condutor,Colisão traseira,Com Vítimas Feridas,Pleno dia,Crescente,Garoa/Chuvisco,Dupla,Reta,Sim,0.0,0.0,1.0,1.0,1.0,0.0,2.0,2.0,SPRF-ES,DEL04-ES,UOP01-DEL04-ES,0,moderado
2025-03-17,07:40,2025-03-17 07:40:00,2025.0,3.0,segunda,7.0,manha,ES,VIANA,True,101.0,BR-101,307.0,-20.39960543,-40.4561125,Velocidade Incompatível,Colisão lateral mesmo sentido,Com Vítimas Feridas,Pleno dia,Decrescente,Chuva,Dupla,Reta,Não,0.0,1.0,0.0,1.0,1.0,0.0,2.0,2.0,SPRF-ES,DEL01-ES,UOP01-DEL01-ES,1,grave
2025-03-17,09:30,2025-03-17 09:30:00,2025.0,3.0,segunda,9.0,manha,ES,ARACRUZ,False,101.0,BR-101,196.8,-19.70761857,-40.33350005,Demais falhas mecânicas ou elétricas,Saída de leito carroçável,Com Vítimas Feridas,Pleno dia,Crescente,Nublado,Simples,Reta,Não,0.0,0.0,2.0,2.0,0.0,0.0,1.0,2.0,SPRF-ES,DEL04-ES,UOP01-DEL04-ES,0,moderado
2025-03-17,10:30,2025-03-17 10:30:00,2025.0,3.0,segunda,10.0,manha,ES,SERRA,True,101.0,BR-101,256.2,-20.122913,-40.305058,Manobra de mudança de faixa,Colisão lateral mesmo sentido,Com Vítimas Feridas,Pleno dia,Decrescente,Nublado,Múltipla,Reta,Sim,0.0,0.0,1.0,1.0,0.0,1.0,2.0,2.0,SPRF-ES,DEL02-ES,UOP01-DEL02-ES,0,moderado
2025-03-17,14:20,2025-03-17 14:20:00,2025.0,3.0,segunda,14.0,tarde,ES,IBIRACU,False,101.0,BR-101,219.2,-19.865772,-40.386034,Chuva,Colisão com objeto,Com Vítimas Feridas,Pleno dia,Decrescente,Chuva,Dupla,Curva,Não,0.0,0.0,1.0,1.0,1.0,0.0,1.0,2.0,SPRF-ES,DEL02-ES,UOP01-DEL02-ES,0,moderado
2025-03-18,08:15,2025-03-18 08:15:00,2025.0,3.0,terca,8.0,manha,ES,CARIACICA,True,101.0,BR-101,289.0,-20.28651204,-40.39260864,Acessar a via sem observar a presença dos outros veículos,Colisão lateral mesmo sentido,Com Vítimas Feridas,Pleno dia,Decrescente,Céu Claro,Dupla,Reta;Declive,Sim,0.0,0.0,1.0,1.0,2.0,0.0,2.0,3.0,SPRF-ES,DEL01-ES,UOP01-DEL01-ES,0,moderado
2025-03-18,06:50,2025-03-18 06:50:00,2025.0,3.0,terca,6.0,manha,ES,DOMINGOS MARTINS,False,101.0,BR-101,94.0,-20.3737218,-41.05874968,Acessar a via sem observar a presença dos outros veículos,Colisão transversal,Com Vítimas Feridas,Pleno dia,Crescente,Sol,Simples,Reta,Não,0.0,0.0,1.0,1.0,0.0,1.0,2.0,2.0,SPRF-ES,DEL04-ES,UOP02-DEL04-ES,0,moderado
2025-03-18,12:00,2025-03-18 12:00:00,2025.0,3.0,terca,12.0,tarde,ES,SERRA,True,101.0,BR-101,268.0,-20.21617179,-40.26969007,Acessar a via sem observar a presença dos outros veículos,Colisão transversal,Com Vítimas Feridas,Pleno dia,Decrescente,Céu Claro,Dupla,Curva,Sim,0.0,0.0,1.0,1.0,1.0,0.0,2.0,2.0,SPRF-ES,DEL02-ES,UOP01-DEL02-ES,0,moderado
2025-03-18,12:40,2025-03-18 12:40:00,2025.0,3.0,terca,12.0,tarde,ES,COLATINA,False,259.0,BR-259,53.4,-19.50246825,-40.62262984,Velocidade Incompatível,Saída de leito carroçável,Com Vítimas Feridas,Pleno dia,Decrescente,Sol,Simples,Reta;Declive,Não,0.0,0.0,1.0,1.0,0.0,0.0,1.0,1.0,SPRF-ES,DEL02-ES,UOP01-DEL02-ES,0,moderado
2025-03-18,18:00,2025-03-18 18:00:00,2025.0,3.0,terca,18.0,noite,ES,SOORETAMA,False,101.0,BR-101,126.0,-19.19870499,-40.09587049,Transitar na contramão,Colisão com objeto,Com Vítimas Feridas,Anoitecer,Crescente,Céu Claro,Simples,Aclive;Reta,Não,0.0,0.0,1.0,1.0,0.0,1.0,2.0,2.0,SPRF-ES,DEL04-ES,UOP01-DEL04-ES,0,moderado
2025-03-19,12:20,2025-03-19 12:20:00,2025.0,3.0,quarta,12.0,tarde,ES,ANCHIETA,False,101.0,BR-101,352.7,-20.65980756,-40.6487985,Chuva,Tombamento,Com Vítimas Feridas,Pleno dia,Decrescente,Chuva,Dupla,Curva,Não,0.0,1.0,0.0,1.0,0.0,0.0,1.0,1.0,SPRF-ES,DEL03-ES,UOP01-DEL03-ES,1,grave
2025-03-03,18:10,2025-03-03 18:10:00,2025.0,3.0,segunda,18.0,noite,ES,VIANA,True,262.0,BR-262,34.0,-20.3827789,-40.4596498,Pista Escorregadia,Saída de leito carroçável,Com Vítimas Feridas,Plena Noite,Crescente,Chuva,Simples,Curva,Não,0.0,0.0,1.0,1.0,2.0,0.0,3.0,3.0,SPRF-ES,DEL01-ES,UOP01-DEL01-ES,0,moderado
2025-03-19,14:45,2025-03-19 14:45:00,2025.0,3.0,quarta,14.0,tarde,ES,RIO NOVO DO SUL,False,101.0,BR-101,393.2,-20.8656931,-40.9136218,Acumulo de água sobre o pavimento,Saída de leito carroçável,Sem Vítimas,Pleno dia,Crescente,Chuva,Simples,Reta;Aclive,Não,0.0,0.0,0.0,0.0,1.0,0.0,1.0,1.0,SPRF-ES,DEL03-ES,UOP02-DEL03-ES,0,baixo
2025-03-20,04:00,2025-03-20 04:00:00,2025.0,3.0,quinta,4.0,madrugada,ES,CARIACICA,True,447.0,BR-447,14.0,-20.34802,-40.331815,Velocidade Incompatível,Capotamento,Sem Vítimas,Plena Noite,Crescente,Garoa/Chuvisco,Simples,Reta,Sim,0.0,0.0,0.0,0.0,0.0,1.0,1.0,1.0,SPRF-ES,DEL01-ES,UOP01-DEL01-ES,0,baixo
2025-03-20,08:00,2025-03-20 08:00:00,2025.0,3.0,quinta,8.0,manha,ES,VIANA,True,101.0,BR-101,299.0,-20.35724567,-40.42843759,Reação tardia ou ineficiente do condutor,Capotamento,Sem Vítimas,Pleno dia,Crescente,Nublado,Dupla,Reta,Sim,0.0,0.0,0.0,0.0,0.0,1.0,1.0,1.0,SPRF-ES,DEL01-ES,UOP01-DEL01-ES,0,baixo
2025-01-08,15:35,2025-01-08 15:35:00,2025.0,1.0,quarta,15.0,tarde,ES,SERRA,True,101.0,BR-101,7.1,-20.129093,-40.308125,Acumulo de água sobre o pavimento,Colisão com objeto,Com Vítimas Feridas,Pleno dia,Crescente,Chuva,Dupla,Reta,Não,0.0,1.0,1.0,2.0,0.0,0.0,1.0,2.0,SPRF-ES,DEL02-ES,UOP01-DEL02-ES,1,grave
2025-03-20,21:27,2025-03-20 21:27:00,2025.0,3.0,quinta,21.0,noite,ES,LINHARES,False,101.0,BR-101,142.0,-19.33462659,-40.0678736,Reação tardia ou ineficiente do condutor,Saída de leito carroçável,Com Vítimas Feridas,Plena Noite,Crescente,Céu Claro,Dupla,Reta,Sim,0.0,0.0,1.0,1.0,0.0,0.0,1.0,1.0,SPRF-ES,DEL04-ES,UOP01-DEL04-ES,0,moderado
2025-03-21,10:30,2025-03-21 10:30:00,2025.0,3.0,sexta,10.0,manha,ES,GUARAPARI,True,101.0,BR-101,347.6,-20.65219,-40.62928,Pedestre andava na pista,Atropelamento de Pedestre,Com Vítimas Feridas,Pleno dia,Crescente,Nublado,Dupla,Reta,Não,0.0,0.0,1.0,1.0,0.0,3.0,2.0,4.0,SPRF-ES,DEL03-ES,UOP01-DEL03-ES,0,moderado
2025-03-22,01:10,2025-03-22 01:10:00,2025.0,3.0,sabado,1.0,madrugada,ES,SERRA,True,101.0,BR-101,262.3,-20.16097054,-40.27558647,Ausência de reação do condutor,Colisão com objeto,Com Vítimas Feridas,Plena Noite,Decrescente,Céu Claro,Dupla,Reta,Sim,0.0,0.0,1.0,1.0,0.0,0.0,1.0,1.0,SPRF-ES,DEL02-ES,UOP01-DEL02-ES,0,moderado
2025-02-21,06:40,2025-02-21 06:40:00,2025.0,2.0,sexta,6.0,manha,ES,IBATIBA,False,262.0,BR-262,169.7,-20.26402594,-41.58095414,Desrespeitar a preferência no cruzamento,Colisão transversal,Com Vítimas Feridas,Pleno dia,Crescente,Nublado,Simples,Curva,Não,0.0,0.0,1.0,1.0,1.0,0.0,2.0,2.0,SPRF-ES,DEL01-ES,UOP02-DEL01-ES,0,moderado
2025-03-22,04:30,2025-03-22 04:30:00,2025.0,3.0,sabado,4.0,madrugada,ES,COLATINA,False,259.0,BR-259,78.8,-19.52323773,-40.82458466,Ausência de reação do condutor,Saída de leito carroçável,Com Vítimas Feridas,Amanhecer,Crescente,Céu Claro,Simples,Reta,Não,0.0,0.0,2.0,2.0,0.0,0.0,1.0,2.0,SPRF-ES,DEL02-ES,UOP01-DEL02-ES,0,moderado
2025-03-22,06:00,2025-03-22 06:00:00,2025.0,3.0,sabado,6.0,manha,ES,SERRA,True,101.0,BR-101,245.6,-20.0488473,-40.3867012,Manobra de mudança de faixa,Tombamento,Com Vítimas Feridas,Amanhecer,Crescente,Céu Claro,Simples,Reta,Sim,0.0,1.0,0.0,1.0,0.0,0.0,1.0,1.0,SPRF-ES,DEL02-ES,UOP01-DEL02-ES,1,grave
2025-03-23,07:20,2025-03-23 07:20:00,2025.0,3.0,domingo,7.0,manha,ES,LINHARES,False,101.0,BR-101,139.0,-19.3216636,-40.07410879,Ausência de reação do condutor,Colisão transversal,Com Vítimas Feridas,Pleno dia,Crescente,Céu Claro,Simples,Reta,Não,0.0,0.0,1.0,1.0,0.0,1.0,2.0,2.0,SPRF-ES,DEL04-ES,UOP01-DEL04-ES,0,moderado
2025-03-23,07:20,2025-03-23 07:20:00,2025.0,3.0,domingo,7.0,manha,ES,CONCEICAO DA BARRA,False,101.0,BR-101,29.7,-18.4155742,-39.9367839,Ultrapassagem Indevida,Colisão frontal,Com Vítimas Fatais,Pleno dia,Crescente,Nublado,Múltipla,Reta,Não,1.0,2.0,0.0,2.0,2.0,0.0,3.0,5.0,SPRF-ES,DEL04-ES,UOP02-DEL04-ES,1,fatal
2025-03-23,09:30,2025-03-23 09:30:00,2025.0,3.0,domingo,9.0,manha,ES,SAO MATEUS,False,101.0,BR-101,74.5,-18.782602,-39.877577,Avarias e/ou desgaste excessivo no pneu,Saída de leito carroçável,Com Vítimas Feridas,Pleno dia,Crescente,Céu Claro,Simples,Reta,Não,0.0,0.0,2.0,2.0,0.0,0.0,1.0,2.0,SPRF-ES,DEL04-ES,UOP02-DEL04-ES,0,moderado
2025-03-23,14:00,2025-03-23 14:00:00,2025.0,3.0,domingo,14.0,tarde,ES,LINHARES,False,101.0,BR-101,155.7,-19.416364,-40.06790042,Ausência de reação do condutor,Tombamento,Com Vítimas Feridas,Pleno dia,Crescente,Céu Claro,Simples,Reta,Não,0.0,0.0,1.0,1.0,1.0,0.0,2.0,2.0,SPRF-ES,DEL04-ES,UOP01-DEL04-ES,0,moderado
2025-03-23,20:00,2025-03-23 20:00:00,2025.0,3.0,domingo,20.0,noite,ES,SERRA,True,101.0,BR-101,257.6,-20.12843,-40.299102,Reação tardia ou ineficiente do condutor,Colisão transversal,Com Vítimas Feridas,Plena Noite,Crescente,Céu Claro,Dupla,Curva;Interseção de Vias,Sim,0.0,2.0,1.0,3.0,0.0,0.0,2.0,3.0,SPRF-ES,DEL02-ES,UOP01-DEL02-ES,1,grave
2025-03-23,21:30,2025-03-23 21:30:00,2025.0,3.0,domingo,21.0,noite,ES,SERRA,True,101.0,BR-101,257.0,-20.129535,-40.297318,Ingestão de álcool pelo condutor,Saída de leito carroçável,Sem Vítimas,Plena Noite,Decrescente,Céu Claro,Dupla,Reta;Aclive,Não,0.0,0.0,0.0,0.0,1.0,0.0,1.0,1.0,SPRF-ES,DEL02-ES,UOP01-DEL02-ES,0,baixo
2025-03-24,08:00,2025-03-24 08:00:00,2025.0,3.0,segunda,8.0,manha,ES,SERRA,True,101.0,BR-101,260.9,-20.048852,-40.3867003,Condutor deixou de manter distância do veículo da frente,Colisão traseira,Com Vítimas Feridas,Pleno dia,Crescente,Céu Claro,Dupla,Reta,Não,0.0,0.0,1.0,1.0,1.0,0.0,2.0,2.0,SPRF-ES,DEL02-ES,UOP01-DEL02-ES,0,moderado
2025-03-24,12:40,2025-03-24 12:40:00,2025.0,3.0,segunda,12.0,tarde,ES,CARIACICA,True,101.0,BR-101,281.0,-20.227768,-40.366113,Acessar a via sem observar a presença dos outros veículos,Colisão frontal,Com Vítimas Feridas,Pleno dia,Crescente,Céu Claro,Simples,Reta;Interseção de Vias,Sim,0.0,0.0,1.0,1.0,1.0,0.0,2.0,2.0,SPRF-ES,DEL02-ES,UOP01-DEL02-ES,0,moderado
2025-03-24,17:30,2025-03-24 17:30:00,2025.0,3.0,segunda,17.0,tarde,ES,LINHARES,False,101.0,BR-101,141.0,-19.33557995,-40.06709576,Ausência de reação do condutor,Colisão traseira,Com Vítimas Feridas,Plena Noite,Crescente,Céu Claro,Dupla,Reta,Sim,0.0,0.0,1.0,1.0,1.0,0.0,2.0,2.0,SPRF-ES,DEL04-ES,UOP01-DEL04-ES,0,moderado
2025-03-24,18:20,2025-03-24 18:20:00,2025.0,3.0,segunda,18.0,noite,ES,CARIACICA,True,101.0,BR-101,289.0,-20.28570697,-40.39260864,Condutor deixou de manter distância do veículo da frente,Colisão lateral mesmo sentido,Com Vítimas Feridas,Plena Noite,Crescente,Céu Claro,Dupla,Reta,Não,0.0,1.0,0.0,1.0,1.0,0.0,2.0,2.0,SPRF-ES,DEL01-ES,UOP01-DEL01-ES,1,grave
2025-03-24,20:38,2025-03-24 20:38:00,2025.0,3.0,segunda,20.0,noite,ES,VILA VELHA,True,101.0,BR-101,314.0,-20.46473,-40.46539,Reação tardia ou ineficiente do condutor,Queda de ocupante de veículo,Com Vítimas Feridas,Plena Noite,Decrescente,Ignorado,Dupla,Reta,Não,0.0,0.0,1.0,1.0,0.0,0.0,1.0,1.0,SPRF-ES,DEL01-ES,UOP01-DEL01-ES,0,moderado
2025-03-25,07:30,2025-03-25 07:30:00,2025.0,3.0,terca,7.0,manha,ES,CONCEICAO DO CASTELO,False,262.0,BR-262,119.0,-20.3088403,-41.23399448,Reação tardia ou ineficiente do condutor,Colisão traseira,Sem Vítimas,Pleno dia,Crescente,Nublado,Simples,Reta,Não,0.0,0.0,0.0,0.0,2.0,0.0,2.0,2.0,SPRF-ES,DEL01-ES,UOP02-DEL01-ES,0,baixo
2025-03-25,08:00,2025-03-25 08:00:00,2025.0,3.0,terca,8.0,manha,ES,SERRA,True,101.0,BR-101,269.6,-20.223273,-40.270356,Acessar a via sem observar a presença dos outros veículos,Atropelamento de Pedestre,Com Vítimas Feridas,Pleno dia,Decrescente,Sol,Múltipla,Reta,Sim,0.0,0.0,1.0,1.0,1.0,0.0,2.0,2.0,SPRF-ES,DEL02-ES,UOP01-DEL02-ES,0,moderado
2025-03-25,09:15,2025-03-25 09:15:00,2025.0,3.0,terca,9.0,manha,ES,MARECHAL FLORIANO,False,262.0,BR-262,43.8,-20.38780657,-40.66830754,Acessar a via sem observar a presença dos outros veículos,Colisão transversal,Com Vítimas Feridas,Pleno dia,Decrescente,Sol,Simples,Reta,Não,0.0,0.0,1.0,1.0,1.0,0.0,2.0,2.0,SPRF-ES,DEL01-ES,UOP01-DEL01-ES,0,moderado
2025-02-09,19:00,2025-02-09 19:00:00,2025.0,2.0,domingo,19.0,noite,ES,SAO MATEUS,False,101.0,BR-101,71.8,-18.753513,-39.862598,Ausência de reação do condutor,Colisão traseira,Com Vítimas Feridas,Plena Noite,Decrescente,Nublado,Simples,Reta,Não,0.0,1.0,0.0,1.0,3.0,0.0,2.0,4.0,SPRF-ES,DEL04-ES,UOP02-DEL04-ES,1,grave
2025-03-25,18:00,2025-03-25 18:00:00,2025.0,3.0,terca,18.0,noite,ES,CARIACICA,True,101.0,BR-101,286.5,-20.25546261,-40.37550319,Reação tardia ou ineficiente do condutor,Tombamento,Com Vítimas Feridas,Anoitecer,Crescente,Céu Claro,Dupla,Reta,Sim,0.0,0.0,2.0,2.0,0.0,0.0,1.0,2.0,SPRF-ES,DEL01-ES,UOP01-DEL01-ES,0,moderado
2025-03-25,17:00,2025-03-25 17:00:00,2025.0,3.0,terca,17.0,tarde,ES,SERRA,True,101.0,BR-101,264.0,-20.176899,-40.265692,Reação tardia ou ineficiente do condutor,Colisão traseira,Com Vítimas Feridas,Anoitecer,Decrescente,Céu Claro,Dupla,Reta,Não,0.0,0.0,1.0,1.0,2.0,0.0,2.0,3.0,SPRF-ES,DEL02-ES,UOP01-DEL02-ES,0,moderado
2025-03-25,22:00,2025-03-25 22:00:00,2025.0,3.0,terca,22.0,noite,ES,VIANA,True,101.0,BR-101,306.5,-20.39658675,-40.45781541,Demais falhas mecânicas ou elétricas,Incêndio,Sem Vítimas,Plena Noite,Decrescente,Nublado,Dupla,Reta,Não,0.0,0.0,0.0,0.0,1.0,0.0,1.0,1.0,SPRF-ES,DEL01-ES,UOP01-DEL01-ES,0,baixo
2025-03-26,00:30,2025-03-26 00:30:00,2025.0,3.0,quarta,0.0,madrugada,ES,SERRA,True,101.0,BR-101,270.4,-20.04885,-40.3866983,Acesso irregular,Colisão frontal,Sem Vítimas,Plena Noite,Crescente,Céu Claro,Múltipla,Interseção de Vias,Sim,0.0,0.0,0.0,0.0,2.0,0.0,2.0,2.0,SPRF-ES,DEL02-ES,UOP01-DEL02-ES,0,baixo
2025-03-26,07:00,2025-03-26 07:00:00,2025.0,3.0,quarta,7.0,manha,ES,DOMINGOS MARTINS,False,262.0,BR-262,30.0,-20.373901,-40.564398,Velocidade Incompatível,Tombamento,Com Vítimas Feridas,Pleno dia,Crescente,Nublado,Dupla,Curva,Não,0.0,1.0,0.0,1.0,0.0,0.0,1.0,1.0,SPRF-ES,DEL01-ES,UOP01-DEL01-ES,1,grave
2025-03-26,19:20,2025-03-26 19:20:00,2025.0,3.0,quarta,19.0,noite,ES,IBATIBA,False,262.0,BR-262,152.0,-20.21835445,-41.45132446,Ultrapassagem Indevida,Colisão frontal,Com Vítimas Feridas,Plena Noite,Crescente,Nublado,Simples,Reta,Não,0.0,1.0,0.0,1.0,1.0,0.0,2.0,2.0,SPRF-ES,DEL01-ES,UOP02-DEL01-ES,1,grave
2025-03-27,10:00,2025-03-27 10:00:00,2025.0,3.0,quinta,10.0,manha,ES,COLATINA,False,259.0,BR-259,53.2,-19.497598,-40.632983,Demais falhas mecânicas ou elétricas,Incêndio,Sem Vítimas,Pleno dia,Crescente,Céu Claro,Dupla,Aclive;Reta,Não,0.0,0.0,0.0,0.0,1.0,0.0,1.0,1.0,SPRF-ES,DEL02-ES,UOP01-DEL02-ES,0,baixo
2025-03-27,18:50,2025-03-27 18:50:00,2025.0,3.0,quinta,18.0,noite,ES,LINHARES,False,101.0,BR-101,143.9,-19.34719172,-40.06360352,Reação tardia ou ineficiente do condutor,Colisão transversal,Com Vítimas Feridas,Plena Noite,Decrescente,Céu Claro,Simples,Reta,Sim,0.0,0.0,3.0,3.0,0.0,0.0,2.0,3.0,SPRF-ES,DEL04-ES,UOP01-DEL04-ES,0,moderado
2025-03-28,06:40,2025-03-28 06:40:00,2025.0,3.0,sexta,6.0,manha,ES,CARIACICA,True,262.0,BR-262,0.8,-20.3300629,-40.354654,Condutor deixou de manter distância do veículo da frente,Colisão traseira,Com Vítimas Feridas,Pleno dia,Decrescente,Sol,Dupla,Reta;Ponte;Interseção de Vias,Sim,0.0,0.0,1.0,1.0,1.0,0.0,2.0,2.0,SPRF-ES,DEL01-ES,UOP01-DEL01-ES,0,moderado
2025-03-28,08:40,2025-03-28 08:40:00,2025.0,3.0,sexta,8.0,manha,ES,VIANA,True,101.0,BR-101,300.0,-20.36888318,-40.44385845,Acumulo de areia ou detritos sobre o pavimento,Tombamento,Com Vítimas Feridas,Pleno dia,Decrescente,Céu Claro,Múltipla,Viaduto,Sim,0.0,0.0,1.0,1.0,1.0,0.0,1.0,2.0,SPRF-ES,DEL01-ES,UOP01-DEL01-ES,0,moderado
2025-03-28,08:48,2025-03-28 08:48:00,2025.0,3.0,sexta,8.0,manha,ES,JOAO NEIVA,False,259.0,BR-259,12.5,-19.64721,-40.41098833,Ultrapassagem Indevida,Colisão frontal,Com Vítimas Feridas,Pleno dia,Decrescente,Sol,Simples,Declive;Reta,Não,0.0,4.0,1.0,5.0,0.0,0.0,2.0,5.0,SPRF-ES,DEL02-ES,UOP01-DEL02-ES,1,grave
2025-03-28,11:40,2025-03-28 11:40:00,2025.0,3.0,sexta,11.0,manha,ES,CARIACICA,True,101.0,BR-101,295.6,-20.33628185,-40.40247029,Reação tardia ou ineficiente do condutor,Queda de ocupante de veículo,Com Vítimas Feridas,Pleno dia,Crescente,Céu Claro,Múltipla,Reta,Sim,0.0,0.0,1.0,1.0,0.0,0.0,1.0,1.0,SPRF-ES,DEL01-ES,UOP01-DEL01-ES,0,moderado
2025-03-28,13:30,2025-03-28 13:30:00,2025.0,3.0,sexta,13.0,tarde,ES,CARIACICA,True,101.0,BR-101,292.8,-20.311744,-40.395167,Acesso irregular,Colisão lateral mesmo sentido,Com Vítimas Feridas,Pleno dia,Crescente,Sol,Múltipla,Reta,Sim,0.0,0.0,2.0,2.0,1.0,0.0,2.0,3.0,SPRF-ES,DEL01-ES,UOP01-DEL01-ES,0,moderado
2025-03-28,17:40,2025-03-28 17:40:00,2025.0,3.0,sexta,17.0,tarde,ES,CARIACICA,True,101.0,BR-101,283.0,-20.242584,-40.369826,Reação tardia ou ineficiente do condutor,Tombamento,Com Vítimas Feridas,Anoitecer,Crescente,Céu Claro,Múltipla,Reta,Sim,0.0,1.0,1.0,2.0,0.0,0.0,1.0,2.0,SPRF-ES,DEL01-ES,UOP01-DEL01-ES,1,grave
2025-03-28,18:20,2025-03-28 18:20:00,2025.0,3.0,sexta,18.0,noite,ES,VENDA NOVA DO IMIGRANTE,False,262.0,BR-262,104.7,-20.325957,-41.136038,Reação tardia ou ineficiente do condutor,Colisão traseira,Com Vítimas Feridas,Plena Noite,Crescente,Céu Claro,Simples,Reta,Sim,0.0,0.0,1.0,1.0,1.0,0.0,2.0,2.0,SPRF-ES,DEL01-ES,UOP02-DEL01-ES,0,moderado
2025-03-28,21:20,2025-03-28 21:20:00,2025.0,3.0,sexta,21.0,noite,ES,SERRA,True,101.0,BR-101,241.0,-20.02616333,-40.39835,Transitar na contramão,Colisão frontal,Com Vítimas Feridas,Plena Noite,Crescente,Céu Claro,Simples,Reta,Não,0.0,1.0,0.0,1.0,1.0,0.0,2.0,2.0,SPRF-ES,DEL02-ES,UOP01-DEL02-ES,1,grave
2025-03-29,07:50,2025-03-29 07:50:00,2025.0,3.0,sabado,7.0,manha,ES,COLATINA,False,259.0,BR-259,60.9,-19.533361,-40.684874,Condutor deixou de manter distância do veículo da frente,Tombamento,Com Vítimas Feridas,Pleno dia,Decrescente,Céu Claro,Dupla,Curva,Sim,0.0,0.0,1.0,1.0,1.0,1.0,2.0,3.0,SPRF-ES,DEL02-ES,UOP01-DEL02-ES,0,moderado
2025-03-29,13:20,2025-03-29 13:20:00,2025.0,3.0,sabado,13.0,tarde,ES,JOAO NEIVA,False,259.0,BR-259,8.5,-19.67734105,-40.39954744,Reação tardia ou ineficiente do condutor,Tombamento,Com Vítimas Feridas,Pleno dia,Crescente,Céu Claro,Simples,Reta,Não,0.0,1.0,0.0,1.0,0.0,0.0,1.0,1.0,SPRF-ES,DEL02-ES,UOP01-DEL02-ES,1,grave
2025-03-29,15:43,2025-03-29 15:43:00,2025.0,3.0,sabado,15.0,tarde,ES,SERRA,True,101.0,BR-101,281.9,-20.226233,-40.363418,Demais falhas mecânicas ou elétricas,Tombamento,Com Vítimas Feridas,Pleno dia,Crescente,Sol,Dupla,Reta,Não,0.0,0.0,2.0,2.0,0.0,0.0,1.0,2.0,SPRF-ES,DEL02-ES,UOP01-DEL02-ES,0,moderado
2025-03-29,19:35,2025-03-29 19:35:00,2025.0,3.0,sabado,19.0,noite,ES,CARIACICA,True,101.0,BR-101,288.9,-20.278582,-40.392597,Reação tardia ou ineficiente do condutor,Colisão traseira,Com Vítimas Feridas,Plena Noite,Decrescente,Céu Claro,Dupla,Reta,Sim,0.0,2.0,0.0,2.0,1.0,0.0,2.0,3.0,SPRF-ES,DEL01-ES,UOP01-DEL01-ES,1,grave
2025-03-29,20:40,2025-03-29 20:40:00,2025.0,3.0,sabado,20.0,noite,ES,DOMINGOS MARTINS,False,262.0,BR-262,73.6,-20.41003037,-40.88822722,Velocidade Incompatível,Colisão lateral sentido oposto,Sem Vítimas,Plena Noite,Crescente,Nublado,Simples,Curva,Não,0.0,0.0,0.0,0.0,2.0,0.0,2.0,2.0,SPRF-ES,DEL01-ES,UOP02-DEL01-ES,0,baixo
2025-03-30,11:00,2025-03-30 11:00:00,2025.0,3.0,domingo,11.0,manha,ES,MARECHAL FLORIANO,False,262.0,BR-262,53.0,-20.40720983,-40.73587239,Reação tardia ou ineficiente do condutor,Colisão lateral sentido oposto,Sem Vítimas,Pleno dia,Crescente,Céu Claro,Simples,Curva,Não,0.0,0.0,0.0,0.0,2.0,0.0,2.0,2.0,SPRF-ES,DEL01-ES,UOP01-DEL01-ES,0,baixo
2025-03-30,18:15,2025-03-30 18:15:00,2025.0,3.0,domingo,18.0,noite,ES,IBIRACU,False,101.0,BR-101,212.9,-19.8193927,-40.36785007,Acessar a via sem observar a presença dos outros veículos,Colisão transversal,Com Vítimas Feridas,Plena Noite,Crescente,Céu Claro,Simples,Reta,Sim,0.0,0.0,2.0,2.0,0.0,1.0,2.0,3.0,SPRF-ES,DEL02-ES,UOP01-DEL02-ES,0,moderado
2025-03-30,18:40,2025-03-30 18:40:00,2025.0,3.0,domingo,18.0,noite,ES,LINHARES,False,101.0,BR-101,166.1,-19.521247,-40.1461374,Acessar a via sem observar a presença dos outros veículos,Colisão transversal,Com Vítimas Fatais,Plena Noite,Crescente,Céu Claro,Simples,Reta,Não,1.0,0.0,1.0,1.0,0.0,0.0,2.0,2.0,SPRF-ES,DEL04-ES,UOP01-DEL04-ES,1,fatal
2025-03-30,18:00,2025-03-30 18:00:00,2025.0,3.0,domingo,18.0,noite,ES,CACHOEIRO DE ITAPEMIRIM,False,393.0,BR-393,8.2,-20.82919554,-41.20606408,Reação tardia ou ineficiente do condutor,Tombamento,Com Vítimas Feridas,Plena Noite,Decrescente,Céu Claro,Simples,Declive,Não,0.0,1.0,0.0,1.0,0.0,0.0,1.0,1.0,SPRF-ES,DEL03-ES,UOP02-DEL03-ES,1,grave
2025-03-30,19:40,2025-03-30 19:40:00,2025.0,3.0,domingo,19.0,noite,ES,ITAPEMIRIM,False,101.0,BR-101,415.7,-20.93871975,-41.08269626,Transitar no Acostamento,Atropelamento de Pedestre,Com Vítimas Feridas,Plena Noite,Crescente,Céu Claro,Simples,Reta,Não,0.0,0.0,1.0,1.0,0.0,1.0,2.0,2.0,SPRF-ES,DEL03-ES,UOP02-DEL03-ES,0,moderado
2025-03-30,21:00,2025-03-30 21:00:00,2025.0,3.0,domingo,21.0,noite,ES,SERRA,True,101.0,BR-101,280.6,-20.21838846,-40.34145355,Condutor Dormindo,Capotamento,Com Vítimas Feridas,Plena Noite,Crescente,Céu Claro,Dupla,Reta,Não,0.0,0.0,3.0,3.0,0.0,0.0,1.0,3.0,SPRF-ES,DEL02-ES,UOP01-DEL02-ES,0,moderado
2025-03-31,08:55,2025-03-31 08:55:00,2025.0,3.0,segunda,8.0,manha,ES,SERRA,True,101.0,BR-101,260.7,-20.1465779,-40.2821566,Condutor deixou de manter distância do veículo da frente,Colisão traseira,Com Vítimas Feridas,Pleno dia,Crescente,Céu Claro,Dupla,Curva,Sim,0.0,0.0,1.0,1.0,1.0,0.0,2.0,2.0,SPRF-ES,DEL02-ES,UOP01-DEL02-ES,0,moderado
2025-03-31,11:30,2025-03-31 11:30:00,2025.0,3.0,segunda,11.0,manha,ES,SERRA,True,101.0,BR-101,260.7,-20.148073,-40.280028,Reação tardia ou ineficiente do condutor,Tombamento,Com Vítimas Feridas,Pleno dia,Crescente,Céu Claro,Simples,Curva,Não,0.0,0.0,1.0,1.0,0.0,0.0,1.0,1.0,SPRF-ES,DEL02-ES,UOP01-DEL02-ES,0,moderado
2025-03-31,22:30,2025-03-31 22:30:00,2025.0,3.0,segunda,22.0,noite,ES,LINHARES,False,101.0,BR-101,140.5,-19.36275143,-40.06493014,Condutor desrespeitou a iluminação vermelha do semáforo,Colisão transversal,Com Vítimas Feridas,Plena Noite,Crescente,Céu Claro,Simples,Interseção de Vias,Sim,0.0,0.0,1.0,1.0,1.0,0.0,2.0,2.0,SPRF-ES,DEL04-ES,UOP01-DEL04-ES,0,moderado
2025-04-01,04:40,2025-04-01 04:40:00,2025.0,4.0,terca,4.0,madrugada,ES,LINHARES,False,101.0,BR-101,159.1,-19.47016756,-40.11122162,Acessar a via sem observar a presença dos outros veículos,Colisão transversal,Com Vítimas Feridas,Amanhecer,Crescente,Céu Claro,Simples,Interseção de Vias,Não,0.0,0.0,1.0,1.0,1.0,0.0,2.0,2.0,SPRF-ES,DEL04-ES,UOP01-DEL04-ES,0,moderado
2025-04-01,14:44,2025-04-01 14:44:00,2025.0,4.0,terca,14.0,tarde,ES,CARIACICA,True,101.0,BR-101,288.4,-20.274991,-40.392349,Ausência de reação do condutor,Saída de leito carroçável,Com Vítimas Feridas,Pleno dia,Crescente,Sol,Dupla,Reta,Sim,0.0,0.0,2.0,2.0,0.0,0.0,1.0,2.0,SPRF-ES,DEL01-ES,UOP01-DEL01-ES,0,moderado
2025-04-01,18:36,2025-04-01 18:36:00,2025.0,4.0,terca,18.0,noite,ES,CARIACICA,True,101.0,BR-101,292.5,-20.30610061,-40.39505151,Desrespeitar a preferência no cruzamento,Colisão transversal,Com Vítimas Feridas,Plena Noite,Crescente,Nublado,Dupla,Reta;Retorno Regulamentado,Sim,0.0,0.0,1.0,1.0,1.0,0.0,2.0,2.0,SPRF-ES,DEL01-ES,UOP01-DEL01-ES,0,moderado
2025-04-01,21:48,2025-04-01 21:48:00,2025.0,4.0,terca,21.0,noite,ES,DOMINGOS MARTINS,False,262.0,BR-262,87.9,-20.391672,-41.009276,Ultrapassagem Indevida,Colisão frontal,Com Vítimas Fatais,Plena Noite,Crescente,Céu Claro,Simples,Reta,Não,1.0,1.0,2.0,3.0,0.0,0.0,2.0,4.0,SPRF-ES,DEL01-ES,UOP02-DEL01-ES,1,fatal
2025-04-02,06:25,2025-04-02 06:25:00,2025.0,4.0,quarta,6.0,manha,ES,LINHARES,False,101.0,BR-101,141.9,-19.33477085,-40.06725485,Reação tardia ou ineficiente do condutor,Atropelamento de Animal,Com Vítimas Feridas,Pleno dia,Decrescente,Céu Claro,Dupla,Reta,Não,0.0,0.0,1.0,1.0,0.0,0.0,1.0,1.0,SPRF-ES,DEL04-ES,UOP01-DEL04-ES,0,moderado
2025-04-02,10:50,2025-04-02 10:50:00,2025.0,4.0,quarta,10.0,manha,ES,SERRA,True,101.0,BR-101,270.0,-20.0488586,-40.386697,Acumulo de areia ou detritos sobre o pavimento,Queda de ocupante de veículo,Com Vítimas Feridas,Pleno dia,Crescente,Céu Claro,Dupla,Curva,Sim,0.0,0.0,1.0,1.0,0.0,0.0,1.0,1.0,SPRF-ES,DEL02-ES,UOP01-DEL02-ES,0,moderado
2025-04-02,12:50,2025-04-02 12:50:00,2025.0,4.0,quarta,12.0,tarde,ES,SERRA,True,101.0,BR-101,254.0,-20.112009,-40.325225,Ausência de reação do condutor,Colisão com objeto,Com Vítimas Feridas,Pleno dia,Decrescente,Céu Claro,Simples,Reta,Sim,0.0,0.0,1.0,1.0,0.0,0.0,1.0,1.0,SPRF-ES,DEL02-ES,UOP01-DEL02-ES,0,moderado
2025-04-02,15:20,2025-04-02 15:20:00,2025.0,4.0,quarta,15.0,tarde,ES,SERRA,True,101.0,BR-101,266.5,-20.195745,-40.268515,Ausência de reação do condutor,Colisão lateral sentido oposto,Com Vítimas Feridas,Pleno dia,Decrescente,Sol,Múltipla,Reta,Sim,0.0,1.0,0.0,1.0,1.0,0.0,2.0,2.0,SPRF-ES,DEL02-ES,UOP01-DEL02-ES,1,grave
2025-04-02,12:00,2025-04-02 12:00:00,2025.0,4.0,quarta,12.0,tarde,ES,IBATIBA,False,262.0,BR-262,159.2,-20.2347554,-41.5071772,Acessar a via sem observar a presença dos outros veículos,Colisão transversal,Com Vítimas Feridas,Pleno dia,Crescente,Céu Claro,Simples,Reta,Sim,0.0,0.0,1.0,1.0,1.0,0.0,2.0,2.0,SPRF-ES,DEL01-ES,UOP02-DEL01-ES,0,moderado
2025-04-02,17:20,2025-04-02 17:20:00,2025.0,4.0,quarta,17.0,tarde,ES,SAO MATEUS,False,101.0,BR-101,63.8,-18.69499277,-39.86432076,Transitar no Acostamento,Colisão transversal,Com Vítimas Feridas,Pleno dia,Crescente,Céu Claro,Simples,Declive,Não,0.0,0.0,1.0,1.0,1.0,0.0,2.0,2.0,SPRF-ES,DEL04-ES,UOP02-DEL04-ES,0,moderado
2025-04-02,18:25,2025-04-02 18:25:00,2025.0,4.0,quarta,18.0,noite,ES,CARIACICA,True,101.0,BR-101,295.1,-20.3334435,-40.4010046,Entrada inopinada do pedestre,Atropelamento de Pedestre,Com Vítimas Feridas,Plena Noite,Decrescente,Céu Claro,Dupla,Reta,Sim,0.0,1.0,0.0,1.0,1.0,0.0,2.0,2.0,SPRF-ES,DEL01-ES,UOP01-DEL01-ES,1,grave
2025-04-02,19:20,2025-04-02 19:20:00,2025.0,4.0,quarta,19.0,noite,ES,SERRA,True,101.0,BR-101,266.6,-20.048857,-40.3867007,Pedestre andava na pista,Queda de ocupante de veículo,Com Vítimas Feridas,Plena Noite,Crescente,Céu Claro,Múltipla,Reta,Sim,0.0,0.0,1.0,1.0,0.0,0.0,1.0,1.0,SPRF-ES,DEL02-ES,UOP01-DEL02-ES,0,moderado
2025-04-02,22:10,2025-04-02 22:10:00,2025.0,4.0,quarta,22.0,noite,ES,SERRA,True,101.0,BR-101,267.9,-20.20706,-40.269677,Acessar a via sem observar a presença dos outros veículos,Colisão lateral mesmo sentido,Com Vítimas Feridas,Plena Noite,Crescente,Céu Claro,Múltipla,Reta,Sim,0.0,0.0,2.0,2.0,1.0,0.0,2.0,3.0,SPRF-ES,DEL02-ES,UOP01-DEL02-ES,0,moderado
2025-04-02,21:30,2025-04-02 21:30:00,2025.0,4.0,quarta,21.0,noite,ES,RIO NOVO DO SUL,False,101.0,BR-101,385.8,-20.84093767,-40.87172706,Condutor Dormindo,Saída de leito carroçável,Com Vítimas Feridas,Plena Noite,Decrescente,Céu Claro,Simples,Curva,Não,0.0,0.0,1.0,1.0,0.0,0.0,1.0,1.0,SPRF-ES,DEL03-ES,UOP01-DEL03-ES,0,moderado
2025-04-03,05:00,2025-04-03 05:00:00,2025.0,4.0,quinta,5.0,madrugada,ES,LINHARES,False,101.0,BR-101,140.1,-19.31773102,-40.07555485,Reação tardia ou ineficiente do condutor,Colisão traseira,Com Vítimas Feridas,Amanhecer,Decrescente,Céu Claro,Múltipla,Reta,Sim,0.0,0.0,1.0,1.0,0.0,1.0,2.0,2.0,SPRF-ES,DEL04-ES,UOP01-DEL04-ES,0,moderado
2025-04-03,11:49,2025-04-03 11:49:00,2025.0,4.0,quinta,11.0,manha,ES,LINHARES,False,101.0,BR-101,148.8,-19.39885714,-40.06305957,Manobra de mudança de faixa,Colisão lateral mesmo sentido,Com Vítimas Feridas,Pleno dia,Crescente,Céu Claro,Múltipla,Reta,Não,0.0,0.0,1.0,1.0,1.0,0.0,2.0,2.0,SPRF-ES,DEL04-ES,UOP01-DEL04-ES,0,moderado
2025-04-03,12:20,2025-04-03 12:20:00,2025.0,4.0,quinta,12.0,tarde,ES,VENDA NOVA DO IMIGRANTE,False,262.0,BR-262,112.0,-20.335994,-41.203531,Conversão proibida,Colisão transversal,Com Vítimas Feridas,Pleno dia,Crescente,Céu Claro,Simples,Reta,Não,0.0,0.0,1.0,1.0,1.0,0.0,2.0,2.0,SPRF-ES,DEL01-ES,UOP02-DEL01-ES,0,moderado
2025-04-03,12:00,2025-04-03 12:00:00,2025.0,4.0,quinta,12.0,tarde,ES,SAO MATEUS,False,101.0,BR-101,72.0,-18.764004,-39.86383,Ausência de reação do condutor,Tombamento,Com Vítimas Feridas,Pleno dia,Crescente,Céu Claro,Simples,Curva,Não,0.0,0.0,1.0,1.0,0.0,0.0,1.0,1.0,SPRF-ES,DEL04-ES,UOP02-DEL04-ES,0,moderado
2025-04-03,15:00,2025-04-03 15:00:00,2025.0,4.0,quinta,15.0,tarde,ES,SERRA,True,101.0,BR-101,267.9,-20.2063692,-40.26911728,Ausência de reação do condutor,Colisão traseira,Com Vítimas Feridas,Pleno dia,Decrescente,Céu Claro,Dupla,Reta,Sim,0.0,0.0,1.0,1.0,1.0,0.0,2.0,2.0,SPRF-ES,DEL02-ES,UOP01-DEL02-ES,0,moderado
2025-04-03,18:30,2025-04-03 18:30:00,2025.0,4.0,quinta,18.0,noite,ES,LINHARES,False,101.0,BR-101,170.8,-19.55645948,-40.17278435,Reação tardia ou ineficiente do condutor,Colisão com objeto,Com Vítimas Feridas,Plena Noite,Decrescente,Céu Claro,Simples,Retorno Regulamentado,Sim,0.0,0.0,1.0,1.0,0.0,0.0,1.0,1.0,SPRF-ES,DEL04-ES,UOP01-DEL04-ES,0,moderado
2025-04-03,18:35,2025-04-03 18:35:00,2025.0,4.0,quinta,18.0,noite,ES,SERRA,True,101.0,BR-101,259.5,-20.14636266,-40.28823607,Velocidade Incompatível,Colisão traseira,Com Vítimas Feridas,Anoitecer,Decrescente,Ignorado,Dupla,Curva,Não,0.0,0.0,1.0,1.0,1.0,0.0,2.0,2.0,SPRF-ES,DEL02-ES,UOP01-DEL02-ES,0,moderado
2025-04-04,13:45,2025-04-04 13:45:00,2025.0,4.0,sexta,13.0,tarde,ES,SERRA,True,101.0,BR-101,267.1,-20.20097028,-40.26926994,Ausência de reação do condutor,Colisão traseira,Com Vítimas Feridas,Pleno dia,Crescente,Céu Claro,Múltipla,Reta,Sim,0.0,0.0,1.0,1.0,0.0,1.0,2.0,2.0,SPRF-ES,DEL02-ES,UOP01-DEL02-ES,0,moderado
2025-04-04,16:00,2025-04-04 16:00:00,2025.0,4.0,sexta,16.0,tarde,ES,IBIRACU,False,101.0,BR-101,221.4,-19.867988,-40.404121,Reação tardia ou ineficiente do condutor,Engavetamento,Com Vítimas Feridas,Pleno dia,Decrescente,Céu Claro,Simples,Reta,Sim,0.0,0.0,1.0,1.0,3.0,0.0,3.0,4.0,SPRF-ES,DEL02-ES,UOP01-DEL02-ES,0,moderado
2025-04-04,16:00,2025-04-04 16:00:00,2025.0,4.0,sexta,16.0,tarde,ES,SERRA,True,101.0,BR-101,268.5,-20.21476333,-40.26998833,Pedestre cruzava a pista fora da faixa,Atropelamento de Pedestre,Com Vítimas Feridas,Pleno dia,Crescente,Sol,Múltipla,Reta,Sim,0.0,0.0,2.0,2.0,0.0,0.0,2.0,2.0,SPRF-ES,DEL02-ES,UOP01-DEL02-ES,0,moderado
2025-04-04,22:30,2025-04-04 22:30:00,2025.0,4.0,sexta,22.0,noite,ES,LINHARES,False,101.0,BR-101,132.5,-19.35188295,-40.0636685,Transitar na contramão,Colisão lateral sentido oposto,Com Vítimas Feridas,Plena Noite,Crescente,Céu Claro,Simples,Reta,Não,0.0,1.0,0.0,1.0,1.0,0.0,2.0,2.0,SPRF-ES,DEL04-ES,UOP01-DEL04-ES,1,grave
2025-04-05,07:35,2025-04-05 07:35:00,2025.0,4.0,sabado,7.0,manha,ES,SERRA,True,101.0,BR-101,270.7,-20.23250385,-40.2762961,Condutor deixou de manter distância do veículo da frente,Colisão traseira,Com Vítimas Feridas,Pleno dia,Crescente,Nublado,Dupla,Curva,Sim,0.0,1.0,0.0,1.0,1.0,0.0,2.0,2.0,SPRF-ES,DEL02-ES,UOP01-DEL02-ES,1,grave
2025-04-05,10:13,2025-04-05 10:13:00,2025.0,4.0,sabado,10.0,manha,ES,CARIACICA,True,101.0,BR-101,297.0,-20.345774,-40.410576,Acesso irregular,Colisão lateral mesmo sentido,Com Vítimas Feridas,Pleno dia,Decrescente,Céu Claro,Dupla,Curva;Aclive;Interseção de Vias,Sim,0.0,1.0,1.0,2.0,1.0,0.0,2.0,3.0,SPRF-ES,DEL01-ES,UOP01-DEL01-ES,1,grave
2025-04-05,19:15,2025-04-05 19:15:00,2025.0,4.0,sabado,19.0,noite,ES,COLATINA,False,259.0,BR-259,61.6,-19.5296775,-40.6925889,Ingestão de álcool pelo condutor,Colisão transversal,Com Vítimas Feridas,Plena Noite,Crescente,Nublado,Simples,Reta,Não,0.0,1.0,2.0,3.0,0.0,1.0,2.0,4.0,SPRF-ES,DEL02-ES,UOP01-DEL02-ES,1,grave
2025-04-05,21:00,2025-04-05 21:00:00,2025.0,4.0,sabado,21.0,noite,ES,COLATINA,False,259.0,BR-259,55.0,-19.50134934,-40.62826227,Conversão proibida,Colisão lateral sentido oposto,Com Vítimas Feridas,Plena Noite,Crescente,Nublado,Simples,Curva,Sim,0.0,0.0,1.0,1.0,0.0,1.0,2.0,2.0,SPRF-ES,DEL02-ES,UOP01-DEL02-ES,0,moderado
2025-04-06,00:28,2025-04-06 00:28:00,2025.0,4.0,domingo,0.0,madrugada,ES,IBATIBA,False,262.0,BR-262,162.0,-20.2351362,-41.5299927,Ultrapassagem Indevida,Colisão lateral mesmo sentido,Com Vítimas Feridas,Plena Noite,Crescente,Céu Claro,Simples,Curva,Não,0.0,1.0,1.0,2.0,0.0,1.0,2.0,3.0,SPRF-ES,DEL01-ES,UOP02-DEL01-ES,1,grave
2025-04-06,07:00,2025-04-06 07:00:00,2025.0,4.0,domingo,7.0,manha,ES,SERRA,True,101.0,BR-101,267.0,-20.205417,-40.269545,Ausência de reação do condutor,Colisão traseira,Com Vítimas Feridas,Pleno dia,Crescente,Garoa/Chuvisco,Múltipla,Reta,Sim,0.0,2.0,0.0,2.0,1.0,0.0,2.0,3.0,SPRF-ES,DEL02-ES,UOP01-DEL02-ES,1,grave
2025-04-06,10:26,2025-04-06 10:26:00,2025.0,4.0,domingo,10.0,manha,ES,DOMINGOS MARTINS,False,262.0,BR-262,41.0,-20.38480015,-40.64425042,Velocidade Incompatível,Saída de leito carroçável,Com Vítimas Feridas,Pleno dia,Crescente,Chuva,Dupla,Aclive;Curva,Não,0.0,1.0,0.0,1.0,0.0,0.0,1.0,1.0,SPRF-ES,DEL01-ES,UOP01-DEL01-ES,1,grave
2025-04-06,10:00,2025-04-06 10:00:00,2025.0,4.0,domingo,10.0,manha,ES,LINHARES,False,101.0,BR-101,150.6,-19.40711212,-40.06402731,Condutor deixou de manter distância do veículo da frente,Colisão traseira,Com Vítimas Feridas,Pleno dia,Decrescente,Céu Claro,Múltipla,Interseção de Vias;Declive;Curva,Sim,0.0,1.0,2.0,3.0,1.0,0.0,2.0,4.0,SPRF-ES,DEL04-ES,UOP01-DEL04-ES,1,grave
2025-04-06,13:30,2025-04-06 13:30:00,2025.0,4.0,domingo,13.0,tarde,ES,SERRA,True,101.0,BR-101,268.2,-20.0488865,-40.3867121,Condutor deixou de manter distância do veículo da frente,Colisão traseira,Com Vítimas Feridas,Pleno dia,Crescente,Céu Claro,Múltipla,Reta,Sim,0.0,0.0,1.0,1.0,2.0,0.0,2.0,3.0,SPRF-ES,DEL02-ES,UOP01-DEL02-ES,0,moderado
2025-04-06,14:30,2025-04-06 14:30:00,2025.0,4.0,domingo,14.0,tarde,ES,DOMINGOS MARTINS,False,262.0,BR-262,87.0,-20.39614518,-40.99593094,Chuva,Tombamento,Com Vítimas Feridas,Pleno dia,Crescente,Chuva,Simples,Reta,Não,0.0,0.0,1.0,1.0,0.0,0.0,1.0,1.0,SPRF-ES,DEL01-ES,UOP02-DEL01-ES,0,moderado
2025-04-06,17:13,2025-04-06 17:13:00,2025.0,4.0,domingo,17.0,tarde,ES,LINHARES,False,101.0,BR-101,144.1,-19.35184157,-40.06355524,Manobra de mudança de faixa,Queda de ocupante de veículo,Com Vítimas Feridas,Pleno dia,Decrescente,Nublado,Múltipla,Reta,Sim,0.0,0.0,1.0,1.0,0.0,0.0,1.0,1.0,SPRF-ES,DEL04-ES,UOP01-DEL04-ES,0,moderado
2025-04-06,18:30,2025-04-06 18:30:00,2025.0,4.0,domingo,18.0,noite,ES,IBIRACU,False,101.0,BR-101,209.1,-19.79174,-40.37139,Condutor deixou de manter distância do veículo da frente,Colisão traseira,Com Vítimas Feridas,Plena Noite,Decrescente,Chuva,Simples,Reta,Não,0.0,0.0,3.0,3.0,1.0,0.0,2.0,4.0,SPRF-ES,DEL02-ES,UOP01-DEL02-ES,0,moderado
2025-04-06,19:36,2025-04-06 19:36:00,2025.0,4.0,domingo,19.0,noite,ES,SAO MATEUS,False,101.0,BR-101,18.0,-18.6489235,-39.8735974,Ausência de reação do condutor,Eventos atípicos,Com Vítimas Feridas,Anoitecer,Crescente,Céu Claro,Dupla,Reta,Não,0.0,0.0,1.0,1.0,0.0,0.0,1.0,1.0,SPRF-ES,DEL04-ES,UOP02-DEL04-ES,0,moderado
2025-04-07,06:45,2025-04-07 06:45:00,2025.0,4.0,segunda,6.0,manha,ES,GUARAPARI,True,101.0,BR-101,336.0,-20.6635008,-40.6061056,Chuva,Saída de leito carroçável,Com Vítimas Feridas,Amanhecer,Decrescente,Chuva,Dupla,Aclive;Reta,Não,0.0,0.0,1.0,1.0,1.0,0.0,1.0,2.0,SPRF-ES,DEL03-ES,UOP01-DEL03-ES,0,moderado
2025-04-07,08:20,2025-04-07 08:20:00,2025.0,4.0,segunda,8.0,manha,ES,SERRA,True,101.0,BR-101,267.6,-20.20282998,-40.26916589,Manobra de mudança de faixa,Colisão lateral mesmo sentido,Com Vítimas Feridas,Pleno dia,Crescente,Chuva,Dupla,Reta,Sim,0.0,0.0,1.0,1.0,2.0,0.0,2.0,3.0,SPRF-ES,DEL02-ES,UOP01-DEL02-ES,0,moderado
2025-04-07,08:50,2025-04-07 08:50:00,2025.0,4.0,segunda,8.0,manha,ES,GUARAPARI,True,101.0,BR-101,335.4,-20.62941055,-40.53711534,Chuva,Saída de leito carroçável,Com Vítimas Feridas,Pleno dia,Decrescente,Chuva,Dupla,Aclive;Curva,Não,0.0,0.0,1.0,1.0,1.0,0.0,1.0,2.0,SPRF-ES,DEL03-ES,UOP01-DEL03-ES,0,moderado
2025-04-07,18:00,2025-04-07 18:00:00,2025.0,4.0,segunda,18.0,noite,ES,LINHARES,False,101.0,BR-101,144.8,-19.36038489,-40.06439209,Ausência de reação do condutor,Colisão traseira,Com Vítimas Feridas,Anoitecer,Crescente,Céu Claro,Dupla,Reta,Sim,0.0,0.0,1.0,1.0,1.0,0.0,2.0,2.0,SPRF-ES,DEL04-ES,UOP01-DEL04-ES,0,moderado
2025-04-08,08:55,2025-04-08 08:55:00,2025.0,4.0,terca,8.0,manha,ES,SERRA,True,101.0,BR-101,269.2,-20.22002047,-40.2702665,Manobra de mudança de faixa,Colisão lateral mesmo sentido,Com Vítimas Feridas,Pleno dia,Crescente,Sol,Múltipla,Reta,Sim,0.0,0.0,2.0,2.0,0.0,0.0,2.0,2.0,SPRF-ES,DEL02-ES,UOP01-DEL02-ES,0,moderado
2025-04-08,17:10,2025-04-08 17:10:00,2025.0,4.0,terca,17.0,tarde,ES,CARIACICA,True,101.0,BR-101,287.0,-20.25231936,-40.37333965,Acessar a via sem observar a presença dos outros veículos,Colisão transversal,Com Vítimas Feridas,Anoitecer,Crescente,Céu Claro,Dupla,Reta,Sim,0.0,0.0,1.0,1.0,1.0,0.0,2.0,2.0,SPRF-ES,DEL01-ES,UOP01-DEL01-ES,0,moderado
2025-04-08,17:50,2025-04-08 17:50:00,2025.0,4.0,terca,17.0,tarde,ES,IBIRACU,False,101.0,BR-101,215.8,-19.83920833,-40.38316333,Reação tardia ou ineficiente do condutor,Tombamento,Com Vítimas Feridas,Anoitecer,Crescente,Nublado,Simples,Reta,Não,0.0,0.0,1.0,1.0,0.0,0.0,1.0,1.0,SPRF-ES,DEL02-ES,UOP01-DEL02-ES,0,moderado
2025-04-09,06:30,2025-04-09 06:30:00,2025.0,4.0,quarta,6.0,manha,ES,COLATINA,False,259.0,BR-259,63.2,-19.522715,-40.707203,Reação tardia ou ineficiente do condutor,Colisão transversal,Com Vítimas Feridas,Pleno dia,Crescente,Céu Claro,Simples,Reta,Sim,0.0,1.0,1.0,2.0,1.0,0.0,2.0,3.0,SPRF-ES,DEL02-ES,UOP01-DEL02-ES,1,grave
2025-04-09,07:30,2025-04-09 07:30:00,2025.0,4.0,quarta,7.0,manha,ES,MARECHAL FLORIANO,False,262.0,BR-262,70.0,-20.415415,-40.867134,Reação tardia ou ineficiente do condutor,Colisão traseira,Com Vítimas Feridas,Pleno dia,Crescente,Céu Claro,Simples,Curva;Aclive,Não,0.0,0.0,1.0,1.0,1.0,0.0,2.0,2.0,SPRF-ES,DEL01-ES,UOP02-DEL01-ES,0,moderado
2025-04-09,09:20,2025-04-09 09:20:00,2025.0,4.0,quarta,9.0,manha,ES,VITORIA,True,0.0,BR-0,0.0,-20.28727685,-40.30412793,Condutor deixou de manter distância do veículo da frente,Colisão traseira,Sem Vítimas,Pleno dia,Não Informado,Céu Claro,Dupla,Reta,Sim,0.0,0.0,0.0,0.0,2.0,0.0,2.0,2.0,SPRF-ES,DEL02-ES,UOP01-DEL02-ES,0,baixo
2025-04-02,06:15,2025-04-02 06:15:00,2025.0,4.0,quarta,6.0,manha,ES,CONCEICAO DA BARRA,False,101.0,BR-101,36.0,-18.45953599,-39.92997939,Desrespeitar a preferência no cruzamento,Tombamento,Com Vítimas Feridas,Pleno dia,Decrescente,Céu Claro,Simples,Reta,Não,0.0,0.0,1.0,1.0,1.0,0.0,2.0,2.0,SPRF-ES,DEL04-ES,UOP02-DEL04-ES,0,moderado
2025-04-10,05:00,2025-04-10 05:00:00,2025.0,4.0,quinta,5.0,madrugada,ES,LINHARES,False,101.0,BR-101,137.0,-19.29994957,-40.08390248,Reação tardia ou ineficiente do condutor,Tombamento,Com Vítimas Feridas,Amanhecer,Decrescente,Céu Claro,Simples,Reta,Não,0.0,0.0,1.0,1.0,0.0,0.0,1.0,1.0,SPRF-ES,DEL04-ES,UOP01-DEL04-ES,0,moderado
2025-04-10,08:00,2025-04-10 08:00:00,2025.0,4.0,quinta,8.0,manha,ES,CARIACICA,True,101.0,BR-101,288.5,-20.2667107,-40.38679177,Trafegar com motocicleta (ou similar) entre as faixas,Colisão traseira,Com Vítimas Feridas,Pleno dia,Decrescente,Céu Claro,Dupla,Reta,Sim,0.0,1.0,0.0,1.0,1.0,0.0,2.0,2.0,SPRF-ES,DEL01-ES,UOP01-DEL01-ES,1,grave
2025-04-10,08:30,2025-04-10 08:30:00,2025.0,4.0,quinta,8.0,manha,ES,SERRA,True,101.0,BR-101,268.0,-20.21641,-40.27012,Pedestre cruzava a pista fora da faixa,Atropelamento de Pedestre,Com Vítimas Feridas,Pleno dia,Crescente,Céu Claro,Dupla,Reta,Sim,0.0,0.0,1.0,1.0,1.0,0.0,2.0,2.0,SPRF-ES,DEL02-ES,UOP01-DEL02-ES,0,moderado
2025-04-10,13:10,2025-04-10 13:10:00,2025.0,4.0,quinta,13.0,tarde,ES,JOAO NEIVA,False,101.0,BR-101,205.0,-19.75707974,-40.37979119,Ausência de reação do condutor,Queda de ocupante de veículo,Com Vítimas Feridas,Pleno dia,Crescente,Nublado,Simples,Reta,Sim,0.0,0.0,1.0,1.0,0.0,0.0,1.0,1.0,SPRF-ES,DEL02-ES,UOP01-DEL02-ES,0,moderado
2025-04-10,16:40,2025-04-10 16:40:00,2025.0,4.0,quinta,16.0,tarde,ES,LINHARES,False,101.0,BR-101,159.9,-19.47847375,-40.11491778,Acessar a via sem observar a presença dos outros veículos,Colisão lateral mesmo sentido,Com Vítimas Feridas,Pleno dia,Decrescente,Nublado,Simples,Reta,Sim,0.0,0.0,2.0,2.0,1.0,0.0,2.0,3.0,SPRF-ES,DEL04-ES,UOP01-DEL04-ES,0,moderado
2025-04-10,19:30,2025-04-10 19:30:00,2025.0,4.0,quinta,19.0,noite,ES,COLATINA,False,259.0,BR-259,68.4,-19.501626,-40.74465,Transitar na contramão,Colisão lateral sentido oposto,Com Vítimas Feridas,Plena Noite,Crescente,Nublado,Simples,Reta,Não,0.0,0.0,2.0,2.0,0.0,0.0,2.0,2.0,SPRF-ES,DEL02-ES,UOP01-DEL02-ES,0,moderado
2025-04-11,00:01,2025-04-11 00:01:00,2025.0,4.0,sexta,0.0,madrugada,ES,LINHARES,False,101.0,BR-101,145.0,-19.4222704,-40.0779271,Velocidade Incompatível,Saída de leito carroçável,Com Vítimas Feridas,Plena Noite,Decrescente,Chuva,Múltipla,Reta,Sim,0.0,0.0,1.0,1.0,0.0,0.0,1.0,1.0,SPRF-ES,DEL04-ES,UOP01-DEL04-ES,0,moderado
2025-04-11,04:20,2025-04-11 04:20:00,2025.0,4.0,sexta,4.0,madrugada,ES,VIANA,True,262.0,BR-262,20.0,-20.381129,-40.504147,Reação tardia ou ineficiente do condutor,Colisão com objeto,Sem Vítimas,Plena Noite,Crescente,Nublado,Simples,Reta;Ponte,Não,0.0,0.0,0.0,0.0,2.0,0.0,1.0,2.0,SPRF-ES,DEL01-ES,UOP01-DEL01-ES,0,baixo
2025-04-11,09:30,2025-04-11 09:30:00,2025.0,4.0,sexta,9.0,manha,ES,SERRA,True,101.0,BR-101,271.0,-20.23030821,-40.28102875,Ausência de reação do condutor,Queda de ocupante de veículo,Com Vítimas Feridas,Pleno dia,Crescente,Céu Claro,Dupla,Reta,Não,0.0,0.0,1.0,1.0,0.0,0.0,1.0,1.0,SPRF-ES,DEL02-ES,UOP01-DEL02-ES,0,moderado
2025-04-11,11:20,2025-04-11 11:20:00,2025.0,4.0,sexta,11.0,manha,ES,VIANA,True,101.0,BR-101,298.0,-20.357507,-40.426507,Reação tardia ou ineficiente do condutor,Colisão lateral mesmo sentido,Com Vítimas Feridas,Pleno dia,Crescente,Céu Claro,Dupla,Reta,Não,0.0,0.0,1.0,1.0,0.0,1.0,2.0,2.0,SPRF-ES,DEL01-ES,UOP01-DEL01-ES,0,moderado
2025-04-11,17:05,2025-04-11 17:05:00,2025.0,4.0,sexta,17.0,tarde,ES,SERRA,True,101.0,BR-101,267.7,-20.19848,-40.26808,Manobra de mudança de faixa,Colisão lateral mesmo sentido,Com Vítimas Feridas,Pleno dia,Decrescente,Céu Claro,Dupla,Reta,Sim,0.0,0.0,1.0,1.0,1.0,0.0,2.0,2.0,SPRF-ES,DEL02-ES,UOP01-DEL02-ES,0,moderado
2025-04-11,20:30,2025-04-11 20:30:00,2025.0,4.0,sexta,20.0,noite,ES,CACHOEIRO DE ITAPEMIRIM,False,393.0,BR-393,1.0,-20.83681886,-41.15815938,Reação tardia ou ineficiente do condutor,Colisão transversal,Com Vítimas Feridas,Plena Noite,Crescente,Céu Claro,Simples,Reta,Sim,0.0,0.0,1.0,1.0,1.0,0.0,2.0,2.0,SPRF-ES,DEL03-ES,UOP02-DEL03-ES,0,moderado
2025-04-11,20:58,2025-04-11 20:58:00,2025.0,4.0,sexta,20.0,noite,ES,LINHARES,False,101.0,BR-101,143.0,-19.34286302,-40.06369686,Velocidade Incompatível,Colisão transversal,Com Vítimas Fatais,Plena Noite,Decrescente,Céu Claro,Múltipla,Reta,Não,1.0,0.0,0.0,0.0,0.0,1.0,2.0,2.0,SPRF-ES,DEL04-ES,UOP01-DEL04-ES,1,fatal
2025-04-12,00:45,2025-04-12 00:45:00,2025.0,4.0,sabado,0.0,madrugada,ES,RIO NOVO DO SUL,False,101.0,BR-101,395.0,-20.865157,-40.917123,Pedestre andava na pista,Atropelamento de Pedestre,Com Vítimas Feridas,Plena Noite,Crescente,Nublado,Simples,Curva,Não,0.0,0.0,1.0,1.0,0.0,1.0,2.0,2.0,SPRF-ES,DEL03-ES,UOP02-DEL03-ES,0,moderado
2025-04-12,10:39,2025-04-12 10:39:00,2025.0,4.0,sabado,10.0,manha,ES,LINHARES,False,101.0,BR-101,145.6,-19.40572083,-40.06166077,Ausência de reação do condutor,Tombamento,Com Vítimas Feridas,Pleno dia,Crescente,Céu Claro,Dupla,Reta,Sim,0.0,0.0,1.0,1.0,0.0,0.0,1.0,1.0,SPRF-ES,DEL04-ES,UOP01-DEL04-ES,0,moderado
2025-04-12,12:00,2025-04-12 12:00:00,2025.0,4.0,sabado,12.0,tarde,ES,LINHARES,False,101.0,BR-101,149.0,-19.39710134,-40.06365485,Transitar na contramão,Colisão transversal,Com Vítimas Feridas,Pleno dia,Decrescente,Céu Claro,Dupla,Interseção de Vias,Sim,0.0,1.0,1.0,2.0,0.0,0.0,2.0,2.0,SPRF-ES,DEL04-ES,UOP01-DEL04-ES,1,grave
2025-03-16,13:05,2025-03-16 13:05:00,2025.0,3.0,domingo,13.0,tarde,ES,COLATINA,False,259.0,BR-259,82.0,-19.51063749,-40.85212469,Ausência de reação do condutor,Colisão lateral mesmo sentido,Com Vítimas Feridas,Pleno dia,Crescente,Ignorado,Simples,Reta,Não,0.0,0.0,1.0,1.0,0.0,2.0,3.0,3.0,SPRF-ES,DEL02-ES,UOP01-DEL02-ES,0,moderado
2025-04-12,13:20,2025-04-12 13:20:00,2025.0,4.0,sabado,13.0,tarde,ES,DOMINGOS MARTINS,False,262.0,BR-262,36.9,-20.3819927,-40.6147423,Ausência de reação do condutor,Queda de ocupante de veículo,Com Vítimas Feridas,Pleno dia,Decrescente,Chuva,Simples,Reta,Sim,0.0,0.0,1.0,1.0,0.0,0.0,1.0,1.0,SPRF-ES,DEL01-ES,UOP01-DEL01-ES,0,moderado
2025-04-13,10:30,2025-04-13 10:30:00,2025.0,4.0,domingo,10.0,manha,ES,COLATINA,False,259.0,BR-259,70.0,-19.49606621,-40.76092958,Ausência de reação do condutor,Queda de ocupante de veículo,Com Vítimas Feridas,Pleno dia,Crescente,Céu Claro,Simples,Reta,Não,0.0,0.0,1.0,1.0,0.0,0.0,1.0,1.0,SPRF-ES,DEL02-ES,UOP01-DEL02-ES,0,moderado
2025-02-12,09:10,2025-02-12 09:10:00,2025.0,2.0,quarta,9.0,manha,ES,IBIRACU,False,101.0,BR-101,219.0,-19.86460092,-40.38336629,Velocidade Incompatível,Colisão com objeto,Com Vítimas Feridas,Pleno dia,Crescente,Céu Claro,Dupla,Reta,Não,0.0,1.0,1.0,2.0,0.0,0.0,1.0,2.0,SPRF-ES,DEL02-ES,UOP01-DEL02-ES,1,grave
2025-04-13,22:07,2025-04-13 22:07:00,2025.0,4.0,domingo,22.0,noite,ES,LINHARES,False,101.0,BR-101,146.8,-19.3812525,-40.0666143,Conversão proibida,Colisão transversal,Com Vítimas Feridas,Pleno dia,Decrescente,Céu Claro,Dupla,Interseção de Vias,Sim,0.0,0.0,1.0,1.0,0.0,6.0,3.0,7.0,SPRF-ES,DEL04-ES,UOP01-DEL04-ES,0,moderado
2025-04-14,07:07,2025-04-14 07:07:00,2025.0,4.0,segunda,7.0,manha,ES,SAO MATEUS,False,101.0,BR-101,66.0,-18.71941778,-39.86773133,Pedestre cruzava a pista fora da faixa,Atropelamento de Pedestre,Com Vítimas Feridas,Pleno dia,Crescente,Céu Claro,Simples,Reta,Sim,0.0,1.0,0.0,1.0,1.0,0.0,2.0,2.0,SPRF-ES,DEL04-ES,UOP02-DEL04-ES,1,grave
2025-04-14,11:20,2025-04-14 11:20:00,2025.0,4.0,segunda,11.0,manha,ES,LINHARES,False,101.0,BR-101,145.0,-19.36091731,-40.06446409,Ausência de reação do condutor,Tombamento,Com Vítimas Feridas,Pleno dia,Decrescente,Céu Claro,Múltipla,Reta;Aclive,Sim,0.0,0.0,1.0,1.0,1.0,0.0,2.0,2.0,SPRF-ES,DEL04-ES,UOP01-DEL04-ES,0,moderado
2025-04-14,14:40,2025-04-14 14:40:00,2025.0,4.0,segunda,14.0,tarde,ES,VIANA,True,101.0,BR-101,300.8,-20.36291413,-40.4376483,Acumulo de areia ou detritos sobre o pavimento,Tombamento,Com Vítimas Feridas,Pleno dia,Decrescente,Nublado,Dupla,Curva,Sim,0.0,0.0,1.0,1.0,0.0,0.0,1.0,1.0,SPRF-ES,DEL01-ES,UOP01-DEL01-ES,0,moderado
2025-04-14,16:15,2025-04-14 16:15:00,2025.0,4.0,segunda,16.0,tarde,ES,SERRA,True,101.0,BR-101,254.0,-20.11139198,-40.327034,Ausência de reação do condutor,Colisão traseira,Com Vítimas Feridas,Pleno dia,Decrescente,Céu Claro,Simples,Em Obras;Reta,Sim,0.0,0.0,1.0,1.0,1.0,0.0,2.0,2.0,SPRF-ES,DEL02-ES,UOP01-DEL02-ES,0,moderado
2025-04-15,07:45,2025-04-15 07:45:00,2025.0,4.0,terca,7.0,manha,ES,LINHARES,False,101.0,BR-101,142.9,-19.34291313,-40.06376982,Acessar a via sem observar a presença dos outros veículos,Colisão transversal,Com Vítimas Feridas,Pleno dia,Decrescente,Céu Claro,Dupla,Reta,Sim,0.0,0.0,2.0,2.0,0.0,0.0,2.0,2.0,SPRF-ES,DEL04-ES,UOP01-DEL04-ES,0,moderado
2025-04-15,08:50,2025-04-15 08:50:00,2025.0,4.0,terca,8.0,manha,ES,CARIACICA,True,101.0,BR-101,296.0,-20.34352039,-40.40486097,Conversão proibida,Colisão lateral mesmo sentido,Com Vítimas Feridas,Pleno dia,Crescente,Céu Claro,Dupla,Curva,Não,0.0,0.0,2.0,2.0,1.0,0.0,2.0,3.0,SPRF-ES,DEL01-ES,UOP01-DEL01-ES,0,moderado
2025-04-15,11:40,2025-04-15 11:40:00,2025.0,4.0,terca,11.0,manha,ES,LINHARES,False,101.0,BR-101,141.0,-19.326444,-40.071735,Animais na Pista,Atropelamento de Animal,Com Vítimas Feridas,Pleno dia,Decrescente,Céu Claro,Múltipla,Reta,Sim,0.0,0.0,1.0,1.0,0.0,0.0,1.0,1.0,SPRF-ES,DEL04-ES,UOP01-DEL04-ES,0,moderado
2025-04-15,19:00,2025-04-15 19:00:00,2025.0,4.0,terca,19.0,noite,ES,SAO MATEUS,False,101.0,BR-101,66.7,-18.70935945,-39.8658931,Acessar a via sem observar a presença dos outros veículos,Colisão transversal,Com Vítimas Feridas,Anoitecer,Decrescente,Nublado,Dupla,Reta,Sim,0.0,0.0,2.0,2.0,0.0,0.0,2.0,2.0,SPRF-ES,DEL04-ES,UOP02-DEL04-ES,0,moderado
2025-02-03,06:20,2025-02-03 06:20:00,2025.0,2.0,segunda,6.0,manha,ES,LINHARES,False,101.0,BR-101,143.2,-19.34286596,-40.0638568,Manobra de mudança de faixa,Colisão lateral mesmo sentido,Com Vítimas Feridas,Pleno dia,Crescente,Céu Claro,Dupla,Reta,Sim,0.0,1.0,0.0,1.0,1.0,0.0,2.0,2.0,SPRF-ES,DEL04-ES,UOP01-DEL04-ES,1,grave
2025-04-17,10:50,2025-04-17 10:50:00,2025.0,4.0,quinta,10.0,manha,ES,LINHARES,False,101.0,BR-101,122.4,-19.16405956,-40.08504326,Ausência de reação do condutor,Saída de leito carroçável,Com Vítimas Feridas,Pleno dia,Decrescente,Nublado,Simples,Reta;Declive,Não,0.0,0.0,3.0,3.0,1.0,0.0,1.0,4.0,SPRF-ES,DEL04-ES,UOP01-DEL04-ES,0,moderado
2025-04-17,18:47,2025-04-17 18:47:00,2025.0,4.0,quinta,18.0,noite,ES,SERRA,True,101.0,BR-101,233.0,-20.0409088,-40.38656,Velocidade Incompatível,Colisão traseira,Com Vítimas Feridas,Plena Noite,Decrescente,Garoa/Chuvisco,Dupla,Reta,Não,0.0,0.0,1.0,1.0,3.0,0.0,2.0,4.0,SPRF-ES,DEL02-ES,UOP01-DEL02-ES,0,moderado
2025-04-17,23:00,2025-04-17 23:00:00,2025.0,4.0,quinta,23.0,noite,ES,SERRA,True,101.0,BR-101,269.7,-20.224463,-40.270198,Reação tardia ou ineficiente do condutor,Engavetamento,Com Vítimas Feridas,Plena Noite,Decrescente,Nublado,Dupla,Reta,Sim,0.0,0.0,1.0,1.0,4.0,0.0,3.0,5.0,SPRF-ES,DEL02-ES,UOP01-DEL02-ES,0,moderado
2025-04-18,03:30,2025-04-18 03:30:00,2025.0,4.0,sexta,3.0,madrugada,ES,CARIACICA,True,101.0,BR-101,283.0,-20.2334214,-40.36909103,Condutor Dormindo,Saída de leito carroçável,Com Vítimas Feridas,Plena Noite,Decrescente,Céu Claro,Múltipla,Reta,Sim,0.0,0.0,3.0,3.0,1.0,0.0,1.0,4.0,SPRF-ES,DEL01-ES,UOP01-DEL01-ES,0,moderado
2025-04-18,09:10,2025-04-18 09:10:00,2025.0,4.0,sexta,9.0,manha,ES,IBIRACU,False,101.0,BR-101,214.0,-19.830006,-40.372636,Ausência de reação do condutor,Colisão traseira,Sem Vítimas,Pleno dia,Crescente,Nublado,Simples,Reta,Sim,0.0,0.0,0.0,0.0,2.0,0.0,2.0,2.0,SPRF-ES,DEL02-ES,UOP01-DEL02-ES,0,baixo
2025-04-18,11:35,2025-04-18 11:35:00,2025.0,4.0,sexta,11.0,manha,ES,LINHARES,False,101.0,BR-101,151.0,-19.4044895,-40.0609856,Transitar na contramão,Colisão frontal,Sem Vítimas,Pleno dia,Decrescente,Nublado,Simples,Curva,Sim,0.0,0.0,0.0,0.0,2.0,0.0,2.0,2.0,SPRF-ES,DEL04-ES,UOP01-DEL04-ES,0,baixo
2025-04-18,19:45,2025-04-18 19:45:00,2025.0,4.0,sexta,19.0,noite,ES,SAO MATEUS,False,101.0,BR-101,68.0,-18.72490549,-39.85975698,Ingestão de álcool pelo condutor,Saída de leito carroçável,Sem Vítimas,Plena Noite,Crescente,Chuva,Múltipla,Retorno Regulamentado;Interseção de Vias,Sim,0.0,0.0,0.0,0.0,0.0,1.0,1.0,1.0,SPRF-ES,DEL04-ES,UOP02-DEL04-ES,0,baixo
2025-04-19,06:00,2025-04-19 06:00:00,2025.0,4.0,sabado,6.0,manha,ES,MIMOSO DO SUL,False,101.0,BR-101,439.0,-21.08045577,-41.23653889,Ultrapassagem Indevida,Colisão frontal,Com Vítimas Feridas,Amanhecer,Decrescente,Céu Claro,Simples,Reta,Sim,0.0,3.0,0.0,3.0,0.0,0.0,2.0,3.0,SPRF-ES,DEL03-ES,UOP02-DEL03-ES,1,grave
2025-04-19,08:50,2025-04-19 08:50:00,2025.0,4.0,sabado,8.0,manha,ES,LINHARES,False,101.0,BR-101,137.1,-19.29402534,-40.08581573,Acessar a via sem observar a presença dos outros veículos,Colisão transversal,Com Vítimas Feridas,Pleno dia,Decrescente,Céu Claro,Simples,Interseção de Vias,Não,0.0,0.0,3.0,3.0,3.0,0.0,2.0,6.0,SPRF-ES,DEL04-ES,UOP01-DEL04-ES,0,moderado
2025-04-19,15:35,2025-04-19 15:35:00,2025.0,4.0,sabado,15.0,tarde,ES,MARECHAL FLORIANO,False,262.0,BR-262,57.1,-20.41728006,-40.76425552,Ausência de reação do condutor,Engavetamento,Sem Vítimas,Pleno dia,Crescente,Nublado,Simples,Reta,Não,0.0,0.0,0.0,0.0,3.0,0.0,3.0,3.0,SPRF-ES,DEL01-ES,UOP01-DEL01-ES,0,baixo
2025-04-19,16:15,2025-04-19 16:15:00,2025.0,4.0,sabado,16.0,tarde,ES,ANCHIETA,False,101.0,BR-101,352.6,-20.672678,-40.664446,Velocidade Incompatível,Tombamento,Com Vítimas Fatais,Pleno dia,Decrescente,Nublado,Simples,Curva,Não,1.0,1.0,0.0,1.0,0.0,1.0,3.0,3.0,SPRF-ES,DEL03-ES,UOP01-DEL03-ES,1,fatal
2025-04-17,04:45,2025-04-17 04:45:00,2025.0,4.0,quinta,4.0,madrugada,ES,CARIACICA,True,101.0,BR-101,283.0,-20.25235585,-40.37246794,Acumulo de água sobre o pavimento,Saída de leito carroçável,Com Vítimas Feridas,Plena Noite,Decrescente,Chuva,Dupla,Reta,Não,0.0,0.0,1.0,1.0,0.0,0.0,1.0,1.0,SPRF-ES,DEL01-ES,UOP01-DEL01-ES,0,moderado
2025-04-19,20:20,2025-04-19 20:20:00,2025.0,4.0,sabado,20.0,noite,ES,SAO MATEUS,False,101.0,BR-101,91.0,-18.6489133,-39.8735389,Ausência de reação do condutor,Colisão lateral sentido oposto,Com Vítimas Feridas,Plena Noite,Crescente,Nublado,Dupla,Reta,Sim,0.0,1.0,0.0,1.0,0.0,1.0,2.0,2.0,SPRF-ES,DEL04-ES,UOP02-DEL04-ES,1,grave
2025-04-20,07:00,2025-04-20 07:00:00,2025.0,4.0,domingo,7.0,manha,ES,IBIRACU,False,101.0,BR-101,209.1,-19.790156,-40.371425,Manobra de mudança de faixa,Colisão lateral mesmo sentido,Com Vítimas Feridas,Pleno dia,Decrescente,Céu Claro,Simples,Reta,Não,0.0,0.0,1.0,1.0,1.0,0.0,2.0,2.0,SPRF-ES,DEL02-ES,UOP01-DEL02-ES,0,moderado
2025-04-16,20:30,2025-04-16 20:30:00,2025.0,4.0,quarta,20.0,noite,ES,COLATINA,False,259.0,BR-259,53.0,-19.4998405,-40.6293236,Reação tardia ou ineficiente do condutor,Tombamento,Com Vítimas Feridas,Plena Noite,Crescente,Nublado,Múltipla,Reta;Aclive,Não,0.0,1.0,0.0,1.0,0.0,0.0,1.0,1.0,SPRF-ES,DEL02-ES,UOP01-DEL02-ES,1,grave
2025-04-20,13:00,2025-04-20 13:00:00,2025.0,4.0,domingo,13.0,tarde,ES,SERRA,True,101.0,BR-101,266.1,-20.19214333,-40.26803,Reação tardia ou ineficiente do condutor,Queda de ocupante de veículo,Com Vítimas Feridas,Pleno dia,Crescente,Céu Claro,Múltipla,Reta,Sim,0.0,0.0,1.0,1.0,0.0,0.0,1.0,1.0,SPRF-ES,DEL02-ES,UOP01-DEL02-ES,0,moderado
2025-04-16,22:40,2025-04-16 22:40:00,2025.0,4.0,quarta,22.0,noite,ES,SERRA,True,101.0,BR-101,266.0,-20.18744168,-40.26826713,Trafegar com motocicleta (ou similar) entre as faixas,Colisão lateral mesmo sentido,Sem Vítimas,Plena Noite,Crescente,Garoa/Chuvisco,Dupla,Interseção de Vias;Curva,Sim,0.0,0.0,0.0,0.0,2.0,0.0,2.0,2.0,SPRF-ES,DEL02-ES,UOP01-DEL02-ES,0,baixo
2025-04-20,14:00,2025-04-20 14:00:00,2025.0,4.0,domingo,14.0,tarde,ES,SERRA,True,101.0,BR-101,270.0,-20.227855,-40.271222,Ausência de reação do condutor,Colisão traseira,Com Vítimas Feridas,Pleno dia,Crescente,Céu Claro,Dupla,Reta,Sim,0.0,1.0,0.0,1.0,1.0,0.0,2.0,2.0,SPRF-ES,DEL02-ES,UOP01-DEL02-ES,1,grave
2025-04-20,15:50,2025-04-20 15:50:00,2025.0,4.0,domingo,15.0,tarde,ES,LINHARES,False,101.0,BR-101,146.5,-19.3754976,-40.06621834,Ausência de reação do condutor,Colisão traseira,Com Vítimas Feridas,Pleno dia,Crescente,Céu Claro,Dupla,Reta,Sim,0.0,0.0,2.0,2.0,1.0,0.0,2.0,3.0,SPRF-ES,DEL04-ES,UOP01-DEL04-ES,0,moderado
2025-04-20,16:00,2025-04-20 16:00:00,2025.0,4.0,domingo,16.0,tarde,ES,SOORETAMA,False,101.0,BR-101,127.6,-19.20921366,-40.09409985,Reação tardia ou ineficiente do condutor,Colisão com objeto,Com Vítimas Feridas,Pleno dia,Decrescente,Céu Claro,Dupla,Reta,Sim,0.0,0.0,1.0,1.0,0.0,0.0,1.0,1.0,SPRF-ES,DEL04-ES,UOP01-DEL04-ES,0,moderado
2025-04-20,14:10,2025-04-20 14:10:00,2025.0,4.0,domingo,14.0,tarde,ES,ICONHA,False,101.0,BR-101,372.5,-20.77557896,-40.77835827,Acessar a via sem observar a presença dos outros veículos,Colisão transversal,Com Vítimas Feridas,Pleno dia,Decrescente,Nublado,Simples,Reta,Não,0.0,0.0,1.0,1.0,3.0,0.0,2.0,4.0,SPRF-ES,DEL03-ES,UOP01-DEL03-ES,0,moderado
2025-04-20,14:55,2025-04-20 14:55:00,2025.0,4.0,domingo,14.0,tarde,ES,IBIRACU,False,101.0,BR-101,213.6,-19.82874,-40.36889,Manobra de mudança de faixa,Colisão lateral mesmo sentido,Sem Vítimas,Pleno dia,Crescente,Nublado,Múltipla,Retorno Regulamentado;Curva,Sim,0.0,0.0,0.0,0.0,1.0,1.0,2.0,2.0,SPRF-ES,DEL02-ES,UOP01-DEL02-ES,0,baixo
2025-04-20,19:40,2025-04-20 19:40:00,2025.0,4.0,domingo,19.0,noite,ES,CONCEICAO DA BARRA,False,101.0,BR-101,48.0,-18.56955634,-39.89731528,Transitar na contramão,Colisão frontal,Com Vítimas Feridas,Plena Noite,Crescente,Nublado,Simples,Reta;Declive,Não,0.0,0.0,1.0,1.0,2.0,0.0,2.0,3.0,SPRF-ES,DEL04-ES,UOP02-DEL04-ES,0,moderado
2025-04-20,23:50,2025-04-20 23:50:00,2025.0,4.0,domingo,23.0,noite,ES,IBIRACU,False,101.0,BR-101,210.4,-19.801326,-40.368169,Condutor Dormindo,Saída de leito carroçável,Com Vítimas Fatais,Plena Noite,Crescente,Céu Claro,Simples,Curva;Declive,Não,1.0,2.0,1.0,3.0,0.0,0.0,1.0,4.0,SPRF-ES,DEL02-ES,UOP01-DEL02-ES,1,fatal
2025-04-21,17:30,2025-04-21 17:30:00,2025.0,4.0,segunda,17.0,tarde,ES,IBATIBA,False,262.0,BR-262,146.0,-20.22517894,-41.4166556,Acessar a via sem observar a presença dos outros veículos,Colisão transversal,Com Vítimas Feridas,Anoitecer,Decrescente,Céu Claro,Simples,Reta;Declive,Não,0.0,1.0,0.0,1.0,1.0,0.0,2.0,2.0,SPRF-ES,DEL01-ES,UOP02-DEL01-ES,1,grave
2025-04-21,19:20,2025-04-21 19:20:00,2025.0,4.0,segunda,19.0,noite,ES,RIO NOVO DO SUL,False,101.0,BR-101,390.3,-20.8626313,-40.8814921,Acessar a via sem observar a presença dos outros veículos,Colisão transversal,Com Vítimas Feridas,Plena Noite,Crescente,Chuva,Simples,Reta,Não,0.0,0.0,1.0,1.0,2.0,0.0,2.0,3.0,SPRF-ES,DEL03-ES,UOP02-DEL03-ES,0,moderado
2025-04-22,11:40,2025-04-22 11:40:00,2025.0,4.0,terca,11.0,manha,ES,LINHARES,False,101.0,BR-101,144.8,-19.37599832,-40.01356697,Condutor deixou de manter distância do veículo da frente,Colisão traseira,Com Vítimas Feridas,Pleno dia,Decrescente,Nublado,Simples,Reta,Sim,0.0,0.0,1.0,1.0,3.0,0.0,2.0,4.0,SPRF-ES,DEL04-ES,UOP01-DEL04-ES,0,moderado
2025-04-22,13:45,2025-04-22 13:45:00,2025.0,4.0,terca,13.0,tarde,ES,IBATIBA,False,262.0,BR-262,159.0,-20.22292986,-41.45413918,Manobra de mudança de faixa,Colisão transversal,Com Vítimas Feridas,Pleno dia,Crescente,Céu Claro,Múltipla,Reta,Sim,0.0,1.0,0.0,1.0,2.0,0.0,3.0,3.0,SPRF-ES,DEL01-ES,UOP02-DEL01-ES,1,grave
2025-04-22,15:40,2025-04-22 15:40:00,2025.0,4.0,terca,15.0,tarde,ES,CARIACICA,True,101.0,BR-101,296.1,-20.34254661,-40.40159321,Ausência de reação do condutor,Queda de ocupante de veículo,Com Vítimas Feridas,Pleno dia,Decrescente,Céu Claro,Dupla,Curva,Sim,0.0,0.0,1.0,1.0,0.0,0.0,1.0,1.0,SPRF-ES,DEL01-ES,UOP01-DEL01-ES,0,moderado
2025-04-22,17:09,2025-04-22 17:09:00,2025.0,4.0,terca,17.0,tarde,ES,SERRA,True,101.0,BR-101,265.0,-20.1824,-40.2655,Acumulo de areia ou detritos sobre o pavimento,Queda de ocupante de veículo,Sem Vítimas,Anoitecer,Crescente,Céu Claro,Dupla,Curva,Sim,0.0,0.0,0.0,0.0,0.0,1.0,1.0,1.0,SPRF-ES,DEL02-ES,UOP01-DEL02-ES,0,baixo
2025-04-22,17:18,2025-04-22 17:18:00,2025.0,4.0,terca,17.0,tarde,ES,SERRA,True,101.0,BR-101,269.0,-20.21701001,-40.2699101,Ausência de reação do condutor,Colisão traseira,Com Vítimas Feridas,Anoitecer,Crescente,Nublado,Múltipla,Reta,Sim,0.0,0.0,1.0,1.0,1.0,0.0,2.0,2.0,SPRF-ES,DEL02-ES,UOP01-DEL02-ES,0,moderado
2025-04-23,05:53,2025-04-23 05:53:00,2025.0,4.0,quarta,5.0,madrugada,ES,SAO MATEUS,False,101.0,BR-101,32.0,-18.6489336,-39.8735425,Mal súbito do condutor,Saída de leito carroçável,Com Vítimas Feridas,Amanhecer,Decrescente,Nublado,Simples,Interseção de Vias,Não,0.0,0.0,1.0,1.0,0.0,0.0,1.0,1.0,SPRF-ES,DEL04-ES,UOP02-DEL04-ES,0,moderado
2025-04-23,09:20,2025-04-23 09:20:00,2025.0,4.0,quarta,9.0,manha,ES,SERRA,True,101.0,BR-101,269.9,-20.0488452,-40.38640393,Entrada inopinada do pedestre,Atropelamento de Pedestre,Com Vítimas Feridas,Pleno dia,Crescente,Céu Claro,Múltipla,Reta,Sim,0.0,1.0,0.0,1.0,1.0,0.0,2.0,2.0,SPRF-ES,DEL02-ES,UOP01-DEL02-ES,1,grave
2025-04-23,18:45,2025-04-23 18:45:00,2025.0,4.0,quarta,18.0,noite,ES,VILA VELHA,True,101.0,BR-101,311.9,-20.443068,-40.46019,Acessar a via sem observar a presença dos outros veículos,Atropelamento de Pedestre,Com Vítimas Fatais,Plena Noite,Crescente,Céu Claro,Dupla,Reta,Não,1.0,0.0,0.0,0.0,1.0,0.0,2.0,2.0,SPRF-ES,DEL01-ES,UOP01-DEL01-ES,1,fatal
2025-04-23,19:00,2025-04-23 19:00:00,2025.0,4.0,quarta,19.0,noite,ES,SERRA,True,101.0,BR-101,263.1,-20.12509291,-40.34179688,Demais falhas mecânicas ou elétricas,Eventos atípicos,Com Vítimas Feridas,Plena Noite,Crescente,Nublado,Dupla,Reta,Sim,0.0,0.0,1.0,1.0,0.0,0.0,1.0,1.0,SPRF-ES,DEL02-ES,UOP01-DEL02-ES,0,moderado
2025-04-16,15:25,2025-04-16 15:25:00,2025.0,4.0,quarta,15.0,tarde,ES,LINHARES,False,101.0,BR-101,147.5,-19.38642139,-40.06740924,Pedestre cruzava a pista fora da faixa,Atropelamento de Pedestre,Com Vítimas Feridas,Pleno dia,Crescente,Céu Claro,Dupla,Reta,Não,0.0,0.0,1.0,1.0,1.0,0.0,2.0,2.0,SPRF-ES,DEL04-ES,UOP01-DEL04-ES,0,moderado
2025-04-24,15:30,2025-04-24 15:30:00,2025.0,4.0,quinta,15.0,tarde,ES,SERRA,True,101.0,BR-101,265.0,-20.18240833,-40.26541,Pista esburacada,Tombamento,Com Vítimas Feridas,Pleno dia,Crescente,Nublado,Múltipla,Reta,Sim,0.0,1.0,1.0,2.0,0.0,0.0,1.0,2.0,SPRF-ES,DEL02-ES,UOP01-DEL02-ES,1,grave
2025-04-25,05:30,2025-04-25 05:30:00,2025.0,4.0,sexta,5.0,madrugada,ES,SAO MATEUS,False,101.0,BR-101,71.0,-18.75469863,-39.86251831,Ausência de reação do condutor,Capotamento,Com Vítimas Feridas,Amanhecer,Crescente,Céu Claro,Simples,Reta;Aclive,Não,0.0,1.0,0.0,1.0,0.0,0.0,1.0,1.0,SPRF-ES,DEL04-ES,UOP02-DEL04-ES,1,grave
2025-04-25,06:10,2025-04-25 06:10:00,2025.0,4.0,sexta,6.0,manha,ES,SERRA,True,101.0,BR-101,267.8,-20.20453,-40.26744,Condutor desrespeitou a iluminação vermelha do semáforo,Colisão transversal,Com Vítimas Feridas,Pleno dia,Crescente,Nublado,Múltipla,Reta;Interseção de Vias,Sim,0.0,1.0,0.0,1.0,2.0,0.0,2.0,3.0,SPRF-ES,DEL02-ES,UOP01-DEL02-ES,1,grave
2025-04-25,12:00,2025-04-25 12:00:00,2025.0,4.0,sexta,12.0,tarde,ES,SERRA,True,101.0,BR-101,268.8,-20.2147571,-40.27002007,Acessar a via sem observar a presença dos outros veículos,Atropelamento de Pedestre,Com Vítimas Feridas,Pleno dia,Crescente,Céu Claro,Dupla,Reta,Não,0.0,1.0,0.0,1.0,1.0,0.0,2.0,2.0,SPRF-ES,DEL02-ES,UOP01-DEL02-ES,1,grave
2025-04-25,13:16,2025-04-25 13:16:00,2025.0,4.0,sexta,13.0,tarde,ES,DOMINGOS MARTINS,False,262.0,BR-262,36.5,-20.381033,-40.6057,Ausência de reação do condutor,Colisão traseira,Com Vítimas Feridas,Pleno dia,Crescente,Céu Claro,Simples,Curva,Não,0.0,1.0,0.0,1.0,1.0,0.0,2.0,2.0,SPRF-ES,DEL01-ES,UOP01-DEL01-ES,1,grave
2025-04-25,18:10,2025-04-25 18:10:00,2025.0,4.0,sexta,18.0,noite,ES,VIANA,True,101.0,BR-101,298.5,-20.356822,-40.41918,Ausência de reação do condutor,Colisão traseira,Com Vítimas Feridas,Plena Noite,Crescente,Nublado,Simples,Reta,Sim,0.0,1.0,0.0,1.0,1.0,0.0,2.0,2.0,SPRF-ES,DEL01-ES,UOP01-DEL01-ES,1,grave
2025-04-25,19:30,2025-04-25 19:30:00,2025.0,4.0,sexta,19.0,noite,ES,SOORETAMA,False,101.0,BR-101,121.0,-19.05603549,-40.03174371,Ultrapassagem Indevida,Colisão lateral sentido oposto,Com Vítimas Feridas,Plena Noite,Crescente,Céu Claro,Simples,Reta;Declive,Não,0.0,2.0,0.0,2.0,1.0,0.0,2.0,3.0,SPRF-ES,DEL04-ES,UOP01-DEL04-ES,1,grave
2025-04-25,20:15,2025-04-25 20:15:00,2025.0,4.0,sexta,20.0,noite,ES,CARIACICA,True,101.0,BR-101,292.0,-20.307885,-40.394741,Condutor deixou de manter distância do veículo da frente,Colisão traseira,Com Vítimas Feridas,Plena Noite,Decrescente,Chuva,Dupla,Reta;Declive,Sim,0.0,0.0,2.0,2.0,0.0,0.0,1.0,2.0,SPRF-ES,DEL01-ES,UOP01-DEL01-ES,0,moderado
2025-04-25,21:10,2025-04-25 21:10:00,2025.0,4.0,sexta,21.0,noite,ES,GUARAPARI,True,101.0,BR-101,325.0,-20.55633551,-40.48060656,Chuva,Queda de ocupante de veículo,Com Vítimas Feridas,Plena Noite,Crescente,Chuva,Dupla,Reta,Não,0.0,0.0,2.0,2.0,0.0,0.0,1.0,2.0,SPRF-ES,DEL03-ES,UOP01-DEL03-ES,0,moderado
2025-04-26,05:20,2025-04-26 05:20:00,2025.0,4.0,sabado,5.0,madrugada,ES,CARIACICA,True,101.0,BR-101,292.8,-20.32494571,-40.39555618,Reação tardia ou ineficiente do condutor,Queda de ocupante de veículo,Com Vítimas Feridas,Amanhecer,Decrescente,Céu Claro,Múltipla,Reta,Sim,0.0,0.0,1.0,1.0,0.0,0.0,1.0,1.0,SPRF-ES,DEL01-ES,UOP01-DEL01-ES,0,moderado
2025-04-26,15:30,2025-04-26 15:30:00,2025.0,4.0,sabado,15.0,tarde,ES,ARACRUZ,False,101.0,BR-101,198.7,-19.71708565,-40.34598335,Ausência de reação do condutor,Saída de leito carroçável,Com Vítimas Feridas,Pleno dia,Decrescente,Céu Claro,Dupla,Reta,Não,0.0,0.0,1.0,1.0,0.0,0.0,1.0,1.0,SPRF-ES,DEL04-ES,UOP01-DEL04-ES,0,moderado
2025-04-26,18:40,2025-04-26 18:40:00,2025.0,4.0,sabado,18.0,noite,ES,ITAPEMIRIM,False,101.0,BR-101,416.2,-20.93814217,-41.08225219,Acessar a via sem observar a presença dos outros veículos,Colisão transversal,Com Vítimas Feridas,Plena Noite,Decrescente,Nublado,Simples,Reta,Não,0.0,1.0,0.0,1.0,1.0,0.0,2.0,2.0,SPRF-ES,DEL03-ES,UOP02-DEL03-ES,1,grave
2025-04-26,18:45,2025-04-26 18:45:00,2025.0,4.0,sabado,18.0,noite,ES,JAGUARE,False,101.0,BR-101,101.1,-18.981539,-39.996048,Pedestre andava na pista,Atropelamento de Pedestre,Com Vítimas Feridas,Plena Noite,Crescente,Nublado,Simples,Reta,Não,0.0,1.0,0.0,1.0,1.0,0.0,2.0,2.0,SPRF-ES,DEL04-ES,UOP02-DEL04-ES,1,grave
2025-04-26,17:30,2025-04-26 17:30:00,2025.0,4.0,sabado,17.0,tarde,ES,CACHOEIRO DE ITAPEMIRIM,False,393.0,BR-393,0.8,-20.83808161,-41.16504586,Conversão proibida,Colisão transversal,Com Vítimas Feridas,Anoitecer,Crescente,Nublado,Simples,Reta,Sim,0.0,1.0,0.0,1.0,0.0,1.0,2.0,2.0,SPRF-ES,DEL03-ES,UOP02-DEL03-ES,1,grave
2025-04-27,02:30,2025-04-27 02:30:00,2025.0,4.0,domingo,2.0,madrugada,ES,SERRA,True,101.0,BR-101,255.0,-20.118736,-40.311946,Reação tardia ou ineficiente do condutor,Colisão lateral mesmo sentido,Com Vítimas Feridas,Plena Noite,Crescente,Céu Claro,Simples,Reta,Sim,0.0,0.0,2.0,2.0,0.0,0.0,2.0,2.0,SPRF-ES,DEL02-ES,UOP01-DEL02-ES,0,moderado
2025-02-22,22:40,2025-02-22 22:40:00,2025.0,2.0,sabado,22.0,noite,ES,SERRA,True,101.0,BR-101,257.3,-20.12832782,-40.29915935,Pedestre andava na pista,Atropelamento de Pedestre,Com Vítimas Feridas,Plena Noite,Decrescente,Ignorado,Dupla,Rotatória,Não,0.0,1.0,0.0,1.0,0.0,1.0,2.0,2.0,SPRF-ES,DEL02-ES,UOP01-DEL02-ES,1,grave
2025-04-27,18:45,2025-04-27 18:45:00,2025.0,4.0,domingo,18.0,noite,ES,SAO MATEUS,False,101.0,BR-101,66.0,-18.71696785,-39.87288086,Manobra de mudança de faixa,Colisão lateral mesmo sentido,Com Vítimas Feridas,Plena Noite,Crescente,Céu Claro,Dupla,Reta,Sim,0.0,0.0,1.0,1.0,0.0,1.0,2.0,2.0,SPRF-ES,DEL04-ES,UOP02-DEL04-ES,0,moderado
2025-04-28,09:45,2025-04-28 09:45:00,2025.0,4.0,segunda,9.0,manha,ES,SERRA,True,101.0,BR-101,270.8,-20.232365,-40.2745916,Manobra de mudança de faixa,Colisão lateral mesmo sentido,Com Vítimas Feridas,Pleno dia,Crescente,Nublado,Múltipla,Curva,Sim,0.0,2.0,2.0,4.0,2.0,0.0,2.0,6.0,SPRF-ES,DEL02-ES,UOP01-DEL02-ES,1,grave
2025-04-28,08:55,2025-04-28 08:55:00,2025.0,4.0,segunda,8.0,manha,ES,DOMINGOS MARTINS,False,262.0,BR-262,95.0,-20.364862,-41.062845,Desrespeitar a preferência no cruzamento,Colisão transversal,Com Vítimas Feridas,Pleno dia,Decrescente,Céu Claro,Simples,Interseção de Vias,Sim,0.0,0.0,1.0,1.0,1.0,0.0,2.0,2.0,SPRF-ES,DEL01-ES,UOP02-DEL01-ES,0,moderado
2025-04-28,10:15,2025-04-28 10:15:00,2025.0,4.0,segunda,10.0,manha,ES,SERRA,True,101.0,BR-101,14.9,-20.18372,-40.339705,Demais falhas mecânicas ou elétricas,Tombamento,Com Vítimas Feridas,Pleno dia,Decrescente,Céu Claro,Dupla,Reta,Não,0.0,0.0,1.0,1.0,0.0,0.0,1.0,1.0,SPRF-ES,DEL02-ES,UOP01-DEL02-ES,0,moderado
2025-04-29,09:40,2025-04-29 09:40:00,2025.0,4.0,terca,9.0,manha,ES,CARIACICA,True,101.0,BR-101,296.0,-20.343261,-40.405925,Ausência de reação do condutor,Colisão traseira,Com Vítimas Feridas,Pleno dia,Decrescente,Nublado,Dupla,Aclive;Curva;Viaduto,Sim,0.0,1.0,0.0,1.0,1.0,0.0,2.0,2.0,SPRF-ES,DEL01-ES,UOP01-DEL01-ES,1,grave
2025-04-29,17:10,2025-04-29 17:10:00,2025.0,4.0,terca,17.0,tarde,ES,CARIACICA,True,101.0,BR-101,285.1,-20.25205,-40.37313,Acesso irregular,Colisão transversal,Com Vítimas Feridas,Anoitecer,Crescente,Céu Claro,Dupla,Reta;Declive;Interseção de Vias,Sim,0.0,1.0,1.0,2.0,0.0,0.0,2.0,2.0,SPRF-ES,DEL01-ES,UOP01-DEL01-ES,1,grave
2025-04-30,09:00,2025-04-30 09:00:00,2025.0,4.0,quarta,9.0,manha,ES,SERRA,True,101.0,BR-101,280.8,-20.22162017,-40.35751462,Afundamento ou ondulação no pavimento,Tombamento,Com Vítimas Feridas,Pleno dia,Decrescente,Nublado,Dupla,Reta;Aclive,Não,0.0,1.0,0.0,1.0,0.0,0.0,1.0,1.0,SPRF-ES,DEL02-ES,UOP01-DEL02-ES,1,grave
2025-04-30,16:15,2025-04-30 16:15:00,2025.0,4.0,quarta,16.0,tarde,ES,SERRA,True,101.0,BR-101,280.0,-20.217756,-40.352636,Manobra de mudança de faixa,Colisão lateral mesmo sentido,Com Vítimas Feridas,Pleno dia,Decrescente,Nublado,Dupla,Reta,Não,0.0,0.0,1.0,1.0,1.0,0.0,2.0,2.0,SPRF-ES,DEL02-ES,UOP01-DEL02-ES,0,moderado
2025-04-30,17:00,2025-04-30 17:00:00,2025.0,4.0,quarta,17.0,tarde,ES,CARIACICA,True,101.0,BR-101,295.2,-20.3341961,-40.4015379,Manobra de mudança de faixa,Colisão lateral mesmo sentido,Com Vítimas Feridas,Anoitecer,Crescente,Nublado,Múltipla,Reta,Sim,0.0,0.0,1.0,1.0,1.0,0.0,2.0,2.0,SPRF-ES,DEL01-ES,UOP01-DEL01-ES,0,moderado
2025-05-01,06:40,2025-05-01 06:40:00,2025.0,5.0,quinta,6.0,manha,ES,FUNDAO,True,101.0,BR-101,232.2,-19.95487046,-40.41010004,Ultrapassagem Indevida,Colisão frontal,Com Vítimas Feridas,Pleno dia,Crescente,Céu Claro,Simples,Reta,Não,0.0,0.0,3.0,3.0,2.0,0.0,2.0,5.0,SPRF-ES,DEL02-ES,UOP01-DEL02-ES,0,moderado
2025-04-03,10:25,2025-04-03 10:25:00,2025.0,4.0,quinta,10.0,manha,ES,SERRA,True,101.0,BR-101,264.9,-20.048847,-40.3866996,Condutor deixou de manter distância do veículo da frente,Colisão traseira,Com Vítimas Feridas,Pleno dia,Crescente,Céu Claro,Dupla,Reta,Sim,0.0,0.0,1.0,1.0,1.0,0.0,2.0,2.0,SPRF-ES,DEL02-ES,UOP01-DEL02-ES,0,moderado
2025-05-01,14:40,2025-05-01 14:40:00,2025.0,5.0,quinta,14.0,tarde,ES,VIANA,True,262.0,BR-262,21.0,-20.375805,-40.512829,Condutor Dormindo,Colisão frontal,Com Vítimas Feridas,Pleno dia,Crescente,Céu Claro,Simples,Reta;Declive,Não,0.0,0.0,6.0,6.0,0.0,0.0,2.0,6.0,SPRF-ES,DEL01-ES,UOP01-DEL01-ES,0,moderado
2025-05-01,14:50,2025-05-01 14:50:00,2025.0,5.0,quinta,14.0,tarde,ES,VILA VELHA,True,101.0,BR-101,311.0,-20.4363702,-40.45934558,Demais falhas mecânicas ou elétricas,Incêndio,Sem Vítimas,Pleno dia,Decrescente,Céu Claro,Dupla,Reta,Não,0.0,0.0,0.0,0.0,1.0,0.0,1.0,1.0,SPRF-ES,DEL01-ES,UOP01-DEL01-ES,0,baixo
2025-05-01,21:30,2025-05-01 21:30:00,2025.0,5.0,quinta,21.0,noite,ES,ICONHA,False,101.0,BR-101,375.5,-20.798474,-40.789394,Velocidade Incompatível,Queda de ocupante de veículo,Com Vítimas Feridas,Plena Noite,Decrescente,Chuva,Dupla,Reta,Não,0.0,0.0,1.0,1.0,0.0,0.0,1.0,1.0,SPRF-ES,DEL03-ES,UOP01-DEL03-ES,0,moderado
2025-05-02,06:00,2025-05-02 06:00:00,2025.0,5.0,sexta,6.0,manha,ES,JOAO NEIVA,False,101.0,BR-101,208.9,-19.78140362,-40.37166595,Ingestão de álcool pelo condutor,Saída de leito carroçável,Com Vítimas Feridas,Pleno dia,Crescente,Céu Claro,Simples,Reta,Não,0.0,2.0,0.0,2.0,0.0,0.0,1.0,2.0,SPRF-ES,DEL02-ES,UOP01-DEL02-ES,1,grave
2025-05-02,06:49,2025-05-02 06:49:00,2025.0,5.0,sexta,6.0,manha,ES,SERRA,True,101.0,BR-101,270.0,-20.228275,-40.271729,Reação tardia ou ineficiente do condutor,Colisão traseira,Com Vítimas Feridas,Pleno dia,Crescente,Céu Claro,Dupla,Reta,Sim,0.0,0.0,1.0,1.0,1.0,0.0,2.0,2.0,SPRF-ES,DEL02-ES,UOP01-DEL02-ES,0,moderado
2025-05-02,07:50,2025-05-02 07:50:00,2025.0,5.0,sexta,7.0,manha,ES,SERRA,True,101.0,BR-101,264.8,-20.18065333,-40.26532167,Reação tardia ou ineficiente do condutor,Tombamento,Com Vítimas Feridas,Pleno dia,Crescente,Sol,Múltipla,Curva,Sim,0.0,1.0,0.0,1.0,0.0,0.0,1.0,1.0,SPRF-ES,DEL02-ES,UOP01-DEL02-ES,1,grave
2025-05-02,10:15,2025-05-02 10:15:00,2025.0,5.0,sexta,10.0,manha,ES,VIANA,True,262.0,BR-262,27.3,-20.385803,-40.553105,Velocidade Incompatível,Tombamento,Com Vítimas Feridas,Pleno dia,Decrescente,Céu Claro,Simples,Curva,Não,0.0,1.0,0.0,1.0,0.0,0.0,1.0,1.0,SPRF-ES,DEL01-ES,UOP01-DEL01-ES,1,grave
2025-05-02,10:00,2025-05-02 10:00:00,2025.0,5.0,sexta,10.0,manha,ES,LINHARES,False,101.0,BR-101,144.8,-19.35588602,-40.06381154,Acessar a via sem observar a presença dos outros veículos,Colisão transversal,Com Vítimas Feridas,Pleno dia,Decrescente,Céu Claro,Dupla,Reta,Sim,0.0,0.0,1.0,1.0,1.0,0.0,2.0,2.0,SPRF-ES,DEL04-ES,UOP01-DEL04-ES,0,moderado
2025-05-02,16:55,2025-05-02 16:55:00,2025.0,5.0,sexta,16.0,tarde,ES,SERRA,True,101.0,BR-101,266.3,-20.19353927,-40.26839018,Reação tardia ou ineficiente do condutor,Tombamento,Com Vítimas Feridas,Pleno dia,Crescente,Céu Claro,Múltipla,Reta;Interseção de Vias,Sim,0.0,0.0,2.0,2.0,0.0,0.0,1.0,2.0,SPRF-ES,DEL02-ES,UOP01-DEL02-ES,0,moderado
2025-05-02,18:40,2025-05-02 18:40:00,2025.0,5.0,sexta,18.0,noite,ES,RIO NOVO DO SUL,False,101.0,BR-101,396.8,-20.87225701,-40.94702888,Transitar na contramão,Colisão frontal,Com Vítimas Feridas,Plena Noite,Crescente,Nublado,Simples,Reta,Não,0.0,1.0,0.0,1.0,2.0,0.0,3.0,3.0,SPRF-ES,DEL03-ES,UOP02-DEL03-ES,1,grave
2025-04-17,18:20,2025-04-17 18:20:00,2025.0,4.0,quinta,18.0,noite,ES,SAO MATEUS,False,101.0,BR-101,66.5,-18.6489329,-39.8735795,Acessar a via sem observar a presença dos outros veículos,Colisão transversal,Com Vítimas Feridas,Plena Noite,Crescente,Garoa/Chuvisco,Simples,Reta,Sim,0.0,0.0,2.0,2.0,0.0,0.0,2.0,2.0,SPRF-ES,DEL04-ES,UOP02-DEL04-ES,0,moderado
2025-05-03,10:35,2025-05-03 10:35:00,2025.0,5.0,sabado,10.0,manha,ES,SERRA,True,101.0,BR-101,281.0,-20.037632,-40.1965056,Velocidade Incompatível,Saída de leito carroçável,Com Vítimas Feridas,Pleno dia,Crescente,Céu Claro,Dupla,Curva,Não,0.0,1.0,0.0,1.0,0.0,0.0,1.0,1.0,SPRF-ES,DEL02-ES,UOP01-DEL02-ES,1,grave
2025-05-04,06:32,2025-05-04 06:32:00,2025.0,5.0,domingo,6.0,manha,ES,CONCEICAO DA BARRA,False,101.0,BR-101,32.0,-18.43832056,-39.93303191,Acessar a via sem observar a presença dos outros veículos,Colisão transversal,Sem Vítimas,Pleno dia,Crescente,Sol,Simples,Interseção de Vias,Não,0.0,0.0,0.0,0.0,1.0,2.0,2.0,3.0,SPRF-ES,DEL04-ES,UOP02-DEL04-ES,0,baixo
2025-05-04,14:17,2025-05-04 14:17:00,2025.0,5.0,domingo,14.0,tarde,ES,ICONHA,False,101.0,BR-101,372.0,-20.77681231,-40.77913569,Transitar na contramão,Colisão frontal,Com Vítimas Feridas,Pleno dia,Crescente,Nublado,Simples,Reta,Não,0.0,2.0,1.0,3.0,2.0,0.0,2.0,5.0,SPRF-ES,DEL03-ES,UOP01-DEL03-ES,1,grave
2025-05-04,17:08,2025-05-04 17:08:00,2025.0,5.0,domingo,17.0,tarde,ES,LINHARES,False,101.0,BR-101,150.5,-19.40716983,-40.06400434,Condutor deixou de manter distância do veículo da frente,Colisão traseira,Com Vítimas Feridas,Pleno dia,Crescente,Nublado,Simples,Curva,Sim,0.0,0.0,1.0,1.0,2.0,0.0,2.0,3.0,SPRF-ES,DEL04-ES,UOP01-DEL04-ES,0,moderado
2025-05-04,17:40,2025-05-04 17:40:00,2025.0,5.0,domingo,17.0,tarde,ES,SERRA,True,101.0,BR-101,275.5,-20.2095924,-40.2989186,Ausência de reação do condutor,Saída de leito carroçável,Com Vítimas Feridas,Anoitecer,Crescente,Nublado,Dupla,Curva,Não,0.0,0.0,2.0,2.0,1.0,0.0,1.0,3.0,SPRF-ES,DEL02-ES,UOP01-DEL02-ES,0,moderado
2025-05-04,18:47,2025-05-04 18:47:00,2025.0,5.0,domingo,18.0,noite,ES,MIMOSO DO SUL,False,101.0,BR-101,446.0,-21.17301949,-41.29296049,Manobra de mudança de faixa,Colisão transversal,Com Vítimas Feridas,Anoitecer,Crescente,Céu Claro,Simples,Reta,Não,0.0,0.0,1.0,1.0,1.0,0.0,2.0,2.0,SPRF-ES,DEL03-ES,UOP02-DEL03-ES,0,moderado
2025-05-04,20:14,2025-05-04 20:14:00,2025.0,5.0,domingo,20.0,noite,ES,SOORETAMA,False,101.0,BR-101,101.9,-18.99648771,-40.0032915,Ausência de reação do condutor,Tombamento,Com Vítimas Feridas,Plena Noite,Decrescente,Céu Claro,Dupla,Ponte;Reta,Não,0.0,0.0,1.0,1.0,0.0,0.0,1.0,1.0,SPRF-ES,DEL04-ES,UOP01-DEL04-ES,0,moderado
2025-05-04,22:10,2025-05-04 22:10:00,2025.0,5.0,domingo,22.0,noite,ES,SERRA,True,101.0,BR-101,278.0,-20.218008,-40.33775,Reação tardia ou ineficiente do condutor,Colisão com objeto,Com Vítimas Feridas,Plena Noite,Crescente,Céu Claro,Dupla,Reta,Não,0.0,0.0,1.0,1.0,2.0,0.0,1.0,3.0,SPRF-ES,DEL02-ES,UOP01-DEL02-ES,0,moderado
2025-05-05,07:43,2025-05-05 07:43:00,2025.0,5.0,segunda,7.0,manha,ES,LINHARES,False,101.0,BR-101,135.9,-19.283145,-40.086991,Ausência de reação do condutor,Saída de leito carroçável,Sem Vítimas,Pleno dia,Decrescente,Céu Claro,Dupla,Reta,Não,0.0,0.0,0.0,0.0,0.0,1.0,1.0,1.0,SPRF-ES,DEL04-ES,UOP01-DEL04-ES,0,baixo
2025-05-05,09:55,2025-05-05 09:55:00,2025.0,5.0,segunda,9.0,manha,ES,GUARAPARI,True,101.0,BR-101,338.7,-20.64378,-40.55548,Avarias e/ou desgaste excessivo no pneu,Tombamento,Com Vítimas Feridas,Pleno dia,Crescente,Chuva,Dupla,Curva,Não,0.0,0.0,1.0,1.0,0.0,0.0,1.0,1.0,SPRF-ES,DEL03-ES,UOP01-DEL03-ES,0,moderado
2025-05-05,15:22,2025-05-05 15:22:00,2025.0,5.0,segunda,15.0,tarde,ES,DOMINGOS MARTINS,False,262.0,BR-262,85.2,-20.39805,-40.986458,Transitar na contramão,Colisão frontal,Com Vítimas Fatais,Pleno dia,Crescente,Nublado,Simples,Curva,Não,1.0,2.0,0.0,2.0,0.0,0.0,2.0,3.0,SPRF-ES,DEL01-ES,UOP02-DEL01-ES,1,fatal
2025-05-05,16:37,2025-05-05 16:37:00,2025.0,5.0,segunda,16.0,tarde,ES,LINHARES,False,101.0,BR-101,165.0,-19.51847859,-40.14333005,Ausência de reação do condutor,Colisão transversal,Com Vítimas Feridas,Pleno dia,Crescente,Céu Claro,Simples,Reta,Não,0.0,1.0,0.0,1.0,1.0,0.0,2.0,2.0,SPRF-ES,DEL04-ES,UOP01-DEL04-ES,1,grave
2025-05-05,20:20,2025-05-05 20:20:00,2025.0,5.0,segunda,20.0,noite,ES,SAO MATEUS,False,101.0,BR-101,69.2,-18.736655,-39.860802,Animais na Pista,Atropelamento de Animal,Com Vítimas Fatais,Plena Noite,Decrescente,Céu Claro,Simples,Reta,Não,1.0,0.0,0.0,0.0,0.0,1.0,2.0,2.0,SPRF-ES,DEL04-ES,UOP02-DEL04-ES,1,fatal
2025-05-05,21:45,2025-05-05 21:45:00,2025.0,5.0,segunda,21.0,noite,ES,IBATIBA,False,262.0,BR-262,162.0,-20.23417389,-41.52780533,Transitar no Acostamento,Colisão lateral mesmo sentido,Com Vítimas Feridas,Plena Noite,Crescente,Nublado,Simples,Reta,Não,0.0,0.0,1.0,1.0,2.0,0.0,2.0,3.0,SPRF-ES,DEL01-ES,UOP02-DEL01-ES,0,moderado
2025-03-14,15:11,2025-03-14 15:11:00,2025.0,3.0,sexta,15.0,tarde,ES,DOMINGOS MARTINS,False,262.0,BR-262,35.0,-20.38141212,-40.61063716,Entrada inopinada do pedestre,Atropelamento de Pedestre,Com Vítimas Feridas,Pleno dia,Crescente,Ignorado,Simples,Reta,Não,0.0,0.0,1.0,1.0,0.0,1.0,2.0,2.0,SPRF-ES,DEL01-ES,UOP01-DEL01-ES,0,moderado
2025-05-06,03:00,2025-05-06 03:00:00,2025.0,5.0,terca,3.0,madrugada,ES,IBATIBA,False,262.0,BR-262,148.0,-20.2181871,-41.43147469,Reação tardia ou ineficiente do condutor,Saída de leito carroçável,Com Vítimas Feridas,Plena Noite,Crescente,Céu Claro,Simples,Curva,Não,0.0,0.0,1.0,1.0,0.0,0.0,1.0,1.0,SPRF-ES,DEL01-ES,UOP02-DEL01-ES,0,moderado
2025-05-06,07:30,2025-05-06 07:30:00,2025.0,5.0,terca,7.0,manha,ES,SAO MATEUS,False,101.0,BR-101,42.0,-18.6489351,-39.8735889,Reação tardia ou ineficiente do condutor,Tombamento,Com Vítimas Feridas,Pleno dia,Crescente,Céu Claro,Simples,Reta,Não,0.0,0.0,1.0,1.0,0.0,0.0,1.0,1.0,SPRF-ES,DEL04-ES,UOP02-DEL04-ES,0,moderado
2025-05-06,18:20,2025-05-06 18:20:00,2025.0,5.0,terca,18.0,noite,ES,CARIACICA,True,101.0,BR-101,288.0,-20.276634,-40.392539,Avarias e/ou desgaste excessivo no pneu,Queda de ocupante de veículo,Com Vítimas Feridas,Plena Noite,Decrescente,Céu Claro,Dupla,Reta;Declive,Sim,0.0,1.0,0.0,1.0,1.0,0.0,1.0,2.0,SPRF-ES,DEL01-ES,UOP01-DEL01-ES,1,grave
2025-05-06,18:20,2025-05-06 18:20:00,2025.0,5.0,terca,18.0,noite,ES,SERRA,True,101.0,BR-101,266.2,-20.1927205,-40.2684606,Trafegar com motocicleta (ou similar) entre as faixas,Tombamento,Com Vítimas Feridas,Plena Noite,Decrescente,Nublado,Múltipla,Reta,Sim,0.0,0.0,2.0,2.0,0.0,0.0,1.0,2.0,SPRF-ES,DEL02-ES,UOP01-DEL02-ES,0,moderado
2025-05-06,18:50,2025-05-06 18:50:00,2025.0,5.0,terca,18.0,noite,ES,SERRA,True,101.0,BR-101,264.6,-20.17882667,-40.26541,Condutor desrespeitou a iluminação vermelha do semáforo,Colisão transversal,Com Vítimas Feridas,Plena Noite,Crescente,Chuva,Múltipla,Reta,Sim,0.0,0.0,1.0,1.0,1.0,0.0,2.0,2.0,SPRF-ES,DEL02-ES,UOP01-DEL02-ES,0,moderado
2025-05-07,07:00,2025-05-07 07:00:00,2025.0,5.0,quarta,7.0,manha,ES,ANCHIETA,False,101.0,BR-101,352.3,-20.672,-40.664,Reação tardia ou ineficiente do condutor,Colisão com objeto,Com Vítimas Feridas,Pleno dia,Decrescente,Chuva,Dupla,Curva,Não,0.0,1.0,0.0,1.0,0.0,0.0,1.0,1.0,SPRF-ES,DEL03-ES,UOP01-DEL03-ES,1,grave
2025-05-07,14:10,2025-05-07 14:10:00,2025.0,5.0,quarta,14.0,tarde,ES,SOORETAMA,False,101.0,BR-101,125.7,-19.1872396,-40.09484975,Reação tardia ou ineficiente do condutor,Colisão traseira,Com Vítimas Feridas,Pleno dia,Crescente,Chuva,Dupla,Reta,Sim,0.0,1.0,0.0,1.0,1.0,0.0,2.0,2.0,SPRF-ES,DEL04-ES,UOP01-DEL04-ES,1,grave
2025-05-07,13:50,2025-05-07 13:50:00,2025.0,5.0,quarta,13.0,tarde,ES,VIANA,True,101.0,BR-101,298.0,-20.3827417,-40.4596019,Manobra de mudança de faixa,Colisão lateral mesmo sentido,Com Vítimas Feridas,Pleno dia,Crescente,Céu Claro,Simples,Reta,Sim,0.0,1.0,0.0,1.0,1.0,0.0,2.0,2.0,SPRF-ES,DEL01-ES,UOP01-DEL01-ES,1,grave
2025-05-07,17:00,2025-05-07 17:00:00,2025.0,5.0,quarta,17.0,tarde,ES,LINHARES,False,101.0,BR-101,157.7,-19.3631864,-40.0654747,Reação tardia ou ineficiente do condutor,Queda de ocupante de veículo,Com Vítimas Feridas,Anoitecer,Decrescente,Céu Claro,Simples,Reta,Não,0.0,0.0,1.0,1.0,0.0,0.0,1.0,1.0,SPRF-ES,DEL04-ES,UOP01-DEL04-ES,0,moderado
2025-05-07,17:40,2025-05-07 17:40:00,2025.0,5.0,quarta,17.0,tarde,ES,SAO MATEUS,False,101.0,BR-101,61.4,-18.65004516,-39.87315528,Transitar no Acostamento,Tombamento,Com Vítimas Feridas,Pleno dia,Crescente,Nublado,Simples,Reta,Sim,0.0,0.0,1.0,1.0,1.0,0.0,2.0,2.0,SPRF-ES,DEL04-ES,UOP02-DEL04-ES,0,moderado
2025-05-07,16:30,2025-05-07 16:30:00,2025.0,5.0,quarta,16.0,tarde,ES,CARIACICA,True,101.0,BR-101,290.0,-20.29356942,-40.39275885,Reação tardia ou ineficiente do condutor,Colisão traseira,Com Vítimas Feridas,Pleno dia,Crescente,Nublado,Dupla,Reta,Sim,0.0,0.0,1.0,1.0,1.0,0.0,2.0,2.0,SPRF-ES,DEL01-ES,UOP01-DEL01-ES,0,moderado
2025-05-08,12:30,2025-05-08 12:30:00,2025.0,5.0,quinta,12.0,tarde,ES,FUNDAO,True,101.0,BR-101,232.0,-19.960886,-40.406994,Mal súbito do condutor,Colisão traseira,Com Vítimas Feridas,Pleno dia,Crescente,Chuva,Simples,Reta,Não,0.0,0.0,2.0,2.0,0.0,0.0,2.0,2.0,SPRF-ES,DEL02-ES,UOP01-DEL02-ES,0,moderado
2025-05-08,16:00,2025-05-08 16:00:00,2025.0,5.0,quinta,16.0,tarde,ES,CARIACICA,True,101.0,BR-101,295.2,-20.33479295,-40.4015979,Desrespeitar a preferência no cruzamento,Colisão transversal,Com Vítimas Feridas,Pleno dia,Crescente,Nublado,Múltipla,Interseção de Vias;Reta,Sim,0.0,0.0,1.0,1.0,1.0,0.0,2.0,2.0,SPRF-ES,DEL01-ES,UOP01-DEL01-ES,0,moderado
2025-05-08,06:40,2025-05-08 06:40:00,2025.0,5.0,quinta,6.0,manha,ES,SAO MATEUS,False,101.0,BR-101,66.7,-18.71922693,-39.86875407,Mal súbito do condutor,Queda de ocupante de veículo,Com Vítimas Feridas,Pleno dia,Crescente,Chuva,Simples,Reta,Sim,0.0,1.0,0.0,1.0,0.0,0.0,1.0,1.0,SPRF-ES,DEL04-ES,UOP02-DEL04-ES,1,grave
2025-05-08,21:00,2025-05-08 21:00:00,2025.0,5.0,quinta,21.0,noite,ES,VIANA,True,262.0,BR-262,48.0,-20.3827398,-40.4596022,Transitar na contramão,Colisão lateral sentido oposto,Sem Vítimas,Plena Noite,Crescente,Céu Claro,Simples,Reta,Não,0.0,0.0,0.0,0.0,1.0,1.0,2.0,2.0,SPRF-ES,DEL01-ES,UOP01-DEL01-ES,0,baixo
2025-05-09,07:00,2025-05-09 07:00:00,2025.0,5.0,sexta,7.0,manha,ES,CARIACICA,True,101.0,BR-101,295.6,-20.330171,-40.3987397,Desrespeitar a preferência no cruzamento,Colisão frontal,Com Vítimas Feridas,Pleno dia,Crescente,Céu Claro,Múltipla,Interseção de Vias,Sim,0.0,0.0,1.0,1.0,1.0,0.0,2.0,2.0,SPRF-ES,DEL01-ES,UOP01-DEL01-ES,0,moderado
2025-05-09,07:30,2025-05-09 07:30:00,2025.0,5.0,sexta,7.0,manha,ES,CARIACICA,True,101.0,BR-101,290.7,-20.29578,-40.393613,Manobra de mudança de faixa,Colisão lateral mesmo sentido,Com Vítimas Feridas,Pleno dia,Crescente,Céu Claro,Dupla,Reta,Sim,0.0,1.0,1.0,2.0,1.0,0.0,2.0,3.0,SPRF-ES,DEL01-ES,UOP01-DEL01-ES,1,grave
2025-05-09,08:21,2025-05-09 08:21:00,2025.0,5.0,sexta,8.0,manha,ES,SERRA,True,101.0,BR-101,268.5,-20.21232,-40.2698417,Acessar a via sem observar a presença dos outros veículos,Atropelamento de Pedestre,Sem Vítimas,Pleno dia,Crescente,Sol,Múltipla,Reta,Sim,0.0,0.0,0.0,0.0,1.0,1.0,2.0,2.0,SPRF-ES,DEL02-ES,UOP01-DEL02-ES,0,baixo
2025-05-09,10:20,2025-05-09 10:20:00,2025.0,5.0,sexta,10.0,manha,ES,SAO MATEUS,False,101.0,BR-101,67.7,-18.7252991,-39.8451731,Transitar na contramão,Colisão lateral sentido oposto,Com Vítimas Feridas,Pleno dia,Decrescente,Sol,Dupla,Curva,Sim,0.0,0.0,1.0,1.0,1.0,1.0,3.0,3.0,SPRF-ES,DEL04-ES,UOP02-DEL04-ES,0,moderado
2025-05-09,11:25,2025-05-09 11:25:00,2025.0,5.0,sexta,11.0,manha,ES,VITORIA,True,0.0,BR-0,0.0,-20.30985721,-40.31447053,Reação tardia ou ineficiente do condutor,Colisão transversal,Sem Vítimas,Pleno dia,Não Informado,Céu Claro,Simples,Interseção de Vias,Sim,0.0,0.0,0.0,0.0,2.0,0.0,2.0,2.0,SPRF-ES,,,0,baixo
2025-05-09,13:50,2025-05-09 13:50:00,2025.0,5.0,sexta,13.0,tarde,ES,SERRA,True,101.0,BR-101,264.0,-20.1772261,-40.265721,Condutor deixou de manter distância do veículo da frente,Colisão traseira,Com Vítimas Feridas,Plena Noite,Decrescente,Céu Claro,Dupla,Reta,Sim,0.0,0.0,1.0,1.0,1.0,0.0,2.0,2.0,SPRF-ES,DEL02-ES,UOP01-DEL02-ES,0,moderado
2025-05-09,16:20,2025-05-09 16:20:00,2025.0,5.0,sexta,16.0,tarde,ES,VIANA,True,101.0,BR-101,303.4,-20.37810151,-40.44887066,Entrada inopinada do pedestre,Atropelamento de Pedestre,Com Vítimas Fatais,Pleno dia,Decrescente,Céu Claro,Dupla,Reta,Sim,2.0,0.0,0.0,0.0,0.0,1.0,2.0,3.0,SPRF-ES,DEL01-ES,UOP01-DEL01-ES,1,fatal
2025-05-09,18:07,2025-05-09 18:07:00,2025.0,5.0,sexta,18.0,noite,ES,PINHEIROS,False,101.0,BR-101,13.5,-18.31138487,-39.95688915,Conversão proibida,Colisão transversal,Com Vítimas Feridas,Anoitecer,Crescente,Céu Claro,Simples,Reta,Não,0.0,0.0,1.0,1.0,1.0,0.0,2.0,2.0,SPRF-ES,DEL04-ES,UOP02-DEL04-ES,0,moderado
2025-05-10,01:20,2025-05-10 01:20:00,2025.0,5.0,sabado,1.0,madrugada,ES,SERRA,True,101.0,BR-101,269.8,-20.21232,-40.2698417,Condutor desrespeitou a iluminação vermelha do semáforo,Colisão transversal,Com Vítimas Feridas,Plena Noite,Decrescente,Nublado,Múltipla,Interseção de Vias,Sim,0.0,1.0,1.0,2.0,2.0,0.0,2.0,4.0,SPRF-ES,DEL02-ES,UOP01-DEL02-ES,1,grave
2025-05-10,03:00,2025-05-10 03:00:00,2025.0,5.0,sabado,3.0,madrugada,ES,LINHARES,False,101.0,BR-101,135.9,-19.28338835,-40.08704321,Ingestão de álcool pelo condutor,Saída de leito carroçável,Com Vítimas Feridas,Plena Noite,Crescente,Céu Claro,Simples,Reta,Não,0.0,0.0,1.0,1.0,3.0,0.0,1.0,4.0,SPRF-ES,DEL04-ES,UOP01-DEL04-ES,0,moderado
2025-05-10,05:15,2025-05-10 05:15:00,2025.0,5.0,sabado,5.0,madrugada,ES,LINHARES,False,101.0,BR-101,151.9,-19.417704,-40.068763,Mal súbito do condutor,Queda de ocupante de veículo,Com Vítimas Feridas,Amanhecer,Crescente,Céu Claro,Simples,Curva,Não,0.0,1.0,0.0,1.0,1.0,0.0,1.0,2.0,SPRF-ES,DEL04-ES,UOP01-DEL04-ES,1,grave
2025-05-10,17:00,2025-05-10 17:00:00,2025.0,5.0,sabado,17.0,tarde,ES,SERRA,True,101.0,BR-101,262.0,-20.16678641,-40.27208598,Condutor desrespeitou a iluminação vermelha do semáforo,Colisão transversal,Sem Vítimas,Pleno dia,Crescente,Céu Claro,Dupla,Retorno Regulamentado,Sim,0.0,0.0,0.0,0.0,2.0,0.0,2.0,2.0,SPRF-ES,DEL02-ES,UOP01-DEL02-ES,0,baixo
2025-05-10,18:05,2025-05-10 18:05:00,2025.0,5.0,sabado,18.0,noite,ES,VIANA,True,101.0,BR-101,304.4,-20.382732,-40.459658,Condutor deixou de manter distância do veículo da frente,Colisão traseira,Com Vítimas Feridas,Plena Noite,Decrescente,Céu Claro,Dupla,Reta;Viaduto,Sim,0.0,0.0,2.0,2.0,1.0,0.0,2.0,3.0,SPRF-ES,DEL01-ES,UOP01-DEL01-ES,0,moderado
2025-05-10,20:00,2025-05-10 20:00:00,2025.0,5.0,sabado,20.0,noite,ES,GUARAPARI,True,101.0,BR-101,331.8,-20.606,-40.506,Reação tardia ou ineficiente do condutor,Colisão com objeto,Com Vítimas Feridas,Plena Noite,Crescente,Céu Claro,Dupla,Curva,Não,0.0,0.0,1.0,1.0,0.0,0.0,1.0,1.0,SPRF-ES,DEL03-ES,UOP01-DEL03-ES,0,moderado
2025-05-10,20:30,2025-05-10 20:30:00,2025.0,5.0,sabado,20.0,noite,ES,VENDA NOVA DO IMIGRANTE,False,262.0,BR-262,102.5,-20.3366019,-41.1203586,Ingestão de álcool pelo condutor,Colisão lateral sentido oposto,Sem Vítimas,Plena Noite,Crescente,Céu Claro,Simples,Reta,Sim,0.0,0.0,0.0,0.0,2.0,0.0,2.0,2.0,SPRF-ES,DEL01-ES,UOP02-DEL01-ES,0,baixo
2025-05-11,03:30,2025-05-11 03:30:00,2025.0,5.0,domingo,3.0,madrugada,ES,COLATINA,False,259.0,BR-259,69.0,-19.497428,-40.74968,Reação tardia ou ineficiente do condutor,Atropelamento de Animal,Com Vítimas Feridas,Plena Noite,Crescente,Céu Claro,Simples,Curva,Não,0.0,0.0,2.0,2.0,0.0,0.0,1.0,2.0,SPRF-ES,DEL02-ES,UOP01-DEL02-ES,0,moderado
2025-05-10,23:30,2025-05-10 23:30:00,2025.0,5.0,sabado,23.0,noite,ES,IBATIBA,False,262.0,BR-262,175.0,-20.280795,-41.6499193,Ausência de reação do condutor,Saída de leito carroçável,Com Vítimas Feridas,Plena Noite,Decrescente,Nublado,Simples,Aclive;Curva,Não,0.0,0.0,1.0,1.0,0.0,0.0,1.0,1.0,SPRF-ES,DEL01-ES,UOP02-DEL01-ES,0,moderado
2025-05-11,06:11,2025-05-11 06:11:00,2025.0,5.0,domingo,6.0,manha,ES,SAO MATEUS,False,101.0,BR-101,66.9,-18.7229,-39.86241,Condutor desrespeitou a iluminação vermelha do semáforo,Colisão frontal,Com Vítimas Feridas,Amanhecer,Crescente,Nublado,Simples,Reta,Sim,0.0,0.0,1.0,1.0,0.0,1.0,2.0,2.0,SPRF-ES,DEL04-ES,UOP02-DEL04-ES,0,moderado
2025-05-11,06:40,2025-05-11 06:40:00,2025.0,5.0,domingo,6.0,manha,ES,CARIACICA,True,101.0,BR-101,288.0,-20.26962672,-40.38980265,Ausência de reação do condutor,Colisão com objeto,Sem Vítimas,Amanhecer,Decrescente,Céu Claro,Dupla,Reta,Sim,0.0,0.0,0.0,0.0,1.0,0.0,1.0,1.0,SPRF-ES,DEL01-ES,UOP01-DEL01-ES,0,baixo
2025-04-21,17:50,2025-04-21 17:50:00,2025.0,4.0,segunda,17.0,tarde,ES,RIO NOVO DO SUL,False,101.0,BR-101,394.0,-20.8656423,-40.9231379,Condutor deixou de manter distância do veículo da frente,Engavetamento,Com Vítimas Feridas,Plena Noite,Decrescente,Céu Claro,Simples,Reta;Declive,Não,0.0,0.0,1.0,1.0,7.0,0.0,5.0,8.0,SPRF-ES,DEL03-ES,UOP02-DEL03-ES,0,moderado
2025-05-11,19:30,2025-05-11 19:30:00,2025.0,5.0,domingo,19.0,noite,ES,IBATIBA,False,262.0,BR-262,147.2,-20.21697897,-41.42008781,Ausência de reação do condutor,Colisão lateral mesmo sentido,Com Vítimas Fatais,Plena Noite,Crescente,Garoa/Chuvisco,Simples,Curva,Não,1.0,1.0,0.0,1.0,1.0,1.0,3.0,4.0,SPRF-ES,DEL01-ES,UOP02-DEL01-ES,1,fatal
2025-05-11,18:00,2025-05-11 18:00:00,2025.0,5.0,domingo,18.0,noite,ES,GUARAPARI,True,101.0,BR-101,327.0,-20.5732622,-40.4852525,Chuva,Queda de ocupante de veículo,Com Vítimas Feridas,Plena Noite,Crescente,Chuva,Dupla,Reta,Não,0.0,0.0,2.0,2.0,0.0,0.0,1.0,2.0,SPRF-ES,DEL03-ES,UOP01-DEL03-ES,0,moderado
2025-05-11,21:40,2025-05-11 21:40:00,2025.0,5.0,domingo,21.0,noite,ES,DOMINGOS MARTINS,False,262.0,BR-262,39.0,-20.3848546,-40.6342091,Ausência de reação do condutor,Colisão frontal,Com Vítimas Feridas,Plena Noite,Crescente,Ignorado,Simples,Curva;Aclive,Não,0.0,0.0,6.0,6.0,1.0,0.0,2.0,7.0,SPRF-ES,DEL01-ES,UOP01-DEL01-ES,0,moderado
2025-05-11,22:10,2025-05-11 22:10:00,2025.0,5.0,domingo,22.0,noite,ES,DOMINGOS MARTINS,False,262.0,BR-262,39.0,-20.3804603,-40.6062798,Ausência de reação do condutor,Engavetamento,Sem Vítimas,Plena Noite,Decrescente,Ignorado,Simples,Curva;Aclive,Não,0.0,0.0,0.0,0.0,3.0,0.0,3.0,3.0,SPRF-ES,DEL01-ES,UOP01-DEL01-ES,0,baixo
2025-05-11,22:45,2025-05-11 22:45:00,2025.0,5.0,domingo,22.0,noite,ES,LINHARES,False,101.0,BR-101,162.1,-19.49160601,-40.12730598,Ingestão de álcool pelo condutor,Colisão traseira,Com Vítimas Feridas,Pleno dia,Crescente,Céu Claro,Simples,Reta,Não,0.0,0.0,1.0,1.0,1.0,1.0,2.0,3.0,SPRF-ES,DEL04-ES,UOP01-DEL04-ES,0,moderado
2025-05-12,14:05,2025-05-12 14:05:00,2025.0,5.0,segunda,14.0,tarde,ES,DOMINGOS MARTINS,False,262.0,BR-262,79.9,-20.4089425,-40.9394675,Acessar a via sem observar a presença dos outros veículos,Colisão lateral mesmo sentido,Sem Vítimas,Pleno dia,Crescente,Chuva,Simples,Curva,Não,0.0,0.0,0.0,0.0,2.0,0.0,2.0,2.0,SPRF-ES,DEL01-ES,UOP02-DEL01-ES,0,baixo
2025-05-12,13:30,2025-05-12 13:30:00,2025.0,5.0,segunda,13.0,tarde,ES,ARACRUZ,False,101.0,BR-101,182.5,-19.64349899,-40.2335415,Condutor deixou de manter distância do veículo da frente,Colisão traseira,Com Vítimas Feridas,Pleno dia,Decrescente,Garoa/Chuvisco,Simples,Reta;Declive,Não,0.0,0.0,1.0,1.0,1.0,0.0,2.0,2.0,SPRF-ES,DEL04-ES,UOP01-DEL04-ES,0,moderado
2025-05-12,18:20,2025-05-12 18:20:00,2025.0,5.0,segunda,18.0,noite,ES,LINHARES,False,101.0,BR-101,160.2,-19.47862118,-40.11498618,Ausência de reação do condutor,Colisão traseira,Com Vítimas Feridas,Plena Noite,Decrescente,Nublado,Simples,Reta,Não,0.0,2.0,1.0,3.0,0.0,0.0,2.0,3.0,SPRF-ES,DEL04-ES,UOP01-DEL04-ES,1,grave
2025-05-12,19:20,2025-05-12 19:20:00,2025.0,5.0,segunda,19.0,noite,ES,FUNDAO,True,101.0,BR-101,229.6,-19.93429833,-40.40494167,Pedestre cruzava a pista fora da faixa,Atropelamento de Pedestre,Com Vítimas Feridas,Plena Noite,Crescente,Chuva,Múltipla,Reta,Sim,0.0,0.0,1.0,1.0,0.0,1.0,2.0,2.0,SPRF-ES,DEL02-ES,UOP01-DEL02-ES,0,moderado
2025-05-13,07:25,2025-05-13 07:25:00,2025.0,5.0,terca,7.0,manha,ES,LINHARES,False,101.0,BR-101,152.0,-19.4825928,-40.1173097,Transitar na contramão,Colisão frontal,Com Vítimas Feridas,Pleno dia,Crescente,Garoa/Chuvisco,Simples,Reta,Não,0.0,3.0,0.0,3.0,1.0,0.0,3.0,4.0,SPRF-ES,DEL04-ES,UOP01-DEL04-ES,1,grave
2025-05-13,09:20,2025-05-13 09:20:00,2025.0,5.0,terca,9.0,manha,ES,SERRA,True,101.0,BR-101,262.1,-20.04884974,-40.38639807,Acessar a via sem observar a presença dos outros veículos,Colisão lateral mesmo sentido,Com Vítimas Feridas,Pleno dia,Crescente,Céu Claro,Dupla,Reta,Sim,0.0,1.0,0.0,1.0,3.0,0.0,2.0,4.0,SPRF-ES,DEL02-ES,UOP01-DEL02-ES,1,grave
2025-05-13,09:00,2025-05-13 09:00:00,2025.0,5.0,terca,9.0,manha,ES,CACHOEIRO DE ITAPEMIRIM,False,393.0,BR-393,2.0,-20.8621561,-41.1182488,Acesso irregular,Colisão lateral sentido oposto,Com Vítimas Feridas,Pleno dia,Crescente,Sol,Simples,Reta,Não,0.0,0.0,1.0,1.0,1.0,0.0,2.0,2.0,SPRF-ES,DEL03-ES,UOP02-DEL03-ES,0,moderado
2025-05-13,11:40,2025-05-13 11:40:00,2025.0,5.0,terca,11.0,manha,ES,LINHARES,False,101.0,BR-101,166.0,-19.51864195,-40.1434396,Ausência de reação do condutor,Colisão traseira,Com Vítimas Feridas,Pleno dia,Crescente,Céu Claro,Simples,Reta,Não,0.0,0.0,1.0,1.0,1.0,0.0,2.0,2.0,SPRF-ES,DEL04-ES,UOP01-DEL04-ES,0,moderado
2025-05-13,11:30,2025-05-13 11:30:00,2025.0,5.0,terca,11.0,manha,ES,JOAO NEIVA,False,101.0,BR-101,205.5,-19.76413561,-40.37306428,Retorno proibido,Colisão transversal,Com Vítimas Fatais,Pleno dia,Crescente,Nublado,Simples,Reta,Não,1.0,2.0,0.0,2.0,0.0,0.0,2.0,3.0,SPRF-ES,DEL02-ES,UOP01-DEL02-ES,1,fatal
2025-05-13,14:00,2025-05-13 14:00:00,2025.0,5.0,terca,14.0,tarde,ES,SERRA,True,101.0,BR-101,267.5,-20.2049518,-40.26888,Manobra de mudança de faixa,Saída de leito carroçável,Com Vítimas Feridas,Pleno dia,Decrescente,Sol,Múltipla,Reta,Sim,0.0,0.0,1.0,1.0,1.0,0.0,1.0,2.0,SPRF-ES,DEL02-ES,UOP01-DEL02-ES,0,moderado
2025-03-30,17:10,2025-03-30 17:10:00,2025.0,3.0,domingo,17.0,tarde,ES,LINHARES,False,101.0,BR-101,160.9,-19.483641,-40.119811,Animais na Pista,Atropelamento de Animal,Com Vítimas Feridas,Anoitecer,Crescente,Céu Claro,Simples,Reta,Não,0.0,1.0,0.0,1.0,0.0,0.0,1.0,1.0,SPRF-ES,DEL04-ES,UOP01-DEL04-ES,1,grave
2025-05-13,19:40,2025-05-13 19:40:00,2025.0,5.0,terca,19.0,noite,ES,SERRA,True,101.0,BR-101,257.5,-20.12848049,-40.29900802,Acessar a via sem observar a presença dos outros veículos,Colisão transversal,Com Vítimas Feridas,Pleno dia,Crescente,Nublado,Dupla,Reta,Sim,0.0,1.0,0.0,1.0,1.0,0.0,2.0,2.0,SPRF-ES,DEL02-ES,UOP01-DEL02-ES,1,grave
2025-05-14,06:46,2025-05-14 06:46:00,2025.0,5.0,quarta,6.0,manha,ES,LINHARES,False,101.0,BR-101,122.8,-19.1671819,-40.08656296,Ultrapassagem Indevida,Saída de leito carroçável,Com Vítimas Feridas,Pleno dia,Decrescente,Céu Claro,Simples,Reta,Não,0.0,0.0,1.0,1.0,0.0,0.0,1.0,1.0,SPRF-ES,DEL04-ES,UOP01-DEL04-ES,0,moderado
2025-05-14,07:28,2025-05-14 07:28:00,2025.0,5.0,quarta,7.0,manha,ES,GUARAPARI,True,101.0,BR-101,322.0,-20.52694351,-40.48180668,Demais falhas mecânicas ou elétricas,Incêndio,Sem Vítimas,Pleno dia,Crescente,Nublado,Dupla,Reta,Não,0.0,0.0,0.0,0.0,1.0,0.0,1.0,1.0,SPRF-ES,DEL03-ES,UOP01-DEL03-ES,0,baixo
2025-05-14,09:30,2025-05-14 09:30:00,2025.0,5.0,quarta,9.0,manha,ES,IBIRACU,False,101.0,BR-101,219.0,-19.86,-40.38,Velocidade Incompatível,Saída de leito carroçável,Com Vítimas Feridas,Pleno dia,Crescente,Chuva,Dupla,Curva,Não,0.0,0.0,1.0,1.0,0.0,0.0,1.0,1.0,SPRF-ES,DEL02-ES,UOP01-DEL02-ES,0,moderado
2025-03-07,08:50,2025-03-07 08:50:00,2025.0,3.0,sexta,8.0,manha,ES,LINHARES,False,101.0,BR-101,148.6,-19.39976728,-40.06234742,Acessar a via sem observar a presença dos outros veículos,Colisão transversal,Com Vítimas Feridas,Pleno dia,Crescente,Céu Claro,Simples,Interseção de Vias,Sim,0.0,1.0,0.0,1.0,1.0,0.0,2.0,2.0,SPRF-ES,DEL04-ES,UOP01-DEL04-ES,1,grave
2025-05-14,13:20,2025-05-14 13:20:00,2025.0,5.0,quarta,13.0,tarde,ES,SAO MATEUS,False,101.0,BR-101,67.0,-18.72190163,-39.86367702,Condutor deixou de manter distância do veículo da frente,Colisão traseira,Com Vítimas Feridas,Pleno dia,Decrescente,Céu Claro,Simples,Reta,Sim,0.0,0.0,1.0,1.0,0.0,1.0,2.0,2.0,SPRF-ES,DEL04-ES,UOP02-DEL04-ES,0,moderado
2025-05-14,15:30,2025-05-14 15:30:00,2025.0,5.0,quarta,15.0,tarde,ES,SERRA,True,101.0,BR-101,266.5,-20.19551333,-40.26872333,Condutor desrespeitou a iluminação vermelha do semáforo,Colisão transversal,Com Vítimas Feridas,Anoitecer,Crescente,Chuva,Múltipla,Reta,Não,0.0,1.0,1.0,2.0,0.0,0.0,2.0,2.0,SPRF-ES,DEL02-ES,UOP01-DEL02-ES,1,grave
2025-05-14,23:00,2025-05-14 23:00:00,2025.0,5.0,quarta,23.0,noite,ES,ATILIO VIVACQUA,False,101.0,BR-101,420.8,-20.97242891,-41.1104935,Chuva,Saída de leito carroçável,Com Vítimas Feridas,Plena Noite,Decrescente,Chuva,Simples,Reta,Não,0.0,0.0,1.0,1.0,1.0,0.0,1.0,2.0,SPRF-ES,DEL03-ES,UOP02-DEL03-ES,0,moderado
2025-05-15,08:35,2025-05-15 08:35:00,2025.0,5.0,quinta,8.0,manha,ES,SERRA,True,101.0,BR-101,252.3,-20.0999583,-40.337041,Animais na Pista,Tombamento,Com Vítimas Feridas,Pleno dia,Crescente,Céu Claro,Simples,Reta,Não,0.0,1.0,0.0,1.0,0.0,0.0,1.0,1.0,SPRF-ES,DEL02-ES,UOP01-DEL02-ES,1,grave
2025-05-15,10:50,2025-05-15 10:50:00,2025.0,5.0,quinta,10.0,manha,ES,CARIACICA,True,101.0,BR-101,289.0,-20.270987,-40.3905461,Ausência de reação do condutor,Queda de ocupante de veículo,Com Vítimas Feridas,Pleno dia,Decrescente,Céu Claro,Dupla,Reta,Sim,0.0,0.0,1.0,1.0,0.0,0.0,1.0,1.0,SPRF-ES,DEL01-ES,UOP01-DEL01-ES,0,moderado
2025-05-15,12:40,2025-05-15 12:40:00,2025.0,5.0,quinta,12.0,tarde,ES,ARACRUZ,False,101.0,BR-101,190.0,-19.68577278,-40.28173484,Reação tardia ou ineficiente do condutor,Tombamento,Com Vítimas Feridas,Pleno dia,Crescente,Céu Claro,Simples,Curva,Não,0.0,0.0,1.0,1.0,0.0,0.0,1.0,1.0,SPRF-ES,DEL04-ES,UOP01-DEL04-ES,0,moderado
2025-05-15,16:20,2025-05-15 16:20:00,2025.0,5.0,quinta,16.0,tarde,ES,SERRA,True,101.0,BR-101,255.0,-20.048857,-40.3866912,Reação tardia ou ineficiente do condutor,Colisão traseira,Com Vítimas Feridas,Pleno dia,Crescente,Céu Claro,Simples,Reta,Não,0.0,0.0,1.0,1.0,1.0,0.0,2.0,2.0,SPRF-ES,DEL02-ES,UOP01-DEL02-ES,0,moderado
2025-05-15,20:20,2025-05-15 20:20:00,2025.0,5.0,quinta,20.0,noite,ES,SERRA,True,101.0,BR-101,265.0,-20.18178891,-40.26542191,Deficiência do Sistema de Iluminação/Sinalização,Atropelamento de Pedestre,Com Vítimas Feridas,Plena Noite,Crescente,Chuva,Dupla,Reta,Sim,0.0,0.0,2.0,2.0,0.0,1.0,2.0,3.0,SPRF-ES,DEL02-ES,UOP01-DEL02-ES,0,moderado
2025-05-16,08:30,2025-05-16 08:30:00,2025.0,5.0,sexta,8.0,manha,ES,VIANA,True,101.0,BR-101,299.2,-20.35814639,-40.42076111,Reação tardia ou ineficiente do condutor,Colisão lateral mesmo sentido,Com Vítimas Feridas,Pleno dia,Crescente,Nublado,Múltipla,Reta,Sim,0.0,0.0,1.0,1.0,1.0,0.0,2.0,2.0,SPRF-ES,DEL01-ES,UOP01-DEL01-ES,0,moderado
2025-05-16,12:45,2025-05-16 12:45:00,2025.0,5.0,sexta,12.0,tarde,ES,SERRA,True,101.0,BR-101,270.6,-20.23085183,-40.27316451,Condutor desrespeitou a iluminação vermelha do semáforo,Colisão transversal,Com Vítimas Feridas,Pleno dia,Decrescente,Céu Claro,Múltipla,Interseção de Vias,Sim,0.0,1.0,2.0,3.0,1.0,0.0,2.0,4.0,SPRF-ES,DEL02-ES,UOP01-DEL02-ES,1,grave
2025-05-16,15:20,2025-05-16 15:20:00,2025.0,5.0,sexta,15.0,tarde,ES,LINHARES,False,101.0,BR-101,146.0,-19.37707696,-40.06599506,Reação tardia ou ineficiente do condutor,Colisão traseira,Com Vítimas Feridas,Pleno dia,Decrescente,Céu Claro,Múltipla,Reta,Sim,0.0,1.0,0.0,1.0,0.0,1.0,2.0,2.0,SPRF-ES,DEL04-ES,UOP01-DEL04-ES,1,grave
2025-05-16,23:30,2025-05-16 23:30:00,2025.0,5.0,sexta,23.0,noite,ES,JOAO NEIVA,False,101.0,BR-101,206.0,-19.765273,-40.37168,Reação tardia ou ineficiente do condutor,Colisão com objeto,Com Vítimas Feridas,Plena Noite,Decrescente,Céu Claro,Múltipla,Reta,Sim,0.0,0.0,1.0,1.0,1.0,0.0,1.0,2.0,SPRF-ES,DEL02-ES,UOP01-DEL02-ES,0,moderado
2025-05-17,03:00,2025-05-17 03:00:00,2025.0,5.0,sabado,3.0,madrugada,ES,CARIACICA,True,101.0,BR-101,295.0,-20.33691812,-40.40232253,Velocidade Incompatível,Capotamento,Com Vítimas Feridas,Plena Noite,Decrescente,Nublado,Dupla,Reta,Sim,0.0,1.0,0.0,1.0,0.0,0.0,1.0,1.0,SPRF-ES,DEL01-ES,UOP01-DEL01-ES,1,grave
2025-05-17,09:00,2025-05-17 09:00:00,2025.0,5.0,sabado,9.0,manha,ES,SERRA,True,101.0,BR-101,270.7,-20.23272427,-40.2755785,Velocidade Incompatível,Colisão com objeto,Com Vítimas Feridas,Pleno dia,Crescente,Nublado,Múltipla,Curva,Sim,0.0,0.0,1.0,1.0,0.0,0.0,1.0,1.0,SPRF-ES,DEL02-ES,UOP01-DEL02-ES,0,moderado
2025-05-17,14:00,2025-05-17 14:00:00,2025.0,5.0,sabado,14.0,tarde,ES,SERRA,True,101.0,BR-101,269.9,-20.0488618,-40.3866904,Manobra de mudança de faixa,Colisão lateral mesmo sentido,Com Vítimas Feridas,Pleno dia,Decrescente,Céu Claro,Dupla,Reta,Sim,0.0,0.0,1.0,1.0,1.0,0.0,2.0,2.0,SPRF-ES,DEL02-ES,UOP01-DEL02-ES,0,moderado
2025-05-17,14:39,2025-05-17 14:39:00,2025.0,5.0,sabado,14.0,tarde,ES,LINHARES,False,101.0,BR-101,161.0,-19.4887139,-40.12536661,Ultrapassagem Indevida,Tombamento,Com Vítimas Feridas,Pleno dia,Crescente,Céu Claro,Simples,Reta,Não,0.0,0.0,1.0,1.0,0.0,0.0,1.0,1.0,SPRF-ES,DEL04-ES,UOP01-DEL04-ES,0,moderado
2025-05-17,16:51,2025-05-17 16:51:00,2025.0,5.0,sabado,16.0,tarde,ES,SERRA,True,101.0,BR-101,270.4,-20.0488623,-40.386691,Condutor desrespeitou a iluminação vermelha do semáforo,Colisão transversal,Com Vítimas Feridas,Pleno dia,Decrescente,Céu Claro,Múltipla,Reta,Sim,0.0,1.0,0.0,1.0,4.0,0.0,2.0,5.0,SPRF-ES,DEL02-ES,UOP01-DEL02-ES,1,grave
2025-05-17,18:25,2025-05-17 18:25:00,2025.0,5.0,sabado,18.0,noite,ES,ATILIO VIVACQUA,False,101.0,BR-101,426.3,-21.00998291,-41.14428163,Ausência de reação do condutor,Colisão com objeto,Com Vítimas Feridas,Plena Noite,Crescente,Céu Claro,Dupla,Reta,Não,0.0,1.0,0.0,1.0,0.0,0.0,1.0,1.0,SPRF-ES,DEL03-ES,UOP02-DEL03-ES,1,grave
2025-05-17,20:30,2025-05-17 20:30:00,2025.0,5.0,sabado,20.0,noite,ES,CONCEICAO DA BARRA,False,101.0,BR-101,25.0,-18.376312,-39.94730696,Ausência de reação do condutor,Colisão traseira,Com Vítimas Feridas,Plena Noite,Crescente,Chuva,Simples,Reta,Não,0.0,0.0,2.0,2.0,0.0,1.0,2.0,3.0,SPRF-ES,DEL04-ES,UOP02-DEL04-ES,0,moderado
2025-05-17,22:00,2025-05-17 22:00:00,2025.0,5.0,sabado,22.0,noite,ES,SERRA,True,101.0,BR-101,265.4,-20.20495438,-40.26906983,Entrada inopinada do pedestre,Atropelamento de Pedestre,Com Vítimas Feridas,Plena Noite,Decrescente,Nublado,Múltipla,Declive;Reta,Sim,0.0,0.0,1.0,1.0,1.0,2.0,2.0,4.0,SPRF-ES,DEL02-ES,UOP01-DEL02-ES,0,moderado
2025-05-18,07:15,2025-05-18 07:15:00,2025.0,5.0,domingo,7.0,manha,ES,LINHARES,False,101.0,BR-101,144.0,-19.35293532,-40.06365435,Condutor deixou de manter distância do veículo da frente,Colisão traseira,Com Vítimas Feridas,Pleno dia,Decrescente,Céu Claro,Múltipla,Retorno Regulamentado;Reta,Sim,0.0,0.0,2.0,2.0,0.0,1.0,2.0,3.0,SPRF-ES,DEL04-ES,UOP01-DEL04-ES,0,moderado
2025-05-18,10:00,2025-05-18 10:00:00,2025.0,5.0,domingo,10.0,manha,ES,GUARAPARI,True,101.0,BR-101,344.7,-20.66136735,-40.60512543,Reação tardia ou ineficiente do condutor,Colisão com objeto,Com Vítimas Feridas,Pleno dia,Decrescente,Nublado,Dupla,Reta,Não,0.0,0.0,1.0,1.0,0.0,0.0,1.0,1.0,SPRF-ES,DEL03-ES,UOP01-DEL03-ES,0,moderado
2025-05-18,15:50,2025-05-18 15:50:00,2025.0,5.0,domingo,15.0,tarde,ES,MARECHAL FLORIANO,False,262.0,BR-262,56.2,-20.41286163,-40.75911644,Acessar a via sem observar a presença dos outros veículos,Queda de ocupante de veículo,Com Vítimas Feridas,Pleno dia,Crescente,Céu Claro,Dupla,Curva;Rotatória,Sim,0.0,0.0,1.0,1.0,1.0,0.0,2.0,2.0,SPRF-ES,DEL01-ES,UOP01-DEL01-ES,0,moderado
2025-05-18,19:30,2025-05-18 19:30:00,2025.0,5.0,domingo,19.0,noite,ES,SERRA,True,101.0,BR-101,265.2,-20.18479,-40.26783,Reação tardia ou ineficiente do condutor,Engavetamento,Com Vítimas Feridas,Plena Noite,Crescente,Céu Claro,Dupla,Reta,Sim,0.0,0.0,2.0,2.0,4.0,0.0,3.0,6.0,SPRF-ES,DEL02-ES,UOP01-DEL02-ES,0,moderado
2025-05-18,19:40,2025-05-18 19:40:00,2025.0,5.0,domingo,19.0,noite,ES,LINHARES,False,101.0,BR-101,141.0,-19.32248419,-40.07347378,Ausência de reação do condutor,Atropelamento de Pedestre,Com Vítimas Feridas,Plena Noite,Crescente,Céu Claro,Dupla,Reta,Não,0.0,0.0,1.0,1.0,1.0,0.0,2.0,2.0,SPRF-ES,DEL04-ES,UOP01-DEL04-ES,0,moderado
2025-05-18,20:09,2025-05-18 20:09:00,2025.0,5.0,domingo,20.0,noite,ES,SAO MATEUS,False,101.0,BR-101,72.5,-18.757493,-39.862935,Transitar na contramão,Colisão frontal,Com Vítimas Fatais,Plena Noite,Crescente,Céu Claro,Simples,Declive,Não,1.0,0.0,0.0,0.0,1.0,0.0,2.0,2.0,SPRF-ES,DEL04-ES,UOP02-DEL04-ES,1,fatal
2025-05-18,19:15,2025-05-18 19:15:00,2025.0,5.0,domingo,19.0,noite,ES,SAO MATEUS,False,101.0,BR-101,69.0,-18.73750272,-39.86088663,Transitar na contramão,Colisão frontal,Sem Vítimas,Plena Noite,Crescente,Céu Claro,Simples,Reta,Sim,0.0,0.0,0.0,0.0,3.0,0.0,2.0,3.0,SPRF-ES,DEL04-ES,UOP02-DEL04-ES,0,baixo
2025-05-18,21:20,2025-05-18 21:20:00,2025.0,5.0,domingo,21.0,noite,ES,MARECHAL FLORIANO,False,262.0,BR-262,56.0,-20.41275533,-40.75909495,Ingestão de álcool pelo condutor,Capotamento,Com Vítimas Feridas,Plena Noite,Decrescente,Céu Claro,Dupla,Declive;Reta,Sim,0.0,1.0,0.0,1.0,1.0,0.0,1.0,2.0,SPRF-ES,DEL01-ES,UOP01-DEL01-ES,1,grave
2025-05-19,02:44,2025-05-19 02:44:00,2025.0,5.0,segunda,2.0,madrugada,ES,LINHARES,False,101.0,BR-101,150.0,-19.41284962,-40.06645203,Reação tardia ou ineficiente do condutor,Colisão com objeto,Sem Vítimas,Plena Noite,Decrescente,Garoa/Chuvisco,Simples,Reta;Ponte,Não,0.0,0.0,0.0,0.0,1.0,0.0,1.0,1.0,SPRF-ES,DEL04-ES,UOP01-DEL04-ES,0,baixo
2025-05-19,07:15,2025-05-19 07:15:00,2025.0,5.0,segunda,7.0,manha,ES,SERRA,True,101.0,BR-101,245.9,-20.0488636,-40.3866951,Demais falhas mecânicas ou elétricas,Incêndio,Sem Vítimas,Pleno dia,Crescente,Nublado,Dupla,Reta,Não,0.0,0.0,0.0,0.0,1.0,0.0,1.0,1.0,SPRF-ES,DEL02-ES,UOP01-DEL02-ES,0,baixo
2025-05-19,06:55,2025-05-19 06:55:00,2025.0,5.0,segunda,6.0,manha,ES,LINHARES,False,101.0,BR-101,146.0,-19.37129579,-40.06595901,Manobra de mudança de faixa,Colisão lateral mesmo sentido,Com Vítimas Feridas,Pleno dia,Crescente,Céu Claro,Dupla,Reta,Não,0.0,0.0,1.0,1.0,1.0,0.0,2.0,2.0,SPRF-ES,DEL04-ES,UOP01-DEL04-ES,0,moderado
2025-05-19,09:30,2025-05-19 09:30:00,2025.0,5.0,segunda,9.0,manha,ES,SOORETAMA,False,101.0,BR-101,125.9,-19.19332932,-40.09507505,Mal súbito do condutor,Colisão com objeto,Com Vítimas Feridas,Pleno dia,Crescente,Chuva,Múltipla,Reta,Sim,0.0,0.0,1.0,1.0,0.0,0.0,1.0,1.0,SPRF-ES,DEL04-ES,UOP01-DEL04-ES,0,moderado
2025-03-01,04:30,2025-03-01 04:30:00,2025.0,3.0,sabado,4.0,madrugada,ES,LINHARES,False,101.0,BR-101,133.8,-19.28321568,-40.08700848,Ultrapassagem Indevida,Colisão transversal,Com Vítimas Feridas,Plena Noite,Crescente,Nublado,Simples,Interseção de Vias;Reta,Não,0.0,0.0,6.0,6.0,0.0,0.0,2.0,6.0,SPRF-ES,DEL04-ES,UOP01-DEL04-ES,0,moderado
2025-05-19,19:50,2025-05-19 19:50:00,2025.0,5.0,segunda,19.0,noite,ES,VENDA NOVA DO IMIGRANTE,False,262.0,BR-262,99.4,-20.35088889,-41.09637201,Transitar na contramão,Colisão lateral sentido oposto,Com Vítimas Feridas,Plena Noite,Crescente,Céu Claro,Simples,Curva,Não,0.0,0.0,2.0,2.0,0.0,0.0,2.0,2.0,SPRF-ES,DEL01-ES,UOP02-DEL01-ES,0,moderado
2025-05-20,08:20,2025-05-20 08:20:00,2025.0,5.0,terca,8.0,manha,ES,CARIACICA,True,101.0,BR-101,288.0,-20.27164276,-40.39123535,Manobra de mudança de faixa,Colisão lateral mesmo sentido,Com Vítimas Feridas,Pleno dia,Decrescente,Sol,Dupla,Reta;Declive,Sim,0.0,1.0,0.0,1.0,1.0,0.0,2.0,2.0,SPRF-ES,DEL01-ES,UOP01-DEL01-ES,1,grave
2025-05-20,15:00,2025-05-20 15:00:00,2025.0,5.0,terca,15.0,tarde,ES,CARIACICA,True,101.0,BR-101,282.9,-20.23265836,-40.36839215,Pista esburacada,Colisão com objeto,Com Vítimas Feridas,Pleno dia,Decrescente,Céu Claro,Múltipla,Retorno Regulamentado;Reta,Não,0.0,1.0,0.0,1.0,0.0,1.0,2.0,2.0,SPRF-ES,DEL01-ES,UOP01-DEL01-ES,1,grave
2025-05-12,14:40,2025-05-12 14:40:00,2025.0,5.0,segunda,14.0,tarde,ES,LINHARES,False,101.0,BR-101,147.0,-19.3970634,-40.06396294,Acessar a via sem observar a presença dos outros veículos,Colisão transversal,Com Vítimas Feridas,Pleno dia,Crescente,Nublado,Múltipla,Reta,Sim,0.0,0.0,1.0,1.0,1.0,0.0,2.0,2.0,SPRF-ES,DEL04-ES,UOP01-DEL04-ES,0,moderado
2025-05-20,17:00,2025-05-20 17:00:00,2025.0,5.0,terca,17.0,tarde,ES,IBATIBA,False,262.0,BR-262,158.7,-20.231735,-41.501957,Reação tardia ou ineficiente do condutor,Colisão frontal,Sem Vítimas,Pleno dia,Decrescente,Céu Claro,Dupla,Reta,Não,0.0,0.0,0.0,0.0,2.0,0.0,2.0,2.0,SPRF-ES,DEL01-ES,UOP02-DEL01-ES,0,baixo
2025-05-20,21:02,2025-05-20 21:02:00,2025.0,5.0,terca,21.0,noite,ES,LINHARES,False,101.0,BR-101,140.0,-19.33720016,-40.06647038,Mal súbito do condutor,Tombamento,Com Vítimas Feridas,Plena Noite,Crescente,Céu Claro,Múltipla,Reta,Sim,0.0,0.0,1.0,1.0,0.0,0.0,1.0,1.0,SPRF-ES,DEL04-ES,UOP01-DEL04-ES,0,moderado
2025-05-21,17:15,2025-05-21 17:15:00,2025.0,5.0,quarta,17.0,tarde,ES,IBIRACU,False,101.0,BR-101,212.9,-19.82345458,-40.36983043,Manobra de mudança de faixa,Colisão lateral mesmo sentido,Com Vítimas Feridas,Anoitecer,Crescente,Céu Claro,Simples,Reta,Sim,0.0,1.0,0.0,1.0,0.0,2.0,3.0,3.0,SPRF-ES,DEL02-ES,UOP01-DEL02-ES,1,grave
2025-05-21,17:26,2025-05-21 17:26:00,2025.0,5.0,quarta,17.0,tarde,ES,SERRA,True,101.0,BR-101,263.1,-20.17453061,-40.2669688,Manobra de mudança de faixa,Colisão lateral mesmo sentido,Com Vítimas Feridas,Pleno dia,Decrescente,Céu Claro,Simples,Reta,Sim,0.0,0.0,1.0,1.0,1.0,0.0,2.0,2.0,SPRF-ES,DEL02-ES,UOP01-DEL02-ES,0,moderado
2025-05-21,17:30,2025-05-21 17:30:00,2025.0,5.0,quarta,17.0,tarde,ES,SERRA,True,101.0,BR-101,263.1,-20.16776216,-40.27132315,Manobra de mudança de faixa,Colisão lateral mesmo sentido,Com Vítimas Feridas,Anoitecer,Decrescente,Nublado,Dupla,Reta,Sim,0.0,1.0,1.0,2.0,1.0,0.0,2.0,3.0,SPRF-ES,DEL02-ES,UOP01-DEL02-ES,1,grave
2025-05-21,17:40,2025-05-21 17:40:00,2025.0,5.0,quarta,17.0,tarde,ES,LINHARES,False,101.0,BR-101,146.0,-19.37329061,-40.06569283,Velocidade Incompatível,Colisão traseira,Com Vítimas Feridas,Anoitecer,Crescente,Céu Claro,Dupla,Reta,Sim,0.0,0.0,4.0,4.0,0.0,0.0,3.0,4.0,SPRF-ES,DEL04-ES,UOP01-DEL04-ES,0,moderado
2025-05-22,01:00,2025-05-22 01:00:00,2025.0,5.0,quinta,1.0,madrugada,ES,SERRA,True,101.0,BR-101,279.0,-20.21737431,-40.3303037,Ausência de reação do condutor,Saída de leito carroçável,Com Vítimas Feridas,Plena Noite,Crescente,Céu Claro,Dupla,Reta,Não,0.0,1.0,0.0,1.0,0.0,0.0,1.0,1.0,SPRF-ES,DEL02-ES,UOP01-DEL02-ES,1,grave
2025-05-22,13:08,2025-05-22 13:08:00,2025.0,5.0,quinta,13.0,tarde,ES,CARIACICA,True,101.0,BR-101,289.7,-20.291155,-40.391728,Manobra de mudança de faixa,Tombamento,Com Vítimas Feridas,Pleno dia,Decrescente,Céu Claro,Dupla,Reta,Não,0.0,1.0,0.0,1.0,0.0,0.0,1.0,1.0,SPRF-ES,DEL01-ES,UOP01-DEL01-ES,1,grave
2025-05-11,04:30,2025-05-11 04:30:00,2025.0,5.0,domingo,4.0,madrugada,ES,MARECHAL FLORIANO,False,262.0,BR-262,65.0,-20.4145767,-40.826455,Transitar na contramão,Colisão lateral sentido oposto,Com Vítimas Feridas,Amanhecer,Decrescente,Céu Claro,Simples,Curva,Não,0.0,0.0,2.0,2.0,1.0,0.0,2.0,3.0,SPRF-ES,DEL01-ES,UOP02-DEL01-ES,0,moderado
2025-05-22,14:50,2025-05-22 14:50:00,2025.0,5.0,quinta,14.0,tarde,ES,CARIACICA,True,101.0,BR-101,294.7,-20.330453,-40.399162,Manobra de mudança de faixa,Colisão lateral mesmo sentido,Com Vítimas Feridas,Pleno dia,Decrescente,Céu Claro,Múltipla,Reta,Sim,0.0,0.0,2.0,2.0,1.0,0.0,2.0,3.0,SPRF-ES,DEL01-ES,UOP01-DEL01-ES,0,moderado
2025-05-22,14:45,2025-05-22 14:45:00,2025.0,5.0,quinta,14.0,tarde,ES,ICONHA,False,101.0,BR-101,380.9,-20.811965,-40.8391842,Condutor Dormindo,Saída de leito carroçável,Com Vítimas Feridas,Pleno dia,Decrescente,Nublado,Simples,Curva,Não,0.0,1.0,1.0,2.0,0.0,0.0,1.0,2.0,SPRF-ES,DEL03-ES,UOP01-DEL03-ES,1,grave
2025-05-22,15:40,2025-05-22 15:40:00,2025.0,5.0,quinta,15.0,tarde,ES,GUARAPARI,True,101.0,BR-101,337.8,-20.6063591,-40.50693154,Acessar a via sem observar a presença dos outros veículos,Tombamento,Com Vítimas Feridas,Pleno dia,Crescente,Nublado,Dupla,Reta,Não,0.0,1.0,0.0,1.0,0.0,0.0,1.0,1.0,SPRF-ES,DEL03-ES,UOP01-DEL03-ES,1,grave
2025-05-22,16:00,2025-05-22 16:00:00,2025.0,5.0,quinta,16.0,tarde,ES,SERRA,True,101.0,BR-101,10.5,-20.14814211,-40.34507811,Demais falhas mecânicas ou elétricas,Incêndio,Sem Vítimas,Pleno dia,Crescente,Nublado,Dupla,Reta,Não,0.0,0.0,0.0,0.0,1.0,0.0,1.0,1.0,SPRF-ES,DEL02-ES,UOP01-DEL02-ES,0,baixo
2025-05-22,19:32,2025-05-22 19:32:00,2025.0,5.0,quinta,19.0,noite,ES,ARACRUZ,False,101.0,BR-101,187.0,-19.65670241,-40.23420222,Velocidade Incompatível,Saída de leito carroçável,Com Vítimas Feridas,Plena Noite,Decrescente,Céu Claro,Simples,Curva,Não,0.0,0.0,1.0,1.0,0.0,0.0,1.0,1.0,SPRF-ES,DEL04-ES,UOP01-DEL04-ES,0,moderado
2025-04-14,15:10,2025-04-14 15:10:00,2025.0,4.0,segunda,15.0,tarde,ES,SERRA,True,101.0,BR-101,264.0,-20.17698542,-40.2658784,Semáforo com defeito,Colisão transversal,Com Vítimas Feridas,Pleno dia,Crescente,Nublado,Múltipla,Interseção de Vias,Sim,0.0,1.0,0.0,1.0,1.0,0.0,2.0,2.0,SPRF-ES,DEL02-ES,UOP01-DEL02-ES,1,grave
2025-05-22,21:10,2025-05-22 21:10:00,2025.0,5.0,quinta,21.0,noite,ES,SERRA,True,101.0,BR-101,270.2,-20.230815,-40.273087,Reação tardia ou ineficiente do condutor,Colisão transversal,Com Vítimas Feridas,Plena Noite,Crescente,Céu Claro,Dupla,Interseção de Vias,Sim,0.0,0.0,1.0,1.0,2.0,0.0,2.0,3.0,SPRF-ES,DEL02-ES,UOP01-DEL02-ES,0,moderado
2025-05-23,06:30,2025-05-23 06:30:00,2025.0,5.0,sexta,6.0,manha,ES,CARIACICA,True,101.0,BR-101,284.0,-20.2473824,-40.3706038,Ausência de reação do condutor,Queda de ocupante de veículo,Com Vítimas Feridas,Pleno dia,Crescente,Céu Claro,Dupla,Aclive;Curva,Não,0.0,0.0,2.0,2.0,0.0,0.0,1.0,2.0,SPRF-ES,DEL01-ES,UOP01-DEL01-ES,0,moderado
2025-05-23,06:58,2025-05-23 06:58:00,2025.0,5.0,sexta,6.0,manha,ES,LINHARES,False,101.0,BR-101,144.0,-19.34935256,-40.06310916,Acesso irregular,Colisão transversal,Com Vítimas Feridas,Pleno dia,Crescente,Céu Claro,Simples,Interseção de Vias,Sim,0.0,0.0,1.0,1.0,1.0,0.0,2.0,2.0,SPRF-ES,DEL04-ES,UOP01-DEL04-ES,0,moderado
2025-05-23,08:10,2025-05-23 08:10:00,2025.0,5.0,sexta,8.0,manha,ES,SERRA,True,101.0,BR-101,268.0,-20.21692066,-40.27014792,Ausência de reação do condutor,Colisão traseira,Com Vítimas Feridas,Pleno dia,Crescente,Céu Claro,Dupla,Reta,Sim,0.0,0.0,2.0,2.0,1.0,0.0,2.0,3.0,SPRF-ES,DEL02-ES,UOP01-DEL02-ES,0,moderado
2025-05-23,07:30,2025-05-23 07:30:00,2025.0,5.0,sexta,7.0,manha,ES,LINHARES,False,101.0,BR-101,147.0,-19.38046598,-40.06628036,Acessar a via sem observar a presença dos outros veículos,Colisão transversal,Com Vítimas Feridas,Pleno dia,Crescente,Céu Claro,Simples,Reta,Sim,0.0,0.0,2.0,2.0,0.0,0.0,2.0,2.0,SPRF-ES,DEL04-ES,UOP01-DEL04-ES,0,moderado
2025-05-23,13:35,2025-05-23 13:35:00,2025.0,5.0,sexta,13.0,tarde,ES,SERRA,True,101.0,BR-101,259.2,-20.140411,-40.2923,Retorno proibido,Colisão transversal,Com Vítimas Feridas,Pleno dia,Decrescente,Céu Claro,Dupla,Reta;Declive,Sim,0.0,1.0,0.0,1.0,1.0,0.0,2.0,2.0,SPRF-ES,DEL02-ES,UOP01-DEL02-ES,1,grave
2025-05-23,17:30,2025-05-23 17:30:00,2025.0,5.0,sexta,17.0,tarde,ES,LINHARES,False,101.0,BR-101,162.9,-19.49782981,-40.1305129,Acessar a via sem observar a presença dos outros veículos,Colisão transversal,Com Vítimas Feridas,Plena Noite,Decrescente,Céu Claro,Simples,Reta,Não,0.0,0.0,1.0,1.0,1.0,0.0,2.0,2.0,SPRF-ES,DEL04-ES,UOP01-DEL04-ES,0,moderado
2025-05-23,18:40,2025-05-23 18:40:00,2025.0,5.0,sexta,18.0,noite,ES,DOMINGOS MARTINS,False,262.0,BR-262,98.0,-20.3548323,-41.0873625,Acessar a via sem observar a presença dos outros veículos,Colisão transversal,Com Vítimas Feridas,Plena Noite,Crescente,Céu Claro,Simples,Interseção de Vias,Não,0.0,0.0,1.0,1.0,2.0,0.0,2.0,3.0,SPRF-ES,DEL01-ES,UOP02-DEL01-ES,0,moderado
2025-05-23,19:30,2025-05-23 19:30:00,2025.0,5.0,sexta,19.0,noite,ES,VIANA,True,262.0,BR-262,21.0,-20.3805859,-40.505194,Ausência de reação do condutor,Tombamento,Com Vítimas Feridas,Plena Noite,Crescente,Céu Claro,Simples,Reta,Não,0.0,0.0,1.0,1.0,0.0,0.0,1.0,1.0,SPRF-ES,DEL01-ES,UOP01-DEL01-ES,0,moderado
2025-05-23,20:39,2025-05-23 20:39:00,2025.0,5.0,sexta,20.0,noite,ES,CONCEICAO DA BARRA,False,101.0,BR-101,26.6,-18.37559291,-39.94731903,Ingestão de álcool pelo condutor,Colisão traseira,Com Vítimas Fatais,Plena Noite,Crescente,Céu Claro,Simples,Reta,Não,1.0,0.0,4.0,4.0,1.0,0.0,3.0,6.0,SPRF-ES,DEL04-ES,UOP02-DEL04-ES,1,fatal
2025-05-24,05:53,2025-05-24 05:53:00,2025.0,5.0,sabado,5.0,madrugada,ES,LINHARES,False,101.0,BR-101,143.9,-19.3512073,-40.0631498,Ingestão de álcool pelo condutor,Colisão com objeto,Com Vítimas Fatais,Amanhecer,Decrescente,Céu Claro,Simples,Interseção de Vias,Sim,1.0,0.0,0.0,0.0,0.0,0.0,1.0,1.0,SPRF-ES,DEL04-ES,UOP01-DEL04-ES,1,fatal
2025-05-24,05:50,2025-05-24 05:50:00,2025.0,5.0,sabado,5.0,madrugada,ES,IBIRACU,False,101.0,BR-101,211.6,-19.81260183,-40.36550455,Transitar na contramão,Colisão frontal,Com Vítimas Feridas,Amanhecer,Crescente,Céu Claro,Simples,Curva,Não,0.0,0.0,3.0,3.0,2.0,0.0,2.0,5.0,SPRF-ES,DEL02-ES,UOP01-DEL02-ES,0,moderado
2025-05-24,07:20,2025-05-24 07:20:00,2025.0,5.0,sabado,7.0,manha,ES,SERRA,True,101.0,BR-101,272.0,-20.22724888,-40.28426988,Acumulo de água sobre o pavimento,Queda de ocupante de veículo,Com Vítimas Feridas,Pleno dia,Crescente,Chuva,Dupla,Reta,Não,0.0,0.0,1.0,1.0,0.0,0.0,1.0,1.0,SPRF-ES,DEL02-ES,UOP01-DEL02-ES,0,moderado
2025-05-24,09:00,2025-05-24 09:00:00,2025.0,5.0,sabado,9.0,manha,ES,CACHOEIRO DE ITAPEMIRIM,False,393.0,BR-393,8.0,-20.82809834,-41.20438814,Velocidade Incompatível,Queda de ocupante de veículo,Com Vítimas Feridas,Pleno dia,Crescente,Nublado,Simples,Reta,Não,0.0,1.0,0.0,1.0,0.0,0.0,1.0,1.0,SPRF-ES,DEL03-ES,UOP02-DEL03-ES,1,grave
2025-05-24,11:00,2025-05-24 11:00:00,2025.0,5.0,sabado,11.0,manha,ES,ANCHIETA,False,101.0,BR-101,352.5,-20.674307,-40.664595,Chuva,Tombamento,Com Vítimas Fatais,Pleno dia,Decrescente,Chuva,Dupla,Reta,Não,1.0,0.0,0.0,0.0,1.0,0.0,2.0,2.0,SPRF-ES,DEL03-ES,UOP01-DEL03-ES,1,fatal
2025-05-24,18:10,2025-05-24 18:10:00,2025.0,5.0,sabado,18.0,noite,ES,SAO MATEUS,False,101.0,BR-101,49.0,-18.6489432,-39.8735828,Entrada inopinada do pedestre,Atropelamento de Pedestre,Com Vítimas Feridas,Plena Noite,Crescente,Nublado,Simples,Reta,Não,0.0,1.0,1.0,2.0,0.0,0.0,2.0,2.0,SPRF-ES,DEL04-ES,UOP02-DEL04-ES,1,grave
2025-05-24,17:40,2025-05-24 17:40:00,2025.0,5.0,sabado,17.0,tarde,ES,SERRA,True,101.0,BR-101,255.0,-20.117527,-40.314354,Reação tardia ou ineficiente do condutor,Atropelamento de Pedestre,Com Vítimas Feridas,Anoitecer,Crescente,Chuva,Simples,Reta,Sim,0.0,1.0,0.0,1.0,0.0,1.0,2.0,2.0,SPRF-ES,DEL02-ES,UOP01-DEL02-ES,1,grave
2025-05-24,21:15,2025-05-24 21:15:00,2025.0,5.0,sabado,21.0,noite,ES,LINHARES,False,101.0,BR-101,144.1,-19.35260537,-40.06351815,Ausência de reação do condutor,Colisão traseira,Com Vítimas Feridas,Plena Noite,Decrescente,Nublado,Múltipla,Reta,Sim,0.0,0.0,1.0,1.0,1.0,0.0,2.0,2.0,SPRF-ES,DEL04-ES,UOP01-DEL04-ES,0,moderado
2025-05-25,04:25,2025-05-25 04:25:00,2025.0,5.0,domingo,4.0,madrugada,ES,LINHARES,False,101.0,BR-101,121.5,-19.16217675,-40.08427984,Ingestão de álcool pelo condutor,Tombamento,Com Vítimas Feridas,Plena Noite,Crescente,Céu Claro,Simples,Reta,Não,0.0,0.0,2.0,2.0,0.0,0.0,1.0,2.0,SPRF-ES,DEL04-ES,UOP01-DEL04-ES,0,moderado
2025-05-25,14:00,2025-05-25 14:00:00,2025.0,5.0,domingo,14.0,tarde,ES,ARACRUZ,False,101.0,BR-101,195.3,-19.70218142,-40.32486602,Conversão proibida,Colisão transversal,Com Vítimas Feridas,Pleno dia,Crescente,Céu Claro,Simples,Reta;Declive,Não,0.0,1.0,1.0,2.0,2.0,0.0,2.0,4.0,SPRF-ES,DEL04-ES,UOP01-DEL04-ES,1,grave
2025-05-09,11:25,2025-05-09 11:25:00,2025.0,5.0,sexta,11.0,manha,ES,SERRA,True,101.0,BR-101,265.5,-20.1906852,-40.26840712,Condutor desrespeitou a iluminação vermelha do semáforo,Colisão transversal,Com Vítimas Feridas,Pleno dia,Crescente,Céu Claro,Múltipla,Reta,Sim,0.0,0.0,2.0,2.0,0.0,0.0,2.0,2.0,SPRF-ES,DEL02-ES,UOP01-DEL02-ES,0,moderado
2025-05-25,17:56,2025-05-25 17:56:00,2025.0,5.0,domingo,17.0,tarde,ES,SERRA,True,101.0,BR-101,271.0,-20.23044915,-40.28023481,Condutor deixou de manter distância do veículo da frente,Colisão traseira,Com Vítimas Feridas,Anoitecer,Decrescente,Céu Claro,Dupla,Reta,Sim,0.0,0.0,1.0,1.0,1.0,1.0,2.0,3.0,SPRF-ES,DEL02-ES,UOP01-DEL02-ES,0,moderado
2025-05-25,19:25,2025-05-25 19:25:00,2025.0,5.0,domingo,19.0,noite,ES,JAGUARE,False,101.0,BR-101,100.0,-18.96626041,-39.98881213,Acessar a via sem observar a presença dos outros veículos,Atropelamento de Pedestre,Com Vítimas Feridas,Plena Noite,Decrescente,Chuva,Simples,Interseção de Vias,Sim,0.0,0.0,1.0,1.0,1.0,0.0,2.0,2.0,SPRF-ES,DEL04-ES,UOP02-DEL04-ES,0,moderado
2025-05-25,23:55,2025-05-25 23:55:00,2025.0,5.0,domingo,23.0,noite,ES,VIANA,True,101.0,BR-101,304.8,-20.38267822,-40.45925617,Ausência de reação do condutor,Tombamento,Com Vítimas Feridas,Plena Noite,Crescente,Chuva,Dupla,Reta,Sim,0.0,0.0,1.0,1.0,0.0,0.0,1.0,1.0,SPRF-ES,DEL01-ES,UOP01-DEL01-ES,0,moderado
2025-05-26,01:58,2025-05-26 01:58:00,2025.0,5.0,segunda,1.0,madrugada,ES,PINHEIROS,False,101.0,BR-101,33.0,-18.35874568,-39.95418429,Reação tardia ou ineficiente do condutor,Saída de leito carroçável,Com Vítimas Feridas,Plena Noite,Crescente,Chuva,Simples,Reta,Não,0.0,0.0,1.0,1.0,2.0,0.0,1.0,3.0,SPRF-ES,DEL04-ES,UOP02-DEL04-ES,0,moderado
2025-05-18,20:30,2025-05-18 20:30:00,2025.0,5.0,domingo,20.0,noite,ES,SERRA,True,101.0,BR-101,255.5,-20.11732584,-40.31478167,Condutor desrespeitou a iluminação vermelha do semáforo,Colisão transversal,Com Vítimas Feridas,Plena Noite,Crescente,Céu Claro,Simples,Interseção de Vias,Sim,0.0,0.0,3.0,3.0,0.0,1.0,3.0,4.0,SPRF-ES,DEL02-ES,UOP01-DEL02-ES,0,moderado
2025-05-26,13:00,2025-05-26 13:00:00,2025.0,5.0,segunda,13.0,tarde,ES,JAGUARE,False,101.0,BR-101,94.0,-18.93251667,-39.9726483,Acessar a via sem observar a presença dos outros veículos,Colisão transversal,Com Vítimas Feridas,Pleno dia,Decrescente,Chuva,Simples,Reta,Sim,0.0,0.0,2.0,2.0,1.0,0.0,2.0,3.0,SPRF-ES,DEL04-ES,UOP02-DEL04-ES,0,moderado
2025-05-26,17:20,2025-05-26 17:20:00,2025.0,5.0,segunda,17.0,tarde,ES,LINHARES,False,101.0,BR-101,147.6,-19.38659826,-40.06761559,Acessar a via sem observar a presença dos outros veículos,Colisão transversal,Com Vítimas Feridas,Anoitecer,Crescente,Chuva,Dupla,Reta,Sim,0.0,0.0,1.0,1.0,1.0,0.0,2.0,2.0,SPRF-ES,DEL04-ES,UOP01-DEL04-ES,0,moderado
2025-05-14,17:20,2025-05-14 17:20:00,2025.0,5.0,quarta,17.0,tarde,ES,SERRA,True,101.0,BR-101,270.0,-20.229368,-40.272189,Reação tardia ou ineficiente do condutor,Colisão traseira,Com Vítimas Feridas,Anoitecer,Decrescente,Chuva,Múltipla,Reta,Sim,0.0,0.0,1.0,1.0,1.0,0.0,2.0,2.0,SPRF-ES,DEL02-ES,UOP01-DEL02-ES,0,moderado
2025-05-26,18:40,2025-05-26 18:40:00,2025.0,5.0,segunda,18.0,noite,ES,IBATIBA,False,262.0,BR-262,171.5,-20.265353,-41.60062,Ausência de reação do condutor,Colisão traseira,Com Vítimas Feridas,Plena Noite,Decrescente,Garoa/Chuvisco,Simples,Reta;Aclive,Não,0.0,0.0,2.0,2.0,1.0,0.0,2.0,3.0,SPRF-ES,DEL01-ES,UOP02-DEL01-ES,0,moderado
2025-05-27,07:40,2025-05-27 07:40:00,2025.0,5.0,terca,7.0,manha,ES,SAO MATEUS,False,101.0,BR-101,68.8,-18.73289373,-39.86036651,Acessar a via sem observar a presença dos outros veículos,Colisão transversal,Com Vítimas Feridas,Pleno dia,Crescente,Nublado,Simples,Reta;Declive,Não,0.0,1.0,1.0,2.0,0.0,0.0,2.0,2.0,SPRF-ES,DEL04-ES,UOP02-DEL04-ES,1,grave
2025-05-27,10:00,2025-05-27 10:00:00,2025.0,5.0,terca,10.0,manha,ES,LINHARES,False,101.0,BR-101,169.2,-19.54391289,-40.16421385,Ausência de reação do condutor,Saída de leito carroçável,Com Vítimas Feridas,Pleno dia,Crescente,Céu Claro,Simples,Reta,Não,0.0,0.0,1.0,1.0,0.0,0.0,1.0,1.0,SPRF-ES,DEL04-ES,UOP01-DEL04-ES,0,moderado
2025-05-27,22:15,2025-05-27 22:15:00,2025.0,5.0,terca,22.0,noite,ES,SERRA,True,101.0,BR-101,251.9,-20.09685719,-40.33920818,Reação tardia ou ineficiente do condutor,Colisão com objeto,Com Vítimas Feridas,Plena Noite,Decrescente,Céu Claro,Simples,Reta,Não,0.0,0.0,1.0,1.0,0.0,0.0,1.0,1.0,SPRF-ES,DEL02-ES,UOP01-DEL02-ES,0,moderado
2025-05-28,02:40,2025-05-28 02:40:00,2025.0,5.0,quarta,2.0,madrugada,ES,SERRA,True,101.0,BR-101,265.0,-20.18453806,-40.26700526,Ausência de reação do condutor,Capotamento,Com Vítimas Feridas,Plena Noite,Decrescente,Ignorado,Dupla,Reta,Sim,0.0,1.0,0.0,1.0,0.0,0.0,1.0,1.0,SPRF-ES,DEL02-ES,UOP01-DEL02-ES,1,grave
2025-05-28,07:30,2025-05-28 07:30:00,2025.0,5.0,quarta,7.0,manha,ES,COLATINA,False,259.0,BR-259,62.0,-19.53124185,-40.68990791,Demais falhas mecânicas ou elétricas,Queda de ocupante de veículo,Com Vítimas Feridas,Pleno dia,Crescente,Nublado,Simples,Reta,Não,0.0,0.0,1.0,1.0,0.0,0.0,1.0,1.0,SPRF-ES,DEL02-ES,UOP01-DEL02-ES,0,moderado
2025-03-01,20:50,2025-03-01 20:50:00,2025.0,3.0,sabado,20.0,noite,ES,JAGUARE,False,101.0,BR-101,91.0,-18.9081892,-39.9613262,Ausência de reação do condutor,Colisão com objeto,Com Vítimas Feridas,Plena Noite,Crescente,Céu Claro,Simples,Reta,Sim,0.0,0.0,1.0,1.0,0.0,0.0,1.0,1.0,SPRF-ES,DEL04-ES,UOP02-DEL04-ES,0,moderado
2025-05-28,17:30,2025-05-28 17:30:00,2025.0,5.0,quarta,17.0,tarde,ES,IBIRACU,False,101.0,BR-101,208.9,-19.7880753,-40.3711588,Condutor deixou de manter distância do veículo da frente,Colisão traseira,Com Vítimas Feridas,Plena Noite,Decrescente,Chuva,Simples,Reta,Não,0.0,0.0,2.0,2.0,1.0,0.0,2.0,3.0,SPRF-ES,DEL02-ES,UOP01-DEL02-ES,0,moderado
2025-05-28,17:50,2025-05-28 17:50:00,2025.0,5.0,quarta,17.0,tarde,ES,LINHARES,False,101.0,BR-101,147.5,-19.38408202,-40.06686735,Condutor deixou de manter distância do veículo da frente,Colisão traseira,Com Vítimas Feridas,Anoitecer,Decrescente,Nublado,Múltipla,Reta,Sim,0.0,0.0,1.0,1.0,1.0,0.0,2.0,2.0,SPRF-ES,DEL04-ES,UOP01-DEL04-ES,0,moderado
2025-05-28,18:00,2025-05-28 18:00:00,2025.0,5.0,quarta,18.0,noite,ES,SERRA,True,101.0,BR-101,264.0,-20.17804445,-40.26562982,Ausência de reação do condutor,Colisão traseira,Com Vítimas Feridas,Anoitecer,Decrescente,Chuva,Múltipla,Interseção de Vias,Sim,0.0,1.0,0.0,1.0,1.0,0.0,2.0,2.0,SPRF-ES,DEL02-ES,UOP01-DEL02-ES,1,grave
2025-05-29,11:30,2025-05-29 11:30:00,2025.0,5.0,quinta,11.0,manha,ES,DOMINGOS MARTINS,False,262.0,BR-262,73.1,-20.40982,-40.89182496,Reação tardia ou ineficiente do condutor,Colisão traseira,Com Vítimas Feridas,Pleno dia,Crescente,Chuva,Simples,Curva;Em Obras;Declive,Não,0.0,0.0,1.0,1.0,2.0,0.0,2.0,3.0,SPRF-ES,DEL01-ES,UOP02-DEL01-ES,0,moderado
2025-05-29,17:20,2025-05-29 17:20:00,2025.0,5.0,quinta,17.0,tarde,ES,CARIACICA,True,101.0,BR-101,287.3,-20.26685007,-40.386986,Manobra de mudança de faixa,Colisão lateral mesmo sentido,Com Vítimas Feridas,Anoitecer,Crescente,Nublado,Dupla,Reta,Sim,0.0,0.0,1.0,1.0,1.0,0.0,2.0,2.0,SPRF-ES,DEL01-ES,UOP01-DEL01-ES,0,moderado
2025-05-29,19:30,2025-05-29 19:30:00,2025.0,5.0,quinta,19.0,noite,ES,JOAO NEIVA,False,259.0,BR-259,11.9,-19.68364697,-40.39089203,Iluminação deficiente,Atropelamento de Pedestre,Com Vítimas Feridas,Plena Noite,Crescente,Céu Claro,Simples,Reta,Não,0.0,1.0,0.0,1.0,2.0,0.0,2.0,3.0,SPRF-ES,DEL02-ES,UOP01-DEL02-ES,1,grave
2025-05-30,14:40,2025-05-30 14:40:00,2025.0,5.0,sexta,14.0,tarde,ES,SERRA,True,101.0,BR-101,264.4,-20.176,-40.265,Retorno proibido,Colisão transversal,Com Vítimas Feridas,Pleno dia,Decrescente,Nublado,Dupla,Reta,Não,0.0,1.0,0.0,1.0,2.0,0.0,2.0,3.0,SPRF-ES,DEL02-ES,UOP01-DEL02-ES,1,grave
2025-05-30,16:30,2025-05-30 16:30:00,2025.0,5.0,sexta,16.0,tarde,ES,SERRA,True,101.0,BR-101,271.0,-20.231522,-40.278382,Acessar a via sem observar a presença dos outros veículos,Colisão transversal,Com Vítimas Feridas,Pleno dia,Crescente,Céu Claro,Múltipla,Reta,Sim,0.0,0.0,2.0,2.0,1.0,0.0,2.0,3.0,SPRF-ES,DEL02-ES,UOP01-DEL02-ES,0,moderado
2025-05-30,17:45,2025-05-30 17:45:00,2025.0,5.0,sexta,17.0,tarde,ES,COLATINA,False,259.0,BR-259,23.4,-19.623535,-40.466651,Reação tardia ou ineficiente do condutor,Colisão lateral mesmo sentido,Com Vítimas Feridas,Anoitecer,Crescente,Nublado,Simples,Curva,Não,0.0,1.0,0.0,1.0,1.0,0.0,2.0,2.0,SPRF-ES,DEL02-ES,UOP01-DEL02-ES,1,grave
2025-05-30,18:30,2025-05-30 18:30:00,2025.0,5.0,sexta,18.0,noite,ES,LINHARES,False,101.0,BR-101,168.0,-19.53698103,-40.15957832,Acessar a via sem observar a presença dos outros veículos,Colisão transversal,Com Vítimas Feridas,Plena Noite,Crescente,Céu Claro,Simples,Interseção de Vias,Não,0.0,0.0,3.0,3.0,2.0,0.0,2.0,5.0,SPRF-ES,DEL04-ES,UOP01-DEL04-ES,0,moderado
2025-05-30,19:30,2025-05-30 19:30:00,2025.0,5.0,sexta,19.0,noite,ES,SAO MATEUS,False,101.0,BR-101,61.0,-18.678,-39.865,Acessar a via sem observar a presença dos outros veículos,Colisão transversal,Com Vítimas Feridas,Plena Noite,Crescente,Nublado,Simples,Interseção de Vias;Reta,Sim,0.0,1.0,0.0,1.0,1.0,0.0,2.0,2.0,SPRF-ES,DEL04-ES,UOP02-DEL04-ES,1,grave
2025-05-30,19:00,2025-05-30 19:00:00,2025.0,5.0,sexta,19.0,noite,ES,IBATIBA,False,262.0,BR-262,160.0,-20.2372373,-41.5150807,Transitar na contramão,Colisão frontal,Com Vítimas Feridas,Plena Noite,Decrescente,Nublado,Simples,Reta;Aclive,Sim,0.0,0.0,2.0,2.0,2.0,0.0,2.0,4.0,SPRF-ES,DEL01-ES,UOP02-DEL01-ES,0,moderado
2025-05-31,00:30,2025-05-31 00:30:00,2025.0,5.0,sabado,0.0,madrugada,ES,ARACRUZ,False,101.0,BR-101,176.7,-19.60023398,-40.20188212,Condutor Dormindo,Queda de ocupante de veículo,Com Vítimas Feridas,Plena Noite,Crescente,Céu Claro,Simples,Aclive;Reta,Não,0.0,1.0,0.0,1.0,0.0,0.0,1.0,1.0,SPRF-ES,DEL04-ES,UOP01-DEL04-ES,1,grave
2025-05-31,06:42,2025-05-31 06:42:00,2025.0,5.0,sabado,6.0,manha,ES,GUARAPARI,True,101.0,BR-101,342.5,-20.65842407,-40.58503501,Velocidade Incompatível,Saída de leito carroçável,Sem Vítimas,Pleno dia,Crescente,Chuva,Dupla,Curva;Aclive,Não,0.0,0.0,0.0,0.0,1.0,0.0,1.0,1.0,SPRF-ES,DEL03-ES,UOP01-DEL03-ES,0,baixo
2025-05-31,08:47,2025-05-31 08:47:00,2025.0,5.0,sabado,8.0,manha,ES,SERRA,True,101.0,BR-101,259.4,-20.0369655,-40.4089556,Acesso irregular,Atropelamento de Pedestre,Com Vítimas Fatais,Pleno dia,Crescente,Céu Claro,Dupla,Reta,Sim,1.0,0.0,0.0,0.0,1.0,0.0,2.0,2.0,SPRF-ES,DEL02-ES,UOP01-DEL02-ES,1,fatal
2025-05-31,06:10,2025-05-31 06:10:00,2025.0,5.0,sabado,6.0,manha,ES,SERRA,True,101.0,BR-101,280.0,-20.2214658,-40.3580904,Manobra de mudança de faixa,Colisão com objeto,Sem Vítimas,Pleno dia,Crescente,Céu Claro,Simples,Reta,Não,0.0,0.0,0.0,0.0,0.0,1.0,1.0,1.0,SPRF-ES,DEL02-ES,UOP01-DEL02-ES,0,baixo
2025-05-31,12:55,2025-05-31 12:55:00,2025.0,5.0,sabado,12.0,tarde,ES,CARIACICA,True,101.0,BR-101,289.8,-20.28480583,-40.39270369,Velocidade Incompatível,Saída de leito carroçável,Com Vítimas Feridas,Pleno dia,Decrescente,Nublado,Simples,Reta;Declive,Não,0.0,0.0,2.0,2.0,0.0,0.0,1.0,2.0,SPRF-ES,DEL01-ES,UOP01-DEL01-ES,0,moderado
2025-05-31,15:30,2025-05-31 15:30:00,2025.0,5.0,sabado,15.0,tarde,ES,GUARAPARI,True,101.0,BR-101,333.0,-20.6149111,-40.5152516,Avarias e/ou desgaste excessivo no pneu,Queda de ocupante de veículo,Com Vítimas Feridas,Pleno dia,Crescente,Nublado,Dupla,Reta,Não,0.0,0.0,2.0,2.0,0.0,0.0,1.0,2.0,SPRF-ES,DEL03-ES,UOP01-DEL03-ES,0,moderado
2025-05-31,17:44,2025-05-31 17:44:00,2025.0,5.0,sabado,17.0,tarde,ES,ICONHA,False,101.0,BR-101,372.5,-20.774527,-40.777779,Acessar a via sem observar a presença dos outros veículos,Colisão transversal,Com Vítimas Feridas,Anoitecer,Crescente,Nublado,Dupla,Reta,Não,0.0,0.0,1.0,1.0,3.0,0.0,2.0,4.0,SPRF-ES,DEL03-ES,UOP01-DEL03-ES,0,moderado
2025-05-31,19:45,2025-05-31 19:45:00,2025.0,5.0,sabado,19.0,noite,ES,SOORETAMA,False,101.0,BR-101,126.0,-19.19434167,-40.09525333,Ingestão de álcool pelo condutor,Colisão traseira,Sem Vítimas,Plena Noite,Crescente,Céu Claro,Múltipla,Reta,Sim,0.0,0.0,0.0,0.0,2.0,0.0,2.0,2.0,SPRF-ES,DEL04-ES,UOP01-DEL04-ES,0,baixo
2025-05-31,22:10,2025-05-31 22:10:00,2025.0,5.0,sabado,22.0,noite,ES,SERRA,True,101.0,BR-101,264.0,-20.18374253,-40.26641518,Ausência de reação do condutor,Queda de ocupante de veículo,Com Vítimas Feridas,Plena Noite,Crescente,Céu Claro,Múltipla,Reta,Sim,0.0,0.0,1.0,1.0,0.0,0.0,1.0,1.0,SPRF-ES,DEL02-ES,UOP01-DEL02-ES,0,moderado
2025-03-05,20:30,2025-03-05 20:30:00,2025.0,3.0,quarta,20.0,noite,ES,VIANA,True,101.0,BR-101,298.0,-20.354248,-40.41616,Ausência de reação do condutor,Queda de ocupante de veículo,Com Vítimas Feridas,Plena Noite,Decrescente,Ignorado,Dupla,Curva,Não,0.0,1.0,0.0,1.0,0.0,0.0,1.0,1.0,SPRF-ES,DEL01-ES,UOP01-DEL01-ES,1,grave
2025-06-02,07:40,2025-06-02 07:40:00,2025.0,6.0,segunda,7.0,manha,ES,CARIACICA,True,101.0,BR-101,294.7,-20.32902159,-40.39848089,Ausência de reação do condutor,Colisão lateral mesmo sentido,Com Vítimas Feridas,Pleno dia,Crescente,Céu Claro,Dupla,Reta,Sim,0.0,0.0,1.0,1.0,0.0,1.0,2.0,2.0,SPRF-ES,DEL01-ES,UOP01-DEL01-ES,0,moderado
2025-06-02,11:15,2025-06-02 11:15:00,2025.0,6.0,segunda,11.0,manha,ES,PEDRO CANARIO,False,101.0,BR-101,9.0,-18.232275,-39.953819,Reação tardia ou ineficiente do condutor,Saída de leito carroçável,Com Vítimas Feridas,Pleno dia,Crescente,Nublado,Simples,Reta,Não,0.0,1.0,1.0,2.0,0.0,0.0,1.0,2.0,SPRF-ES,DEL04-ES,UOP02-DEL04-ES,1,grave
2025-06-02,13:15,2025-06-02 13:15:00,2025.0,6.0,segunda,13.0,tarde,ES,SERRA,True,101.0,BR-101,265.8,-20.1880472,-40.2687369,Reação tardia ou ineficiente do condutor,Colisão lateral mesmo sentido,Com Vítimas Feridas,Pleno dia,Decrescente,Nublado,Múltipla,Reta,Sim,0.0,0.0,2.0,2.0,0.0,0.0,2.0,2.0,SPRF-ES,DEL02-ES,UOP01-DEL02-ES,0,moderado
2025-06-02,13:30,2025-06-02 13:30:00,2025.0,6.0,segunda,13.0,tarde,ES,LINHARES,False,101.0,BR-101,138.9,-19.30744812,-40.08174317,Ausência de reação do condutor,Colisão traseira,Com Vítimas Feridas,Pleno dia,Decrescente,Céu Claro,Múltipla,Reta,Sim,0.0,0.0,1.0,1.0,0.0,1.0,2.0,2.0,SPRF-ES,DEL04-ES,UOP01-DEL04-ES,0,moderado
2025-06-03,02:00,2025-06-03 02:00:00,2025.0,6.0,terca,2.0,madrugada,ES,SERRA,True,101.0,BR-101,265.0,-20.18679475,-40.26808083,Entrada inopinada do pedestre,Atropelamento de Pedestre,Com Vítimas Feridas,Plena Noite,Crescente,Chuva,Dupla,Reta,Sim,0.0,1.0,0.0,1.0,1.0,0.0,2.0,2.0,SPRF-ES,DEL02-ES,UOP01-DEL02-ES,1,grave
2025-06-03,05:26,2025-06-03 05:26:00,2025.0,6.0,terca,5.0,madrugada,ES,LINHARES,False,101.0,BR-101,162.0,-19.49393272,-40.12896077,Neblina,Colisão lateral mesmo sentido,Com Vítimas Feridas,Pleno dia,Decrescente,Céu Claro,Simples,Reta,Não,0.0,0.0,1.0,1.0,1.0,0.0,2.0,2.0,SPRF-ES,DEL04-ES,UOP01-DEL04-ES,0,moderado
2025-06-03,09:00,2025-06-03 09:00:00,2025.0,6.0,terca,9.0,manha,ES,LINHARES,False,101.0,BR-101,150.0,-19.40719766,-40.0640258,Condutor deixou de manter distância do veículo da frente,Colisão traseira,Com Vítimas Feridas,Pleno dia,Crescente,Céu Claro,Simples,Interseção de Vias,Não,0.0,0.0,1.0,1.0,1.0,0.0,2.0,2.0,SPRF-ES,DEL04-ES,UOP01-DEL04-ES,0,moderado
2025-04-06,20:40,2025-04-06 20:40:00,2025.0,4.0,domingo,20.0,noite,ES,JAGUARE,False,101.0,BR-101,91.0,-18.93134912,-39.97211404,Pedestre andava na pista,Atropelamento de Pedestre,Com Vítimas Feridas,Plena Noite,Decrescente,Nublado,Simples,Reta,Não,0.0,1.0,0.0,1.0,2.0,0.0,2.0,3.0,SPRF-ES,DEL04-ES,UOP02-DEL04-ES,1,grave
2025-06-03,17:00,2025-06-03 17:00:00,2025.0,6.0,terca,17.0,tarde,ES,SERRA,True,101.0,BR-101,266.0,-20.194865,-40.268418,Manobra de mudança de faixa,Colisão lateral mesmo sentido,Com Vítimas Feridas,Anoitecer,Decrescente,Nublado,Dupla,Reta,Sim,0.0,0.0,1.0,1.0,1.0,0.0,2.0,2.0,SPRF-ES,DEL02-ES,UOP01-DEL02-ES,0,moderado
2025-06-03,16:07,2025-06-03 16:07:00,2025.0,6.0,terca,16.0,tarde,ES,LINHARES,False,101.0,BR-101,137.0,-19.29409265,-40.08591923,Ultrapassagem Indevida,Colisão transversal,Com Vítimas Feridas,Plena Noite,Crescente,Céu Claro,Simples,Interseção de Vias,Não,0.0,0.0,3.0,3.0,0.0,0.0,2.0,3.0,SPRF-ES,DEL04-ES,UOP01-DEL04-ES,0,moderado
2025-06-03,18:00,2025-06-03 18:00:00,2025.0,6.0,terca,18.0,noite,ES,ANCHIETA,False,101.0,BR-101,348.2,-20.65047943,-40.63850133,Conversão proibida,Colisão transversal,Com Vítimas Feridas,Plena Noite,Decrescente,Chuva,Simples,Em Obras;Desvio Temporário,Sim,0.0,1.0,1.0,2.0,0.0,0.0,2.0,2.0,SPRF-ES,DEL03-ES,UOP01-DEL03-ES,1,grave
2025-06-03,18:55,2025-06-03 18:55:00,2025.0,6.0,terca,18.0,noite,ES,SERRA,True,101.0,BR-101,267.8,-20.2066465,-40.2691885,Manobra de mudança de faixa,Colisão traseira,Sem Vítimas,Plena Noite,Decrescente,Chuva,Múltipla,Reta,Sim,0.0,0.0,0.0,0.0,2.0,0.0,2.0,2.0,SPRF-ES,DEL02-ES,UOP01-DEL02-ES,0,baixo
2025-06-04,05:55,2025-06-04 05:55:00,2025.0,6.0,quarta,5.0,madrugada,ES,SERRA,True,101.0,BR-101,265.7,-20.196453,-40.268785,Ausência de reação do condutor,Colisão lateral mesmo sentido,Com Vítimas Feridas,Amanhecer,Crescente,Ignorado,Dupla,Reta,Sim,0.0,0.0,1.0,1.0,1.0,0.0,2.0,2.0,SPRF-ES,DEL02-ES,UOP01-DEL02-ES,0,moderado
2025-06-04,07:30,2025-06-04 07:30:00,2025.0,6.0,quarta,7.0,manha,ES,ARACRUZ,False,101.0,BR-101,189.0,-19.68159038,-40.27084453,Ausência de reação do condutor,Colisão com objeto,Com Vítimas Feridas,Pleno dia,Crescente,Céu Claro,Simples,Retorno Regulamentado,Sim,0.0,0.0,1.0,1.0,0.0,0.0,1.0,1.0,SPRF-ES,DEL04-ES,UOP01-DEL04-ES,0,moderado
2025-06-04,08:35,2025-06-04 08:35:00,2025.0,6.0,quarta,8.0,manha,ES,CARIACICA,True,101.0,BR-101,297.8,-20.34842595,-40.41178107,Manobra de mudança de faixa,Colisão lateral mesmo sentido,Com Vítimas Feridas,Pleno dia,Crescente,Sol,Dupla,Reta,Sim,0.0,0.0,2.0,2.0,1.0,0.0,2.0,3.0,SPRF-ES,DEL01-ES,UOP01-DEL01-ES,0,moderado
2025-06-04,12:30,2025-06-04 12:30:00,2025.0,6.0,quarta,12.0,tarde,ES,ANCHIETA,False,101.0,BR-101,352.9,-20.67678,-40.66593,Reação tardia ou ineficiente do condutor,Colisão com objeto,Com Vítimas Feridas,Pleno dia,Crescente,Sol,Dupla,Reta;Em Obras,Não,0.0,1.0,0.0,1.0,0.0,0.0,1.0,1.0,SPRF-ES,DEL03-ES,UOP01-DEL03-ES,1,grave
2025-06-04,14:05,2025-06-04 14:05:00,2025.0,6.0,quarta,14.0,tarde,ES,SAO MATEUS,False,101.0,BR-101,71.0,-18.76098324,-39.8634135,Transitar no Acostamento,Colisão lateral mesmo sentido,Com Vítimas Feridas,Pleno dia,Decrescente,Céu Claro,Simples,Reta;Aclive,Não,0.0,1.0,1.0,2.0,1.0,0.0,2.0,3.0,SPRF-ES,DEL04-ES,UOP02-DEL04-ES,1,grave
2025-06-04,14:40,2025-06-04 14:40:00,2025.0,6.0,quarta,14.0,tarde,ES,CARIACICA,True,262.0,BR-262,0.7,-20.32699,-40.35472,Reação tardia ou ineficiente do condutor,Colisão traseira,Com Vítimas Feridas,Pleno dia,Decrescente,Céu Claro,Dupla,Ponte,Não,0.0,0.0,1.0,1.0,1.0,0.0,2.0,2.0,SPRF-ES,DEL01-ES,UOP01-DEL01-ES,0,moderado
2025-04-05,18:15,2025-04-05 18:15:00,2025.0,4.0,sabado,18.0,noite,ES,CARIACICA,True,101.0,BR-101,285.1,-20.253721,-40.374341,Pedestre cruzava a pista fora da faixa,Atropelamento de Pedestre,Com Vítimas Feridas,Plena Noite,Crescente,Nublado,Dupla,Reta,Sim,0.0,1.0,0.0,1.0,1.0,0.0,2.0,2.0,SPRF-ES,DEL01-ES,UOP01-DEL01-ES,1,grave
2025-06-04,17:00,2025-06-04 17:00:00,2025.0,6.0,quarta,17.0,tarde,ES,LINHARES,False,101.0,BR-101,136.9,-19.29270433,-40.08603869,Reação tardia ou ineficiente do condutor,Engavetamento,Com Vítimas Feridas,Pleno dia,Crescente,Céu Claro,Simples,Reta;Declive,Não,0.0,0.0,12.0,12.0,3.0,0.0,3.0,15.0,SPRF-ES,DEL04-ES,UOP01-DEL04-ES,0,moderado
2025-06-04,19:00,2025-06-04 19:00:00,2025.0,6.0,quarta,19.0,noite,ES,PINHEIROS,False,101.0,BR-101,25.5,-18.37509167,-39.94805167,Pedestre cruzava a pista fora da faixa,Atropelamento de Pedestre,Com Vítimas Feridas,Plena Noite,Crescente,Céu Claro,Simples,Reta,Não,0.0,0.0,2.0,2.0,0.0,0.0,2.0,2.0,SPRF-ES,DEL04-ES,UOP02-DEL04-ES,0,moderado
2025-06-05,05:20,2025-06-05 05:20:00,2025.0,6.0,quinta,5.0,madrugada,ES,SOORETAMA,False,101.0,BR-101,119.8,-19.14158123,-40.07403168,Ultrapassagem Indevida,Colisão frontal,Com Vítimas Feridas,Amanhecer,Crescente,Nublado,Simples,Reta;Declive,Não,0.0,2.0,0.0,2.0,1.0,0.0,2.0,3.0,SPRF-ES,DEL04-ES,UOP01-DEL04-ES,1,grave
2025-06-05,18:09,2025-06-05 18:09:00,2025.0,6.0,quinta,18.0,noite,ES,SERRA,True,101.0,BR-101,264.0,-20.179607,-40.265201,Reação tardia ou ineficiente do condutor,Colisão lateral mesmo sentido,Com Vítimas Feridas,Plena Noite,Decrescente,Céu Claro,Dupla,Reta,Sim,0.0,1.0,0.0,1.0,0.0,1.0,2.0,2.0,SPRF-ES,DEL02-ES,UOP01-DEL02-ES,1,grave
2025-06-05,18:00,2025-06-05 18:00:00,2025.0,6.0,quinta,18.0,noite,ES,VIANA,True,262.0,BR-262,26.9,-20.38294909,-40.55124521,Manobra de mudança de faixa,Colisão lateral mesmo sentido,Com Vítimas Feridas,Anoitecer,Decrescente,Nublado,Simples,Curva,Não,0.0,0.0,1.0,1.0,0.0,1.0,2.0,2.0,SPRF-ES,DEL01-ES,UOP01-DEL01-ES,0,moderado
2025-06-05,20:15,2025-06-05 20:15:00,2025.0,6.0,quinta,20.0,noite,ES,SERRA,True,101.0,BR-101,259.0,-20.13930636,-40.29233694,Ausência de reação do condutor,Queda de ocupante de veículo,Com Vítimas Fatais,Plena Noite,Decrescente,Nublado,Dupla,Reta,Sim,2.0,0.0,0.0,0.0,1.0,0.0,2.0,3.0,SPRF-ES,DEL02-ES,UOP01-DEL02-ES,1,fatal
2025-06-05,23:18,2025-06-05 23:18:00,2025.0,6.0,quinta,23.0,noite,ES,LINHARES,False,101.0,BR-101,133.6,-19.25379315,-40.09013796,Demais falhas mecânicas ou elétricas,Tombamento,Com Vítimas Feridas,Plena Noite,Decrescente,Céu Claro,Simples,Reta,Não,0.0,0.0,2.0,2.0,0.0,0.0,1.0,2.0,SPRF-ES,DEL04-ES,UOP01-DEL04-ES,0,moderado
2025-06-06,03:00,2025-06-06 03:00:00,2025.0,6.0,sexta,3.0,madrugada,ES,SERRA,True,101.0,BR-101,264.0,-20.17789511,-40.26540667,Ingestão de álcool pelo condutor,Colisão com objeto,Sem Vítimas,Plena Noite,Crescente,Céu Claro,Múltipla,Interseção de Vias,Sim,0.0,0.0,0.0,0.0,1.0,0.0,1.0,1.0,SPRF-ES,DEL02-ES,UOP01-DEL02-ES,0,baixo
2025-06-06,05:00,2025-06-06 05:00:00,2025.0,6.0,sexta,5.0,madrugada,ES,COLATINA,False,259.0,BR-259,50.9,-19.504339,-40.61366558,Entrada inopinada do pedestre,Atropelamento de Pedestre,Com Vítimas Feridas,Amanhecer,Decrescente,Ignorado,Simples,Reta,Não,0.0,0.0,1.0,1.0,0.0,1.0,2.0,2.0,SPRF-ES,DEL02-ES,UOP01-DEL02-ES,0,moderado
2025-06-06,12:20,2025-06-06 12:20:00,2025.0,6.0,sexta,12.0,tarde,ES,LINHARES,False,101.0,BR-101,140.5,-19.322767,-40.073838,Reação tardia ou ineficiente do condutor,Colisão traseira,Com Vítimas Feridas,Pleno dia,Crescente,Céu Claro,Simples,Reta,Sim,0.0,1.0,0.0,1.0,2.0,0.0,2.0,3.0,SPRF-ES,DEL04-ES,UOP01-DEL04-ES,1,grave
2025-06-06,22:50,2025-06-06 22:50:00,2025.0,6.0,sexta,22.0,noite,ES,SERRA,True,101.0,BR-101,269.0,-20.21919388,-40.27021408,Manobra de mudança de faixa,Tombamento,Com Vítimas Feridas,Pleno dia,Decrescente,Céu Claro,Dupla,Reta,Sim,0.0,0.0,1.0,1.0,0.0,0.0,1.0,1.0,SPRF-ES,DEL02-ES,UOP01-DEL02-ES,0,moderado
2025-06-07,02:30,2025-06-07 02:30:00,2025.0,6.0,sabado,2.0,madrugada,ES,IBIRACU,False,101.0,BR-101,211.4,-19.82115566,-40.36918759,Ingestão de álcool pelo condutor,Saída de leito carroçável,Com Vítimas Feridas,Plena Noite,Crescente,Nublado,Simples,Curva;Declive,Não,0.0,0.0,1.0,1.0,0.0,1.0,2.0,2.0,SPRF-ES,DEL02-ES,UOP01-DEL02-ES,0,moderado
2025-06-07,06:45,2025-06-07 06:45:00,2025.0,6.0,sabado,6.0,manha,ES,SERRA,True,101.0,BR-101,252.9,-20.10481,-40.33258,Acessar a via sem observar a presença dos outros veículos,Tombamento,Com Vítimas Feridas,Pleno dia,Crescente,Céu Claro,Simples,Reta;Interseção de Vias,Não,0.0,1.0,0.0,1.0,0.0,0.0,1.0,1.0,SPRF-ES,DEL02-ES,UOP01-DEL02-ES,1,grave
2025-06-07,08:30,2025-06-07 08:30:00,2025.0,6.0,sabado,8.0,manha,ES,SERRA,True,101.0,BR-101,264.2,-20.17582,-40.26622,Manobra de mudança de faixa,Colisão lateral mesmo sentido,Com Vítimas Feridas,Pleno dia,Crescente,Céu Claro,Dupla,Reta,Não,0.0,1.0,0.0,1.0,1.0,0.0,2.0,2.0,SPRF-ES,DEL02-ES,UOP01-DEL02-ES,1,grave
2025-06-07,10:00,2025-06-07 10:00:00,2025.0,6.0,sabado,10.0,manha,ES,MARECHAL FLORIANO,False,262.0,BR-262,61.8,-20.42341,-40.800368,Ausência de reação do condutor,Engavetamento,Com Vítimas Feridas,Pleno dia,Decrescente,Nublado,Simples,Reta,Não,0.0,0.0,2.0,2.0,2.0,0.0,3.0,4.0,SPRF-ES,DEL01-ES,UOP02-DEL01-ES,0,moderado
2025-06-07,08:30,2025-06-07 08:30:00,2025.0,6.0,sabado,8.0,manha,ES,SERRA,True,101.0,BR-101,13.0,-20.170852,-40.347757,Reação tardia ou ineficiente do condutor,Tombamento,Sem Vítimas,Pleno dia,Crescente,Céu Claro,Dupla,Reta,Não,0.0,0.0,0.0,0.0,0.0,1.0,1.0,1.0,SPRF-ES,DEL02-ES,UOP01-DEL02-ES,0,baixo
2025-06-07,12:30,2025-06-07 12:30:00,2025.0,6.0,sabado,12.0,tarde,ES,DOMINGOS MARTINS,False,262.0,BR-262,38.0,-20.38049515,-40.6294477,Acessar a via sem observar a presença dos outros veículos,Colisão transversal,Com Vítimas Feridas,Pleno dia,Crescente,Céu Claro,Simples,Reta,Não,0.0,0.0,1.0,1.0,3.0,1.0,2.0,5.0,SPRF-ES,DEL01-ES,UOP01-DEL01-ES,0,moderado
2025-06-07,15:30,2025-06-07 15:30:00,2025.0,6.0,sabado,15.0,tarde,ES,SAO MATEUS,False,101.0,BR-101,61.3,-18.68373205,-39.86337662,Acessar a via sem observar a presença dos outros veículos,Colisão transversal,Com Vítimas Feridas,Pleno dia,Crescente,Céu Claro,Simples,Reta,Sim,0.0,1.0,1.0,2.0,0.0,0.0,2.0,2.0,SPRF-ES,DEL04-ES,UOP02-DEL04-ES,1,grave
2025-06-07,16:30,2025-06-07 16:30:00,2025.0,6.0,sabado,16.0,tarde,ES,CARIACICA,True,101.0,BR-101,282.4,-20.22700071,-40.36444394,Avarias e/ou desgaste excessivo no pneu,Queda de ocupante de veículo,Com Vítimas Feridas,Pleno dia,Decrescente,Nublado,Dupla,Reta,Não,0.0,0.0,1.0,1.0,1.0,0.0,1.0,2.0,SPRF-ES,DEL01-ES,UOP01-DEL01-ES,0,moderado
2025-06-07,17:30,2025-06-07 17:30:00,2025.0,6.0,sabado,17.0,tarde,ES,SERRA,True,101.0,BR-101,14.0,-20.20632,-40.333585,Avarias e/ou desgaste excessivo no pneu,Tombamento,Com Vítimas Feridas,Anoitecer,Crescente,Céu Claro,Dupla,Curva,Não,0.0,1.0,1.0,2.0,0.0,0.0,1.0,2.0,SPRF-ES,DEL02-ES,UOP01-DEL02-ES,1,grave
2025-06-08,05:00,2025-06-08 05:00:00,2025.0,6.0,domingo,5.0,madrugada,ES,LINHARES,False,101.0,BR-101,141.5,-19.33333628,-40.06851196,Reação tardia ou ineficiente do condutor,Colisão com objeto,Sem Vítimas,Amanhecer,Crescente,Céu Claro,Dupla,Reta,Sim,0.0,0.0,0.0,0.0,1.0,0.0,1.0,1.0,SPRF-ES,DEL04-ES,UOP01-DEL04-ES,0,baixo
2025-06-08,05:00,2025-06-08 05:00:00,2025.0,6.0,domingo,5.0,madrugada,ES,CARIACICA,True,101.0,BR-101,289.8,-20.2873756,-40.3919448,Reação tardia ou ineficiente do condutor,Saída de leito carroçável,Sem Vítimas,Plena Noite,Decrescente,Nublado,Dupla,Reta;Declive,Sim,0.0,0.0,0.0,0.0,1.0,0.0,1.0,1.0,SPRF-ES,DEL01-ES,UOP01-DEL01-ES,0,baixo
2025-06-08,15:40,2025-06-08 15:40:00,2025.0,6.0,domingo,15.0,tarde,ES,ANCHIETA,False,101.0,BR-101,370.0,-20.7712248,-40.7653018,Condutor deixou de manter distância do veículo da frente,Colisão traseira,Com Vítimas Feridas,Pleno dia,Crescente,Céu Claro,Simples,Reta,Não,0.0,0.0,1.0,1.0,1.0,0.0,2.0,2.0,SPRF-ES,DEL03-ES,UOP01-DEL03-ES,0,moderado
2025-06-08,17:15,2025-06-08 17:15:00,2025.0,6.0,domingo,17.0,tarde,ES,ARACRUZ,False,101.0,BR-101,174.5,-19.58515,-40.18985,Ingestão de álcool pelo condutor,Colisão transversal,Com Vítimas Feridas,Anoitecer,Crescente,Céu Claro,Simples,Interseção de Vias,Sim,0.0,0.0,1.0,1.0,1.0,1.0,2.0,3.0,SPRF-ES,DEL04-ES,UOP01-DEL04-ES,0,moderado
2025-06-08,18:40,2025-06-08 18:40:00,2025.0,6.0,domingo,18.0,noite,ES,VENDA NOVA DO IMIGRANTE,False,262.0,BR-262,110.0,-20.336698,-41.18602,Suicídio (presumido),Atropelamento de Pedestre,Com Vítimas Feridas,Plena Noite,Crescente,Céu Claro,Simples,Reta,Sim,0.0,0.0,1.0,1.0,1.0,0.0,2.0,2.0,SPRF-ES,DEL01-ES,UOP02-DEL01-ES,0,moderado
2025-06-09,12:00,2025-06-09 12:00:00,2025.0,6.0,segunda,12.0,tarde,ES,CARIACICA,True,101.0,BR-101,290.7,-20.29494211,-40.39327383,Manobra de mudança de faixa,Colisão lateral mesmo sentido,Com Vítimas Feridas,Pleno dia,Crescente,Céu Claro,Dupla,Reta,Sim,0.0,2.0,0.0,2.0,1.0,0.0,2.0,3.0,SPRF-ES,DEL01-ES,UOP01-DEL01-ES,1,grave
2025-06-09,12:00,2025-06-09 12:00:00,2025.0,6.0,segunda,12.0,tarde,ES,SERRA,True,101.0,BR-101,266.9,-20.129886,-40.296982,Reação tardia ou ineficiente do condutor,Queda de ocupante de veículo,Com Vítimas Feridas,Pleno dia,Crescente,Céu Claro,Dupla,Reta,Sim,0.0,0.0,1.0,1.0,0.0,0.0,1.0,1.0,SPRF-ES,DEL02-ES,UOP01-DEL02-ES,0,moderado
2025-06-09,19:30,2025-06-09 19:30:00,2025.0,6.0,segunda,19.0,noite,ES,CARIACICA,True,101.0,BR-101,294.7,-20.32992924,-40.39880991,Condutor desrespeitou a iluminação vermelha do semáforo,Colisão lateral mesmo sentido,Sem Vítimas,Plena Noite,Decrescente,Nublado,Múltipla,Interseção de Vias,Sim,0.0,0.0,0.0,0.0,2.0,0.0,2.0,2.0,SPRF-ES,DEL01-ES,UOP01-DEL01-ES,0,baixo
2025-06-10,05:40,2025-06-10 05:40:00,2025.0,6.0,terca,5.0,madrugada,ES,VITORIA,True,101.0,BR-101,274.0,-20.2604544,-40.2784256,Demais falhas mecânicas ou elétricas,Queda de ocupante de veículo,Com Vítimas Feridas,Amanhecer,Decrescente,Nublado,Dupla,Reta,Não,0.0,0.0,2.0,2.0,0.0,0.0,1.0,2.0,SPRF-ES,DEL02-ES,UOP01-DEL02-ES,0,moderado
2025-06-10,07:20,2025-06-10 07:20:00,2025.0,6.0,terca,7.0,manha,ES,SERRA,True,101.0,BR-101,268.9,-20.22076653,-40.27025521,Manobra de mudança de faixa,Colisão lateral mesmo sentido,Com Vítimas Feridas,Pleno dia,Crescente,Nublado,Dupla,Reta,Sim,0.0,0.0,1.0,1.0,0.0,1.0,2.0,2.0,SPRF-ES,DEL02-ES,UOP01-DEL02-ES,0,moderado
2025-06-10,07:45,2025-06-10 07:45:00,2025.0,6.0,terca,7.0,manha,ES,LINHARES,False,101.0,BR-101,146.7,-19.3764486,-40.06616171,Condutor desrespeitou a iluminação vermelha do semáforo,Colisão transversal,Com Vítimas Feridas,Pleno dia,Decrescente,Céu Claro,Múltipla,Reta;Interseção de Vias,Sim,0.0,0.0,1.0,1.0,0.0,1.0,2.0,2.0,SPRF-ES,DEL04-ES,UOP01-DEL04-ES,0,moderado
2025-06-10,09:00,2025-06-10 09:00:00,2025.0,6.0,terca,9.0,manha,ES,SERRA,True,101.0,BR-101,269.4,-20.22176196,-40.2701962,Condutor deixou de manter distância do veículo da frente,Colisão traseira,Com Vítimas Feridas,Pleno dia,Decrescente,Céu Claro,Múltipla,Reta,Não,0.0,0.0,1.0,1.0,1.0,0.0,2.0,2.0,SPRF-ES,DEL02-ES,UOP01-DEL02-ES,0,moderado
2025-06-10,09:52,2025-06-10 09:52:00,2025.0,6.0,terca,9.0,manha,ES,SERRA,True,101.0,BR-101,268.7,-20.0488571,-40.3866823,Trafegar com motocicleta (ou similar) entre as faixas,Tombamento,Com Vítimas Feridas,Pleno dia,Crescente,Céu Claro,Múltipla,Reta,Sim,0.0,1.0,0.0,1.0,0.0,0.0,1.0,1.0,SPRF-ES,DEL02-ES,UOP01-DEL02-ES,1,grave
2025-06-10,11:43,2025-06-10 11:43:00,2025.0,6.0,terca,11.0,manha,ES,SERRA,True,101.0,BR-101,269.5,-20.22198245,-40.2702551,Ausência de reação do condutor,Colisão traseira,Com Vítimas Feridas,Pleno dia,Decrescente,Sol,Múltipla,Reta;Interseção de Vias,Sim,0.0,0.0,1.0,1.0,1.0,0.0,2.0,2.0,SPRF-ES,DEL02-ES,UOP01-DEL02-ES,0,moderado
2025-06-10,08:00,2025-06-10 08:00:00,2025.0,6.0,terca,8.0,manha,ES,CARIACICA,True,101.0,BR-101,296.0,-20.34169572,-40.40556084,Acessar a via sem observar a presença dos outros veículos,Colisão traseira,Com Vítimas Feridas,Pleno dia,Crescente,Chuva,Dupla,Curva;Retorno Regulamentado;Viaduto,Sim,0.0,0.0,2.0,2.0,3.0,0.0,3.0,5.0,SPRF-ES,DEL01-ES,UOP01-DEL01-ES,0,moderado
2025-06-10,14:17,2025-06-10 14:17:00,2025.0,6.0,terca,14.0,tarde,ES,SOORETAMA,False,101.0,BR-101,127.7,-19.2094062,-40.0947213,Ausência de reação do condutor,Saída de leito carroçável,Com Vítimas Feridas,Pleno dia,Decrescente,Céu Claro,Múltipla,Curva,Sim,0.0,0.0,1.0,1.0,0.0,0.0,1.0,1.0,SPRF-ES,DEL04-ES,UOP01-DEL04-ES,0,moderado
2025-06-10,16:33,2025-06-10 16:33:00,2025.0,6.0,terca,16.0,tarde,ES,SAO MATEUS,False,101.0,BR-101,66.2,-18.7265246,-39.8574295,Acessar a via sem observar a presença dos outros veículos,Atropelamento de Pedestre,Com Vítimas Feridas,Anoitecer,Decrescente,Céu Claro,Dupla,Reta,Sim,0.0,0.0,2.0,2.0,0.0,0.0,2.0,2.0,SPRF-ES,DEL04-ES,UOP02-DEL04-ES,0,moderado
2025-06-11,07:10,2025-06-11 07:10:00,2025.0,6.0,quarta,7.0,manha,ES,SERRA,True,101.0,BR-101,267.9,-20.207284,-40.269528,Ausência de reação do condutor,Tombamento,Com Vítimas Feridas,Pleno dia,Crescente,Nublado,Múltipla,Reta,Sim,0.0,0.0,1.0,1.0,0.0,0.0,1.0,1.0,SPRF-ES,DEL02-ES,UOP01-DEL02-ES,0,moderado
2025-06-11,07:00,2025-06-11 07:00:00,2025.0,6.0,quarta,7.0,manha,ES,BAIXO GUANDU,False,259.0,BR-259,100.9,-19.522191,-41.009528,Reação tardia ou ineficiente do condutor,Colisão transversal,Com Vítimas Feridas,Pleno dia,Crescente,Céu Claro,Simples,Reta,Sim,0.0,1.0,0.0,1.0,0.0,1.0,2.0,2.0,SPRF-ES,DEL02-ES,UOP01-DEL02-ES,1,grave
2025-06-11,14:19,2025-06-11 14:19:00,2025.0,6.0,quarta,14.0,tarde,ES,CARIACICA,True,101.0,BR-101,287.0,-20.26612129,-40.38619341,Velocidade Incompatível,Colisão traseira,Com Vítimas Feridas,Pleno dia,Decrescente,Garoa/Chuvisco,Dupla,Retorno Regulamentado,Sim,0.0,1.0,1.0,2.0,1.0,0.0,2.0,3.0,SPRF-ES,DEL01-ES,UOP01-DEL01-ES,1,grave
2025-06-11,19:00,2025-06-11 19:00:00,2025.0,6.0,quarta,19.0,noite,ES,CARIACICA,True,101.0,BR-101,290.6,-20.294183,-40.393092,Manobra de mudança de faixa,Colisão traseira,Com Vítimas Feridas,Plena Noite,Decrescente,Nublado,Dupla,Reta;Retorno Regulamentado,Não,0.0,0.0,2.0,2.0,1.0,0.0,2.0,3.0,SPRF-ES,DEL01-ES,UOP01-DEL01-ES,0,moderado
2025-06-11,19:50,2025-06-11 19:50:00,2025.0,6.0,quarta,19.0,noite,ES,VIANA,True,101.0,BR-101,305.1,-20.38654947,-40.46307564,Chuva,Saída de leito carroçável,Com Vítimas Feridas,Plena Noite,Decrescente,Chuva,Múltipla,Reta,Não,0.0,0.0,1.0,1.0,0.0,0.0,1.0,1.0,SPRF-ES,DEL01-ES,UOP01-DEL01-ES,0,moderado
2025-06-11,21:29,2025-06-11 21:29:00,2025.0,6.0,quarta,21.0,noite,ES,CARIACICA,True,101.0,BR-101,296.9,-20.34577373,-40.41070819,Ausência de reação do condutor,Tombamento,Com Vítimas Feridas,Plena Noite,Crescente,Nublado,Dupla,Reta,Sim,0.0,0.0,1.0,1.0,1.0,0.0,1.0,2.0,SPRF-ES,DEL01-ES,UOP01-DEL01-ES,0,moderado
2025-06-12,05:30,2025-06-12 05:30:00,2025.0,6.0,quinta,5.0,madrugada,ES,JAGUARE,False,101.0,BR-101,94.0,-18.933256,-39.972669,Acessar a via sem observar a presença dos outros veículos,Colisão transversal,Com Vítimas Feridas,Amanhecer,Decrescente,Céu Claro,Simples,Reta,Sim,0.0,0.0,1.0,1.0,0.0,1.0,2.0,2.0,SPRF-ES,DEL04-ES,UOP02-DEL04-ES,0,moderado
2025-06-12,08:00,2025-06-12 08:00:00,2025.0,6.0,quinta,8.0,manha,ES,LINHARES,False,101.0,BR-101,144.0,-19.3713974,-40.06645203,Reação tardia ou ineficiente do condutor,Colisão lateral mesmo sentido,Com Vítimas Feridas,Pleno dia,Crescente,Céu Claro,Simples,Interseção de Vias,Sim,0.0,0.0,1.0,1.0,1.0,0.0,2.0,2.0,SPRF-ES,DEL04-ES,UOP01-DEL04-ES,0,moderado
2025-06-12,09:50,2025-06-12 09:50:00,2025.0,6.0,quinta,9.0,manha,ES,SERRA,True,101.0,BR-101,8.0,-20.04887441,-40.3865193,Ausência de reação do condutor,Queda de ocupante de veículo,Com Vítimas Feridas,Pleno dia,Crescente,Céu Claro,Dupla,Reta,Não,0.0,1.0,0.0,1.0,0.0,0.0,1.0,1.0,SPRF-ES,DEL02-ES,UOP01-DEL02-ES,1,grave
2025-05-04,17:30,2025-05-04 17:30:00,2025.0,5.0,domingo,17.0,tarde,ES,SAO MATEUS,False,101.0,BR-101,61.0,-18.67853544,-39.86449091,Animais na Pista,Capotamento,Com Vítimas Feridas,Anoitecer,Decrescente,Ignorado,Simples,Reta,Sim,0.0,0.0,1.0,1.0,0.0,0.0,1.0,1.0,SPRF-ES,DEL04-ES,UOP02-DEL04-ES,0,moderado
2025-06-12,15:30,2025-06-12 15:30:00,2025.0,6.0,quinta,15.0,tarde,ES,VIANA,True,262.0,BR-262,20.0,-20.3885841,-40.4949076,Condutor desrespeitou a iluminação vermelha do semáforo,Colisão transversal,Com Vítimas Feridas,Pleno dia,Crescente,Céu Claro,Simples,Reta,Sim,0.0,0.0,1.0,1.0,1.0,0.0,2.0,2.0,SPRF-ES,DEL01-ES,UOP01-DEL01-ES,0,moderado
2025-06-12,11:50,2025-06-12 11:50:00,2025.0,6.0,quinta,11.0,manha,ES,LINHARES,False,101.0,BR-101,144.4,-19.35572167,-40.06428178,Manobra de mudança de faixa,Colisão lateral mesmo sentido,Com Vítimas Feridas,Pleno dia,Crescente,Céu Claro,Simples,Reta,Sim,0.0,0.0,1.0,1.0,2.0,1.0,3.0,4.0,SPRF-ES,DEL04-ES,UOP01-DEL04-ES,0,moderado
2025-06-12,19:30,2025-06-12 19:30:00,2025.0,6.0,quinta,19.0,noite,ES,CACHOEIRO DE ITAPEMIRIM,False,393.0,BR-393,1.2,-20.8335224,-41.1726068,Condutor deixou de manter distância do veículo da frente,Colisão traseira,Sem Vítimas,Plena Noite,Crescente,Céu Claro,Simples,Reta,Sim,0.0,0.0,0.0,0.0,1.0,2.0,3.0,3.0,SPRF-ES,DEL03-ES,UOP02-DEL03-ES,0,baixo
2025-06-12,20:55,2025-06-12 20:55:00,2025.0,6.0,quinta,20.0,noite,ES,VIANA,True,262.0,BR-262,18.0,-20.38815306,-40.47669975,Ausência de reação do condutor,Tombamento,Com Vítimas Feridas,Plena Noite,Crescente,Céu Claro,Simples,Reta,Sim,0.0,0.0,1.0,1.0,0.0,0.0,1.0,1.0,SPRF-ES,DEL01-ES,UOP01-DEL01-ES,0,moderado
2025-06-12,21:20,2025-06-12 21:20:00,2025.0,6.0,quinta,21.0,noite,ES,MARECHAL FLORIANO,False,262.0,BR-262,72.0,-20.4097023,-40.8860513,Ausência de reação do condutor,Colisão lateral sentido oposto,Sem Vítimas,Plena Noite,Crescente,Céu Claro,Simples,Curva;Ponte,Não,0.0,0.0,0.0,0.0,1.0,1.0,2.0,2.0,SPRF-ES,DEL01-ES,UOP02-DEL01-ES,0,baixo
2025-06-13,07:55,2025-06-13 07:55:00,2025.0,6.0,sexta,7.0,manha,ES,IBIRACU,False,101.0,BR-101,225.0,-19.895018,-40.411759,Ausência de reação do condutor,Queda de ocupante de veículo,Com Vítimas Feridas,Pleno dia,Crescente,Nublado,Simples,Curva,Não,0.0,0.0,1.0,1.0,0.0,0.0,1.0,1.0,SPRF-ES,DEL02-ES,UOP01-DEL02-ES,0,moderado
2025-06-13,18:00,2025-06-13 18:00:00,2025.0,6.0,sexta,18.0,noite,ES,LINHARES,False,101.0,BR-101,148.7,-19.39666447,-40.06387602,Condutor deixou de manter distância do veículo da frente,Colisão traseira,Com Vítimas Feridas,Plena Noite,Decrescente,Céu Claro,Múltipla,Reta;Aclive,Sim,0.0,0.0,1.0,1.0,1.0,0.0,2.0,2.0,SPRF-ES,DEL04-ES,UOP01-DEL04-ES,0,moderado
2025-06-13,18:20,2025-06-13 18:20:00,2025.0,6.0,sexta,18.0,noite,ES,SERRA,True,101.0,BR-101,266.2,-20.04889234,-40.38647665,Pedestre cruzava a pista fora da faixa,Atropelamento de Pedestre,Com Vítimas Fatais,Plena Noite,Crescente,Nublado,Dupla,Reta,Sim,1.0,0.0,1.0,1.0,0.0,0.0,2.0,2.0,SPRF-ES,DEL02-ES,UOP01-DEL02-ES,1,fatal
2025-06-13,20:45,2025-06-13 20:45:00,2025.0,6.0,sexta,20.0,noite,ES,CONCEICAO DA BARRA,False,101.0,BR-101,29.9,-18.410592,-39.937021,Velocidade Incompatível,Colisão traseira,Com Vítimas Feridas,Plena Noite,Decrescente,Nublado,Simples,Reta;Aclive,Não,0.0,0.0,2.0,2.0,1.0,0.0,2.0,3.0,SPRF-ES,DEL04-ES,UOP02-DEL04-ES,0,moderado
2025-06-13,23:30,2025-06-13 23:30:00,2025.0,6.0,sexta,23.0,noite,ES,SERRA,True,101.0,BR-101,260.6,-20.14718146,-40.28093577,Acesso irregular,Colisão transversal,Com Vítimas Feridas,Plena Noite,Decrescente,Céu Claro,Dupla,Curva,Não,0.0,1.0,0.0,1.0,1.0,0.0,2.0,2.0,SPRF-ES,DEL02-ES,UOP01-DEL02-ES,1,grave
2025-06-13,23:45,2025-06-13 23:45:00,2025.0,6.0,sexta,23.0,noite,ES,JAGUARE,False,101.0,BR-101,101.0,-18.9843277,-39.9974592,Velocidade Incompatível,Saída de leito carroçável,Com Vítimas Feridas,Plena Noite,Crescente,Céu Claro,Simples,Reta,Não,0.0,0.0,1.0,1.0,0.0,0.0,1.0,1.0,SPRF-ES,DEL04-ES,UOP02-DEL04-ES,0,moderado
2025-06-14,08:15,2025-06-14 08:15:00,2025.0,6.0,sabado,8.0,manha,ES,LINHARES,False,101.0,BR-101,139.5,-19.31167999,-40.07941573,Demais falhas mecânicas ou elétricas,Queda de ocupante de veículo,Com Vítimas Feridas,Pleno dia,Crescente,Céu Claro,Múltipla,Reta,Sim,0.0,0.0,2.0,2.0,0.0,0.0,1.0,2.0,SPRF-ES,DEL04-ES,UOP01-DEL04-ES,0,moderado
2025-06-14,12:00,2025-06-14 12:00:00,2025.0,6.0,sabado,12.0,tarde,ES,SERRA,True,101.0,BR-101,281.0,-20.22353411,-40.36114296,Reação tardia ou ineficiente do condutor,Tombamento,Com Vítimas Feridas,Pleno dia,Crescente,Céu Claro,Dupla,Reta,Não,0.0,0.0,2.0,2.0,0.0,0.0,1.0,2.0,SPRF-ES,DEL02-ES,UOP01-DEL02-ES,0,moderado
2025-06-14,13:30,2025-06-14 13:30:00,2025.0,6.0,sabado,13.0,tarde,ES,CARIACICA,True,101.0,BR-101,289.9,-20.28341071,-40.39319706,Manobra de mudança de faixa,Colisão lateral mesmo sentido,Com Vítimas Feridas,Pleno dia,Crescente,Nublado,Dupla,Reta,Não,0.0,0.0,1.0,1.0,0.0,1.0,2.0,2.0,SPRF-ES,DEL01-ES,UOP01-DEL01-ES,0,moderado
2025-06-14,14:20,2025-06-14 14:20:00,2025.0,6.0,sabado,14.0,tarde,ES,SERRA,True,101.0,BR-101,267.5,-20.19987382,-40.26886135,Condutor deixou de manter distância do veículo da frente,Colisão traseira,Com Vítimas Feridas,Pleno dia,Decrescente,Céu Claro,Múltipla,Reta,Sim,0.0,0.0,1.0,1.0,1.0,0.0,2.0,2.0,SPRF-ES,DEL02-ES,UOP01-DEL02-ES,0,moderado
2025-06-14,15:15,2025-06-14 15:15:00,2025.0,6.0,sabado,15.0,tarde,ES,SOORETAMA,False,101.0,BR-101,125.0,-19.189867,-40.094536,Condutor desrespeitou a iluminação vermelha do semáforo,Colisão traseira,Com Vítimas Feridas,Pleno dia,Decrescente,Céu Claro,Simples,Reta,Sim,0.0,1.0,0.0,1.0,1.0,0.0,2.0,2.0,SPRF-ES,DEL04-ES,UOP01-DEL04-ES,1,grave
2025-06-14,16:00,2025-06-14 16:00:00,2025.0,6.0,sabado,16.0,tarde,ES,SERRA,True,101.0,BR-101,262.1,-20.04888827,-40.38647878,Trafegar com motocicleta (ou similar) entre as faixas,Queda de ocupante de veículo,Com Vítimas Feridas,Pleno dia,Decrescente,Céu Claro,Dupla,Reta,Sim,0.0,1.0,1.0,2.0,0.0,0.0,1.0,2.0,SPRF-ES,DEL02-ES,UOP01-DEL02-ES,1,grave
2025-06-14,18:30,2025-06-14 18:30:00,2025.0,6.0,sabado,18.0,noite,ES,MUQUI,False,393.0,BR-393,26.0,-20.94459203,-41.34699762,Acessar a via sem observar a presença dos outros veículos,Queda de ocupante de veículo,Com Vítimas Feridas,Plena Noite,Crescente,Nublado,Simples,Reta,Não,0.0,0.0,1.0,1.0,0.0,0.0,1.0,1.0,SPRF-ES,DEL03-ES,UOP02-DEL03-ES,0,moderado
2025-06-15,11:40,2025-06-15 11:40:00,2025.0,6.0,domingo,11.0,manha,ES,JOAO NEIVA,False,101.0,BR-101,208.0,-19.77935053,-40.37216323,Velocidade Incompatível,Colisão com objeto,Com Vítimas Feridas,Pleno dia,Crescente,Chuva,Dupla,Curva,Não,0.0,0.0,1.0,1.0,1.0,0.0,1.0,2.0,SPRF-ES,DEL02-ES,UOP01-DEL02-ES,0,moderado
2025-06-15,12:25,2025-06-15 12:25:00,2025.0,6.0,domingo,12.0,tarde,ES,SERRA,True,101.0,BR-101,270.6,-20.23076167,-40.27322667,Conversão proibida,Colisão traseira,Com Vítimas Feridas,Pleno dia,Decrescente,Nublado,Múltipla,Reta,Não,0.0,0.0,1.0,1.0,2.0,0.0,2.0,3.0,SPRF-ES,DEL02-ES,UOP01-DEL02-ES,0,moderado
2025-06-15,14:15,2025-06-15 14:15:00,2025.0,6.0,domingo,14.0,tarde,ES,SERRA,True,101.0,BR-101,260.1,-20.146443,-40.285803,Condutor deixou de manter distância do veículo da frente,Colisão traseira,Com Vítimas Feridas,Pleno dia,Decrescente,Céu Claro,Simples,Reta;Aclive,Não,0.0,0.0,1.0,1.0,2.0,0.0,2.0,3.0,SPRF-ES,DEL02-ES,UOP01-DEL02-ES,0,moderado
2025-06-15,11:10,2025-06-15 11:10:00,2025.0,6.0,domingo,11.0,manha,ES,DOMINGOS MARTINS,False,262.0,BR-262,29.5,-20.37303251,-40.59216499,Reação tardia ou ineficiente do condutor,Queda de ocupante de veículo,Com Vítimas Feridas,Pleno dia,Decrescente,Céu Claro,Simples,Declive;Curva,Não,0.0,0.0,1.0,1.0,0.0,0.0,1.0,1.0,SPRF-ES,DEL01-ES,UOP01-DEL01-ES,0,moderado
2025-06-15,15:00,2025-06-15 15:00:00,2025.0,6.0,domingo,15.0,tarde,ES,VIANA,True,101.0,BR-101,308.6,-20.4102156,-40.4581576,Ausência de reação do condutor,Colisão transversal,Com Vítimas Fatais,Pleno dia,Crescente,Céu Claro,Dupla,Reta,Não,1.0,0.0,0.0,0.0,2.0,0.0,2.0,3.0,SPRF-ES,DEL01-ES,UOP01-DEL01-ES,1,fatal
2025-06-16,00:00,2025-06-16 00:00:00,2025.0,6.0,segunda,0.0,madrugada,ES,SERRA,True,101.0,BR-101,266.7,-20.197344,-40.268765,Demais falhas mecânicas ou elétricas,Tombamento,Com Vítimas Feridas,Plena Noite,Crescente,Nublado,Múltipla,Reta,Sim,0.0,2.0,0.0,2.0,0.0,0.0,1.0,2.0,SPRF-ES,DEL02-ES,UOP01-DEL02-ES,1,grave
2025-06-16,07:10,2025-06-16 07:10:00,2025.0,6.0,segunda,7.0,manha,ES,LINHARES,False,101.0,BR-101,149.0,-19.40022077,-40.06233215,Acessar a via sem observar a presença dos outros veículos,Colisão lateral mesmo sentido,Com Vítimas Feridas,Pleno dia,Decrescente,Céu Claro,Dupla,Interseção de Vias,Sim,0.0,0.0,1.0,1.0,1.0,0.0,2.0,2.0,SPRF-ES,DEL04-ES,UOP01-DEL04-ES,0,moderado
2025-06-16,07:00,2025-06-16 07:00:00,2025.0,6.0,segunda,7.0,manha,ES,JOAO NEIVA,False,101.0,BR-101,204.0,-19.75567761,-40.37974477,Acessar a via sem observar a presença dos outros veículos,Colisão transversal,Com Vítimas Feridas,Pleno dia,Crescente,Nublado,Simples,Retorno Regulamentado,Sim,0.0,0.0,1.0,1.0,1.0,0.0,2.0,2.0,SPRF-ES,DEL02-ES,UOP01-DEL02-ES,0,moderado
2025-06-16,12:00,2025-06-16 12:00:00,2025.0,6.0,segunda,12.0,tarde,ES,CARIACICA,True,101.0,BR-101,296.0,-20.34305,-40.406438,Ausência de reação do condutor,Queda de ocupante de veículo,Com Vítimas Feridas,Pleno dia,Crescente,Céu Claro,Dupla,Curva,Sim,0.0,0.0,1.0,1.0,0.0,0.0,1.0,1.0,SPRF-ES,DEL01-ES,UOP01-DEL01-ES,0,moderado
2025-06-16,07:00,2025-06-16 07:00:00,2025.0,6.0,segunda,7.0,manha,ES,LINHARES,False,101.0,BR-101,144.0,-19.35977376,-40.06420836,Acumulo de areia ou detritos sobre o pavimento,Tombamento,Com Vítimas Feridas,Pleno dia,Crescente,Nublado,Dupla,Reta,Sim,0.0,0.0,1.0,1.0,0.0,0.0,1.0,1.0,SPRF-ES,DEL04-ES,UOP01-DEL04-ES,0,moderado
2025-06-16,15:30,2025-06-16 15:30:00,2025.0,6.0,segunda,15.0,tarde,ES,CARIACICA,True,101.0,BR-101,282.2,-20.22997223,-40.36681652,Avarias e/ou desgaste excessivo no pneu,Queda de ocupante de veículo,Com Vítimas Feridas,Pleno dia,Decrescente,Nublado,Dupla,Reta,Sim,0.0,0.0,2.0,2.0,0.0,0.0,1.0,2.0,SPRF-ES,DEL01-ES,UOP01-DEL01-ES,0,moderado
2025-06-16,18:00,2025-06-16 18:00:00,2025.0,6.0,segunda,18.0,noite,ES,SERRA,True,101.0,BR-101,269.4,-20.0488644,-40.3866806,Acumulo de óleo sobre o pavimento,Queda de ocupante de veículo,Com Vítimas Feridas,Plena Noite,Crescente,Céu Claro,Dupla,Reta,Não,0.0,1.0,0.0,1.0,0.0,0.0,1.0,1.0,SPRF-ES,DEL02-ES,UOP01-DEL02-ES,1,grave
2025-06-16,18:10,2025-06-16 18:10:00,2025.0,6.0,segunda,18.0,noite,ES,CARIACICA,True,101.0,BR-101,285.0,-20.253575,-40.373956,Pedestre cruzava a pista fora da faixa,Atropelamento de Pedestre,Com Vítimas Feridas,Plena Noite,Crescente,Céu Claro,Múltipla,Reta,Não,0.0,1.0,0.0,1.0,1.0,0.0,2.0,2.0,SPRF-ES,DEL01-ES,UOP01-DEL01-ES,1,grave
2025-06-16,18:30,2025-06-16 18:30:00,2025.0,6.0,segunda,18.0,noite,ES,SERRA,True,101.0,BR-101,270.0,-20.22378325,-40.2703618,Ausência de reação do condutor,Colisão lateral mesmo sentido,Com Vítimas Feridas,Plena Noite,Decrescente,Céu Claro,Dupla,Reta,Sim,0.0,2.0,0.0,2.0,1.0,0.0,2.0,3.0,SPRF-ES,DEL02-ES,UOP01-DEL02-ES,1,grave
2025-06-16,20:20,2025-06-16 20:20:00,2025.0,6.0,segunda,20.0,noite,ES,CARIACICA,True,101.0,BR-101,296.0,-20.34234973,-40.40584028,Animais na Pista,Atropelamento de Animal,Com Vítimas Feridas,Plena Noite,Crescente,Céu Claro,Dupla,Curva;Declive,Sim,0.0,0.0,1.0,1.0,0.0,0.0,1.0,1.0,SPRF-ES,DEL01-ES,UOP01-DEL01-ES,0,moderado
2025-05-07,08:10,2025-05-07 08:10:00,2025.0,5.0,quarta,8.0,manha,ES,CONCEICAO DA BARRA,False,101.0,BR-101,18.9,-18.324455,-39.95810956,Chuva,Tombamento,Com Vítimas Feridas,Pleno dia,Crescente,Chuva,Simples,Aclive;Reta,Não,0.0,1.0,0.0,1.0,0.0,0.0,1.0,1.0,SPRF-ES,DEL04-ES,UOP02-DEL04-ES,1,grave
2025-06-17,08:30,2025-06-17 08:30:00,2025.0,6.0,terca,8.0,manha,ES,CARIACICA,True,101.0,BR-101,289.8,-20.2856396,-40.39245266,Ausência de reação do condutor,Tombamento,Com Vítimas Feridas,Pleno dia,Decrescente,Céu Claro,Dupla,Reta,Sim,0.0,0.0,1.0,1.0,0.0,0.0,1.0,1.0,SPRF-ES,DEL01-ES,UOP01-DEL01-ES,0,moderado
2025-06-17,17:30,2025-06-17 17:30:00,2025.0,6.0,terca,17.0,tarde,ES,LINHARES,False,101.0,BR-101,135.8,-19.23258,-40.14583,Acessar a via sem observar a presença dos outros veículos,Colisão frontal,Com Vítimas Feridas,Anoitecer,Crescente,Céu Claro,Simples,Interseção de Vias,Sim,0.0,0.0,1.0,1.0,2.0,0.0,2.0,3.0,SPRF-ES,DEL04-ES,UOP01-DEL04-ES,0,moderado
2025-06-17,18:33,2025-06-17 18:33:00,2025.0,6.0,terca,18.0,noite,ES,LINHARES,False,101.0,BR-101,166.1,-19.52196492,-40.14682116,Transitar na contramão,Colisão frontal,Com Vítimas Feridas,Plena Noite,Decrescente,Céu Claro,Dupla,Reta,Sim,0.0,2.0,1.0,3.0,0.0,0.0,2.0,3.0,SPRF-ES,DEL04-ES,UOP01-DEL04-ES,1,grave
2025-06-17,19:10,2025-06-17 19:10:00,2025.0,6.0,terca,19.0,noite,ES,ICONHA,False,101.0,BR-101,3.7,-20.8095,-40.8016,Velocidade Incompatível,Tombamento,Com Vítimas Feridas,Plena Noite,Decrescente,Nublado,Dupla,Reta,Não,0.0,1.0,0.0,1.0,0.0,0.0,1.0,1.0,SPRF-ES,DEL03-ES,UOP02-DEL03-ES,1,grave
2025-06-18,06:30,2025-06-18 06:30:00,2025.0,6.0,quarta,6.0,manha,ES,SERRA,True,101.0,BR-101,268.0,-20.21091801,-40.26978493,Ausência de reação do condutor,Colisão traseira,Com Vítimas Feridas,Pleno dia,Crescente,Céu Claro,Múltipla,Reta,Sim,0.0,1.0,0.0,1.0,0.0,1.0,2.0,2.0,SPRF-ES,DEL02-ES,UOP01-DEL02-ES,1,grave
2025-06-18,13:30,2025-06-18 13:30:00,2025.0,6.0,quarta,13.0,tarde,ES,PINHEIROS,False,101.0,BR-101,29.5,-18.406237,-39.937727,Ausência de reação do condutor,Colisão traseira,Com Vítimas Feridas,Pleno dia,Crescente,Céu Claro,Simples,Declive;Reta,Não,0.0,3.0,1.0,4.0,0.0,0.0,1.0,4.0,SPRF-ES,DEL04-ES,UOP02-DEL04-ES,1,grave
2025-06-18,16:00,2025-06-18 16:00:00,2025.0,6.0,quarta,16.0,tarde,ES,SERRA,True,101.0,BR-101,239.9,-20.02819355,-40.39878845,Falta de elemento de contenção que evite a saída do leito carroçável,Capotamento,Sem Vítimas,Pleno dia,Decrescente,Céu Claro,Simples,Reta,Não,0.0,0.0,0.0,0.0,0.0,1.0,1.0,1.0,SPRF-ES,DEL02-ES,UOP01-DEL02-ES,0,baixo
2025-06-18,18:00,2025-06-18 18:00:00,2025.0,6.0,quarta,18.0,noite,ES,SERRA,True,101.0,BR-101,259.0,-20.13230003,-40.29399557,Ausência de reação do condutor,Tombamento,Com Vítimas Feridas,Plena Noite,Decrescente,Céu Claro,Simples,Reta,Não,0.0,0.0,1.0,1.0,0.0,0.0,1.0,1.0,SPRF-ES,DEL02-ES,UOP01-DEL02-ES,0,moderado
2025-06-18,22:40,2025-06-18 22:40:00,2025.0,6.0,quarta,22.0,noite,ES,SAO MATEUS,False,101.0,BR-101,69.0,-18.742992,-39.861523,Transitar na contramão,Colisão frontal,Com Vítimas Feridas,Plena Noite,Crescente,Céu Claro,Simples,Reta,Não,0.0,2.0,0.0,2.0,0.0,0.0,2.0,2.0,SPRF-ES,DEL04-ES,UOP02-DEL04-ES,1,grave
2025-06-19,08:25,2025-06-19 08:25:00,2025.0,6.0,quinta,8.0,manha,ES,CARIACICA,True,101.0,BR-101,292.0,-20.30675,-40.395132,Acessar a via sem observar a presença dos outros veículos,Colisão com objeto,Sem Vítimas,Pleno dia,Decrescente,Céu Claro,Simples,Reta,Sim,0.0,0.0,0.0,0.0,1.0,1.0,2.0,2.0,SPRF-ES,DEL01-ES,UOP01-DEL01-ES,0,baixo
2025-06-19,16:20,2025-06-19 16:20:00,2025.0,6.0,quinta,16.0,tarde,ES,VIANA,True,101.0,BR-101,299.9,-20.3571773,-40.43008447,Condutor desrespeitou a iluminação vermelha do semáforo,Colisão transversal,Com Vítimas Feridas,Pleno dia,Crescente,Céu Claro,Múltipla,Declive;Reta,Sim,0.0,0.0,3.0,3.0,1.0,0.0,2.0,4.0,SPRF-ES,DEL01-ES,UOP01-DEL01-ES,0,moderado
2025-06-19,18:40,2025-06-19 18:40:00,2025.0,6.0,quinta,18.0,noite,ES,COLATINA,False,259.0,BR-259,52.0,-19.5020411,-40.6241007,Reação tardia ou ineficiente do condutor,Atropelamento de Pedestre,Com Vítimas Feridas,Plena Noite,Crescente,Céu Claro,Simples,Aclive,Não,0.0,2.0,0.0,2.0,0.0,0.0,2.0,2.0,SPRF-ES,DEL02-ES,UOP01-DEL02-ES,1,grave
2025-06-20,08:30,2025-06-20 08:30:00,2025.0,6.0,sexta,8.0,manha,ES,CARIACICA,True,101.0,BR-101,288.3,-20.2728368,-40.39127214,Ausência de reação do condutor,Queda de ocupante de veículo,Com Vítimas Feridas,Pleno dia,Decrescente,Céu Claro,Dupla,Reta,Sim,0.0,0.0,1.0,1.0,0.0,0.0,1.0,1.0,SPRF-ES,DEL01-ES,UOP01-DEL01-ES,0,moderado
2025-06-20,10:25,2025-06-20 10:25:00,2025.0,6.0,sexta,10.0,manha,ES,ANCHIETA,False,101.0,BR-101,360.9,-20.71017809,-40.72118998,Ausência de reação do condutor,Colisão com objeto,Com Vítimas Feridas,Pleno dia,Crescente,Sol,Simples,Declive;Curva,Não,0.0,0.0,2.0,2.0,2.0,0.0,1.0,4.0,SPRF-ES,DEL03-ES,UOP01-DEL03-ES,0,moderado
2025-05-16,16:20,2025-05-16 16:20:00,2025.0,5.0,sexta,16.0,tarde,ES,BAIXO GUANDU,False,259.0,BR-259,100.5,-19.52214163,-41.01194054,Demais falhas mecânicas ou elétricas,Eventos atípicos,Com Vítimas Feridas,Pleno dia,Crescente,Céu Claro,Simples,Reta,Sim,0.0,0.0,1.0,1.0,1.0,0.0,2.0,2.0,SPRF-ES,DEL02-ES,UOP01-DEL02-ES,0,moderado
2025-06-20,13:20,2025-06-20 13:20:00,2025.0,6.0,sexta,13.0,tarde,ES,LINHARES,False,101.0,BR-101,146.0,-19.36897633,-40.06529117,Condutor deixou de manter distância do veículo da frente,Colisão lateral mesmo sentido,Com Vítimas Feridas,Pleno dia,Decrescente,Céu Claro,Dupla,Reta,Sim,0.0,0.0,2.0,2.0,1.0,0.0,2.0,3.0,SPRF-ES,DEL04-ES,UOP01-DEL04-ES,0,moderado
2025-06-20,15:36,2025-06-20 15:36:00,2025.0,6.0,sexta,15.0,tarde,ES,ICONHA,False,101.0,BR-101,380.7,-20.80987854,-40.83665371,Transitar na contramão,Colisão frontal,Com Vítimas Fatais,Pleno dia,Decrescente,Céu Claro,Simples,Curva,Não,1.0,2.0,0.0,2.0,0.0,3.0,3.0,6.0,SPRF-ES,DEL03-ES,UOP01-DEL03-ES,1,fatal
2025-06-20,17:10,2025-06-20 17:10:00,2025.0,6.0,sexta,17.0,tarde,ES,VIANA,True,101.0,BR-101,300.1,-20.35945765,-40.43340984,Reação tardia ou ineficiente do condutor,Colisão traseira,Com Vítimas Feridas,Anoitecer,Crescente,Céu Claro,Múltipla,Declive;Interseção de Vias,Sim,0.0,1.0,0.0,1.0,2.0,0.0,2.0,3.0,SPRF-ES,DEL01-ES,UOP01-DEL01-ES,1,grave
2025-06-20,18:50,2025-06-20 18:50:00,2025.0,6.0,sexta,18.0,noite,ES,DOMINGOS MARTINS,False,262.0,BR-262,93.0,-20.375707,-41.055392,Ausência de reação do condutor,Colisão traseira,Com Vítimas Feridas,Plena Noite,Crescente,Céu Claro,Simples,Reta,Não,0.0,0.0,1.0,1.0,3.0,0.0,3.0,4.0,SPRF-ES,DEL01-ES,UOP02-DEL01-ES,0,moderado
2025-06-20,18:50,2025-06-20 18:50:00,2025.0,6.0,sexta,18.0,noite,ES,CONCEICAO DA BARRA,False,101.0,BR-101,33.0,-18.4439812,-39.93219882,Ausência de reação do condutor,Atropelamento de Pedestre,Com Vítimas Feridas,Plena Noite,Decrescente,Céu Claro,Simples,Reta,Não,0.0,0.0,1.0,1.0,0.0,1.0,2.0,2.0,SPRF-ES,DEL04-ES,UOP02-DEL04-ES,0,moderado
2025-06-20,20:30,2025-06-20 20:30:00,2025.0,6.0,sexta,20.0,noite,ES,LINHARES,False,101.0,BR-101,122.1,-19.16110319,-40.08360528,Ausência de reação do condutor,Colisão traseira,Com Vítimas Fatais,Plena Noite,Crescente,Nevoeiro/Neblina,Simples,Reta,Não,1.0,0.0,0.0,0.0,1.0,0.0,2.0,2.0,SPRF-ES,DEL04-ES,UOP01-DEL04-ES,1,fatal
2025-06-21,13:30,2025-06-21 13:30:00,2025.0,6.0,sabado,13.0,tarde,ES,SAO MATEUS,False,101.0,BR-101,73.0,-18.77893478,-39.87439983,Conversão proibida,Colisão lateral mesmo sentido,Com Vítimas Feridas,Pleno dia,Crescente,Céu Claro,Simples,Reta,Não,0.0,0.0,1.0,1.0,1.0,0.0,2.0,2.0,SPRF-ES,DEL04-ES,UOP02-DEL04-ES,0,moderado
2025-06-21,13:00,2025-06-21 13:00:00,2025.0,6.0,sabado,13.0,tarde,ES,VENDA NOVA DO IMIGRANTE,False,262.0,BR-262,105.0,-20.32705034,-41.13323855,Acessar a via sem observar a presença dos outros veículos,Colisão lateral mesmo sentido,Com Vítimas Feridas,Pleno dia,Crescente,Sol,Simples,Reta,Sim,0.0,0.0,1.0,1.0,0.0,1.0,2.0,2.0,SPRF-ES,DEL01-ES,UOP02-DEL01-ES,0,moderado
2025-06-21,16:18,2025-06-21 16:18:00,2025.0,6.0,sabado,16.0,tarde,ES,CARIACICA,True,101.0,BR-101,282.4,-20.2304138,-40.3672913,Manobra de mudança de faixa,Queda de ocupante de veículo,Com Vítimas Feridas,Pleno dia,Crescente,Céu Claro,Dupla,Reta,Sim,0.0,0.0,1.0,1.0,1.0,0.0,2.0,2.0,SPRF-ES,DEL01-ES,UOP01-DEL01-ES,0,moderado
2025-06-09,08:00,2025-06-09 08:00:00,2025.0,6.0,segunda,8.0,manha,ES,SERRA,True,101.0,BR-101,276.9,-20.2128425,-40.3208445,Carga excessiva e/ou mal acondicionada,Derramamento de carga,Com Vítimas Feridas,Pleno dia,Decrescente,Sol,Dupla,Reta,Sim,0.0,0.0,1.0,1.0,1.0,1.0,3.0,3.0,SPRF-ES,DEL02-ES,UOP01-DEL02-ES,0,moderado
2025-06-21,19:00,2025-06-21 19:00:00,2025.0,6.0,sabado,19.0,noite,ES,VENDA NOVA DO IMIGRANTE,False,262.0,BR-262,112.0,-20.32997655,-41.20495168,Demais falhas mecânicas ou elétricas,Incêndio,Sem Vítimas,Plena Noite,Crescente,Céu Claro,Simples,Curva,Não,0.0,0.0,0.0,0.0,0.0,1.0,1.0,1.0,SPRF-ES,DEL01-ES,UOP02-DEL01-ES,0,baixo
2025-06-21,19:22,2025-06-21 19:22:00,2025.0,6.0,sabado,19.0,noite,ES,IBIRACU,False,101.0,BR-101,223.0,-19.879549,-40.417088,Transitar na contramão,Colisão lateral sentido oposto,Com Vítimas Feridas,Plena Noite,Crescente,Céu Claro,Simples,Curva,Não,0.0,1.0,0.0,1.0,1.0,0.0,2.0,2.0,SPRF-ES,DEL02-ES,UOP01-DEL02-ES,1,grave
2025-06-22,06:00,2025-06-22 06:00:00,2025.0,6.0,domingo,6.0,manha,ES,SERRA,True,101.0,BR-101,280.5,-20.04888867,-40.38648021,Demais falhas mecânicas ou elétricas,Queda de ocupante de veículo,Com Vítimas Feridas,Amanhecer,Decrescente,Nublado,Dupla,Reta,Não,0.0,0.0,1.0,1.0,0.0,0.0,1.0,1.0,SPRF-ES,DEL02-ES,UOP01-DEL02-ES,0,moderado
2025-06-22,13:30,2025-06-22 13:30:00,2025.0,6.0,domingo,13.0,tarde,ES,GUARAPARI,True,101.0,BR-101,335.6,-20.62791666,-40.53403166,Reação tardia ou ineficiente do condutor,Colisão transversal,Com Vítimas Feridas,Pleno dia,Crescente,Céu Claro,Dupla,Curva,Não,0.0,0.0,1.0,1.0,2.0,0.0,2.0,3.0,SPRF-ES,DEL03-ES,UOP01-DEL03-ES,0,moderado
2025-06-22,14:30,2025-06-22 14:30:00,2025.0,6.0,domingo,14.0,tarde,ES,VIANA,True,101.0,BR-101,301.0,-20.36924731,-40.44430939,Velocidade Incompatível,Capotamento,Com Vítimas Feridas,Pleno dia,Crescente,Céu Claro,Simples,Declive;Curva,Não,0.0,0.0,1.0,1.0,1.0,0.0,1.0,2.0,SPRF-ES,DEL01-ES,UOP01-DEL01-ES,0,moderado
2025-06-22,17:55,2025-06-22 17:55:00,2025.0,6.0,domingo,17.0,tarde,ES,SERRA,True,101.0,BR-101,240.6,-20.03132299,-40.39736941,Entrada inopinada do pedestre,Atropelamento de Pedestre,Com Vítimas Fatais,Anoitecer,Crescente,Céu Claro,Dupla,Reta,Não,1.0,0.0,0.0,0.0,1.0,0.0,2.0,2.0,SPRF-ES,DEL02-ES,UOP01-DEL02-ES,1,fatal
2025-06-22,18:00,2025-06-22 18:00:00,2025.0,6.0,domingo,18.0,noite,ES,SAO MATEUS,False,101.0,BR-101,89.5,-18.894675,-39.954436,Pedestre cruzava a pista fora da faixa,Atropelamento de Pedestre,Com Vítimas Feridas,Plena Noite,Crescente,Céu Claro,Simples,Reta,Não,0.0,1.0,1.0,2.0,0.0,0.0,2.0,2.0,SPRF-ES,DEL04-ES,UOP02-DEL04-ES,1,grave
2025-06-23,02:50,2025-06-23 02:50:00,2025.0,6.0,segunda,2.0,madrugada,ES,CONCEICAO DA BARRA,False,101.0,BR-101,42.0,-18.52550417,-39.91081651,Ausência de reação do condutor,Colisão traseira,Com Vítimas Feridas,Plena Noite,Crescente,Céu Claro,Simples,Reta,Não,0.0,0.0,1.0,1.0,2.0,0.0,2.0,3.0,SPRF-ES,DEL04-ES,UOP02-DEL04-ES,0,moderado
2025-06-23,08:34,2025-06-23 08:34:00,2025.0,6.0,segunda,8.0,manha,ES,CARIACICA,True,101.0,BR-101,284.6,-20.24802,-40.370447,Afundamento ou ondulação no pavimento,Tombamento,Com Vítimas Feridas,Pleno dia,Decrescente,Céu Claro,Simples,Declive,Sim,0.0,1.0,1.0,2.0,0.0,0.0,1.0,2.0,SPRF-ES,DEL01-ES,UOP01-DEL01-ES,1,grave
2025-06-23,13:00,2025-06-23 13:00:00,2025.0,6.0,segunda,13.0,tarde,ES,SERRA,True,101.0,BR-101,257.6,-20.12782145,-40.29941549,Acessar a via sem observar a presença dos outros veículos,Colisão transversal,Com Vítimas Feridas,Pleno dia,Decrescente,Sol,Dupla,Rotatória,Sim,0.0,1.0,0.0,1.0,1.0,0.0,2.0,2.0,SPRF-ES,DEL02-ES,UOP01-DEL02-ES,1,grave
2025-06-23,14:40,2025-06-23 14:40:00,2025.0,6.0,segunda,14.0,tarde,ES,SERRA,True,101.0,BR-101,256.9,-20.12534476,-40.30265808,Velocidade Incompatível,Colisão lateral mesmo sentido,Com Vítimas Feridas,Pleno dia,Crescente,Céu Claro,Múltipla,Reta;Declive,Sim,0.0,0.0,2.0,2.0,2.0,0.0,2.0,4.0,SPRF-ES,DEL02-ES,UOP01-DEL02-ES,0,moderado
2025-06-23,17:15,2025-06-23 17:15:00,2025.0,6.0,segunda,17.0,tarde,ES,SERRA,True,101.0,BR-101,270.6,-20.230926,-40.27346,Acessar a via sem observar a presença dos outros veículos,Colisão transversal,Com Vítimas Feridas,Anoitecer,Crescente,Céu Claro,Múltipla,Reta,Sim,0.0,0.0,1.0,1.0,1.0,0.0,2.0,2.0,SPRF-ES,DEL02-ES,UOP01-DEL02-ES,0,moderado
2025-06-23,21:10,2025-06-23 21:10:00,2025.0,6.0,segunda,21.0,noite,ES,SERRA,True,101.0,BR-101,270.2,-20.23091223,-40.2733469,Condutor desrespeitou a iluminação vermelha do semáforo,Colisão transversal,Com Vítimas Feridas,Plena Noite,Crescente,Céu Claro,Múltipla,Reta,Não,0.0,0.0,1.0,1.0,1.0,0.0,2.0,2.0,SPRF-ES,DEL02-ES,UOP01-DEL02-ES,0,moderado
2025-06-23,21:05,2025-06-23 21:05:00,2025.0,6.0,segunda,21.0,noite,ES,LINHARES,False,101.0,BR-101,161.7,-19.48624173,-40.12292258,Ultrapassagem Indevida,Colisão frontal,Com Vítimas Feridas,Plena Noite,Crescente,Céu Claro,Simples,Curva,Não,0.0,0.0,7.0,7.0,1.0,0.0,2.0,8.0,SPRF-ES,DEL04-ES,UOP01-DEL04-ES,0,moderado
2025-03-21,06:30,2025-03-21 06:30:00,2025.0,3.0,sexta,6.0,manha,ES,COLATINA,False,259.0,BR-259,52.0,-19.52315515,-40.70842624,Ausência de reação do condutor,Colisão lateral mesmo sentido,Com Vítimas Feridas,Pleno dia,Crescente,Céu Claro,Simples,Reta,Não,0.0,0.0,1.0,1.0,1.0,0.0,2.0,2.0,SPRF-ES,DEL02-ES,UOP01-DEL02-ES,0,moderado
2025-06-24,14:10,2025-06-24 14:10:00,2025.0,6.0,terca,14.0,tarde,ES,SOORETAMA,False,101.0,BR-101,125.0,-19.19293167,-40.09523667,Reação tardia ou ineficiente do condutor,Colisão lateral mesmo sentido,Com Vítimas Feridas,Pleno dia,Crescente,Céu Claro,Múltipla,Reta,Não,0.0,1.0,0.0,1.0,1.0,0.0,2.0,2.0,SPRF-ES,DEL04-ES,UOP01-DEL04-ES,1,grave
2025-06-24,14:50,2025-06-24 14:50:00,2025.0,6.0,terca,14.0,tarde,ES,CARIACICA,True,101.0,BR-101,295.0,-20.3318546,-40.3999901,Ausência de reação do condutor,Colisão lateral mesmo sentido,Com Vítimas Feridas,Pleno dia,Crescente,Sol,Dupla,Em Obras,Não,0.0,0.0,1.0,1.0,1.0,0.0,2.0,2.0,SPRF-ES,DEL01-ES,UOP01-DEL01-ES,0,moderado
2025-06-24,16:30,2025-06-24 16:30:00,2025.0,6.0,terca,16.0,tarde,ES,IBIRACU,False,101.0,BR-101,224.0,-19.8872865,-40.4145109,Ausência de reação do condutor,Tombamento,Com Vítimas Feridas,Pleno dia,Decrescente,Céu Claro,Simples,Reta,Não,0.0,2.0,0.0,2.0,0.0,1.0,2.0,3.0,SPRF-ES,DEL02-ES,UOP01-DEL02-ES,1,grave
2025-06-25,06:50,2025-06-25 06:50:00,2025.0,6.0,quarta,6.0,manha,ES,SERRA,True,101.0,BR-101,262.7,-20.16054717,-40.27570583,Condutor deixou de manter distância do veículo da frente,Colisão traseira,Com Vítimas Feridas,Pleno dia,Decrescente,Céu Claro,Dupla,Reta,Não,0.0,0.0,2.0,2.0,0.0,1.0,3.0,3.0,SPRF-ES,DEL02-ES,UOP01-DEL02-ES,0,moderado
2025-06-25,08:00,2025-06-25 08:00:00,2025.0,6.0,quarta,8.0,manha,ES,MARECHAL FLORIANO,False,262.0,BR-262,46.6,-20.39964746,-40.67215769,Conversão proibida,Colisão lateral mesmo sentido,Com Vítimas Feridas,Pleno dia,Decrescente,Céu Claro,Simples,Reta,Sim,0.0,0.0,1.0,1.0,2.0,0.0,2.0,3.0,SPRF-ES,DEL01-ES,UOP01-DEL01-ES,0,moderado
2025-06-25,10:00,2025-06-25 10:00:00,2025.0,6.0,quarta,10.0,manha,ES,SERRA,True,101.0,BR-101,269.3,-20.2205119,-40.2704562,Manobra de mudança de faixa,Colisão lateral mesmo sentido,Com Vítimas Feridas,Pleno dia,Crescente,Nublado,Múltipla,Reta,Sim,0.0,0.0,1.0,1.0,1.0,0.0,2.0,2.0,SPRF-ES,DEL02-ES,UOP01-DEL02-ES,0,moderado
2025-06-25,17:55,2025-06-25 17:55:00,2025.0,6.0,quarta,17.0,tarde,ES,CARIACICA,True,101.0,BR-101,283.1,-20.23517757,-40.36965815,Manobra de mudança de faixa,Colisão lateral mesmo sentido,Com Vítimas Feridas,Anoitecer,Crescente,Nublado,Dupla,Reta,Sim,0.0,0.0,1.0,1.0,1.0,1.0,3.0,3.0,SPRF-ES,DEL01-ES,UOP01-DEL01-ES,0,moderado
2025-06-25,22:00,2025-06-25 22:00:00,2025.0,6.0,quarta,22.0,noite,ES,SERRA,True,101.0,BR-101,17.9,-20.215975,-40.334882,Condutor deixou de manter distância do veículo da frente,Colisão traseira,Com Vítimas Feridas,Plena Noite,Crescente,Céu Claro,Dupla,Reta,Não,0.0,0.0,1.0,1.0,1.0,1.0,2.0,3.0,SPRF-ES,DEL02-ES,UOP01-DEL02-ES,0,moderado
2025-06-26,07:06,2025-06-26 07:06:00,2025.0,6.0,quinta,7.0,manha,ES,GUARAPARI,True,101.0,BR-101,335.0,-20.62744994,-40.52738118,Acumulo de areia ou detritos sobre o pavimento,Queda de ocupante de veículo,Com Vítimas Feridas,Pleno dia,Decrescente,Céu Claro,Simples,Curva,Sim,0.0,0.0,1.0,1.0,0.0,0.0,1.0,1.0,SPRF-ES,DEL03-ES,UOP01-DEL03-ES,0,moderado
2025-06-26,13:15,2025-06-26 13:15:00,2025.0,6.0,quinta,13.0,tarde,ES,SERRA,True,101.0,BR-101,281.0,-20.21891645,-40.35015663,Demais falhas mecânicas ou elétricas,Tombamento,Com Vítimas Feridas,Pleno dia,Crescente,Céu Claro,Simples,Reta,Não,0.0,0.0,2.0,2.0,0.0,0.0,1.0,2.0,SPRF-ES,DEL02-ES,UOP01-DEL02-ES,0,moderado
2025-06-26,12:26,2025-06-26 12:26:00,2025.0,6.0,quinta,12.0,tarde,ES,CACHOEIRO DE ITAPEMIRIM,False,393.0,BR-393,2.0,-20.83260344,-41.17567884,Ausência de reação do condutor,Colisão traseira,Com Vítimas Feridas,Pleno dia,Decrescente,Céu Claro,Simples,Reta,Sim,0.0,0.0,1.0,1.0,0.0,2.0,2.0,3.0,SPRF-ES,DEL03-ES,UOP02-DEL03-ES,0,moderado
2025-06-26,15:00,2025-06-26 15:00:00,2025.0,6.0,quinta,15.0,tarde,ES,SERRA,True,101.0,BR-101,14.9,-20.210955,-40.334542,Reação tardia ou ineficiente do condutor,Colisão traseira,Com Vítimas Feridas,Pleno dia,Crescente,Céu Claro,Dupla,Reta,Não,0.0,1.0,1.0,2.0,1.0,0.0,3.0,3.0,SPRF-ES,DEL02-ES,UOP01-DEL02-ES,1,grave
2025-06-26,17:45,2025-06-26 17:45:00,2025.0,6.0,quinta,17.0,tarde,ES,VIANA,True,101.0,BR-101,301.0,-20.3610942,-40.4361423,Pedestre andava na pista,Atropelamento de Pedestre,Com Vítimas Feridas,Plena Noite,Decrescente,Céu Claro,Dupla,Reta,Sim,0.0,0.0,1.0,1.0,1.0,0.0,2.0,2.0,SPRF-ES,DEL01-ES,UOP01-DEL01-ES,0,moderado
2025-06-26,18:11,2025-06-26 18:11:00,2025.0,6.0,quinta,18.0,noite,ES,LINHARES,False,101.0,BR-101,146.0,-19.38251089,-40.0667979,Ausência de reação do condutor,Atropelamento de Pedestre,Com Vítimas Feridas,Amanhecer,Crescente,Céu Claro,Múltipla,Reta,Não,0.0,2.0,0.0,2.0,0.0,0.0,2.0,2.0,SPRF-ES,DEL04-ES,UOP01-DEL04-ES,1,grave
2025-06-26,18:00,2025-06-26 18:00:00,2025.0,6.0,quinta,18.0,noite,ES,VIANA,True,101.0,BR-101,298.0,-20.3547459,-40.4168813,Objeto estático sobre o leito carroçável,Colisão com objeto,Com Vítimas Feridas,Pleno dia,Crescente,Céu Claro,Dupla,Reta;Viaduto,Sim,0.0,0.0,1.0,1.0,0.0,0.0,1.0,1.0,SPRF-ES,DEL01-ES,UOP01-DEL01-ES,0,moderado
2025-06-26,19:34,2025-06-26 19:34:00,2025.0,6.0,quinta,19.0,noite,ES,SERRA,True,101.0,BR-101,271.5,-20.22702858,-40.28503696,Condutor desrespeitou a iluminação vermelha do semáforo,Colisão transversal,Com Vítimas Feridas,Plena Noite,Crescente,Céu Claro,Simples,Reta,Não,0.0,1.0,0.0,1.0,1.0,0.0,2.0,2.0,SPRF-ES,DEL02-ES,UOP01-DEL02-ES,1,grave
2025-06-26,21:00,2025-06-26 21:00:00,2025.0,6.0,quinta,21.0,noite,ES,SERRA,True,101.0,BR-101,262.2,-20.160828,-40.27547,Reação tardia ou ineficiente do condutor,Colisão transversal,Com Vítimas Feridas,Plena Noite,Crescente,Céu Claro,Dupla,Reta,Não,0.0,0.0,1.0,1.0,4.0,0.0,2.0,5.0,SPRF-ES,DEL02-ES,UOP01-DEL02-ES,0,moderado
2025-06-27,05:50,2025-06-27 05:50:00,2025.0,6.0,sexta,5.0,madrugada,ES,VIANA,True,101.0,BR-101,298.0,-20.3554354,-40.4168915,Animais na Pista,Atropelamento de Animal,Com Vítimas Feridas,Amanhecer,Decrescente,Nublado,Simples,Reta,Sim,0.0,2.0,0.0,2.0,0.0,0.0,1.0,2.0,SPRF-ES,DEL01-ES,UOP01-DEL01-ES,1,grave
2025-06-27,05:30,2025-06-27 05:30:00,2025.0,6.0,sexta,5.0,madrugada,ES,BREJETUBA,False,262.0,BR-262,136.6,-20.234757,-41.340208,Reação tardia ou ineficiente do condutor,Saída de leito carroçável,Com Vítimas Feridas,Amanhecer,Decrescente,Nublado,Simples,Curva,Não,0.0,0.0,1.0,1.0,0.0,1.0,2.0,2.0,SPRF-ES,DEL01-ES,UOP02-DEL01-ES,0,moderado
2025-06-27,07:55,2025-06-27 07:55:00,2025.0,6.0,sexta,7.0,manha,ES,VENDA NOVA DO IMIGRANTE,False,262.0,BR-262,113.0,-20.331795,-41.204607,Reação tardia ou ineficiente do condutor,Colisão com objeto,Com Vítimas Feridas,Pleno dia,Decrescente,Céu Claro,Simples,Declive;Curva,Não,0.0,0.0,1.0,1.0,0.0,0.0,1.0,1.0,SPRF-ES,DEL01-ES,UOP02-DEL01-ES,0,moderado
2025-06-27,10:00,2025-06-27 10:00:00,2025.0,6.0,sexta,10.0,manha,ES,SAO MATEUS,False,101.0,BR-101,61.0,-18.682215,-39.863374,Condutor deixou de manter distância do veículo da frente,Colisão traseira,Com Vítimas Feridas,Pleno dia,Crescente,Céu Claro,Simples,Reta;Interseção de Vias,Sim,0.0,0.0,1.0,1.0,2.0,0.0,2.0,3.0,SPRF-ES,DEL04-ES,UOP02-DEL04-ES,0,moderado
2025-05-30,12:10,2025-05-30 12:10:00,2025.0,5.0,sexta,12.0,tarde,ES,LINHARES,False,101.0,BR-101,145.2,-19.36208944,-40.06487435,Ausência de reação do condutor,Colisão traseira,Com Vítimas Feridas,Pleno dia,Crescente,Céu Claro,Dupla,Reta,Não,0.0,0.0,1.0,1.0,0.0,1.0,2.0,2.0,SPRF-ES,DEL04-ES,UOP01-DEL04-ES,0,moderado
2025-06-27,19:50,2025-06-27 19:50:00,2025.0,6.0,sexta,19.0,noite,ES,IBIRACU,False,101.0,BR-101,212.8,-19.8223709,-40.369911,Transitar na contramão,Colisão frontal,Com Vítimas Feridas,Plena Noite,Decrescente,Céu Claro,Simples,Reta,Sim,0.0,1.0,0.0,1.0,1.0,0.0,2.0,2.0,SPRF-ES,DEL02-ES,UOP01-DEL02-ES,1,grave
2025-06-27,19:40,2025-06-27 19:40:00,2025.0,6.0,sexta,19.0,noite,ES,ANCHIETA,False,101.0,BR-101,353.5,-20.681867,-40.667871,Entrada inopinada do pedestre,Atropelamento de Pedestre,Com Vítimas Fatais,Plena Noite,Decrescente,Céu Claro,Dupla,Reta,Não,1.0,0.0,0.0,0.0,5.0,0.0,2.0,6.0,SPRF-ES,DEL03-ES,UOP01-DEL03-ES,1,fatal
2025-06-28,06:00,2025-06-28 06:00:00,2025.0,6.0,sabado,6.0,manha,ES,SERRA,True,101.0,BR-101,267.0,-20.2050693,-40.26933342,Manobra de mudança de faixa,Colisão lateral mesmo sentido,Com Vítimas Feridas,Pleno dia,Crescente,Sol,Múltipla,Reta,Sim,0.0,0.0,2.0,2.0,0.0,1.0,2.0,3.0,SPRF-ES,DEL02-ES,UOP01-DEL02-ES,0,moderado
2025-06-28,11:56,2025-06-28 11:56:00,2025.0,6.0,sabado,11.0,manha,ES,SERRA,True,101.0,BR-101,266.0,-20.1932524,-40.2682186,Ausência de reação do condutor,Queda de ocupante de veículo,Com Vítimas Feridas,Pleno dia,Crescente,Sol,Dupla,Reta,Sim,0.0,1.0,0.0,1.0,0.0,0.0,1.0,1.0,SPRF-ES,DEL02-ES,UOP01-DEL02-ES,1,grave
2025-06-28,12:55,2025-06-28 12:55:00,2025.0,6.0,sabado,12.0,tarde,ES,ARACRUZ,False,101.0,BR-101,194.8,-19.70190532,-40.32074557,Reação tardia ou ineficiente do condutor,Tombamento,Com Vítimas Feridas,Pleno dia,Crescente,Céu Claro,Simples,Reta,Não,0.0,1.0,0.0,1.0,0.0,1.0,1.0,2.0,SPRF-ES,DEL04-ES,UOP01-DEL04-ES,1,grave
2025-06-28,19:07,2025-06-28 19:07:00,2025.0,6.0,sabado,19.0,noite,ES,SERRA,True,101.0,BR-101,256.0,-20.0488693,-40.3866778,Acessar a via sem observar a presença dos outros veículos,Atropelamento de Pedestre,Com Vítimas Feridas,Plena Noite,Crescente,Céu Claro,Simples,Reta,Sim,0.0,0.0,2.0,2.0,1.0,0.0,2.0,3.0,SPRF-ES,DEL02-ES,UOP01-DEL02-ES,0,moderado
2025-06-28,19:20,2025-06-28 19:20:00,2025.0,6.0,sabado,19.0,noite,ES,SERRA,True,101.0,BR-101,262.0,-20.160472,-40.275685,Acessar a via sem observar a presença dos outros veículos,Colisão traseira,Sem Vítimas,Plena Noite,Decrescente,Céu Claro,Dupla,Reta,Não,0.0,0.0,0.0,0.0,2.0,0.0,2.0,2.0,SPRF-ES,DEL02-ES,UOP01-DEL02-ES,0,baixo
2025-06-28,22:00,2025-06-28 22:00:00,2025.0,6.0,sabado,22.0,noite,ES,SAO MATEUS,False,101.0,BR-101,62.0,-18.69209541,-39.86270841,Ingestão de álcool pelo condutor,Colisão lateral mesmo sentido,Com Vítimas Feridas,Plena Noite,Crescente,Nublado,Dupla,Reta;Aclive,Não,0.0,0.0,2.0,2.0,0.0,0.0,2.0,2.0,SPRF-ES,DEL04-ES,UOP02-DEL04-ES,0,moderado
2025-06-29,00:10,2025-06-29 00:10:00,2025.0,6.0,domingo,0.0,madrugada,ES,SERRA,True,101.0,BR-101,258.5,-20.13689998,-40.29217511,Condutor deixou de manter distância do veículo da frente,Colisão traseira,Com Vítimas Feridas,Plena Noite,Decrescente,Céu Claro,Dupla,Reta,Sim,0.0,0.0,2.0,2.0,0.0,1.0,2.0,3.0,SPRF-ES,DEL02-ES,UOP01-DEL02-ES,0,moderado
2025-06-29,04:38,2025-06-29 04:38:00,2025.0,6.0,domingo,4.0,madrugada,ES,FUNDAO,True,101.0,BR-101,233.0,-19.96177,-40.40434,Condutor deixou de manter distância do veículo da frente,Colisão traseira,Com Vítimas Feridas,Plena Noite,Decrescente,Nublado,Simples,Reta,Não,0.0,0.0,2.0,2.0,0.0,2.0,2.0,4.0,SPRF-ES,DEL02-ES,UOP01-DEL02-ES,0,moderado
2025-06-29,09:30,2025-06-29 09:30:00,2025.0,6.0,domingo,9.0,manha,ES,SERRA,True,101.0,BR-101,266.1,-20.2244,-40.273,Condutor desrespeitou a iluminação vermelha do semáforo,Colisão transversal,Com Vítimas Feridas,Pleno dia,Crescente,Sol,Dupla,Retorno Regulamentado,Sim,0.0,0.0,1.0,1.0,2.0,0.0,2.0,3.0,SPRF-ES,DEL02-ES,UOP01-DEL02-ES,0,moderado
2025-06-29,14:35,2025-06-29 14:35:00,2025.0,6.0,domingo,14.0,tarde,ES,CARIACICA,True,101.0,BR-101,292.0,-20.306112,-40.395107,Ingestão de álcool pelo condutor,Colisão traseira,Com Vítimas Feridas,Pleno dia,Crescente,Sol,Dupla,Declive;Reta,Sim,0.0,0.0,1.0,1.0,1.0,0.0,2.0,2.0,SPRF-ES,DEL01-ES,UOP01-DEL01-ES,0,moderado
2025-06-29,14:30,2025-06-29 14:30:00,2025.0,6.0,domingo,14.0,tarde,ES,SAO MATEUS,False,101.0,BR-101,77.9,-18.806228,-39.895135,Acessar a via sem observar a presença dos outros veículos,Colisão lateral sentido oposto,Com Vítimas Feridas,Pleno dia,Decrescente,Céu Claro,Simples,Reta,Não,0.0,1.0,1.0,2.0,2.0,0.0,2.0,4.0,SPRF-ES,DEL04-ES,UOP02-DEL04-ES,1,grave
2025-06-29,17:00,2025-06-29 17:00:00,2025.0,6.0,domingo,17.0,tarde,ES,SERRA,True,101.0,BR-101,266.0,-20.19649061,-40.26859313,Ausência de reação do condutor,Colisão traseira,Com Vítimas Feridas,Pleno dia,Decrescente,Céu Claro,Múltipla,Reta,Não,0.0,0.0,1.0,1.0,1.0,0.0,2.0,2.0,SPRF-ES,DEL02-ES,UOP01-DEL02-ES,0,moderado
2025-06-29,18:55,2025-06-29 18:55:00,2025.0,6.0,domingo,18.0,noite,ES,SERRA,True,101.0,BR-101,264.9,-20.1822104,-40.2656856,Condutor desrespeitou a iluminação vermelha do semáforo,Atropelamento de Pedestre,Com Vítimas Feridas,Plena Noite,Crescente,Céu Claro,Múltipla,Reta,Sim,0.0,0.0,1.0,1.0,1.0,0.0,2.0,2.0,SPRF-ES,DEL02-ES,UOP01-DEL02-ES,0,moderado
2025-06-29,19:00,2025-06-29 19:00:00,2025.0,6.0,domingo,19.0,noite,ES,SERRA,True,101.0,BR-101,267.9,-20.205374,-40.269542,Ausência de reação do condutor,Colisão traseira,Com Vítimas Feridas,Plena Noite,Crescente,Céu Claro,Dupla,Reta,Não,0.0,0.0,1.0,1.0,0.0,1.0,2.0,2.0,SPRF-ES,DEL02-ES,UOP01-DEL02-ES,0,moderado
2025-06-29,18:00,2025-06-29 18:00:00,2025.0,6.0,domingo,18.0,noite,ES,VIANA,True,101.0,BR-101,305.7,-20.39097441,-40.46310425,Ausência de reação do condutor,Atropelamento de Pedestre,Com Vítimas Feridas,Plena Noite,Decrescente,Céu Claro,Dupla,Reta,Não,0.0,1.0,0.0,1.0,0.0,1.0,2.0,2.0,SPRF-ES,DEL01-ES,UOP01-DEL01-ES,1,grave
2025-06-29,20:10,2025-06-29 20:10:00,2025.0,6.0,domingo,20.0,noite,ES,SERRA,True,101.0,BR-101,269.1,-20.04887489,-40.38651095,Ausência de reação do condutor,Colisão traseira,Com Vítimas Feridas,Plena Noite,Crescente,Céu Claro,Dupla,Interseção de Vias,Sim,0.0,0.0,1.0,1.0,1.0,0.0,2.0,2.0,SPRF-ES,DEL02-ES,UOP01-DEL02-ES,0,moderado
2025-06-30,06:30,2025-06-30 06:30:00,2025.0,6.0,segunda,6.0,manha,ES,IBIRACU,False,101.0,BR-101,214.0,-19.82988037,-40.37313491,Acessar a via sem observar a presença dos outros veículos,Colisão transversal,Com Vítimas Feridas,Pleno dia,Decrescente,Sol,Simples,Interseção de Vias;Retorno Regulamentado,Sim,0.0,0.0,2.0,2.0,0.0,0.0,2.0,2.0,SPRF-ES,DEL02-ES,UOP01-DEL02-ES,0,moderado
2025-06-30,06:48,2025-06-30 06:48:00,2025.0,6.0,segunda,6.0,manha,ES,COLATINA,False,259.0,BR-259,58.4,-19.52172911,-40.66671904,Demais Fenômenos da natureza,Colisão traseira,Com Vítimas Feridas,Pleno dia,Decrescente,Sol,Simples,Aclive;Reta,Sim,0.0,2.0,2.0,4.0,0.0,0.0,2.0,4.0,SPRF-ES,DEL02-ES,UOP01-DEL02-ES,1,grave
2025-06-30,06:50,2025-06-30 06:50:00,2025.0,6.0,segunda,6.0,manha,ES,COLATINA,False,259.0,BR-259,57.7,-19.53139959,-40.68211555,Condutor deixou de manter distância do veículo da frente,Colisão traseira,Com Vítimas Feridas,Pleno dia,Decrescente,Céu Claro,Simples,Reta,Sim,0.0,0.0,3.0,3.0,1.0,0.0,2.0,4.0,SPRF-ES,DEL02-ES,UOP01-DEL02-ES,0,moderado
2025-06-30,07:47,2025-06-30 07:47:00,2025.0,6.0,segunda,7.0,manha,ES,SERRA,True,101.0,BR-101,262.0,-20.15941505,-40.27609197,Condutor desrespeitou a iluminação vermelha do semáforo,Colisão transversal,Com Vítimas Feridas,Pleno dia,Crescente,Céu Claro,Dupla,Reta;Retorno Regulamentado,Sim,0.0,1.0,0.0,1.0,1.0,0.0,2.0,2.0,SPRF-ES,DEL02-ES,UOP01-DEL02-ES,1,grave
2025-06-30,08:00,2025-06-30 08:00:00,2025.0,6.0,segunda,8.0,manha,ES,VIANA,True,101.0,BR-101,298.0,-20.35785519,-40.42080657,Condutor deixou de manter distância do veículo da frente,Colisão traseira,Com Vítimas Feridas,Pleno dia,Crescente,Céu Claro,Dupla,Reta,Não,0.0,1.0,0.0,1.0,1.0,0.0,2.0,2.0,SPRF-ES,DEL01-ES,UOP01-DEL01-ES,1,grave
2025-06-30,10:38,2025-06-30 10:38:00,2025.0,6.0,segunda,10.0,manha,ES,LINHARES,False,101.0,BR-101,148.0,-19.387981,-40.067323,Acessar a via sem observar a presença dos outros veículos,Colisão transversal,Com Vítimas Feridas,Pleno dia,Decrescente,Céu Claro,Simples,Reta,Sim,0.0,1.0,0.0,1.0,1.0,0.0,2.0,2.0,SPRF-ES,DEL04-ES,UOP01-DEL04-ES,1,grave
2025-06-30,10:30,2025-06-30 10:30:00,2025.0,6.0,segunda,10.0,manha,ES,CARIACICA,True,101.0,BR-101,296.0,-20.34255516,-40.4051532,Ingestão de álcool pelo condutor,Colisão com objeto,Com Vítimas Feridas,Pleno dia,Crescente,Céu Claro,Dupla,Declive;Curva,Não,0.0,0.0,1.0,1.0,0.0,0.0,1.0,1.0,SPRF-ES,DEL01-ES,UOP01-DEL01-ES,0,moderado
2025-06-30,13:10,2025-06-30 13:10:00,2025.0,6.0,segunda,13.0,tarde,ES,CARIACICA,True,0.0,BR-0,0.0,-20.33532091,-40.37543631,Reação tardia ou ineficiente do condutor,Colisão transversal,Sem Vítimas,Pleno dia,Não Informado,Sol,Dupla,Reta,Sim,0.0,0.0,0.0,0.0,1.0,1.0,2.0,2.0,SPRF-ES,DEL01-ES,UOP01-DEL01-ES,0,baixo
2025-06-30,14:50,2025-06-30 14:50:00,2025.0,6.0,segunda,14.0,tarde,ES,CACHOEIRO DE ITAPEMIRIM,False,393.0,BR-393,0.8,-20.83784367,-41.16575036,Acessar a via sem observar a presença dos outros veículos,Colisão transversal,Com Vítimas Feridas,Pleno dia,Crescente,Sol,Simples,Reta;Interseção de Vias,Sim,0.0,0.0,2.0,2.0,0.0,1.0,2.0,3.0,SPRF-ES,DEL03-ES,UOP02-DEL03-ES,0,moderado
2025-06-30,17:20,2025-06-30 17:20:00,2025.0,6.0,segunda,17.0,tarde,ES,CARIACICA,True,101.0,BR-101,288.3,-20.27616,-40.391613,Ausência de reação do condutor,Colisão lateral mesmo sentido,Com Vítimas Feridas,Pleno dia,Crescente,Nublado,Dupla,Reta,Não,0.0,1.0,0.0,1.0,1.0,0.0,2.0,2.0,SPRF-ES,DEL01-ES,UOP01-DEL01-ES,1,grave
2025-07-01,05:15,2025-07-01 05:15:00,2025.0,7.0,terca,5.0,madrugada,ES,CONCEICAO DA BARRA,False,101.0,BR-101,52.0,-18.60154709,-39.8875688,Neblina,Colisão traseira,Com Vítimas Feridas,Amanhecer,Decrescente,Céu Claro,Simples,Declive;Reta,Não,0.0,0.0,1.0,1.0,1.0,0.0,2.0,2.0,SPRF-ES,DEL04-ES,UOP02-DEL04-ES,0,moderado
2025-07-01,07:09,2025-07-01 07:09:00,2025.0,7.0,terca,7.0,manha,ES,CARIACICA,True,101.0,BR-101,295.2,-20.335002,-40.400952,Manobra de mudança de faixa,Colisão lateral mesmo sentido,Com Vítimas Feridas,Pleno dia,Decrescente,Céu Claro,Múltipla,Reta;Declive,Sim,0.0,0.0,1.0,1.0,1.0,0.0,2.0,2.0,SPRF-ES,DEL01-ES,UOP01-DEL01-ES,0,moderado
2025-07-01,07:07,2025-07-01 07:07:00,2025.0,7.0,terca,7.0,manha,ES,SERRA,True,101.0,BR-101,270.2,-20.228948,-40.272239,Ausência de reação do condutor,Colisão com objeto,Com Vítimas Feridas,Pleno dia,Decrescente,Céu Claro,Dupla,Reta,Sim,0.0,0.0,1.0,1.0,1.0,1.0,3.0,3.0,SPRF-ES,DEL02-ES,UOP01-DEL02-ES,0,moderado
2025-07-01,11:00,2025-07-01 11:00:00,2025.0,7.0,terca,11.0,manha,ES,LINHARES,False,101.0,BR-101,143.0,-19.33299713,-40.06835103,Transitar na contramão,Colisão transversal,Com Vítimas Feridas,Pleno dia,Crescente,Céu Claro,Simples,Retorno Regulamentado,Sim,0.0,0.0,1.0,1.0,1.0,0.0,2.0,2.0,SPRF-ES,DEL04-ES,UOP01-DEL04-ES,0,moderado
2025-07-01,12:20,2025-07-01 12:20:00,2025.0,7.0,terca,12.0,tarde,ES,IBATIBA,False,262.0,BR-262,166.3,-20.251455,-41.563513,Desrespeitar a preferência no cruzamento,Colisão transversal,Com Vítimas Feridas,Pleno dia,Crescente,Céu Claro,Simples,Curva;Rotatória,Não,0.0,1.0,0.0,1.0,1.0,0.0,2.0,2.0,SPRF-ES,DEL01-ES,UOP02-DEL01-ES,1,grave
2025-07-01,15:40,2025-07-01 15:40:00,2025.0,7.0,terca,15.0,tarde,ES,COLATINA,False,101.0,BR-101,58.6,-19.5225136,-40.6684762,Conversão proibida,Colisão transversal,Com Vítimas Feridas,Pleno dia,Crescente,Céu Claro,Simples,Declive,Não,0.0,0.0,1.0,1.0,1.0,0.0,2.0,2.0,SPRF-ES,DEL04-ES,UOP02-DEL04-ES,0,moderado
2025-07-01,18:40,2025-07-01 18:40:00,2025.0,7.0,terca,18.0,noite,ES,CONCEICAO DA BARRA,False,101.0,BR-101,53.1,-18.61385926,-39.88375604,Deficiência do Sistema de Iluminação/Sinalização,Colisão lateral mesmo sentido,Com Vítimas Fatais,Anoitecer,Crescente,Céu Claro,Simples,Reta,Não,1.0,0.0,0.0,0.0,0.0,1.0,2.0,2.0,SPRF-ES,DEL04-ES,UOP02-DEL04-ES,1,fatal
2025-07-02,04:50,2025-07-02 04:50:00,2025.0,7.0,quarta,4.0,madrugada,ES,IBATIBA,False,262.0,BR-262,172.0,-20.268595,-41.6058003,Reação tardia ou ineficiente do condutor,Capotamento,Com Vítimas Feridas,Plena Noite,Decrescente,Céu Claro,Simples,Curva,Não,0.0,0.0,1.0,1.0,0.0,0.0,1.0,1.0,SPRF-ES,DEL01-ES,UOP02-DEL01-ES,0,moderado
2025-07-02,07:40,2025-07-02 07:40:00,2025.0,7.0,quarta,7.0,manha,ES,JOAO NEIVA,False,259.0,BR-259,8.0,-19.65782861,-40.4287827,Ausência de reação do condutor,Saída de leito carroçável,Com Vítimas Feridas,Pleno dia,Crescente,Céu Claro,Simples,Reta,Não,0.0,0.0,1.0,1.0,0.0,0.0,1.0,1.0,SPRF-ES,DEL02-ES,UOP01-DEL02-ES,0,moderado
2025-07-02,08:10,2025-07-02 08:10:00,2025.0,7.0,quarta,8.0,manha,ES,SERRA,True,101.0,BR-101,265.9,-20.054016,-40.3767296,Reação tardia ou ineficiente do condutor,Colisão lateral mesmo sentido,Com Vítimas Feridas,Pleno dia,Crescente,Céu Claro,Dupla,Reta,Sim,0.0,0.0,1.0,1.0,2.0,0.0,2.0,3.0,SPRF-ES,DEL02-ES,UOP01-DEL02-ES,0,moderado
2025-07-02,17:40,2025-07-02 17:40:00,2025.0,7.0,quarta,17.0,tarde,ES,LINHARES,False,101.0,BR-101,160.0,-19.47681975,-40.11409963,Acessar a via sem observar a presença dos outros veículos,Colisão transversal,Com Vítimas Feridas,Anoitecer,Crescente,Céu Claro,Simples,Reta,Não,0.0,0.0,1.0,1.0,0.0,1.0,2.0,2.0,SPRF-ES,DEL04-ES,UOP01-DEL04-ES,0,moderado
2025-07-02,21:00,2025-07-02 21:00:00,2025.0,7.0,quarta,21.0,noite,ES,VIANA,True,101.0,BR-101,297.8,-20.3508415,-40.414221,Demais falhas mecânicas ou elétricas,Queda de ocupante de veículo,Com Vítimas Feridas,Plena Noite,Crescente,Ignorado,Dupla,Reta,Sim,0.0,0.0,1.0,1.0,0.0,0.0,1.0,1.0,SPRF-ES,DEL01-ES,UOP01-DEL01-ES,0,moderado
2025-06-16,06:30,2025-06-16 06:30:00,2025.0,6.0,segunda,6.0,manha,ES,SERRA,True,101.0,BR-101,267.0,-20.2130726,-40.26987076,Conversão proibida,Colisão lateral mesmo sentido,Com Vítimas Feridas,Amanhecer,Crescente,Céu Claro,Dupla,Reta,Sim,0.0,0.0,1.0,1.0,1.0,0.0,2.0,2.0,SPRF-ES,DEL02-ES,UOP01-DEL02-ES,0,moderado
2025-07-03,07:15,2025-07-03 07:15:00,2025.0,7.0,quinta,7.0,manha,ES,SERRA,True,101.0,BR-101,263.1,-20.16703657,-40.27190745,Condutor deixou de manter distância do veículo da frente,Colisão traseira,Com Vítimas Feridas,Pleno dia,Crescente,Chuva,Dupla,Reta,Sim,0.0,0.0,1.0,1.0,1.0,0.0,2.0,2.0,SPRF-ES,DEL02-ES,UOP01-DEL02-ES,0,moderado
2025-06-22,09:45,2025-06-22 09:45:00,2025.0,6.0,domingo,9.0,manha,ES,DOMINGOS MARTINS,False,262.0,BR-262,77.8,-20.41060352,-40.92012405,Velocidade Incompatível,Queda de ocupante de veículo,Com Vítimas Feridas,Pleno dia,Decrescente,Céu Claro,Simples,Curva,Não,0.0,0.0,1.0,1.0,0.0,0.0,1.0,1.0,SPRF-ES,DEL01-ES,UOP02-DEL01-ES,0,moderado
2025-07-03,12:30,2025-07-03 12:30:00,2025.0,7.0,quinta,12.0,tarde,ES,SERRA,True,101.0,BR-101,255.9,-20.1198544,-40.3096446,Chuva,Saída de leito carroçável,Sem Vítimas,Pleno dia,Crescente,Chuva,Simples,Reta,Sim,0.0,0.0,0.0,0.0,1.0,0.0,1.0,1.0,SPRF-ES,DEL02-ES,UOP01-DEL02-ES,0,baixo
2025-06-17,12:22,2025-06-17 12:22:00,2025.0,6.0,terca,12.0,tarde,ES,JAGUARE,False,101.0,BR-101,97.3,-18.92311031,-39.96764374,Acessar a via sem observar a presença dos outros veículos,Colisão transversal,Com Vítimas Feridas,Pleno dia,Decrescente,Céu Claro,Simples,Reta,Não,0.0,0.0,1.0,1.0,1.0,0.0,2.0,2.0,SPRF-ES,DEL04-ES,UOP02-DEL04-ES,0,moderado
2025-06-09,15:05,2025-06-09 15:05:00,2025.0,6.0,segunda,15.0,tarde,ES,MARECHAL FLORIANO,False,262.0,BR-262,44.0,-20.388655,-40.668755,Velocidade Incompatível,Saída de leito carroçável,Com Vítimas Feridas,Pleno dia,Decrescente,Nublado,Simples,Reta,Não,0.0,2.0,0.0,2.0,0.0,0.0,1.0,2.0,SPRF-ES,DEL01-ES,UOP01-DEL01-ES,1,grave
2025-07-04,09:00,2025-07-04 09:00:00,2025.0,7.0,sexta,9.0,manha,ES,RIO NOVO DO SUL,False,101.0,BR-101,393.0,-20.86697748,-40.90376794,Acessar a via sem observar a presença dos outros veículos,Atropelamento de Pedestre,Com Vítimas Feridas,Pleno dia,Decrescente,Nublado,Simples,Reta,Não,0.0,0.0,1.0,1.0,1.0,0.0,2.0,2.0,SPRF-ES,DEL03-ES,UOP02-DEL03-ES,0,moderado
2025-07-04,11:50,2025-07-04 11:50:00,2025.0,7.0,sexta,11.0,manha,ES,COLATINA,False,259.0,BR-259,61.9,-19.53007358,-40.69202758,Acesso irregular,Queda de ocupante de veículo,Com Vítimas Feridas,Pleno dia,Crescente,Nublado,Simples,Reta,Sim,0.0,0.0,2.0,2.0,0.0,0.0,1.0,2.0,SPRF-ES,DEL02-ES,UOP01-DEL02-ES,0,moderado
2025-07-04,16:00,2025-07-04 16:00:00,2025.0,7.0,sexta,16.0,tarde,ES,SERRA,True,101.0,BR-101,256.0,-20.04886866,-40.38653706,Transitar no Acostamento,Queda de ocupante de veículo,Com Vítimas Feridas,Pleno dia,Decrescente,Céu Claro,Simples,Reta,Sim,0.0,0.0,1.0,1.0,0.0,0.0,1.0,1.0,SPRF-ES,DEL02-ES,UOP01-DEL02-ES,0,moderado
2025-07-04,17:30,2025-07-04 17:30:00,2025.0,7.0,sexta,17.0,tarde,ES,DOMINGOS MARTINS,False,262.0,BR-262,93.0,-20.37668185,-41.05403829,Desrespeitar a preferência no cruzamento,Colisão transversal,Com Vítimas Feridas,Anoitecer,Crescente,Céu Claro,Simples,Reta,Sim,0.0,2.0,2.0,4.0,0.0,0.0,2.0,4.0,SPRF-ES,DEL01-ES,UOP02-DEL01-ES,1,grave
2025-07-04,19:50,2025-07-04 19:50:00,2025.0,7.0,sexta,19.0,noite,ES,JAGUARE,False,101.0,BR-101,92.0,-18.919268,-39.966487,Ultrapassagem Indevida,Colisão frontal,Com Vítimas Feridas,Plena Noite,Crescente,Céu Claro,Simples,Reta,Não,0.0,1.0,0.0,1.0,3.0,0.0,3.0,4.0,SPRF-ES,DEL04-ES,UOP02-DEL04-ES,1,grave
2025-07-04,20:20,2025-07-04 20:20:00,2025.0,7.0,sexta,20.0,noite,ES,ARACRUZ,False,101.0,BR-101,179.0,-19.61908732,-40.21724431,Reação tardia ou ineficiente do condutor,Tombamento,Com Vítimas Feridas,Plena Noite,Crescente,Céu Claro,Simples,Reta,Não,0.0,0.0,1.0,1.0,0.0,0.0,1.0,1.0,SPRF-ES,DEL04-ES,UOP01-DEL04-ES,0,moderado
2025-07-04,23:21,2025-07-04 23:21:00,2025.0,7.0,sexta,23.0,noite,ES,MARECHAL FLORIANO,False,262.0,BR-262,45.0,-20.3993654,-40.6711489,Pedestre andava na pista,Atropelamento de Pedestre,Com Vítimas Feridas,Plena Noite,Decrescente,Nublado,Simples,Reta,Sim,0.0,0.0,1.0,1.0,1.0,0.0,2.0,2.0,SPRF-ES,DEL01-ES,UOP01-DEL01-ES,0,moderado
2025-07-05,02:40,2025-07-05 02:40:00,2025.0,7.0,sabado,2.0,madrugada,ES,SAO MATEUS,False,101.0,BR-101,88.0,-18.884891,-39.949695,Condutor deixou de manter distância do veículo da frente,Colisão traseira,Sem Vítimas,Plena Noite,Decrescente,Nublado,Simples,Reta,Não,0.0,0.0,0.0,0.0,2.0,0.0,2.0,2.0,SPRF-ES,DEL04-ES,UOP02-DEL04-ES,0,baixo
2025-07-05,10:30,2025-07-05 10:30:00,2025.0,7.0,sabado,10.0,manha,ES,SERRA,True,101.0,BR-101,265.8,-20.18824,-40.268035,Ausência de reação do condutor,Colisão traseira,Com Vítimas Feridas,Pleno dia,Decrescente,Céu Claro,Dupla,Reta,Sim,0.0,0.0,1.0,1.0,1.0,0.0,2.0,2.0,SPRF-ES,DEL02-ES,UOP01-DEL02-ES,0,moderado
2025-07-05,13:45,2025-07-05 13:45:00,2025.0,7.0,sabado,13.0,tarde,ES,LINHARES,False,101.0,BR-101,116.0,-19.11790862,-40.06229687,Acessar a via sem observar a presença dos outros veículos,Colisão transversal,Com Vítimas Feridas,Pleno dia,Decrescente,Céu Claro,Simples,Interseção de Vias,Não,0.0,0.0,1.0,1.0,2.0,0.0,2.0,3.0,SPRF-ES,DEL04-ES,UOP01-DEL04-ES,0,moderado
2025-07-05,13:35,2025-07-05 13:35:00,2025.0,7.0,sabado,13.0,tarde,ES,SERRA,True,101.0,BR-101,253.7,-20.109502,-40.328113,Reação tardia ou ineficiente do condutor,Saída de leito carroçável,Sem Vítimas,Pleno dia,Crescente,Céu Claro,Simples,Reta,Não,0.0,0.0,0.0,0.0,0.0,1.0,1.0,1.0,SPRF-ES,DEL02-ES,UOP01-DEL02-ES,0,baixo
2025-07-05,15:50,2025-07-05 15:50:00,2025.0,7.0,sabado,15.0,tarde,ES,SERRA,True,101.0,BR-101,264.3,-20.178604,-40.265467,Reação tardia ou ineficiente do condutor,Colisão transversal,Com Vítimas Feridas,Pleno dia,Crescente,Céu Claro,Múltipla,Interseção de Vias,Sim,0.0,2.0,1.0,3.0,1.0,0.0,3.0,4.0,SPRF-ES,DEL02-ES,UOP01-DEL02-ES,1,grave
2025-07-05,17:00,2025-07-05 17:00:00,2025.0,7.0,sabado,17.0,tarde,ES,FUNDAO,True,101.0,BR-101,236.2,-19.9899069,-40.4134209,Conversão proibida,Colisão transversal,Com Vítimas Feridas,Anoitecer,Decrescente,Céu Claro,Simples,Curva,Não,0.0,0.0,2.0,2.0,1.0,0.0,2.0,3.0,SPRF-ES,DEL02-ES,UOP01-DEL02-ES,0,moderado
2025-07-05,18:25,2025-07-05 18:25:00,2025.0,7.0,sabado,18.0,noite,ES,LINHARES,False,101.0,BR-101,102.3,-19.00008307,-40.0046137,Ausência de reação do condutor,Saída de leito carroçável,Com Vítimas Feridas,Anoitecer,Crescente,Céu Claro,Simples,Reta,Não,0.0,1.0,0.0,1.0,0.0,0.0,1.0,1.0,SPRF-ES,DEL04-ES,UOP01-DEL04-ES,1,grave
2025-02-16,03:10,2025-02-16 03:10:00,2025.0,2.0,domingo,3.0,madrugada,ES,ANCHIETA,False,101.0,BR-101,353.5,-20.682612,-40.66807151,Ingestão de álcool pelo condutor,Colisão com objeto,Com Vítimas Fatais,Plena Noite,Crescente,Céu Claro,Dupla,Reta,Não,1.0,1.0,0.0,1.0,0.0,0.0,1.0,2.0,SPRF-ES,DEL03-ES,UOP01-DEL03-ES,1,fatal
2025-07-06,00:10,2025-07-06 00:10:00,2025.0,7.0,domingo,0.0,madrugada,ES,VENDA NOVA DO IMIGRANTE,False,262.0,BR-262,109.7,-20.3367383,-41.1807305,Ausência de reação do condutor,Colisão com objeto,Com Vítimas Feridas,Plena Noite,Crescente,Nublado,Simples,Reta,Sim,0.0,1.0,0.0,1.0,0.0,0.0,1.0,1.0,SPRF-ES,DEL01-ES,UOP02-DEL01-ES,1,grave
2025-07-06,04:15,2025-07-06 04:15:00,2025.0,7.0,domingo,4.0,madrugada,ES,LINHARES,False,101.0,BR-101,151.0,-19.40692036,-40.06387241,Condutor Dormindo,Tombamento,Com Vítimas Feridas,Amanhecer,Crescente,Nublado,Simples,Declive,Não,0.0,0.0,1.0,1.0,0.0,0.0,1.0,1.0,SPRF-ES,DEL04-ES,UOP01-DEL04-ES,0,moderado
2025-07-06,15:49,2025-07-06 15:49:00,2025.0,7.0,domingo,15.0,tarde,ES,SERRA,True,101.0,BR-101,259.0,-20.138375,-40.292264,Conversão proibida,Colisão transversal,Com Vítimas Feridas,Pleno dia,Decrescente,Céu Claro,Dupla,Reta,Sim,0.0,0.0,1.0,1.0,1.0,0.0,2.0,2.0,SPRF-ES,DEL02-ES,UOP01-DEL02-ES,0,moderado
2025-07-07,05:27,2025-07-07 05:27:00,2025.0,7.0,segunda,5.0,madrugada,ES,SERRA,True,101.0,BR-101,264.0,-20.178502,-40.265286,Condutor desrespeitou a iluminação vermelha do semáforo,Colisão transversal,Com Vítimas Feridas,Pleno dia,Decrescente,Céu Claro,Múltipla,Interseção de Vias,Sim,0.0,0.0,1.0,1.0,2.0,0.0,2.0,3.0,SPRF-ES,DEL02-ES,UOP01-DEL02-ES,0,moderado
2025-07-07,14:17,2025-07-07 14:17:00,2025.0,7.0,segunda,14.0,tarde,ES,GUARAPARI,True,101.0,BR-101,335.0,-20.6281024,-40.5331143,Condutor Dormindo,Saída de leito carroçável,Com Vítimas Feridas,Pleno dia,Crescente,Céu Claro,Dupla,Reta;Declive,Não,0.0,0.0,1.0,1.0,0.0,0.0,1.0,1.0,SPRF-ES,DEL03-ES,UOP01-DEL03-ES,0,moderado
2025-07-07,14:45,2025-07-07 14:45:00,2025.0,7.0,segunda,14.0,tarde,ES,CARIACICA,True,101.0,BR-101,293.2,-20.316122,-40.3954811,Pista Escorregadia,Tombamento,Com Vítimas Feridas,Pleno dia,Decrescente,Céu Claro,Múltipla,Reta,Sim,0.0,0.0,1.0,1.0,0.0,0.0,1.0,1.0,SPRF-ES,DEL01-ES,UOP01-DEL01-ES,0,moderado
2025-05-18,10:50,2025-05-18 10:50:00,2025.0,5.0,domingo,10.0,manha,ES,IBATIBA,False,262.0,BR-262,171.0,-20.26371314,-41.59707069,Acumulo de areia ou detritos sobre o pavimento,Queda de ocupante de veículo,Com Vítimas Feridas,Pleno dia,Decrescente,Ignorado,Simples,Curva,Não,0.0,1.0,1.0,2.0,0.0,0.0,1.0,2.0,SPRF-ES,DEL01-ES,UOP02-DEL01-ES,1,grave
2025-07-07,17:55,2025-07-07 17:55:00,2025.0,7.0,segunda,17.0,tarde,ES,LINHARES,False,101.0,BR-101,136.0,-19.28352607,-40.08687155,Velocidade Incompatível,Saída de leito carroçável,Sem Vítimas,Plena Noite,Crescente,Céu Claro,Simples,Reta,Não,0.0,0.0,0.0,0.0,0.0,1.0,1.0,1.0,SPRF-ES,DEL04-ES,UOP01-DEL04-ES,0,baixo
2025-06-14,18:00,2025-06-14 18:00:00,2025.0,6.0,sabado,18.0,noite,ES,SERRA,True,101.0,BR-101,270.4,-20.22967735,-40.2719907,Ausência de reação do condutor,Colisão traseira,Com Vítimas Feridas,Plena Noite,Decrescente,Céu Claro,Simples,Reta,Não,0.0,0.0,1.0,1.0,2.0,2.0,4.0,5.0,SPRF-ES,DEL02-ES,UOP01-DEL02-ES,0,moderado
2025-07-08,08:20,2025-07-08 08:20:00,2025.0,7.0,terca,8.0,manha,ES,COLATINA,False,259.0,BR-259,83.5,-19.528948,-40.8170033,Ausência de reação do condutor,Capotamento,Com Vítimas Feridas,Pleno dia,Decrescente,Céu Claro,Simples,Reta,Não,0.0,0.0,1.0,1.0,0.0,0.0,1.0,1.0,SPRF-ES,DEL02-ES,UOP01-DEL02-ES,0,moderado
2025-05-09,19:50,2025-05-09 19:50:00,2025.0,5.0,sexta,19.0,noite,ES,SOORETAMA,False,101.0,BR-101,126.0,-19.201095,-40.095748,Ausência de reação do condutor,Queda de ocupante de veículo,Com Vítimas Feridas,Plena Noite,Crescente,Céu Claro,Simples,Reta,Sim,0.0,1.0,0.0,1.0,0.0,0.0,1.0,1.0,SPRF-ES,DEL04-ES,UOP01-DEL04-ES,1,grave
2025-05-09,18:30,2025-05-09 18:30:00,2025.0,5.0,sexta,18.0,noite,ES,LINHARES,False,101.0,BR-101,151.0,-19.41701,-40.068199,Acessar a via sem observar a presença dos outros veículos,Colisão transversal,Com Vítimas Feridas,Anoitecer,Decrescente,Céu Claro,Simples,Curva,Não,0.0,2.0,0.0,2.0,1.0,0.0,2.0,3.0,SPRF-ES,DEL04-ES,UOP01-DEL04-ES,1,grave
2025-07-09,07:04,2025-07-09 07:04:00,2025.0,7.0,quarta,7.0,manha,ES,GUARAPARI,True,101.0,BR-101,320.8,-20.518841,-40.4783309,Manobra de mudança de faixa,Colisão lateral mesmo sentido,Com Vítimas Feridas,Pleno dia,Crescente,Céu Claro,Múltipla,Reta,Não,0.0,1.0,0.0,1.0,1.0,0.0,2.0,2.0,SPRF-ES,DEL03-ES,UOP01-DEL03-ES,1,grave
2025-07-09,07:30,2025-07-09 07:30:00,2025.0,7.0,quarta,7.0,manha,ES,MIMOSO DO SUL,False,101.0,BR-101,440.0,-21.11898171,-41.26993009,Transitar no Acostamento,Colisão traseira,Com Vítimas Feridas,Pleno dia,Crescente,Nevoeiro/Neblina,Simples,Curva,Não,0.0,0.0,1.0,1.0,1.0,0.0,2.0,2.0,SPRF-ES,DEL03-ES,UOP02-DEL03-ES,0,moderado
2025-07-09,07:20,2025-07-09 07:20:00,2025.0,7.0,quarta,7.0,manha,ES,COLATINA,False,259.0,BR-259,58.0,-19.522357,-40.668353,Condutor deixou de manter distância do veículo da frente,Colisão traseira,Com Vítimas Feridas,Pleno dia,Decrescente,Nublado,Simples,Reta,Não,0.0,1.0,0.0,1.0,0.0,1.0,2.0,2.0,SPRF-ES,DEL02-ES,UOP01-DEL02-ES,1,grave
2025-07-09,08:45,2025-07-09 08:45:00,2025.0,7.0,quarta,8.0,manha,ES,SERRA,True,101.0,BR-101,262.1,-20.1594149,-40.2761924,Condutor desrespeitou a iluminação vermelha do semáforo,Colisão transversal,Com Vítimas Fatais,Pleno dia,Crescente,Chuva,Múltipla,Interseção de Vias;Retorno Regulamentado;Reta,Sim,1.0,0.0,1.0,1.0,1.0,0.0,2.0,3.0,SPRF-ES,DEL02-ES,UOP01-DEL02-ES,1,fatal
2025-07-09,12:40,2025-07-09 12:40:00,2025.0,7.0,quarta,12.0,tarde,ES,SERRA,True,101.0,BR-101,266.4,-20.19357,-40.26849,Desrespeitar a preferência no cruzamento,Colisão transversal,Com Vítimas Feridas,Pleno dia,Crescente,Céu Claro,Múltipla,Interseção de Vias,Sim,0.0,0.0,1.0,1.0,1.0,0.0,2.0,2.0,SPRF-ES,DEL02-ES,UOP01-DEL02-ES,0,moderado
2025-07-09,19:35,2025-07-09 19:35:00,2025.0,7.0,quarta,19.0,noite,ES,VIANA,True,101.0,BR-101,306.0,-20.39556767,-40.45908158,Ausência de reação do condutor,Colisão frontal,Com Vítimas Feridas,Plena Noite,Decrescente,Nublado,Dupla,Reta,Não,0.0,0.0,1.0,1.0,1.0,0.0,2.0,2.0,SPRF-ES,DEL01-ES,UOP01-DEL01-ES,0,moderado
2025-07-09,18:20,2025-07-09 18:20:00,2025.0,7.0,quarta,18.0,noite,ES,CACHOEIRO DE ITAPEMIRIM,False,393.0,BR-393,0.0,-20.84089484,-41.15981698,Condutor desrespeitou a iluminação vermelha do semáforo,Atropelamento de Pedestre,Com Vítimas Feridas,Plena Noite,Decrescente,Céu Claro,Simples,Reta,Sim,0.0,0.0,1.0,1.0,0.0,1.0,2.0,2.0,SPRF-ES,DEL03-ES,UOP02-DEL03-ES,0,moderado
2025-07-09,19:45,2025-07-09 19:45:00,2025.0,7.0,quarta,19.0,noite,ES,JOAO NEIVA,False,101.0,BR-101,204.8,-19.7559859,-40.3799067,Desrespeitar a preferência no cruzamento,Colisão transversal,Com Vítimas Feridas,Plena Noite,Decrescente,Nublado,Simples,Reta;Interseção de Vias,Sim,0.0,1.0,0.0,1.0,1.0,0.0,2.0,2.0,SPRF-ES,DEL02-ES,UOP01-DEL02-ES,1,grave
2025-07-10,07:00,2025-07-10 07:00:00,2025.0,7.0,quinta,7.0,manha,ES,ANCHIETA,False,101.0,BR-101,354.3,-20.68517198,-40.6734666,Avarias e/ou desgaste excessivo no pneu,Tombamento,Com Vítimas Feridas,Pleno dia,Crescente,Nublado,Simples,Reta,Sim,0.0,0.0,1.0,1.0,0.0,0.0,1.0,1.0,SPRF-ES,DEL03-ES,UOP01-DEL03-ES,0,moderado
2025-07-10,08:40,2025-07-10 08:40:00,2025.0,7.0,quinta,8.0,manha,ES,SERRA,True,101.0,BR-101,270.0,-20.22608585,-40.27072194,Manobra de mudança de faixa,Colisão lateral mesmo sentido,Com Vítimas Feridas,Pleno dia,Crescente,Nublado,Dupla,Reta,Sim,0.0,0.0,1.0,1.0,1.0,0.0,2.0,2.0,SPRF-ES,DEL02-ES,UOP01-DEL02-ES,0,moderado
2025-06-16,01:20,2025-06-16 01:20:00,2025.0,6.0,segunda,1.0,madrugada,ES,CARIACICA,True,101.0,BR-101,291.1,-20.29190589,-40.39200783,Transitar na contramão,Colisão frontal,Com Vítimas Feridas,Plena Noite,Decrescente,Céu Claro,Dupla,Reta,Não,0.0,2.0,0.0,2.0,1.0,0.0,2.0,3.0,SPRF-ES,DEL01-ES,UOP01-DEL01-ES,1,grave
2025-06-24,18:20,2025-06-24 18:20:00,2025.0,6.0,terca,18.0,noite,ES,SERRA,True,101.0,BR-101,266.2,-20.192634,-40.26846,Reação tardia ou ineficiente do condutor,Colisão traseira,Com Vítimas Feridas,Plena Noite,Decrescente,Nublado,Simples,Reta,Não,0.0,0.0,2.0,2.0,0.0,1.0,2.0,3.0,SPRF-ES,DEL02-ES,UOP01-DEL02-ES,0,moderado
2025-07-10,11:30,2025-07-10 11:30:00,2025.0,7.0,quinta,11.0,manha,ES,LINHARES,False,101.0,BR-101,146.6,-19.37572181,-40.06595979,Reação tardia ou ineficiente do condutor,Colisão traseira,Com Vítimas Feridas,Pleno dia,Decrescente,Céu Claro,Dupla,Interseção de Vias,Sim,0.0,0.0,1.0,1.0,0.0,1.0,2.0,2.0,SPRF-ES,DEL04-ES,UOP01-DEL04-ES,0,moderado
2025-07-10,12:48,2025-07-10 12:48:00,2025.0,7.0,quinta,12.0,tarde,ES,SAO MATEUS,False,101.0,BR-101,61.0,-18.68186864,-39.86338584,Acessar a via sem observar a presença dos outros veículos,Colisão transversal,Com Vítimas Feridas,Pleno dia,Decrescente,Nublado,Simples,Interseção de Vias;Rotatória,Não,0.0,1.0,0.0,1.0,1.0,0.0,2.0,2.0,SPRF-ES,DEL04-ES,UOP02-DEL04-ES,1,grave
2025-07-10,18:10,2025-07-10 18:10:00,2025.0,7.0,quinta,18.0,noite,ES,VITORIA,True,262.0,BR-262,0.3,-20.3219121,-40.3538621,Pista esburacada,Tombamento,Com Vítimas Feridas,Plena Noite,Crescente,Céu Claro,Dupla,Reta;Ponte,Sim,0.0,0.0,2.0,2.0,0.0,0.0,1.0,2.0,SPRF-ES,DEL01-ES,UOP01-DEL01-ES,0,moderado
2025-07-11,06:50,2025-07-11 06:50:00,2025.0,7.0,sexta,6.0,manha,ES,CARIACICA,True,101.0,BR-101,290.1,-20.2908053,-40.3917302,Acostamento em desnível,Colisão lateral mesmo sentido,Com Vítimas Feridas,Pleno dia,Decrescente,Nublado,Dupla,Curva,Não,0.0,1.0,0.0,1.0,1.0,0.0,2.0,2.0,SPRF-ES,DEL01-ES,UOP01-DEL01-ES,1,grave
2025-07-11,12:00,2025-07-11 12:00:00,2025.0,7.0,sexta,12.0,tarde,ES,SERRA,True,101.0,BR-101,269.5,-20.22174203,-40.27035266,Acessar a via sem observar a presença dos outros veículos,Atropelamento de Pedestre,Com Vítimas Feridas,Pleno dia,Crescente,Garoa/Chuvisco,Dupla,Interseção de Vias,Sim,0.0,0.0,1.0,1.0,1.0,0.0,2.0,2.0,SPRF-ES,DEL02-ES,UOP01-DEL02-ES,0,moderado
2025-07-11,12:45,2025-07-11 12:45:00,2025.0,7.0,sexta,12.0,tarde,ES,ANCHIETA,False,101.0,BR-101,352.0,-20.674545,-40.664625,Ingestão de álcool pelo condutor,Saída de leito carroçável,Sem Vítimas,Pleno dia,Crescente,Nublado,Dupla,Reta,Não,0.0,0.0,0.0,0.0,1.0,0.0,1.0,1.0,SPRF-ES,DEL03-ES,UOP01-DEL03-ES,0,baixo
2025-07-11,11:20,2025-07-11 11:20:00,2025.0,7.0,sexta,11.0,manha,ES,MARECHAL FLORIANO,False,262.0,BR-262,72.0,-20.41166445,-40.88046074,Acumulo de água sobre o pavimento,Saída de leito carroçável,Sem Vítimas,Pleno dia,Decrescente,Chuva,Simples,Reta,Não,0.0,0.0,0.0,0.0,1.0,0.0,1.0,1.0,SPRF-ES,DEL01-ES,UOP02-DEL01-ES,0,baixo
2025-07-11,19:20,2025-07-11 19:20:00,2025.0,7.0,sexta,19.0,noite,ES,SAO MATEUS,False,101.0,BR-101,64.2,-18.648929,-39.8735932,Transitar no Acostamento,Atropelamento de Pedestre,Com Vítimas Feridas,Plena Noite,Crescente,Nublado,Simples,Reta;Aclive,Não,0.0,2.0,0.0,2.0,0.0,1.0,2.0,3.0,SPRF-ES,DEL04-ES,UOP02-DEL04-ES,1,grave
2025-07-11,20:00,2025-07-11 20:00:00,2025.0,7.0,sexta,20.0,noite,ES,SERRA,True,101.0,BR-101,271.3,-20.2196142,-40.29093862,Condutor desrespeitou a iluminação vermelha do semáforo,Colisão transversal,Com Vítimas Feridas,Plena Noite,Crescente,Chuva,Múltipla,Interseção de Vias,Sim,0.0,0.0,1.0,1.0,1.0,1.0,3.0,3.0,SPRF-ES,DEL02-ES,UOP01-DEL02-ES,0,moderado
2025-07-11,21:20,2025-07-11 21:20:00,2025.0,7.0,sexta,21.0,noite,ES,BAIXO GUANDU,False,259.0,BR-259,102.6,-19.514563,-41.023907,Ingestão de álcool pelo condutor,Colisão transversal,Com Vítimas Fatais,Plena Noite,Crescente,Chuva,Simples,Reta,Sim,1.0,0.0,1.0,1.0,1.0,0.0,2.0,3.0,SPRF-ES,DEL02-ES,UOP01-DEL02-ES,1,fatal
2025-07-12,09:40,2025-07-12 09:40:00,2025.0,7.0,sabado,9.0,manha,ES,COLATINA,False,259.0,BR-259,51.6,-19.50209597,-40.61649621,Reação tardia ou ineficiente do condutor,Colisão lateral sentido oposto,Com Vítimas Feridas,Pleno dia,Crescente,Céu Claro,Dupla,Reta,Não,0.0,0.0,2.0,2.0,3.0,0.0,2.0,5.0,SPRF-ES,DEL02-ES,UOP01-DEL02-ES,0,moderado
2025-07-12,13:38,2025-07-12 13:38:00,2025.0,7.0,sabado,13.0,tarde,ES,LINHARES,False,101.0,BR-101,172.9,-19.53477477,-40.15737677,Acessar a via sem observar a presença dos outros veículos,Colisão transversal,Com Vítimas Feridas,Pleno dia,Decrescente,Céu Claro,Simples,Reta,Não,0.0,2.0,0.0,2.0,2.0,0.0,2.0,4.0,SPRF-ES,DEL04-ES,UOP01-DEL04-ES,1,grave
2025-07-12,17:00,2025-07-12 17:00:00,2025.0,7.0,sabado,17.0,tarde,ES,COLATINA,False,259.0,BR-259,71.8,-19.49994424,-40.77002764,Velocidade Incompatível,Colisão transversal,Com Vítimas Feridas,Anoitecer,Crescente,Nublado,Simples,Reta;Interseção de Vias,Não,0.0,1.0,0.0,1.0,0.0,1.0,2.0,2.0,SPRF-ES,DEL02-ES,UOP01-DEL02-ES,1,grave
2025-06-02,07:00,2025-06-02 07:00:00,2025.0,6.0,segunda,7.0,manha,ES,SERRA,True,101.0,BR-101,267.9,-20.19810692,-40.26855532,Condutor desrespeitou a iluminação vermelha do semáforo,Colisão transversal,Sem Vítimas,Pleno dia,Crescente,Céu Claro,Simples,Reta,Sim,0.0,0.0,0.0,0.0,0.0,1.0,1.0,1.0,SPRF-ES,DEL02-ES,UOP01-DEL02-ES,0,baixo
2025-07-13,11:00,2025-07-13 11:00:00,2025.0,7.0,domingo,11.0,manha,ES,DOMINGOS MARTINS,False,262.0,BR-262,84.6,-20.399802,-40.982405,Mal súbito do condutor,Tombamento,Com Vítimas Feridas,Pleno dia,Decrescente,Sol,Simples,Declive;Reta,Não,0.0,0.0,2.0,2.0,0.0,0.0,1.0,2.0,SPRF-ES,DEL01-ES,UOP02-DEL01-ES,0,moderado
2025-07-13,20:00,2025-07-13 20:00:00,2025.0,7.0,domingo,20.0,noite,ES,FUNDAO,True,101.0,BR-101,230.2,-19.9382946,-40.40656686,Entrada inopinada do pedestre,Atropelamento de Pedestre,Com Vítimas Feridas,Plena Noite,Decrescente,Céu Claro,Simples,Reta,Sim,0.0,0.0,1.0,1.0,1.0,1.0,2.0,3.0,SPRF-ES,DEL02-ES,UOP01-DEL02-ES,0,moderado
2025-07-13,22:35,2025-07-13 22:35:00,2025.0,7.0,domingo,22.0,noite,ES,JAGUARE,False,101.0,BR-101,98.0,-18.966926,-39.988902,Ingestão de álcool pelo condutor,Queda de ocupante de veículo,Com Vítimas Feridas,Plena Noite,Crescente,Céu Claro,Simples,Reta,Não,0.0,2.0,0.0,2.0,0.0,0.0,1.0,2.0,SPRF-ES,DEL04-ES,UOP02-DEL04-ES,1,grave
2025-07-14,07:40,2025-07-14 07:40:00,2025.0,7.0,segunda,7.0,manha,ES,LINHARES,False,101.0,BR-101,151.0,-19.40805131,-40.06434314,Reação tardia ou ineficiente do condutor,Colisão lateral mesmo sentido,Com Vítimas Feridas,Pleno dia,Crescente,Céu Claro,Simples,Declive,Sim,0.0,0.0,1.0,1.0,1.0,0.0,2.0,2.0,SPRF-ES,DEL04-ES,UOP01-DEL04-ES,0,moderado
2025-07-14,11:32,2025-07-14 11:32:00,2025.0,7.0,segunda,11.0,manha,ES,CACHOEIRO DE ITAPEMIRIM,False,101.0,BR-101,392.0,-20.9246801,-41.0807224,Desrespeitar a preferência no cruzamento,Colisão transversal,Com Vítimas Feridas,Pleno dia,Crescente,Céu Claro,Simples,Interseção de Vias,Não,0.0,1.0,0.0,1.0,1.0,0.0,2.0,2.0,SPRF-ES,DEL03-ES,UOP02-DEL03-ES,1,grave
2025-07-14,18:30,2025-07-14 18:30:00,2025.0,7.0,segunda,18.0,noite,ES,ANCHIETA,False,101.0,BR-101,355.0,-20.69180914,-40.68284512,Acesso irregular,Colisão transversal,Com Vítimas Feridas,Plena Noite,Crescente,Céu Claro,Dupla,Reta,Não,0.0,0.0,2.0,2.0,0.0,0.0,2.0,2.0,SPRF-ES,DEL03-ES,UOP01-DEL03-ES,0,moderado
2025-06-04,05:56,2025-06-04 05:56:00,2025.0,6.0,quarta,5.0,madrugada,ES,SERRA,True,101.0,BR-101,274.0,-20.0488604,-40.3866836,Ausência de reação do condutor,Colisão frontal,Com Vítimas Fatais,Amanhecer,Crescente,Céu Claro,Simples,Reta,Não,1.0,0.0,1.0,1.0,0.0,0.0,2.0,2.0,SPRF-ES,DEL02-ES,UOP01-DEL02-ES,1,fatal
2025-07-15,06:20,2025-07-15 06:20:00,2025.0,7.0,terca,6.0,manha,ES,SERRA,True,101.0,BR-101,263.9,-20.17328657,-40.26736383,Condutor desrespeitou a iluminação vermelha do semáforo,Colisão transversal,Com Vítimas Feridas,Pleno dia,Crescente,Céu Claro,Múltipla,Interseção de Vias,Sim,0.0,0.0,2.0,2.0,1.0,0.0,2.0,3.0,SPRF-ES,DEL02-ES,UOP01-DEL02-ES,0,moderado
2025-07-15,08:20,2025-07-15 08:20:00,2025.0,7.0,terca,8.0,manha,ES,SERRA,True,101.0,BR-101,270.0,-20.21368087,-40.26965261,Conversão proibida,Colisão lateral mesmo sentido,Com Vítimas Feridas,Pleno dia,Decrescente,Céu Claro,Múltipla,Reta;Interseção de Vias,Sim,0.0,0.0,2.0,2.0,0.0,0.0,2.0,2.0,SPRF-ES,DEL02-ES,UOP01-DEL02-ES,0,moderado
2025-07-15,09:45,2025-07-15 09:45:00,2025.0,7.0,terca,9.0,manha,ES,SERRA,True,101.0,BR-101,264.0,-20.1767759,-40.2660588,Reação tardia ou ineficiente do condutor,Colisão traseira,Com Vítimas Feridas,Pleno dia,Crescente,Nublado,Múltipla,Reta,Sim,0.0,0.0,1.0,1.0,1.0,0.0,2.0,2.0,SPRF-ES,DEL02-ES,UOP01-DEL02-ES,0,moderado
2025-07-15,17:45,2025-07-15 17:45:00,2025.0,7.0,terca,17.0,tarde,ES,VIANA,True,101.0,BR-101,298.1,-20.3547929,-40.4150631,Ausência de reação do condutor,Colisão traseira,Com Vítimas Feridas,Anoitecer,Decrescente,Céu Claro,Dupla,Interseção de Vias,Sim,0.0,0.0,1.0,1.0,2.0,0.0,3.0,3.0,SPRF-ES,DEL01-ES,UOP01-DEL01-ES,0,moderado
2025-07-15,18:00,2025-07-15 18:00:00,2025.0,7.0,terca,18.0,noite,ES,COLATINA,False,259.0,BR-259,64.5,-19.52067748,-40.71276695,Transitar na contramão,Colisão frontal,Com Vítimas Feridas,Plena Noite,Crescente,Céu Claro,Simples,Reta,Não,0.0,0.0,3.0,3.0,0.0,0.0,2.0,3.0,SPRF-ES,DEL02-ES,UOP01-DEL02-ES,0,moderado
2025-07-16,06:25,2025-07-16 06:25:00,2025.0,7.0,quarta,6.0,manha,ES,CARIACICA,True,101.0,BR-101,290.7,-20.29417999,-40.39407594,Acessar a via sem observar a presença dos outros veículos,Colisão transversal,Com Vítimas Fatais,Pleno dia,Decrescente,Céu Claro,Dupla,Reta,Sim,1.0,0.0,0.0,0.0,1.0,0.0,2.0,2.0,SPRF-ES,DEL01-ES,UOP01-DEL01-ES,1,fatal
2025-07-16,09:20,2025-07-16 09:20:00,2025.0,7.0,quarta,9.0,manha,ES,CARIACICA,True,101.0,BR-101,290.0,-20.2960054,-40.3868236,Conversão proibida,Colisão transversal,Com Vítimas Feridas,Pleno dia,Crescente,Céu Claro,Dupla,Curva;Retorno Regulamentado;Aclive,Não,0.0,0.0,2.0,2.0,1.0,0.0,2.0,3.0,SPRF-ES,DEL01-ES,UOP01-DEL01-ES,0,moderado
2025-07-16,15:30,2025-07-16 15:30:00,2025.0,7.0,quarta,15.0,tarde,ES,SERRA,True,101.0,BR-101,265.7,-20.19027243,-40.2682689,Ausência de reação do condutor,Colisão lateral mesmo sentido,Com Vítimas Feridas,Pleno dia,Decrescente,Céu Claro,Simples,Reta,Não,0.0,0.0,1.0,1.0,1.0,0.0,2.0,2.0,SPRF-ES,DEL02-ES,UOP01-DEL02-ES,0,moderado
2025-07-16,21:10,2025-07-16 21:10:00,2025.0,7.0,quarta,21.0,noite,ES,BAIXO GUANDU,False,101.0,BR-101,85.0,-19.5125844,-40.8838749,Ausência de reação do condutor,Saída de leito carroçável,Com Vítimas Feridas,Plena Noite,Crescente,Céu Claro,Simples,Curva,Não,0.0,0.0,1.0,1.0,0.0,0.0,1.0,1.0,SPRF-ES,DEL04-ES,UOP02-DEL04-ES,0,moderado
2025-07-16,20:30,2025-07-16 20:30:00,2025.0,7.0,quarta,20.0,noite,ES,CACHOEIRO DE ITAPEMIRIM,False,393.0,BR-393,5.7,-20.75785276,-41.25297544,Animais na Pista,Atropelamento de Animal,Com Vítimas Feridas,Plena Noite,Crescente,Céu Claro,Simples,Reta,Não,0.0,0.0,1.0,1.0,0.0,0.0,1.0,1.0,SPRF-ES,DEL03-ES,UOP02-DEL03-ES,0,moderado
2025-07-17,05:50,2025-07-17 05:50:00,2025.0,7.0,quinta,5.0,madrugada,ES,MUQUI,False,393.0,BR-393,16.6,-20.881281,-41.269114,Animais na Pista,Atropelamento de Animal,Com Vítimas Feridas,Amanhecer,Crescente,Nevoeiro/Neblina,Simples,Reta,Não,0.0,1.0,1.0,2.0,0.0,0.0,1.0,2.0,SPRF-ES,DEL03-ES,UOP02-DEL03-ES,1,grave
2025-07-17,09:00,2025-07-17 09:00:00,2025.0,7.0,quinta,9.0,manha,ES,SERRA,True,101.0,BR-101,270.0,-20.22096578,-40.27038574,Velocidade Incompatível,Queda de ocupante de veículo,Com Vítimas Feridas,Pleno dia,Crescente,Sol,Múltipla,Reta,Sim,0.0,0.0,1.0,1.0,1.0,0.0,1.0,2.0,SPRF-ES,DEL02-ES,UOP01-DEL02-ES,0,moderado
2025-07-17,15:20,2025-07-17 15:20:00,2025.0,7.0,quinta,15.0,tarde,ES,SERRA,True,101.0,BR-101,241.4,-20.02778,-40.398021,Conversão proibida,Colisão transversal,Com Vítimas Feridas,Pleno dia,Decrescente,Céu Claro,Simples,Retorno Regulamentado;Reta,Não,0.0,1.0,0.0,1.0,1.0,0.0,2.0,2.0,SPRF-ES,DEL02-ES,UOP01-DEL02-ES,1,grave
2025-07-17,22:50,2025-07-17 22:50:00,2025.0,7.0,quinta,22.0,noite,ES,CARIACICA,True,101.0,BR-101,296.0,-20.330719,-40.373472,Ausência de reação do condutor,Capotamento,Sem Vítimas,Plena Noite,Crescente,Céu Claro,Simples,Curva,Sim,0.0,0.0,0.0,0.0,0.0,1.0,1.0,1.0,SPRF-ES,DEL01-ES,UOP01-DEL01-ES,0,baixo
2025-07-18,14:32,2025-07-18 14:32:00,2025.0,7.0,sexta,14.0,tarde,ES,CONCEICAO DA BARRA,False,101.0,BR-101,49.0,-18.51586551,-39.91350174,Acessar a via sem observar a presença dos outros veículos,Colisão transversal,Com Vítimas Feridas,Pleno dia,Crescente,Sol,Simples,Interseção de Vias,Não,0.0,0.0,2.0,2.0,0.0,1.0,3.0,3.0,SPRF-ES,DEL04-ES,UOP02-DEL04-ES,0,moderado
2025-07-18,16:50,2025-07-18 16:50:00,2025.0,7.0,sexta,16.0,tarde,ES,SOORETAMA,False,101.0,BR-101,129.1,-19.21947659,-40.09376657,Condutor deixou de manter distância do veículo da frente,Colisão traseira,Com Vítimas Feridas,Pleno dia,Crescente,Céu Claro,Simples,Declive;Reta,Não,0.0,1.0,0.0,1.0,1.0,0.0,2.0,2.0,SPRF-ES,DEL04-ES,UOP01-DEL04-ES,1,grave
2025-07-18,21:00,2025-07-18 21:00:00,2025.0,7.0,sexta,21.0,noite,ES,SERRA,True,101.0,BR-101,270.0,-20.2265372,-40.2707054,Acessar a via sem observar a presença dos outros veículos,Colisão transversal,Com Vítimas Feridas,Plena Noite,Crescente,Céu Claro,Dupla,Reta,Sim,0.0,1.0,0.0,1.0,1.0,0.0,2.0,2.0,SPRF-ES,DEL02-ES,UOP01-DEL02-ES,1,grave
2025-07-19,09:10,2025-07-19 09:10:00,2025.0,7.0,sabado,9.0,manha,ES,LINHARES,False,101.0,BR-101,159.0,-19.46991652,-40.11122469,Acessar a via sem observar a presença dos outros veículos,Colisão transversal,Com Vítimas Feridas,Pleno dia,Crescente,Céu Claro,Simples,Interseção de Vias;Reta,Não,0.0,0.0,1.0,1.0,2.0,0.0,2.0,3.0,SPRF-ES,DEL04-ES,UOP01-DEL04-ES,0,moderado
2025-07-19,11:15,2025-07-19 11:15:00,2025.0,7.0,sabado,11.0,manha,ES,SERRA,True,101.0,BR-101,268.7,-20.21415,-40.26961,Ingestão de álcool pelo condutor,Colisão lateral mesmo sentido,Sem Vítimas,Pleno dia,Crescente,Céu Claro,Múltipla,Reta,Sim,0.0,0.0,0.0,0.0,1.0,1.0,2.0,2.0,SPRF-ES,DEL02-ES,UOP01-DEL02-ES,0,baixo
2025-07-19,12:00,2025-07-19 12:00:00,2025.0,7.0,sabado,12.0,tarde,ES,COLATINA,False,259.0,BR-259,48.5,-19.5189074,-40.6000022,Acessar a via sem observar a presença dos outros veículos,Colisão lateral mesmo sentido,Com Vítimas Feridas,Pleno dia,Crescente,Céu Claro,Simples,Reta,Sim,0.0,0.0,1.0,1.0,1.0,0.0,2.0,2.0,SPRF-ES,DEL02-ES,UOP01-DEL02-ES,0,moderado
2025-07-19,15:40,2025-07-19 15:40:00,2025.0,7.0,sabado,15.0,tarde,ES,SERRA,True,101.0,BR-101,264.2,-20.17207897,-40.26804076,Condutor deixou de manter distância do veículo da frente,Colisão traseira,Com Vítimas Feridas,Pleno dia,Crescente,Nublado,Múltipla,Reta,Sim,0.0,1.0,1.0,2.0,1.0,2.0,3.0,5.0,SPRF-ES,DEL02-ES,UOP01-DEL02-ES,1,grave
2025-07-19,15:25,2025-07-19 15:25:00,2025.0,7.0,sabado,15.0,tarde,ES,VENDA NOVA DO IMIGRANTE,False,262.0,BR-262,106.7,-20.32879742,-41.15072966,Transitar na contramão,Colisão lateral sentido oposto,Com Vítimas Fatais,Pleno dia,Decrescente,Céu Claro,Simples,Reta,Sim,1.0,0.0,1.0,1.0,2.0,0.0,3.0,4.0,SPRF-ES,DEL01-ES,UOP02-DEL01-ES,1,fatal
2025-07-19,16:05,2025-07-19 16:05:00,2025.0,7.0,sabado,16.0,tarde,ES,CARIACICA,True,101.0,BR-101,288.2,-20.2738388,-40.39201705,Pedestre cruzava a pista fora da faixa,Atropelamento de Pedestre,Com Vítimas Feridas,Pleno dia,Decrescente,Nublado,Dupla,Reta,Sim,0.0,1.0,0.0,1.0,1.0,0.0,2.0,2.0,SPRF-ES,DEL01-ES,UOP01-DEL01-ES,1,grave
2025-07-19,21:40,2025-07-19 21:40:00,2025.0,7.0,sabado,21.0,noite,ES,SERRA,True,101.0,BR-101,257.8,-20.1342461,-40.2976538,Ingestão de substâncias psicoativas pelo condutor,Colisão lateral mesmo sentido,Com Vítimas Feridas,Plena Noite,Decrescente,Céu Claro,Dupla,Aclive;Reta,Sim,0.0,0.0,1.0,1.0,1.0,1.0,2.0,3.0,SPRF-ES,DEL02-ES,UOP01-DEL02-ES,0,moderado
2025-07-20,04:30,2025-07-20 04:30:00,2025.0,7.0,domingo,4.0,madrugada,ES,CARIACICA,True,101.0,BR-101,296.1,-20.34087468,-40.4041636,Velocidade Incompatível,Saída de leito carroçável,Com Vítimas Feridas,Plena Noite,Decrescente,Nublado,Múltipla,Curva,Sim,0.0,0.0,1.0,1.0,0.0,0.0,1.0,1.0,SPRF-ES,DEL01-ES,UOP01-DEL01-ES,0,moderado
2025-07-20,09:35,2025-07-20 09:35:00,2025.0,7.0,domingo,9.0,manha,ES,SERRA,True,101.0,BR-101,264.5,-20.17651907,-40.26599618,Ausência de reação do condutor,Colisão lateral mesmo sentido,Com Vítimas Feridas,Pleno dia,Crescente,Céu Claro,Dupla,Reta,Sim,0.0,1.0,1.0,2.0,0.0,1.0,2.0,3.0,SPRF-ES,DEL02-ES,UOP01-DEL02-ES,1,grave
2025-07-20,14:25,2025-07-20 14:25:00,2025.0,7.0,domingo,14.0,tarde,ES,LINHARES,False,101.0,BR-101,148.0,-19.3875722,-40.06734579,Manobra de mudança de faixa,Tombamento,Com Vítimas Feridas,Pleno dia,Decrescente,Céu Claro,Múltipla,Reta,Sim,0.0,0.0,1.0,1.0,0.0,1.0,2.0,2.0,SPRF-ES,DEL04-ES,UOP01-DEL04-ES,0,moderado
2025-07-20,14:20,2025-07-20 14:20:00,2025.0,7.0,domingo,14.0,tarde,ES,IUNA,False,262.0,BR-262,185.0,-20.3006269,-41.7082346,Ausência de reação do condutor,Tombamento,Com Vítimas Feridas,Pleno dia,Crescente,Sol,Simples,Reta,Não,0.0,1.0,0.0,1.0,0.0,0.0,1.0,1.0,SPRF-ES,DEL01-ES,UOP02-DEL01-ES,1,grave
2025-07-20,16:15,2025-07-20 16:15:00,2025.0,7.0,domingo,16.0,tarde,ES,IUNA,False,262.0,BR-262,191.0,-20.3022279,-41.7463857,Mal súbito do condutor,Colisão com objeto,Com Vítimas Feridas,Pleno dia,Crescente,Céu Claro,Simples,Declive;Reta,Não,0.0,0.0,2.0,2.0,0.0,0.0,1.0,2.0,SPRF-ES,DEL01-ES,UOP02-DEL01-ES,0,moderado
2025-07-20,19:27,2025-07-20 19:27:00,2025.0,7.0,domingo,19.0,noite,ES,VILA VELHA,True,447.0,BR-447,14.0,-20.340489,-40.327832,Pedestre cruzava a pista fora da faixa,Atropelamento de Pedestre,Com Vítimas Feridas,Plena Noite,Crescente,Céu Claro,Simples,Reta,Sim,0.0,0.0,1.0,1.0,1.0,1.0,2.0,3.0,SPRF-ES,DEL01-ES,UOP01-DEL01-ES,0,moderado
2025-07-20,21:15,2025-07-20 21:15:00,2025.0,7.0,domingo,21.0,noite,ES,SOORETAMA,False,101.0,BR-101,117.0,-19.11787173,-40.06231324,Acessar a via sem observar a presença dos outros veículos,Colisão transversal,Com Vítimas Feridas,Plena Noite,Decrescente,Céu Claro,Simples,Reta;Interseção de Vias,Não,0.0,0.0,1.0,1.0,2.0,0.0,2.0,3.0,SPRF-ES,DEL04-ES,UOP01-DEL04-ES,0,moderado
2025-07-21,08:50,2025-07-21 08:50:00,2025.0,7.0,segunda,8.0,manha,ES,CARIACICA,True,101.0,BR-101,292.1,-20.30785364,-40.39462566,Acessar a via sem observar a presença dos outros veículos,Colisão transversal,Com Vítimas Feridas,Pleno dia,Decrescente,Céu Claro,Dupla,Interseção de Vias,Sim,0.0,1.0,0.0,1.0,1.0,1.0,2.0,3.0,SPRF-ES,DEL01-ES,UOP01-DEL01-ES,1,grave
2025-07-21,08:20,2025-07-21 08:20:00,2025.0,7.0,segunda,8.0,manha,ES,ANCHIETA,False,101.0,BR-101,371.7,-20.76906,-40.771342,Condutor Dormindo,Saída de leito carroçável,Com Vítimas Feridas,Pleno dia,Decrescente,Céu Claro,Simples,Curva,Não,0.0,1.0,0.0,1.0,0.0,0.0,1.0,1.0,SPRF-ES,DEL03-ES,UOP01-DEL03-ES,1,grave
2025-07-21,11:50,2025-07-21 11:50:00,2025.0,7.0,segunda,11.0,manha,ES,IBATIBA,False,262.0,BR-262,160.0,-20.236898,-41.516178,Reação tardia ou ineficiente do condutor,Colisão lateral sentido oposto,Com Vítimas Feridas,Pleno dia,Crescente,Sol,Simples,Declive;Curva,Sim,0.0,0.0,1.0,1.0,1.0,0.0,2.0,2.0,SPRF-ES,DEL01-ES,UOP02-DEL01-ES,0,moderado
2025-07-21,11:40,2025-07-21 11:40:00,2025.0,7.0,segunda,11.0,manha,ES,SERRA,True,101.0,BR-101,270.0,-20.2262056,-40.2709164,Pedestre cruzava a pista fora da faixa,Atropelamento de Pedestre,Com Vítimas Feridas,Pleno dia,Crescente,Céu Claro,Dupla,Curva,Sim,0.0,1.0,0.0,1.0,1.0,0.0,2.0,2.0,SPRF-ES,DEL02-ES,UOP01-DEL02-ES,1,grave
2025-07-21,15:40,2025-07-21 15:40:00,2025.0,7.0,segunda,15.0,tarde,ES,FUNDAO,True,101.0,BR-101,228.6,-19.924132,-40.4065605,Acessar a via sem observar a presença dos outros veículos,Colisão transversal,Sem Vítimas,Pleno dia,Decrescente,Nublado,Simples,Reta,Não,0.0,0.0,0.0,0.0,2.0,0.0,2.0,2.0,SPRF-ES,DEL02-ES,UOP01-DEL02-ES,0,baixo
2025-07-21,10:00,2025-07-21 10:00:00,2025.0,7.0,segunda,10.0,manha,ES,SAO MATEUS,False,101.0,BR-101,66.0,-18.71539,-39.87622,Condutor deixou de manter distância do veículo da frente,Colisão traseira,Com Vítimas Feridas,Pleno dia,Crescente,Céu Claro,Dupla,Reta,Não,0.0,0.0,1.0,1.0,1.0,0.0,2.0,2.0,SPRF-ES,DEL04-ES,UOP02-DEL04-ES,0,moderado
2025-07-21,22:00,2025-07-21 22:00:00,2025.0,7.0,segunda,22.0,noite,ES,SERRA,True,101.0,BR-101,18.5,-20.217911,-40.33605,Reação tardia ou ineficiente do condutor,Colisão com objeto,Com Vítimas Feridas,Plena Noite,Decrescente,Céu Claro,Dupla,Curva,Não,0.0,1.0,0.0,1.0,0.0,0.0,1.0,1.0,SPRF-ES,DEL02-ES,UOP01-DEL02-ES,1,grave
2025-07-22,07:00,2025-07-22 07:00:00,2025.0,7.0,terca,7.0,manha,ES,SERRA,True,101.0,BR-101,265.5,-20.18813439,-40.26843381,Condutor deixou de manter distância do veículo da frente,Colisão traseira,Com Vítimas Feridas,Pleno dia,Crescente,Céu Claro,Dupla,Reta,Sim,0.0,0.0,1.0,1.0,1.0,0.0,2.0,2.0,SPRF-ES,DEL02-ES,UOP01-DEL02-ES,0,moderado
2025-07-22,07:20,2025-07-22 07:20:00,2025.0,7.0,terca,7.0,manha,ES,JOAO NEIVA,False,101.0,BR-101,203.0,-19.74554411,-40.37613837,Velocidade Incompatível,Saída de leito carroçável,Sem Vítimas,Pleno dia,Crescente,Céu Claro,Simples,Reta,Não,0.0,0.0,0.0,0.0,0.0,1.0,1.0,1.0,SPRF-ES,DEL04-ES,UOP01-DEL04-ES,0,baixo
2025-07-22,07:40,2025-07-22 07:40:00,2025.0,7.0,terca,7.0,manha,ES,LINHARES,False,101.0,BR-101,144.0,-19.35402527,-40.06360143,Velocidade Incompatível,Atropelamento de Pedestre,Com Vítimas Feridas,Pleno dia,Decrescente,Céu Claro,Dupla,Reta,Não,0.0,0.0,3.0,3.0,0.0,0.0,2.0,3.0,SPRF-ES,DEL04-ES,UOP01-DEL04-ES,0,moderado
2025-07-22,13:20,2025-07-22 13:20:00,2025.0,7.0,terca,13.0,tarde,ES,SAO MATEUS,False,101.0,BR-101,58.9,-18.67188567,-39.86658303,Condutor deixou de manter distância do veículo da frente,Colisão traseira,Com Vítimas Feridas,Pleno dia,Crescente,Sol,Simples,Reta;Aclive,Não,0.0,0.0,1.0,1.0,1.0,0.0,2.0,2.0,SPRF-ES,DEL04-ES,UOP02-DEL04-ES,0,moderado
2025-07-22,17:40,2025-07-22 17:40:00,2025.0,7.0,terca,17.0,tarde,ES,COLATINA,False,259.0,BR-259,30.0,-19.57401021,-40.50709009,Ultrapassagem Indevida,Colisão frontal,Com Vítimas Feridas,Plena Noite,Decrescente,Céu Claro,Dupla,Reta,Não,0.0,0.0,5.0,5.0,0.0,0.0,2.0,5.0,SPRF-ES,DEL02-ES,UOP01-DEL02-ES,0,moderado
2025-07-23,07:40,2025-07-23 07:40:00,2025.0,7.0,quarta,7.0,manha,ES,CARIACICA,True,101.0,BR-101,290.3,-20.29406848,-40.39324936,Avarias e/ou desgaste excessivo no pneu,Tombamento,Com Vítimas Feridas,Pleno dia,Crescente,Céu Claro,Dupla,Reta,Sim,0.0,0.0,2.0,2.0,0.0,0.0,1.0,2.0,SPRF-ES,DEL01-ES,UOP01-DEL01-ES,0,moderado
2025-07-23,16:15,2025-07-23 16:15:00,2025.0,7.0,quarta,16.0,tarde,ES,SAO MATEUS,False,101.0,BR-101,70.5,-18.7480909,-39.8618377,Acesso irregular,Colisão transversal,Com Vítimas Feridas,Pleno dia,Crescente,Céu Claro,Simples,Reta,Não,0.0,0.0,1.0,1.0,1.0,0.0,2.0,2.0,SPRF-ES,DEL04-ES,UOP02-DEL04-ES,0,moderado
2025-07-23,18:20,2025-07-23 18:20:00,2025.0,7.0,quarta,18.0,noite,ES,SERRA,True,101.0,BR-101,260.5,-20.14704296,-40.28123975,Condutor deixou de manter distância do veículo da frente,Colisão traseira,Com Vítimas Feridas,Anoitecer,Crescente,Ignorado,Dupla,Curva,Não,0.0,0.0,1.0,1.0,2.0,0.0,2.0,3.0,SPRF-ES,DEL02-ES,UOP01-DEL02-ES,0,moderado
2025-07-24,03:30,2025-07-24 03:30:00,2025.0,7.0,quinta,3.0,madrugada,ES,VIANA,True,101.0,BR-101,302.6,-20.37560324,-40.44286108,Velocidade Incompatível,Saída de leito carroçável,Com Vítimas Feridas,Plena Noite,Decrescente,Céu Claro,Dupla,Curva,Sim,0.0,0.0,1.0,1.0,0.0,0.0,1.0,1.0,SPRF-ES,DEL01-ES,UOP01-DEL01-ES,0,moderado
2025-07-24,08:25,2025-07-24 08:25:00,2025.0,7.0,quinta,8.0,manha,ES,CARIACICA,True,101.0,BR-101,296.8,-20.343869,-40.408154,Manobra de mudança de faixa,Colisão com objeto,Com Vítimas Feridas,Pleno dia,Crescente,Céu Claro,Múltipla,Curva,Sim,0.0,0.0,1.0,1.0,0.0,0.0,1.0,1.0,SPRF-ES,DEL01-ES,UOP01-DEL01-ES,0,moderado
2025-07-24,17:00,2025-07-24 17:00:00,2025.0,7.0,quinta,17.0,tarde,ES,LINHARES,False,101.0,BR-101,144.0,-19.35584,-40.06423,Condutor deixou de manter distância do veículo da frente,Colisão traseira,Com Vítimas Feridas,Anoitecer,Crescente,Céu Claro,Simples,Reta,Sim,0.0,0.0,1.0,1.0,2.0,0.0,2.0,3.0,SPRF-ES,DEL04-ES,UOP01-DEL04-ES,0,moderado
2025-07-24,17:30,2025-07-24 17:30:00,2025.0,7.0,quinta,17.0,tarde,ES,CARIACICA,True,101.0,BR-101,290.8,-20.29572166,-40.39364934,Desrespeitar a preferência no cruzamento,Colisão transversal,Com Vítimas Feridas,Anoitecer,Decrescente,Céu Claro,Dupla,Reta;Aclive,Sim,0.0,1.0,0.0,1.0,1.0,0.0,2.0,2.0,SPRF-ES,DEL01-ES,UOP01-DEL01-ES,1,grave
2025-03-15,10:30,2025-03-15 10:30:00,2025.0,3.0,sabado,10.0,manha,ES,IBIRACU,False,101.0,BR-101,218.9,-19.8121756,-40.36557075,Pedestre cruzava a pista fora da faixa,Atropelamento de Pedestre,Com Vítimas Fatais,Pleno dia,Decrescente,Céu Claro,Dupla,Curva,Não,1.0,0.0,0.0,0.0,1.0,1.0,2.0,3.0,SPRF-ES,DEL02-ES,UOP01-DEL02-ES,1,fatal
2025-07-25,15:20,2025-07-25 15:20:00,2025.0,7.0,sexta,15.0,tarde,ES,JAGUARE,False,101.0,BR-101,81.0,-18.94558273,-39.97650146,Avarias e/ou desgaste excessivo no pneu,Saída de leito carroçável,Com Vítimas Feridas,Pleno dia,Decrescente,Céu Claro,Simples,Reta,Não,0.0,0.0,1.0,1.0,0.0,0.0,1.0,1.0,SPRF-ES,DEL04-ES,UOP02-DEL04-ES,0,moderado
2025-07-25,16:45,2025-07-25 16:45:00,2025.0,7.0,sexta,16.0,tarde,ES,SERRA,True,101.0,BR-101,254.8,-20.114917,-40.319548,Condutor deixou de manter distância do veículo da frente,Colisão traseira,Com Vítimas Feridas,Pleno dia,Crescente,Céu Claro,Simples,Aclive;Reta,Sim,0.0,0.0,1.0,1.0,1.0,0.0,2.0,2.0,SPRF-ES,DEL02-ES,UOP01-DEL02-ES,0,moderado
2025-07-25,17:40,2025-07-25 17:40:00,2025.0,7.0,sexta,17.0,tarde,ES,SERRA,True,101.0,BR-101,270.4,-20.231971,-40.273888,Manobra de mudança de faixa,Colisão lateral mesmo sentido,Com Vítimas Feridas,Plena Noite,Decrescente,Céu Claro,Dupla,Reta,Sim,0.0,0.0,2.0,2.0,1.0,0.0,2.0,3.0,SPRF-ES,DEL02-ES,UOP01-DEL02-ES,0,moderado
2025-07-25,20:50,2025-07-25 20:50:00,2025.0,7.0,sexta,20.0,noite,ES,IBIRACU,False,101.0,BR-101,213.0,-19.82459,-40.369548,Reação tardia ou ineficiente do condutor,Colisão transversal,Com Vítimas Feridas,Plena Noite,Crescente,Céu Claro,Simples,Reta,Sim,0.0,0.0,1.0,1.0,2.0,0.0,2.0,3.0,SPRF-ES,DEL02-ES,UOP01-DEL02-ES,0,moderado
2025-07-26,06:30,2025-07-26 06:30:00,2025.0,7.0,sabado,6.0,manha,ES,ICONHA,False,101.0,BR-101,373.9,-20.78585639,-40.78216966,Chuva,Colisão com objeto,Com Vítimas Feridas,Pleno dia,Decrescente,Chuva,Dupla,Curva,Não,0.0,0.0,1.0,1.0,0.0,0.0,1.0,1.0,SPRF-ES,DEL03-ES,UOP01-DEL03-ES,0,moderado
2025-07-26,13:40,2025-07-26 13:40:00,2025.0,7.0,sabado,13.0,tarde,ES,FUNDAO,True,101.0,BR-101,239.0,-20.01375833,-40.40522575,Ingestão de álcool pelo condutor,Colisão traseira,Com Vítimas Feridas,Pleno dia,Decrescente,Céu Claro,Dupla,Reta,Não,0.0,1.0,2.0,3.0,3.0,0.0,4.0,6.0,SPRF-ES,DEL02-ES,UOP01-DEL02-ES,1,grave
2025-07-26,13:00,2025-07-26 13:00:00,2025.0,7.0,sabado,13.0,tarde,ES,DOMINGOS MARTINS,False,262.0,BR-262,36.0,-20.382063,-40.607021,Acesso irregular,Colisão lateral mesmo sentido,Com Vítimas Feridas,Pleno dia,Crescente,Céu Claro,Simples,Curva,Não,0.0,0.0,2.0,2.0,0.0,0.0,2.0,2.0,SPRF-ES,DEL01-ES,UOP01-DEL01-ES,0,moderado
2025-07-26,15:40,2025-07-26 15:40:00,2025.0,7.0,sabado,15.0,tarde,ES,SERRA,True,101.0,BR-101,251.0,-20.0852763,-40.3452301,Reação tardia ou ineficiente do condutor,Tombamento,Com Vítimas Feridas,Pleno dia,Decrescente,Céu Claro,Simples,Reta;Aclive,Não,0.0,0.0,1.0,1.0,0.0,0.0,1.0,1.0,SPRF-ES,DEL02-ES,UOP01-DEL02-ES,0,moderado
2025-07-26,19:45,2025-07-26 19:45:00,2025.0,7.0,sabado,19.0,noite,ES,CARIACICA,True,101.0,BR-101,294.8,-20.33093023,-40.39923833,Reação tardia ou ineficiente do condutor,Colisão com objeto,Com Vítimas Feridas,Plena Noite,Decrescente,Nublado,Múltipla,Declive;Reta,Sim,0.0,0.0,1.0,1.0,0.0,0.0,1.0,1.0,SPRF-ES,DEL01-ES,UOP01-DEL01-ES,0,moderado
2025-07-26,21:00,2025-07-26 21:00:00,2025.0,7.0,sabado,21.0,noite,ES,CONCEICAO DA BARRA,False,101.0,BR-101,32.3,-18.43157039,-39.93394939,Condutor deixou de manter distância do veículo da frente,Colisão traseira,Com Vítimas Feridas,Plena Noite,Crescente,Nublado,Simples,Reta;Aclive,Sim,0.0,0.0,1.0,1.0,1.0,0.0,2.0,2.0,SPRF-ES,DEL04-ES,UOP02-DEL04-ES,0,moderado
2025-07-27,00:30,2025-07-27 00:30:00,2025.0,7.0,domingo,0.0,madrugada,ES,IUNA,False,262.0,BR-262,185.0,-20.300513,-41.708798,Acesso irregular,Colisão frontal,Com Vítimas Feridas,Plena Noite,Crescente,Céu Claro,Simples,Reta;Interseção de Vias,Sim,0.0,1.0,0.0,1.0,0.0,1.0,2.0,2.0,SPRF-ES,DEL01-ES,UOP02-DEL01-ES,1,grave
2025-07-27,01:30,2025-07-27 01:30:00,2025.0,7.0,domingo,1.0,madrugada,ES,IBATIBA,False,262.0,BR-262,162.6,-20.234369,-41.527972,Ausência de reação do condutor,Saída de leito carroçável,Com Vítimas Feridas,Plena Noite,Crescente,Céu Claro,Simples,Curva,Não,0.0,0.0,1.0,1.0,0.0,0.0,1.0,1.0,SPRF-ES,DEL01-ES,UOP02-DEL01-ES,0,moderado
2025-07-27,03:30,2025-07-27 03:30:00,2025.0,7.0,domingo,3.0,madrugada,ES,GUARAPARI,True,101.0,BR-101,338.5,-20.64374884,-40.55453897,Afundamento ou ondulação no pavimento,Colisão com objeto,Com Vítimas Feridas,Plena Noite,Decrescente,Céu Claro,Dupla,Curva,Não,0.0,0.0,2.0,2.0,0.0,0.0,1.0,2.0,SPRF-ES,DEL03-ES,UOP01-DEL03-ES,0,moderado
2025-07-27,05:20,2025-07-27 05:20:00,2025.0,7.0,domingo,5.0,madrugada,ES,ICONHA,False,101.0,BR-101,372.1,-20.7717528,-40.77659067,Ingestão de álcool pelo condutor,Colisão lateral sentido oposto,Sem Vítimas,Plena Noite,Crescente,Céu Claro,Simples,Curva,Não,0.0,0.0,0.0,0.0,3.0,0.0,2.0,3.0,SPRF-ES,DEL03-ES,UOP01-DEL03-ES,0,baixo
2025-07-27,06:00,2025-07-27 06:00:00,2025.0,7.0,domingo,6.0,manha,ES,LINHARES,False,101.0,BR-101,142.3,-19.33698667,-40.06665667,Reação tardia ou ineficiente do condutor,Colisão traseira,Com Vítimas Feridas,Amanhecer,Crescente,Garoa/Chuvisco,Múltipla,Reta,Não,0.0,0.0,1.0,1.0,1.0,1.0,2.0,3.0,SPRF-ES,DEL04-ES,UOP01-DEL04-ES,0,moderado
2025-07-27,08:10,2025-07-27 08:10:00,2025.0,7.0,domingo,8.0,manha,ES,SERRA,True,101.0,BR-101,243.0,-20.0442,-40.3897,Demais falhas mecânicas ou elétricas,Incêndio,Sem Vítimas,Pleno dia,Crescente,Céu Claro,Simples,Reta,Não,0.0,0.0,0.0,0.0,4.0,0.0,1.0,4.0,SPRF-ES,DEL02-ES,UOP01-DEL02-ES,0,baixo
2025-07-27,16:50,2025-07-27 16:50:00,2025.0,7.0,domingo,16.0,tarde,ES,LINHARES,False,101.0,BR-101,141.7,-19.33189509,-40.06938863,Demais falhas mecânicas ou elétricas,Saída de leito carroçável,Com Vítimas Feridas,Pleno dia,Crescente,Nublado,Múltipla,Reta,Não,0.0,0.0,2.0,2.0,0.0,0.0,1.0,2.0,SPRF-ES,DEL04-ES,UOP01-DEL04-ES,0,moderado
2025-07-27,19:30,2025-07-27 19:30:00,2025.0,7.0,domingo,19.0,noite,ES,COLATINA,False,259.0,BR-259,60.0,-19.52477054,-40.67318559,Reação tardia ou ineficiente do condutor,Colisão com objeto,Com Vítimas Feridas,Plena Noite,Crescente,Céu Claro,Simples,Rotatória,Sim,0.0,0.0,1.0,1.0,0.0,0.0,1.0,1.0,SPRF-ES,DEL02-ES,UOP01-DEL02-ES,0,moderado
2025-07-27,23:00,2025-07-27 23:00:00,2025.0,7.0,domingo,23.0,noite,ES,VIANA,True,101.0,BR-101,298.0,-20.351398,-40.413696,Objeto estático sobre o leito carroçável,Queda de ocupante de veículo,Com Vítimas Feridas,Plena Noite,Crescente,Céu Claro,Dupla,Reta,Sim,0.0,1.0,1.0,2.0,0.0,0.0,1.0,2.0,SPRF-ES,DEL01-ES,UOP01-DEL01-ES,1,grave
2025-07-28,07:05,2025-07-28 07:05:00,2025.0,7.0,segunda,7.0,manha,ES,LINHARES,False,101.0,BR-101,146.6,-19.37623298,-40.06660283,Manobra de mudança de faixa,Colisão lateral mesmo sentido,Com Vítimas Feridas,Pleno dia,Crescente,Céu Claro,Múltipla,Reta,Sim,0.0,0.0,1.0,1.0,1.0,1.0,3.0,3.0,SPRF-ES,DEL04-ES,UOP01-DEL04-ES,0,moderado
2025-07-28,07:21,2025-07-28 07:21:00,2025.0,7.0,segunda,7.0,manha,ES,CARIACICA,True,101.0,BR-101,290.8,-20.295806,-40.393701,Acessar a via sem observar a presença dos outros veículos,Colisão transversal,Com Vítimas Feridas,Pleno dia,Crescente,Céu Claro,Dupla,Reta;Retorno Regulamentado,Sim,0.0,0.0,1.0,1.0,1.0,0.0,2.0,2.0,SPRF-ES,DEL01-ES,UOP01-DEL01-ES,0,moderado
2025-07-28,08:10,2025-07-28 08:10:00,2025.0,7.0,segunda,8.0,manha,ES,SOORETAMA,False,101.0,BR-101,125.0,-19.18919522,-40.09490146,Condutor deixou de manter distância do veículo da frente,Colisão traseira,Com Vítimas Feridas,Pleno dia,Crescente,Céu Claro,Múltipla,Reta;Aclive,Sim,0.0,0.0,1.0,1.0,1.0,0.0,2.0,2.0,SPRF-ES,DEL04-ES,UOP01-DEL04-ES,0,moderado
2025-07-28,09:30,2025-07-28 09:30:00,2025.0,7.0,segunda,9.0,manha,ES,SERRA,True,101.0,BR-101,267.1,-20.19859505,-40.26896864,Manobra de mudança de faixa,Queda de ocupante de veículo,Com Vítimas Feridas,Pleno dia,Crescente,Céu Claro,Múltipla,Reta,Sim,0.0,0.0,1.0,1.0,0.0,0.0,1.0,1.0,SPRF-ES,DEL02-ES,UOP01-DEL02-ES,0,moderado
2025-07-28,09:37,2025-07-28 09:37:00,2025.0,7.0,segunda,9.0,manha,ES,CARIACICA,True,101.0,BR-101,294.0,-20.3296923,-40.3997527,Entrada inopinada do pedestre,Atropelamento de Pedestre,Com Vítimas Feridas,Pleno dia,Decrescente,Céu Claro,Dupla,Reta,Sim,0.0,1.0,0.0,1.0,1.0,0.0,2.0,2.0,SPRF-ES,DEL01-ES,UOP01-DEL01-ES,1,grave
2025-07-28,10:29,2025-07-28 10:29:00,2025.0,7.0,segunda,10.0,manha,ES,CARIACICA,True,101.0,BR-101,292.9,-20.31855038,-40.39638519,Ausência de reação do condutor,Colisão traseira,Com Vítimas Feridas,Pleno dia,Decrescente,Céu Claro,Dupla,Declive,Sim,0.0,0.0,1.0,1.0,3.0,0.0,4.0,4.0,SPRF-ES,DEL01-ES,UOP01-DEL01-ES,0,moderado
2025-07-28,15:30,2025-07-28 15:30:00,2025.0,7.0,segunda,15.0,tarde,ES,RIO NOVO DO SUL,False,101.0,BR-101,386.5,-20.844807,-40.877143,Ausência de reação do condutor,Saída de leito carroçável,Com Vítimas Feridas,Pleno dia,Decrescente,Céu Claro,Simples,Curva,Não,0.0,1.0,1.0,2.0,0.0,0.0,1.0,2.0,SPRF-ES,DEL03-ES,UOP01-DEL03-ES,1,grave
2025-07-28,17:45,2025-07-28 17:45:00,2025.0,7.0,segunda,17.0,tarde,ES,CARIACICA,True,101.0,BR-101,297.0,-20.34817903,-40.41180575,Condutor deixou de manter distância do veículo da frente,Colisão traseira,Com Vítimas Feridas,Plena Noite,Crescente,Céu Claro,Dupla,Reta,Sim,0.0,0.0,1.0,1.0,0.0,1.0,2.0,2.0,SPRF-ES,DEL01-ES,UOP01-DEL01-ES,0,moderado
2025-07-29,06:00,2025-07-29 06:00:00,2025.0,7.0,terca,6.0,manha,ES,VIANA,True,262.0,BR-262,25.0,-20.379485,-40.537222,Condutor deixou de manter distância do veículo da frente,Colisão traseira,Com Vítimas Feridas,Pleno dia,Crescente,Céu Claro,Simples,Reta,Não,0.0,0.0,1.0,1.0,1.0,0.0,2.0,2.0,SPRF-ES,DEL01-ES,UOP01-DEL01-ES,0,moderado
2025-07-29,14:00,2025-07-29 14:00:00,2025.0,7.0,terca,14.0,tarde,ES,SAO MATEUS,False,101.0,BR-101,79.0,-18.7271255,-39.8366474,Ausência de reação do condutor,Capotamento,Com Vítimas Feridas,Pleno dia,Decrescente,Céu Claro,Simples,Reta;Ponte,Não,0.0,0.0,2.0,2.0,0.0,0.0,1.0,2.0,SPRF-ES,DEL04-ES,UOP02-DEL04-ES,0,moderado
2025-07-29,15:30,2025-07-29 15:30:00,2025.0,7.0,terca,15.0,tarde,ES,LINHARES,False,101.0,BR-101,141.5,-19.3299559,-40.06984744,Pedestre - Ingestão de álcool/ substâncias psicoativas,Colisão traseira,Com Vítimas Feridas,Pleno dia,Decrescente,Céu Claro,Dupla,Reta,Sim,0.0,0.0,1.0,1.0,2.0,1.0,3.0,4.0,SPRF-ES,DEL04-ES,UOP01-DEL04-ES,0,moderado
2025-07-30,07:50,2025-07-30 07:50:00,2025.0,7.0,quarta,7.0,manha,ES,SAO MATEUS,False,101.0,BR-101,69.0,-18.73872765,-39.86103773,Acessar a via sem observar a presença dos outros veículos,Colisão transversal,Com Vítimas Feridas,Pleno dia,Crescente,Nublado,Simples,Reta,Sim,0.0,0.0,2.0,2.0,1.0,0.0,2.0,3.0,SPRF-ES,DEL04-ES,UOP02-DEL04-ES,0,moderado
2025-07-30,08:49,2025-07-30 08:49:00,2025.0,7.0,quarta,8.0,manha,ES,IBATIBA,False,262.0,BR-262,169.0,-20.251363,-41.56377,Ausência de reação do condutor,Colisão transversal,Com Vítimas Feridas,Pleno dia,Crescente,Sol,Simples,Retorno Regulamentado,Não,0.0,0.0,1.0,1.0,1.0,0.0,2.0,2.0,SPRF-ES,DEL01-ES,UOP02-DEL01-ES,0,moderado
2025-07-30,16:45,2025-07-30 16:45:00,2025.0,7.0,quarta,16.0,tarde,ES,CARIACICA,True,101.0,BR-101,287.4,-20.267112,-40.387315,Acessar a via sem observar a presença dos outros veículos,Colisão lateral mesmo sentido,Com Vítimas Feridas,Pleno dia,Crescente,Céu Claro,Dupla,Reta,Sim,0.0,0.0,2.0,2.0,0.0,1.0,2.0,3.0,SPRF-ES,DEL01-ES,UOP01-DEL01-ES,0,moderado
2025-07-30,18:50,2025-07-30 18:50:00,2025.0,7.0,quarta,18.0,noite,ES,SERRA,True,101.0,BR-101,264.0,-20.178088,-40.265524,Acesso irregular,Colisão transversal,Com Vítimas Feridas,Anoitecer,Decrescente,Céu Claro,Dupla,Reta,Não,0.0,0.0,1.0,1.0,0.0,1.0,2.0,2.0,SPRF-ES,DEL02-ES,UOP01-DEL02-ES,0,moderado
2025-07-30,22:39,2025-07-30 22:39:00,2025.0,7.0,quarta,22.0,noite,ES,SERRA,True,101.0,BR-101,240.0,-20.054016,-40.3800064,Reação tardia ou ineficiente do condutor,Colisão frontal,Com Vítimas Feridas,Pleno dia,Decrescente,Chuva,Dupla,Reta,Não,0.0,1.0,0.0,1.0,1.0,0.0,2.0,2.0,SPRF-ES,DEL02-ES,UOP01-DEL02-ES,1,grave
2025-07-31,12:10,2025-07-31 12:10:00,2025.0,7.0,quinta,12.0,tarde,ES,ARACRUZ,False,101.0,BR-101,189.0,-19.68162431,-40.27077592,Acessar a via sem observar a presença dos outros veículos,Colisão transversal,Com Vítimas Feridas,Pleno dia,Decrescente,Céu Claro,Simples,Retorno Regulamentado;Reta,Sim,0.0,0.0,1.0,1.0,1.0,0.0,2.0,2.0,SPRF-ES,DEL04-ES,UOP01-DEL04-ES,0,moderado
2025-07-31,12:50,2025-07-31 12:50:00,2025.0,7.0,quinta,12.0,tarde,ES,LINHARES,False,101.0,BR-101,147.4,-19.39481488,-40.06537311,Condutor desrespeitou a iluminação vermelha do semáforo,Colisão transversal,Com Vítimas Feridas,Pleno dia,Crescente,Céu Claro,Dupla,Reta;Interseção de Vias,Sim,0.0,0.0,1.0,1.0,1.0,0.0,2.0,2.0,SPRF-ES,DEL04-ES,UOP01-DEL04-ES,0,moderado
2025-07-31,23:10,2025-07-31 23:10:00,2025.0,7.0,quinta,23.0,noite,ES,LINHARES,False,101.0,BR-101,149.0,-19.40223508,-40.0610687,Animais na Pista,Tombamento,Com Vítimas Feridas,Plena Noite,Crescente,Céu Claro,Múltipla,Curva;Declive,Sim,0.0,0.0,1.0,1.0,0.0,0.0,1.0,1.0,SPRF-ES,DEL04-ES,UOP01-DEL04-ES,0,moderado
2025-08-01,07:40,2025-08-01 07:40:00,2025.0,8.0,sexta,7.0,manha,ES,SERRA,True,101.0,BR-101,278.8,-20.04888027,-40.38652411,Ausência de reação do condutor,Colisão traseira,Com Vítimas Feridas,Pleno dia,Decrescente,Céu Claro,Dupla,Interseção de Vias,Sim,0.0,0.0,1.0,1.0,1.0,0.0,2.0,2.0,SPRF-ES,DEL02-ES,UOP01-DEL02-ES,0,moderado
2025-07-09,13:39,2025-07-09 13:39:00,2025.0,7.0,quarta,13.0,tarde,ES,CARIACICA,True,101.0,BR-101,288.4,-20.274515,-40.392152,Acessar a via sem observar a presença dos outros veículos,Colisão transversal,Com Vítimas Feridas,Pleno dia,Decrescente,Nublado,Dupla,Retorno Regulamentado;Interseção de Vias;Reta,Sim,0.0,1.0,0.0,1.0,1.0,0.0,2.0,2.0,SPRF-ES,DEL01-ES,UOP01-DEL01-ES,1,grave
2025-08-01,18:20,2025-08-01 18:20:00,2025.0,8.0,sexta,18.0,noite,ES,CARIACICA,True,101.0,BR-101,284.5,-20.2506968,-40.3703938,Manobra de mudança de faixa,Colisão lateral mesmo sentido,Com Vítimas Feridas,Plena Noite,Crescente,Nublado,Dupla,Reta,Sim,0.0,0.0,1.0,1.0,1.0,0.0,2.0,2.0,SPRF-ES,DEL01-ES,UOP01-DEL01-ES,0,moderado
2025-08-01,17:40,2025-08-01 17:40:00,2025.0,8.0,sexta,17.0,tarde,ES,LINHARES,False,101.0,BR-101,147.0,-19.3831121,-40.06676165,Ausência de reação do condutor,Tombamento,Com Vítimas Feridas,Plena Noite,Crescente,Céu Claro,Múltipla,Reta,Não,0.0,0.0,1.0,1.0,1.0,0.0,1.0,2.0,SPRF-ES,DEL04-ES,UOP01-DEL04-ES,0,moderado
2025-08-01,18:40,2025-08-01 18:40:00,2025.0,8.0,sexta,18.0,noite,ES,SERRA,True,101.0,BR-101,253.7,-20.10808697,-40.32925862,Animais na Pista,Atropelamento de Animal,Com Vítimas Feridas,Plena Noite,Decrescente,Nublado,Simples,Reta,Não,0.0,0.0,1.0,1.0,0.0,0.0,1.0,1.0,SPRF-ES,DEL02-ES,UOP01-DEL02-ES,0,moderado
2025-08-02,05:28,2025-08-02 05:28:00,2025.0,8.0,sabado,5.0,madrugada,ES,MARECHAL FLORIANO,False,262.0,BR-262,47.6,-20.41179942,-40.68244195,Entrada inopinada do pedestre,Atropelamento de Pedestre,Com Vítimas Fatais,Plena Noite,Crescente,Nublado,Simples,Reta,Não,1.0,0.0,0.0,0.0,1.0,0.0,2.0,2.0,SPRF-ES,DEL01-ES,UOP01-DEL01-ES,1,fatal
2025-08-02,08:58,2025-08-02 08:58:00,2025.0,8.0,sabado,8.0,manha,ES,LINHARES,False,101.0,BR-101,148.1,-19.38903866,-40.06754892,Ingestão de álcool pelo condutor,Colisão com objeto,Com Vítimas Feridas,Pleno dia,Crescente,Céu Claro,Dupla,Reta,Sim,0.0,1.0,0.0,1.0,0.0,0.0,1.0,1.0,SPRF-ES,DEL04-ES,UOP01-DEL04-ES,1,grave
2025-08-02,07:00,2025-08-02 07:00:00,2025.0,8.0,sabado,7.0,manha,ES,COLATINA,False,259.0,BR-259,44.0,-19.53099513,-40.58246613,Reação tardia ou ineficiente do condutor,Colisão com objeto,Sem Vítimas,Pleno dia,Crescente,Sol,Dupla,Interseção de Vias,Não,0.0,0.0,0.0,0.0,1.0,0.0,1.0,1.0,SPRF-ES,DEL02-ES,UOP01-DEL02-ES,0,baixo
2025-08-02,19:35,2025-08-02 19:35:00,2025.0,8.0,sabado,19.0,noite,ES,JAGUARE,False,101.0,BR-101,94.0,-18.93381566,-39.97318475,Reação tardia ou ineficiente do condutor,Colisão traseira,Com Vítimas Feridas,Plena Noite,Decrescente,Céu Claro,Simples,Reta;Declive,Sim,0.0,0.0,1.0,1.0,0.0,3.0,3.0,4.0,SPRF-ES,DEL04-ES,UOP02-DEL04-ES,0,moderado
2025-08-02,23:25,2025-08-02 23:25:00,2025.0,8.0,sabado,23.0,noite,ES,ATILIO VIVACQUA,False,101.0,BR-101,421.5,-20.9772395,-41.1116758,Ingestão de álcool pelo condutor,Colisão com objeto,Com Vítimas Feridas,Plena Noite,Crescente,Nublado,Simples,Curva,Não,0.0,0.0,1.0,1.0,1.0,0.0,1.0,2.0,SPRF-ES,DEL03-ES,UOP02-DEL03-ES,0,moderado
2025-08-03,03:40,2025-08-03 03:40:00,2025.0,8.0,domingo,3.0,madrugada,ES,BAIXO GUANDU,False,259.0,BR-259,104.0,-19.5083467,-41.0343139,Ingestão de álcool pelo condutor,Colisão lateral sentido oposto,Com Vítimas Feridas,Plena Noite,Crescente,Céu Claro,Simples,Curva,Não,0.0,0.0,2.0,2.0,0.0,1.0,2.0,3.0,SPRF-ES,DEL02-ES,UOP01-DEL02-ES,0,moderado
2025-08-03,12:58,2025-08-03 12:58:00,2025.0,8.0,domingo,12.0,tarde,ES,IBIRACU,False,101.0,BR-101,211.0,-19.80791491,-40.36752284,Manobra de mudança de faixa,Colisão lateral mesmo sentido,Com Vítimas Feridas,Pleno dia,Crescente,Céu Claro,Simples,Reta,Não,0.0,0.0,5.0,5.0,1.0,0.0,2.0,6.0,SPRF-ES,DEL02-ES,UOP01-DEL02-ES,0,moderado
2025-08-03,17:39,2025-08-03 17:39:00,2025.0,8.0,domingo,17.0,tarde,ES,LINHARES,False,101.0,BR-101,157.7,-19.42963092,-40.08310318,Demais falhas mecânicas ou elétricas,Tombamento,Com Vítimas Feridas,Anoitecer,Decrescente,Céu Claro,Simples,Reta,Não,0.0,0.0,2.0,2.0,0.0,0.0,1.0,2.0,SPRF-ES,DEL04-ES,UOP01-DEL04-ES,0,moderado
2025-08-03,19:00,2025-08-03 19:00:00,2025.0,8.0,domingo,19.0,noite,ES,SOORETAMA,False,101.0,BR-101,127.7,-19.21075166,-40.09477615,Ingestão de álcool pelo condutor,Tombamento,Com Vítimas Feridas,Plena Noite,Decrescente,Céu Claro,Dupla,Curva,Sim,0.0,1.0,0.0,1.0,0.0,0.0,1.0,1.0,SPRF-ES,DEL04-ES,UOP01-DEL04-ES,1,grave
2025-08-03,22:20,2025-08-03 22:20:00,2025.0,8.0,domingo,22.0,noite,ES,ARACRUZ,False,101.0,BR-101,175.0,-19.58842636,-40.19146228,Acumulo de areia ou detritos sobre o pavimento,Saída de leito carroçável,Com Vítimas Feridas,Plena Noite,Decrescente,Céu Claro,Simples,Reta,Não,0.0,0.0,1.0,1.0,0.0,0.0,1.0,1.0,SPRF-ES,DEL04-ES,UOP01-DEL04-ES,0,moderado
2025-08-04,07:45,2025-08-04 07:45:00,2025.0,8.0,segunda,7.0,manha,ES,CARIACICA,True,101.0,BR-101,294.8,-20.33035781,-40.39916849,Velocidade Incompatível,Tombamento,Com Vítimas Feridas,Pleno dia,Crescente,Céu Claro,Múltipla,Reta,Sim,0.0,0.0,1.0,1.0,0.0,0.0,1.0,1.0,SPRF-ES,DEL01-ES,UOP01-DEL01-ES,0,moderado
2025-08-04,08:30,2025-08-04 08:30:00,2025.0,8.0,segunda,8.0,manha,ES,SAO MATEUS,False,101.0,BR-101,67.3,-18.719597,-39.868443,Ausência de reação do condutor,Colisão traseira,Com Vítimas Feridas,Pleno dia,Crescente,Sol,Dupla,Reta,Sim,0.0,0.0,1.0,1.0,1.0,0.0,2.0,2.0,SPRF-ES,DEL04-ES,UOP02-DEL04-ES,0,moderado
2025-08-04,07:20,2025-08-04 07:20:00,2025.0,8.0,segunda,7.0,manha,ES,CARIACICA,True,101.0,BR-101,291.6,-20.30093861,-40.3952229,Manobra de mudança de faixa,Colisão lateral mesmo sentido,Com Vítimas Feridas,Pleno dia,Decrescente,Céu Claro,Dupla,Reta,Sim,0.0,0.0,1.0,1.0,1.0,0.0,2.0,2.0,SPRF-ES,DEL01-ES,UOP01-DEL01-ES,0,moderado
2025-08-04,14:30,2025-08-04 14:30:00,2025.0,8.0,segunda,14.0,tarde,ES,LINHARES,False,101.0,BR-101,146.5,-19.37377861,-40.0662595,Condutor deixou de manter distância do veículo da frente,Colisão traseira,Com Vítimas Feridas,Pleno dia,Crescente,Céu Claro,Múltipla,Reta,Sim,0.0,0.0,1.0,1.0,0.0,1.0,2.0,2.0,SPRF-ES,DEL04-ES,UOP01-DEL04-ES,0,moderado
2025-08-04,14:50,2025-08-04 14:50:00,2025.0,8.0,segunda,14.0,tarde,ES,CONCEICAO DO CASTELO,False,262.0,BR-262,117.0,-20.3107332,-41.2427853,Transitar na contramão,Colisão frontal,Com Vítimas Feridas,Pleno dia,Crescente,Céu Claro,Simples,Declive;Curva,Não,0.0,1.0,3.0,4.0,2.0,0.0,2.0,6.0,SPRF-ES,DEL01-ES,UOP02-DEL01-ES,1,grave
2025-08-04,18:30,2025-08-04 18:30:00,2025.0,8.0,segunda,18.0,noite,ES,SAO MATEUS,False,101.0,BR-101,77.5,-18.796976,-39.888254,Reação tardia ou ineficiente do condutor,Tombamento,Com Vítimas Feridas,Plena Noite,Decrescente,Nublado,Simples,Reta;Declive,Não,0.0,0.0,1.0,1.0,0.0,0.0,1.0,1.0,SPRF-ES,DEL04-ES,UOP02-DEL04-ES,0,moderado
2025-08-05,03:40,2025-08-05 03:40:00,2025.0,8.0,terca,3.0,madrugada,ES,SERRA,True,101.0,BR-101,267.8,-20.2065946,-40.2691459,Ingestão de álcool pelo condutor,Saída de leito carroçável,Sem Vítimas,Plena Noite,Decrescente,Céu Claro,Múltipla,Interseção de Vias,Sim,0.0,0.0,0.0,0.0,1.0,0.0,1.0,1.0,SPRF-ES,DEL02-ES,UOP01-DEL02-ES,0,baixo
2025-08-05,07:41,2025-08-05 07:41:00,2025.0,8.0,terca,7.0,manha,ES,SERRA,True,101.0,BR-101,16.1,-20.0488657,-40.3866812,Sinalização mal posicionada,Colisão traseira,Com Vítimas Feridas,Pleno dia,Crescente,Céu Claro,Dupla,Curva,Não,0.0,2.0,0.0,2.0,2.0,0.0,2.0,4.0,SPRF-ES,DEL02-ES,UOP01-DEL02-ES,1,grave
2025-08-05,07:51,2025-08-05 07:51:00,2025.0,8.0,terca,7.0,manha,ES,LINHARES,False,101.0,BR-101,154.0,-19.43877314,-40.08922371,Ausência de reação do condutor,Saída de leito carroçável,Com Vítimas Feridas,Pleno dia,Decrescente,Céu Claro,Simples,Reta,Não,0.0,0.0,1.0,1.0,0.0,0.0,1.0,1.0,SPRF-ES,DEL04-ES,UOP01-DEL04-ES,0,moderado
2025-08-05,17:01,2025-08-05 17:01:00,2025.0,8.0,terca,17.0,tarde,ES,ICONHA,False,101.0,BR-101,372.0,-20.77482334,-40.77796698,Acessar a via sem observar a presença dos outros veículos,Colisão transversal,Com Vítimas Feridas,Anoitecer,Crescente,Céu Claro,Simples,Reta,Não,0.0,0.0,1.0,1.0,1.0,0.0,2.0,2.0,SPRF-ES,DEL03-ES,UOP01-DEL03-ES,0,moderado
2025-08-05,18:30,2025-08-05 18:30:00,2025.0,8.0,terca,18.0,noite,ES,LINHARES,False,101.0,BR-101,143.4,-19.34509012,-40.06368653,Retorno proibido,Colisão transversal,Com Vítimas Feridas,Pleno dia,Decrescente,Céu Claro,Simples,Reta,Sim,0.0,0.0,1.0,1.0,1.0,0.0,2.0,2.0,SPRF-ES,DEL04-ES,UOP01-DEL04-ES,0,moderado
2025-08-06,21:20,2025-08-06 21:20:00,2025.0,8.0,quarta,21.0,noite,ES,LINHARES,False,101.0,BR-101,150.0,-19.39706543,-40.06381541,Ingestão de álcool pelo condutor,Colisão traseira,Sem Vítimas,Plena Noite,Crescente,Céu Claro,Dupla,Interseção de Vias,Sim,0.0,0.0,0.0,0.0,2.0,1.0,3.0,3.0,SPRF-ES,DEL04-ES,UOP01-DEL04-ES,0,baixo
2025-07-31,16:15,2025-07-31 16:15:00,2025.0,7.0,quinta,16.0,tarde,ES,JOAO NEIVA,False,101.0,BR-101,204.0,-19.74804487,-40.37794143,Reação tardia ou ineficiente do condutor,Colisão traseira,Com Vítimas Feridas,Anoitecer,Crescente,Céu Claro,Simples,Reta,Sim,0.0,0.0,2.0,2.0,1.0,0.0,2.0,3.0,SPRF-ES,DEL02-ES,UOP01-DEL02-ES,0,moderado
2025-08-07,17:45,2025-08-07 17:45:00,2025.0,8.0,quinta,17.0,tarde,ES,SERRA,True,101.0,BR-101,266.0,-20.13173474,-40.29644967,Manobra de mudança de faixa,Colisão lateral mesmo sentido,Com Vítimas Feridas,Anoitecer,Decrescente,Céu Claro,Dupla,Reta,Sim,0.0,1.0,0.0,1.0,1.0,0.0,2.0,2.0,SPRF-ES,DEL02-ES,UOP01-DEL02-ES,1,grave
2025-08-07,20:45,2025-08-07 20:45:00,2025.0,8.0,quinta,20.0,noite,ES,CARIACICA,True,101.0,BR-101,285.0,-20.251689,-40.3737594,Ausência de reação do condutor,Colisão transversal,Com Vítimas Feridas,Plena Noite,Crescente,Céu Claro,Dupla,Reta;Retorno Regulamentado,Sim,0.0,0.0,1.0,1.0,1.0,0.0,2.0,2.0,SPRF-ES,DEL01-ES,UOP01-DEL01-ES,0,moderado
2025-08-08,07:00,2025-08-08 07:00:00,2025.0,8.0,sexta,7.0,manha,ES,SERRA,True,101.0,BR-101,277.1,-20.217039,-40.328454,Reação tardia ou ineficiente do condutor,Colisão traseira,Com Vítimas Feridas,Pleno dia,Decrescente,Céu Claro,Simples,Reta,Sim,0.0,0.0,1.0,1.0,1.0,0.0,2.0,2.0,SPRF-ES,DEL02-ES,UOP01-DEL02-ES,0,moderado
2025-07-19,07:30,2025-07-19 07:30:00,2025.0,7.0,sabado,7.0,manha,ES,LINHARES,False,101.0,BR-101,117.9,-19.11912214,-40.06255149,Condutor deixou de manter distância do veículo da frente,Colisão traseira,Com Vítimas Feridas,Pleno dia,Crescente,Nevoeiro/Neblina,Simples,Reta,Não,0.0,0.0,3.0,3.0,1.0,0.0,3.0,4.0,SPRF-ES,DEL04-ES,UOP01-DEL04-ES,0,moderado
2025-08-08,09:05,2025-08-08 09:05:00,2025.0,8.0,sexta,9.0,manha,ES,LINHARES,False,101.0,BR-101,144.1,-19.35284389,-40.06369564,Acumulo de óleo sobre o pavimento,Tombamento,Com Vítimas Feridas,Pleno dia,Decrescente,Céu Claro,Múltipla,Retorno Regulamentado,Sim,0.0,0.0,1.0,1.0,0.0,0.0,1.0,1.0,SPRF-ES,DEL04-ES,UOP01-DEL04-ES,0,moderado
2025-07-17,16:00,2025-07-17 16:00:00,2025.0,7.0,quinta,16.0,tarde,ES,SERRA,True,101.0,BR-101,262.2,-20.159866,-40.27573,Reação tardia ou ineficiente do condutor,Colisão lateral mesmo sentido,Com Vítimas Feridas,Pleno dia,Decrescente,Céu Claro,Dupla,Retorno Regulamentado;Reta,Sim,0.0,0.0,2.0,2.0,1.0,0.0,2.0,3.0,SPRF-ES,DEL02-ES,UOP01-DEL02-ES,0,moderado
2025-08-08,11:45,2025-08-08 11:45:00,2025.0,8.0,sexta,11.0,manha,ES,LINHARES,False,101.0,BR-101,157.4,-19.45661599,-40.10182446,Transitar na contramão,Colisão frontal,Com Vítimas Feridas,Pleno dia,Crescente,Céu Claro,Simples,Reta,Não,0.0,0.0,1.0,1.0,1.0,0.0,2.0,2.0,SPRF-ES,DEL04-ES,UOP01-DEL04-ES,0,moderado
2025-08-08,15:30,2025-08-08 15:30:00,2025.0,8.0,sexta,15.0,tarde,ES,ANCHIETA,False,101.0,BR-101,360.6,-20.70917,-40.718823,Demais falhas mecânicas ou elétricas,Queda de ocupante de veículo,Com Vítimas Feridas,Pleno dia,Crescente,Céu Claro,Simples,Curva,Não,0.0,0.0,2.0,2.0,0.0,0.0,1.0,2.0,SPRF-ES,DEL03-ES,UOP01-DEL03-ES,0,moderado
2025-08-08,16:30,2025-08-08 16:30:00,2025.0,8.0,sexta,16.0,tarde,ES,IBIRACU,False,101.0,BR-101,213.0,-19.826083,-40.369049,Ausência de reação do condutor,Colisão traseira,Com Vítimas Feridas,Pleno dia,Decrescente,Céu Claro,Simples,Reta,Não,0.0,0.0,1.0,1.0,0.0,1.0,2.0,2.0,SPRF-ES,DEL02-ES,UOP01-DEL02-ES,0,moderado
2025-08-08,16:30,2025-08-08 16:30:00,2025.0,8.0,sexta,16.0,tarde,ES,SOORETAMA,False,101.0,BR-101,109.7,-19.05109376,-40.02899504,Velocidade Incompatível,Saída de leito carroçável,Com Vítimas Feridas,Pleno dia,Decrescente,Céu Claro,Simples,Reta;Aclive,Não,0.0,0.0,2.0,2.0,0.0,0.0,1.0,2.0,SPRF-ES,DEL04-ES,UOP01-DEL04-ES,0,moderado
2025-08-08,21:30,2025-08-08 21:30:00,2025.0,8.0,sexta,21.0,noite,ES,COLATINA,False,259.0,BR-259,53.6,-19.50493944,-40.654507,Ausência de reação do condutor,Colisão frontal,Com Vítimas Feridas,Plena Noite,Crescente,Céu Claro,Simples,Curva;Declive,Não,0.0,0.0,2.0,2.0,0.0,0.0,2.0,2.0,SPRF-ES,DEL02-ES,UOP01-DEL02-ES,0,moderado
2025-08-08,23:00,2025-08-08 23:00:00,2025.0,8.0,sexta,23.0,noite,ES,LINHARES,False,101.0,BR-101,147.2,-19.4005446,-40.06370544,Condutor desrespeitou a iluminação vermelha do semáforo,Colisão transversal,Com Vítimas Feridas,Plena Noite,Decrescente,Nublado,Múltipla,Interseção de Vias,Sim,0.0,0.0,1.0,1.0,1.0,0.0,2.0,2.0,SPRF-ES,DEL04-ES,UOP01-DEL04-ES,0,moderado
2025-08-09,07:05,2025-08-09 07:05:00,2025.0,8.0,sabado,7.0,manha,ES,ARACRUZ,False,101.0,BR-101,171.7,-19.56313305,-40.1774384,Trafegar com motocicleta (ou similar) entre as faixas,Colisão com objeto,Com Vítimas Feridas,Pleno dia,Decrescente,Céu Claro,Múltipla,Reta,Não,0.0,0.0,1.0,1.0,0.0,0.0,1.0,1.0,SPRF-ES,DEL04-ES,UOP01-DEL04-ES,0,moderado
2025-08-09,10:30,2025-08-09 10:30:00,2025.0,8.0,sabado,10.0,manha,ES,SERRA,True,101.0,BR-101,261.0,-20.16099306,-40.27539975,Ultrapassagem Indevida,Colisão traseira,Com Vítimas Feridas,Pleno dia,Decrescente,Céu Claro,Simples,Curva;Aclive,Sim,0.0,0.0,1.0,1.0,0.0,1.0,2.0,2.0,SPRF-ES,DEL02-ES,UOP01-DEL02-ES,0,moderado
2025-08-09,10:44,2025-08-09 10:44:00,2025.0,8.0,sabado,10.0,manha,ES,MUNIZ FREIRE,False,262.0,BR-262,139.2,-20.23245202,-41.36233139,Acessar a via sem observar a presença dos outros veículos,Colisão transversal,Sem Vítimas,Pleno dia,Decrescente,Nublado,Simples,Curva,Não,0.0,0.0,0.0,0.0,1.0,1.0,2.0,2.0,SPRF-ES,DEL01-ES,UOP02-DEL01-ES,0,baixo
2025-08-09,12:40,2025-08-09 12:40:00,2025.0,8.0,sabado,12.0,tarde,ES,SERRA,True,101.0,BR-101,257.0,-20.13130033,-40.29531777,Manobra de mudança de faixa,Colisão lateral mesmo sentido,Com Vítimas Feridas,Pleno dia,Decrescente,Céu Claro,Dupla,Reta,Não,0.0,1.0,0.0,1.0,1.0,0.0,2.0,2.0,SPRF-ES,DEL02-ES,UOP01-DEL02-ES,1,grave
2025-08-09,15:09,2025-08-09 15:09:00,2025.0,8.0,sabado,15.0,tarde,ES,SERRA,True,101.0,BR-101,262.1,-20.15995493,-40.27592182,Acessar a via sem observar a presença dos outros veículos,Colisão traseira,Com Vítimas Feridas,Pleno dia,Decrescente,Sol,Dupla,Interseção de Vias;Reta;Aclive,Sim,0.0,0.0,1.0,1.0,3.0,0.0,2.0,4.0,SPRF-ES,DEL02-ES,UOP01-DEL02-ES,0,moderado
2025-08-09,18:20,2025-08-09 18:20:00,2025.0,8.0,sabado,18.0,noite,ES,MARECHAL FLORIANO,False,262.0,BR-262,55.0,-20.412784,-40.750743,Curva acentuada,Queda de ocupante de veículo,Com Vítimas Feridas,Plena Noite,Crescente,Nublado,Simples,Curva,Não,0.0,0.0,1.0,1.0,0.0,0.0,1.0,1.0,SPRF-ES,DEL01-ES,UOP01-DEL01-ES,0,moderado
2025-08-09,19:10,2025-08-09 19:10:00,2025.0,8.0,sabado,19.0,noite,ES,FUNDAO,True,101.0,BR-101,230.4,-19.94204645,-40.40634155,Manobra de mudança de faixa,Colisão traseira,Com Vítimas Feridas,Plena Noite,Crescente,Céu Claro,Simples,Curva,Sim,0.0,0.0,2.0,2.0,1.0,0.0,2.0,3.0,SPRF-ES,DEL02-ES,UOP01-DEL02-ES,0,moderado
2025-08-09,20:25,2025-08-09 20:25:00,2025.0,8.0,sabado,20.0,noite,ES,SERRA,True,101.0,BR-101,263.0,-20.17343401,-40.267219,Afundamento ou ondulação no pavimento,Queda de ocupante de veículo,Com Vítimas Feridas,Plena Noite,Crescente,Céu Claro,Dupla,Reta,Sim,0.0,0.0,1.0,1.0,0.0,0.0,1.0,1.0,SPRF-ES,DEL02-ES,UOP01-DEL02-ES,0,moderado
2025-08-10,03:21,2025-08-10 03:21:00,2025.0,8.0,domingo,3.0,madrugada,ES,IBATIBA,False,262.0,BR-262,155.0,-20.2296621,-41.4771344,Ingestão de álcool pelo condutor,Colisão transversal,Com Vítimas Feridas,Plena Noite,Crescente,Nublado,Simples,Reta,Sim,0.0,0.0,1.0,1.0,1.0,0.0,2.0,2.0,SPRF-ES,DEL01-ES,UOP02-DEL01-ES,0,moderado
2025-08-10,04:58,2025-08-10 04:58:00,2025.0,8.0,domingo,4.0,madrugada,ES,SERRA,True,101.0,BR-101,266.0,-20.19318516,-40.26866198,Acessar a via sem observar a presença dos outros veículos,Colisão transversal,Com Vítimas Feridas,Amanhecer,Decrescente,Nublado,Dupla,Reta,Sim,0.0,0.0,1.0,1.0,1.0,0.0,2.0,2.0,SPRF-ES,DEL02-ES,UOP01-DEL02-ES,0,moderado
2025-08-10,07:00,2025-08-10 07:00:00,2025.0,8.0,domingo,7.0,manha,ES,FUNDAO,True,101.0,BR-101,232.8,-19.96819603,-40.40678144,Reação tardia ou ineficiente do condutor,Tombamento,Com Vítimas Feridas,Pleno dia,Decrescente,Nublado,Simples,Reta,Não,0.0,0.0,1.0,1.0,0.0,0.0,1.0,1.0,SPRF-ES,DEL02-ES,UOP01-DEL02-ES,0,moderado
2025-08-10,16:00,2025-08-10 16:00:00,2025.0,8.0,domingo,16.0,tarde,ES,JOAO NEIVA,False,259.0,BR-259,9.0,-19.67457,-40.400959,Reação tardia ou ineficiente do condutor,Tombamento,Com Vítimas Feridas,Pleno dia,Crescente,Céu Claro,Simples,Reta,Não,0.0,1.0,0.0,1.0,0.0,0.0,1.0,1.0,SPRF-ES,DEL02-ES,UOP01-DEL02-ES,1,grave
2025-08-10,22:00,2025-08-10 22:00:00,2025.0,8.0,domingo,22.0,noite,ES,CARIACICA,True,101.0,BR-101,296.7,-20.3437483,-40.40643811,Reação tardia ou ineficiente do condutor,Colisão com objeto,Com Vítimas Feridas,Plena Noite,Decrescente,Céu Claro,Simples,Reta,Sim,0.0,0.0,1.0,1.0,0.0,0.0,1.0,1.0,SPRF-ES,DEL01-ES,UOP01-DEL01-ES,0,moderado
2025-08-10,23:10,2025-08-10 23:10:00,2025.0,8.0,domingo,23.0,noite,ES,CARIACICA,True,101.0,BR-101,296.7,-20.34395751,-40.40776698,Reação tardia ou ineficiente do condutor,Colisão lateral mesmo sentido,Com Vítimas Feridas,Plena Noite,Decrescente,Céu Claro,Dupla,Reta,Sim,0.0,0.0,1.0,1.0,1.0,1.0,2.0,3.0,SPRF-ES,DEL01-ES,UOP01-DEL01-ES,0,moderado
2025-08-11,06:33,2025-08-11 06:33:00,2025.0,8.0,segunda,6.0,manha,ES,SERRA,True,101.0,BR-101,264.0,-20.0488669,-40.3866817,Demais falhas mecânicas ou elétricas,Incêndio,Sem Vítimas,Pleno dia,Crescente,Céu Claro,Simples,Reta,Sim,0.0,0.0,0.0,0.0,1.0,0.0,1.0,1.0,SPRF-ES,DEL02-ES,UOP01-DEL02-ES,0,baixo
2025-08-11,12:20,2025-08-11 12:20:00,2025.0,8.0,segunda,12.0,tarde,ES,LINHARES,False,101.0,BR-101,149.3,-19.39895518,-40.06271047,Velocidade Incompatível,Colisão lateral mesmo sentido,Com Vítimas Feridas,Pleno dia,Decrescente,Céu Claro,Múltipla,Reta;Interseção de Vias,Não,0.0,0.0,1.0,1.0,2.0,0.0,2.0,3.0,SPRF-ES,DEL04-ES,UOP01-DEL04-ES,0,moderado
2025-08-11,13:46,2025-08-11 13:46:00,2025.0,8.0,segunda,13.0,tarde,ES,LINHARES,False,101.0,BR-101,155.4,-19.44153333,-40.091225,Transitar na contramão,Saída de leito carroçável,Com Vítimas Feridas,Pleno dia,Decrescente,Céu Claro,Simples,Reta,Não,0.0,0.0,1.0,1.0,0.0,0.0,1.0,1.0,SPRF-ES,DEL04-ES,UOP01-DEL04-ES,0,moderado
2025-08-11,13:40,2025-08-11 13:40:00,2025.0,8.0,segunda,13.0,tarde,ES,IBATIBA,False,262.0,BR-262,163.0,-20.23842,-41.536527,Manobra de mudança de faixa,Colisão lateral sentido oposto,Com Vítimas Feridas,Pleno dia,Crescente,Sol,Simples,Reta,Não,0.0,0.0,2.0,2.0,1.0,0.0,3.0,3.0,SPRF-ES,DEL01-ES,UOP02-DEL01-ES,0,moderado
2025-08-11,18:00,2025-08-11 18:00:00,2025.0,8.0,segunda,18.0,noite,ES,CARIACICA,True,101.0,BR-101,282.2,-20.22835175,-40.36567926,Acumulo de areia ou detritos sobre o pavimento,Queda de ocupante de veículo,Com Vítimas Feridas,Plena Noite,Decrescente,Céu Claro,Múltipla,Aclive,Sim,0.0,0.0,1.0,1.0,0.0,0.0,1.0,1.0,SPRF-ES,DEL01-ES,UOP01-DEL01-ES,0,moderado
2025-08-11,18:57,2025-08-11 18:57:00,2025.0,8.0,segunda,18.0,noite,ES,SERRA,True,101.0,BR-101,268.9,-20.21672832,-40.2701059,Ausência de reação do condutor,Tombamento,Com Vítimas Feridas,Pleno dia,Crescente,Céu Claro,Dupla,Reta,Sim,0.0,0.0,2.0,2.0,0.0,0.0,1.0,2.0,SPRF-ES,DEL02-ES,UOP01-DEL02-ES,0,moderado
2025-08-11,20:20,2025-08-11 20:20:00,2025.0,8.0,segunda,20.0,noite,ES,DOMINGOS MARTINS,False,262.0,BR-262,75.0,-20.415347,-40.902587,Ultrapassagem Indevida,Colisão lateral sentido oposto,Sem Vítimas,Plena Noite,Crescente,Céu Claro,Simples,Reta,Não,0.0,0.0,0.0,0.0,1.0,2.0,2.0,3.0,SPRF-ES,DEL01-ES,UOP02-DEL01-ES,0,baixo
2025-08-12,10:15,2025-08-12 10:15:00,2025.0,8.0,terca,10.0,manha,ES,CARIACICA,True,101.0,BR-101,289.3,-20.27777682,-40.39279461,Ausência de reação do condutor,Tombamento,Com Vítimas Feridas,Pleno dia,Crescente,Céu Claro,Dupla,Reta,Sim,0.0,1.0,0.0,1.0,0.0,0.0,1.0,1.0,SPRF-ES,DEL01-ES,UOP01-DEL01-ES,1,grave
2025-08-12,15:06,2025-08-12 15:06:00,2025.0,8.0,terca,15.0,tarde,ES,SERRA,True,101.0,BR-101,255.5,-20.1172859,-40.314724,Condutor desrespeitou a iluminação vermelha do semáforo,Colisão transversal,Com Vítimas Feridas,Pleno dia,Decrescente,Nublado,Simples,Reta,Sim,0.0,0.0,3.0,3.0,2.0,0.0,2.0,5.0,SPRF-ES,DEL02-ES,UOP01-DEL02-ES,0,moderado
2025-08-12,16:00,2025-08-12 16:00:00,2025.0,8.0,terca,16.0,tarde,ES,SERRA,True,101.0,BR-101,268.9,-20.22467144,-40.27042508,Manobra de mudança de faixa,Colisão lateral mesmo sentido,Com Vítimas Feridas,Pleno dia,Decrescente,Nublado,Múltipla,Reta,Sim,0.0,0.0,2.0,2.0,1.0,0.0,2.0,3.0,SPRF-ES,DEL02-ES,UOP01-DEL02-ES,0,moderado
2025-08-12,17:30,2025-08-12 17:30:00,2025.0,8.0,terca,17.0,tarde,ES,VIANA,True,101.0,BR-101,298.5,-20.35728134,-40.41977406,Manobra de mudança de faixa,Colisão lateral mesmo sentido,Com Vítimas Feridas,Anoitecer,Crescente,Nublado,Múltipla,Viaduto;Reta,Sim,0.0,0.0,1.0,1.0,1.0,0.0,2.0,2.0,SPRF-ES,DEL01-ES,UOP01-DEL01-ES,0,moderado
2025-08-12,17:00,2025-08-12 17:00:00,2025.0,8.0,terca,17.0,tarde,ES,BREJETUBA,False,262.0,BR-262,133.0,-20.24183102,-41.32081389,Acessar a via sem observar a presença dos outros veículos,Colisão transversal,Com Vítimas Feridas,Anoitecer,Decrescente,Céu Claro,Simples,Retorno Regulamentado;Reta,Não,0.0,2.0,0.0,2.0,1.0,0.0,2.0,3.0,SPRF-ES,DEL01-ES,UOP02-DEL01-ES,1,grave
2025-08-13,10:30,2025-08-13 10:30:00,2025.0,8.0,quarta,10.0,manha,ES,LINHARES,False,101.0,BR-101,134.0,-19.26515537,-40.0889918,Reação tardia ou ineficiente do condutor,Capotamento,Com Vítimas Feridas,Pleno dia,Crescente,Nublado,Simples,Reta,Não,0.0,1.0,1.0,2.0,0.0,0.0,1.0,2.0,SPRF-ES,DEL04-ES,UOP01-DEL04-ES,1,grave
2025-08-13,12:45,2025-08-13 12:45:00,2025.0,8.0,quarta,12.0,tarde,ES,SOORETAMA,False,101.0,BR-101,125.7,-19.192489,-40.095195,Acessar a via sem observar a presença dos outros veículos,Colisão transversal,Com Vítimas Feridas,Pleno dia,Crescente,Nublado,Simples,Reta,Sim,0.0,1.0,0.0,1.0,1.0,0.0,2.0,2.0,SPRF-ES,DEL04-ES,UOP01-DEL04-ES,1,grave
2025-08-13,15:56,2025-08-13 15:56:00,2025.0,8.0,quarta,15.0,tarde,ES,LINHARES,False,101.0,BR-101,169.5,-19.53798014,-40.15978687,Ultrapassagem Indevida,Colisão frontal,Com Vítimas Fatais,Pleno dia,Crescente,Céu Claro,Simples,Reta,Não,1.0,0.0,0.0,0.0,1.0,0.0,2.0,2.0,SPRF-ES,DEL04-ES,UOP01-DEL04-ES,1,fatal
2025-08-13,17:34,2025-08-13 17:34:00,2025.0,8.0,quarta,17.0,tarde,ES,COLATINA,False,259.0,BR-259,65.3,-19.51560058,-40.72519183,Conversão proibida,Colisão transversal,Com Vítimas Feridas,Anoitecer,Crescente,Nublado,Simples,Reta,Não,0.0,1.0,1.0,2.0,2.0,0.0,2.0,4.0,SPRF-ES,DEL02-ES,UOP01-DEL02-ES,1,grave
2025-08-13,19:00,2025-08-13 19:00:00,2025.0,8.0,quarta,19.0,noite,ES,SAO MATEUS,False,101.0,BR-101,65.0,-18.7155813,-39.8757107,Reação tardia ou ineficiente do condutor,Colisão traseira,Com Vítimas Feridas,Plena Noite,Decrescente,Céu Claro,Simples,Reta,Sim,0.0,0.0,1.0,1.0,2.0,0.0,2.0,3.0,SPRF-ES,DEL04-ES,UOP02-DEL04-ES,0,moderado
2025-08-13,23:34,2025-08-13 23:34:00,2025.0,8.0,quarta,23.0,noite,ES,JOAO NEIVA,False,101.0,BR-101,205.6,-19.74828617,-40.37750244,Demais falhas mecânicas ou elétricas,Tombamento,Com Vítimas Feridas,Plena Noite,Decrescente,Céu Claro,Simples,Reta,Sim,0.0,1.0,0.0,1.0,1.0,0.0,1.0,2.0,SPRF-ES,DEL02-ES,UOP01-DEL02-ES,1,grave
2025-08-14,00:02,2025-08-14 00:02:00,2025.0,8.0,quinta,0.0,madrugada,ES,SERRA,True,101.0,BR-101,267.1,-20.20028783,-40.26847482,Ausência de reação do condutor,Saída de leito carroçável,Sem Vítimas,Plena Noite,Decrescente,Nublado,Dupla,Reta,Sim,0.0,0.0,0.0,0.0,0.0,1.0,1.0,1.0,SPRF-ES,DEL02-ES,UOP01-DEL02-ES,0,baixo
2025-08-14,07:20,2025-08-14 07:20:00,2025.0,8.0,quinta,7.0,manha,ES,VIANA,True,262.0,BR-262,17.7,-20.39007,-40.478578,Retorno proibido,Colisão transversal,Com Vítimas Feridas,Pleno dia,Crescente,Céu Claro,Simples,Reta,Sim,0.0,0.0,1.0,1.0,1.0,0.0,2.0,2.0,SPRF-ES,DEL01-ES,UOP01-DEL01-ES,0,moderado
2025-08-14,08:25,2025-08-14 08:25:00,2025.0,8.0,quinta,8.0,manha,ES,JOAO NEIVA,False,259.0,BR-259,18.0,-19.663366,-40.452287,Ausência de reação do condutor,Queda de ocupante de veículo,Com Vítimas Feridas,Pleno dia,Crescente,Céu Claro,Simples,Curva,Não,0.0,0.0,1.0,1.0,0.0,0.0,1.0,1.0,SPRF-ES,DEL02-ES,UOP01-DEL02-ES,0,moderado
2025-08-14,10:05,2025-08-14 10:05:00,2025.0,8.0,quinta,10.0,manha,ES,CARIACICA,True,101.0,BR-101,289.0,-20.2957936,-40.3957834,Ausência de reação do condutor,Tombamento,Com Vítimas Feridas,Pleno dia,Crescente,Sol,Dupla,Aclive;Reta,Sim,0.0,0.0,1.0,1.0,1.0,0.0,1.0,2.0,SPRF-ES,DEL01-ES,UOP01-DEL01-ES,0,moderado
2025-08-14,21:30,2025-08-14 21:30:00,2025.0,8.0,quinta,21.0,noite,ES,LINHARES,False,101.0,BR-101,147.0,-19.37027,-40.06571,Acesso irregular,Atropelamento de Pedestre,Com Vítimas Feridas,Plena Noite,Crescente,Céu Claro,Dupla,Reta,Sim,0.0,0.0,1.0,1.0,0.0,1.0,2.0,2.0,SPRF-ES,DEL04-ES,UOP01-DEL04-ES,0,moderado
2025-08-14,21:00,2025-08-14 21:00:00,2025.0,8.0,quinta,21.0,noite,ES,SAO MATEUS,False,101.0,BR-101,71.1,-18.77501576,-39.86938477,Acessar a via sem observar a presença dos outros veículos,Colisão transversal,Com Vítimas Feridas,Plena Noite,Crescente,Céu Claro,Simples,Reta,Não,0.0,1.0,0.0,1.0,0.0,1.0,2.0,2.0,SPRF-ES,DEL04-ES,UOP02-DEL04-ES,1,grave
2025-08-15,06:32,2025-08-15 06:32:00,2025.0,8.0,sexta,6.0,manha,ES,SERRA,True,101.0,BR-101,255.0,-20.11813,-40.313117,Acesso irregular,Colisão transversal,Com Vítimas Feridas,Amanhecer,Decrescente,Céu Claro,Simples,Reta,Não,0.0,0.0,1.0,1.0,1.0,0.0,2.0,2.0,SPRF-ES,DEL02-ES,UOP01-DEL02-ES,0,moderado
2025-08-15,20:30,2025-08-15 20:30:00,2025.0,8.0,sexta,20.0,noite,ES,VIANA,True,101.0,BR-101,298.5,-20.35743537,-40.41966677,Reação tardia ou ineficiente do condutor,Colisão lateral mesmo sentido,Com Vítimas Feridas,Plena Noite,Decrescente,Céu Claro,Múltipla,Viaduto,Sim,0.0,0.0,4.0,4.0,1.0,0.0,3.0,5.0,SPRF-ES,DEL01-ES,UOP01-DEL01-ES,0,moderado
2025-08-16,06:07,2025-08-16 06:07:00,2025.0,8.0,sabado,6.0,manha,ES,LINHARES,False,101.0,BR-101,146.9,-19.37554162,-40.06645052,Condutor desrespeitou a iluminação vermelha do semáforo,Colisão transversal,Sem Vítimas,Pleno dia,Crescente,Chuva,Dupla,Interseção de Vias,Sim,0.0,0.0,0.0,0.0,1.0,1.0,2.0,2.0,SPRF-ES,DEL04-ES,UOP01-DEL04-ES,0,baixo
2025-08-16,18:00,2025-08-16 18:00:00,2025.0,8.0,sabado,18.0,noite,ES,LINHARES,False,101.0,BR-101,134.3,-19.26907492,-40.08854274,Transitar na contramão,Colisão frontal,Com Vítimas Feridas,Plena Noite,Crescente,Céu Claro,Dupla,Reta,Não,0.0,1.0,1.0,2.0,0.0,1.0,2.0,3.0,SPRF-ES,DEL04-ES,UOP01-DEL04-ES,1,grave
2025-08-16,18:00,2025-08-16 18:00:00,2025.0,8.0,sabado,18.0,noite,ES,SERRA,True,101.0,BR-101,255.0,-20.118479,-40.31253,Ingestão de álcool pelo condutor,Colisão transversal,Com Vítimas Feridas,Plena Noite,Crescente,Céu Claro,Simples,Reta,Sim,0.0,0.0,2.0,2.0,1.0,0.0,2.0,3.0,SPRF-ES,DEL02-ES,UOP01-DEL02-ES,0,moderado
2025-08-16,19:15,2025-08-16 19:15:00,2025.0,8.0,sabado,19.0,noite,ES,LINHARES,False,101.0,BR-101,131.1,-19.24025776,-40.09160925,Demais falhas mecânicas ou elétricas,Colisão com objeto,Com Vítimas Feridas,Plena Noite,Crescente,Nublado,Simples,Reta;Declive,Não,0.0,0.0,2.0,2.0,1.0,0.0,2.0,3.0,SPRF-ES,DEL04-ES,UOP01-DEL04-ES,0,moderado
2025-08-16,20:30,2025-08-16 20:30:00,2025.0,8.0,sabado,20.0,noite,ES,SERRA,True,101.0,BR-101,258.5,-20.13300171,-40.29359798,Ausência de reação do condutor,Colisão com objeto,Com Vítimas Feridas,Plena Noite,Crescente,Nublado,Dupla,Curva;Declive,Sim,0.0,0.0,2.0,2.0,0.0,0.0,1.0,2.0,SPRF-ES,DEL02-ES,UOP01-DEL02-ES,0,moderado
2025-08-17,01:00,2025-08-17 01:00:00,2025.0,8.0,domingo,1.0,madrugada,ES,IBATIBA,False,262.0,BR-262,156.4,-20.23102766,-41.4815178,Ingestão de álcool pelo condutor,Colisão frontal,Com Vítimas Feridas,Plena Noite,Decrescente,Céu Claro,Simples,Reta,Não,0.0,1.0,1.0,2.0,0.0,0.0,2.0,2.0,SPRF-ES,DEL01-ES,UOP02-DEL01-ES,1,grave
2025-08-17,04:40,2025-08-17 04:40:00,2025.0,8.0,domingo,4.0,madrugada,ES,DOMINGOS MARTINS,False,262.0,BR-262,36.0,-20.381092,-40.604513,Neblina,Colisão lateral sentido oposto,Sem Vítimas,Amanhecer,Decrescente,Nevoeiro/Neblina,Simples,Curva,Não,0.0,0.0,0.0,0.0,2.0,0.0,2.0,2.0,SPRF-ES,DEL01-ES,UOP01-DEL01-ES,0,baixo
2025-08-17,05:00,2025-08-17 05:00:00,2025.0,8.0,domingo,5.0,madrugada,ES,LINHARES,False,101.0,BR-101,138.7,-19.30813706,-40.08077966,Reação tardia ou ineficiente do condutor,Tombamento,Com Vítimas Feridas,Amanhecer,Decrescente,Céu Claro,Múltipla,Reta,Sim,0.0,0.0,1.0,1.0,0.0,0.0,1.0,1.0,SPRF-ES,DEL04-ES,UOP01-DEL04-ES,0,moderado
2025-08-17,05:30,2025-08-17 05:30:00,2025.0,8.0,domingo,5.0,madrugada,ES,LINHARES,False,101.0,BR-101,139.3,-19.31042738,-40.0794972,Reação tardia ou ineficiente do condutor,Tombamento,Com Vítimas Feridas,Amanhecer,Decrescente,Céu Claro,Múltipla,Reta,Não,0.0,0.0,1.0,1.0,0.0,0.0,1.0,1.0,SPRF-ES,DEL04-ES,UOP01-DEL04-ES,0,moderado
2025-08-17,09:15,2025-08-17 09:15:00,2025.0,8.0,domingo,9.0,manha,ES,IBIRACU,False,101.0,BR-101,214.0,-19.83033722,-40.37946431,Conversão proibida,Colisão lateral mesmo sentido,Com Vítimas Feridas,Pleno dia,Crescente,Céu Claro,Simples,Retorno Regulamentado;Curva,Sim,0.0,0.0,1.0,1.0,1.0,0.0,2.0,2.0,SPRF-ES,DEL02-ES,UOP01-DEL02-ES,0,moderado
2025-07-08,11:50,2025-07-08 11:50:00,2025.0,7.0,terca,11.0,manha,ES,LINHARES,False,101.0,BR-101,150.0,-19.404295,-40.060675,Manobra de mudança de faixa,Colisão lateral mesmo sentido,Com Vítimas Feridas,Pleno dia,Decrescente,Céu Claro,Simples,Curva,Sim,0.0,1.0,0.0,1.0,1.0,0.0,2.0,2.0,SPRF-ES,DEL04-ES,UOP01-DEL04-ES,1,grave
2025-08-17,13:05,2025-08-17 13:05:00,2025.0,8.0,domingo,13.0,tarde,ES,LINHARES,False,101.0,BR-101,179.7,-19.61914043,-40.21744734,Ausência de reação do condutor,Saída de leito carroçável,Com Vítimas Feridas,Pleno dia,Crescente,Céu Claro,Simples,Reta,Não,0.0,0.0,1.0,1.0,0.0,0.0,1.0,1.0,SPRF-ES,DEL04-ES,UOP01-DEL04-ES,0,moderado
2025-06-30,22:20,2025-06-30 22:20:00,2025.0,6.0,segunda,22.0,noite,ES,SOORETAMA,False,101.0,BR-101,123.5,-19.1707098,-40.08828445,Ausência de reação do condutor,Colisão lateral mesmo sentido,Com Vítimas Feridas,Plena Noite,Decrescente,Céu Claro,Simples,Reta;Declive,Não,0.0,1.0,1.0,2.0,0.0,0.0,2.0,2.0,SPRF-ES,DEL04-ES,UOP01-DEL04-ES,1,grave
2025-08-17,15:40,2025-08-17 15:40:00,2025.0,8.0,domingo,15.0,tarde,ES,MIMOSO DO SUL,False,101.0,BR-101,446.0,-21.12008786,-41.2717816,Acessar a via sem observar a presença dos outros veículos,Colisão transversal,Com Vítimas Feridas,Pleno dia,Decrescente,Céu Claro,Simples,Reta,Não,0.0,0.0,1.0,1.0,1.0,0.0,2.0,2.0,SPRF-ES,DEL03-ES,UOP02-DEL03-ES,0,moderado
2025-08-17,17:00,2025-08-17 17:00:00,2025.0,8.0,domingo,17.0,tarde,ES,ARACRUZ,False,101.0,BR-101,174.5,-19.58521862,-40.18992869,Acessar a via sem observar a presença dos outros veículos,Colisão transversal,Sem Vítimas,Plena Noite,Decrescente,Céu Claro,Simples,Rotatória,Sim,0.0,0.0,0.0,0.0,2.0,0.0,2.0,2.0,SPRF-ES,DEL04-ES,UOP01-DEL04-ES,0,baixo
2025-08-18,10:00,2025-08-18 10:00:00,2025.0,8.0,segunda,10.0,manha,ES,SERRA,True,101.0,BR-101,269.6,-20.22188,-40.27042,Condutor desrespeitou a iluminação vermelha do semáforo,Colisão transversal,Com Vítimas Feridas,Pleno dia,Crescente,Céu Claro,Múltipla,Interseção de Vias;Reta,Sim,0.0,0.0,2.0,2.0,1.0,0.0,2.0,3.0,SPRF-ES,DEL02-ES,UOP01-DEL02-ES,0,moderado
2025-08-18,16:30,2025-08-18 16:30:00,2025.0,8.0,segunda,16.0,tarde,ES,SERRA,True,101.0,BR-101,279.5,-20.218255,-40.3456,Desrespeitar a preferência no cruzamento,Colisão transversal,Com Vítimas Feridas,Pleno dia,Decrescente,Nublado,Múltipla,Retorno Regulamentado;Reta,Não,0.0,0.0,4.0,4.0,0.0,0.0,2.0,4.0,SPRF-ES,DEL02-ES,UOP01-DEL02-ES,0,moderado
2025-08-19,08:10,2025-08-19 08:10:00,2025.0,8.0,terca,8.0,manha,ES,CARIACICA,True,101.0,BR-101,297.2,-20.3479868,-40.41172743,Reação tardia ou ineficiente do condutor,Tombamento,Com Vítimas Feridas,Pleno dia,Crescente,Céu Claro,Dupla,Reta,Sim,0.0,0.0,1.0,1.0,0.0,0.0,1.0,1.0,SPRF-ES,DEL01-ES,UOP01-DEL01-ES,0,moderado
2025-08-19,07:30,2025-08-19 07:30:00,2025.0,8.0,terca,7.0,manha,ES,SERRA,True,101.0,BR-101,268.7,-20.21565001,-40.26980639,Pedestre cruzava a pista fora da faixa,Atropelamento de Pedestre,Com Vítimas Feridas,Pleno dia,Crescente,Chuva,Dupla,Reta,Sim,0.0,1.0,0.0,1.0,0.0,1.0,2.0,2.0,SPRF-ES,DEL02-ES,UOP01-DEL02-ES,1,grave
2025-08-19,15:00,2025-08-19 15:00:00,2025.0,8.0,terca,15.0,tarde,ES,GUARAPARI,True,101.0,BR-101,335.3,-20.62804498,-40.52955151,Ausência de reação do condutor,Colisão com objeto,Com Vítimas Feridas,Pleno dia,Decrescente,Céu Claro,Dupla,Curva;Aclive;Viaduto,Sim,0.0,0.0,1.0,1.0,0.0,0.0,1.0,1.0,SPRF-ES,DEL03-ES,UOP01-DEL03-ES,0,moderado
2025-08-19,20:00,2025-08-19 20:00:00,2025.0,8.0,terca,20.0,noite,ES,LINHARES,False,101.0,BR-101,143.9,-19.35134833,-40.06375,Reação tardia ou ineficiente do condutor,Colisão lateral mesmo sentido,Com Vítimas Feridas,Plena Noite,Crescente,Céu Claro,Múltipla,Interseção de Vias,Sim,0.0,0.0,2.0,2.0,0.0,0.0,2.0,2.0,SPRF-ES,DEL04-ES,UOP01-DEL04-ES,0,moderado
2025-08-19,20:00,2025-08-19 20:00:00,2025.0,8.0,terca,20.0,noite,ES,VIANA,True,262.0,BR-262,17.3,-20.38851662,-40.47730839,Pedestre andava na pista,Atropelamento de Pedestre,Com Vítimas Feridas,Plena Noite,Decrescente,Céu Claro,Simples,Reta,Sim,0.0,0.0,1.0,1.0,1.0,0.0,2.0,2.0,SPRF-ES,DEL01-ES,UOP01-DEL01-ES,0,moderado
2025-08-19,20:50,2025-08-19 20:50:00,2025.0,8.0,terca,20.0,noite,ES,LINHARES,False,101.0,BR-101,146.8,-19.377127,-40.06679046,Reação tardia ou ineficiente do condutor,Colisão traseira,Com Vítimas Feridas,Plena Noite,Crescente,Nublado,Dupla,Reta,Sim,0.0,2.0,0.0,2.0,0.0,1.0,2.0,3.0,SPRF-ES,DEL04-ES,UOP01-DEL04-ES,1,grave
2025-08-20,06:50,2025-08-20 06:50:00,2025.0,8.0,quarta,6.0,manha,ES,VIANA,True,101.0,BR-101,304.9,-20.38450167,-40.46367335,Acessar a via sem observar a presença dos outros veículos,Colisão transversal,Com Vítimas Feridas,Amanhecer,Crescente,Sol,Múltipla,Curva,Sim,0.0,1.0,1.0,2.0,0.0,0.0,2.0,2.0,SPRF-ES,DEL01-ES,UOP01-DEL01-ES,1,grave
2025-08-20,06:37,2025-08-20 06:37:00,2025.0,8.0,quarta,6.0,manha,ES,BAIXO GUANDU,False,259.0,BR-259,90.0,-19.515209,-40.909421,Demais falhas mecânicas ou elétricas,Queda de ocupante de veículo,Com Vítimas Feridas,Pleno dia,Decrescente,Céu Claro,Simples,Reta,Não,0.0,0.0,2.0,2.0,0.0,0.0,1.0,2.0,SPRF-ES,DEL02-ES,UOP01-DEL02-ES,0,moderado
2025-08-10,19:20,2025-08-10 19:20:00,2025.0,8.0,domingo,19.0,noite,ES,SAO MATEUS,False,101.0,BR-101,56.5,-18.64566014,-39.87440435,Sinalização mal posicionada,Colisão com objeto,Com Vítimas Feridas,Plena Noite,Decrescente,Nublado,Simples,Reta,Não,0.0,0.0,1.0,1.0,2.0,0.0,1.0,3.0,SPRF-ES,DEL04-ES,UOP02-DEL04-ES,0,moderado
2025-08-20,15:20,2025-08-20 15:20:00,2025.0,8.0,quarta,15.0,tarde,ES,SERRA,True,101.0,BR-101,266.3,-20.1929442,-40.2688107,Demais falhas mecânicas ou elétricas,Tombamento,Com Vítimas Feridas,Pleno dia,Decrescente,Sol,Múltipla,Reta,Sim,0.0,0.0,2.0,2.0,0.0,0.0,1.0,2.0,SPRF-ES,DEL02-ES,UOP01-DEL02-ES,0,moderado
2025-08-20,17:20,2025-08-20 17:20:00,2025.0,8.0,quarta,17.0,tarde,ES,LINHARES,False,101.0,BR-101,140.0,-19.31833719,-40.07534593,Pista Escorregadia,Tombamento,Com Vítimas Feridas,Anoitecer,Decrescente,Céu Claro,Múltipla,Reta,Sim,0.0,0.0,1.0,1.0,0.0,0.0,1.0,1.0,SPRF-ES,DEL04-ES,UOP01-DEL04-ES,0,moderado
2025-08-15,22:20,2025-08-15 22:20:00,2025.0,8.0,sexta,22.0,noite,ES,IBATIBA,False,262.0,BR-262,160.0,-20.237554,-41.513237,Acessar a via sem observar a presença dos outros veículos,Colisão transversal,Com Vítimas Feridas,Plena Noite,Decrescente,Céu Claro,Simples,Interseção de Vias,Não,0.0,0.0,1.0,1.0,0.0,1.0,2.0,2.0,SPRF-ES,DEL01-ES,UOP02-DEL01-ES,0,moderado
2025-08-21,09:40,2025-08-21 09:40:00,2025.0,8.0,quinta,9.0,manha,ES,CARIACICA,True,101.0,BR-101,294.5,-20.3299535,-40.398857,Condutor deixou de manter distância do veículo da frente,Colisão traseira,Com Vítimas Feridas,Pleno dia,Decrescente,Céu Claro,Dupla,Reta,Sim,0.0,0.0,1.0,1.0,1.0,0.0,2.0,2.0,SPRF-ES,DEL01-ES,UOP01-DEL01-ES,0,moderado
2025-08-21,13:42,2025-08-21 13:42:00,2025.0,8.0,quinta,13.0,tarde,ES,LINHARES,False,101.0,BR-101,149.0,-19.40218856,-40.06113974,Ausência de reação do condutor,Colisão lateral mesmo sentido,Com Vítimas Feridas,Pleno dia,Crescente,Céu Claro,Múltipla,Curva,Não,0.0,1.0,0.0,1.0,2.0,0.0,3.0,3.0,SPRF-ES,DEL04-ES,UOP01-DEL04-ES,1,grave
2025-08-21,18:20,2025-08-21 18:20:00,2025.0,8.0,quinta,18.0,noite,ES,MIMOSO DO SUL,False,101.0,BR-101,442.0,-21.0952767,-41.2517363,Acessar a via sem observar a presença dos outros veículos,Queda de ocupante de veículo,Com Vítimas Feridas,Plena Noite,Crescente,Céu Claro,Simples,Reta,Não,0.0,0.0,1.0,1.0,0.0,0.0,1.0,1.0,SPRF-ES,DEL03-ES,UOP02-DEL03-ES,0,moderado
2025-08-22,07:10,2025-08-22 07:10:00,2025.0,8.0,sexta,7.0,manha,ES,SERRA,True,101.0,BR-101,269.0,-20.217,-40.27,Ausência de reação do condutor,Colisão lateral mesmo sentido,Com Vítimas Feridas,Pleno dia,Crescente,Sol,Dupla,Reta,Sim,0.0,0.0,2.0,2.0,1.0,0.0,2.0,3.0,SPRF-ES,DEL02-ES,UOP01-DEL02-ES,0,moderado
2025-07-22,13:00,2025-07-22 13:00:00,2025.0,7.0,terca,13.0,tarde,ES,SERRA,True,101.0,BR-101,277.9,-20.21686025,-40.3288132,Acessar a via sem observar a presença dos outros veículos,Colisão transversal,Com Vítimas Fatais,Pleno dia,Crescente,Sol,Dupla,Reta,Sim,1.0,0.0,0.0,0.0,2.0,0.0,2.0,3.0,SPRF-ES,DEL02-ES,UOP01-DEL02-ES,1,fatal
2025-05-23,07:22,2025-05-23 07:22:00,2025.0,5.0,sexta,7.0,manha,ES,MUQUI,False,393.0,BR-393,27.3,-20.94478146,-41.33612093,Ausência de reação do condutor,Colisão frontal,Com Vítimas Feridas,Pleno dia,Decrescente,Céu Claro,Simples,Reta,Não,0.0,1.0,0.0,1.0,1.0,0.0,2.0,2.0,SPRF-ES,DEL03-ES,UOP02-DEL03-ES,1,grave
2025-08-22,16:05,2025-08-22 16:05:00,2025.0,8.0,sexta,16.0,tarde,ES,SAO MATEUS,False,101.0,BR-101,65.0,-18.70867231,-39.87722191,Demais falhas mecânicas ou elétricas,Incêndio,Sem Vítimas,Anoitecer,Crescente,Céu Claro,Simples,Aclive;Reta,Não,0.0,0.0,0.0,0.0,1.0,0.0,1.0,1.0,SPRF-ES,DEL04-ES,UOP02-DEL04-ES,0,baixo
2025-08-22,17:55,2025-08-22 17:55:00,2025.0,8.0,sexta,17.0,tarde,ES,SAO MATEUS,False,101.0,BR-101,65.0,-18.7156782,-39.8755792,Ausência de reação do condutor,Tombamento,Com Vítimas Feridas,Anoitecer,Crescente,Céu Claro,Dupla,Reta,Não,0.0,0.0,1.0,1.0,0.0,0.0,1.0,1.0,SPRF-ES,DEL04-ES,UOP02-DEL04-ES,0,moderado
2025-08-22,18:50,2025-08-22 18:50:00,2025.0,8.0,sexta,18.0,noite,ES,LINHARES,False,101.0,BR-101,146.0,-19.35232366,-40.06335005,Condutor deixou de manter distância do veículo da frente,Colisão traseira,Com Vítimas Feridas,Plena Noite,Crescente,Céu Claro,Dupla,Reta,Sim,0.0,0.0,2.0,2.0,1.0,0.0,2.0,3.0,SPRF-ES,DEL04-ES,UOP01-DEL04-ES,0,moderado
2025-08-22,19:40,2025-08-22 19:40:00,2025.0,8.0,sexta,19.0,noite,ES,SAO MATEUS,False,101.0,BR-101,56.0,-18.63656917,-39.87707681,Iluminação deficiente,Tombamento,Com Vítimas Feridas,Plena Noite,Decrescente,Céu Claro,Simples,Reta,Não,0.0,0.0,1.0,1.0,0.0,0.0,1.0,1.0,SPRF-ES,DEL04-ES,UOP02-DEL04-ES,0,moderado
2025-08-22,23:15,2025-08-22 23:15:00,2025.0,8.0,sexta,23.0,noite,ES,SERRA,True,101.0,BR-101,262.0,-20.15999151,-40.27581329,Reação tardia ou ineficiente do condutor,Colisão traseira,Com Vítimas Feridas,Plena Noite,Decrescente,Céu Claro,Dupla,Reta,Sim,0.0,0.0,1.0,1.0,0.0,1.0,2.0,2.0,SPRF-ES,DEL02-ES,UOP01-DEL02-ES,0,moderado
2025-08-23,02:15,2025-08-23 02:15:00,2025.0,8.0,sabado,2.0,madrugada,ES,CACHOEIRO DE ITAPEMIRIM,False,101.0,BR-101,416.2,-20.9239472,-41.0807048,Pedestre andava na pista,Atropelamento de Pedestre,Com Vítimas Fatais,Plena Noite,Decrescente,Nublado,Simples,Curva,Não,1.0,0.0,0.0,0.0,0.0,1.0,2.0,2.0,SPRF-ES,DEL03-ES,UOP02-DEL03-ES,1,fatal
2025-08-23,07:30,2025-08-23 07:30:00,2025.0,8.0,sabado,7.0,manha,ES,SERRA,True,101.0,BR-101,270.5,-20.229509,-40.272567,Condutor deixou de manter distância do veículo da frente,Colisão traseira,Com Vítimas Feridas,Pleno dia,Crescente,Céu Claro,Múltipla,Reta,Sim,0.0,0.0,1.0,1.0,0.0,1.0,2.0,2.0,SPRF-ES,DEL02-ES,UOP01-DEL02-ES,0,moderado
2025-08-23,10:40,2025-08-23 10:40:00,2025.0,8.0,sabado,10.0,manha,ES,ANCHIETA,False,101.0,BR-101,356.5,-20.692424,-40.691807,Demais falhas mecânicas ou elétricas,Queda de ocupante de veículo,Com Vítimas Feridas,Pleno dia,Crescente,Céu Claro,Dupla,Reta,Não,0.0,0.0,1.0,1.0,0.0,0.0,1.0,1.0,SPRF-ES,DEL03-ES,UOP01-DEL03-ES,0,moderado
2025-08-23,08:55,2025-08-23 08:55:00,2025.0,8.0,sabado,8.0,manha,ES,SAO MATEUS,False,101.0,BR-101,66.0,-18.718034,-39.8716901,Reação tardia ou ineficiente do condutor,Tombamento,Com Vítimas Feridas,Pleno dia,Crescente,Nublado,Dupla,Reta,Sim,0.0,0.0,1.0,1.0,0.0,0.0,1.0,1.0,SPRF-ES,DEL04-ES,UOP02-DEL04-ES,0,moderado
2025-08-23,21:20,2025-08-23 21:20:00,2025.0,8.0,sabado,21.0,noite,ES,SAO MATEUS,False,101.0,BR-101,73.0,-18.772369,-39.869595,Ausência de reação do condutor,Colisão traseira,Com Vítimas Feridas,Pleno dia,Decrescente,Sol,Simples,Reta,Não,0.0,0.0,2.0,2.0,0.0,2.0,2.0,4.0,SPRF-ES,DEL04-ES,UOP02-DEL04-ES,0,moderado
2025-08-24,09:10,2025-08-24 09:10:00,2025.0,8.0,domingo,9.0,manha,ES,VIANA,True,101.0,BR-101,298.2,-20.35753737,-40.41987984,Condutor deixou de manter distância do veículo da frente,Colisão lateral mesmo sentido,Com Vítimas Feridas,Pleno dia,Crescente,Céu Claro,Múltipla,Viaduto;Retorno Regulamentado,Sim,0.0,0.0,1.0,1.0,1.0,0.0,2.0,2.0,SPRF-ES,DEL01-ES,UOP01-DEL01-ES,0,moderado
2025-08-24,17:04,2025-08-24 17:04:00,2025.0,8.0,domingo,17.0,tarde,ES,LINHARES,False,101.0,BR-101,111.8,-19.07718,-40.04227,Transitar no Acostamento,Colisão lateral mesmo sentido,Com Vítimas Feridas,Pleno dia,Crescente,Céu Claro,Simples,Aclive;Reta,Não,0.0,0.0,2.0,2.0,2.0,0.0,2.0,4.0,SPRF-ES,DEL04-ES,UOP01-DEL04-ES,0,moderado
2025-08-25,07:30,2025-08-25 07:30:00,2025.0,8.0,segunda,7.0,manha,ES,COLATINA,False,259.0,BR-259,60.0,-19.524645,-40.673119,Condutor desrespeitou a iluminação vermelha do semáforo,Colisão transversal,Com Vítimas Feridas,Pleno dia,Crescente,Céu Claro,Simples,Reta,Não,0.0,0.0,1.0,1.0,0.0,1.0,2.0,2.0,SPRF-ES,DEL02-ES,UOP01-DEL02-ES,0,moderado
2025-08-25,08:40,2025-08-25 08:40:00,2025.0,8.0,segunda,8.0,manha,ES,SAO MATEUS,False,101.0,BR-101,61.6,-18.6855885,-39.8624234,Acessar a via sem observar a presença dos outros veículos,Colisão transversal,Com Vítimas Feridas,Pleno dia,Decrescente,Chuva,Simples,Reta,Não,0.0,0.0,1.0,1.0,2.0,0.0,2.0,3.0,SPRF-ES,DEL04-ES,UOP02-DEL04-ES,0,moderado
2025-08-25,14:10,2025-08-25 14:10:00,2025.0,8.0,segunda,14.0,tarde,ES,SAO MATEUS,False,101.0,BR-101,67.0,-18.722629,-39.862337,Acessar a via sem observar a presença dos outros veículos,Colisão transversal,Com Vítimas Feridas,Pleno dia,Decrescente,Céu Claro,Simples,Reta,Sim,0.0,0.0,1.0,1.0,1.0,0.0,2.0,2.0,SPRF-ES,DEL04-ES,UOP02-DEL04-ES,0,moderado
2025-08-25,19:25,2025-08-25 19:25:00,2025.0,8.0,segunda,19.0,noite,ES,CACHOEIRO DE ITAPEMIRIM,False,393.0,BR-393,2.0,-20.8325661,-41.1763491,Acessar a via sem observar a presença dos outros veículos,Colisão transversal,Com Vítimas Feridas,Plena Noite,Crescente,Céu Claro,Simples,Reta,Sim,0.0,0.0,2.0,2.0,0.0,0.0,1.0,2.0,SPRF-ES,DEL03-ES,UOP02-DEL03-ES,0,moderado
2025-08-25,20:10,2025-08-25 20:10:00,2025.0,8.0,segunda,20.0,noite,ES,SERRA,True,101.0,BR-101,260.5,-20.1464868,-40.2822158,Conversão proibida,Colisão transversal,Com Vítimas Feridas,Plena Noite,Decrescente,Céu Claro,Múltipla,Reta,Não,0.0,0.0,1.0,1.0,0.0,1.0,2.0,2.0,SPRF-ES,DEL02-ES,UOP01-DEL02-ES,0,moderado
2025-08-25,20:30,2025-08-25 20:30:00,2025.0,8.0,segunda,20.0,noite,ES,RIO NOVO DO SUL,False,101.0,BR-101,390.0,-20.86651131,-40.89935303,Demais falhas na via,Queda de ocupante de veículo,Com Vítimas Feridas,Plena Noite,Crescente,Céu Claro,Simples,Reta,Não,0.0,0.0,2.0,2.0,0.0,0.0,1.0,2.0,SPRF-ES,DEL03-ES,UOP02-DEL03-ES,0,moderado
2025-08-26,13:00,2025-08-26 13:00:00,2025.0,8.0,terca,13.0,tarde,ES,ARACRUZ,False,101.0,BR-101,185.0,-19.69723953,-40.29907465,Ausência de reação do condutor,Colisão lateral mesmo sentido,Com Vítimas Feridas,Pleno dia,Crescente,Céu Claro,Simples,Reta,Não,0.0,2.0,0.0,2.0,1.0,0.0,2.0,3.0,SPRF-ES,DEL04-ES,UOP01-DEL04-ES,1,grave
2025-08-26,17:30,2025-08-26 17:30:00,2025.0,8.0,terca,17.0,tarde,ES,SAO MATEUS,False,101.0,BR-101,73.0,-18.7715122,-39.8700101,Conversão proibida,Colisão transversal,Com Vítimas Feridas,Anoitecer,Decrescente,Céu Claro,Simples,Reta,Não,0.0,0.0,1.0,1.0,1.0,0.0,2.0,2.0,SPRF-ES,DEL04-ES,UOP02-DEL04-ES,0,moderado
2025-08-26,16:10,2025-08-26 16:10:00,2025.0,8.0,terca,16.0,tarde,ES,MARECHAL FLORIANO,False,262.0,BR-262,72.0,-20.419978,-40.876847,Reação tardia ou ineficiente do condutor,Saída de leito carroçável,Com Vítimas Feridas,Pleno dia,Decrescente,Sol,Simples,Reta,Não,0.0,0.0,1.0,1.0,0.0,0.0,1.0,1.0,SPRF-ES,DEL01-ES,UOP02-DEL01-ES,0,moderado
2025-08-26,18:30,2025-08-26 18:30:00,2025.0,8.0,terca,18.0,noite,ES,MUNIZ FREIRE,False,262.0,BR-262,141.7,-20.22921,-41.38435,Transitar na contramão,Colisão frontal,Com Vítimas Fatais,Plena Noite,Decrescente,Céu Claro,Simples,Aclive;Curva,Não,1.0,4.0,0.0,4.0,0.0,0.0,2.0,5.0,SPRF-ES,DEL01-ES,UOP02-DEL01-ES,1,fatal
2025-08-27,05:48,2025-08-27 05:48:00,2025.0,8.0,quarta,5.0,madrugada,ES,SERRA,True,101.0,BR-101,270.0,-20.227,-40.271,Entrada inopinada do pedestre,Atropelamento de Pedestre,Com Vítimas Feridas,Pleno dia,Crescente,Sol,Dupla,Interseção de Vias,Sim,0.0,0.0,1.0,1.0,1.0,0.0,2.0,2.0,SPRF-ES,DEL02-ES,UOP01-DEL02-ES,0,moderado
2025-08-27,08:15,2025-08-27 08:15:00,2025.0,8.0,quarta,8.0,manha,ES,SERRA,True,101.0,BR-101,256.0,-20.12002677,-40.30926615,Ausência de reação do condutor,Queda de ocupante de veículo,Com Vítimas Feridas,Pleno dia,Crescente,Sol,Simples,Reta,Sim,0.0,0.0,1.0,1.0,0.0,0.0,1.0,1.0,SPRF-ES,DEL02-ES,UOP01-DEL02-ES,0,moderado
2025-08-27,11:30,2025-08-27 11:30:00,2025.0,8.0,quarta,11.0,manha,ES,SAO MATEUS,False,101.0,BR-101,73.9,-18.77615628,-39.8724954,Conversão proibida,Colisão transversal,Com Vítimas Feridas,Pleno dia,Crescente,Sol,Simples,Reta;Aclive,Não,0.0,0.0,2.0,2.0,0.0,0.0,2.0,2.0,SPRF-ES,DEL04-ES,UOP02-DEL04-ES,0,moderado
2025-08-27,10:30,2025-08-27 10:30:00,2025.0,8.0,quarta,10.0,manha,ES,VIANA,True,101.0,BR-101,302.0,-20.37572245,-40.44271449,Reação tardia ou ineficiente do condutor,Tombamento,Com Vítimas Feridas,Pleno dia,Crescente,Céu Claro,Dupla,Curva,Sim,0.0,0.0,1.0,1.0,0.0,0.0,1.0,1.0,SPRF-ES,DEL01-ES,UOP01-DEL01-ES,0,moderado
2025-08-27,20:00,2025-08-27 20:00:00,2025.0,8.0,quarta,20.0,noite,ES,CONCEICAO DA BARRA,False,101.0,BR-101,37.8,-18.47967011,-39.92470264,Ultrapassagem Indevida,Colisão frontal,Com Vítimas Feridas,Plena Noite,Crescente,Céu Claro,Simples,Reta,Sim,0.0,1.0,1.0,2.0,1.0,0.0,3.0,3.0,SPRF-ES,DEL04-ES,UOP02-DEL04-ES,1,grave
2025-08-27,18:16,2025-08-27 18:16:00,2025.0,8.0,quarta,18.0,noite,ES,SERRA,True,101.0,BR-101,265.0,-20.18138972,-40.34028491,Ausência de reação do condutor,Atropelamento de Pedestre,Com Vítimas Feridas,Plena Noite,Crescente,Céu Claro,Dupla,Reta,Sim,0.0,0.0,1.0,1.0,0.0,1.0,2.0,2.0,SPRF-ES,DEL02-ES,UOP01-DEL02-ES,0,moderado
2025-08-27,22:30,2025-08-27 22:30:00,2025.0,8.0,quarta,22.0,noite,ES,LINHARES,False,101.0,BR-101,145.9,-19.36926635,-40.06531326,Condutor desrespeitou a iluminação vermelha do semáforo,Colisão transversal,Com Vítimas Feridas,Plena Noite,Crescente,Céu Claro,Dupla,Interseção de Vias,Sim,0.0,0.0,1.0,1.0,1.0,1.0,2.0,3.0,SPRF-ES,DEL04-ES,UOP01-DEL04-ES,0,moderado
2025-08-28,07:40,2025-08-28 07:40:00,2025.0,8.0,quinta,7.0,manha,ES,SERRA,True,101.0,BR-101,275.0,-20.21381512,-40.32209516,Transitar no Acostamento,Colisão com objeto,Com Vítimas Feridas,Pleno dia,Decrescente,Nublado,Dupla,Reta,Sim,0.0,2.0,0.0,2.0,0.0,0.0,1.0,2.0,SPRF-ES,DEL02-ES,UOP01-DEL02-ES,1,grave
2025-08-28,08:10,2025-08-28 08:10:00,2025.0,8.0,quinta,8.0,manha,ES,LINHARES,False,101.0,BR-101,141.9,-19.33312068,-40.06812282,Condutor deixou de manter distância do veículo da frente,Colisão traseira,Com Vítimas Feridas,Pleno dia,Decrescente,Céu Claro,Múltipla,Reta;Interseção de Vias,Sim,0.0,1.0,0.0,1.0,1.0,0.0,2.0,2.0,SPRF-ES,DEL04-ES,UOP01-DEL04-ES,1,grave
2025-08-28,10:30,2025-08-28 10:30:00,2025.0,8.0,quinta,10.0,manha,ES,VITORIA,True,262.0,BR-262,0.1,-20.32202855,-40.35381166,Reação tardia ou ineficiente do condutor,Colisão com objeto,Com Vítimas Feridas,Pleno dia,Crescente,Céu Claro,Dupla,Reta;Ponte,Sim,0.0,0.0,1.0,1.0,0.0,0.0,1.0,1.0,SPRF-ES,DEL01-ES,UOP01-DEL01-ES,0,moderado
2025-08-28,13:50,2025-08-28 13:50:00,2025.0,8.0,quinta,13.0,tarde,ES,LINHARES,False,101.0,BR-101,151.6,-19.41721935,-40.06842303,Acessar a via sem observar a presença dos outros veículos,Colisão transversal,Sem Vítimas,Pleno dia,Crescente,Céu Claro,Simples,Interseção de Vias;Curva,Não,0.0,0.0,0.0,0.0,2.0,0.0,2.0,2.0,SPRF-ES,DEL04-ES,UOP01-DEL04-ES,0,baixo
2025-08-28,18:15,2025-08-28 18:15:00,2025.0,8.0,quinta,18.0,noite,ES,CARIACICA,True,101.0,BR-101,288.2,-20.27364868,-40.39191596,Desrespeitar a preferência no cruzamento,Colisão transversal,Com Vítimas Feridas,Plena Noite,Crescente,Nublado,Dupla,Retorno Regulamentado,Sim,0.0,1.0,0.0,1.0,1.0,0.0,2.0,2.0,SPRF-ES,DEL01-ES,UOP01-DEL01-ES,1,grave
2025-08-28,20:00,2025-08-28 20:00:00,2025.0,8.0,quinta,20.0,noite,ES,SERRA,True,101.0,BR-101,261.9,-20.157535,-40.276766,Animais na Pista,Atropelamento de Animal,Com Vítimas Feridas,Plena Noite,Decrescente,Céu Claro,Simples,Reta,Sim,0.0,0.0,2.0,2.0,0.0,0.0,1.0,2.0,SPRF-ES,DEL02-ES,UOP01-DEL02-ES,0,moderado
2025-08-28,21:00,2025-08-28 21:00:00,2025.0,8.0,quinta,21.0,noite,ES,VENDA NOVA DO IMIGRANTE,False,262.0,BR-262,105.0,-20.32766158,-41.1333673,Acessar a via sem observar a presença dos outros veículos,Colisão transversal,Com Vítimas Feridas,Plena Noite,Decrescente,Céu Claro,Simples,Interseção de Vias,Sim,0.0,1.0,0.0,1.0,1.0,0.0,2.0,2.0,SPRF-ES,DEL01-ES,UOP02-DEL01-ES,1,grave
2025-08-29,05:30,2025-08-29 05:30:00,2025.0,8.0,sexta,5.0,madrugada,ES,COLATINA,False,259.0,BR-259,30.0,-19.5919364,-40.5087476,Condutor Dormindo,Colisão frontal,Com Vítimas Feridas,Amanhecer,Crescente,Céu Claro,Simples,Curva,Não,0.0,0.0,3.0,3.0,0.0,0.0,2.0,3.0,SPRF-ES,DEL02-ES,UOP01-DEL02-ES,0,moderado
2025-08-29,10:43,2025-08-29 10:43:00,2025.0,8.0,sexta,10.0,manha,ES,VILA VELHA,True,0.0,BR-0,0.0,-20.33359172,-40.29144323,Trafegar com motocicleta (ou similar) entre as faixas,Colisão lateral mesmo sentido,Sem Vítimas,Pleno dia,Não Informado,Céu Claro,Múltipla,Reta,Sim,0.0,0.0,0.0,0.0,4.0,0.0,4.0,4.0,SPRF-ES,,,0,baixo
2025-08-29,13:49,2025-08-29 13:49:00,2025.0,8.0,sexta,13.0,tarde,ES,CARIACICA,True,101.0,BR-101,296.0,-20.342795,-40.406188,Reação tardia ou ineficiente do condutor,Colisão com objeto,Com Vítimas Feridas,Pleno dia,Crescente,Sol,Simples,Curva;Aclive;Viaduto,Sim,0.0,0.0,1.0,1.0,0.0,0.0,1.0,1.0,SPRF-ES,DEL01-ES,UOP01-DEL01-ES,0,moderado
2025-08-29,16:26,2025-08-29 16:26:00,2025.0,8.0,sexta,16.0,tarde,ES,MARECHAL FLORIANO,False,262.0,BR-262,62.5,-20.42211235,-40.80568882,Desrespeitar a preferência no cruzamento,Colisão transversal,Com Vítimas Feridas,Pleno dia,Crescente,Nublado,Simples,Reta,Não,0.0,1.0,0.0,1.0,1.0,0.0,2.0,2.0,SPRF-ES,DEL01-ES,UOP02-DEL01-ES,1,grave
2025-08-29,18:30,2025-08-29 18:30:00,2025.0,8.0,sexta,18.0,noite,ES,SERRA,True,101.0,BR-101,269.9,-20.04887598,-40.3865263,Manobra de mudança de faixa,Colisão lateral mesmo sentido,Com Vítimas Feridas,Plena Noite,Crescente,Nublado,Múltipla,Interseção de Vias,Sim,0.0,0.0,1.0,1.0,1.0,0.0,2.0,2.0,SPRF-ES,DEL02-ES,UOP01-DEL02-ES,0,moderado
2025-08-29,18:20,2025-08-29 18:20:00,2025.0,8.0,sexta,18.0,noite,ES,MARECHAL FLORIANO,False,262.0,BR-262,56.0,-20.41250596,-40.75826263,Entrada inopinada do pedestre,Atropelamento de Pedestre,Com Vítimas Feridas,Plena Noite,Crescente,Ignorado,Dupla,Reta,Não,0.0,0.0,1.0,1.0,0.0,1.0,2.0,2.0,SPRF-ES,DEL01-ES,UOP01-DEL01-ES,0,moderado
2025-08-29,21:00,2025-08-29 21:00:00,2025.0,8.0,sexta,21.0,noite,ES,LINHARES,False,101.0,BR-101,139.0,-19.31863029,-40.07529108,Ausência de reação do condutor,Colisão transversal,Com Vítimas Feridas,Plena Noite,Crescente,Céu Claro,Múltipla,Reta,Não,0.0,2.0,1.0,3.0,0.0,1.0,3.0,4.0,SPRF-ES,DEL04-ES,UOP01-DEL04-ES,1,grave
2025-08-30,01:00,2025-08-30 01:00:00,2025.0,8.0,sabado,1.0,madrugada,ES,VILA VELHA,True,447.0,BR-447,14.0,-20.350168,-40.333452,Acessar a via sem observar a presença dos outros veículos,Colisão transversal,Com Vítimas Feridas,Plena Noite,Crescente,Chuva,Simples,Reta,Sim,0.0,1.0,1.0,2.0,0.0,0.0,2.0,2.0,SPRF-ES,DEL01-ES,UOP01-DEL01-ES,1,grave
2025-08-30,02:00,2025-08-30 02:00:00,2025.0,8.0,sabado,2.0,madrugada,ES,CONCEICAO DO CASTELO,False,262.0,BR-262,115.9,-20.3187017,-41.2247733,Ingestão de álcool pelo condutor,Colisão frontal,Sem Vítimas,Plena Noite,Crescente,Chuva,Simples,Interseção de Vias,Não,0.0,0.0,0.0,0.0,2.0,0.0,2.0,2.0,SPRF-ES,DEL01-ES,UOP02-DEL01-ES,0,baixo
2025-08-30,04:44,2025-08-30 04:44:00,2025.0,8.0,sabado,4.0,madrugada,ES,COLATINA,False,259.0,BR-259,57.7,-19.52367424,-40.67082882,Falta de acostamento,Colisão lateral mesmo sentido,Com Vítimas Feridas,Amanhecer,Decrescente,Céu Claro,Simples,Aclive;Reta,Sim,0.0,0.0,1.0,1.0,0.0,0.0,1.0,1.0,SPRF-ES,DEL02-ES,UOP01-DEL02-ES,0,moderado
2025-08-30,08:30,2025-08-30 08:30:00,2025.0,8.0,sabado,8.0,manha,ES,SERRA,True,101.0,BR-101,259.7,-20.146539,-40.287022,Condutor deixou de manter distância do veículo da frente,Colisão traseira,Com Vítimas Feridas,Pleno dia,Crescente,Céu Claro,Simples,Curva,Sim,0.0,0.0,2.0,2.0,0.0,1.0,2.0,3.0,SPRF-ES,DEL02-ES,UOP01-DEL02-ES,0,moderado
2025-08-30,15:30,2025-08-30 15:30:00,2025.0,8.0,sabado,15.0,tarde,ES,FUNDAO,True,101.0,BR-101,229.0,-19.931509,-40.40552,Acesso irregular,Colisão transversal,Sem Vítimas,Pleno dia,Decrescente,Nublado,Simples,Reta,Sim,0.0,0.0,0.0,0.0,1.0,1.0,2.0,2.0,SPRF-ES,DEL02-ES,UOP01-DEL02-ES,0,baixo
2025-08-30,16:30,2025-08-30 16:30:00,2025.0,8.0,sabado,16.0,tarde,ES,CARIACICA,True,101.0,BR-101,287.3,-20.26152392,-40.37874406,Mal súbito do condutor,Tombamento,Com Vítimas Feridas,Pleno dia,Crescente,Nublado,Dupla,Reta;Declive,Não,0.0,0.0,1.0,1.0,0.0,0.0,1.0,1.0,SPRF-ES,DEL01-ES,UOP01-DEL01-ES,0,moderado
2025-08-30,16:45,2025-08-30 16:45:00,2025.0,8.0,sabado,16.0,tarde,ES,VIANA,True,262.0,BR-262,19.8,-20.38625971,-40.49624847,Entrada inopinada do pedestre,Atropelamento de Pedestre,Com Vítimas Feridas,Pleno dia,Crescente,Céu Claro,Simples,Curva,Sim,0.0,0.0,1.0,1.0,5.0,0.0,2.0,6.0,SPRF-ES,DEL01-ES,UOP01-DEL01-ES,0,moderado
2025-08-30,17:24,2025-08-30 17:24:00,2025.0,8.0,sabado,17.0,tarde,ES,JOAO NEIVA,False,259.0,BR-259,20.0,-19.6490634,-40.4622066,Acessar a via sem observar a presença dos outros veículos,Colisão transversal,Com Vítimas Feridas,Pleno dia,Crescente,Nublado,Simples,Interseção de Vias,Não,0.0,0.0,2.0,2.0,1.0,0.0,2.0,3.0,SPRF-ES,DEL02-ES,UOP01-DEL02-ES,0,moderado
2025-08-30,19:20,2025-08-30 19:20:00,2025.0,8.0,sabado,19.0,noite,ES,VENDA NOVA DO IMIGRANTE,False,262.0,BR-262,113.0,-20.331878,-41.204408,Ingestão de álcool pelo condutor,Colisão lateral sentido oposto,Sem Vítimas,Plena Noite,Crescente,Nublado,Simples,Declive;Curva,Não,0.0,0.0,0.0,0.0,3.0,0.0,3.0,3.0,SPRF-ES,DEL01-ES,UOP02-DEL01-ES,0,baixo
2025-08-30,18:40,2025-08-30 18:40:00,2025.0,8.0,sabado,18.0,noite,ES,LINHARES,False,101.0,BR-101,146.0,-19.36647881,-40.06553538,Velocidade Incompatível,Colisão transversal,Com Vítimas Fatais,Plena Noite,Decrescente,Céu Claro,Dupla,Reta,Não,1.0,0.0,0.0,0.0,0.0,1.0,2.0,2.0,SPRF-ES,DEL04-ES,UOP01-DEL04-ES,1,fatal
2025-08-30,22:50,2025-08-30 22:50:00,2025.0,8.0,sabado,22.0,noite,ES,RIO NOVO DO SUL,False,101.0,BR-101,385.9,-20.8412309,-40.8714874,Reação tardia ou ineficiente do condutor,Saída de leito carroçável,Com Vítimas Feridas,Plena Noite,Decrescente,Chuva,Simples,Curva,Não,0.0,0.0,1.0,1.0,0.0,0.0,1.0,1.0,SPRF-ES,DEL03-ES,UOP01-DEL03-ES,0,moderado
2025-08-31,02:00,2025-08-31 02:00:00,2025.0,8.0,domingo,2.0,madrugada,ES,VIANA,True,101.0,BR-101,294.0,-20.35623752,-40.41775118,Chuva,Colisão com objeto,Com Vítimas Feridas,Plena Noite,Crescente,Chuva,Múltipla,Reta,Não,0.0,0.0,1.0,1.0,0.0,0.0,1.0,1.0,SPRF-ES,DEL01-ES,UOP01-DEL01-ES,0,moderado
2025-08-31,02:03,2025-08-31 02:03:00,2025.0,8.0,domingo,2.0,madrugada,ES,CONCEICAO DA BARRA,False,101.0,BR-101,32.0,-18.4219208,-39.9358207,Avarias e/ou desgaste excessivo no pneu,Saída de leito carroçável,Sem Vítimas,Plena Noite,Crescente,Chuva,Simples,Reta,Sim,0.0,0.0,0.0,0.0,1.0,0.0,1.0,1.0,SPRF-ES,DEL04-ES,UOP02-DEL04-ES,0,baixo
2025-08-31,04:00,2025-08-31 04:00:00,2025.0,8.0,domingo,4.0,madrugada,ES,JAGUARE,False,101.0,BR-101,98.0,-18.963667,-39.987567,Condutor Dormindo,Capotamento,Sem Vítimas,Plena Noite,Decrescente,Chuva,Simples,Reta,Não,0.0,0.0,0.0,0.0,0.0,1.0,1.0,1.0,SPRF-ES,DEL04-ES,UOP02-DEL04-ES,0,baixo
2025-08-31,09:40,2025-08-31 09:40:00,2025.0,8.0,domingo,9.0,manha,ES,CARIACICA,True,101.0,BR-101,284.0,-20.24481,-40.36973,Avarias e/ou desgaste excessivo no pneu,Queda de ocupante de veículo,Com Vítimas Feridas,Pleno dia,Crescente,Céu Claro,Dupla,Reta,Não,0.0,1.0,1.0,2.0,0.0,0.0,1.0,2.0,SPRF-ES,DEL01-ES,UOP01-DEL01-ES,1,grave
2025-08-31,13:40,2025-08-31 13:40:00,2025.0,8.0,domingo,13.0,tarde,ES,LINHARES,False,101.0,BR-101,151.0,-19.41719432,-40.06821424,Ingestão de álcool pelo condutor,Colisão transversal,Com Vítimas Feridas,Pleno dia,Crescente,Chuva,Simples,Interseção de Vias,Não,0.0,2.0,0.0,2.0,1.0,0.0,2.0,3.0,SPRF-ES,DEL04-ES,UOP01-DEL04-ES,1,grave
2025-08-31,17:20,2025-08-31 17:20:00,2025.0,8.0,domingo,17.0,tarde,ES,VIANA,True,101.0,BR-101,298.4,-20.35751928,-40.42723877,Velocidade Incompatível,Colisão com objeto,Sem Vítimas,Plena Noite,Crescente,Garoa/Chuvisco,Múltipla,Reta;Interseção de Vias,Sim,0.0,0.0,0.0,0.0,1.0,0.0,1.0,1.0,SPRF-ES,DEL01-ES,UOP01-DEL01-ES,0,baixo
2025-08-19,18:30,2025-08-19 18:30:00,2025.0,8.0,terca,18.0,noite,ES,SERRA,True,101.0,BR-101,264.6,-20.179623,-40.26513,Manobra de mudança de faixa,Colisão traseira,Com Vítimas Feridas,Plena Noite,Decrescente,Céu Claro,Dupla,Reta,Sim,0.0,1.0,0.0,1.0,1.0,0.0,2.0,2.0,SPRF-ES,DEL02-ES,UOP01-DEL02-ES,1,grave
2025-08-31,21:00,2025-08-31 21:00:00,2025.0,8.0,domingo,21.0,noite,ES,CARIACICA,True,101.0,BR-101,295.1,-20.33411089,-40.40103078,Condutor deixou de manter distância do veículo da frente,Colisão lateral mesmo sentido,Com Vítimas Feridas,Plena Noite,Crescente,Chuva,Múltipla,Reta,Sim,0.0,0.0,1.0,1.0,0.0,1.0,2.0,2.0,SPRF-ES,DEL01-ES,UOP01-DEL01-ES,0,moderado
2025-09-01,00:20,2025-09-01 00:20:00,2025.0,9.0,segunda,0.0,madrugada,ES,FUNDAO,True,101.0,BR-101,232.3,-19.95504667,-40.408055,Acumulo de água sobre o pavimento,Capotamento,Com Vítimas Feridas,Plena Noite,Crescente,Chuva,Simples,Reta,Não,0.0,1.0,1.0,2.0,0.0,0.0,1.0,2.0,SPRF-ES,DEL02-ES,UOP01-DEL02-ES,1,grave
2025-09-01,10:10,2025-09-01 10:10:00,2025.0,9.0,segunda,10.0,manha,ES,ANCHIETA,False,101.0,BR-101,348.7,-20.65050356,-40.64245726,Reação tardia ou ineficiente do condutor,Tombamento,Com Vítimas Feridas,Pleno dia,Crescente,Chuva,Dupla,Curva,Não,0.0,1.0,1.0,2.0,0.0,0.0,1.0,2.0,SPRF-ES,DEL03-ES,UOP01-DEL03-ES,1,grave
2025-09-02,06:45,2025-09-02 06:45:00,2025.0,9.0,terca,6.0,manha,ES,CARIACICA,True,101.0,BR-101,282.3,-20.22867736,-40.3660655,Chuva,Tombamento,Com Vítimas Feridas,Pleno dia,Crescente,Chuva,Múltipla,Retorno Regulamentado,Não,0.0,0.0,1.0,1.0,0.0,0.0,1.0,1.0,SPRF-ES,DEL01-ES,UOP01-DEL01-ES,0,moderado
2025-09-02,11:05,2025-09-02 11:05:00,2025.0,9.0,terca,11.0,manha,ES,VIANA,True,101.0,BR-101,298.3,-20.35540428,-40.41762471,Reação tardia ou ineficiente do condutor,Tombamento,Com Vítimas Feridas,Pleno dia,Crescente,Chuva,Múltipla,Reta,Sim,0.0,1.0,0.0,1.0,0.0,0.0,1.0,1.0,SPRF-ES,DEL01-ES,UOP01-DEL01-ES,1,grave
2025-09-02,19:03,2025-09-02 19:03:00,2025.0,9.0,terca,19.0,noite,ES,ITAPEMIRIM,False,101.0,BR-101,405.3,-20.89879306,-41.01127663,Reação tardia ou ineficiente do condutor,Atropelamento de Pedestre,Com Vítimas Fatais,Plena Noite,Decrescente,Nublado,Simples,Curva,Não,1.0,0.0,0.0,0.0,0.0,1.0,2.0,2.0,SPRF-ES,DEL03-ES,UOP02-DEL03-ES,1,fatal
2025-09-02,19:30,2025-09-02 19:30:00,2025.0,9.0,terca,19.0,noite,ES,IBIRACU,False,101.0,BR-101,205.0,-19.79771749,-40.3692627,Reação tardia ou ineficiente do condutor,Saída de leito carroçável,Com Vítimas Feridas,Plena Noite,Crescente,Chuva,Simples,Reta,Não,0.0,0.0,1.0,1.0,0.0,0.0,1.0,1.0,SPRF-ES,DEL02-ES,UOP01-DEL02-ES,0,moderado
2025-09-03,09:50,2025-09-03 09:50:00,2025.0,9.0,quarta,9.0,manha,ES,LINHARES,False,101.0,BR-101,148.5,-19.3843726,-40.06707323,Trafegar com motocicleta (ou similar) entre as faixas,Colisão lateral mesmo sentido,Com Vítimas Feridas,Pleno dia,Crescente,Céu Claro,Dupla,Reta,Sim,0.0,0.0,1.0,1.0,1.0,0.0,2.0,2.0,SPRF-ES,DEL04-ES,UOP01-DEL04-ES,0,moderado
2025-08-10,23:30,2025-08-10 23:30:00,2025.0,8.0,domingo,23.0,noite,ES,SERRA,True,101.0,BR-101,10.8,-20.14954166,-40.345588,Transitar na contramão,Colisão frontal,Com Vítimas Fatais,Plena Noite,Crescente,Nublado,Dupla,Reta;Ponte,Não,1.0,0.0,1.0,1.0,1.0,0.0,2.0,3.0,SPRF-ES,DEL02-ES,UOP01-DEL02-ES,1,fatal
2025-09-03,18:45,2025-09-03 18:45:00,2025.0,9.0,quarta,18.0,noite,ES,SERRA,True,101.0,BR-101,269.5,-20.22213167,-40.27024833,Reação tardia ou ineficiente do condutor,Colisão traseira,Com Vítimas Feridas,Pleno dia,Crescente,Nublado,Múltipla,Reta,Sim,0.0,1.0,1.0,2.0,2.0,0.0,3.0,4.0,SPRF-ES,DEL02-ES,UOP01-DEL02-ES,1,grave
2025-09-03,20:40,2025-09-03 20:40:00,2025.0,9.0,quarta,20.0,noite,ES,CARIACICA,True,101.0,BR-101,292.0,-20.30689907,-40.39478586,Acessar a via sem observar a presença dos outros veículos,Colisão transversal,Com Vítimas Feridas,Plena Noite,Crescente,Garoa/Chuvisco,Dupla,Reta;Interseção de Vias,Sim,0.0,0.0,1.0,1.0,1.0,0.0,2.0,2.0,SPRF-ES,DEL01-ES,UOP01-DEL01-ES,0,moderado
2025-09-03,21:45,2025-09-03 21:45:00,2025.0,9.0,quarta,21.0,noite,ES,SERRA,True,101.0,BR-101,262.5,-20.16429,-40.2741,Manobra de mudança de faixa,Tombamento,Com Vítimas Feridas,Plena Noite,Crescente,Garoa/Chuvisco,Dupla,Reta;Declive,Não,0.0,0.0,1.0,1.0,1.0,0.0,2.0,2.0,SPRF-ES,DEL02-ES,UOP01-DEL02-ES,0,moderado
2025-09-04,07:15,2025-09-04 07:15:00,2025.0,9.0,quinta,7.0,manha,ES,CARIACICA,True,101.0,BR-101,291.0,-20.297934,-40.394587,Reação tardia ou ineficiente do condutor,Tombamento,Com Vítimas Feridas,Pleno dia,Decrescente,Céu Claro,Dupla,Reta,Sim,0.0,0.0,1.0,1.0,0.0,0.0,1.0,1.0,SPRF-ES,DEL01-ES,UOP01-DEL01-ES,0,moderado
2025-09-04,07:30,2025-09-04 07:30:00,2025.0,9.0,quinta,7.0,manha,ES,CARIACICA,True,101.0,BR-101,291.2,-20.3039005,-40.39587021,Ausência de reação do condutor,Saída de leito carroçável,Com Vítimas Feridas,Pleno dia,Crescente,Nublado,Dupla,Reta,Não,0.0,0.0,2.0,2.0,0.0,0.0,1.0,2.0,SPRF-ES,DEL01-ES,UOP01-DEL01-ES,0,moderado
2025-09-04,15:00,2025-09-04 15:00:00,2025.0,9.0,quinta,15.0,tarde,ES,SERRA,True,101.0,BR-101,263.0,-20.1695432,-40.27002007,Acessar a via sem observar a presença dos outros veículos,Colisão traseira,Com Vítimas Feridas,Pleno dia,Decrescente,Nublado,Dupla,Declive;Reta,Sim,0.0,0.0,2.0,2.0,0.0,0.0,2.0,2.0,SPRF-ES,DEL02-ES,UOP01-DEL02-ES,0,moderado
2025-09-04,17:20,2025-09-04 17:20:00,2025.0,9.0,quinta,17.0,tarde,ES,IUNA,False,262.0,BR-262,188.1,-20.31544,-41.72836,Transitar na contramão,Colisão frontal,Com Vítimas Fatais,Anoitecer,Crescente,Céu Claro,Simples,Aclive;Curva,Não,1.0,0.0,0.0,0.0,0.0,1.0,2.0,2.0,SPRF-ES,DEL01-ES,UOP02-DEL01-ES,1,fatal
2025-09-04,18:44,2025-09-04 18:44:00,2025.0,9.0,quinta,18.0,noite,ES,CARIACICA,True,262.0,BR-262,0.9,-20.32638444,-40.35470366,Manobra de mudança de faixa,Colisão lateral mesmo sentido,Com Vítimas Feridas,Plena Noite,Crescente,Nublado,Dupla,Ponte,Sim,0.0,0.0,1.0,1.0,1.0,0.0,2.0,2.0,SPRF-ES,DEL01-ES,UOP01-DEL01-ES,0,moderado
2025-09-05,05:50,2025-09-05 05:50:00,2025.0,9.0,sexta,5.0,madrugada,ES,LINHARES,False,101.0,BR-101,149.2,-19.39957873,-40.06240711,Condutor desrespeitou a iluminação vermelha do semáforo,Colisão transversal,Com Vítimas Feridas,Pleno dia,Decrescente,Céu Claro,Dupla,Interseção de Vias,Sim,0.0,0.0,1.0,1.0,1.0,0.0,2.0,2.0,SPRF-ES,DEL04-ES,UOP01-DEL04-ES,0,moderado
2025-09-05,08:00,2025-09-05 08:00:00,2025.0,9.0,sexta,8.0,manha,ES,CARIACICA,True,101.0,BR-101,297.5,-20.34786385,-40.41160202,Trafegar com motocicleta (ou similar) entre as faixas,Colisão traseira,Com Vítimas Feridas,Pleno dia,Crescente,Céu Claro,Dupla,Reta,Sim,0.0,1.0,0.0,1.0,1.0,0.0,2.0,2.0,SPRF-ES,DEL01-ES,UOP01-DEL01-ES,1,grave
2025-09-05,14:00,2025-09-05 14:00:00,2025.0,9.0,sexta,14.0,tarde,ES,ANCHIETA,False,101.0,BR-101,370.7,-20.7709959,-40.76377843,Desrespeitar a preferência no cruzamento,Colisão transversal,Com Vítimas Feridas,Pleno dia,Decrescente,Céu Claro,Simples,Interseção de Vias,Não,0.0,0.0,1.0,1.0,2.0,0.0,2.0,3.0,SPRF-ES,DEL03-ES,UOP01-DEL03-ES,0,moderado
2025-09-05,15:10,2025-09-05 15:10:00,2025.0,9.0,sexta,15.0,tarde,ES,SERRA,True,101.0,BR-101,257.0,-20.12369122,-40.30423274,Acessar a via sem observar a presença dos outros veículos,Colisão frontal,Com Vítimas Feridas,Pleno dia,Decrescente,Céu Claro,Dupla,Interseção de Vias,Sim,0.0,0.0,1.0,1.0,1.0,0.0,2.0,2.0,SPRF-ES,DEL02-ES,UOP01-DEL02-ES,0,moderado
2025-09-05,17:45,2025-09-05 17:45:00,2025.0,9.0,sexta,17.0,tarde,ES,CARIACICA,True,101.0,BR-101,297.2,-20.347605,-40.411545,Trafegar com motocicleta (ou similar) entre as faixas,Colisão traseira,Com Vítimas Feridas,Anoitecer,Crescente,Céu Claro,Dupla,Reta,Sim,0.0,0.0,1.0,1.0,1.0,0.0,2.0,2.0,SPRF-ES,DEL01-ES,UOP01-DEL01-ES,0,moderado
2025-09-05,18:19,2025-09-05 18:19:00,2025.0,9.0,sexta,18.0,noite,ES,CACHOEIRO DE ITAPEMIRIM,False,393.0,BR-393,1.0,-20.83369788,-41.177077,Condutor deixou de manter distância do veículo da frente,Queda de ocupante de veículo,Com Vítimas Feridas,Anoitecer,Crescente,Céu Claro,Simples,Reta,Sim,0.0,1.0,0.0,1.0,0.0,0.0,1.0,1.0,SPRF-ES,DEL03-ES,UOP02-DEL03-ES,1,grave
2025-09-05,19:20,2025-09-05 19:20:00,2025.0,9.0,sexta,19.0,noite,ES,CONCEICAO DA BARRA,False,101.0,BR-101,53.4,-18.618851,-39.882419,Velocidade Incompatível,Saída de leito carroçável,Com Vítimas Feridas,Plena Noite,Crescente,Nublado,Simples,Reta,Não,0.0,0.0,2.0,2.0,0.0,0.0,1.0,2.0,SPRF-ES,DEL04-ES,UOP02-DEL04-ES,0,moderado
2025-09-06,02:20,2025-09-06 02:20:00,2025.0,9.0,sabado,2.0,madrugada,ES,LINHARES,False,101.0,BR-101,141.8,-19.3329536,-40.06843376,Ingestão de álcool pelo condutor,Saída de leito carroçável,Com Vítimas Feridas,Plena Noite,Decrescente,Céu Claro,Múltipla,Retorno Regulamentado;Reta,Sim,0.0,0.0,1.0,1.0,0.0,0.0,1.0,1.0,SPRF-ES,DEL04-ES,UOP01-DEL04-ES,0,moderado
2025-09-06,08:00,2025-09-06 08:00:00,2025.0,9.0,sabado,8.0,manha,ES,CARIACICA,True,101.0,BR-101,288.8,-20.2800659,-40.3924427,Condutor deixou de manter distância do veículo da frente,Colisão traseira,Com Vítimas Feridas,Pleno dia,Decrescente,Céu Claro,Múltipla,Interseção de Vias,Sim,0.0,0.0,1.0,1.0,1.0,0.0,2.0,2.0,SPRF-ES,DEL01-ES,UOP01-DEL01-ES,0,moderado
2025-09-06,08:00,2025-09-06 08:00:00,2025.0,9.0,sabado,8.0,manha,ES,RIO NOVO DO SUL,False,101.0,BR-101,395.0,-20.86583834,-40.93312791,Ausência de reação do condutor,Colisão traseira,Com Vítimas Feridas,Pleno dia,Crescente,Céu Claro,Simples,Curva,Não,0.0,0.0,1.0,1.0,2.0,0.0,2.0,3.0,SPRF-ES,DEL03-ES,UOP02-DEL03-ES,0,moderado
2025-09-06,08:00,2025-09-06 08:00:00,2025.0,9.0,sabado,8.0,manha,ES,IBATIBA,False,262.0,BR-262,151.6,-20.21967712,-41.44738197,Acumulo de óleo sobre o pavimento,Queda de ocupante de veículo,Com Vítimas Feridas,Pleno dia,Decrescente,Céu Claro,Simples,Curva,Não,0.0,0.0,1.0,1.0,0.0,0.0,1.0,1.0,SPRF-ES,DEL01-ES,UOP02-DEL01-ES,0,moderado
2025-09-06,13:10,2025-09-06 13:10:00,2025.0,9.0,sabado,13.0,tarde,ES,GUARAPARI,True,101.0,BR-101,331.0,-20.6013553,-40.5042874,Avarias e/ou desgaste excessivo no pneu,Tombamento,Com Vítimas Feridas,Pleno dia,Decrescente,Céu Claro,Dupla,Curva,Não,0.0,1.0,1.0,2.0,0.0,0.0,1.0,2.0,SPRF-ES,DEL03-ES,UOP01-DEL03-ES,1,grave
2025-09-06,17:00,2025-09-06 17:00:00,2025.0,9.0,sabado,17.0,tarde,ES,IBIRACU,False,101.0,BR-101,205.4,-19.77621155,-40.37162623,Manobra de mudança de faixa,Colisão lateral mesmo sentido,Com Vítimas Feridas,Pleno dia,Crescente,Céu Claro,Simples,Reta,Sim,0.0,1.0,0.0,1.0,1.0,0.0,2.0,2.0,SPRF-ES,DEL02-ES,UOP01-DEL02-ES,1,grave
2025-09-06,18:15,2025-09-06 18:15:00,2025.0,9.0,sabado,18.0,noite,ES,VENDA NOVA DO IMIGRANTE,False,262.0,BR-262,102.6,-20.33868096,-41.11920214,Acessar a via sem observar a presença dos outros veículos,Colisão transversal,Com Vítimas Feridas,Plena Noite,Crescente,Nublado,Simples,Reta,Sim,0.0,2.0,0.0,2.0,0.0,0.0,2.0,2.0,SPRF-ES,DEL01-ES,UOP02-DEL01-ES,1,grave
2025-09-06,20:20,2025-09-06 20:20:00,2025.0,9.0,sabado,20.0,noite,ES,DOMINGOS MARTINS,False,262.0,BR-262,37.0,-20.381745,-40.615676,Ultrapassagem Indevida,Colisão frontal,Com Vítimas Feridas,Plena Noite,Crescente,Céu Claro,Simples,Reta,Não,0.0,0.0,1.0,1.0,0.0,1.0,2.0,2.0,SPRF-ES,DEL01-ES,UOP01-DEL01-ES,0,moderado
2025-09-07,00:30,2025-09-07 00:30:00,2025.0,9.0,domingo,0.0,madrugada,ES,SAO MATEUS,False,101.0,BR-101,88.0,-18.88334165,-39.94823456,Acesso irregular,Colisão transversal,Com Vítimas Feridas,Plena Noite,Crescente,Céu Claro,Simples,Reta,Não,0.0,0.0,3.0,3.0,1.0,1.0,2.0,5.0,SPRF-ES,DEL04-ES,UOP02-DEL04-ES,0,moderado
2025-09-07,10:20,2025-09-07 10:20:00,2025.0,9.0,domingo,10.0,manha,ES,SERRA,True,101.0,BR-101,241.9,-20.03295,-40.39673,Demais falhas na via,Colisão com objeto,Com Vítimas Feridas,Pleno dia,Crescente,Céu Claro,Múltipla,Reta,Não,0.0,0.0,1.0,1.0,0.0,0.0,1.0,1.0,SPRF-ES,DEL02-ES,UOP01-DEL02-ES,0,moderado
2025-09-07,12:40,2025-09-07 12:40:00,2025.0,9.0,domingo,12.0,tarde,ES,CONCEICAO DA BARRA,False,101.0,BR-101,39.9,-18.498036,-39.91906,Transitar na contramão,Colisão lateral sentido oposto,Com Vítimas Feridas,Pleno dia,Crescente,Céu Claro,Simples,Reta,Não,0.0,0.0,1.0,1.0,1.0,0.0,2.0,2.0,SPRF-ES,DEL04-ES,UOP02-DEL04-ES,0,moderado
2025-09-07,15:50,2025-09-07 15:50:00,2025.0,9.0,domingo,15.0,tarde,ES,IBIRACU,False,101.0,BR-101,213.0,-19.82404,-40.36971,Conversão proibida,Colisão lateral mesmo sentido,Com Vítimas Feridas,Pleno dia,Crescente,Nublado,Simples,Reta,Sim,0.0,1.0,0.0,1.0,3.0,0.0,2.0,4.0,SPRF-ES,DEL02-ES,UOP01-DEL02-ES,1,grave
2025-09-07,17:10,2025-09-07 17:10:00,2025.0,9.0,domingo,17.0,tarde,ES,CONCEICAO DA BARRA,False,101.0,BR-101,32.3,-18.42898249,-39.93437855,Ausência de reação do condutor,Colisão traseira,Com Vítimas Feridas,Pleno dia,Crescente,Céu Claro,Simples,Aclive;Reta,Sim,0.0,0.0,5.0,5.0,1.0,0.0,2.0,6.0,SPRF-ES,DEL04-ES,UOP02-DEL04-ES,0,moderado
2025-09-08,06:09,2025-09-08 06:09:00,2025.0,9.0,segunda,6.0,manha,ES,IBIRACU,False,101.0,BR-101,217.0,-19.85063,-40.38308,Reação tardia ou ineficiente do condutor,Colisão com objeto,Com Vítimas Feridas,Pleno dia,Crescente,Nublado,Dupla,Curva,Não,0.0,0.0,1.0,1.0,0.0,0.0,1.0,1.0,SPRF-ES,DEL02-ES,UOP01-DEL02-ES,0,moderado
2025-09-08,15:45,2025-09-08 15:45:00,2025.0,9.0,segunda,15.0,tarde,ES,ANCHIETA,False,101.0,BR-101,350.3,-20.661612,-40.651018,Condutor Dormindo,Colisão com objeto,Com Vítimas Feridas,Anoitecer,Decrescente,Céu Claro,Dupla,Reta,Não,0.0,2.0,0.0,2.0,0.0,0.0,1.0,2.0,SPRF-ES,DEL03-ES,UOP01-DEL03-ES,1,grave
2025-09-08,16:57,2025-09-08 16:57:00,2025.0,9.0,segunda,16.0,tarde,ES,CARIACICA,True,101.0,BR-101,286.0,-20.265964,-40.385661,Acessar a via sem observar a presença dos outros veículos,Colisão lateral mesmo sentido,Com Vítimas Feridas,Plena Noite,Crescente,Céu Claro,Dupla,Reta,Não,0.0,0.0,1.0,1.0,1.0,0.0,2.0,2.0,SPRF-ES,DEL01-ES,UOP01-DEL01-ES,0,moderado
2025-09-08,17:14,2025-09-08 17:14:00,2025.0,9.0,segunda,17.0,tarde,ES,SERRA,True,101.0,BR-101,276.4,-20.209032,-40.315957,Acessar a via sem observar a presença dos outros veículos,Colisão transversal,Com Vítimas Feridas,Anoitecer,Crescente,Nublado,Dupla,Retorno Regulamentado;Reta,Não,0.0,1.0,0.0,1.0,1.0,0.0,2.0,2.0,SPRF-ES,DEL02-ES,UOP01-DEL02-ES,1,grave
2025-09-09,17:00,2025-09-09 17:00:00,2025.0,9.0,terca,17.0,tarde,ES,COLATINA,False,259.0,BR-259,53.8,-19.496888,-40.639497,Trafegar com motocicleta (ou similar) entre as faixas,Colisão lateral mesmo sentido,Com Vítimas Feridas,Pleno dia,Crescente,Céu Claro,Simples,Reta;Aclive,Não,0.0,0.0,2.0,2.0,0.0,0.0,2.0,2.0,SPRF-ES,DEL02-ES,UOP01-DEL02-ES,0,moderado
2025-09-09,16:30,2025-09-09 16:30:00,2025.0,9.0,terca,16.0,tarde,ES,VIANA,True,101.0,BR-101,297.6,-20.35077321,-40.41291833,Condutor deixou de manter distância do veículo da frente,Colisão traseira,Com Vítimas Feridas,Pleno dia,Decrescente,Céu Claro,Dupla,Curva,Sim,0.0,1.0,0.0,1.0,1.0,0.0,2.0,2.0,SPRF-ES,DEL01-ES,UOP01-DEL01-ES,1,grave
2025-09-09,18:20,2025-09-09 18:20:00,2025.0,9.0,terca,18.0,noite,ES,VIANA,True,101.0,BR-101,299.0,-20.357599,-40.427582,Entrada inopinada do pedestre,Atropelamento de Pedestre,Com Vítimas Feridas,Plena Noite,Decrescente,Céu Claro,Múltipla,Reta,Sim,0.0,0.0,3.0,3.0,0.0,0.0,2.0,3.0,SPRF-ES,DEL01-ES,UOP01-DEL01-ES,0,moderado
2025-09-09,18:50,2025-09-09 18:50:00,2025.0,9.0,terca,18.0,noite,ES,LINHARES,False,101.0,BR-101,121.0,-19.1520459,-40.0794874,Condutor usando celular,Tombamento,Com Vítimas Feridas,Plena Noite,Crescente,Céu Claro,Dupla,Reta,Não,0.0,0.0,1.0,1.0,0.0,0.0,1.0,1.0,SPRF-ES,DEL04-ES,UOP01-DEL04-ES,0,moderado
2025-09-10,08:37,2025-09-10 08:37:00,2025.0,9.0,quarta,8.0,manha,ES,SAO MATEUS,False,101.0,BR-101,73.0,-18.74045276,-39.86111641,Reação tardia ou ineficiente do condutor,Tombamento,Com Vítimas Feridas,Pleno dia,Crescente,Sol,Simples,Reta,Não,0.0,1.0,0.0,1.0,0.0,0.0,1.0,1.0,SPRF-ES,DEL04-ES,UOP02-DEL04-ES,1,grave
2025-09-10,13:10,2025-09-10 13:10:00,2025.0,9.0,quarta,13.0,tarde,ES,VIANA,True,262.0,BR-262,17.0,-20.386885,-40.473821,Condutor deixou de manter distância do veículo da frente,Colisão traseira,Com Vítimas Feridas,Pleno dia,Decrescente,Céu Claro,Simples,Reta,Sim,0.0,0.0,1.0,1.0,1.0,0.0,2.0,2.0,SPRF-ES,DEL01-ES,UOP01-DEL01-ES,0,moderado
2025-09-10,13:04,2025-09-10 13:04:00,2025.0,9.0,quarta,13.0,tarde,ES,LINHARES,False,101.0,BR-101,136.5,-19.287717,-40.086452,Ausência de reação do condutor,Tombamento,Com Vítimas Feridas,Pleno dia,Decrescente,Céu Claro,Simples,Reta,Não,0.0,0.0,1.0,1.0,0.0,0.0,1.0,1.0,SPRF-ES,DEL04-ES,UOP01-DEL04-ES,0,moderado
2025-09-10,14:09,2025-09-10 14:09:00,2025.0,9.0,quarta,14.0,tarde,ES,LINHARES,False,101.0,BR-101,148.0,-19.389511,-40.067773,Entrada inopinada do pedestre,Atropelamento de Pedestre,Com Vítimas Feridas,Pleno dia,Crescente,Céu Claro,Dupla,Reta,Sim,0.0,0.0,1.0,1.0,1.0,0.0,2.0,2.0,SPRF-ES,DEL04-ES,UOP01-DEL04-ES,0,moderado
2025-09-10,14:40,2025-09-10 14:40:00,2025.0,9.0,quarta,14.0,tarde,ES,SERRA,True,101.0,BR-101,267.0,-20.1992787,-40.26899099,Avarias e/ou desgaste excessivo no pneu,Tombamento,Com Vítimas Feridas,Pleno dia,Crescente,Sol,Múltipla,Reta,Sim,0.0,0.0,1.0,1.0,0.0,1.0,1.0,2.0,SPRF-ES,DEL02-ES,UOP01-DEL02-ES,0,moderado
2025-09-10,18:20,2025-09-10 18:20:00,2025.0,9.0,quarta,18.0,noite,ES,LINHARES,False,101.0,BR-101,142.3,-19.340733,-40.064766,Manobra de mudança de faixa,Colisão traseira,Com Vítimas Feridas,Plena Noite,Crescente,Céu Claro,Dupla,Reta,Sim,0.0,0.0,1.0,1.0,2.0,0.0,2.0,3.0,SPRF-ES,DEL04-ES,UOP01-DEL04-ES,0,moderado
2025-09-11,09:15,2025-09-11 09:15:00,2025.0,9.0,quinta,9.0,manha,ES,GUARAPARI,True,101.0,BR-101,340.7,-20.6507953,-40.569761,Reação tardia ou ineficiente do condutor,Saída de leito carroçável,Com Vítimas Feridas,Pleno dia,Decrescente,Céu Claro,Dupla,Reta,Não,0.0,1.0,1.0,2.0,0.0,0.0,1.0,2.0,SPRF-ES,DEL03-ES,UOP01-DEL03-ES,1,grave
2025-09-11,15:40,2025-09-11 15:40:00,2025.0,9.0,quinta,15.0,tarde,ES,IBIRACU,False,101.0,BR-101,221.2,-19.867377,-40.402486,Demais falhas mecânicas ou elétricas,Tombamento,Com Vítimas Feridas,Pleno dia,Crescente,Nublado,Simples,Reta,Não,0.0,0.0,1.0,1.0,1.0,0.0,1.0,2.0,SPRF-ES,DEL02-ES,UOP01-DEL02-ES,0,moderado
2025-09-11,18:30,2025-09-11 18:30:00,2025.0,9.0,quinta,18.0,noite,ES,SERRA,True,101.0,BR-101,279.0,-20.21856,-40.34559,Acessar a via sem observar a presença dos outros veículos,Colisão transversal,Com Vítimas Feridas,Plena Noite,Decrescente,Céu Claro,Dupla,Retorno Regulamentado;Reta,Não,0.0,0.0,2.0,2.0,2.0,0.0,2.0,4.0,SPRF-ES,DEL02-ES,UOP01-DEL02-ES,0,moderado
2025-09-11,19:34,2025-09-11 19:34:00,2025.0,9.0,quinta,19.0,noite,ES,COLATINA,False,259.0,BR-259,58.8,-19.52261,-40.668633,Reação tardia ou ineficiente do condutor,Eventos atípicos,Com Vítimas Feridas,Plena Noite,Crescente,Nublado,Simples,Reta;Declive,Não,0.0,1.0,1.0,2.0,1.0,0.0,3.0,3.0,SPRF-ES,DEL02-ES,UOP01-DEL02-ES,1,grave
2025-09-11,23:50,2025-09-11 23:50:00,2025.0,9.0,quinta,23.0,noite,ES,PINHEIROS,False,101.0,BR-101,18.0,-18.31289547,-39.95497464,Velocidade Incompatível,Colisão lateral sentido oposto,Com Vítimas Feridas,Plena Noite,Crescente,Nevoeiro/Neblina,Simples,Declive;Curva,Não,0.0,0.0,2.0,2.0,0.0,0.0,1.0,2.0,SPRF-ES,DEL04-ES,UOP02-DEL04-ES,0,moderado
2025-09-12,05:21,2025-09-12 05:21:00,2025.0,9.0,sexta,5.0,madrugada,ES,CACHOEIRO DE ITAPEMIRIM,False,393.0,BR-393,1.4,-20.834131,-41.171818,Acessar a via sem observar a presença dos outros veículos,Colisão transversal,Com Vítimas Feridas,Pleno dia,Crescente,Nublado,Simples,Reta,Não,0.0,1.0,0.0,1.0,0.0,0.0,1.0,1.0,SPRF-ES,DEL03-ES,UOP02-DEL03-ES,1,grave
2025-09-12,08:20,2025-09-12 08:20:00,2025.0,9.0,sexta,8.0,manha,ES,SERRA,True,101.0,BR-101,270.1,-20.2276829,-40.2713021,Condutor deixou de manter distância do veículo da frente,Colisão traseira,Com Vítimas Feridas,Pleno dia,Decrescente,Nublado,Múltipla,Reta,Sim,0.0,0.0,1.0,1.0,1.0,0.0,2.0,2.0,SPRF-ES,DEL02-ES,UOP01-DEL02-ES,0,moderado
2025-09-12,10:55,2025-09-12 10:55:00,2025.0,9.0,sexta,10.0,manha,ES,SERRA,True,101.0,BR-101,273.3,-20.125707,-40.34259922,Reação tardia ou ineficiente do condutor,Tombamento,Com Vítimas Feridas,Pleno dia,Crescente,Céu Claro,Dupla,Reta,Não,0.0,1.0,0.0,1.0,0.0,0.0,1.0,1.0,SPRF-ES,DEL02-ES,UOP01-DEL02-ES,1,grave
2025-09-12,19:50,2025-09-12 19:50:00,2025.0,9.0,sexta,19.0,noite,ES,VENDA NOVA DO IMIGRANTE,False,262.0,BR-262,103.0,-20.33250804,-41.12929885,Reação tardia ou ineficiente do condutor,Tombamento,Com Vítimas Feridas,Plena Noite,Crescente,Nublado,Simples,Rotatória,Sim,0.0,0.0,1.0,1.0,0.0,0.0,1.0,1.0,SPRF-ES,DEL01-ES,UOP02-DEL01-ES,0,moderado
2025-09-12,20:30,2025-09-12 20:30:00,2025.0,9.0,sexta,20.0,noite,ES,VIANA,True,262.0,BR-262,17.2,-20.3879314,-40.476268,Ausência de reação do condutor,Colisão transversal,Com Vítimas Feridas,Plena Noite,Decrescente,Céu Claro,Simples,Reta,Sim,0.0,1.0,0.0,1.0,2.0,0.0,3.0,3.0,SPRF-ES,DEL01-ES,UOP01-DEL01-ES,1,grave
2025-09-12,19:50,2025-09-12 19:50:00,2025.0,9.0,sexta,19.0,noite,ES,CACHOEIRO DE ITAPEMIRIM,False,393.0,BR-393,1.0,-20.838637,-41.163564,Velocidade Incompatível,Atropelamento de Pedestre,Com Vítimas Feridas,Plena Noite,Crescente,Garoa/Chuvisco,Simples,Aclive;Reta,Sim,0.0,1.0,1.0,2.0,0.0,0.0,2.0,2.0,SPRF-ES,DEL03-ES,UOP02-DEL03-ES,1,grave
2025-09-12,22:20,2025-09-12 22:20:00,2025.0,9.0,sexta,22.0,noite,ES,CARIACICA,True,101.0,BR-101,289.0,-20.2800176,-40.39296269,Velocidade Incompatível,Colisão com objeto,Sem Vítimas,Plena Noite,Crescente,Chuva,Dupla,Reta,Sim,0.0,0.0,0.0,0.0,0.0,1.0,1.0,1.0,SPRF-ES,DEL01-ES,UOP01-DEL01-ES,0,baixo
2025-09-13,01:20,2025-09-13 01:20:00,2025.0,9.0,sabado,1.0,madrugada,ES,LINHARES,False,101.0,BR-101,137.9,-19.29178283,-40.08619308,Ingestão de álcool pelo condutor,Colisão com objeto,Sem Vítimas,Plena Noite,Crescente,Céu Claro,Simples,Interseção de Vias,Não,0.0,0.0,0.0,0.0,1.0,0.0,1.0,1.0,SPRF-ES,DEL04-ES,UOP01-DEL04-ES,0,baixo
2025-09-13,03:05,2025-09-13 03:05:00,2025.0,9.0,sabado,3.0,madrugada,ES,SERRA,True,101.0,BR-101,4.3,-20.0987588,-40.3533874,Ausência de reação do condutor,Saída de leito carroçável,Sem Vítimas,Plena Noite,Decrescente,Nublado,Dupla,Curva,Não,0.0,0.0,0.0,0.0,2.0,1.0,1.0,3.0,SPRF-ES,DEL04-ES,UOP02-DEL04-ES,0,baixo
2025-09-13,06:30,2025-09-13 06:30:00,2025.0,9.0,sabado,6.0,manha,ES,LINHARES,False,101.0,BR-101,141.0,-19.3262728,-40.07184146,Velocidade Incompatível,Colisão traseira,Com Vítimas Feridas,Pleno dia,Crescente,Nublado,Dupla,Reta,Sim,0.0,2.0,0.0,2.0,0.0,1.0,2.0,3.0,SPRF-ES,DEL04-ES,UOP01-DEL04-ES,1,grave
2025-09-06,11:05,2025-09-06 11:05:00,2025.0,9.0,sabado,11.0,manha,ES,MARECHAL FLORIANO,False,262.0,BR-262,46.0,-20.4025813,-40.6719234,Retorno proibido,Colisão transversal,Com Vítimas Feridas,Pleno dia,Crescente,Céu Claro,Simples,Declive;Reta,Sim,0.0,0.0,1.0,1.0,1.0,0.0,2.0,2.0,SPRF-ES,DEL01-ES,UOP01-DEL01-ES,0,moderado
2025-09-13,13:50,2025-09-13 13:50:00,2025.0,9.0,sabado,13.0,tarde,ES,GUARAPARI,True,101.0,BR-101,331.8,-20.60633483,-40.50646305,Acumulo de água sobre o pavimento,Saída de leito carroçável,Com Vítimas Feridas,Pleno dia,Crescente,Chuva,Dupla,Reta,Não,0.0,0.0,1.0,1.0,0.0,0.0,1.0,1.0,SPRF-ES,DEL03-ES,UOP01-DEL03-ES,0,moderado
2025-09-13,14:20,2025-09-13 14:20:00,2025.0,9.0,sabado,14.0,tarde,ES,MARECHAL FLORIANO,False,262.0,BR-262,43.1,-20.38445,-40.66377,Demais falhas mecânicas ou elétricas,Incêndio,Sem Vítimas,Pleno dia,Crescente,Chuva,Simples,Curva;Declive,Não,0.0,0.0,0.0,0.0,2.0,0.0,1.0,2.0,SPRF-ES,DEL01-ES,UOP01-DEL01-ES,0,baixo
2025-09-13,14:50,2025-09-13 14:50:00,2025.0,9.0,sabado,14.0,tarde,ES,CARIACICA,True,101.0,BR-101,284.0,-20.246943,-40.369971,Reação tardia ou ineficiente do condutor,Colisão traseira,Com Vítimas Feridas,Pleno dia,Crescente,Chuva,Dupla,Reta;Declive,Não,0.0,0.0,1.0,1.0,1.0,0.0,2.0,2.0,SPRF-ES,DEL01-ES,UOP01-DEL01-ES,0,moderado
2025-09-13,18:30,2025-09-13 18:30:00,2025.0,9.0,sabado,18.0,noite,ES,LINHARES,False,101.0,BR-101,140.7,-19.32477737,-40.07266092,Ingestão de álcool pelo condutor,Colisão lateral mesmo sentido,Sem Vítimas,Plena Noite,Decrescente,Nublado,Múltipla,Reta,Sim,0.0,0.0,0.0,0.0,2.0,0.0,2.0,2.0,SPRF-ES,DEL04-ES,UOP01-DEL04-ES,0,baixo
2025-09-14,04:50,2025-09-14 04:50:00,2025.0,9.0,domingo,4.0,madrugada,ES,CARIACICA,True,101.0,BR-101,293.2,-20.3186199,-40.3969695,Velocidade Incompatível,Saída de leito carroçável,Com Vítimas Feridas,Plena Noite,Decrescente,Céu Claro,Múltipla,Reta,Não,0.0,1.0,0.0,1.0,0.0,0.0,1.0,1.0,SPRF-ES,DEL01-ES,UOP01-DEL01-ES,1,grave
2025-09-14,10:20,2025-09-14 10:20:00,2025.0,9.0,domingo,10.0,manha,ES,LINHARES,False,101.0,BR-101,170.3,-19.55218,-40.170038,Demais falhas mecânicas ou elétricas,Tombamento,Com Vítimas Feridas,Pleno dia,Crescente,Nublado,Simples,Reta,Não,0.0,1.0,0.0,1.0,1.0,0.0,1.0,2.0,SPRF-ES,DEL04-ES,UOP01-DEL04-ES,1,grave
2025-09-14,16:20,2025-09-14 16:20:00,2025.0,9.0,domingo,16.0,tarde,ES,MARECHAL FLORIANO,False,262.0,BR-262,63.7,-20.412165,-40.858965,Condutor Dormindo,Colisão frontal,Com Vítimas Feridas,Pleno dia,Crescente,Nublado,Simples,Reta,Não,0.0,4.0,1.0,5.0,0.0,0.0,2.0,5.0,SPRF-ES,DEL01-ES,UOP02-DEL01-ES,1,grave
2025-09-14,17:00,2025-09-14 17:00:00,2025.0,9.0,domingo,17.0,tarde,ES,CACHOEIRO DE ITAPEMIRIM,False,393.0,BR-393,2.2,-20.8327139,-41.1761915,Pedestre - Ingestão de álcool/ substâncias psicoativas,Atropelamento de Pedestre,Com Vítimas Feridas,Pleno dia,Crescente,Nublado,Simples,Reta,Sim,0.0,0.0,1.0,1.0,0.0,1.0,2.0,2.0,SPRF-ES,DEL03-ES,UOP02-DEL03-ES,0,moderado
2025-09-14,19:10,2025-09-14 19:10:00,2025.0,9.0,domingo,19.0,noite,ES,SERRA,True,101.0,BR-101,266.4,-20.19440188,-40.26848317,Pedestre cruzava a pista fora da faixa,Atropelamento de Pedestre,Com Vítimas Feridas,Plena Noite,Crescente,Céu Claro,Dupla,Reta,Sim,0.0,0.0,1.0,1.0,0.0,0.0,1.0,1.0,SPRF-ES,DEL02-ES,UOP01-DEL02-ES,0,moderado
2025-09-14,19:45,2025-09-14 19:45:00,2025.0,9.0,domingo,19.0,noite,ES,ARACRUZ,False,101.0,BR-101,174.0,-19.5808007,-40.1880271,Condutor deixou de manter distância do veículo da frente,Colisão traseira,Sem Vítimas,Plena Noite,Crescente,Céu Claro,Simples,Reta,Sim,0.0,0.0,0.0,0.0,4.0,0.0,2.0,4.0,SPRF-ES,DEL04-ES,UOP01-DEL04-ES,0,baixo
2025-09-14,19:00,2025-09-14 19:00:00,2025.0,9.0,domingo,19.0,noite,ES,CARIACICA,True,101.0,BR-101,287.5,-20.27904545,-40.39281964,Reação tardia ou ineficiente do condutor,Colisão com objeto,Sem Vítimas,Plena Noite,Crescente,Nublado,Dupla,Reta,Sim,0.0,0.0,0.0,0.0,1.0,0.0,1.0,1.0,SPRF-ES,DEL01-ES,UOP01-DEL01-ES,0,baixo
2025-09-16,07:30,2025-09-16 07:30:00,2025.0,9.0,terca,7.0,manha,ES,COLATINA,False,259.0,BR-259,51.0,-19.5044513,-40.61286002,Ausência de reação do condutor,Tombamento,Com Vítimas Feridas,Pleno dia,Decrescente,Chuva,Simples,Reta,Não,0.0,1.0,0.0,1.0,0.0,0.0,1.0,1.0,SPRF-ES,DEL02-ES,UOP01-DEL02-ES,1,grave
2025-09-16,08:40,2025-09-16 08:40:00,2025.0,9.0,terca,8.0,manha,ES,CACHOEIRO DE ITAPEMIRIM,False,393.0,BR-393,1.0,-20.83999696,-41.16072742,Ausência de reação do condutor,Colisão traseira,Com Vítimas Feridas,Pleno dia,Crescente,Sol,Simples,Reta;Interseção de Vias,Sim,0.0,0.0,1.0,1.0,1.0,0.0,2.0,2.0,SPRF-ES,DEL03-ES,UOP02-DEL03-ES,0,moderado
2025-09-13,12:00,2025-09-13 12:00:00,2025.0,9.0,sabado,12.0,tarde,ES,MARECHAL FLORIANO,False,262.0,BR-262,56.2,-20.413767,-40.7590073,Avarias e/ou desgaste excessivo no pneu,Saída de leito carroçável,Com Vítimas Feridas,Pleno dia,Crescente,Chuva,Simples,Retorno Regulamentado,Não,0.0,1.0,1.0,2.0,0.0,0.0,1.0,2.0,SPRF-ES,DEL01-ES,UOP01-DEL01-ES,1,grave
2025-09-16,09:10,2025-09-16 09:10:00,2025.0,9.0,terca,9.0,manha,ES,ARACRUZ,False,101.0,BR-101,157.8,-19.638385,-40.2263254,Condutor Dormindo,Colisão com objeto,Com Vítimas Feridas,Pleno dia,Crescente,Céu Claro,Simples,Reta,Não,0.0,0.0,1.0,1.0,0.0,0.0,1.0,1.0,SPRF-ES,DEL04-ES,UOP01-DEL04-ES,0,moderado
2025-09-16,10:10,2025-09-16 10:10:00,2025.0,9.0,terca,10.0,manha,ES,SERRA,True,101.0,BR-101,264.5,-20.17825181,-40.26548018,Acesso irregular,Colisão transversal,Com Vítimas Feridas,Pleno dia,Crescente,Garoa/Chuvisco,Dupla,Reta,Não,0.0,0.0,1.0,1.0,0.0,1.0,2.0,2.0,SPRF-ES,DEL02-ES,UOP01-DEL02-ES,0,moderado
2025-09-16,12:15,2025-09-16 12:15:00,2025.0,9.0,terca,12.0,tarde,ES,VILA VELHA,True,447.0,BR-447,13.9,-20.35011936,-40.33327818,Condutor deixou de manter distância do veículo da frente,Colisão traseira,Com Vítimas Feridas,Pleno dia,Crescente,Céu Claro,Dupla,Reta,Sim,0.0,0.0,1.0,1.0,1.0,0.0,2.0,2.0,SPRF-ES,DEL01-ES,UOP01-DEL01-ES,0,moderado
2025-09-16,13:00,2025-09-16 13:00:00,2025.0,9.0,terca,13.0,tarde,ES,VIANA,True,262.0,BR-262,17.0,-20.38662993,-40.47324657,Acessar a via sem observar a presença dos outros veículos,Colisão transversal,Com Vítimas Feridas,Pleno dia,Decrescente,Sol,Simples,Reta,Sim,0.0,0.0,1.0,1.0,1.0,0.0,2.0,2.0,SPRF-ES,DEL01-ES,UOP01-DEL01-ES,0,moderado
2025-09-16,15:00,2025-09-16 15:00:00,2025.0,9.0,terca,15.0,tarde,ES,VENDA NOVA DO IMIGRANTE,False,262.0,BR-262,104.0,-20.329835,-41.131113,Ausência de reação do condutor,Colisão traseira,Com Vítimas Feridas,Pleno dia,Crescente,Céu Claro,Simples,Reta,Sim,0.0,0.0,1.0,1.0,1.0,0.0,2.0,2.0,SPRF-ES,DEL01-ES,UOP02-DEL01-ES,0,moderado
2025-09-13,06:55,2025-09-13 06:55:00,2025.0,9.0,sabado,6.0,manha,ES,CONCEICAO DA BARRA,False,101.0,BR-101,31.0,-18.41689798,-39.93602411,Reação tardia ou ineficiente do condutor,Tombamento,Com Vítimas Feridas,Pleno dia,Decrescente,Nublado,Simples,Aclive;Reta,Não,0.0,0.0,1.0,1.0,0.0,0.0,1.0,1.0,SPRF-ES,DEL04-ES,UOP02-DEL04-ES,0,moderado
2025-09-16,17:15,2025-09-16 17:15:00,2025.0,9.0,terca,17.0,tarde,ES,LINHARES,False,101.0,BR-101,147.1,-19.38002066,-40.0666666,Acessar a via sem observar a presença dos outros veículos,Colisão transversal,Com Vítimas Feridas,Pleno dia,Decrescente,Céu Claro,Múltipla,Reta;Interseção de Vias,Sim,0.0,0.0,2.0,2.0,1.0,0.0,2.0,3.0,SPRF-ES,DEL04-ES,UOP01-DEL04-ES,0,moderado
2025-09-17,16:00,2025-09-17 16:00:00,2025.0,9.0,quarta,16.0,tarde,ES,SAO MATEUS,False,101.0,BR-101,67.5,-18.722397,-39.861909,Condutor desrespeitou a iluminação vermelha do semáforo,Colisão transversal,Com Vítimas Feridas,Pleno dia,Decrescente,Céu Claro,Múltipla,Interseção de Vias,Sim,0.0,0.0,1.0,1.0,1.0,0.0,2.0,2.0,SPRF-ES,DEL04-ES,UOP02-DEL04-ES,0,moderado
2025-09-18,07:00,2025-09-18 07:00:00,2025.0,9.0,quinta,7.0,manha,ES,VIANA,True,262.0,BR-262,16.0,-20.38418159,-40.46709438,Acessar a via sem observar a presença dos outros veículos,Colisão transversal,Com Vítimas Feridas,Pleno dia,Crescente,Nublado,Simples,Curva,Não,0.0,0.0,1.0,1.0,1.0,0.0,2.0,2.0,SPRF-ES,DEL01-ES,UOP01-DEL01-ES,0,moderado
2025-09-18,07:40,2025-09-18 07:40:00,2025.0,9.0,quinta,7.0,manha,ES,FUNDAO,True,101.0,BR-101,236.5,-19.991428,-40.414103,Ausência de reação do condutor,Colisão lateral sentido oposto,Com Vítimas Feridas,Pleno dia,Crescente,Chuva,Simples,Curva,Não,0.0,1.0,0.0,1.0,1.0,0.0,2.0,2.0,SPRF-ES,DEL02-ES,UOP01-DEL02-ES,1,grave
2025-09-18,18:25,2025-09-18 18:25:00,2025.0,9.0,quinta,18.0,noite,ES,SOORETAMA,False,101.0,BR-101,127.0,-19.203053,-40.09563,Desrespeitar a preferência no cruzamento,Colisão transversal,Com Vítimas Feridas,Plena Noite,Crescente,Céu Claro,Simples,Interseção de Vias,Sim,0.0,0.0,1.0,1.0,1.0,0.0,2.0,2.0,SPRF-ES,DEL04-ES,UOP01-DEL04-ES,0,moderado
2025-09-18,19:10,2025-09-18 19:10:00,2025.0,9.0,quinta,19.0,noite,ES,SERRA,True,101.0,BR-101,268.9,-20.216857,-40.270283,Acessar a via sem observar a presença dos outros veículos,Colisão traseira,Com Vítimas Feridas,Plena Noite,Crescente,Céu Claro,Dupla,Reta,Sim,0.0,0.0,2.0,2.0,2.0,0.0,3.0,4.0,SPRF-ES,DEL02-ES,UOP01-DEL02-ES,0,moderado
2025-09-19,06:40,2025-09-19 06:40:00,2025.0,9.0,sexta,6.0,manha,ES,SERRA,True,101.0,BR-101,268.5,-20.21246,-40.26983,Trafegar com motocicleta (ou similar) entre as faixas,Colisão lateral mesmo sentido,Com Vítimas Feridas,Pleno dia,Crescente,Nublado,Múltipla,Reta,Não,0.0,0.0,3.0,3.0,1.0,0.0,4.0,4.0,SPRF-ES,DEL02-ES,UOP01-DEL02-ES,0,moderado
2025-09-19,08:41,2025-09-19 08:41:00,2025.0,9.0,sexta,8.0,manha,ES,CARIACICA,True,101.0,BR-101,291.8,-20.30533515,-40.3951149,Manobra de mudança de faixa,Colisão lateral mesmo sentido,Com Vítimas Feridas,Pleno dia,Decrescente,Céu Claro,Dupla,Reta,Sim,0.0,0.0,1.0,1.0,1.0,0.0,2.0,2.0,SPRF-ES,DEL01-ES,UOP01-DEL01-ES,0,moderado
2025-09-19,11:40,2025-09-19 11:40:00,2025.0,9.0,sexta,11.0,manha,ES,SERRA,True,101.0,BR-101,259.2,-20.1434,-40.2921,Reação tardia ou ineficiente do condutor,Tombamento,Com Vítimas Feridas,Pleno dia,Decrescente,Chuva,Simples,Curva;Declive,Sim,0.0,0.0,1.0,1.0,0.0,0.0,1.0,1.0,SPRF-ES,DEL02-ES,UOP01-DEL02-ES,0,moderado
2025-09-18,20:40,2025-09-18 20:40:00,2025.0,9.0,quinta,20.0,noite,ES,CONCEICAO DA BARRA,False,101.0,BR-101,53.7,-18.60520724,-39.88660812,Ultrapassagem Indevida,Colisão frontal,Com Vítimas Feridas,Plena Noite,Decrescente,Ignorado,Simples,Interseção de Vias,Sim,0.0,0.0,1.0,1.0,2.0,0.0,2.0,3.0,SPRF-ES,DEL04-ES,UOP02-DEL04-ES,0,moderado
2025-09-19,14:00,2025-09-19 14:00:00,2025.0,9.0,sexta,14.0,tarde,ES,VENDA NOVA DO IMIGRANTE,False,262.0,BR-262,104.0,-20.326355,-41.135758,Mal súbito do condutor,Colisão com objeto,Com Vítimas Feridas,Pleno dia,Decrescente,Céu Claro,Simples,Reta,Sim,0.0,1.0,0.0,1.0,0.0,0.0,1.0,1.0,SPRF-ES,DEL01-ES,UOP02-DEL01-ES,1,grave
2025-09-19,19:40,2025-09-19 19:40:00,2025.0,9.0,sexta,19.0,noite,ES,LINHARES,False,101.0,BR-101,149.4,-19.40116854,-40.06160259,Condutor desrespeitou a iluminação vermelha do semáforo,Colisão transversal,Com Vítimas Feridas,Plena Noite,Crescente,Céu Claro,Dupla,Interseção de Vias,Sim,0.0,0.0,1.0,1.0,0.0,1.0,2.0,2.0,SPRF-ES,DEL04-ES,UOP01-DEL04-ES,0,moderado
2025-09-20,01:40,2025-09-20 01:40:00,2025.0,9.0,sabado,1.0,madrugada,ES,IBATIBA,False,262.0,BR-262,159.1,-20.23425547,-41.50624663,Ingestão de álcool pelo condutor,Colisão traseira,Com Vítimas Feridas,Plena Noite,Crescente,Garoa/Chuvisco,Simples,Reta,Sim,0.0,0.0,1.0,1.0,0.0,1.0,2.0,2.0,SPRF-ES,DEL01-ES,UOP02-DEL01-ES,0,moderado
2025-09-20,04:00,2025-09-20 04:00:00,2025.0,9.0,sabado,4.0,madrugada,ES,LINHARES,False,101.0,BR-101,130.0,-19.15394119,-40.07866144,Redutor de velocidade em desacordo,Colisão traseira,Com Vítimas Feridas,Plena Noite,Crescente,Chuva,Simples,Reta,Não,0.0,1.0,0.0,1.0,2.0,0.0,2.0,3.0,SPRF-ES,DEL04-ES,UOP01-DEL04-ES,1,grave
2025-08-30,11:10,2025-08-30 11:10:00,2025.0,8.0,sabado,11.0,manha,ES,CARIACICA,True,101.0,BR-101,295.6,-20.33713308,-40.40256354,Objeto estático sobre o leito carroçável,Tombamento,Com Vítimas Feridas,Pleno dia,Decrescente,Nublado,Dupla,Reta,Sim,0.0,0.0,1.0,1.0,0.0,0.0,1.0,1.0,SPRF-ES,DEL01-ES,UOP01-DEL01-ES,0,moderado
2025-09-20,11:48,2025-09-20 11:48:00,2025.0,9.0,sabado,11.0,manha,ES,CARIACICA,True,101.0,BR-101,285.7,-20.25761892,-40.37724458,Velocidade Incompatível,Colisão com objeto,Com Vítimas Feridas,Pleno dia,Crescente,Nublado,Dupla,Curva,Sim,0.0,0.0,2.0,2.0,2.0,0.0,1.0,4.0,SPRF-ES,DEL01-ES,UOP01-DEL01-ES,0,moderado
2025-09-20,12:20,2025-09-20 12:20:00,2025.0,9.0,sabado,12.0,tarde,ES,SOORETAMA,False,101.0,BR-101,125.7,-19.19185587,-40.09501876,Transitar na contramão,Colisão transversal,Com Vítimas Feridas,Pleno dia,Decrescente,Céu Claro,Múltipla,Reta,Sim,0.0,0.0,1.0,1.0,1.0,0.0,2.0,2.0,SPRF-ES,DEL04-ES,UOP01-DEL04-ES,0,moderado
2025-09-20,20:42,2025-09-20 20:42:00,2025.0,9.0,sabado,20.0,noite,ES,LINHARES,False,101.0,BR-101,165.2,-19.5159193,-40.14159437,Ingestão de álcool pelo condutor,Colisão lateral sentido oposto,Com Vítimas Feridas,Plena Noite,Crescente,Nublado,Simples,Reta,Não,0.0,0.0,1.0,1.0,1.0,0.0,2.0,2.0,SPRF-ES,DEL04-ES,UOP01-DEL04-ES,0,moderado
2025-09-20,21:40,2025-09-20 21:40:00,2025.0,9.0,sabado,21.0,noite,ES,DOMINGOS MARTINS,False,262.0,BR-262,96.0,-20.36377915,-41.06758118,Reação tardia ou ineficiente do condutor,Tombamento,Com Vítimas Feridas,Plena Noite,Crescente,Céu Claro,Simples,Reta,Não,0.0,1.0,0.0,1.0,0.0,1.0,2.0,2.0,SPRF-ES,DEL01-ES,UOP02-DEL01-ES,1,grave
2025-09-20,21:50,2025-09-20 21:50:00,2025.0,9.0,sabado,21.0,noite,ES,SERRA,True,101.0,BR-101,263.0,-20.0538237,-40.3802811,Manobra de mudança de faixa,Colisão lateral mesmo sentido,Com Vítimas Feridas,Plena Noite,Crescente,Garoa/Chuvisco,Dupla,Reta,Não,0.0,1.0,0.0,1.0,0.0,1.0,2.0,2.0,SPRF-ES,DEL02-ES,UOP01-DEL02-ES,1,grave
2025-09-20,23:50,2025-09-20 23:50:00,2025.0,9.0,sabado,23.0,noite,ES,LINHARES,False,101.0,BR-101,144.8,-19.36004222,-40.06426243,Reação tardia ou ineficiente do condutor,Colisão traseira,Sem Vítimas,Plena Noite,Decrescente,Chuva,Dupla,Reta,Sim,0.0,0.0,0.0,0.0,2.0,0.0,2.0,2.0,SPRF-ES,DEL04-ES,UOP01-DEL04-ES,0,baixo
2025-09-21,01:15,2025-09-21 01:15:00,2025.0,9.0,domingo,1.0,madrugada,ES,GUARAPARI,True,101.0,BR-101,337.4,-20.63816595,-40.54384232,Animais na Pista,Atropelamento de Animal,Com Vítimas Feridas,Plena Noite,Crescente,Céu Claro,Dupla,Reta,Não,0.0,1.0,0.0,1.0,0.0,0.0,1.0,1.0,SPRF-ES,DEL03-ES,UOP01-DEL03-ES,1,grave
2025-09-21,01:45,2025-09-21 01:45:00,2025.0,9.0,domingo,1.0,madrugada,ES,SERRA,True,101.0,BR-101,10.0,-20.14201594,-40.34145355,Sinalização mal posicionada,Tombamento,Com Vítimas Feridas,Plena Noite,Crescente,Céu Claro,Dupla,Em Obras;Reta,Não,0.0,0.0,1.0,1.0,1.0,0.0,1.0,2.0,SPRF-ES,DEL02-ES,UOP01-DEL02-ES,0,moderado
2025-09-21,04:45,2025-09-21 04:45:00,2025.0,9.0,domingo,4.0,madrugada,ES,VIANA,True,101.0,BR-101,297.5,-20.349968,-40.412722,Reação tardia ou ineficiente do condutor,Saída de leito carroçável,Com Vítimas Feridas,Amanhecer,Crescente,Céu Claro,Dupla,Reta,Sim,0.0,1.0,0.0,1.0,1.0,0.0,1.0,2.0,SPRF-ES,DEL01-ES,UOP01-DEL01-ES,1,grave
2025-09-21,03:45,2025-09-21 03:45:00,2025.0,9.0,domingo,3.0,madrugada,ES,FUNDAO,True,101.0,BR-101,239.0,-20.01000923,-40.4068771,Velocidade Incompatível,Capotamento,Sem Vítimas,Plena Noite,Crescente,Nublado,Simples,Curva,Não,0.0,0.0,0.0,0.0,0.0,1.0,1.0,1.0,SPRF-ES,DEL02-ES,UOP01-DEL02-ES,0,baixo
2025-09-21,10:20,2025-09-21 10:20:00,2025.0,9.0,domingo,10.0,manha,ES,SERRA,True,101.0,BR-101,263.0,-20.169558,-40.269888,Avarias e/ou desgaste excessivo no pneu,Queda de ocupante de veículo,Com Vítimas Feridas,Pleno dia,Decrescente,Céu Claro,Dupla,Reta,Sim,0.0,0.0,1.0,1.0,1.0,0.0,1.0,2.0,SPRF-ES,DEL02-ES,UOP01-DEL02-ES,0,moderado
2025-09-21,10:45,2025-09-21 10:45:00,2025.0,9.0,domingo,10.0,manha,ES,VIANA,True,262.0,BR-262,19.0,-20.392183,-40.489528,Desrespeitar a preferência no cruzamento,Colisão transversal,Com Vítimas Feridas,Pleno dia,Crescente,Céu Claro,Simples,Reta,Sim,0.0,2.0,0.0,2.0,1.0,0.0,2.0,3.0,SPRF-ES,DEL01-ES,UOP01-DEL01-ES,1,grave
2025-09-21,13:30,2025-09-21 13:30:00,2025.0,9.0,domingo,13.0,tarde,ES,LINHARES,False,101.0,BR-101,148.2,-19.39013185,-40.06743732,Velocidade Incompatível,Saída de leito carroçável,Com Vítimas Feridas,Pleno dia,Decrescente,Céu Claro,Múltipla,Curva,Sim,0.0,0.0,1.0,1.0,0.0,0.0,1.0,1.0,SPRF-ES,DEL04-ES,UOP01-DEL04-ES,0,moderado
2025-09-21,15:50,2025-09-21 15:50:00,2025.0,9.0,domingo,15.0,tarde,ES,DOMINGOS MARTINS,False,262.0,BR-262,94.3,-20.37114932,-41.06050182,Frear bruscamente,Colisão traseira,Com Vítimas Feridas,Pleno dia,Crescente,Sol,Simples,Curva,Não,0.0,0.0,1.0,1.0,1.0,0.0,2.0,2.0,SPRF-ES,DEL01-ES,UOP02-DEL01-ES,0,moderado
2025-09-21,19:50,2025-09-21 19:50:00,2025.0,9.0,domingo,19.0,noite,ES,MARECHAL FLORIANO,False,262.0,BR-262,45.0,-20.40135084,-40.6722784,Reação tardia ou ineficiente do condutor,Colisão lateral sentido oposto,Sem Vítimas,Plena Noite,Crescente,Chuva,Simples,Reta;Aclive,Sim,0.0,0.0,0.0,0.0,1.0,2.0,2.0,3.0,SPRF-ES,DEL01-ES,UOP01-DEL01-ES,0,baixo
2025-09-21,20:00,2025-09-21 20:00:00,2025.0,9.0,domingo,20.0,noite,ES,VIANA,True,262.0,BR-262,26.0,-20.38249,-40.55027,Velocidade Incompatível,Colisão lateral sentido oposto,Com Vítimas Feridas,Plena Noite,Crescente,Céu Claro,Simples,Curva;Declive,Não,0.0,0.0,2.0,2.0,2.0,0.0,2.0,4.0,SPRF-ES,DEL01-ES,UOP01-DEL01-ES,0,moderado
2025-09-21,22:10,2025-09-21 22:10:00,2025.0,9.0,domingo,22.0,noite,ES,SERRA,True,101.0,BR-101,266.0,-20.195246,-40.26891,Acessar a via sem observar a presença dos outros veículos,Colisão transversal,Com Vítimas Feridas,Plena Noite,Crescente,Nublado,Dupla,Reta,Sim,0.0,0.0,3.0,3.0,1.0,0.0,2.0,4.0,SPRF-ES,DEL02-ES,UOP01-DEL02-ES,0,moderado
2025-09-22,06:50,2025-09-22 06:50:00,2025.0,9.0,segunda,6.0,manha,ES,VIANA,True,101.0,BR-101,298.0,-20.3530172,-40.417406,Demais falhas mecânicas ou elétricas,Queda de ocupante de veículo,Com Vítimas Feridas,Pleno dia,Decrescente,Céu Claro,Dupla,Reta,Sim,0.0,0.0,2.0,2.0,0.0,0.0,1.0,2.0,SPRF-ES,DEL01-ES,UOP01-DEL01-ES,0,moderado
2025-09-22,13:40,2025-09-22 13:40:00,2025.0,9.0,segunda,13.0,tarde,ES,SERRA,True,101.0,BR-101,270.0,-20.22996,-40.273005,Condutor deixou de manter distância do veículo da frente,Colisão traseira,Com Vítimas Feridas,Pleno dia,Crescente,Céu Claro,Múltipla,Reta,Sim,0.0,0.0,1.0,1.0,3.0,0.0,2.0,4.0,SPRF-ES,DEL02-ES,UOP01-DEL02-ES,0,moderado
2025-09-22,16:50,2025-09-22 16:50:00,2025.0,9.0,segunda,16.0,tarde,ES,COLATINA,False,259.0,BR-259,49.9,-19.50527784,-40.61129809,Transitar na contramão,Colisão frontal,Com Vítimas Feridas,Pleno dia,Crescente,Ignorado,Simples,Reta,Não,0.0,1.0,0.0,1.0,1.0,0.0,2.0,2.0,SPRF-ES,DEL02-ES,UOP01-DEL02-ES,1,grave
2025-09-22,20:05,2025-09-22 20:05:00,2025.0,9.0,segunda,20.0,noite,ES,ICONHA,False,101.0,BR-101,379.9,-20.80603192,-40.8319637,Ausência de reação do condutor,Colisão transversal,Com Vítimas Feridas,Plena Noite,Crescente,Nublado,Simples,Curva,Não,0.0,0.0,2.0,2.0,0.0,0.0,2.0,2.0,SPRF-ES,DEL03-ES,UOP01-DEL03-ES,0,moderado
2025-09-22,22:00,2025-09-22 22:00:00,2025.0,9.0,segunda,22.0,noite,ES,SAO MATEUS,False,101.0,BR-101,58.0,-18.65416,-39.871907,Reação tardia ou ineficiente do condutor,Colisão traseira,Com Vítimas Feridas,Plena Noite,Decrescente,Céu Claro,Simples,Reta,Não,0.0,0.0,1.0,1.0,0.0,1.0,2.0,2.0,SPRF-ES,DEL04-ES,UOP02-DEL04-ES,0,moderado
2025-09-23,01:10,2025-09-23 01:10:00,2025.0,9.0,terca,1.0,madrugada,ES,GUARAPARI,True,101.0,BR-101,335.0,-20.6270669,-40.5281334,Acumulo de água sobre o pavimento,Saída de leito carroçável,Com Vítimas Feridas,Plena Noite,Decrescente,Chuva,Dupla,Reta,Não,0.0,1.0,0.0,1.0,0.0,0.0,1.0,1.0,SPRF-ES,DEL03-ES,UOP01-DEL03-ES,1,grave
2025-08-26,10:00,2025-08-26 10:00:00,2025.0,8.0,terca,10.0,manha,ES,SOORETAMA,False,101.0,BR-101,127.0,-19.20053991,-40.09534612,Ausência de reação do condutor,Colisão com objeto,Com Vítimas Feridas,Pleno dia,Decrescente,Céu Claro,Dupla,Curva,Sim,0.0,1.0,0.0,1.0,0.0,0.0,1.0,1.0,SPRF-ES,DEL04-ES,UOP01-DEL04-ES,1,grave
2025-09-23,07:30,2025-09-23 07:30:00,2025.0,9.0,terca,7.0,manha,ES,VENDA NOVA DO IMIGRANTE,False,262.0,BR-262,99.0,-20.35425615,-41.08938217,Ultrapassagem Indevida,Colisão transversal,Com Vítimas Feridas,Pleno dia,Crescente,Sol,Simples,Curva,Não,0.0,0.0,1.0,1.0,1.0,0.0,2.0,2.0,SPRF-ES,DEL01-ES,UOP02-DEL01-ES,0,moderado
2025-09-23,11:40,2025-09-23 11:40:00,2025.0,9.0,terca,11.0,manha,ES,SERRA,True,101.0,BR-101,266.5,-20.19568333,-40.268765,Condutor desrespeitou a iluminação vermelha do semáforo,Colisão transversal,Com Vítimas Feridas,Pleno dia,Decrescente,Nublado,Múltipla,Reta,Sim,0.0,0.0,1.0,1.0,1.0,0.0,2.0,2.0,SPRF-ES,DEL02-ES,UOP01-DEL02-ES,0,moderado
2025-08-18,20:35,2025-08-18 20:35:00,2025.0,8.0,segunda,20.0,noite,ES,CARIACICA,True,101.0,BR-101,292.0,-20.30832089,-40.39475441,Reação tardia ou ineficiente do condutor,Tombamento,Com Vítimas Feridas,Plena Noite,Decrescente,Céu Claro,Dupla,Reta,Não,0.0,0.0,2.0,2.0,0.0,0.0,1.0,2.0,SPRF-ES,DEL01-ES,UOP01-DEL01-ES,0,moderado
2025-09-24,08:30,2025-09-24 08:30:00,2025.0,9.0,quarta,8.0,manha,ES,VIANA,True,101.0,BR-101,298.0,-20.34983965,-40.41262719,Demais falhas mecânicas ou elétricas,Incêndio,Sem Vítimas,Pleno dia,Crescente,Céu Claro,Dupla,Reta,Sim,0.0,0.0,0.0,0.0,1.0,0.0,1.0,1.0,SPRF-ES,DEL01-ES,UOP01-DEL01-ES,0,baixo
2025-09-19,23:15,2025-09-19 23:15:00,2025.0,9.0,sexta,23.0,noite,ES,ANCHIETA,False,101.0,BR-101,361.3,-20.7117281,-40.72364537,Ausência de sinalização,Colisão traseira,Com Vítimas Feridas,Plena Noite,Decrescente,Nublado,Simples,Reta,Não,0.0,0.0,1.0,1.0,1.0,0.0,2.0,2.0,SPRF-ES,DEL03-ES,UOP01-DEL03-ES,0,moderado
2025-08-02,07:30,2025-08-02 07:30:00,2025.0,8.0,sabado,7.0,manha,ES,LINHARES,False,101.0,BR-101,141.0,-19.327912,-40.070822,Reação tardia ou ineficiente do condutor,Colisão com objeto,Com Vítimas Feridas,Pleno dia,Decrescente,Céu Claro,Simples,Reta,Sim,0.0,1.0,0.0,1.0,0.0,0.0,1.0,1.0,SPRF-ES,DEL04-ES,UOP01-DEL04-ES,1,grave
2025-09-25,08:00,2025-09-25 08:00:00,2025.0,9.0,quinta,8.0,manha,ES,MUNIZ FREIRE,False,101.0,BR-101,137.0,-20.23568,-41.351067,Velocidade Incompatível,Queda de ocupante de veículo,Com Vítimas Feridas,Pleno dia,Decrescente,Chuva,Simples,Curva,Não,0.0,1.0,0.0,1.0,0.0,0.0,1.0,1.0,SPRF-ES,DEL04-ES,UOP01-DEL04-ES,1,grave
2025-09-25,17:50,2025-09-25 17:50:00,2025.0,9.0,quinta,17.0,tarde,ES,LINHARES,False,101.0,BR-101,143.8,-19.35054897,-40.06320144,Condutor deixou de manter distância do veículo da frente,Colisão traseira,Com Vítimas Feridas,Plena Noite,Decrescente,Garoa/Chuvisco,Múltipla,Declive;Reta,Sim,0.0,0.0,2.0,2.0,0.0,1.0,2.0,3.0,SPRF-ES,DEL04-ES,UOP01-DEL04-ES,0,moderado
2025-09-25,19:40,2025-09-25 19:40:00,2025.0,9.0,quinta,19.0,noite,ES,ANCHIETA,False,101.0,BR-101,348.9,-20.65097988,-40.64227865,Entrada inopinada do pedestre,Atropelamento de Pedestre,Com Vítimas Feridas,Plena Noite,Crescente,Chuva,Dupla,Curva,Não,0.0,1.0,0.0,1.0,0.0,1.0,2.0,2.0,SPRF-ES,DEL03-ES,UOP01-DEL03-ES,1,grave
2025-09-26,09:00,2025-09-26 09:00:00,2025.0,9.0,sexta,9.0,manha,ES,IBATIBA,False,262.0,BR-262,166.0,-20.25231103,-41.56551565,Ausência de reação do condutor,Saída de leito carroçável,Com Vítimas Feridas,Pleno dia,Crescente,Sol,Simples,Curva,Não,0.0,1.0,0.0,1.0,0.0,0.0,1.0,1.0,SPRF-ES,DEL01-ES,UOP02-DEL01-ES,1,grave
2025-09-26,16:30,2025-09-26 16:30:00,2025.0,9.0,sexta,16.0,tarde,ES,IBIRACU,False,101.0,BR-101,212.7,-19.82021867,-40.36848307,Reação tardia ou ineficiente do condutor,Tombamento,Com Vítimas Feridas,Pleno dia,Crescente,Nublado,Simples,Reta,Sim,0.0,0.0,1.0,1.0,0.0,0.0,1.0,1.0,SPRF-ES,DEL02-ES,UOP01-DEL02-ES,0,moderado
2025-09-27,05:50,2025-09-27 05:50:00,2025.0,9.0,sabado,5.0,madrugada,ES,SERRA,True,101.0,BR-101,264.0,-20.17831568,-40.26548052,Ausência de reação do condutor,Colisão traseira,Sem Vítimas,Pleno dia,Decrescente,Céu Claro,Múltipla,Reta,Sim,0.0,0.0,0.0,0.0,0.0,1.0,1.0,1.0,SPRF-ES,DEL02-ES,UOP01-DEL02-ES,0,baixo
2025-09-27,06:50,2025-09-27 06:50:00,2025.0,9.0,sabado,6.0,manha,ES,CARIACICA,True,101.0,BR-101,293.8,-20.321424,-40.395868,Reação tardia ou ineficiente do condutor,Capotamento,Sem Vítimas,Amanhecer,Crescente,Céu Claro,Múltipla,Curva,Não,0.0,0.0,0.0,0.0,0.0,1.0,1.0,1.0,SPRF-ES,DEL01-ES,UOP01-DEL01-ES,0,baixo
2025-09-26,22:15,2025-09-26 22:15:00,2025.0,9.0,sexta,22.0,noite,ES,MARECHAL FLORIANO,False,262.0,BR-262,64.9,-20.414308,-40.82534,Reação tardia ou ineficiente do condutor,Saída de leito carroçável,Com Vítimas Feridas,Plena Noite,Decrescente,Nublado,Simples,Curva;Aclive,Não,0.0,0.0,1.0,1.0,0.0,0.0,1.0,1.0,SPRF-ES,DEL01-ES,UOP02-DEL01-ES,0,moderado
2025-09-27,12:29,2025-09-27 12:29:00,2025.0,9.0,sabado,12.0,tarde,ES,DOMINGOS MARTINS,False,262.0,BR-262,30.0,-20.37439035,-40.56467625,Retorno proibido,Colisão transversal,Com Vítimas Feridas,Pleno dia,Crescente,Céu Claro,Simples,Aclive;Curva,Não,0.0,0.0,1.0,1.0,1.0,0.0,2.0,2.0,SPRF-ES,DEL01-ES,UOP01-DEL01-ES,0,moderado
2025-09-27,15:35,2025-09-27 15:35:00,2025.0,9.0,sabado,15.0,tarde,ES,SAO MATEUS,False,101.0,BR-101,65.0,-18.71775866,-39.87254904,Ausência de reação do condutor,Atropelamento de Pedestre,Com Vítimas Feridas,Pleno dia,Crescente,Céu Claro,Simples,Reta,Sim,0.0,0.0,1.0,1.0,0.0,1.0,2.0,2.0,SPRF-ES,DEL04-ES,UOP02-DEL04-ES,0,moderado
2025-09-27,17:05,2025-09-27 17:05:00,2025.0,9.0,sabado,17.0,tarde,ES,IBIRACU,False,101.0,BR-101,210.8,-19.8042291,-40.3678401,Ultrapassagem Indevida,Colisão lateral mesmo sentido,Com Vítimas Feridas,Pleno dia,Crescente,Céu Claro,Simples,Declive;Reta,Não,0.0,2.0,0.0,2.0,0.0,1.0,3.0,3.0,SPRF-ES,DEL02-ES,UOP01-DEL02-ES,1,grave
2025-09-27,17:45,2025-09-27 17:45:00,2025.0,9.0,sabado,17.0,tarde,ES,SERRA,True,101.0,BR-101,265.0,-20.18478,-40.26714,Reação tardia ou ineficiente do condutor,Colisão com objeto,Com Vítimas Feridas,Anoitecer,Decrescente,Nublado,Dupla,Reta,Sim,0.0,1.0,0.0,1.0,0.0,0.0,1.0,1.0,SPRF-ES,DEL02-ES,UOP01-DEL02-ES,1,grave
2025-09-28,07:30,2025-09-28 07:30:00,2025.0,9.0,domingo,7.0,manha,ES,CARIACICA,True,101.0,BR-101,294.0,-20.32386263,-40.39518356,Velocidade Incompatível,Colisão com objeto,Sem Vítimas,Pleno dia,Decrescente,Sol,Dupla,Curva,Sim,0.0,0.0,0.0,0.0,1.0,0.0,1.0,1.0,SPRF-ES,DEL01-ES,UOP01-DEL01-ES,0,baixo
2025-09-28,15:54,2025-09-28 15:54:00,2025.0,9.0,domingo,15.0,tarde,ES,CARIACICA,True,101.0,BR-101,276.0,-20.22936695,-40.36693812,Conversão proibida,Colisão transversal,Com Vítimas Feridas,Pleno dia,Crescente,Céu Claro,Dupla,Reta,Sim,0.0,1.0,0.0,1.0,1.0,0.0,2.0,2.0,SPRF-ES,DEL02-ES,UOP01-DEL02-ES,1,grave
2025-09-28,17:55,2025-09-28 17:55:00,2025.0,9.0,domingo,17.0,tarde,ES,SERRA,True,101.0,BR-101,247.0,-20.05661658,-40.38008809,Reação tardia ou ineficiente do condutor,Tombamento,Com Vítimas Feridas,Anoitecer,Crescente,Céu Claro,Dupla,Curva;Declive;Em Obras,Não,0.0,0.0,1.0,1.0,0.0,0.0,1.0,1.0,SPRF-ES,DEL02-ES,UOP01-DEL02-ES,0,moderado
2025-09-29,05:44,2025-09-29 05:44:00,2025.0,9.0,segunda,5.0,madrugada,ES,CONCEICAO DO CASTELO,False,262.0,BR-262,116.0,-20.314665,-41.236263,Ingestão de álcool pelo condutor,Tombamento,Com Vítimas Feridas,Amanhecer,Crescente,Céu Claro,Simples,Declive;Curva,Não,0.0,0.0,1.0,1.0,1.0,0.0,1.0,2.0,SPRF-ES,DEL01-ES,UOP02-DEL01-ES,0,moderado
2025-09-29,09:10,2025-09-29 09:10:00,2025.0,9.0,segunda,9.0,manha,ES,PEDRO CANARIO,False,101.0,BR-101,7.1,-18.24019455,-39.95415257,Acessar a via sem observar a presença dos outros veículos,Colisão transversal,Com Vítimas Feridas,Pleno dia,Decrescente,Sol,Simples,Reta;Aclive,Não,0.0,0.0,1.0,1.0,1.0,0.0,2.0,2.0,SPRF-ES,DEL04-ES,UOP02-DEL04-ES,0,moderado
2025-09-29,09:10,2025-09-29 09:10:00,2025.0,9.0,segunda,9.0,manha,ES,DOMINGOS MARTINS,False,262.0,BR-262,77.9,-20.410986,-40.922877,Reação tardia ou ineficiente do condutor,Saída de leito carroçável,Com Vítimas Feridas,Pleno dia,Crescente,Céu Claro,Simples,Curva,Não,0.0,0.0,1.0,1.0,0.0,0.0,1.0,1.0,SPRF-ES,DEL01-ES,UOP02-DEL01-ES,0,moderado
2025-09-29,17:48,2025-09-29 17:48:00,2025.0,9.0,segunda,17.0,tarde,ES,SERRA,True,101.0,BR-101,255.0,-20.11771261,-40.3145078,Ausência de reação do condutor,Colisão frontal,Com Vítimas Feridas,Anoitecer,Crescente,Céu Claro,Simples,Retorno Regulamentado;Interseção de Vias,Sim,0.0,0.0,2.0,2.0,0.0,0.0,2.0,2.0,SPRF-ES,DEL02-ES,UOP01-DEL02-ES,0,moderado
2025-09-30,06:30,2025-09-30 06:30:00,2025.0,9.0,terca,6.0,manha,ES,SERRA,True,101.0,BR-101,276.0,-20.21362718,-40.32226682,Condutor deixou de manter distância do veículo da frente,Colisão traseira,Com Vítimas Feridas,Pleno dia,Crescente,Céu Claro,Dupla,Reta,Não,0.0,2.0,2.0,4.0,0.0,0.0,3.0,4.0,SPRF-ES,DEL02-ES,UOP01-DEL02-ES,1,grave
2025-09-30,08:00,2025-09-30 08:00:00,2025.0,9.0,terca,8.0,manha,ES,ATILIO VIVACQUA,False,393.0,BR-393,1.0,-20.9246929,-41.17000462,Condutor deixou de manter distância do veículo da frente,Colisão traseira,Com Vítimas Feridas,Pleno dia,Crescente,Sol,Simples,Reta,Não,0.0,1.0,0.0,1.0,0.0,0.0,1.0,1.0,SPRF-ES,DEL03-ES,UOP02-DEL03-ES,1,grave
2025-09-30,08:23,2025-09-30 08:23:00,2025.0,9.0,terca,8.0,manha,ES,ARACRUZ,False,101.0,BR-101,189.0,-19.678752,-40.26818991,Ausência de reação do condutor,Saída de leito carroçável,Com Vítimas Feridas,Pleno dia,Crescente,Nublado,Simples,Reta,Não,0.0,0.0,2.0,2.0,0.0,0.0,1.0,2.0,SPRF-ES,DEL04-ES,UOP01-DEL04-ES,0,moderado
2025-09-30,09:00,2025-09-30 09:00:00,2025.0,9.0,terca,9.0,manha,ES,DOMINGOS MARTINS,False,262.0,BR-262,39.0,-20.3802214,-40.63187599,Demais falhas mecânicas ou elétricas,Incêndio,Sem Vítimas,Pleno dia,Crescente,Céu Claro,Simples,Reta,Não,0.0,0.0,0.0,0.0,1.0,0.0,1.0,1.0,SPRF-ES,DEL01-ES,UOP01-DEL01-ES,0,baixo
2025-09-10,17:40,2025-09-10 17:40:00,2025.0,9.0,quarta,17.0,tarde,ES,LINHARES,False,101.0,BR-101,147.0,-19.38553,-40.067417,Acessar a via sem observar a presença dos outros veículos,Colisão traseira,Com Vítimas Feridas,Anoitecer,Crescente,Céu Claro,Simples,Reta,Sim,0.0,0.0,1.0,1.0,1.0,0.0,2.0,2.0,SPRF-ES,DEL04-ES,UOP01-DEL04-ES,0,moderado
2025-09-30,16:32,2025-09-30 16:32:00,2025.0,9.0,terca,16.0,tarde,ES,JAGUARE,False,101.0,BR-101,101.0,-18.99047898,-40.00025209,Declive acentuado,Colisão traseira,Com Vítimas Feridas,Anoitecer,Crescente,Céu Claro,Simples,Declive,Não,0.0,1.0,1.0,2.0,0.0,0.0,2.0,2.0,SPRF-ES,DEL04-ES,UOP02-DEL04-ES,1,grave
2025-09-30,18:15,2025-09-30 18:15:00,2025.0,9.0,terca,18.0,noite,ES,VIANA,True,101.0,BR-101,298.0,-20.353535,-40.415369,Reação tardia ou ineficiente do condutor,Colisão traseira,Com Vítimas Feridas,Plena Noite,Decrescente,Céu Claro,Simples,Aclive;Reta,Sim,0.0,0.0,1.0,1.0,2.0,0.0,2.0,3.0,SPRF-ES,DEL01-ES,UOP01-DEL01-ES,0,moderado
2025-09-30,18:45,2025-09-30 18:45:00,2025.0,9.0,terca,18.0,noite,ES,MIMOSO DO SUL,False,101.0,BR-101,443.0,-21.09825713,-41.25351012,Reação tardia ou ineficiente do condutor,Colisão lateral mesmo sentido,Com Vítimas Feridas,Plena Noite,Crescente,Céu Claro,Simples,Curva,Não,0.0,0.0,2.0,2.0,0.0,0.0,2.0,2.0,SPRF-ES,DEL03-ES,UOP02-DEL03-ES,0,moderado
2025-10-01,17:30,2025-10-01 17:30:00,2025.0,10.0,quarta,17.0,tarde,ES,BAIXO GUANDU,False,259.0,BR-259,85.0,-19.5117495,-40.8815622,Pedestre andava na pista,Colisão traseira,Com Vítimas Feridas,Anoitecer,Crescente,Céu Claro,Simples,Aclive,Não,0.0,0.0,1.0,1.0,1.0,0.0,2.0,2.0,SPRF-ES,DEL02-ES,UOP01-DEL02-ES,0,moderado
2025-10-01,18:40,2025-10-01 18:40:00,2025.0,10.0,quarta,18.0,noite,ES,CARIACICA,True,101.0,BR-101,285.1,-20.252243,-40.373105,Transitar na contramão,Atropelamento de Pedestre,Com Vítimas Feridas,Plena Noite,Decrescente,Nublado,Dupla,Reta;Interseção de Vias,Sim,0.0,1.0,0.0,1.0,0.0,1.0,2.0,2.0,SPRF-ES,DEL01-ES,UOP01-DEL01-ES,1,grave
2025-10-01,22:20,2025-10-01 22:20:00,2025.0,10.0,quarta,22.0,noite,ES,LINHARES,False,101.0,BR-101,147.6,-19.38408574,-40.06688118,Ausência de reação do condutor,Tombamento,Com Vítimas Feridas,Plena Noite,Decrescente,Céu Claro,Dupla,Reta,Sim,0.0,0.0,1.0,1.0,0.0,0.0,1.0,1.0,SPRF-ES,DEL04-ES,UOP01-DEL04-ES,0,moderado
2025-10-02,03:20,2025-10-02 03:20:00,2025.0,10.0,quinta,3.0,madrugada,ES,BAIXO GUANDU,False,259.0,BR-259,93.3,-19.5031169,-40.943762,Reação tardia ou ineficiente do condutor,Saída de leito carroçável,Com Vítimas Fatais,Plena Noite,Crescente,Nublado,Simples,Curva,Não,1.0,0.0,0.0,0.0,0.0,0.0,1.0,1.0,SPRF-ES,DEL02-ES,UOP01-DEL02-ES,1,fatal
2025-10-02,06:55,2025-10-02 06:55:00,2025.0,10.0,quinta,6.0,manha,ES,SERRA,True,101.0,BR-101,269.0,-20.21652,-40.27011,Condutor deixou de manter distância do veículo da frente,Colisão traseira,Com Vítimas Feridas,Pleno dia,Crescente,Céu Claro,Dupla,Reta,Sim,0.0,0.0,2.0,2.0,1.0,0.0,3.0,3.0,SPRF-ES,DEL02-ES,UOP01-DEL02-ES,0,moderado
2025-10-02,10:48,2025-10-02 10:48:00,2025.0,10.0,quinta,10.0,manha,ES,CARIACICA,True,101.0,BR-101,282.1,-20.2277112,-40.3653903,Ausência de reação do condutor,Colisão traseira,Com Vítimas Feridas,Pleno dia,Crescente,Sol,Dupla,Reta,Sim,0.0,1.0,0.0,1.0,1.0,0.0,2.0,2.0,SPRF-ES,DEL01-ES,UOP01-DEL01-ES,1,grave
2025-08-31,06:40,2025-08-31 06:40:00,2025.0,8.0,domingo,6.0,manha,ES,COLATINA,False,259.0,BR-259,25.0,-19.61800371,-40.48054129,Pista Escorregadia,Colisão lateral sentido oposto,Com Vítimas Feridas,Pleno dia,Crescente,Chuva,Simples,Curva,Não,0.0,0.0,1.0,1.0,1.0,0.0,2.0,2.0,SPRF-ES,DEL02-ES,UOP01-DEL02-ES,0,moderado
2025-09-16,18:30,2025-09-16 18:30:00,2025.0,9.0,terca,18.0,noite,ES,VIANA,True,101.0,BR-101,301.0,-20.3632875,-40.4422094,Pedestre cruzava a pista fora da faixa,Atropelamento de Pedestre,Com Vítimas Fatais,Plena Noite,Decrescente,Céu Claro,Dupla,Curva,Sim,1.0,0.0,0.0,0.0,1.0,0.0,2.0,2.0,SPRF-ES,DEL01-ES,UOP01-DEL01-ES,1,fatal
2025-10-03,02:10,2025-10-03 02:10:00,2025.0,10.0,sexta,2.0,madrugada,ES,LINHARES,False,101.0,BR-101,148.7,-19.39471558,-40.06518602,Condutor desrespeitou a iluminação vermelha do semáforo,Colisão transversal,Com Vítimas Feridas,Plena Noite,Decrescente,Nublado,Múltipla,Interseção de Vias;Reta,Sim,0.0,0.0,2.0,2.0,0.0,1.0,2.0,3.0,SPRF-ES,DEL04-ES,UOP01-DEL04-ES,0,moderado
2025-10-03,07:40,2025-10-03 07:40:00,2025.0,10.0,sexta,7.0,manha,ES,CONCEICAO DA BARRA,False,101.0,BR-101,37.2,-18.49039118,-39.92559603,Acessar a via sem observar a presença dos outros veículos,Colisão transversal,Com Vítimas Feridas,Pleno dia,Crescente,Céu Claro,Simples,Interseção de Vias,Sim,0.0,0.0,1.0,1.0,2.0,0.0,2.0,3.0,SPRF-ES,DEL04-ES,UOP02-DEL04-ES,0,moderado
2025-08-04,23:50,2025-08-04 23:50:00,2025.0,8.0,segunda,23.0,noite,ES,CACHOEIRO DE ITAPEMIRIM,False,393.0,BR-393,0.7,-20.9247285,-41.0806888,Ingestão de álcool pelo condutor,Colisão frontal,Com Vítimas Feridas,Plena Noite,Crescente,Céu Claro,Simples,Reta,Sim,0.0,1.0,2.0,3.0,1.0,0.0,2.0,4.0,SPRF-ES,DEL03-ES,UOP02-DEL03-ES,1,grave
2025-10-03,08:10,2025-10-03 08:10:00,2025.0,10.0,sexta,8.0,manha,ES,VENDA NOVA DO IMIGRANTE,False,262.0,BR-262,106.0,-20.3269161,-41.1450675,Manobra de mudança de faixa,Colisão lateral mesmo sentido,Com Vítimas Feridas,Pleno dia,Crescente,Nublado,Simples,Reta,Sim,0.0,1.0,0.0,1.0,1.0,0.0,2.0,2.0,SPRF-ES,DEL01-ES,UOP02-DEL01-ES,1,grave
2025-10-03,13:30,2025-10-03 13:30:00,2025.0,10.0,sexta,13.0,tarde,ES,SERRA,True,101.0,BR-101,266.0,-20.190199,-40.26828891,Manobra de mudança de faixa,Colisão lateral mesmo sentido,Com Vítimas Feridas,Pleno dia,Crescente,Sol,Dupla,Reta,Sim,0.0,0.0,1.0,1.0,1.0,0.0,2.0,2.0,SPRF-ES,DEL02-ES,UOP01-DEL02-ES,0,moderado
2025-10-03,18:30,2025-10-03 18:30:00,2025.0,10.0,sexta,18.0,noite,ES,LINHARES,False,101.0,BR-101,148.0,-19.38794741,-40.06730423,Desrespeitar a preferência no cruzamento,Colisão transversal,Com Vítimas Feridas,Plena Noite,Crescente,Chuva,Múltipla,Interseção de Vias;Reta,Sim,0.0,0.0,1.0,1.0,1.0,0.0,2.0,2.0,SPRF-ES,DEL04-ES,UOP01-DEL04-ES,0,moderado
2025-10-03,19:45,2025-10-03 19:45:00,2025.0,10.0,sexta,19.0,noite,ES,SERRA,True,101.0,BR-101,262.0,-20.15858567,-40.27607113,Acessar a via sem observar a presença dos outros veículos,Colisão frontal,Com Vítimas Feridas,Plena Noite,Decrescente,Nublado,Múltipla,Interseção de Vias,Não,0.0,1.0,0.0,1.0,1.0,0.0,2.0,2.0,SPRF-ES,DEL02-ES,UOP01-DEL02-ES,1,grave
2025-10-03,22:10,2025-10-03 22:10:00,2025.0,10.0,sexta,22.0,noite,ES,SERRA,True,101.0,BR-101,260.0,-20.14650934,-40.28729349,Velocidade Incompatível,Colisão com objeto,Com Vítimas Feridas,Plena Noite,Decrescente,Chuva,Dupla,Curva;Declive,Sim,0.0,0.0,3.0,3.0,0.0,0.0,1.0,3.0,SPRF-ES,DEL02-ES,UOP01-DEL02-ES,0,moderado
2025-10-04,02:00,2025-10-04 02:00:00,2025.0,10.0,sabado,2.0,madrugada,ES,ARACRUZ,False,101.0,BR-101,188.1,-19.67628657,-40.26474833,Velocidade Incompatível,Saída de leito carroçável,Com Vítimas Feridas,Plena Noite,Decrescente,Garoa/Chuvisco,Simples,Curva,Não,0.0,0.0,1.0,1.0,0.0,0.0,1.0,1.0,SPRF-ES,DEL04-ES,UOP01-DEL04-ES,0,moderado
2025-10-04,04:10,2025-10-04 04:10:00,2025.0,10.0,sabado,4.0,madrugada,ES,PEDRO CANARIO,False,101.0,BR-101,13.0,-18.268942,-39.959046,Reação tardia ou ineficiente do condutor,Saída de leito carroçável,Com Vítimas Feridas,Amanhecer,Decrescente,Garoa/Chuvisco,Dupla,Reta,Não,0.0,0.0,1.0,1.0,2.0,0.0,1.0,3.0,SPRF-ES,DEL04-ES,UOP02-DEL04-ES,0,moderado
2025-10-04,03:50,2025-10-04 03:50:00,2025.0,10.0,sabado,3.0,madrugada,ES,LINHARES,False,101.0,BR-101,139.8,-19.31632715,-40.07677527,Ingestão de álcool pelo condutor,Saída de leito carroçável,Com Vítimas Feridas,Plena Noite,Crescente,Céu Claro,Múltipla,Reta,Sim,0.0,0.0,1.0,1.0,0.0,0.0,1.0,1.0,SPRF-ES,DEL04-ES,UOP01-DEL04-ES,0,moderado
2025-10-04,07:25,2025-10-04 07:25:00,2025.0,10.0,sabado,7.0,manha,ES,VIANA,True,262.0,BR-262,17.0,-20.392064,-40.482477,Ultrapassagem Indevida,Queda de ocupante de veículo,Com Vítimas Feridas,Pleno dia,Crescente,Garoa/Chuvisco,Simples,Reta;Rotatória,Não,0.0,0.0,1.0,1.0,1.0,0.0,2.0,2.0,SPRF-ES,DEL01-ES,UOP01-DEL01-ES,0,moderado
2025-10-04,12:00,2025-10-04 12:00:00,2025.0,10.0,sabado,12.0,tarde,ES,ANCHIETA,False,101.0,BR-101,371.0,-20.77082081,-40.76590776,Condutor deixou de manter distância do veículo da frente,Colisão traseira,Sem Vítimas,Pleno dia,Decrescente,Nublado,Simples,Reta,Não,0.0,0.0,0.0,0.0,4.0,1.0,2.0,5.0,SPRF-ES,DEL03-ES,UOP01-DEL03-ES,0,baixo
2025-10-04,18:30,2025-10-04 18:30:00,2025.0,10.0,sabado,18.0,noite,ES,LINHARES,False,101.0,BR-101,147.0,-19.38336,-40.067229,Reação tardia ou ineficiente do condutor,Colisão com objeto,Sem Vítimas,Plena Noite,Crescente,Garoa/Chuvisco,Dupla,Reta,Sim,0.0,0.0,0.0,0.0,0.0,1.0,1.0,1.0,SPRF-ES,DEL04-ES,UOP01-DEL04-ES,0,baixo
2025-10-04,20:00,2025-10-04 20:00:00,2025.0,10.0,sabado,20.0,noite,ES,SERRA,True,101.0,BR-101,257.0,-20.12292536,-40.30531168,Manobra de mudança de faixa,Colisão lateral mesmo sentido,Com Vítimas Feridas,Plena Noite,Crescente,Céu Claro,Simples,Reta,Não,0.0,0.0,1.0,1.0,0.0,1.0,2.0,2.0,SPRF-ES,DEL02-ES,UOP01-DEL02-ES,0,moderado
2025-10-04,20:30,2025-10-04 20:30:00,2025.0,10.0,sabado,20.0,noite,ES,SERRA,True,101.0,BR-101,237.0,-20.0441856,-40.3898368,Conversão proibida,Colisão frontal,Com Vítimas Feridas,Plena Noite,Crescente,Chuva,Dupla,Reta,Não,0.0,0.0,1.0,1.0,3.0,0.0,2.0,4.0,SPRF-ES,DEL02-ES,UOP01-DEL02-ES,0,moderado
2025-10-04,20:00,2025-10-04 20:00:00,2025.0,10.0,sabado,20.0,noite,ES,SERRA,True,101.0,BR-101,5.5,-20.18950877,-40.33862753,Chuva,Colisão lateral mesmo sentido,Sem Vítimas,Plena Noite,Crescente,Chuva,Dupla,Reta,Não,0.0,0.0,0.0,0.0,2.0,0.0,2.0,2.0,SPRF-ES,DEL02-ES,UOP01-DEL02-ES,0,baixo
2025-10-04,21:50,2025-10-04 21:50:00,2025.0,10.0,sabado,21.0,noite,ES,LINHARES,False,101.0,BR-101,139.0,-19.31863,-40.07529,Ingestão de álcool pelo condutor,Queda de ocupante de veículo,Com Vítimas Feridas,Plena Noite,Decrescente,Céu Claro,Simples,Reta,Não,0.0,0.0,2.0,2.0,0.0,0.0,1.0,2.0,SPRF-ES,DEL04-ES,UOP01-DEL04-ES,0,moderado
2025-06-09,18:30,2025-06-09 18:30:00,2025.0,6.0,segunda,18.0,noite,ES,CARIACICA,True,101.0,BR-101,296.0,-20.34350734,-40.40700523,Acessar a via sem observar a presença dos outros veículos,Colisão lateral mesmo sentido,Com Vítimas Feridas,Plena Noite,Crescente,Chuva,Múltipla,Interseção de Vias;Declive;Viaduto,Sim,0.0,1.0,0.0,1.0,1.0,0.0,2.0,2.0,SPRF-ES,DEL01-ES,UOP01-DEL01-ES,1,grave
2025-10-04,20:30,2025-10-04 20:30:00,2025.0,10.0,sabado,20.0,noite,ES,CARIACICA,True,262.0,BR-262,1.0,-20.33093984,-40.35488455,Ingestão de álcool pelo condutor,Colisão com objeto,Sem Vítimas,Plena Noite,Crescente,Céu Claro,Dupla,Declive;Reta;Ponte,Sim,0.0,0.0,0.0,0.0,1.0,0.0,1.0,1.0,SPRF-ES,DEL01-ES,UOP01-DEL01-ES,0,baixo
2025-10-05,06:15,2025-10-05 06:15:00,2025.0,10.0,domingo,6.0,manha,ES,COLATINA,False,259.0,BR-259,47.0,-19.52507,-40.59016,Reação tardia ou ineficiente do condutor,Colisão transversal,Com Vítimas Feridas,Amanhecer,Crescente,Ignorado,Simples,Declive;Curva,Não,0.0,1.0,0.0,1.0,2.0,0.0,2.0,3.0,SPRF-ES,DEL02-ES,UOP01-DEL02-ES,1,grave
2025-10-05,09:20,2025-10-05 09:20:00,2025.0,10.0,domingo,9.0,manha,ES,DOMINGOS MARTINS,False,262.0,BR-262,32.9,-20.37582303,-40.58374135,Manobra de mudança de faixa,Colisão lateral mesmo sentido,Com Vítimas Feridas,Pleno dia,Decrescente,Céu Claro,Simples,Declive;Reta,Não,0.0,0.0,1.0,1.0,3.0,0.0,2.0,4.0,SPRF-ES,DEL01-ES,UOP01-DEL01-ES,0,moderado
2025-10-05,16:30,2025-10-05 16:30:00,2025.0,10.0,domingo,16.0,tarde,ES,RIO NOVO DO SUL,False,101.0,BR-101,399.0,-20.87573522,-40.96318871,Condutor deixou de manter distância do veículo da frente,Colisão traseira,Com Vítimas Feridas,Pleno dia,Crescente,Céu Claro,Simples,Reta,Não,0.0,0.0,2.0,2.0,1.0,0.0,2.0,3.0,SPRF-ES,DEL03-ES,UOP02-DEL03-ES,0,moderado
2025-10-05,19:00,2025-10-05 19:00:00,2025.0,10.0,domingo,19.0,noite,ES,MARECHAL FLORIANO,False,262.0,BR-262,66.1,-20.4125,-40.83426,Ingestão de álcool pelo condutor,Colisão lateral sentido oposto,Sem Vítimas,Plena Noite,Decrescente,Nublado,Simples,Reta,Não,0.0,0.0,0.0,0.0,6.0,0.0,3.0,6.0,SPRF-ES,DEL01-ES,UOP02-DEL01-ES,0,baixo
2025-10-05,21:15,2025-10-05 21:15:00,2025.0,10.0,domingo,21.0,noite,ES,CARIACICA,True,101.0,BR-101,287.8,-20.25243581,-40.37305773,Ausência de reação do condutor,Colisão com objeto,Sem Vítimas,Plena Noite,Crescente,Nublado,Dupla,Reta;Declive,Não,0.0,0.0,0.0,0.0,1.0,0.0,1.0,1.0,SPRF-ES,DEL01-ES,UOP01-DEL01-ES,0,baixo
2025-10-05,22:00,2025-10-05 22:00:00,2025.0,10.0,domingo,22.0,noite,ES,LINHARES,False,101.0,BR-101,159.4,-19.47522719,-40.11333704,Ausência de reação do condutor,Colisão transversal,Com Vítimas Feridas,Plena Noite,Decrescente,Céu Claro,Simples,Reta,Sim,0.0,0.0,2.0,2.0,1.0,0.0,2.0,3.0,SPRF-ES,DEL04-ES,UOP01-DEL04-ES,0,moderado
2025-10-06,01:10,2025-10-06 01:10:00,2025.0,10.0,segunda,1.0,madrugada,ES,LINHARES,False,101.0,BR-101,147.0,-19.38704696,-40.06772058,Ingestão de álcool pelo condutor,Colisão com objeto,Sem Vítimas,Plena Noite,Crescente,Nublado,Dupla,Reta,Não,0.0,0.0,0.0,0.0,0.0,1.0,1.0,1.0,SPRF-ES,DEL04-ES,UOP01-DEL04-ES,0,baixo
2025-09-07,09:00,2025-09-07 09:00:00,2025.0,9.0,domingo,9.0,manha,ES,FUNDAO,True,101.0,BR-101,239.8,-20.0154185,-40.4041978,Reação tardia ou ineficiente do condutor,Colisão traseira,Com Vítimas Feridas,Pleno dia,Crescente,Nublado,Simples,Reta,Não,0.0,1.0,0.0,1.0,1.0,0.0,2.0,2.0,SPRF-ES,DEL02-ES,UOP01-DEL02-ES,1,grave
2025-10-06,11:10,2025-10-06 11:10:00,2025.0,10.0,segunda,11.0,manha,ES,SERRA,True,101.0,BR-101,268.2,-20.212007,-40.269852,Ausência de reação do condutor,Queda de ocupante de veículo,Com Vítimas Feridas,Pleno dia,Crescente,Sol,Simples,Reta,Sim,0.0,0.0,1.0,1.0,0.0,1.0,1.0,2.0,SPRF-ES,DEL02-ES,UOP01-DEL02-ES,0,moderado
2025-10-06,19:00,2025-10-06 19:00:00,2025.0,10.0,segunda,19.0,noite,ES,SAO MATEUS,False,101.0,BR-101,62.7,-18.69533132,-39.86436065,Manobra de mudança de faixa,Colisão lateral sentido oposto,Com Vítimas Feridas,Plena Noite,Decrescente,Céu Claro,Simples,Reta;Aclive,Não,0.0,0.0,3.0,3.0,0.0,1.0,3.0,4.0,SPRF-ES,DEL04-ES,UOP02-DEL04-ES,0,moderado
2025-10-07,10:20,2025-10-07 10:20:00,2025.0,10.0,terca,10.0,manha,ES,SERRA,True,101.0,BR-101,13.0,-20.14814211,-40.34507811,Demais falhas mecânicas ou elétricas,Queda de ocupante de veículo,Com Vítimas Feridas,Pleno dia,Decrescente,Nublado,Dupla,Reta,Não,0.0,0.0,1.0,1.0,0.0,0.0,1.0,1.0,SPRF-ES,DEL02-ES,UOP01-DEL02-ES,0,moderado
2025-10-07,20:15,2025-10-07 20:15:00,2025.0,10.0,terca,20.0,noite,ES,JOAO NEIVA,False,259.0,BR-259,5.0,-19.7031989,-40.3821232,Avarias e/ou desgaste excessivo no pneu,Tombamento,Com Vítimas Feridas,Plena Noite,Crescente,Céu Claro,Simples,Reta,Não,0.0,0.0,1.0,1.0,0.0,0.0,1.0,1.0,SPRF-ES,DEL02-ES,UOP01-DEL02-ES,0,moderado
2025-10-08,06:20,2025-10-08 06:20:00,2025.0,10.0,quarta,6.0,manha,ES,CARIACICA,True,101.0,BR-101,286.0,-20.259358,-40.377558,Condutor deixou de manter distância do veículo da frente,Colisão traseira,Com Vítimas Feridas,Pleno dia,Decrescente,Céu Claro,Dupla,Reta,Sim,0.0,0.0,1.0,1.0,1.0,0.0,2.0,2.0,SPRF-ES,DEL01-ES,UOP01-DEL01-ES,0,moderado
2025-10-08,07:35,2025-10-08 07:35:00,2025.0,10.0,quarta,7.0,manha,ES,LINHARES,False,101.0,BR-101,148.9,-19.39711198,-40.06360579,Ingestão de álcool pelo condutor,Colisão transversal,Com Vítimas Feridas,Pleno dia,Decrescente,Céu Claro,Múltipla,Reta,Sim,0.0,0.0,2.0,2.0,1.0,0.0,2.0,3.0,SPRF-ES,DEL04-ES,UOP01-DEL04-ES,0,moderado
2025-10-08,08:20,2025-10-08 08:20:00,2025.0,10.0,quarta,8.0,manha,ES,VIANA,True,101.0,BR-101,298.2,-20.35507904,-40.41671991,Acessar a via sem observar a presença dos outros veículos,Colisão transversal,Com Vítimas Feridas,Pleno dia,Decrescente,Céu Claro,Múltipla,Reta,Sim,0.0,2.0,0.0,2.0,1.0,0.0,2.0,3.0,SPRF-ES,DEL01-ES,UOP01-DEL01-ES,1,grave
2025-10-08,21:20,2025-10-08 21:20:00,2025.0,10.0,quarta,21.0,noite,ES,SAO MATEUS,False,101.0,BR-101,76.0,-18.76221859,-39.86344814,Ingestão de álcool pelo condutor,Tombamento,Com Vítimas Feridas,Plena Noite,Decrescente,Céu Claro,Simples,Reta;Aclive,Não,0.0,1.0,0.0,1.0,0.0,0.0,1.0,1.0,SPRF-ES,DEL04-ES,UOP02-DEL04-ES,1,grave
2025-09-26,14:50,2025-09-26 14:50:00,2025.0,9.0,sexta,14.0,tarde,ES,DOMINGOS MARTINS,False,262.0,BR-262,36.0,-20.37384626,-40.56364274,Manobra de mudança de faixa,Engavetamento,Com Vítimas Feridas,Plena Noite,Crescente,Céu Claro,Simples,Curva,Não,0.0,0.0,4.0,4.0,2.0,2.0,6.0,8.0,SPRF-ES,DEL01-ES,UOP01-DEL01-ES,0,moderado
2025-10-09,09:38,2025-10-09 09:38:00,2025.0,10.0,quinta,9.0,manha,ES,DOMINGOS MARTINS,False,262.0,BR-262,78.5,-20.408008,-40.929675,Reação tardia ou ineficiente do condutor,Colisão transversal,Com Vítimas Feridas,Pleno dia,Crescente,Sol,Simples,Reta,Não,0.0,0.0,3.0,3.0,0.0,0.0,2.0,3.0,SPRF-ES,DEL01-ES,UOP02-DEL01-ES,0,moderado
2025-10-10,07:15,2025-10-10 07:15:00,2025.0,10.0,sexta,7.0,manha,ES,SERRA,True,101.0,BR-101,265.0,-20.189469,-40.2681096,Transitar na contramão,Colisão lateral mesmo sentido,Com Vítimas Feridas,Pleno dia,Decrescente,Nublado,Dupla,Interseção de Vias;Reta,Sim,0.0,0.0,1.0,1.0,2.0,0.0,2.0,3.0,SPRF-ES,DEL02-ES,UOP01-DEL02-ES,0,moderado
2025-10-10,07:50,2025-10-10 07:50:00,2025.0,10.0,sexta,7.0,manha,ES,VIANA,True,101.0,BR-101,298.0,-20.35313159,-40.41496603,Trafegar com motocicleta (ou similar) entre as faixas,Colisão traseira,Com Vítimas Feridas,Pleno dia,Crescente,Nublado,Múltipla,Reta,Sim,0.0,1.0,0.0,1.0,0.0,1.0,2.0,2.0,SPRF-ES,DEL01-ES,UOP01-DEL01-ES,1,grave
2025-10-10,12:30,2025-10-10 12:30:00,2025.0,10.0,sexta,12.0,tarde,ES,ANCHIETA,False,101.0,BR-101,348.0,-20.650973,-40.641882,Chuva,Colisão com objeto,Com Vítimas Feridas,Pleno dia,Crescente,Chuva,Dupla,Curva,Não,0.0,0.0,2.0,2.0,2.0,0.0,1.0,4.0,SPRF-ES,DEL03-ES,UOP01-DEL03-ES,0,moderado
2025-10-10,14:40,2025-10-10 14:40:00,2025.0,10.0,sexta,14.0,tarde,ES,LINHARES,False,101.0,BR-101,113.5,-19.0917932,-40.04932554,Condutor usando celular,Colisão traseira,Com Vítimas Feridas,Pleno dia,Decrescente,Nublado,Simples,Reta,Não,0.0,0.0,2.0,2.0,1.0,0.0,2.0,3.0,SPRF-ES,DEL04-ES,UOP01-DEL04-ES,0,moderado
2025-10-10,15:35,2025-10-10 15:35:00,2025.0,10.0,sexta,15.0,tarde,ES,SERRA,True,101.0,BR-101,266.9,-20.19763819,-40.26897187,Manobra de mudança de faixa,Tombamento,Com Vítimas Feridas,Pleno dia,Crescente,Sol,Múltipla,Reta,Sim,0.0,0.0,1.0,1.0,0.0,0.0,1.0,1.0,SPRF-ES,DEL02-ES,UOP01-DEL02-ES,0,moderado
2025-10-10,18:10,2025-10-10 18:10:00,2025.0,10.0,sexta,18.0,noite,ES,VENDA NOVA DO IMIGRANTE,False,262.0,BR-262,110.0,-20.33685071,-41.18761539,Iluminação deficiente,Atropelamento de Pedestre,Com Vítimas Feridas,Amanhecer,Crescente,Nublado,Simples,Reta,Sim,0.0,1.0,1.0,2.0,0.0,0.0,2.0,2.0,SPRF-ES,DEL01-ES,UOP02-DEL01-ES,1,grave
2025-10-10,18:00,2025-10-10 18:00:00,2025.0,10.0,sexta,18.0,noite,ES,VENDA NOVA DO IMIGRANTE,False,262.0,BR-262,104.0,-20.332847,-41.129468,Transitar na contramão,Colisão transversal,Com Vítimas Feridas,Plena Noite,Decrescente,Céu Claro,Simples,Rotatória,Não,0.0,0.0,1.0,1.0,2.0,0.0,2.0,3.0,SPRF-ES,DEL01-ES,UOP02-DEL01-ES,0,moderado
2025-10-10,18:40,2025-10-10 18:40:00,2025.0,10.0,sexta,18.0,noite,ES,SERRA,True,101.0,BR-101,260.1,-20.14629677,-40.28792739,Ausência de reação do condutor,Colisão traseira,Com Vítimas Feridas,Plena Noite,Decrescente,Ignorado,Dupla,Aclive,Sim,0.0,0.0,1.0,1.0,0.0,1.0,2.0,2.0,SPRF-ES,DEL02-ES,UOP01-DEL02-ES,0,moderado
2025-10-10,19:20,2025-10-10 19:20:00,2025.0,10.0,sexta,19.0,noite,ES,SERRA,True,101.0,BR-101,270.0,-20.22850733,-40.27176509,Manobra de mudança de faixa,Colisão lateral sentido oposto,Com Vítimas Feridas,Plena Noite,Decrescente,Céu Claro,Dupla,Reta,Sim,0.0,0.0,1.0,1.0,1.0,0.0,2.0,2.0,SPRF-ES,DEL02-ES,UOP01-DEL02-ES,0,moderado
2025-10-10,18:00,2025-10-10 18:00:00,2025.0,10.0,sexta,18.0,noite,ES,MARECHAL FLORIANO,False,262.0,BR-262,45.0,-20.4005834,-40.67219,Reação tardia ou ineficiente do condutor,Colisão traseira,Sem Vítimas,Plena Noite,Decrescente,Ignorado,Simples,Reta,Sim,0.0,0.0,0.0,0.0,3.0,0.0,3.0,3.0,SPRF-ES,DEL01-ES,UOP01-DEL01-ES,0,baixo
2025-10-11,06:14,2025-10-11 06:14:00,2025.0,10.0,sabado,6.0,manha,ES,SERRA,True,101.0,BR-101,265.0,-20.18065437,-40.26523501,Transitar na contramão,Colisão frontal,Com Vítimas Feridas,Pleno dia,Crescente,Céu Claro,Múltipla,Curva,Sim,0.0,2.0,1.0,3.0,0.0,0.0,2.0,3.0,SPRF-ES,DEL02-ES,UOP01-DEL02-ES,1,grave
2025-10-11,09:30,2025-10-11 09:30:00,2025.0,10.0,sabado,9.0,manha,ES,CACHOEIRO DE ITAPEMIRIM,False,393.0,BR-393,0.5,-20.8388083,-41.163215,Ultrapassagem Indevida,Colisão frontal,Com Vítimas Feridas,Pleno dia,Crescente,Nublado,Simples,Reta,Sim,0.0,0.0,1.0,1.0,1.0,0.0,2.0,2.0,SPRF-ES,DEL03-ES,UOP02-DEL03-ES,0,moderado
2025-10-11,12:30,2025-10-11 12:30:00,2025.0,10.0,sabado,12.0,tarde,ES,DOMINGOS MARTINS,False,262.0,BR-262,78.8,-20.409761,-40.928312,Ultrapassagem Indevida,Colisão frontal,Com Vítimas Feridas,Pleno dia,Crescente,Sol,Simples,Curva,Não,0.0,1.0,1.0,2.0,3.0,0.0,3.0,5.0,SPRF-ES,DEL01-ES,UOP02-DEL01-ES,1,grave
2025-10-11,13:30,2025-10-11 13:30:00,2025.0,10.0,sabado,13.0,tarde,ES,COLATINA,False,259.0,BR-259,52.6,-19.500716,-40.629415,Reação tardia ou ineficiente do condutor,Saída de leito carroçável,Sem Vítimas,Pleno dia,Crescente,Céu Claro,Simples,Curva,Não,0.0,0.0,0.0,0.0,0.0,1.0,1.0,1.0,SPRF-ES,DEL02-ES,UOP01-DEL02-ES,0,baixo
2025-10-11,18:30,2025-10-11 18:30:00,2025.0,10.0,sabado,18.0,noite,ES,SERRA,True,101.0,BR-101,270.0,-20.23085183,-40.27316451,Manobra de mudança de faixa,Colisão lateral sentido oposto,Com Vítimas Feridas,Plena Noite,Crescente,Nublado,Dupla,Reta,Sim,0.0,0.0,1.0,1.0,1.0,0.0,2.0,2.0,SPRF-ES,DEL02-ES,UOP01-DEL02-ES,0,moderado
2025-10-11,19:40,2025-10-11 19:40:00,2025.0,10.0,sabado,19.0,noite,ES,SERRA,True,101.0,BR-101,266.0,-20.19490975,-40.26862532,Velocidade Incompatível,Engavetamento,Com Vítimas Feridas,Plena Noite,Decrescente,Céu Claro,Múltipla,Reta,Sim,0.0,0.0,2.0,2.0,2.0,0.0,3.0,4.0,SPRF-ES,DEL02-ES,UOP01-DEL02-ES,0,moderado
2025-10-11,22:00,2025-10-11 22:00:00,2025.0,10.0,sabado,22.0,noite,ES,CONCEICAO DA BARRA,False,101.0,BR-101,41.5,-18.510195,-39.9154433,Demais falhas mecânicas ou elétricas,Incêndio,Sem Vítimas,Plena Noite,Crescente,Céu Claro,Simples,Reta,Não,0.0,0.0,0.0,0.0,1.0,0.0,1.0,1.0,SPRF-ES,DEL04-ES,UOP02-DEL04-ES,0,baixo
2025-10-11,23:30,2025-10-11 23:30:00,2025.0,10.0,sabado,23.0,noite,ES,SERRA,True,101.0,BR-101,268.6,-20.214889,-40.2696864,Ausência de reação do condutor,Colisão com objeto,Com Vítimas Feridas,Plena Noite,Decrescente,Céu Claro,Múltipla,Reta,Não,0.0,0.0,2.0,2.0,0.0,0.0,1.0,2.0,SPRF-ES,DEL02-ES,UOP01-DEL02-ES,0,moderado
2025-10-12,02:15,2025-10-12 02:15:00,2025.0,10.0,domingo,2.0,madrugada,ES,SERRA,True,101.0,BR-101,260.9,-20.14650934,-40.28729349,Ausência de reação do condutor,Capotamento,Com Vítimas Fatais,Plena Noite,Decrescente,Nublado,Dupla,Reta,Não,1.0,1.0,1.0,2.0,0.0,0.0,1.0,3.0,SPRF-ES,DEL02-ES,UOP01-DEL02-ES,1,fatal
2025-10-12,15:57,2025-10-12 15:57:00,2025.0,10.0,domingo,15.0,tarde,ES,VIANA,True,262.0,BR-262,20.0,-20.37869945,-40.5081567,Reação tardia ou ineficiente do condutor,Engavetamento,Com Vítimas Feridas,Pleno dia,Crescente,Céu Claro,Simples,Reta,Não,0.0,0.0,1.0,1.0,3.0,0.0,3.0,4.0,SPRF-ES,DEL01-ES,UOP01-DEL01-ES,0,moderado
2025-10-12,17:34,2025-10-12 17:34:00,2025.0,10.0,domingo,17.0,tarde,ES,ARACRUZ,False,101.0,BR-101,190.0,-19.68766,-40.285613,Acessar a via sem observar a presença dos outros veículos,Queda de ocupante de veículo,Com Vítimas Feridas,Anoitecer,Crescente,Céu Claro,Simples,Curva,Não,0.0,0.0,1.0,1.0,0.0,0.0,1.0,1.0,SPRF-ES,DEL04-ES,UOP01-DEL04-ES,0,moderado
2025-10-12,17:49,2025-10-12 17:49:00,2025.0,10.0,domingo,17.0,tarde,ES,VIANA,True,262.0,BR-262,20.0,-20.386318,-40.496128,Acessar a via sem observar a presença dos outros veículos,Colisão transversal,Com Vítimas Feridas,Anoitecer,Decrescente,Céu Claro,Simples,Curva,Sim,0.0,1.0,0.0,1.0,2.0,0.0,2.0,3.0,SPRF-ES,DEL01-ES,UOP01-DEL01-ES,1,grave
2025-10-12,19:15,2025-10-12 19:15:00,2025.0,10.0,domingo,19.0,noite,ES,SAO MATEUS,False,101.0,BR-101,66.0,-18.71945,-39.86779,Reação tardia ou ineficiente do condutor,Saída de leito carroçável,Com Vítimas Feridas,Plena Noite,Decrescente,Céu Claro,Simples,Reta,Sim,0.0,0.0,1.0,1.0,0.0,0.0,1.0,1.0,SPRF-ES,DEL04-ES,UOP02-DEL04-ES,0,moderado
2025-10-13,07:40,2025-10-13 07:40:00,2025.0,10.0,segunda,7.0,manha,ES,FUNDAO,True,101.0,BR-101,230.9,-19.944287,-40.40667,Condutor deixou de manter distância do veículo da frente,Colisão traseira,Com Vítimas Feridas,Pleno dia,Decrescente,Céu Claro,Simples,Reta,Não,0.0,0.0,1.0,1.0,2.0,0.0,2.0,3.0,SPRF-ES,DEL02-ES,UOP01-DEL02-ES,0,moderado
2025-10-13,08:15,2025-10-13 08:15:00,2025.0,10.0,segunda,8.0,manha,ES,JOAO NEIVA,False,101.0,BR-101,204.8,-19.75602,-40.37992,Acessar a via sem observar a presença dos outros veículos,Colisão transversal,Com Vítimas Feridas,Pleno dia,Decrescente,Nublado,Simples,Reta;Rotatória,Sim,0.0,0.0,3.0,3.0,15.0,0.0,2.0,18.0,SPRF-ES,DEL02-ES,UOP01-DEL02-ES,0,moderado
2025-10-13,12:20,2025-10-13 12:20:00,2025.0,10.0,segunda,12.0,tarde,ES,CONCEICAO DO CASTELO,False,262.0,BR-262,126.4,-20.26774,-41.269357,Condutor Dormindo,Capotamento,Com Vítimas Feridas,Pleno dia,Decrescente,Céu Claro,Simples,Curva,Não,0.0,0.0,1.0,1.0,2.0,0.0,1.0,3.0,SPRF-ES,DEL01-ES,UOP02-DEL01-ES,0,moderado
2025-10-13,14:21,2025-10-13 14:21:00,2025.0,10.0,segunda,14.0,tarde,ES,MARECHAL FLORIANO,False,262.0,BR-262,47.5,-20.41235,-40.685858,Transitar na contramão,Colisão lateral sentido oposto,Com Vítimas Feridas,Pleno dia,Decrescente,Nublado,Simples,Reta,Não,0.0,2.0,0.0,2.0,0.0,0.0,2.0,2.0,SPRF-ES,DEL01-ES,UOP01-DEL01-ES,1,grave
2025-10-13,15:30,2025-10-13 15:30:00,2025.0,10.0,segunda,15.0,tarde,ES,VIANA,True,101.0,BR-101,304.5,-20.38254454,-40.45919411,Pista esburacada,Eventos atípicos,Com Vítimas Feridas,Pleno dia,Crescente,Céu Claro,Dupla,Reta,Não,0.0,1.0,0.0,1.0,0.0,3.0,2.0,4.0,SPRF-ES,DEL01-ES,UOP01-DEL01-ES,1,grave
2025-10-13,16:30,2025-10-13 16:30:00,2025.0,10.0,segunda,16.0,tarde,ES,SERRA,True,101.0,BR-101,275.0,-20.2081011,-40.3045303,Reação tardia ou ineficiente do condutor,Tombamento,Com Vítimas Feridas,Pleno dia,Crescente,Vento,Múltipla,Reta,Sim,0.0,0.0,1.0,1.0,0.0,0.0,1.0,1.0,SPRF-ES,DEL02-ES,UOP01-DEL02-ES,0,moderado
2025-10-13,20:15,2025-10-13 20:15:00,2025.0,10.0,segunda,20.0,noite,ES,RIO NOVO DO SUL,False,101.0,BR-101,395.0,-20.86608127,-40.93246132,Transitar no Acostamento,Atropelamento de Pedestre,Com Vítimas Feridas,Plena Noite,Crescente,Nublado,Simples,Reta,Sim,0.0,1.0,0.0,1.0,1.0,0.0,2.0,2.0,SPRF-ES,DEL03-ES,UOP02-DEL03-ES,1,grave
2025-10-14,07:40,2025-10-14 07:40:00,2025.0,10.0,terca,7.0,manha,ES,CARIACICA,True,101.0,BR-101,283.1,-20.23536632,-40.36964742,Pedestre cruzava a pista fora da faixa,Atropelamento de Pedestre,Com Vítimas Feridas,Pleno dia,Crescente,Nublado,Múltipla,Reta;Aclive,Não,0.0,0.0,1.0,1.0,0.0,1.0,2.0,2.0,SPRF-ES,DEL01-ES,UOP01-DEL01-ES,0,moderado
2025-10-14,11:00,2025-10-14 11:00:00,2025.0,10.0,terca,11.0,manha,ES,DOMINGOS MARTINS,False,262.0,BR-262,77.6,-20.411044,-40.920481,Ultrapassagem Indevida,Capotamento,Com Vítimas Feridas,Pleno dia,Decrescente,Nublado,Simples,Declive;Curva,Não,0.0,0.0,1.0,1.0,0.0,0.0,1.0,1.0,SPRF-ES,DEL01-ES,UOP02-DEL01-ES,0,moderado
2025-10-14,20:15,2025-10-14 20:15:00,2025.0,10.0,terca,20.0,noite,ES,VIANA,True,262.0,BR-262,26.8,-20.3823001,-40.5471223,Acumulo de água sobre o pavimento,Saída de leito carroçável,Com Vítimas Feridas,Plena Noite,Crescente,Chuva,Simples,Curva,Não,0.0,0.0,1.0,1.0,0.0,0.0,1.0,1.0,SPRF-ES,DEL01-ES,UOP01-DEL01-ES,0,moderado
2025-10-15,08:09,2025-10-15 08:09:00,2025.0,10.0,quarta,8.0,manha,ES,CARIACICA,True,101.0,BR-101,289.4,-20.28358962,-40.39295959,Manobra de mudança de faixa,Queda de ocupante de veículo,Com Vítimas Feridas,Pleno dia,Decrescente,Nublado,Dupla,Declive;Reta,Não,0.0,0.0,1.0,1.0,0.0,0.0,1.0,1.0,SPRF-ES,DEL01-ES,UOP01-DEL01-ES,0,moderado
2025-10-15,09:10,2025-10-15 09:10:00,2025.0,10.0,quarta,9.0,manha,ES,IUNA,False,262.0,BR-262,191.2,-20.3014441,-41.7463549,Reação tardia ou ineficiente do condutor,Colisão transversal,Com Vítimas Feridas,Pleno dia,Crescente,Sol,Simples,Declive;Reta,Não,0.0,1.0,1.0,2.0,0.0,0.0,2.0,2.0,SPRF-ES,DEL01-ES,UOP02-DEL01-ES,1,grave
2025-10-15,14:30,2025-10-15 14:30:00,2025.0,10.0,quarta,14.0,tarde,ES,LINHARES,False,101.0,BR-101,149.3,-19.400138,-40.061958,Velocidade Incompatível,Colisão traseira,Com Vítimas Feridas,Pleno dia,Crescente,Nublado,Dupla,Reta,Sim,0.0,1.0,0.0,1.0,4.0,0.0,2.0,5.0,SPRF-ES,DEL04-ES,UOP01-DEL04-ES,1,grave
2025-10-16,05:10,2025-10-16 05:10:00,2025.0,10.0,quinta,5.0,madrugada,ES,RIO NOVO DO SUL,False,101.0,BR-101,386.0,-20.84291023,-40.87323189,Ausência de reação do condutor,Saída de leito carroçável,Com Vítimas Feridas,Amanhecer,Crescente,Céu Claro,Simples,Reta,Não,0.0,0.0,1.0,1.0,0.0,0.0,1.0,1.0,SPRF-ES,DEL03-ES,UOP01-DEL03-ES,0,moderado
2025-10-16,08:11,2025-10-16 08:11:00,2025.0,10.0,quinta,8.0,manha,ES,ANCHIETA,False,101.0,BR-101,369.7,-20.76514704,-40.76073289,Velocidade Incompatível,Tombamento,Com Vítimas Feridas,Pleno dia,Crescente,Céu Claro,Simples,Curva,Não,0.0,0.0,1.0,1.0,0.0,0.0,1.0,1.0,SPRF-ES,DEL03-ES,UOP01-DEL03-ES,0,moderado
2025-10-16,11:55,2025-10-16 11:55:00,2025.0,10.0,quinta,11.0,manha,ES,LINHARES,False,101.0,BR-101,159.0,-19.470252,-40.111259,Transitar no Acostamento,Colisão transversal,Com Vítimas Feridas,Pleno dia,Decrescente,Nublado,Simples,Interseção de Vias,Não,0.0,1.0,0.0,1.0,1.0,0.0,2.0,2.0,SPRF-ES,DEL04-ES,UOP01-DEL04-ES,1,grave
2025-10-16,10:56,2025-10-16 10:56:00,2025.0,10.0,quinta,10.0,manha,ES,BAIXO GUANDU,False,259.0,BR-259,105.0,-19.52241495,-41.01220513,Ausência de reação do condutor,Tombamento,Com Vítimas Feridas,Pleno dia,Crescente,Sol,Simples,Reta,Não,0.0,0.0,1.0,1.0,0.0,0.0,1.0,1.0,SPRF-ES,DEL02-ES,UOP01-DEL02-ES,0,moderado
2025-10-16,17:20,2025-10-16 17:20:00,2025.0,10.0,quinta,17.0,tarde,ES,LINHARES,False,101.0,BR-101,144.2,-19.354274,-40.063756,Acessar a via sem observar a presença dos outros veículos,Colisão transversal,Com Vítimas Feridas,Pleno dia,Crescente,Céu Claro,Simples,Reta,Sim,0.0,0.0,1.0,1.0,0.0,1.0,2.0,2.0,SPRF-ES,DEL04-ES,UOP01-DEL04-ES,0,moderado
2025-10-16,20:00,2025-10-16 20:00:00,2025.0,10.0,quinta,20.0,noite,ES,MUNIZ FREIRE,False,262.0,BR-262,144.0,-20.2387985,-41.4038051,Acessar a via sem observar a presença dos outros veículos,Colisão transversal,Com Vítimas Feridas,Plena Noite,Decrescente,Céu Claro,Simples,Aclive;Reta,Não,0.0,0.0,1.0,1.0,2.0,1.0,2.0,4.0,SPRF-ES,DEL01-ES,UOP02-DEL01-ES,0,moderado
2025-10-17,02:00,2025-10-17 02:00:00,2025.0,10.0,sexta,2.0,madrugada,ES,CARIACICA,True,101.0,BR-101,294.6,-20.3292284,-40.398508,Velocidade Incompatível,Tombamento,Com Vítimas Feridas,Plena Noite,Crescente,Nublado,Dupla,Reta,Não,0.0,1.0,0.0,1.0,0.0,0.0,1.0,1.0,SPRF-ES,DEL01-ES,UOP01-DEL01-ES,1,grave
2025-10-17,06:13,2025-10-17 06:13:00,2025.0,10.0,sexta,6.0,manha,ES,GUARAPARI,True,101.0,BR-101,330.0,-20.59468327,-40.50275338,Acessar a via sem observar a presença dos outros veículos,Colisão transversal,Com Vítimas Fatais,Amanhecer,Crescente,Sol,Dupla,Curva,Sim,1.0,0.0,0.0,0.0,25.0,0.0,2.0,26.0,SPRF-ES,DEL03-ES,UOP01-DEL03-ES,1,fatal
2025-09-14,17:15,2025-09-14 17:15:00,2025.0,9.0,domingo,17.0,tarde,ES,SAO MATEUS,False,101.0,BR-101,68.3,-18.7187,-39.8549,Acessar a via sem observar a presença dos outros veículos,Queda de ocupante de veículo,Com Vítimas Feridas,Plena Noite,Crescente,Céu Claro,Simples,Aclive;Curva,Não,0.0,1.0,0.0,1.0,0.0,0.0,1.0,1.0,SPRF-ES,DEL04-ES,UOP02-DEL04-ES,1,grave
2025-10-17,13:55,2025-10-17 13:55:00,2025.0,10.0,sexta,13.0,tarde,ES,JAGUARE,False,101.0,BR-101,94.2,-18.93310734,-39.97285366,Acessar a via sem observar a presença dos outros veículos,Colisão transversal,Com Vítimas Feridas,Pleno dia,Decrescente,Céu Claro,Simples,Retorno Regulamentado;Declive,Sim,0.0,1.0,0.0,1.0,1.0,0.0,2.0,2.0,SPRF-ES,DEL04-ES,UOP02-DEL04-ES,1,grave
2025-10-01,10:27,2025-10-01 10:27:00,2025.0,10.0,quarta,10.0,manha,ES,SOORETAMA,False,101.0,BR-101,119.6,-19.17249308,-40.08912152,Condutor deixou de manter distância do veículo da frente,Colisão traseira,Com Vítimas Feridas,Pleno dia,Decrescente,Céu Claro,Simples,Reta,Não,0.0,1.0,1.0,2.0,1.0,0.0,2.0,3.0,SPRF-ES,DEL04-ES,UOP01-DEL04-ES,1,grave
2025-10-17,16:10,2025-10-17 16:10:00,2025.0,10.0,sexta,16.0,tarde,ES,SAO MATEUS,False,101.0,BR-101,68.0,-18.72191846,-39.86355398,Ausência de reação do condutor,Queda de ocupante de veículo,Com Vítimas Feridas,Pleno dia,Crescente,Céu Claro,Dupla,Reta,Sim,0.0,0.0,2.0,2.0,0.0,0.0,1.0,2.0,SPRF-ES,DEL04-ES,UOP02-DEL04-ES,0,moderado
2025-10-17,17:20,2025-10-17 17:20:00,2025.0,10.0,sexta,17.0,tarde,ES,SERRA,True,101.0,BR-101,270.2,-20.22856,-40.27161,Reação tardia ou ineficiente do condutor,Colisão lateral mesmo sentido,Com Vítimas Feridas,Anoitecer,Decrescente,Céu Claro,Múltipla,Interseção de Vias;Reta,Sim,0.0,0.0,1.0,1.0,1.0,0.0,2.0,2.0,SPRF-ES,DEL02-ES,UOP01-DEL02-ES,0,moderado
2025-10-17,18:00,2025-10-17 18:00:00,2025.0,10.0,sexta,18.0,noite,ES,LINHARES,False,101.0,BR-101,135.0,-19.31166607,-40.07897124,Condutor deixou de manter distância do veículo da frente,Colisão traseira,Com Vítimas Feridas,Plena Noite,Decrescente,Céu Claro,Dupla,Retorno Regulamentado;Reta,Sim,0.0,2.0,0.0,2.0,0.0,0.0,2.0,2.0,SPRF-ES,DEL04-ES,UOP01-DEL04-ES,1,grave
2025-10-17,19:35,2025-10-17 19:35:00,2025.0,10.0,sexta,19.0,noite,ES,IUNA,False,262.0,BR-262,186.8,-20.312895,-41.718533,Transitar no Acostamento,Atropelamento de Pedestre,Com Vítimas Feridas,Plena Noite,Decrescente,Céu Claro,Simples,Reta,Não,0.0,2.0,0.0,2.0,0.0,0.0,2.0,2.0,SPRF-ES,DEL01-ES,UOP02-DEL01-ES,1,grave
2025-10-17,19:30,2025-10-17 19:30:00,2025.0,10.0,sexta,19.0,noite,ES,SAO MATEUS,False,101.0,BR-101,57.0,-18.64257847,-39.87528563,Reação tardia ou ineficiente do condutor,Colisão com objeto,Sem Vítimas,Plena Noite,Crescente,Céu Claro,Simples,Reta,Não,0.0,0.0,0.0,0.0,0.0,1.0,1.0,1.0,SPRF-ES,DEL04-ES,UOP02-DEL04-ES,0,baixo
2025-10-18,05:50,2025-10-18 05:50:00,2025.0,10.0,sabado,5.0,madrugada,ES,SERRA,True,101.0,BR-101,266.4,-20.193505,-40.268465,Deficiência do Sistema de Iluminação/Sinalização,Colisão transversal,Com Vítimas Feridas,Amanhecer,Decrescente,Céu Claro,Múltipla,Reta,Sim,0.0,0.0,4.0,4.0,0.0,1.0,3.0,5.0,SPRF-ES,DEL02-ES,UOP01-DEL02-ES,0,moderado
2025-10-18,13:30,2025-10-18 13:30:00,2025.0,10.0,sabado,13.0,tarde,ES,LINHARES,False,101.0,BR-101,141.8,-19.33301231,-40.06849704,Condutor desrespeitou a iluminação vermelha do semáforo,Colisão transversal,Com Vítimas Feridas,Pleno dia,Crescente,Céu Claro,Múltipla,Interseção de Vias;Reta,Sim,0.0,0.0,1.0,1.0,0.0,1.0,2.0,2.0,SPRF-ES,DEL04-ES,UOP01-DEL04-ES,0,moderado
2025-10-18,16:00,2025-10-18 16:00:00,2025.0,10.0,sabado,16.0,tarde,ES,CARIACICA,True,101.0,BR-101,288.0,-20.273526,-40.39191,Acessar a via sem observar a presença dos outros veículos,Colisão transversal,Com Vítimas Feridas,Pleno dia,Crescente,Céu Claro,Dupla,Retorno Regulamentado;Curva,Sim,0.0,0.0,1.0,1.0,0.0,1.0,2.0,2.0,SPRF-ES,DEL01-ES,UOP01-DEL01-ES,0,moderado
2025-10-18,15:35,2025-10-18 15:35:00,2025.0,10.0,sabado,15.0,tarde,ES,SERRA,True,101.0,BR-101,251.0,-20.09135221,-40.34191489,Transitar no Acostamento,Tombamento,Com Vítimas Feridas,Pleno dia,Decrescente,Céu Claro,Simples,Interseção de Vias;Reta,Sim,0.0,0.0,2.0,2.0,0.0,0.0,1.0,2.0,SPRF-ES,DEL02-ES,UOP01-DEL02-ES,0,moderado
2025-10-18,20:00,2025-10-18 20:00:00,2025.0,10.0,sabado,20.0,noite,ES,SERRA,True,101.0,BR-101,274.5,-20.0488505,-40.3866982,Reação tardia ou ineficiente do condutor,Saída de leito carroçável,Com Vítimas Feridas,Plena Noite,Crescente,Céu Claro,Dupla,Reta,Não,0.0,1.0,0.0,1.0,0.0,0.0,1.0,1.0,SPRF-ES,DEL02-ES,UOP01-DEL02-ES,1,grave
2025-10-18,20:30,2025-10-18 20:30:00,2025.0,10.0,sabado,20.0,noite,ES,LINHARES,False,101.0,BR-101,136.6,-19.28982667,-40.086265,Reação tardia ou ineficiente do condutor,Colisão traseira,Sem Vítimas,Plena Noite,Crescente,Céu Claro,Simples,Reta,Não,0.0,0.0,0.0,0.0,1.0,1.0,2.0,2.0,SPRF-ES,DEL04-ES,UOP01-DEL04-ES,0,baixo
2025-10-19,02:20,2025-10-19 02:20:00,2025.0,10.0,domingo,2.0,madrugada,ES,LINHARES,False,101.0,BR-101,151.0,-19.41197171,-40.06611963,Ingestão de álcool pelo condutor,Colisão traseira,Com Vítimas Feridas,Plena Noite,Decrescente,Nublado,Simples,Reta;Ponte,Sim,0.0,0.0,1.0,1.0,0.0,1.0,2.0,2.0,SPRF-ES,DEL04-ES,UOP01-DEL04-ES,0,moderado
2025-10-19,07:50,2025-10-19 07:50:00,2025.0,10.0,domingo,7.0,manha,ES,RIO NOVO DO SUL,False,101.0,BR-101,396.6,-20.8706,-40.944,Velocidade Incompatível,Saída de leito carroçável,Com Vítimas Feridas,Pleno dia,Decrescente,Chuva,Simples,Reta,Não,0.0,0.0,2.0,2.0,0.0,0.0,1.0,2.0,SPRF-ES,DEL03-ES,UOP02-DEL03-ES,0,moderado
2025-10-19,07:00,2025-10-19 07:00:00,2025.0,10.0,domingo,7.0,manha,ES,CONCEICAO DA BARRA,False,101.0,BR-101,30.0,-18.45152205,-39.93126869,Ausência de reação do condutor,Tombamento,Com Vítimas Feridas,Pleno dia,Decrescente,Céu Claro,Simples,Reta,Não,0.0,0.0,1.0,1.0,1.0,0.0,1.0,2.0,SPRF-ES,DEL04-ES,UOP02-DEL04-ES,0,moderado
2025-10-19,14:45,2025-10-19 14:45:00,2025.0,10.0,domingo,14.0,tarde,ES,DOMINGOS MARTINS,False,262.0,BR-262,83.0,-20.34763807,-41.07270241,Chuva,Tombamento,Com Vítimas Feridas,Pleno dia,Crescente,Chuva,Simples,Curva,Não,0.0,1.0,1.0,2.0,0.0,0.0,1.0,2.0,SPRF-ES,DEL01-ES,UOP02-DEL01-ES,1,grave
2025-10-19,18:40,2025-10-19 18:40:00,2025.0,10.0,domingo,18.0,noite,ES,SERRA,True,101.0,BR-101,269.5,-20.2213618,-40.2705348,Ingestão de álcool pelo condutor,Colisão traseira,Com Vítimas Feridas,Plena Noite,Crescente,Nublado,Múltipla,Reta,Sim,0.0,0.0,3.0,3.0,1.0,0.0,3.0,4.0,SPRF-ES,DEL02-ES,UOP01-DEL02-ES,0,moderado
2025-10-20,04:30,2025-10-20 04:30:00,2025.0,10.0,segunda,4.0,madrugada,ES,GUARAPARI,True,101.0,BR-101,340.2,-20.64740276,-40.56667328,Chuva,Queda de ocupante de veículo,Com Vítimas Feridas,Amanhecer,Crescente,Chuva,Dupla,Aclive;Reta,Não,0.0,0.0,1.0,1.0,0.0,0.0,1.0,1.0,SPRF-ES,DEL03-ES,UOP01-DEL03-ES,0,moderado
2025-10-20,12:20,2025-10-20 12:20:00,2025.0,10.0,segunda,12.0,tarde,ES,IBIRACU,False,101.0,BR-101,215.9,-19.78760768,-40.36996562,Ausência de reação do condutor,Tombamento,Com Vítimas Feridas,Pleno dia,Decrescente,Garoa/Chuvisco,Simples,Reta,Não,0.0,0.0,1.0,1.0,0.0,0.0,1.0,1.0,SPRF-ES,DEL02-ES,UOP01-DEL02-ES,0,moderado
2025-10-20,14:20,2025-10-20 14:20:00,2025.0,10.0,segunda,14.0,tarde,ES,SOORETAMA,False,101.0,BR-101,125.8,-19.19171366,-40.09509802,Transitar na contramão,Colisão transversal,Com Vítimas Feridas,Pleno dia,Crescente,Nublado,Simples,Reta,Não,0.0,0.0,2.0,2.0,3.0,0.0,2.0,5.0,SPRF-ES,DEL04-ES,UOP01-DEL04-ES,0,moderado
2025-10-20,18:30,2025-10-20 18:30:00,2025.0,10.0,segunda,18.0,noite,ES,IRUPI,False,262.0,BR-262,183.4,-20.29636972,-41.7021857,Ultrapassagem Indevida,Colisão frontal,Com Vítimas Feridas,Plena Noite,Crescente,Chuva,Simples,Reta,Não,0.0,2.0,1.0,3.0,0.0,0.0,2.0,3.0,SPRF-ES,DEL01-ES,UOP02-DEL01-ES,1,grave
2025-10-20,18:20,2025-10-20 18:20:00,2025.0,10.0,segunda,18.0,noite,ES,SERRA,True,101.0,BR-101,255.9,-20.119687,-40.31002,Transitar na contramão,Colisão transversal,Com Vítimas Feridas,Plena Noite,Crescente,Nublado,Simples,Reta,Sim,0.0,1.0,0.0,1.0,3.0,0.0,3.0,4.0,SPRF-ES,DEL02-ES,UOP01-DEL02-ES,1,grave
2025-10-20,20:10,2025-10-20 20:10:00,2025.0,10.0,segunda,20.0,noite,ES,VIANA,True,262.0,BR-262,19.0,-20.39220586,-40.48957435,Desrespeitar a preferência no cruzamento,Colisão transversal,Com Vítimas Feridas,Plena Noite,Crescente,Nublado,Simples,Reta,Não,0.0,2.0,0.0,2.0,1.0,0.0,2.0,3.0,SPRF-ES,DEL01-ES,UOP01-DEL01-ES,1,grave
2025-10-21,10:50,2025-10-21 10:50:00,2025.0,10.0,terca,10.0,manha,ES,IRUPI,False,262.0,BR-262,185.7,-20.307208,-41.710345,Retorno proibido,Colisão transversal,Com Vítimas Feridas,Pleno dia,Crescente,Céu Claro,Simples,Reta,Não,0.0,2.0,0.0,2.0,2.0,0.0,2.0,4.0,SPRF-ES,DEL01-ES,UOP02-DEL01-ES,1,grave
2025-10-21,09:40,2025-10-21 09:40:00,2025.0,10.0,terca,9.0,manha,ES,SAO MATEUS,False,101.0,BR-101,61.0,-18.67786209,-39.86476986,Acessar a via sem observar a presença dos outros veículos,Colisão transversal,Com Vítimas Feridas,Pleno dia,Decrescente,Nublado,Simples,Interseção de Vias;Retorno Regulamentado;Reta,Sim,0.0,1.0,0.0,1.0,1.0,0.0,2.0,2.0,SPRF-ES,DEL04-ES,UOP02-DEL04-ES,1,grave
2025-10-21,10:10,2025-10-21 10:10:00,2025.0,10.0,terca,10.0,manha,ES,ANCHIETA,False,101.0,BR-101,366.8,-20.7415277,-40.7602704,Condutor Dormindo,Saída de leito carroçável,Com Vítimas Feridas,Pleno dia,Decrescente,Nublado,Simples,Em Obras;Reta,Não,0.0,1.0,0.0,1.0,0.0,0.0,1.0,1.0,SPRF-ES,DEL03-ES,UOP01-DEL03-ES,1,grave
2025-10-21,17:05,2025-10-21 17:05:00,2025.0,10.0,terca,17.0,tarde,ES,VILA VELHA,True,447.0,BR-447,15.3,-20.34258484,-40.32871842,Reação tardia ou ineficiente do condutor,Colisão lateral mesmo sentido,Com Vítimas Feridas,Anoitecer,Decrescente,Céu Claro,Dupla,Reta,Sim,0.0,0.0,1.0,1.0,1.0,0.0,2.0,2.0,SPRF-ES,DEL01-ES,UOP01-DEL01-ES,0,moderado
2025-10-21,18:45,2025-10-21 18:45:00,2025.0,10.0,terca,18.0,noite,ES,SERRA,True,101.0,BR-101,266.0,-20.19190908,-40.26824266,Ausência de reação do condutor,Tombamento,Com Vítimas Feridas,Plena Noite,Decrescente,Chuva,Dupla,Reta,Sim,0.0,0.0,1.0,1.0,0.0,0.0,1.0,1.0,SPRF-ES,DEL02-ES,UOP01-DEL02-ES,0,moderado
2025-10-22,07:02,2025-10-22 07:02:00,2025.0,10.0,quarta,7.0,manha,ES,SERRA,True,101.0,BR-101,268.0,-20.18959623,-40.26832223,Pedestre cruzava a pista fora da faixa,Atropelamento de Pedestre,Com Vítimas Feridas,Pleno dia,Crescente,Chuva,Dupla,Reta,Sim,0.0,0.0,3.0,3.0,0.0,0.0,2.0,3.0,SPRF-ES,DEL02-ES,UOP01-DEL02-ES,0,moderado
2025-10-22,08:43,2025-10-22 08:43:00,2025.0,10.0,quarta,8.0,manha,ES,SERRA,True,101.0,BR-101,269.0,-20.222233,-40.27047,Ausência de reação do condutor,Colisão traseira,Com Vítimas Feridas,Pleno dia,Crescente,Nublado,Dupla,Reta,Sim,0.0,2.0,0.0,2.0,0.0,1.0,2.0,3.0,SPRF-ES,DEL02-ES,UOP01-DEL02-ES,1,grave
2025-10-17,22:37,2025-10-17 22:37:00,2025.0,10.0,sexta,22.0,noite,ES,JAGUARE,False,101.0,BR-101,94.0,-18.9361585,-39.9744144,Condutor deixou de manter distância do veículo da frente,Colisão traseira,Sem Vítimas,Plena Noite,Crescente,Céu Claro,Simples,Reta,Sim,0.0,0.0,0.0,0.0,1.0,1.0,2.0,2.0,SPRF-ES,DEL04-ES,UOP02-DEL04-ES,0,baixo
2025-10-22,14:24,2025-10-22 14:24:00,2025.0,10.0,quarta,14.0,tarde,ES,IBIRACU,False,101.0,BR-101,224.0,-19.83841412,-40.38162231,Ultrapassagem Indevida,Colisão traseira,Com Vítimas Feridas,Pleno dia,Crescente,Garoa/Chuvisco,Simples,Reta,Não,0.0,0.0,1.0,1.0,4.0,0.0,4.0,5.0,SPRF-ES,DEL02-ES,UOP01-DEL02-ES,0,moderado
2025-10-22,16:45,2025-10-22 16:45:00,2025.0,10.0,quarta,16.0,tarde,ES,IBATIBA,False,262.0,BR-262,163.0,-20.2381,-41.54293,Acessar a via sem observar a presença dos outros veículos,Colisão transversal,Com Vítimas Feridas,Pleno dia,Decrescente,Céu Claro,Simples,Aclive;Reta,Não,0.0,0.0,2.0,2.0,1.0,0.0,2.0,3.0,SPRF-ES,DEL01-ES,UOP02-DEL01-ES,0,moderado
2025-10-22,17:30,2025-10-22 17:30:00,2025.0,10.0,quarta,17.0,tarde,ES,SERRA,True,101.0,BR-101,258.0,-20.1228943,-40.30535817,Acessar a via sem observar a presença dos outros veículos,Colisão transversal,Com Vítimas Feridas,Plena Noite,Crescente,Céu Claro,Dupla,Curva,Sim,0.0,0.0,1.0,1.0,1.0,0.0,2.0,2.0,SPRF-ES,DEL02-ES,UOP01-DEL02-ES,0,moderado
2025-10-22,18:50,2025-10-22 18:50:00,2025.0,10.0,quarta,18.0,noite,ES,SERRA,True,101.0,BR-101,265.0,-20.18985084,-40.26824506,Condutor desrespeitou a iluminação vermelha do semáforo,Colisão transversal,Com Vítimas Feridas,Plena Noite,Crescente,Céu Claro,Dupla,Interseção de Vias;Reta,Sim,0.0,0.0,3.0,3.0,0.0,0.0,2.0,3.0,SPRF-ES,DEL02-ES,UOP01-DEL02-ES,0,moderado
2025-10-22,20:12,2025-10-22 20:12:00,2025.0,10.0,quarta,20.0,noite,ES,PEDRO CANARIO,False,101.0,BR-101,15.0,-18.29048953,-39.95457172,Ausência de reação do condutor,Queda de ocupante de veículo,Com Vítimas Feridas,Plena Noite,Crescente,Nublado,Dupla,Reta,Sim,0.0,0.0,1.0,1.0,0.0,0.0,1.0,1.0,SPRF-ES,DEL04-ES,UOP02-DEL04-ES,0,moderado
2025-10-23,06:16,2025-10-23 06:16:00,2025.0,10.0,quinta,6.0,manha,ES,COLATINA,False,259.0,BR-259,62.0,-19.527663,-40.698471,Ausência de reação do condutor,Queda de ocupante de veículo,Com Vítimas Feridas,Pleno dia,Crescente,Chuva,Simples,Reta,Sim,0.0,0.0,1.0,1.0,0.0,0.0,1.0,1.0,SPRF-ES,DEL02-ES,UOP01-DEL02-ES,0,moderado
2025-09-21,16:30,2025-09-21 16:30:00,2025.0,9.0,domingo,16.0,tarde,ES,VITORIA,True,0.0,BR-0,0.0,-20.31855494,-40.30606834,Demais falhas mecânicas ou elétricas,Colisão com objeto,Sem Vítimas,Pleno dia,Não Informado,Céu Claro,Simples,Reta,Sim,0.0,0.0,0.0,0.0,1.0,3.0,3.0,4.0,SPRF-ES,,,0,baixo
2025-10-23,11:00,2025-10-23 11:00:00,2025.0,10.0,quinta,11.0,manha,ES,DOMINGOS MARTINS,False,262.0,BR-262,44.0,-20.38788703,-40.66829681,Desrespeitar a preferência no cruzamento,Colisão transversal,Com Vítimas Feridas,Pleno dia,Crescente,Nublado,Simples,Reta,Não,0.0,0.0,1.0,1.0,1.0,0.0,2.0,2.0,SPRF-ES,DEL01-ES,UOP01-DEL01-ES,0,moderado
2025-10-23,18:45,2025-10-23 18:45:00,2025.0,10.0,quinta,18.0,noite,ES,SERRA,True,101.0,BR-101,255.0,-20.11849082,-40.31272548,Transitar na contramão,Colisão frontal,Com Vítimas Feridas,Plena Noite,Crescente,Nublado,Simples,Reta,Sim,0.0,0.0,3.0,3.0,0.0,0.0,2.0,3.0,SPRF-ES,DEL02-ES,UOP01-DEL02-ES,0,moderado
2025-10-24,06:45,2025-10-24 06:45:00,2025.0,10.0,sexta,6.0,manha,ES,LINHARES,False,101.0,BR-101,152.0,-19.4199622,-40.0731277,Condutor deixou de manter distância do veículo da frente,Colisão traseira,Com Vítimas Feridas,Pleno dia,Crescente,Céu Claro,Simples,Reta,Não,0.0,0.0,1.0,1.0,1.0,0.0,2.0,2.0,SPRF-ES,DEL04-ES,UOP01-DEL04-ES,0,moderado
2025-10-24,07:20,2025-10-24 07:20:00,2025.0,10.0,sexta,7.0,manha,ES,LINHARES,False,101.0,BR-101,143.0,-19.33094074,-40.06996537,Manobra de mudança de faixa,Colisão lateral mesmo sentido,Com Vítimas Feridas,Pleno dia,Decrescente,Céu Claro,Múltipla,Reta,Sim,0.0,0.0,1.0,1.0,1.0,0.0,2.0,2.0,SPRF-ES,DEL04-ES,UOP01-DEL04-ES,0,moderado
2025-10-24,08:30,2025-10-24 08:30:00,2025.0,10.0,sexta,8.0,manha,ES,CARIACICA,True,101.0,BR-101,288.0,-20.27912784,-40.39274502,Acessar a via sem observar a presença dos outros veículos,Colisão transversal,Com Vítimas Feridas,Pleno dia,Decrescente,Céu Claro,Dupla,Retorno Regulamentado,Não,0.0,1.0,0.0,1.0,0.0,1.0,2.0,2.0,SPRF-ES,DEL01-ES,UOP01-DEL01-ES,1,grave
2025-10-18,20:12,2025-10-18 20:12:00,2025.0,10.0,sabado,20.0,noite,ES,VENDA NOVA DO IMIGRANTE,False,262.0,BR-262,112.0,-20.328458,-41.206355,Reação tardia ou ineficiente do condutor,Colisão traseira,Com Vítimas Feridas,Plena Noite,Crescente,Nublado,Simples,Reta,Não,0.0,2.0,0.0,2.0,0.0,0.0,2.0,2.0,SPRF-ES,DEL01-ES,UOP02-DEL01-ES,1,grave
2025-10-24,18:20,2025-10-24 18:20:00,2025.0,10.0,sexta,18.0,noite,ES,LINHARES,False,101.0,BR-101,146.0,-19.377415,-40.066177,Trafegar com motocicleta (ou similar) entre as faixas,Colisão lateral mesmo sentido,Com Vítimas Feridas,Plena Noite,Decrescente,Céu Claro,Simples,Reta,Sim,0.0,1.0,0.0,1.0,2.0,0.0,2.0,3.0,SPRF-ES,DEL04-ES,UOP01-DEL04-ES,1,grave
2025-10-24,23:45,2025-10-24 23:45:00,2025.0,10.0,sexta,23.0,noite,ES,VIANA,True,262.0,BR-262,17.0,-20.3882908,-40.4769436,Ausência de reação do condutor,Colisão traseira,Com Vítimas Feridas,Plena Noite,Crescente,Céu Claro,Simples,Reta,Sim,0.0,0.0,1.0,1.0,1.0,0.0,2.0,2.0,SPRF-ES,DEL01-ES,UOP01-DEL01-ES,0,moderado
2025-10-25,09:35,2025-10-25 09:35:00,2025.0,10.0,sabado,9.0,manha,ES,ITAPEMIRIM,False,101.0,BR-101,416.3,-20.95134031,-41.09049797,Ultrapassagem Indevida,Colisão frontal,Com Vítimas Feridas,Pleno dia,Crescente,Nublado,Simples,Reta,Não,0.0,0.0,2.0,2.0,1.0,0.0,2.0,3.0,SPRF-ES,DEL03-ES,UOP02-DEL03-ES,0,moderado
2025-10-25,11:50,2025-10-25 11:50:00,2025.0,10.0,sabado,11.0,manha,ES,SAO MATEUS,False,101.0,BR-101,64.0,-18.704061,-39.869205,Ultrapassagem Indevida,Colisão frontal,Com Vítimas Feridas,Pleno dia,Crescente,Chuva,Simples,Curva,Não,0.0,1.0,1.0,2.0,2.0,0.0,3.0,4.0,SPRF-ES,DEL04-ES,UOP02-DEL04-ES,1,grave
2025-10-25,14:30,2025-10-25 14:30:00,2025.0,10.0,sabado,14.0,tarde,ES,SERRA,True,101.0,BR-101,266.0,-20.19546,-40.268828,Ingestão de álcool pelo condutor,Colisão traseira,Com Vítimas Feridas,Pleno dia,Crescente,Chuva,Múltipla,Reta;Retorno Regulamentado,Sim,0.0,0.0,1.0,1.0,1.0,1.0,3.0,3.0,SPRF-ES,DEL02-ES,UOP01-DEL02-ES,0,moderado
2025-10-25,16:30,2025-10-25 16:30:00,2025.0,10.0,sabado,16.0,tarde,ES,LINHARES,False,101.0,BR-101,148.0,-19.40024101,-40.06226671,Condutor deixou de manter distância do veículo da frente,Colisão traseira,Com Vítimas Feridas,Pleno dia,Crescente,Céu Claro,Dupla,Reta,Sim,0.0,0.0,1.0,1.0,2.0,0.0,2.0,3.0,SPRF-ES,DEL04-ES,UOP01-DEL04-ES,0,moderado
2025-10-25,17:30,2025-10-25 17:30:00,2025.0,10.0,sabado,17.0,tarde,ES,LINHARES,False,101.0,BR-101,145.8,-19.36853149,-40.06515639,Condutor deixou de manter distância do veículo da frente,Colisão traseira,Com Vítimas Feridas,Plena Noite,Decrescente,Chuva,Dupla,Reta,Não,0.0,0.0,1.0,1.0,2.0,0.0,2.0,3.0,SPRF-ES,DEL04-ES,UOP01-DEL04-ES,0,moderado
2025-10-25,20:10,2025-10-25 20:10:00,2025.0,10.0,sabado,20.0,noite,ES,SERRA,True,101.0,BR-101,281.8,-20.22630151,-40.36355495,Reação tardia ou ineficiente do condutor,Colisão com objeto,Com Vítimas Feridas,Plena Noite,Crescente,Garoa/Chuvisco,Múltipla,Reta;Ponte,Não,0.0,0.0,2.0,2.0,0.0,0.0,1.0,2.0,SPRF-ES,DEL02-ES,UOP01-DEL02-ES,0,moderado
2025-10-25,18:10,2025-10-25 18:10:00,2025.0,10.0,sabado,18.0,noite,ES,CACHOEIRO DE ITAPEMIRIM,False,393.0,BR-393,4.0,-20.8233876,-41.1833731,Reação tardia ou ineficiente do condutor,Saída de leito carroçável,Com Vítimas Feridas,Plena Noite,Crescente,Nublado,Simples,Curva,Não,0.0,1.0,0.0,1.0,0.0,0.0,1.0,1.0,SPRF-ES,DEL03-ES,UOP02-DEL03-ES,1,grave
2025-10-26,03:30,2025-10-26 03:30:00,2025.0,10.0,domingo,3.0,madrugada,ES,IBATIBA,False,262.0,BR-262,157.5,-20.231458,-41.495458,Reação tardia ou ineficiente do condutor,Colisão lateral sentido oposto,Sem Vítimas,Plena Noite,Crescente,Nublado,Simples,Curva,Sim,0.0,0.0,0.0,0.0,2.0,0.0,2.0,2.0,SPRF-ES,DEL01-ES,UOP02-DEL01-ES,0,baixo
2025-10-26,07:50,2025-10-26 07:50:00,2025.0,10.0,domingo,7.0,manha,ES,MARECHAL FLORIANO,False,262.0,BR-262,64.0,-20.418009,-40.815931,Reação tardia ou ineficiente do condutor,Saída de leito carroçável,Com Vítimas Feridas,Pleno dia,Crescente,Céu Claro,Simples,Curva,Não,0.0,0.0,1.0,1.0,0.0,0.0,1.0,1.0,SPRF-ES,DEL01-ES,UOP02-DEL01-ES,0,moderado
2025-10-26,15:13,2025-10-26 15:13:00,2025.0,10.0,domingo,15.0,tarde,ES,COLATINA,False,259.0,BR-259,34.0,-19.5193853,-40.59597748,Transitar na contramão,Colisão frontal,Com Vítimas Feridas,Pleno dia,Crescente,Céu Claro,Simples,Reta,Não,0.0,0.0,1.0,1.0,1.0,0.0,2.0,2.0,SPRF-ES,DEL02-ES,UOP01-DEL02-ES,0,moderado
2025-10-26,17:55,2025-10-26 17:55:00,2025.0,10.0,domingo,17.0,tarde,ES,VITORIA,True,101.0,BR-101,268.5,-20.213741,-40.2697,Condutor deixou de manter distância do veículo da frente,Colisão traseira,Com Vítimas Feridas,Plena Noite,Decrescente,Nublado,Múltipla,Reta,Sim,0.0,0.0,1.0,1.0,1.0,0.0,2.0,2.0,SPRF-ES,DEL02-ES,UOP01-DEL02-ES,0,moderado
2025-10-26,19:20,2025-10-26 19:20:00,2025.0,10.0,domingo,19.0,noite,ES,ITAPEMIRIM,False,101.0,BR-101,401.0,-20.88135236,-40.97499702,Reação tardia ou ineficiente do condutor,Colisão lateral mesmo sentido,Com Vítimas Feridas,Plena Noite,Crescente,Céu Claro,Simples,Reta,Não,0.0,0.0,1.0,1.0,0.0,0.0,1.0,1.0,SPRF-ES,DEL03-ES,UOP02-DEL03-ES,0,moderado
2025-10-26,19:45,2025-10-26 19:45:00,2025.0,10.0,domingo,19.0,noite,ES,JOAO NEIVA,False,259.0,BR-259,24.0,-19.68267719,-40.39260864,Acessar a via sem observar a presença dos outros veículos,Colisão frontal,Com Vítimas Feridas,Pleno dia,Crescente,Céu Claro,Simples,Reta,Não,0.0,2.0,0.0,2.0,1.0,0.0,2.0,3.0,SPRF-ES,DEL02-ES,UOP01-DEL02-ES,1,grave
2025-10-26,20:58,2025-10-26 20:58:00,2025.0,10.0,domingo,20.0,noite,ES,SERRA,True,101.0,BR-101,276.0,-20.20759142,-40.30764773,Afundamento ou ondulação no pavimento,Tombamento,Com Vítimas Feridas,Plena Noite,Decrescente,Céu Claro,Dupla,Reta,Não,0.0,0.0,1.0,1.0,1.0,0.0,1.0,2.0,SPRF-ES,DEL02-ES,UOP01-DEL02-ES,0,moderado
2025-10-26,22:20,2025-10-26 22:20:00,2025.0,10.0,domingo,22.0,noite,ES,IBIRACU,False,101.0,BR-101,217.0,-19.85418282,-40.38219521,Animais na Pista,Atropelamento de Animal,Com Vítimas Feridas,Plena Noite,Crescente,Céu Claro,Dupla,Aclive;Curva,Não,0.0,0.0,1.0,1.0,1.0,0.0,1.0,2.0,SPRF-ES,DEL02-ES,UOP01-DEL02-ES,0,moderado
2025-10-12,19:00,2025-10-12 19:00:00,2025.0,10.0,domingo,19.0,noite,ES,LINHARES,False,101.0,BR-101,146.0,-19.373014,-40.065606,Manobra de mudança de faixa,Colisão traseira,Com Vítimas Feridas,Plena Noite,Crescente,Céu Claro,Dupla,Reta,Sim,0.0,0.0,2.0,2.0,0.0,2.0,3.0,4.0,SPRF-ES,DEL04-ES,UOP01-DEL04-ES,0,moderado
2025-10-27,10:55,2025-10-27 10:55:00,2025.0,10.0,segunda,10.0,manha,ES,SOORETAMA,False,101.0,BR-101,129.3,-19.2243819,-40.09323615,Ingestão de álcool pelo condutor,Colisão traseira,Com Vítimas Feridas,Pleno dia,Crescente,Céu Claro,Simples,Reta,Não,0.0,0.0,1.0,1.0,1.0,0.0,2.0,2.0,SPRF-ES,DEL04-ES,UOP01-DEL04-ES,0,moderado
2025-10-27,22:10,2025-10-27 22:10:00,2025.0,10.0,segunda,22.0,noite,ES,SOORETAMA,False,101.0,BR-101,127.0,-19.20841602,-40.09491253,Velocidade Incompatível,Tombamento,Com Vítimas Feridas,Plena Noite,Crescente,Céu Claro,Múltipla,Reta;Aclive,Não,0.0,1.0,0.0,1.0,1.0,0.0,2.0,2.0,SPRF-ES,DEL04-ES,UOP01-DEL04-ES,1,grave
2025-10-28,08:24,2025-10-28 08:24:00,2025.0,10.0,terca,8.0,manha,ES,VIANA,True,101.0,BR-101,299.7,-20.35799609,-40.43161511,Reação tardia ou ineficiente do condutor,Tombamento,Com Vítimas Feridas,Pleno dia,Crescente,Céu Claro,Múltipla,Curva,Sim,0.0,0.0,1.0,1.0,0.0,0.0,1.0,1.0,SPRF-ES,DEL01-ES,UOP01-DEL01-ES,0,moderado
2025-10-28,08:30,2025-10-28 08:30:00,2025.0,10.0,terca,8.0,manha,ES,LINHARES,False,101.0,BR-101,162.0,-19.49787547,-40.13057573,Acessar a via sem observar a presença dos outros veículos,Colisão transversal,Com Vítimas Feridas,Pleno dia,Crescente,Céu Claro,Simples,Interseção de Vias;Reta,Não,0.0,0.0,1.0,1.0,1.0,0.0,2.0,2.0,SPRF-ES,DEL04-ES,UOP01-DEL04-ES,0,moderado
2025-10-29,08:33,2025-10-29 08:33:00,2025.0,10.0,quarta,8.0,manha,ES,VIANA,True,101.0,BR-101,297.7,-20.350743,-40.412927,Ausência de reação do condutor,Tombamento,Com Vítimas Feridas,Pleno dia,Decrescente,Céu Claro,Dupla,Reta,Sim,0.0,0.0,1.0,1.0,2.0,0.0,2.0,3.0,SPRF-ES,DEL01-ES,UOP01-DEL01-ES,0,moderado
2025-10-29,13:50,2025-10-29 13:50:00,2025.0,10.0,quarta,13.0,tarde,ES,SERRA,True,101.0,BR-101,273.9,-20.2128064,-40.2960451,Acessar a via sem observar a presença dos outros veículos,Tombamento,Com Vítimas Feridas,Pleno dia,Crescente,Sol,Dupla,Interseção de Vias;Reta;Declive,Sim,0.0,0.0,2.0,2.0,0.0,0.0,1.0,2.0,SPRF-ES,DEL02-ES,UOP01-DEL02-ES,0,moderado
2025-10-29,19:35,2025-10-29 19:35:00,2025.0,10.0,quarta,19.0,noite,ES,SOORETAMA,False,101.0,BR-101,127.2,-19.2018855,-40.0958031,Reação tardia ou ineficiente do condutor,Tombamento,Com Vítimas Feridas,Plena Noite,Crescente,Céu Claro,Dupla,Declive,Não,0.0,0.0,1.0,1.0,0.0,0.0,1.0,1.0,SPRF-ES,DEL04-ES,UOP01-DEL04-ES,0,moderado
2025-10-30,04:50,2025-10-30 04:50:00,2025.0,10.0,quinta,4.0,madrugada,ES,SERRA,True,101.0,BR-101,270.0,-20.2299848,-40.2726369,Ausência de reação do condutor,Colisão com objeto,Com Vítimas Feridas,Amanhecer,Decrescente,Céu Claro,Dupla,Interseção de Vias;Reta,Sim,0.0,0.0,2.0,2.0,0.0,0.0,1.0,2.0,SPRF-ES,DEL02-ES,UOP01-DEL02-ES,0,moderado
2025-10-30,13:00,2025-10-30 13:00:00,2025.0,10.0,quinta,13.0,tarde,ES,IBIRACU,False,101.0,BR-101,213.0,-19.83004487,-40.37300649,Acessar a via sem observar a presença dos outros veículos,Colisão transversal,Com Vítimas Feridas,Pleno dia,Decrescente,Céu Claro,Dupla,Interseção de Vias,Não,0.0,0.0,2.0,2.0,1.0,0.0,2.0,3.0,SPRF-ES,DEL02-ES,UOP01-DEL02-ES,0,moderado
2025-10-30,13:40,2025-10-30 13:40:00,2025.0,10.0,quinta,13.0,tarde,ES,CARIACICA,True,101.0,BR-101,289.0,-20.23841821,-40.44598326,Reação tardia ou ineficiente do condutor,Incêndio,Com Vítimas Feridas,Pleno dia,Crescente,Céu Claro,Dupla,Reta,Não,0.0,0.0,1.0,1.0,2.0,0.0,3.0,3.0,SPRF-ES,DEL01-ES,UOP01-DEL01-ES,0,moderado
2025-10-30,16:50,2025-10-30 16:50:00,2025.0,10.0,quinta,16.0,tarde,ES,SAO MATEUS,False,101.0,BR-101,87.0,-18.87613475,-39.94546143,Mal súbito do condutor,Colisão traseira,Com Vítimas Feridas,Pleno dia,Decrescente,Céu Claro,Simples,Reta;Aclive,Não,0.0,0.0,4.0,4.0,1.0,0.0,2.0,5.0,SPRF-ES,DEL04-ES,UOP02-DEL04-ES,0,moderado
2025-10-30,21:20,2025-10-30 21:20:00,2025.0,10.0,quinta,21.0,noite,ES,VIANA,True,262.0,BR-262,26.0,-20.38249102,-40.54827332,Demais falhas mecânicas ou elétricas,Incêndio,Sem Vítimas,Plena Noite,Crescente,Chuva,Simples,Reta,Não,0.0,0.0,0.0,0.0,1.0,0.0,1.0,1.0,SPRF-ES,DEL01-ES,UOP01-DEL01-ES,0,baixo
2025-10-20,07:40,2025-10-20 07:40:00,2025.0,10.0,segunda,7.0,manha,ES,DOMINGOS MARTINS,False,262.0,BR-262,97.0,-20.360803,-41.075352,Conversão proibida,Colisão lateral mesmo sentido,Com Vítimas Feridas,Pleno dia,Crescente,Nublado,Simples,Reta,Não,0.0,1.0,4.0,5.0,3.0,0.0,2.0,8.0,SPRF-ES,DEL01-ES,UOP02-DEL01-ES,1,grave
2025-08-04,01:30,2025-08-04 01:30:00,2025.0,8.0,segunda,1.0,madrugada,ES,SERRA,True,101.0,BR-101,262.0,-20.173115,-40.26732167,Desrespeitar a preferência no cruzamento,Colisão transversal,Com Vítimas Feridas,Plena Noite,Crescente,Céu Claro,Dupla,Interseção de Vias;Reta,Não,0.0,1.0,0.0,1.0,1.0,0.0,2.0,2.0,SPRF-ES,DEL02-ES,UOP01-DEL02-ES,1,grave
2025-10-31,11:25,2025-10-31 11:25:00,2025.0,10.0,sexta,11.0,manha,ES,LINHARES,False,101.0,BR-101,145.1,-19.3587967,-40.0646779,Velocidade Incompatível,Tombamento,Com Vítimas Feridas,Pleno dia,Crescente,Nublado,Múltipla,Reta,Não,0.0,0.0,1.0,1.0,0.0,0.0,1.0,1.0,SPRF-ES,DEL04-ES,UOP01-DEL04-ES,0,moderado
2025-10-31,13:50,2025-10-31 13:50:00,2025.0,10.0,sexta,13.0,tarde,ES,SERRA,True,101.0,BR-101,265.0,-20.18060213,-40.26498377,Reação tardia ou ineficiente do condutor,Colisão traseira,Com Vítimas Feridas,Pleno dia,Crescente,Garoa/Chuvisco,Dupla,Reta,Sim,0.0,1.0,0.0,1.0,1.0,0.0,2.0,2.0,SPRF-ES,DEL02-ES,UOP01-DEL02-ES,1,grave
2025-10-31,13:50,2025-10-31 13:50:00,2025.0,10.0,sexta,13.0,tarde,ES,CARIACICA,True,101.0,BR-101,292.0,-20.30884804,-40.39481375,Acessar a via sem observar a presença dos outros veículos,Colisão transversal,Com Vítimas Feridas,Pleno dia,Crescente,Sol,Dupla,Reta,Não,0.0,0.0,1.0,1.0,2.0,0.0,2.0,3.0,SPRF-ES,DEL01-ES,UOP01-DEL01-ES,0,moderado
2025-08-20,10:30,2025-08-20 10:30:00,2025.0,8.0,quarta,10.0,manha,ES,VENDA NOVA DO IMIGRANTE,False,262.0,BR-262,107.0,-20.32974516,-41.15283821,Ausência de reação do condutor,Colisão transversal,Com Vítimas Feridas,Pleno dia,Crescente,Sol,Simples,Reta,Sim,0.0,1.0,0.0,1.0,1.0,0.0,2.0,2.0,SPRF-ES,DEL01-ES,UOP02-DEL01-ES,1,grave
2025-10-31,13:50,2025-10-31 13:50:00,2025.0,10.0,sexta,13.0,tarde,ES,DOMINGOS MARTINS,False,262.0,BR-262,39.9,-20.38389901,-40.6357011,Curva acentuada,Colisão transversal,Com Vítimas Feridas,Pleno dia,Crescente,Chuva,Simples,Curva;Declive,Não,0.0,0.0,1.0,1.0,3.0,0.0,2.0,4.0,SPRF-ES,DEL01-ES,UOP01-DEL01-ES,0,moderado
2025-10-31,18:30,2025-10-31 18:30:00,2025.0,10.0,sexta,18.0,noite,ES,VIANA,True,101.0,BR-101,299.0,-20.35768331,-40.42706719,Manobra de mudança de faixa,Queda de ocupante de veículo,Com Vítimas Feridas,Plena Noite,Decrescente,Céu Claro,Dupla,Curva,Sim,0.0,0.0,1.0,1.0,0.0,1.0,2.0,2.0,SPRF-ES,DEL01-ES,UOP01-DEL01-ES,0,moderado
2025-11-01,07:00,2025-11-01 07:00:00,2025.0,11.0,sabado,7.0,manha,ES,LINHARES,False,101.0,BR-101,140.5,-19.32258038,-40.07363725,Demais falhas mecânicas ou elétricas,Incêndio,Sem Vítimas,Pleno dia,Crescente,Céu Claro,Múltipla,Reta;Aclive,Sim,0.0,0.0,0.0,0.0,1.0,0.0,1.0,1.0,SPRF-ES,DEL04-ES,UOP01-DEL04-ES,0,baixo
2025-11-01,07:15,2025-11-01 07:15:00,2025.0,11.0,sabado,7.0,manha,ES,LINHARES,False,101.0,BR-101,148.4,-19.392214,-40.0665229,Condutor deixou de manter distância do veículo da frente,Colisão traseira,Com Vítimas Feridas,Pleno dia,Decrescente,Céu Claro,Múltipla,Reta,Sim,0.0,0.0,2.0,2.0,1.0,0.0,2.0,3.0,SPRF-ES,DEL04-ES,UOP01-DEL04-ES,0,moderado
2025-11-01,07:00,2025-11-01 07:00:00,2025.0,11.0,sabado,7.0,manha,ES,SERRA,True,101.0,BR-101,270.0,-20.23067133,-40.27337852,Condutor desrespeitou a iluminação vermelha do semáforo,Atropelamento de Pedestre,Com Vítimas Feridas,Pleno dia,Crescente,Céu Claro,Simples,Reta,Não,0.0,0.0,1.0,1.0,0.0,1.0,2.0,2.0,SPRF-ES,DEL02-ES,UOP01-DEL02-ES,0,moderado
2025-11-01,15:30,2025-11-01 15:30:00,2025.0,11.0,sabado,15.0,tarde,ES,SAO MATEUS,False,101.0,BR-101,65.0,-18.714378,-39.877271,Reação tardia ou ineficiente do condutor,Tombamento,Com Vítimas Feridas,Pleno dia,Crescente,Céu Claro,Simples,Reta,Sim,0.0,0.0,1.0,1.0,0.0,1.0,2.0,2.0,SPRF-ES,DEL04-ES,UOP02-DEL04-ES,0,moderado
2025-11-01,16:30,2025-11-01 16:30:00,2025.0,11.0,sabado,16.0,tarde,ES,ITAPEMIRIM,False,101.0,BR-101,399.6,-20.8785333,-40.9660825,Acessar a via sem observar a presença dos outros veículos,Colisão lateral mesmo sentido,Com Vítimas Feridas,Anoitecer,Crescente,Nublado,Simples,Reta,Não,0.0,0.0,2.0,2.0,0.0,0.0,2.0,2.0,SPRF-ES,DEL03-ES,UOP02-DEL03-ES,0,moderado
2025-11-01,19:40,2025-11-01 19:40:00,2025.0,11.0,sabado,19.0,noite,ES,CARIACICA,True,101.0,BR-101,296.0,-20.3383642,-40.4025451,Reação tardia ou ineficiente do condutor,Colisão traseira,Com Vítimas Feridas,Plena Noite,Decrescente,Céu Claro,Dupla,Reta,Sim,0.0,1.0,0.0,1.0,3.0,0.0,2.0,4.0,SPRF-ES,DEL01-ES,UOP01-DEL01-ES,1,grave
2025-11-02,02:00,2025-11-02 02:00:00,2025.0,11.0,domingo,2.0,madrugada,ES,IBIRACU,False,101.0,BR-101,213.0,-19.83003744,-40.37261009,Demais falhas mecânicas ou elétricas,Incêndio,Sem Vítimas,Plena Noite,Crescente,Nublado,Simples,Reta,Não,0.0,0.0,0.0,0.0,0.0,1.0,1.0,1.0,SPRF-ES,DEL02-ES,UOP01-DEL02-ES,0,baixo
2025-11-02,10:30,2025-11-02 10:30:00,2025.0,11.0,domingo,10.0,manha,ES,CARIACICA,True,101.0,BR-101,282.8,-20.23468336,-40.36946571,Transitar na contramão,Colisão lateral sentido oposto,Com Vítimas Feridas,Pleno dia,Crescente,Céu Claro,Dupla,Declive,Não,0.0,1.0,1.0,2.0,0.0,0.0,2.0,2.0,SPRF-ES,DEL01-ES,UOP01-DEL01-ES,1,grave
2025-11-02,13:10,2025-11-02 13:10:00,2025.0,11.0,domingo,13.0,tarde,ES,MARECHAL FLORIANO,False,262.0,BR-262,59.0,-20.41086951,-40.67757575,Condutor deixou de manter distância do veículo da frente,Colisão traseira,Com Vítimas Feridas,Pleno dia,Decrescente,Chuva,Simples,Reta,Sim,0.0,0.0,1.0,1.0,2.0,0.0,2.0,3.0,SPRF-ES,DEL01-ES,UOP01-DEL01-ES,0,moderado
2025-11-02,14:50,2025-11-02 14:50:00,2025.0,11.0,domingo,14.0,tarde,ES,LINHARES,False,101.0,BR-101,145.7,-19.36126545,-40.0646052,Acessar a via sem observar a presença dos outros veículos,Colisão transversal,Com Vítimas Feridas,Pleno dia,Decrescente,Céu Claro,Simples,Reta,Sim,0.0,1.0,0.0,1.0,0.0,1.0,2.0,2.0,SPRF-ES,DEL04-ES,UOP01-DEL04-ES,1,grave
2025-11-02,17:55,2025-11-02 17:55:00,2025.0,11.0,domingo,17.0,tarde,ES,FUNDAO,True,101.0,BR-101,228.1,-19.924925,-40.406535,Reação tardia ou ineficiente do condutor,Tombamento,Com Vítimas Feridas,Plena Noite,Crescente,Céu Claro,Simples,Reta,Não,0.0,1.0,1.0,2.0,1.0,0.0,2.0,3.0,SPRF-ES,DEL02-ES,UOP01-DEL02-ES,1,grave
2025-11-02,19:00,2025-11-02 19:00:00,2025.0,11.0,domingo,19.0,noite,ES,VIANA,True,262.0,BR-262,19.9,-20.386523,-40.496017,Acessar a via sem observar a presença dos outros veículos,Colisão transversal,Com Vítimas Feridas,Plena Noite,Crescente,Céu Claro,Simples,Curva,Sim,0.0,0.0,5.0,5.0,0.0,0.0,3.0,5.0,SPRF-ES,DEL01-ES,UOP01-DEL01-ES,0,moderado
2025-11-02,20:40,2025-11-02 20:40:00,2025.0,11.0,domingo,20.0,noite,ES,SAO MATEUS,False,101.0,BR-101,65.0,-18.71872577,-39.86930816,Ausência de reação do condutor,Colisão lateral mesmo sentido,Sem Vítimas,Plena Noite,Decrescente,Céu Claro,Dupla,Reta,Sim,0.0,0.0,0.0,0.0,3.0,1.0,3.0,4.0,SPRF-ES,DEL04-ES,UOP02-DEL04-ES,0,baixo
2025-11-02,19:00,2025-11-02 19:00:00,2025.0,11.0,domingo,19.0,noite,ES,SAO MATEUS,False,101.0,BR-101,65.0,-18.72167253,-39.86316053,Ausência de reação do condutor,Tombamento,Com Vítimas Feridas,Plena Noite,Decrescente,Céu Claro,Dupla,Retorno Regulamentado,Sim,0.0,0.0,1.0,1.0,0.0,0.0,1.0,1.0,SPRF-ES,DEL04-ES,UOP02-DEL04-ES,0,moderado
2025-11-03,06:00,2025-11-03 06:00:00,2025.0,11.0,segunda,6.0,manha,ES,MARECHAL FLORIANO,False,262.0,BR-262,51.0,-20.4136603,-40.7150185,Ausência de reação do condutor,Queda de ocupante de veículo,Com Vítimas Feridas,Pleno dia,Crescente,Céu Claro,Simples,Reta,Não,0.0,0.0,2.0,2.0,0.0,0.0,1.0,2.0,SPRF-ES,DEL01-ES,UOP01-DEL01-ES,0,moderado
2025-11-03,11:30,2025-11-03 11:30:00,2025.0,11.0,segunda,11.0,manha,ES,FUNDAO,True,101.0,BR-101,238.0,-20.01210422,-40.40600916,Objeto estático sobre o leito carroçável,Colisão com objeto,Com Vítimas Feridas,Pleno dia,Crescente,Céu Claro,Simples,Reta,Não,0.0,0.0,1.0,1.0,0.0,0.0,1.0,1.0,SPRF-ES,DEL02-ES,UOP01-DEL02-ES,0,moderado
2025-11-03,16:35,2025-11-03 16:35:00,2025.0,11.0,segunda,16.0,tarde,ES,DOMINGOS MARTINS,False,262.0,BR-262,89.0,-20.381048,-41.025632,Acessar a via sem observar a presença dos outros veículos,Colisão transversal,Com Vítimas Feridas,Pleno dia,Crescente,Nublado,Simples,Aclive;Reta,Sim,0.0,0.0,1.0,1.0,1.0,0.0,2.0,2.0,SPRF-ES,DEL01-ES,UOP02-DEL01-ES,0,moderado
2025-11-03,18:45,2025-11-03 18:45:00,2025.0,11.0,segunda,18.0,noite,ES,LINHARES,False,101.0,BR-101,140.5,-19.4223318,-40.0778325,Reação tardia ou ineficiente do condutor,Atropelamento de Pedestre,Com Vítimas Feridas,Plena Noite,Decrescente,Céu Claro,Simples,Reta,Sim,0.0,0.0,1.0,1.0,1.0,1.0,2.0,3.0,SPRF-ES,DEL04-ES,UOP01-DEL04-ES,0,moderado
2025-11-04,07:10,2025-11-04 07:10:00,2025.0,11.0,terca,7.0,manha,ES,SERRA,True,101.0,BR-101,269.5,-20.0488573,-40.3867013,Manobra de mudança de faixa,Colisão lateral mesmo sentido,Sem Vítimas,Pleno dia,Crescente,Céu Claro,Dupla,Reta,Sim,0.0,0.0,0.0,0.0,2.0,0.0,2.0,2.0,SPRF-ES,DEL02-ES,UOP01-DEL02-ES,0,baixo
2025-11-04,17:05,2025-11-04 17:05:00,2025.0,11.0,terca,17.0,tarde,ES,LINHARES,False,101.0,BR-101,146.7,-19.37645806,-40.06654859,Manobra de mudança de faixa,Colisão lateral mesmo sentido,Com Vítimas Feridas,Pleno dia,Crescente,Céu Claro,Múltipla,Reta;Retorno Regulamentado,Sim,0.0,0.0,1.0,1.0,0.0,1.0,2.0,2.0,SPRF-ES,DEL04-ES,UOP01-DEL04-ES,0,moderado
2025-11-04,15:00,2025-11-04 15:00:00,2025.0,11.0,terca,15.0,tarde,ES,SAO MATEUS,False,101.0,BR-101,66.9,-18.720011,-39.866424,Manobra de mudança de faixa,Colisão lateral mesmo sentido,Com Vítimas Feridas,Pleno dia,Decrescente,Céu Claro,Múltipla,Reta,Sim,0.0,0.0,2.0,2.0,1.0,0.0,2.0,3.0,SPRF-ES,DEL04-ES,UOP02-DEL04-ES,0,moderado
2025-11-04,19:30,2025-11-04 19:30:00,2025.0,11.0,terca,19.0,noite,ES,ARACRUZ,False,101.0,BR-101,189.9,-19.68155182,-40.27130532,Acessar a via sem observar a presença dos outros veículos,Colisão transversal,Com Vítimas Feridas,Plena Noite,Crescente,Nublado,Simples,Interseção de Vias;Reta,Sim,0.0,0.0,1.0,1.0,1.0,0.0,2.0,2.0,SPRF-ES,DEL04-ES,UOP01-DEL04-ES,0,moderado
2025-11-05,06:00,2025-11-05 06:00:00,2025.0,11.0,quarta,6.0,manha,ES,SERRA,True,101.0,BR-101,270.5,-20.23243894,-40.27519226,Ausência de reação do condutor,Colisão com objeto,Com Vítimas Fatais,Amanhecer,Crescente,Céu Claro,Dupla,Curva,Sim,1.0,1.0,0.0,1.0,0.0,0.0,1.0,2.0,SPRF-ES,DEL02-ES,UOP01-DEL02-ES,1,fatal
2025-11-05,13:30,2025-11-05 13:30:00,2025.0,11.0,quarta,13.0,tarde,ES,CARIACICA,True,101.0,BR-101,288.4,-20.27487744,-40.39231424,Velocidade Incompatível,Saída de leito carroçável,Com Vítimas Feridas,Pleno dia,Crescente,Céu Claro,Múltipla,Reta,Sim,0.0,1.0,3.0,4.0,0.0,0.0,1.0,4.0,SPRF-ES,DEL01-ES,UOP01-DEL01-ES,1,grave
2025-11-05,17:50,2025-11-05 17:50:00,2025.0,11.0,quarta,17.0,tarde,ES,LINHARES,False,101.0,BR-101,122.1,-19.161118,-40.083653,Retorno proibido,Colisão transversal,Com Vítimas Feridas,Plena Noite,Decrescente,Céu Claro,Simples,Reta,Não,0.0,0.0,1.0,1.0,1.0,0.0,2.0,2.0,SPRF-ES,DEL04-ES,UOP01-DEL04-ES,0,moderado
2025-11-05,18:15,2025-11-05 18:15:00,2025.0,11.0,quarta,18.0,noite,ES,SERRA,True,101.0,BR-101,262.3,-20.1535907,-40.27801752,Condutor desrespeitou a iluminação vermelha do semáforo,Colisão transversal,Com Vítimas Feridas,Plena Noite,Crescente,Nublado,Múltipla,Interseção de Vias,Sim,0.0,0.0,1.0,1.0,1.0,1.0,3.0,3.0,SPRF-ES,DEL02-ES,UOP01-DEL02-ES,0,moderado
2025-11-05,18:09,2025-11-05 18:09:00,2025.0,11.0,quarta,18.0,noite,ES,SERRA,True,101.0,BR-101,264.0,-20.22230476,-40.27050161,Ausência de reação do condutor,Colisão traseira,Com Vítimas Feridas,Pleno dia,Decrescente,Céu Claro,Simples,Reta,Não,0.0,0.0,1.0,1.0,1.0,0.0,2.0,2.0,SPRF-ES,DEL02-ES,UOP01-DEL02-ES,0,moderado
2025-11-05,19:40,2025-11-05 19:40:00,2025.0,11.0,quarta,19.0,noite,ES,DOMINGOS MARTINS,False,262.0,BR-262,89.0,-20.38878578,-41.01554836,Reação tardia ou ineficiente do condutor,Colisão traseira,Com Vítimas Feridas,Plena Noite,Decrescente,Nublado,Simples,Reta,Sim,0.0,0.0,1.0,1.0,0.0,1.0,2.0,2.0,SPRF-ES,DEL01-ES,UOP02-DEL01-ES,0,moderado
2025-11-06,13:00,2025-11-06 13:00:00,2025.0,11.0,quinta,13.0,tarde,ES,COLATINA,False,259.0,BR-259,49.1,-19.511289,-40.605233,Acessar a via sem observar a presença dos outros veículos,Colisão transversal,Com Vítimas Feridas,Pleno dia,Crescente,Nublado,Múltipla,Retorno Regulamentado;Curva;Interseção de Vias,Não,0.0,0.0,2.0,2.0,1.0,0.0,2.0,3.0,SPRF-ES,DEL02-ES,UOP01-DEL02-ES,0,moderado
2025-11-06,15:30,2025-11-06 15:30:00,2025.0,11.0,quinta,15.0,tarde,ES,LINHARES,False,101.0,BR-101,144.0,-19.26327363,-40.08908791,Acumulo de areia ou detritos sobre o pavimento,Tombamento,Com Vítimas Feridas,Pleno dia,Decrescente,Céu Claro,Dupla,Reta,Sim,0.0,0.0,1.0,1.0,0.0,0.0,1.0,1.0,SPRF-ES,DEL04-ES,UOP01-DEL04-ES,0,moderado
2025-11-06,19:30,2025-11-06 19:30:00,2025.0,11.0,quinta,19.0,noite,ES,JOAO NEIVA,False,259.0,BR-259,4.0,-19.70358,-40.38188,Transitar na contramão,Colisão frontal,Com Vítimas Feridas,Plena Noite,Crescente,Nublado,Simples,Reta,Não,0.0,0.0,3.0,3.0,1.0,0.0,2.0,4.0,SPRF-ES,DEL02-ES,UOP01-DEL02-ES,0,moderado
2025-11-06,20:10,2025-11-06 20:10:00,2025.0,11.0,quinta,20.0,noite,ES,SERRA,True,101.0,BR-101,264.5,-20.17775167,-40.26560667,Reação tardia ou ineficiente do condutor,Tombamento,Com Vítimas Feridas,Plena Noite,Crescente,Nublado,Múltipla,Reta,Sim,0.0,0.0,1.0,1.0,0.0,0.0,1.0,1.0,SPRF-ES,DEL02-ES,UOP01-DEL02-ES,0,moderado
2025-11-07,12:50,2025-11-07 12:50:00,2025.0,11.0,sexta,12.0,tarde,ES,VIANA,True,262.0,BR-262,17.0,-20.38565,-40.471053,Condutor deixou de manter distância do veículo da frente,Colisão traseira,Com Vítimas Feridas,Pleno dia,Crescente,Nublado,Simples,Reta,Sim,0.0,0.0,1.0,1.0,3.0,0.0,2.0,4.0,SPRF-ES,DEL01-ES,UOP01-DEL01-ES,0,moderado
2025-10-19,05:40,2025-10-19 05:40:00,2025.0,10.0,domingo,5.0,madrugada,ES,SERRA,True,101.0,BR-101,269.0,-20.11139198,-40.32669067,Condutor desrespeitou a iluminação vermelha do semáforo,Colisão transversal,Com Vítimas Feridas,Amanhecer,Decrescente,Nublado,Dupla,Interseção de Vias;Reta,Sim,0.0,0.0,1.0,1.0,1.0,0.0,2.0,2.0,SPRF-ES,DEL02-ES,UOP01-DEL02-ES,0,moderado
2025-11-07,07:45,2025-11-07 07:45:00,2025.0,11.0,sexta,7.0,manha,ES,SAO MATEUS,False,101.0,BR-101,68.3,-18.72927656,-39.85959403,Animais na Pista,Tombamento,Com Vítimas Feridas,Pleno dia,Decrescente,Nublado,Simples,Interseção de Vias,Sim,0.0,0.0,1.0,1.0,0.0,0.0,1.0,1.0,SPRF-ES,DEL04-ES,UOP02-DEL04-ES,0,moderado
2025-11-07,17:50,2025-11-07 17:50:00,2025.0,11.0,sexta,17.0,tarde,ES,SAO MATEUS,False,101.0,BR-101,65.0,-18.714398,-39.87733,Ausência de reação do condutor,Colisão traseira,Com Vítimas Feridas,Anoitecer,Crescente,Nublado,Múltipla,Reta,Sim,0.0,0.0,1.0,1.0,1.0,0.0,2.0,2.0,SPRF-ES,DEL04-ES,UOP02-DEL04-ES,0,moderado
2025-11-07,21:00,2025-11-07 21:00:00,2025.0,11.0,sexta,21.0,noite,ES,CARIACICA,True,101.0,BR-101,297.0,-20.344911,-40.410048,Reação tardia ou ineficiente do condutor,Colisão com objeto,Com Vítimas Fatais,Plena Noite,Crescente,Garoa/Chuvisco,Dupla,Aclive;Curva,Não,1.0,0.0,0.0,0.0,0.0,0.0,1.0,1.0,SPRF-ES,DEL01-ES,UOP01-DEL01-ES,1,fatal
2025-11-08,06:00,2025-11-08 06:00:00,2025.0,11.0,sabado,6.0,manha,ES,COLATINA,False,259.0,BR-259,53.5,-19.50383017,-40.65457971,Ausência de reação do condutor,Capotamento,Com Vítimas Feridas,Pleno dia,Crescente,Nublado,Simples,Aclive;Reta,Não,0.0,0.0,1.0,1.0,1.0,0.0,1.0,2.0,SPRF-ES,DEL02-ES,UOP01-DEL02-ES,0,moderado
2025-11-08,10:40,2025-11-08 10:40:00,2025.0,11.0,sabado,10.0,manha,ES,SERRA,True,101.0,BR-101,265.0,-20.0488582,-40.3867015,Ausência de reação do condutor,Atropelamento de Pedestre,Com Vítimas Feridas,Pleno dia,Crescente,Nublado,Dupla,Reta,Sim,0.0,0.0,2.0,2.0,0.0,1.0,2.0,3.0,SPRF-ES,DEL02-ES,UOP01-DEL02-ES,0,moderado
2025-11-08,13:00,2025-11-08 13:00:00,2025.0,11.0,sabado,13.0,tarde,ES,DOMINGOS MARTINS,False,262.0,BR-262,35.0,-20.379668,-40.594603,Reação tardia ou ineficiente do condutor,Tombamento,Com Vítimas Feridas,Pleno dia,Crescente,Nublado,Dupla,Aclive;Curva,Não,0.0,1.0,0.0,1.0,0.0,0.0,1.0,1.0,SPRF-ES,DEL01-ES,UOP01-DEL01-ES,1,grave
2025-09-25,09:10,2025-09-25 09:10:00,2025.0,9.0,quinta,9.0,manha,ES,LINHARES,False,101.0,BR-101,144.9,-19.3603269,-40.0650771,Objeto estático sobre o leito carroçável,Colisão traseira,Com Vítimas Feridas,Pleno dia,Crescente,Nublado,Múltipla,Reta,Sim,0.0,0.0,1.0,1.0,2.0,0.0,3.0,3.0,SPRF-ES,DEL04-ES,UOP01-DEL04-ES,0,moderado
2025-11-08,22:30,2025-11-08 22:30:00,2025.0,11.0,sabado,22.0,noite,ES,VILA VELHA,True,101.0,BR-101,313.2,-20.45533709,-40.46342467,Animais na Pista,Atropelamento de Animal,Com Vítimas Feridas,Plena Noite,Crescente,Céu Claro,Dupla,Reta,Não,0.0,0.0,1.0,1.0,0.0,0.0,1.0,1.0,SPRF-ES,DEL01-ES,UOP01-DEL01-ES,0,moderado
2025-11-08,23:00,2025-11-08 23:00:00,2025.0,11.0,sabado,23.0,noite,ES,ITAPEMIRIM,False,101.0,BR-101,401.0,-20.88888,-40.98522,Acessar a via sem observar a presença dos outros veículos,Colisão transversal,Com Vítimas Feridas,Plena Noite,Crescente,Nublado,Simples,Curva,Não,0.0,0.0,2.0,2.0,2.0,1.0,2.0,5.0,SPRF-ES,DEL03-ES,UOP02-DEL03-ES,0,moderado
2025-11-09,00:30,2025-11-09 00:30:00,2025.0,11.0,domingo,0.0,madrugada,ES,SERRA,True,101.0,BR-101,269.6,-20.2231921,-40.2702095,Acessar a via sem observar a presença dos outros veículos,Colisão lateral mesmo sentido,Com Vítimas Feridas,Plena Noite,Decrescente,Nublado,Múltipla,Retorno Regulamentado,Sim,0.0,0.0,2.0,2.0,1.0,0.0,2.0,3.0,SPRF-ES,DEL02-ES,UOP01-DEL02-ES,0,moderado
2025-11-09,00:00,2025-11-09 00:00:00,2025.0,11.0,domingo,0.0,madrugada,ES,COLATINA,False,259.0,BR-259,63.6,-19.524,-40.704,Ausência de reação do condutor,Colisão transversal,Com Vítimas Feridas,Plena Noite,Crescente,Céu Claro,Simples,Interseção de Vias;Reta,Sim,0.0,0.0,1.0,1.0,2.0,0.0,2.0,3.0,SPRF-ES,DEL02-ES,UOP01-DEL02-ES,0,moderado
2025-11-09,04:50,2025-11-09 04:50:00,2025.0,11.0,domingo,4.0,madrugada,ES,CONCEICAO DA BARRA,False,101.0,BR-101,26.0,-18.42424475,-39.93461609,Reação tardia ou ineficiente do condutor,Saída de leito carroçável,Sem Vítimas,Amanhecer,Crescente,Céu Claro,Simples,Reta,Não,0.0,0.0,0.0,0.0,0.0,1.0,1.0,1.0,SPRF-ES,DEL04-ES,UOP02-DEL04-ES,0,baixo
2025-11-09,13:50,2025-11-09 13:50:00,2025.0,11.0,domingo,13.0,tarde,ES,RIO NOVO DO SUL,False,101.0,BR-101,391.0,-20.86556581,-40.89650993,Reação tardia ou ineficiente do condutor,Colisão frontal,Com Vítimas Feridas,Pleno dia,Crescente,Chuva,Simples,Curva,Não,0.0,0.0,3.0,3.0,0.0,0.0,2.0,3.0,SPRF-ES,DEL03-ES,UOP02-DEL03-ES,0,moderado
2025-11-09,14:40,2025-11-09 14:40:00,2025.0,11.0,domingo,14.0,tarde,ES,MIMOSO DO SUL,False,101.0,BR-101,448.3,-21.1311171,-41.2791321,Ausência de reação do condutor,Queda de ocupante de veículo,Com Vítimas Feridas,Pleno dia,Crescente,Chuva,Simples,Curva,Não,0.0,0.0,1.0,1.0,0.0,0.0,1.0,1.0,SPRF-ES,DEL03-ES,UOP02-DEL03-ES,0,moderado
2025-11-09,17:00,2025-11-09 17:00:00,2025.0,11.0,domingo,17.0,tarde,ES,LINHARES,False,101.0,BR-101,141.0,-19.3319898,-40.06931663,Ausência de reação do condutor,Colisão lateral mesmo sentido,Com Vítimas Feridas,Anoitecer,Crescente,Chuva,Múltipla,Reta,Não,0.0,1.0,1.0,2.0,0.0,1.0,2.0,3.0,SPRF-ES,DEL04-ES,UOP01-DEL04-ES,1,grave
2025-11-09,19:10,2025-11-09 19:10:00,2025.0,11.0,domingo,19.0,noite,ES,IBIRACU,False,101.0,BR-101,208.0,-19.78271,-40.371653,Animais na Pista,Atropelamento de Animal,Com Vítimas Feridas,Plena Noite,Crescente,Nublado,Simples,Curva,Não,0.0,0.0,2.0,2.0,3.0,0.0,2.0,5.0,SPRF-ES,DEL02-ES,UOP01-DEL02-ES,0,moderado
2025-11-09,20:50,2025-11-09 20:50:00,2025.0,11.0,domingo,20.0,noite,ES,ARACRUZ,False,101.0,BR-101,183.5,-19.65177277,-40.23161924,Ausência de reação do condutor,Tombamento,Com Vítimas Feridas,Plena Noite,Decrescente,Chuva,Simples,Aclive;Curva,Não,0.0,0.0,2.0,2.0,0.0,0.0,1.0,2.0,SPRF-ES,DEL04-ES,UOP01-DEL04-ES,0,moderado
2025-11-09,21:50,2025-11-09 21:50:00,2025.0,11.0,domingo,21.0,noite,ES,CONCEICAO DA BARRA,False,101.0,BR-101,42.0,-18.5184682,-39.9128996,Condutor deixou de manter distância do veículo da frente,Colisão traseira,Com Vítimas Feridas,Plena Noite,Crescente,Chuva,Simples,Reta,Não,0.0,0.0,1.0,1.0,0.0,1.0,2.0,2.0,SPRF-ES,DEL04-ES,UOP02-DEL04-ES,0,moderado
2025-11-09,21:40,2025-11-09 21:40:00,2025.0,11.0,domingo,21.0,noite,ES,IBATIBA,False,262.0,BR-262,165.8,-20.26264524,-41.56990235,Demais falhas mecânicas ou elétricas,Incêndio,Sem Vítimas,Plena Noite,Decrescente,Chuva,Simples,Reta,Não,0.0,0.0,0.0,0.0,1.0,0.0,1.0,1.0,SPRF-ES,DEL01-ES,UOP02-DEL01-ES,0,baixo
2025-11-09,22:20,2025-11-09 22:20:00,2025.0,11.0,domingo,22.0,noite,ES,VIANA,True,101.0,BR-101,297.0,-20.351073,-40.41326,Manobra de mudança de faixa,Saída de leito carroçável,Com Vítimas Feridas,Plena Noite,Crescente,Garoa/Chuvisco,Dupla,Curva,Sim,0.0,0.0,2.0,2.0,0.0,0.0,1.0,2.0,SPRF-ES,DEL01-ES,UOP01-DEL01-ES,0,moderado
2025-11-09,23:55,2025-11-09 23:55:00,2025.0,11.0,domingo,23.0,noite,ES,SERRA,True,101.0,BR-101,262.0,-20.13592779,-40.29247721,Ausência de reação do condutor,Colisão traseira,Com Vítimas Feridas,Plena Noite,Crescente,Céu Claro,Simples,Reta,Não,0.0,1.0,2.0,3.0,0.0,0.0,2.0,3.0,SPRF-ES,DEL02-ES,UOP01-DEL02-ES,1,grave
2025-11-10,07:21,2025-11-10 07:21:00,2025.0,11.0,segunda,7.0,manha,ES,CARIACICA,True,101.0,BR-101,293.0,-20.316048,-40.3955,Acumulo de óleo sobre o pavimento,Tombamento,Com Vítimas Feridas,Pleno dia,Decrescente,Nublado,Dupla,Reta,Sim,0.0,0.0,2.0,2.0,0.0,0.0,1.0,2.0,SPRF-ES,DEL01-ES,UOP01-DEL01-ES,0,moderado
2025-11-10,07:50,2025-11-10 07:50:00,2025.0,11.0,segunda,7.0,manha,ES,SERRA,True,101.0,BR-101,278.0,-20.21752,-40.33552,Velocidade Incompatível,Saída de leito carroçável,Com Vítimas Feridas,Pleno dia,Crescente,Nublado,Dupla,Curva;Declive,Não,0.0,0.0,1.0,1.0,0.0,0.0,1.0,1.0,SPRF-ES,DEL02-ES,UOP01-DEL02-ES,0,moderado
2025-11-10,12:00,2025-11-10 12:00:00,2025.0,11.0,segunda,12.0,tarde,ES,ARACRUZ,False,101.0,BR-101,189.0,-19.680853,-40.269613,Pedestre cruzava a pista fora da faixa,Atropelamento de Pedestre,Com Vítimas Feridas,Pleno dia,Crescente,Céu Claro,Simples,Reta,Sim,0.0,1.0,1.0,2.0,0.0,0.0,2.0,2.0,SPRF-ES,DEL04-ES,UOP01-DEL04-ES,1,grave
2025-11-10,16:00,2025-11-10 16:00:00,2025.0,11.0,segunda,16.0,tarde,ES,SERRA,True,101.0,BR-101,262.2,-20.160165,-40.275838,Manobra de mudança de faixa,Colisão lateral mesmo sentido,Com Vítimas Feridas,Pleno dia,Decrescente,Nublado,Múltipla,Reta;Interseção de Vias;Retorno Regulamentado,Sim,0.0,0.0,1.0,1.0,1.0,0.0,2.0,2.0,SPRF-ES,DEL02-ES,UOP01-DEL02-ES,0,moderado
2025-11-11,06:00,2025-11-11 06:00:00,2025.0,11.0,terca,6.0,manha,ES,SERRA,True,101.0,BR-101,10.0,-20.14579,-40.34384,Suicídio (presumido),Saída de leito carroçável,Com Vítimas Feridas,Plena Noite,Decrescente,Nublado,Dupla,Reta,Não,0.0,0.0,1.0,1.0,0.0,0.0,1.0,1.0,SPRF-ES,DEL02-ES,UOP01-DEL02-ES,0,moderado
2025-11-11,06:40,2025-11-11 06:40:00,2025.0,11.0,terca,6.0,manha,ES,MARECHAL FLORIANO,False,262.0,BR-262,51.0,-20.41368682,-40.71574473,Condutor deixou de manter distância do veículo da frente,Colisão traseira,Com Vítimas Feridas,Pleno dia,Crescente,Nublado,Simples,Reta,Não,0.0,0.0,1.0,1.0,1.0,0.0,2.0,2.0,SPRF-ES,DEL01-ES,UOP01-DEL01-ES,0,moderado
2025-10-30,07:30,2025-10-30 07:30:00,2025.0,10.0,quinta,7.0,manha,ES,SERRA,True,101.0,BR-101,266.7,-20.195662,-40.268922,Acessar a via sem observar a presença dos outros veículos,Colisão transversal,Com Vítimas Feridas,Pleno dia,Decrescente,Nublado,Dupla,Retorno Regulamentado;Reta,Sim,0.0,1.0,0.0,1.0,2.0,0.0,2.0,3.0,SPRF-ES,DEL02-ES,UOP01-DEL02-ES,1,grave
2025-11-11,21:20,2025-11-11 21:20:00,2025.0,11.0,terca,21.0,noite,ES,VIANA,True,101.0,BR-101,301.0,-20.363575,-40.440774,Reação tardia ou ineficiente do condutor,Colisão com objeto,Com Vítimas Feridas,Plena Noite,Decrescente,Céu Claro,Múltipla,Curva,Não,0.0,1.0,2.0,3.0,0.0,0.0,1.0,3.0,SPRF-ES,DEL01-ES,UOP01-DEL01-ES,1,grave
2025-11-12,07:24,2025-11-12 07:24:00,2025.0,11.0,quarta,7.0,manha,ES,IBIRACU,False,101.0,BR-101,207.9,-19.78148544,-40.37166506,Demais falhas mecânicas ou elétricas,Queda de ocupante de veículo,Com Vítimas Feridas,Pleno dia,Decrescente,Sol,Simples,Reta,Sim,0.0,0.0,1.0,1.0,0.0,0.0,1.0,1.0,SPRF-ES,DEL02-ES,UOP01-DEL02-ES,0,moderado
2025-11-12,13:00,2025-11-12 13:00:00,2025.0,11.0,quarta,13.0,tarde,ES,LINHARES,False,101.0,BR-101,146.4,-19.37253304,-40.06487749,Trafegar com motocicleta (ou similar) entre as faixas,Colisão traseira,Com Vítimas Feridas,Pleno dia,Crescente,Nublado,Múltipla,Reta,Sim,0.0,0.0,1.0,1.0,1.0,0.0,2.0,2.0,SPRF-ES,DEL04-ES,UOP01-DEL04-ES,0,moderado
2025-11-12,18:50,2025-11-12 18:50:00,2025.0,11.0,quarta,18.0,noite,ES,SERRA,True,101.0,BR-101,271.2,-20.23103408,-40.27947217,Demais falhas mecânicas ou elétricas,Incêndio,Sem Vítimas,Plena Noite,Decrescente,Céu Claro,Múltipla,Retorno Regulamentado,Sim,0.0,0.0,0.0,0.0,1.0,0.0,1.0,1.0,SPRF-ES,DEL02-ES,UOP01-DEL02-ES,0,baixo
2025-11-13,18:45,2025-11-13 18:45:00,2025.0,11.0,quinta,18.0,noite,ES,LINHARES,False,101.0,BR-101,146.8,-19.37562565,-40.06598759,Conversão proibida,Colisão transversal,Com Vítimas Feridas,Plena Noite,Decrescente,Céu Claro,Dupla,Interseção de Vias,Sim,0.0,0.0,1.0,1.0,1.0,0.0,2.0,2.0,SPRF-ES,DEL04-ES,UOP01-DEL04-ES,0,moderado
2025-11-13,20:15,2025-11-13 20:15:00,2025.0,11.0,quinta,20.0,noite,ES,ARACRUZ,False,101.0,BR-101,179.2,-19.61801318,-40.21655263,Conversão proibida,Colisão transversal,Com Vítimas Feridas,Plena Noite,Crescente,Céu Claro,Simples,Interseção de Vias,Não,0.0,0.0,1.0,1.0,1.0,0.0,2.0,2.0,SPRF-ES,DEL04-ES,UOP01-DEL04-ES,0,moderado
2025-11-14,07:57,2025-11-14 07:57:00,2025.0,11.0,sexta,7.0,manha,ES,SERRA,True,101.0,BR-101,263.9,-20.17284167,-40.26738333,Condutor deixou de manter distância do veículo da frente,Colisão traseira,Com Vítimas Feridas,Pleno dia,Crescente,Sol,Múltipla,Reta,Não,0.0,1.0,1.0,2.0,0.0,0.0,2.0,2.0,SPRF-ES,DEL02-ES,UOP01-DEL02-ES,1,grave
2025-11-14,11:10,2025-11-14 11:10:00,2025.0,11.0,sexta,11.0,manha,ES,CACHOEIRO DE ITAPEMIRIM,False,393.0,BR-393,1.5,-20.83420129,-41.17173169,Condutor deixou de manter distância do veículo da frente,Colisão traseira,Com Vítimas Feridas,Pleno dia,Crescente,Sol,Simples,Reta,Sim,0.0,0.0,1.0,1.0,1.0,0.0,2.0,2.0,SPRF-ES,DEL03-ES,UOP02-DEL03-ES,0,moderado
2025-11-14,15:13,2025-11-14 15:13:00,2025.0,11.0,sexta,15.0,tarde,ES,SERRA,True,101.0,BR-101,246.1,-20.06466,-40.37609,Demais falhas mecânicas ou elétricas,Colisão com objeto,Com Vítimas Feridas,Pleno dia,Crescente,Céu Claro,Dupla,Reta;Em Obras;Declive,Não,0.0,0.0,1.0,1.0,2.0,0.0,2.0,3.0,SPRF-ES,DEL02-ES,UOP01-DEL02-ES,0,moderado
2025-11-14,19:10,2025-11-14 19:10:00,2025.0,11.0,sexta,19.0,noite,ES,COLATINA,False,259.0,BR-259,66.0,-19.51146,-40.73418,Reação tardia ou ineficiente do condutor,Saída de leito carroçável,Com Vítimas Feridas,Plena Noite,Crescente,Nublado,Simples,Reta,Não,0.0,1.0,0.0,1.0,0.0,0.0,1.0,1.0,SPRF-ES,DEL02-ES,UOP01-DEL02-ES,1,grave
2025-11-14,20:20,2025-11-14 20:20:00,2025.0,11.0,sexta,20.0,noite,ES,IBATIBA,False,262.0,BR-262,159.6,-20.237623,-41.513023,Acessar a via sem observar a presença dos outros veículos,Colisão transversal,Sem Vítimas,Plena Noite,Decrescente,Nublado,Simples,Reta;Interseção de Vias,Sim,0.0,0.0,0.0,0.0,2.0,0.0,2.0,2.0,SPRF-ES,DEL01-ES,UOP02-DEL01-ES,0,baixo
2025-11-15,00:20,2025-11-15 00:20:00,2025.0,11.0,sabado,0.0,madrugada,ES,SERRA,True,101.0,BR-101,260.8,-20.14740833,-40.28014833,Acesso irregular,Tombamento,Com Vítimas Feridas,Plena Noite,Crescente,Céu Claro,Dupla,Curva,Sim,0.0,0.0,1.0,1.0,0.0,1.0,1.0,2.0,SPRF-ES,DEL02-ES,UOP01-DEL02-ES,0,moderado
2025-11-15,08:30,2025-11-15 08:30:00,2025.0,11.0,sabado,8.0,manha,ES,VIANA,True,101.0,BR-101,304.0,-20.3811397,-40.4567558,Ausência de reação do condutor,Colisão traseira,Com Vítimas Feridas,Pleno dia,Crescente,Sol,Dupla,Reta,Sim,0.0,0.0,1.0,1.0,1.0,0.0,2.0,2.0,SPRF-ES,DEL01-ES,UOP01-DEL01-ES,0,moderado
2025-11-15,09:20,2025-11-15 09:20:00,2025.0,11.0,sabado,9.0,manha,ES,CARIACICA,True,101.0,BR-101,284.0,-20.2483959,-40.3707993,Ausência de reação do condutor,Queda de ocupante de veículo,Com Vítimas Feridas,Pleno dia,Crescente,Céu Claro,Dupla,Reta,Não,0.0,0.0,2.0,2.0,0.0,0.0,1.0,2.0,SPRF-ES,DEL01-ES,UOP01-DEL01-ES,0,moderado
2025-11-15,09:50,2025-11-15 09:50:00,2025.0,11.0,sabado,9.0,manha,ES,VIANA,True,101.0,BR-101,299.8,-20.3574457,-40.42419434,Acessar a via sem observar a presença dos outros veículos,Colisão frontal,Com Vítimas Feridas,Pleno dia,Crescente,Sol,Dupla,Retorno Regulamentado,Sim,0.0,0.0,1.0,1.0,1.0,0.0,2.0,2.0,SPRF-ES,DEL01-ES,UOP01-DEL01-ES,0,moderado
2025-11-15,11:00,2025-11-15 11:00:00,2025.0,11.0,sabado,11.0,manha,ES,MARECHAL FLORIANO,False,262.0,BR-262,57.4,-20.42044384,-40.76708794,Avarias e/ou desgaste excessivo no pneu,Saída de leito carroçável,Com Vítimas Feridas,Pleno dia,Crescente,Chuva,Simples,Curva,Não,0.0,0.0,2.0,2.0,0.0,0.0,1.0,2.0,SPRF-ES,DEL01-ES,UOP01-DEL01-ES,0,moderado
2025-11-15,14:50,2025-11-15 14:50:00,2025.0,11.0,sabado,14.0,tarde,ES,GUARAPARI,True,101.0,BR-101,343.0,-20.663552,-40.594615,Ausência de reação do condutor,Colisão com objeto,Com Vítimas Feridas,Pleno dia,Crescente,Nublado,Dupla,Curva,Não,0.0,0.0,1.0,1.0,2.0,0.0,2.0,3.0,SPRF-ES,DEL03-ES,UOP01-DEL03-ES,0,moderado
2025-11-15,18:30,2025-11-15 18:30:00,2025.0,11.0,sabado,18.0,noite,ES,LINHARES,False,101.0,BR-101,135.8,-19.28299243,-40.08698227,Acessar a via sem observar a presença dos outros veículos,Colisão transversal,Com Vítimas Feridas,Plena Noite,Crescente,Nublado,Simples,Reta,Não,0.0,2.0,0.0,2.0,1.0,0.0,2.0,3.0,SPRF-ES,DEL04-ES,UOP01-DEL04-ES,1,grave
2025-11-15,19:50,2025-11-15 19:50:00,2025.0,11.0,sabado,19.0,noite,ES,DOMINGOS MARTINS,False,262.0,BR-262,95.0,-20.36467098,-41.06280375,Acessar a via sem observar a presença dos outros veículos,Colisão transversal,Com Vítimas Feridas,Plena Noite,Crescente,Céu Claro,Simples,Rotatória,Não,0.0,1.0,1.0,2.0,0.0,1.0,2.0,3.0,SPRF-ES,DEL01-ES,UOP02-DEL01-ES,1,grave
2025-11-15,21:50,2025-11-15 21:50:00,2025.0,11.0,sabado,21.0,noite,ES,COLATINA,False,259.0,BR-259,57.8,-19.52464603,-40.67301661,Ausência de reação do condutor,Tombamento,Sem Vítimas,Plena Noite,Crescente,Céu Claro,Simples,Reta,Não,0.0,0.0,0.0,0.0,0.0,1.0,1.0,1.0,SPRF-ES,DEL02-ES,UOP01-DEL02-ES,0,baixo
2025-11-16,00:15,2025-11-16 00:15:00,2025.0,11.0,domingo,0.0,madrugada,ES,SERRA,True,101.0,BR-101,267.0,-20.22124525,-40.27041574,Acessar a via sem observar a presença dos outros veículos,Colisão traseira,Com Vítimas Feridas,Plena Noite,Crescente,Céu Claro,Dupla,Reta,Sim,0.0,0.0,1.0,1.0,0.0,1.0,2.0,2.0,SPRF-ES,DEL02-ES,UOP01-DEL02-ES,0,moderado
2025-11-16,00:10,2025-11-16 00:10:00,2025.0,11.0,domingo,0.0,madrugada,ES,JOAO NEIVA,False,101.0,BR-101,204.0,-19.75474809,-40.38023949,Estacionar ou parar em local proibido,Colisão frontal,Sem Vítimas,Pleno dia,Decrescente,Céu Claro,Simples,Reta,Sim,0.0,0.0,0.0,0.0,0.0,1.0,1.0,1.0,SPRF-ES,DEL02-ES,UOP01-DEL02-ES,0,baixo
2025-11-16,07:10,2025-11-16 07:10:00,2025.0,11.0,domingo,7.0,manha,ES,LINHARES,False,101.0,BR-101,169.3,-19.5450986,-40.16495402,Acesso irregular,Colisão traseira,Com Vítimas Feridas,Pleno dia,Crescente,Céu Claro,Simples,Reta,Não,0.0,0.0,1.0,1.0,1.0,0.0,2.0,2.0,SPRF-ES,DEL04-ES,UOP01-DEL04-ES,0,moderado
2025-11-16,18:45,2025-11-16 18:45:00,2025.0,11.0,domingo,18.0,noite,ES,COLATINA,False,259.0,BR-259,47.9,-19.51958751,-40.59544553,Transitar na contramão,Colisão frontal,Com Vítimas Fatais,Plena Noite,Crescente,Nublado,Simples,Curva,Não,2.0,0.0,0.0,0.0,1.0,0.0,2.0,3.0,SPRF-ES,DEL02-ES,UOP01-DEL02-ES,1,fatal
2025-11-17,09:23,2025-11-17 09:23:00,2025.0,11.0,segunda,9.0,manha,ES,SERRA,True,101.0,BR-101,256.0,-20.12233268,-40.30568361,Acessar a via sem observar a presença dos outros veículos,Atropelamento de Pedestre,Com Vítimas Feridas,Pleno dia,Crescente,Nublado,Simples,Reta,Não,0.0,0.0,1.0,1.0,1.0,0.0,2.0,2.0,SPRF-ES,DEL02-ES,UOP01-DEL02-ES,0,moderado
2025-11-17,10:10,2025-11-17 10:10:00,2025.0,11.0,segunda,10.0,manha,ES,CARIACICA,True,101.0,BR-101,290.0,-20.29184775,-40.39198017,Condutor deixou de manter distância do veículo da frente,Colisão traseira,Com Vítimas Feridas,Pleno dia,Decrescente,Nublado,Dupla,Reta,Não,0.0,2.0,0.0,2.0,1.0,0.0,2.0,3.0,SPRF-ES,DEL01-ES,UOP01-DEL01-ES,1,grave
2025-11-17,12:43,2025-11-17 12:43:00,2025.0,11.0,segunda,12.0,tarde,ES,ICONHA,False,101.0,BR-101,2.0,-20.81947295,-40.80411164,Demais falhas mecânicas ou elétricas,Colisão com objeto,Com Vítimas Feridas,Pleno dia,Crescente,Céu Claro,Dupla,Curva,Não,0.0,0.0,1.0,1.0,0.0,1.0,2.0,2.0,SPRF-ES,DEL03-ES,UOP02-DEL03-ES,0,moderado
2025-11-17,12:53,2025-11-17 12:53:00,2025.0,11.0,segunda,12.0,tarde,ES,SERRA,True,101.0,BR-101,265.0,-20.182903,-40.266,Manobra de mudança de faixa,Colisão lateral mesmo sentido,Com Vítimas Feridas,Pleno dia,Decrescente,Nublado,Múltipla,Reta,Sim,0.0,0.0,1.0,1.0,1.0,0.0,2.0,2.0,SPRF-ES,DEL02-ES,UOP01-DEL02-ES,0,moderado
2025-11-17,14:40,2025-11-17 14:40:00,2025.0,11.0,segunda,14.0,tarde,ES,SAO MATEUS,False,101.0,BR-101,69.0,-18.736039,-39.860745,Reação tardia ou ineficiente do condutor,Tombamento,Com Vítimas Feridas,Pleno dia,Crescente,Céu Claro,Simples,Reta,Sim,0.0,0.0,1.0,1.0,0.0,0.0,1.0,1.0,SPRF-ES,DEL04-ES,UOP02-DEL04-ES,0,moderado
2025-11-17,15:00,2025-11-17 15:00:00,2025.0,11.0,segunda,15.0,tarde,ES,SERRA,True,101.0,BR-101,277.0,-20.2169,-40.328888,Reação tardia ou ineficiente do condutor,Colisão com objeto,Com Vítimas Feridas,Pleno dia,Decrescente,Céu Claro,Dupla,Reta,Não,0.0,0.0,1.0,1.0,0.0,1.0,1.0,2.0,SPRF-ES,DEL02-ES,UOP01-DEL02-ES,0,moderado
2025-11-17,18:01,2025-11-17 18:01:00,2025.0,11.0,segunda,18.0,noite,ES,SERRA,True,101.0,BR-101,247.0,-20.0682195,-40.37198067,Demais falhas mecânicas ou elétricas,Tombamento,Com Vítimas Feridas,Pleno dia,Decrescente,Céu Claro,Simples,Reta,Não,0.0,0.0,2.0,2.0,0.0,0.0,1.0,2.0,SPRF-ES,DEL02-ES,UOP01-DEL02-ES,0,moderado
2025-11-17,21:30,2025-11-17 21:30:00,2025.0,11.0,segunda,21.0,noite,ES,LINHARES,False,101.0,BR-101,139.4,-19.313519,-40.078498,Acessar a via sem observar a presença dos outros veículos,Colisão lateral mesmo sentido,Com Vítimas Feridas,Plena Noite,Crescente,Céu Claro,Dupla,Reta;Interseção de Vias,Sim,0.0,0.0,1.0,1.0,1.0,1.0,3.0,3.0,SPRF-ES,DEL04-ES,UOP01-DEL04-ES,0,moderado
2025-11-18,11:30,2025-11-18 11:30:00,2025.0,11.0,terca,11.0,manha,ES,LINHARES,False,101.0,BR-101,145.7,-19.34708195,-40.06322734,Acessar a via sem observar a presença dos outros veículos,Colisão lateral mesmo sentido,Com Vítimas Feridas,Pleno dia,Crescente,Céu Claro,Dupla,Interseção de Vias;Reta,Sim,0.0,1.0,0.0,1.0,1.0,0.0,2.0,2.0,SPRF-ES,DEL04-ES,UOP01-DEL04-ES,1,grave
2025-11-18,12:13,2025-11-18 12:13:00,2025.0,11.0,terca,12.0,tarde,ES,LINHARES,False,101.0,BR-101,145.8,-19.37370606,-40.06581314,Mal súbito do condutor,Queda de ocupante de veículo,Com Vítimas Feridas,Pleno dia,Crescente,Céu Claro,Dupla,Reta,Não,0.0,0.0,1.0,1.0,0.0,0.0,1.0,1.0,SPRF-ES,DEL04-ES,UOP01-DEL04-ES,0,moderado
2025-11-19,09:15,2025-11-19 09:15:00,2025.0,11.0,quarta,9.0,manha,ES,VIANA,True,101.0,BR-101,299.8,-20.3573382,-40.4299421,Ausência de reação do condutor,Colisão lateral sentido oposto,Com Vítimas Feridas,Pleno dia,Crescente,Céu Claro,Simples,Reta,Sim,0.0,0.0,2.0,2.0,1.0,0.0,2.0,3.0,SPRF-ES,DEL01-ES,UOP01-DEL01-ES,0,moderado
2025-11-19,11:10,2025-11-19 11:10:00,2025.0,11.0,quarta,11.0,manha,ES,DOMINGOS MARTINS,False,262.0,BR-262,92.0,-20.379308,-41.040726,Condutor deixou de manter distância do veículo da frente,Colisão traseira,Com Vítimas Feridas,Pleno dia,Crescente,Céu Claro,Simples,Reta,Não,0.0,0.0,1.0,1.0,0.0,1.0,2.0,2.0,SPRF-ES,DEL01-ES,UOP02-DEL01-ES,0,moderado
2025-11-19,12:00,2025-11-19 12:00:00,2025.0,11.0,quarta,12.0,tarde,ES,CACHOEIRO DE ITAPEMIRIM,False,393.0,BR-393,2.5,-20.83218124,-41.17804527,Acessar a via sem observar a presença dos outros veículos,Colisão transversal,Com Vítimas Feridas,Pleno dia,Crescente,Sol,Simples,Reta;Interseção de Vias,Sim,0.0,1.0,0.0,1.0,1.0,0.0,2.0,2.0,SPRF-ES,DEL03-ES,UOP02-DEL03-ES,1,grave
2025-11-19,20:20,2025-11-19 20:20:00,2025.0,11.0,quarta,20.0,noite,ES,MARECHAL FLORIANO,False,262.0,BR-262,49.0,-20.4121184,-40.70478559,Reação tardia ou ineficiente do condutor,Saída de leito carroçável,Com Vítimas Feridas,Plena Noite,Crescente,Nublado,Simples,Reta,Não,0.0,0.0,1.0,1.0,0.0,0.0,1.0,1.0,SPRF-ES,DEL01-ES,UOP01-DEL01-ES,0,moderado
2025-11-20,07:15,2025-11-20 07:15:00,2025.0,11.0,quinta,7.0,manha,ES,SERRA,True,101.0,BR-101,276.0,-20.0488699,-40.3866955,Reação tardia ou ineficiente do condutor,Colisão com objeto,Com Vítimas Feridas,Pleno dia,Crescente,Céu Claro,Dupla,Reta,Não,0.0,0.0,1.0,1.0,0.0,0.0,1.0,1.0,SPRF-ES,DEL02-ES,UOP01-DEL02-ES,0,moderado
2025-11-20,07:15,2025-11-20 07:15:00,2025.0,11.0,quinta,7.0,manha,ES,LINHARES,False,101.0,BR-101,139.8,-19.31680561,-40.07646223,Ausência de reação do condutor,Saída de leito carroçável,Com Vítimas Feridas,Pleno dia,Decrescente,Céu Claro,Múltipla,Reta,Sim,0.0,0.0,1.0,1.0,0.0,0.0,1.0,1.0,SPRF-ES,DEL04-ES,UOP01-DEL04-ES,0,moderado
2025-11-20,09:10,2025-11-20 09:10:00,2025.0,11.0,quinta,9.0,manha,ES,BAIXO GUANDU,False,259.0,BR-259,84.0,-19.50925604,-40.87246478,Reação tardia ou ineficiente do condutor,Colisão traseira,Com Vítimas Feridas,Pleno dia,Decrescente,Sol,Simples,Curva;Em Obras,Não,0.0,0.0,1.0,1.0,4.0,0.0,4.0,5.0,SPRF-ES,DEL02-ES,UOP01-DEL02-ES,0,moderado
2025-11-20,08:40,2025-11-20 08:40:00,2025.0,11.0,quinta,8.0,manha,ES,LINHARES,False,101.0,BR-101,159.2,-19.46992068,-40.111159,Mal súbito do condutor,Saída de leito carroçável,Com Vítimas Feridas,Pleno dia,Decrescente,Céu Claro,Simples,Interseção de Vias,Sim,0.0,0.0,1.0,1.0,0.0,0.0,1.0,1.0,SPRF-ES,DEL04-ES,UOP01-DEL04-ES,0,moderado
2025-11-20,14:45,2025-11-20 14:45:00,2025.0,11.0,quinta,14.0,tarde,ES,FUNDAO,True,101.0,BR-101,235.8,-19.9821246,-40.4131256,Reação tardia ou ineficiente do condutor,Saída de leito carroçável,Com Vítimas Feridas,Pleno dia,Crescente,Sol,Simples,Curva,Não,0.0,1.0,0.0,1.0,0.0,0.0,1.0,1.0,SPRF-ES,DEL02-ES,UOP01-DEL02-ES,1,grave
2025-11-20,18:50,2025-11-20 18:50:00,2025.0,11.0,quinta,18.0,noite,ES,SERRA,True,101.0,BR-101,5.0,-20.09557398,-40.35487314,Reação tardia ou ineficiente do condutor,Colisão com objeto,Com Vítimas Feridas,Plena Noite,Crescente,Céu Claro,Dupla,Reta,Não,0.0,0.0,1.0,1.0,0.0,0.0,1.0,1.0,SPRF-ES,DEL04-ES,UOP02-DEL04-ES,0,moderado
2025-11-20,21:35,2025-11-20 21:35:00,2025.0,11.0,quinta,21.0,noite,ES,SERRA,True,101.0,BR-101,245.0,-20.04007795,-40.39273658,Reação tardia ou ineficiente do condutor,Queda de ocupante de veículo,Com Vítimas Feridas,Plena Noite,Crescente,Nublado,Simples,Declive,Não,0.0,0.0,1.0,1.0,0.0,0.0,1.0,1.0,SPRF-ES,DEL02-ES,UOP01-DEL02-ES,0,moderado
2025-11-21,06:45,2025-11-21 06:45:00,2025.0,11.0,sexta,6.0,manha,ES,CARIACICA,True,101.0,BR-101,296.0,-20.34336949,-40.40617252,Manobra de mudança de faixa,Colisão lateral mesmo sentido,Com Vítimas Feridas,Pleno dia,Crescente,Céu Claro,Dupla,Curva;Viaduto,Sim,0.0,1.0,0.0,1.0,1.0,0.0,2.0,2.0,SPRF-ES,DEL01-ES,UOP01-DEL01-ES,1,grave
2025-11-21,07:15,2025-11-21 07:15:00,2025.0,11.0,sexta,7.0,manha,ES,LINHARES,False,101.0,BR-101,157.9,-19.46076496,-40.10477989,Ingestão de substâncias psicoativas pelo condutor,Colisão lateral mesmo sentido,Sem Vítimas,Pleno dia,Decrescente,Céu Claro,Dupla,Reta,Não,0.0,0.0,0.0,0.0,5.0,0.0,2.0,5.0,SPRF-ES,DEL04-ES,UOP01-DEL04-ES,0,baixo
2025-11-21,08:00,2025-11-21 08:00:00,2025.0,11.0,sexta,8.0,manha,ES,LINHARES,False,101.0,BR-101,146.0,-19.3824921,-40.06725565,Acessar a via sem observar a presença dos outros veículos,Colisão lateral mesmo sentido,Com Vítimas Feridas,Pleno dia,Crescente,Céu Claro,Dupla,Reta,Sim,0.0,0.0,1.0,1.0,1.0,0.0,2.0,2.0,SPRF-ES,DEL04-ES,UOP01-DEL04-ES,0,moderado
2025-11-21,05:50,2025-11-21 05:50:00,2025.0,11.0,sexta,5.0,madrugada,ES,CARIACICA,True,101.0,BR-101,293.0,-20.31615636,-40.39581656,Avarias e/ou desgaste excessivo no pneu,Tombamento,Com Vítimas Feridas,Amanhecer,Decrescente,Céu Claro,Múltipla,Reta,Sim,0.0,0.0,2.0,2.0,0.0,0.0,1.0,2.0,SPRF-ES,DEL01-ES,UOP01-DEL01-ES,0,moderado
2025-11-21,12:52,2025-11-21 12:52:00,2025.0,11.0,sexta,12.0,tarde,ES,VIANA,True,262.0,BR-262,16.0,-20.3840281,-40.46566582,Acessar a via sem observar a presença dos outros veículos,Colisão lateral mesmo sentido,Com Vítimas Feridas,Pleno dia,Crescente,Céu Claro,Simples,Reta,Sim,0.0,1.0,1.0,2.0,1.0,0.0,2.0,3.0,SPRF-ES,DEL01-ES,UOP01-DEL01-ES,1,grave
2025-11-21,21:00,2025-11-21 21:00:00,2025.0,11.0,sexta,21.0,noite,ES,SERRA,True,101.0,BR-101,263.9,-20.17303671,-40.26733875,Condutor desrespeitou a iluminação vermelha do semáforo,Atropelamento de Pedestre,Com Vítimas Feridas,Plena Noite,Decrescente,Nublado,Dupla,Interseção de Vias;Reta,Sim,0.0,0.0,1.0,1.0,0.0,1.0,2.0,2.0,SPRF-ES,DEL02-ES,UOP01-DEL02-ES,0,moderado
2025-11-21,20:30,2025-11-21 20:30:00,2025.0,11.0,sexta,20.0,noite,ES,LINHARES,False,101.0,BR-101,147.0,-19.38149277,-40.06710498,Condutor desrespeitou a iluminação vermelha do semáforo,Colisão transversal,Com Vítimas Feridas,Plena Noite,Crescente,Nublado,Dupla,Interseção de Vias,Sim,0.0,2.0,0.0,2.0,1.0,0.0,2.0,3.0,SPRF-ES,DEL04-ES,UOP01-DEL04-ES,1,grave
2025-11-21,21:50,2025-11-21 21:50:00,2025.0,11.0,sexta,21.0,noite,ES,SERRA,True,101.0,BR-101,267.9,-20.207961,-40.269408,Reação tardia ou ineficiente do condutor,Colisão traseira,Com Vítimas Feridas,Plena Noite,Crescente,Céu Claro,Múltipla,Reta,Sim,0.0,0.0,2.0,2.0,1.0,0.0,2.0,3.0,SPRF-ES,DEL02-ES,UOP01-DEL02-ES,0,moderado
2025-11-22,00:20,2025-11-22 00:20:00,2025.0,11.0,sabado,0.0,madrugada,ES,SAO MATEUS,False,101.0,BR-101,78.3,-18.81721,-39.903538,Pedestre - Ingestão de álcool/ substâncias psicoativas,Atropelamento de Pedestre,Com Vítimas Fatais,Plena Noite,Crescente,Nublado,Simples,Reta;Declive,Não,1.0,0.0,0.0,0.0,0.0,1.0,2.0,2.0,SPRF-ES,DEL04-ES,UOP02-DEL04-ES,1,fatal
2025-11-22,08:10,2025-11-22 08:10:00,2025.0,11.0,sabado,8.0,manha,ES,SERRA,True,101.0,BR-101,271.0,-20.22986,-40.28137,Semáforo com defeito,Colisão traseira,Com Vítimas Feridas,Pleno dia,Crescente,Céu Claro,Dupla,Reta;Interseção de Vias,Sim,0.0,0.0,1.0,1.0,2.0,0.0,2.0,3.0,SPRF-ES,DEL02-ES,UOP01-DEL02-ES,0,moderado
2025-11-22,13:00,2025-11-22 13:00:00,2025.0,11.0,sabado,13.0,tarde,ES,VENDA NOVA DO IMIGRANTE,False,262.0,BR-262,106.4,-20.328575,-41.150003,Acessar a via sem observar a presença dos outros veículos,Colisão transversal,Com Vítimas Feridas,Pleno dia,Crescente,Céu Claro,Simples,Reta,Sim,0.0,1.0,0.0,1.0,1.0,0.0,2.0,2.0,SPRF-ES,DEL01-ES,UOP02-DEL01-ES,1,grave
2025-11-22,16:45,2025-11-22 16:45:00,2025.0,11.0,sabado,16.0,tarde,ES,LINHARES,False,101.0,BR-101,146.0,-19.375561,-40.066005,Manobra de mudança de faixa,Colisão lateral mesmo sentido,Com Vítimas Feridas,Pleno dia,Crescente,Céu Claro,Dupla,Interseção de Vias;Reta,Não,0.0,0.0,1.0,1.0,0.0,1.0,2.0,2.0,SPRF-ES,DEL04-ES,UOP01-DEL04-ES,0,moderado
2025-11-23,01:05,2025-11-23 01:05:00,2025.0,11.0,domingo,1.0,madrugada,ES,CARIACICA,True,101.0,BR-101,293.7,-20.32144249,-40.39581506,Condutor Dormindo,Colisão com objeto,Com Vítimas Feridas,Plena Noite,Crescente,Céu Claro,Múltipla,Reta,Não,0.0,0.0,1.0,1.0,0.0,0.0,1.0,1.0,SPRF-ES,DEL01-ES,UOP01-DEL01-ES,0,moderado
2025-11-23,11:10,2025-11-23 11:10:00,2025.0,11.0,domingo,11.0,manha,ES,ANCHIETA,False,101.0,BR-101,371.0,-20.77004744,-40.76938089,Transitar na contramão,Colisão frontal,Com Vítimas Feridas,Pleno dia,Crescente,Céu Claro,Simples,Reta,Não,0.0,1.0,2.0,3.0,1.0,0.0,2.0,4.0,SPRF-ES,DEL03-ES,UOP01-DEL03-ES,1,grave
2025-11-23,15:30,2025-11-23 15:30:00,2025.0,11.0,domingo,15.0,tarde,ES,LINHARES,False,101.0,BR-101,138.5,-19.30569333,-40.08199833,Manobra de mudança de faixa,Colisão lateral mesmo sentido,Com Vítimas Feridas,Pleno dia,Decrescente,Céu Claro,Múltipla,Reta,Não,0.0,0.0,2.0,2.0,1.0,0.0,2.0,3.0,SPRF-ES,DEL04-ES,UOP01-DEL04-ES,0,moderado
2025-11-23,15:50,2025-11-23 15:50:00,2025.0,11.0,domingo,15.0,tarde,ES,SERRA,True,101.0,BR-101,281.4,-20.22416662,-40.36014805,Reação tardia ou ineficiente do condutor,Colisão traseira,Com Vítimas Feridas,Pleno dia,Decrescente,Nublado,Dupla,Reta,Não,0.0,0.0,1.0,1.0,2.0,0.0,3.0,3.0,SPRF-ES,DEL02-ES,UOP01-DEL02-ES,0,moderado
2025-11-23,15:30,2025-11-23 15:30:00,2025.0,11.0,domingo,15.0,tarde,ES,DOMINGOS MARTINS,False,262.0,BR-262,38.0,-20.3814214,-40.618562,Ausência de reação do condutor,Queda de ocupante de veículo,Com Vítimas Feridas,Pleno dia,Decrescente,Sol,Simples,Reta,Não,0.0,0.0,1.0,1.0,0.0,0.0,1.0,1.0,SPRF-ES,DEL01-ES,UOP01-DEL01-ES,0,moderado
2025-11-23,18:50,2025-11-23 18:50:00,2025.0,11.0,domingo,18.0,noite,ES,SERRA,True,101.0,BR-101,262.0,-20.12313859,-40.30983926,Condutor deixou de manter distância do veículo da frente,Colisão traseira,Com Vítimas Feridas,Plena Noite,Crescente,Céu Claro,Dupla,Reta,Sim,0.0,2.0,0.0,2.0,3.0,0.0,2.0,5.0,SPRF-ES,DEL02-ES,UOP01-DEL02-ES,1,grave
2025-11-23,19:20,2025-11-23 19:20:00,2025.0,11.0,domingo,19.0,noite,ES,PINHEIROS,False,101.0,BR-101,28.3,-18.39663268,-39.94000238,Condutor deixou de manter distância do veículo da frente,Engavetamento,Com Vítimas Feridas,Plena Noite,Crescente,Chuva,Simples,Reta,Não,0.0,0.0,3.0,3.0,2.0,1.0,3.0,6.0,SPRF-ES,DEL04-ES,UOP02-DEL04-ES,0,moderado
2025-11-23,20:30,2025-11-23 20:30:00,2025.0,11.0,domingo,20.0,noite,ES,IBATIBA,False,262.0,BR-262,148.3,-20.21515,-41.42766,Reação tardia ou ineficiente do condutor,Colisão com objeto,Com Vítimas Fatais,Plena Noite,Crescente,Chuva,Simples,Curva,Não,2.0,3.0,9.0,12.0,44.0,0.0,1.0,58.0,SPRF-ES,DEL01-ES,UOP02-DEL01-ES,1,fatal
2025-11-23,22:30,2025-11-23 22:30:00,2025.0,11.0,domingo,22.0,noite,ES,LINHARES,False,101.0,BR-101,147.0,-19.37955252,-40.06659796,Manobra de mudança de faixa,Queda de ocupante de veículo,Com Vítimas Feridas,Plena Noite,Crescente,Céu Claro,Múltipla,Interseção de Vias;Reta,Sim,0.0,0.0,1.0,1.0,0.0,0.0,1.0,1.0,SPRF-ES,DEL04-ES,UOP01-DEL04-ES,0,moderado
2025-11-24,06:25,2025-11-24 06:25:00,2025.0,11.0,segunda,6.0,manha,ES,SERRA,True,101.0,BR-101,245.5,-20.0488473,-40.3867012,Ultrapassagem Indevida,Colisão lateral mesmo sentido,Sem Vítimas,Amanhecer,Crescente,Nublado,Simples,Reta,Não,0.0,0.0,0.0,0.0,2.0,0.0,2.0,2.0,SPRF-ES,DEL02-ES,UOP01-DEL02-ES,0,baixo
2025-11-24,06:40,2025-11-24 06:40:00,2025.0,11.0,segunda,6.0,manha,ES,CARIACICA,True,101.0,BR-101,288.5,-20.27485826,-40.39220095,Reação tardia ou ineficiente do condutor,Colisão lateral mesmo sentido,Com Vítimas Feridas,Pleno dia,Decrescente,Nublado,Dupla,Reta,Sim,0.0,0.0,1.0,1.0,2.0,0.0,2.0,3.0,SPRF-ES,DEL01-ES,UOP01-DEL01-ES,0,moderado
2025-11-24,10:35,2025-11-24 10:35:00,2025.0,11.0,segunda,10.0,manha,ES,JOAO NEIVA,False,101.0,BR-101,202.1,-19.74293535,-40.36508608,Demais falhas mecânicas ou elétricas,Incêndio,Sem Vítimas,Pleno dia,Decrescente,Garoa/Chuvisco,Simples,Curva,Não,0.0,0.0,0.0,0.0,1.0,0.0,1.0,1.0,SPRF-ES,DEL04-ES,UOP01-DEL04-ES,0,baixo
2025-11-04,07:50,2025-11-04 07:50:00,2025.0,11.0,terca,7.0,manha,ES,SERRA,True,101.0,BR-101,270.5,-20.22896003,-40.27210611,Trafegar com motocicleta (ou similar) entre as faixas,Colisão lateral mesmo sentido,Com Vítimas Feridas,Pleno dia,Crescente,Céu Claro,Múltipla,Reta,Sim,0.0,0.0,1.0,1.0,0.0,1.0,2.0,2.0,SPRF-ES,DEL02-ES,UOP01-DEL02-ES,0,moderado
2025-10-11,06:00,2025-10-11 06:00:00,2025.0,10.0,sabado,6.0,manha,ES,IBATIBA,False,262.0,BR-262,170.9,-20.26466186,-41.59061047,Reação tardia ou ineficiente do condutor,Colisão traseira,Com Vítimas Feridas,Pleno dia,Decrescente,Céu Claro,Simples,Curva,Não,0.0,1.0,0.0,1.0,1.0,1.0,3.0,3.0,SPRF-ES,DEL01-ES,UOP02-DEL01-ES,1,grave
2025-11-24,15:20,2025-11-24 15:20:00,2025.0,11.0,segunda,15.0,tarde,ES,BAIXO GUANDU,False,259.0,BR-259,94.5,-19.5057699,-40.957934,Ausência de reação do condutor,Colisão com objeto,Com Vítimas Feridas,Pleno dia,Crescente,Chuva,Simples,Reta,Não,0.0,0.0,1.0,1.0,0.0,0.0,1.0,1.0,SPRF-ES,DEL02-ES,UOP01-DEL02-ES,0,moderado
2025-11-24,21:40,2025-11-24 21:40:00,2025.0,11.0,segunda,21.0,noite,ES,CARIACICA,True,101.0,BR-101,294.0,-20.32446078,-40.39551465,Velocidade Incompatível,Colisão com objeto,Com Vítimas Feridas,Plena Noite,Crescente,Chuva,Múltipla,Curva;Declive,Não,0.0,1.0,0.0,1.0,0.0,0.0,1.0,1.0,SPRF-ES,DEL01-ES,UOP01-DEL01-ES,1,grave
2025-11-25,10:39,2025-11-25 10:39:00,2025.0,11.0,terca,10.0,manha,ES,COLATINA,False,259.0,BR-259,50.0,-19.51219,-40.604095,Conversão proibida,Colisão transversal,Com Vítimas Feridas,Pleno dia,Crescente,Céu Claro,Simples,Reta;Interseção de Vias,Não,0.0,0.0,3.0,3.0,0.0,0.0,2.0,3.0,SPRF-ES,DEL02-ES,UOP01-DEL02-ES,0,moderado
2025-11-25,15:10,2025-11-25 15:10:00,2025.0,11.0,terca,15.0,tarde,ES,CARIACICA,True,101.0,BR-101,288.9,-20.27910928,-40.39280987,Desrespeitar a preferência no cruzamento,Colisão transversal,Com Vítimas Feridas,Pleno dia,Decrescente,Nublado,Dupla,Reta;Retorno Regulamentado,Sim,0.0,0.0,1.0,1.0,1.0,0.0,2.0,2.0,SPRF-ES,DEL01-ES,UOP01-DEL01-ES,0,moderado
2025-11-25,17:10,2025-11-25 17:10:00,2025.0,11.0,terca,17.0,tarde,ES,COLATINA,False,259.0,BR-259,50.5,-19.52905371,-40.68202972,Acessar a via sem observar a presença dos outros veículos,Tombamento,Com Vítimas Feridas,Pleno dia,Crescente,Céu Claro,Simples,Reta,Sim,0.0,1.0,0.0,1.0,0.0,0.0,1.0,1.0,SPRF-ES,DEL02-ES,UOP01-DEL02-ES,1,grave
2025-11-25,18:30,2025-11-25 18:30:00,2025.0,11.0,terca,18.0,noite,ES,SERRA,True,101.0,BR-101,269.0,-20.21990742,-40.27025521,Pedestre cruzava a pista fora da faixa,Atropelamento de Pedestre,Com Vítimas Feridas,Plena Noite,Crescente,Chuva,Múltipla,Reta,Sim,0.0,0.0,2.0,2.0,0.0,0.0,2.0,2.0,SPRF-ES,DEL02-ES,UOP01-DEL02-ES,0,moderado
2025-11-26,03:20,2025-11-26 03:20:00,2025.0,11.0,quarta,3.0,madrugada,ES,SAO MATEUS,False,101.0,BR-101,67.0,-18.71996333,-39.86631,Acessar a via sem observar a presença dos outros veículos,Atropelamento de Pedestre,Com Vítimas Fatais,Amanhecer,Decrescente,Nublado,Dupla,Reta,Sim,1.0,0.0,0.0,0.0,0.0,1.0,2.0,2.0,SPRF-ES,DEL04-ES,UOP02-DEL04-ES,1,fatal
2025-11-26,06:40,2025-11-26 06:40:00,2025.0,11.0,quarta,6.0,manha,ES,SERRA,True,101.0,BR-101,278.6,-20.21775875,-40.3343353,Trafegar com motocicleta (ou similar) entre as faixas,Colisão transversal,Com Vítimas Feridas,Pleno dia,Decrescente,Sol,Simples,Reta;Aclive,Não,0.0,1.0,0.0,1.0,1.0,0.0,2.0,2.0,SPRF-ES,DEL02-ES,UOP01-DEL02-ES,1,grave
2025-11-26,09:35,2025-11-26 09:35:00,2025.0,11.0,quarta,9.0,manha,ES,ANCHIETA,False,101.0,BR-101,366.2,-20.739455,-40.760676,Demais falhas mecânicas ou elétricas,Tombamento,Com Vítimas Feridas,Pleno dia,Decrescente,Céu Claro,Simples,Curva,Não,0.0,2.0,0.0,2.0,0.0,0.0,1.0,2.0,SPRF-ES,DEL03-ES,UOP01-DEL03-ES,1,grave
2025-11-26,18:09,2025-11-26 18:09:00,2025.0,11.0,quarta,18.0,noite,ES,COLATINA,False,259.0,BR-259,61.0,-19.53223758,-40.68846524,Acessar a via sem observar a presença dos outros veículos,Colisão transversal,Com Vítimas Feridas,Pleno dia,Crescente,Céu Claro,Simples,Reta,Não,0.0,0.0,1.0,1.0,1.0,1.0,2.0,3.0,SPRF-ES,DEL02-ES,UOP01-DEL02-ES,0,moderado
2025-11-26,19:10,2025-11-26 19:10:00,2025.0,11.0,quarta,19.0,noite,ES,ANCHIETA,False,101.0,BR-101,356.8,-20.690916,-40.693678,Demais falhas mecânicas ou elétricas,Tombamento,Com Vítimas Feridas,Plena Noite,Decrescente,Nublado,Dupla,Reta,Não,0.0,1.0,0.0,1.0,0.0,0.0,1.0,1.0,SPRF-ES,DEL03-ES,UOP01-DEL03-ES,1,grave
2025-11-26,20:30,2025-11-26 20:30:00,2025.0,11.0,quarta,20.0,noite,ES,COLATINA,False,259.0,BR-259,57.4,-19.514704,-40.661239,Ultrapassagem Indevida,Colisão lateral mesmo sentido,Com Vítimas Feridas,Plena Noite,Crescente,Céu Claro,Simples,Reta,Sim,0.0,1.0,0.0,1.0,0.0,1.0,2.0,2.0,SPRF-ES,DEL02-ES,UOP01-DEL02-ES,1,grave
2025-11-27,01:30,2025-11-27 01:30:00,2025.0,11.0,quinta,1.0,madrugada,ES,SERRA,True,101.0,BR-101,269.9,-20.223609,-40.270345,Retorno proibido,Colisão transversal,Com Vítimas Feridas,Plena Noite,Decrescente,Céu Claro,Múltipla,Reta,Sim,0.0,0.0,2.0,2.0,1.0,0.0,2.0,3.0,SPRF-ES,DEL02-ES,UOP01-DEL02-ES,0,moderado
2025-11-27,04:30,2025-11-27 04:30:00,2025.0,11.0,quinta,4.0,madrugada,ES,VENDA NOVA DO IMIGRANTE,False,262.0,BR-262,101.0,-20.3409315,-41.1120281,Falta de acostamento,Colisão com objeto,Sem Vítimas,Amanhecer,Decrescente,Nublado,Simples,Aclive;Curva,Não,0.0,0.0,0.0,0.0,1.0,0.0,1.0,1.0,SPRF-ES,DEL01-ES,UOP02-DEL01-ES,0,baixo
2025-11-27,06:30,2025-11-27 06:30:00,2025.0,11.0,quinta,6.0,manha,ES,DOMINGOS MARTINS,False,262.0,BR-262,39.9,-20.38403976,-40.63580843,Condutor deixou de manter distância do veículo da frente,Colisão traseira,Com Vítimas Feridas,Pleno dia,Crescente,Sol,Simples,Curva,Não,0.0,0.0,2.0,2.0,1.0,0.0,3.0,3.0,SPRF-ES,DEL01-ES,UOP01-DEL01-ES,0,moderado
2025-11-01,14:30,2025-11-01 14:30:00,2025.0,11.0,sabado,14.0,tarde,ES,LINHARES,False,101.0,BR-101,159.0,-19.469738,-40.0,Acessar a via sem observar a presença dos outros veículos,Colisão transversal,Com Vítimas Feridas,Pleno dia,Decrescente,Céu Claro,Simples,Curva,Não,0.0,3.0,2.0,5.0,2.0,0.0,2.0,7.0,SPRF-ES,DEL04-ES,UOP01-DEL04-ES,1,grave
2025-11-27,23:50,2025-11-27 23:50:00,2025.0,11.0,quinta,23.0,noite,ES,IBATIBA,False,262.0,BR-262,151.0,-20.21514,-41.45,Transitar na contramão,Colisão frontal,Com Vítimas Fatais,Plena Noite,Decrescente,Céu Claro,Simples,Declive;Curva,Não,1.0,0.0,0.0,0.0,1.0,0.0,2.0,2.0,SPRF-ES,DEL01-ES,UOP02-DEL01-ES,1,fatal
2025-11-28,07:57,2025-11-28 07:57:00,2025.0,11.0,sexta,7.0,manha,ES,CARIACICA,True,101.0,BR-101,289.1,-20.27909698,-40.39274502,Acessar a via sem observar a presença dos outros veículos,Colisão transversal,Com Vítimas Feridas,Pleno dia,Decrescente,Céu Claro,Dupla,Retorno Regulamentado,Não,0.0,1.0,0.0,1.0,1.0,0.0,2.0,2.0,SPRF-ES,DEL01-ES,UOP01-DEL01-ES,1,grave
2025-11-28,07:10,2025-11-28 07:10:00,2025.0,11.0,sexta,7.0,manha,ES,MARECHAL FLORIANO,False,262.0,BR-262,72.0,-20.419967,-40.87724,Reação tardia ou ineficiente do condutor,Saída de leito carroçável,Com Vítimas Feridas,Pleno dia,Crescente,Céu Claro,Simples,Reta,Não,0.0,0.0,1.0,1.0,0.0,0.0,1.0,1.0,SPRF-ES,DEL01-ES,UOP02-DEL01-ES,0,moderado
2025-11-28,09:40,2025-11-28 09:40:00,2025.0,11.0,sexta,9.0,manha,ES,SOORETAMA,False,101.0,BR-101,125.2,-19.18799409,-40.09440224,Ingestão de álcool pelo condutor,Colisão traseira,Sem Vítimas,Pleno dia,Decrescente,Nublado,Múltipla,Declive;Reta,Sim,0.0,0.0,0.0,0.0,2.0,0.0,2.0,2.0,SPRF-ES,DEL04-ES,UOP01-DEL04-ES,0,baixo
2025-11-28,11:45,2025-11-28 11:45:00,2025.0,11.0,sexta,11.0,manha,ES,VIANA,True,101.0,BR-101,300.1,-20.3585693,-40.43207693,Transitar no Acostamento,Colisão lateral sentido oposto,Com Vítimas Feridas,Pleno dia,Decrescente,Céu Claro,Dupla,Reta,Sim,0.0,0.0,1.0,1.0,1.0,1.0,3.0,3.0,SPRF-ES,DEL01-ES,UOP01-DEL01-ES,0,moderado
2025-11-12,12:00,2025-11-12 12:00:00,2025.0,11.0,quarta,12.0,tarde,ES,SERRA,True,101.0,BR-101,268.0,-20.208733,-40.269764,Reação tardia ou ineficiente do condutor,Colisão traseira,Com Vítimas Feridas,Pleno dia,Crescente,Céu Claro,Dupla,Reta,Sim,0.0,0.0,1.0,1.0,1.0,0.0,2.0,2.0,SPRF-ES,DEL02-ES,UOP01-DEL02-ES,0,moderado
2025-11-28,18:29,2025-11-28 18:29:00,2025.0,11.0,sexta,18.0,noite,ES,CARIACICA,True,101.0,BR-101,284.1,-20.243704,-40.369835,Trafegar com motocicleta (ou similar) entre as faixas,Colisão lateral mesmo sentido,Com Vítimas Feridas,Plena Noite,Crescente,Céu Claro,Dupla,Reta,Não,0.0,1.0,0.0,1.0,1.0,0.0,2.0,2.0,SPRF-ES,DEL01-ES,UOP01-DEL01-ES,1,grave
2025-11-29,01:15,2025-11-29 01:15:00,2025.0,11.0,sabado,1.0,madrugada,ES,SERRA,True,101.0,BR-101,266.0,-20.195,-40.269,Condutor Dormindo,Colisão com objeto,Com Vítimas Feridas,Plena Noite,Crescente,Céu Claro,Dupla,Reta,Não,0.0,0.0,1.0,1.0,0.0,0.0,1.0,1.0,SPRF-ES,DEL02-ES,UOP01-DEL02-ES,0,moderado
2025-11-29,02:01,2025-11-29 02:01:00,2025.0,11.0,sabado,2.0,madrugada,ES,SAO MATEUS,False,101.0,BR-101,65.5,-18.7172594,-39.8738189,Ausência de reação do condutor,Colisão traseira,Com Vítimas Feridas,Plena Noite,Decrescente,Céu Claro,Dupla,Retorno Regulamentado,Sim,0.0,0.0,1.0,1.0,2.0,0.0,2.0,3.0,SPRF-ES,DEL04-ES,UOP02-DEL04-ES,0,moderado
2025-11-29,03:15,2025-11-29 03:15:00,2025.0,11.0,sabado,3.0,madrugada,ES,IBATIBA,False,262.0,BR-262,159.0,-20.233393,-41.505175,Transitar na contramão,Colisão frontal,Com Vítimas Feridas,Plena Noite,Crescente,Céu Claro,Simples,Reta,Sim,0.0,1.0,0.0,1.0,0.0,1.0,2.0,2.0,SPRF-ES,DEL01-ES,UOP02-DEL01-ES,1,grave
2025-11-29,10:00,2025-11-29 10:00:00,2025.0,11.0,sabado,10.0,manha,ES,SERRA,True,101.0,BR-101,268.0,-20.215477,-40.26965,Avarias e/ou desgaste excessivo no pneu,Tombamento,Com Vítimas Feridas,Pleno dia,Crescente,Céu Claro,Múltipla,Reta,Sim,0.0,0.0,2.0,2.0,0.0,0.0,1.0,2.0,SPRF-ES,DEL02-ES,UOP01-DEL02-ES,0,moderado
2025-11-29,12:40,2025-11-29 12:40:00,2025.0,11.0,sabado,12.0,tarde,ES,SERRA,True,101.0,BR-101,241.0,-20.03502428,-40.39516926,Frear bruscamente,Colisão com objeto,Com Vítimas Feridas,Pleno dia,Crescente,Céu Claro,Simples,Reta,Não,0.0,0.0,1.0,1.0,1.0,0.0,1.0,2.0,SPRF-ES,DEL02-ES,UOP01-DEL02-ES,0,moderado
2025-11-29,12:00,2025-11-29 12:00:00,2025.0,11.0,sabado,12.0,tarde,ES,SERRA,True,101.0,BR-101,264.5,-20.17856647,-40.26523501,Condutor desrespeitou a iluminação vermelha do semáforo,Colisão transversal,Com Vítimas Feridas,Pleno dia,Decrescente,Céu Claro,Múltipla,Interseção de Vias,Sim,0.0,0.0,1.0,1.0,1.0,1.0,2.0,3.0,SPRF-ES,DEL02-ES,UOP01-DEL02-ES,0,moderado
2025-11-29,14:45,2025-11-29 14:45:00,2025.0,11.0,sabado,14.0,tarde,ES,SAO MATEUS,False,101.0,BR-101,68.9,-18.73137949,-39.86028671,Ingestão de álcool pelo condutor,Saída de leito carroçável,Com Vítimas Feridas,Pleno dia,Decrescente,Nublado,Simples,Reta;Declive,Não,0.0,1.0,0.0,1.0,0.0,0.0,1.0,1.0,SPRF-ES,DEL04-ES,UOP02-DEL04-ES,1,grave
2025-11-29,17:00,2025-11-29 17:00:00,2025.0,11.0,sabado,17.0,tarde,ES,DOMINGOS MARTINS,False,262.0,BR-262,43.8,-20.38774765,-40.66826174,Acessar a via sem observar a presença dos outros veículos,Colisão transversal,Com Vítimas Feridas,Pleno dia,Crescente,Nublado,Simples,Reta,Não,0.0,1.0,0.0,1.0,1.0,0.0,2.0,2.0,SPRF-ES,DEL01-ES,UOP01-DEL01-ES,1,grave
2025-11-29,15:00,2025-11-29 15:00:00,2025.0,11.0,sabado,15.0,tarde,ES,COLATINA,False,259.0,BR-259,52.0,-19.49735739,-40.64373494,Pista Escorregadia,Tombamento,Com Vítimas Feridas,Pleno dia,Crescente,Céu Claro,Simples,Reta,Sim,0.0,0.0,2.0,2.0,0.0,0.0,1.0,2.0,SPRF-ES,DEL02-ES,UOP01-DEL02-ES,0,moderado
2025-11-29,18:30,2025-11-29 18:30:00,2025.0,11.0,sabado,18.0,noite,ES,GUARAPARI,True,101.0,BR-101,338.9,-20.643601,-40.557605,Reação tardia ou ineficiente do condutor,Tombamento,Com Vítimas Feridas,Plena Noite,Crescente,Céu Claro,Dupla,Curva,Não,0.0,0.0,1.0,1.0,0.0,0.0,1.0,1.0,SPRF-ES,DEL03-ES,UOP01-DEL03-ES,0,moderado
2025-11-29,20:00,2025-11-29 20:00:00,2025.0,11.0,sabado,20.0,noite,ES,JOAO NEIVA,False,259.0,BR-259,21.0,-19.64397,-40.464147,Transitar na contramão,Colisão frontal,Com Vítimas Feridas,Plena Noite,Decrescente,Nublado,Simples,Curva;Aclive,Não,0.0,1.0,0.0,1.0,1.0,0.0,2.0,2.0,SPRF-ES,DEL02-ES,UOP01-DEL02-ES,1,grave
2025-11-30,00:56,2025-11-30 00:56:00,2025.0,11.0,domingo,0.0,madrugada,ES,VIANA,True,262.0,BR-262,25.0,-20.37982037,-40.53944048,Ausência de reação do condutor,Colisão com objeto,Sem Vítimas,Plena Noite,Decrescente,Nublado,Simples,Reta,Não,0.0,0.0,0.0,0.0,0.0,1.0,1.0,1.0,SPRF-ES,DEL01-ES,UOP01-DEL01-ES,0,baixo
2025-11-30,14:30,2025-11-30 14:30:00,2025.0,11.0,domingo,14.0,tarde,ES,VIANA,True,101.0,BR-101,301.9,-20.36915421,-40.44419241,Transitar na contramão,Colisão transversal,Com Vítimas Feridas,Pleno dia,Crescente,Céu Claro,Dupla,Interseção de Vias;Viaduto;Retorno Regulamentado,Sim,0.0,0.0,1.0,1.0,1.0,0.0,2.0,2.0,SPRF-ES,DEL01-ES,UOP01-DEL01-ES,0,moderado
2025-11-30,15:25,2025-11-30 15:25:00,2025.0,11.0,domingo,15.0,tarde,ES,LINHARES,False,101.0,BR-101,115.0,-19.14168157,-40.06400585,Condutor Dormindo,Colisão lateral sentido oposto,Com Vítimas Feridas,Pleno dia,Crescente,Céu Claro,Simples,Aclive;Reta,Não,0.0,0.0,1.0,1.0,1.0,0.0,2.0,2.0,SPRF-ES,DEL04-ES,UOP01-DEL04-ES,0,moderado
2025-11-30,16:20,2025-11-30 16:20:00,2025.0,11.0,domingo,16.0,tarde,ES,VIANA,True,101.0,BR-101,304.0,-20.38281969,-40.45924783,Ausência de reação do condutor,Colisão traseira,Com Vítimas Feridas,Pleno dia,Decrescente,Céu Claro,Dupla,Reta,Não,0.0,0.0,1.0,1.0,2.0,0.0,3.0,3.0,SPRF-ES,DEL01-ES,UOP01-DEL01-ES,0,moderado
2025-11-30,19:31,2025-11-30 19:31:00,2025.0,11.0,domingo,19.0,noite,ES,SERRA,True,101.0,BR-101,268.8,-20.22178,-40.27003,Condutor desrespeitou a iluminação vermelha do semáforo,Colisão transversal,Com Vítimas Feridas,Plena Noite,Decrescente,Céu Claro,Dupla,Interseção de Vias;Reta,Sim,0.0,0.0,1.0,1.0,0.0,2.0,2.0,3.0,SPRF-ES,DEL02-ES,UOP01-DEL02-ES,0,moderado
2025-11-30,22:10,2025-11-30 22:10:00,2025.0,11.0,domingo,22.0,noite,ES,VENDA NOVA DO IMIGRANTE,False,262.0,BR-262,106.2,-20.32806,-41.148948,Condutor deixou de manter distância do veículo da frente,Colisão traseira,Com Vítimas Feridas,Plena Noite,Decrescente,Nublado,Simples,Aclive;Reta,Não,0.0,1.0,3.0,4.0,0.0,0.0,3.0,4.0,SPRF-ES,DEL01-ES,UOP02-DEL01-ES,1,grave
2025-12-01,06:25,2025-12-01 06:25:00,2025.0,12.0,segunda,6.0,manha,ES,MIMOSO DO SUL,False,101.0,BR-101,448.0,-21.13094177,-41.28044128,Acessar a via sem observar a presença dos outros veículos,Colisão transversal,Com Vítimas Feridas,Amanhecer,Crescente,Céu Claro,Simples,Declive;Interseção de Vias,Sim,0.0,0.0,1.0,1.0,1.0,0.0,2.0,2.0,SPRF-ES,DEL03-ES,UOP02-DEL03-ES,0,moderado
2025-12-01,06:40,2025-12-01 06:40:00,2025.0,12.0,segunda,6.0,manha,ES,VIANA,True,101.0,BR-101,297.0,-20.34947557,-40.41257501,Animais na Pista,Tombamento,Com Vítimas Feridas,Pleno dia,Crescente,Céu Claro,Múltipla,Reta,Sim,0.0,0.0,1.0,1.0,1.0,0.0,1.0,2.0,SPRF-ES,DEL01-ES,UOP01-DEL01-ES,0,moderado
2025-12-01,09:20,2025-12-01 09:20:00,2025.0,12.0,segunda,9.0,manha,ES,SERRA,True,101.0,BR-101,268.5,-20.212882,-40.269644,Manobra de mudança de faixa,Colisão lateral mesmo sentido,Com Vítimas Feridas,Pleno dia,Decrescente,Sol,Dupla,Reta,Sim,0.0,0.0,1.0,1.0,1.0,0.0,2.0,2.0,SPRF-ES,DEL02-ES,UOP01-DEL02-ES,0,moderado
2025-12-01,18:50,2025-12-01 18:50:00,2025.0,12.0,segunda,18.0,noite,ES,CARIACICA,True,101.0,BR-101,296.0,-20.340234,-40.40419579,Trafegar com motocicleta (ou similar) entre as faixas,Colisão traseira,Com Vítimas Feridas,Plena Noite,Decrescente,Céu Claro,Múltipla,Interseção de Vias,Sim,0.0,0.0,1.0,1.0,1.0,0.0,2.0,2.0,SPRF-ES,DEL01-ES,UOP01-DEL01-ES,0,moderado
2025-12-01,19:01,2025-12-01 19:01:00,2025.0,12.0,segunda,19.0,noite,ES,LINHARES,False,101.0,BR-101,148.3,-19.3921858,-40.0665988,Condutor deixou de manter distância do veículo da frente,Colisão traseira,Com Vítimas Feridas,Plena Noite,Decrescente,Céu Claro,Dupla,Reta,Sim,0.0,0.0,1.0,1.0,1.0,0.0,2.0,2.0,SPRF-ES,DEL04-ES,UOP01-DEL04-ES,0,moderado
2025-12-01,19:20,2025-12-01 19:20:00,2025.0,12.0,segunda,19.0,noite,ES,LINHARES,False,101.0,BR-101,148.7,-19.3946382,-40.0653978,Condutor desrespeitou a iluminação vermelha do semáforo,Colisão transversal,Com Vítimas Feridas,Plena Noite,Decrescente,Céu Claro,Múltipla,Reta;Interseção de Vias,Sim,0.0,2.0,1.0,3.0,0.0,0.0,2.0,3.0,SPRF-ES,DEL04-ES,UOP01-DEL04-ES,1,grave
2025-12-02,12:00,2025-12-02 12:00:00,2025.0,12.0,terca,12.0,tarde,ES,CARIACICA,True,101.0,BR-101,289.9,-20.29580478,-40.39365856,Demais falhas na via,Colisão transversal,Com Vítimas Feridas,Pleno dia,Crescente,Céu Claro,Dupla,Reta;Retorno Regulamentado,Não,0.0,0.0,1.0,1.0,0.0,2.0,3.0,3.0,SPRF-ES,DEL01-ES,UOP01-DEL01-ES,0,moderado
2025-12-02,13:00,2025-12-02 13:00:00,2025.0,12.0,terca,13.0,tarde,ES,SERRA,True,101.0,BR-101,260.0,-20.1696543,-40.26997107,Manobra de mudança de faixa,Colisão traseira,Com Vítimas Feridas,Pleno dia,Decrescente,Céu Claro,Dupla,Reta;Aclive,Não,0.0,0.0,1.0,1.0,1.0,0.0,2.0,2.0,SPRF-ES,DEL02-ES,UOP01-DEL02-ES,0,moderado
2025-12-02,18:50,2025-12-02 18:50:00,2025.0,12.0,terca,18.0,noite,ES,SERRA,True,101.0,BR-101,267.1,-20.2013021,-40.2688101,Manobra de mudança de faixa,Colisão lateral mesmo sentido,Com Vítimas Feridas,Plena Noite,Crescente,Céu Claro,Múltipla,Reta,Sim,0.0,1.0,1.0,2.0,1.0,0.0,2.0,3.0,SPRF-ES,DEL02-ES,UOP01-DEL02-ES,1,grave
2025-12-02,20:00,2025-12-02 20:00:00,2025.0,12.0,terca,20.0,noite,ES,ARACRUZ,False,101.0,BR-101,186.5,-19.66483023,-40.24905866,Demais falhas mecânicas ou elétricas,Saída de leito carroçável,Sem Vítimas,Plena Noite,Decrescente,Céu Claro,Simples,Curva;Aclive,Não,0.0,0.0,0.0,0.0,0.0,1.0,1.0,1.0,SPRF-ES,DEL04-ES,UOP01-DEL04-ES,0,baixo
2025-12-03,09:20,2025-12-03 09:20:00,2025.0,12.0,quarta,9.0,manha,ES,SERRA,True,101.0,BR-101,265.2,-20.1841415,-40.26664853,Transitar na contramão,Colisão frontal,Com Vítimas Feridas,Pleno dia,Decrescente,Céu Claro,Múltipla,Aclive;Reta,Sim,0.0,1.0,0.0,1.0,1.0,0.0,2.0,2.0,SPRF-ES,DEL02-ES,UOP01-DEL02-ES,1,grave
2025-12-03,13:15,2025-12-03 13:15:00,2025.0,12.0,quarta,13.0,tarde,ES,VIANA,True,262.0,BR-262,19.5,-20.39189406,-40.49034834,Ausência de reação do condutor,Colisão traseira,Com Vítimas Feridas,Pleno dia,Decrescente,Nublado,Simples,Reta,Sim,0.0,0.0,1.0,1.0,1.0,0.0,2.0,2.0,SPRF-ES,DEL01-ES,UOP01-DEL01-ES,0,moderado
2025-10-09,18:16,2025-10-09 18:16:00,2025.0,10.0,quinta,18.0,noite,ES,CARIACICA,True,101.0,BR-101,289.1,-20.281178,-40.393028,Reação tardia ou ineficiente do condutor,Queda de ocupante de veículo,Com Vítimas Feridas,Plena Noite,Crescente,Garoa/Chuvisco,Dupla,Declive;Curva,Sim,0.0,0.0,2.0,2.0,0.0,0.0,1.0,2.0,SPRF-ES,DEL01-ES,UOP01-DEL01-ES,0,moderado
2025-12-03,16:30,2025-12-03 16:30:00,2025.0,12.0,quarta,16.0,tarde,ES,VIANA,True,101.0,BR-101,297.9,-20.35170871,-40.41286469,Condutor deixou de manter distância do veículo da frente,Colisão lateral mesmo sentido,Com Vítimas Feridas,Pleno dia,Decrescente,Nublado,Dupla,Reta,Sim,0.0,0.0,1.0,1.0,1.0,0.0,2.0,2.0,SPRF-ES,DEL01-ES,UOP01-DEL01-ES,0,moderado
2025-12-03,19:00,2025-12-03 19:00:00,2025.0,12.0,quarta,19.0,noite,ES,CARIACICA,True,101.0,BR-101,294.0,-20.32960171,-40.39912271,Pista Escorregadia,Tombamento,Com Vítimas Feridas,Plena Noite,Crescente,Chuva,Dupla,Reta,Sim,0.0,0.0,1.0,1.0,0.0,0.0,1.0,1.0,SPRF-ES,DEL01-ES,UOP01-DEL01-ES,0,moderado
2025-12-03,20:10,2025-12-03 20:10:00,2025.0,12.0,quarta,20.0,noite,ES,CACHOEIRO DE ITAPEMIRIM,False,393.0,BR-393,2.0,-20.83252672,-41.17617695,Condutor deixou de manter distância do veículo da frente,Colisão traseira,Com Vítimas Feridas,Plena Noite,Crescente,Chuva,Simples,Reta,Sim,0.0,0.0,1.0,1.0,0.0,1.0,2.0,2.0,SPRF-ES,DEL03-ES,UOP02-DEL03-ES,0,moderado
2025-12-04,06:10,2025-12-04 06:10:00,2025.0,12.0,quinta,6.0,manha,ES,SERRA,True,101.0,BR-101,270.5,-20.2212404,-40.27022158,Reação tardia ou ineficiente do condutor,Tombamento,Com Vítimas Feridas,Pleno dia,Crescente,Céu Claro,Múltipla,Reta,Não,0.0,0.0,1.0,1.0,0.0,0.0,1.0,1.0,SPRF-ES,DEL02-ES,UOP01-DEL02-ES,0,moderado
2025-12-04,18:40,2025-12-04 18:40:00,2025.0,12.0,quinta,18.0,noite,ES,SOORETAMA,False,101.0,BR-101,125.8,-19.20105214,-40.09592414,Ausência de reação do condutor,Atropelamento de Pedestre,Com Vítimas Feridas,Plena Noite,Crescente,Chuva,Dupla,Reta,Sim,0.0,1.0,0.0,1.0,1.0,0.0,2.0,2.0,SPRF-ES,DEL04-ES,UOP01-DEL04-ES,1,grave
2025-12-05,07:08,2025-12-05 07:08:00,2025.0,12.0,sexta,7.0,manha,ES,MARECHAL FLORIANO,False,262.0,BR-262,47.0,-20.4120777,-40.68847004,Reação tardia ou ineficiente do condutor,Saída de leito carroçável,Com Vítimas Feridas,Pleno dia,Crescente,Garoa/Chuvisco,Simples,Reta,Não,0.0,1.0,0.0,1.0,0.0,0.0,1.0,1.0,SPRF-ES,DEL01-ES,UOP01-DEL01-ES,1,grave
2025-12-05,08:30,2025-12-05 08:30:00,2025.0,12.0,sexta,8.0,manha,ES,CARIACICA,True,101.0,BR-101,290.0,-20.29561359,-40.3936014,Manobra de mudança de faixa,Colisão lateral mesmo sentido,Com Vítimas Feridas,Pleno dia,Decrescente,Céu Claro,Dupla,Reta,Sim,0.0,0.0,1.0,1.0,0.0,1.0,2.0,2.0,SPRF-ES,DEL01-ES,UOP01-DEL01-ES,0,moderado
2025-12-05,16:26,2025-12-05 16:26:00,2025.0,12.0,sexta,16.0,tarde,ES,SERRA,True,101.0,BR-101,270.0,-20.2179094,-40.35273671,Entrada inopinada do pedestre,Atropelamento de Pedestre,Com Vítimas Feridas,Pleno dia,Crescente,Céu Claro,Dupla,Reta,Não,0.0,0.0,1.0,1.0,1.0,0.0,2.0,2.0,SPRF-ES,DEL02-ES,UOP01-DEL02-ES,0,moderado
2025-12-06,11:04,2025-12-06 11:04:00,2025.0,12.0,sabado,11.0,manha,ES,COLATINA,False,259.0,BR-259,56.0,-19.49728877,-40.64565003,Demais falhas mecânicas ou elétricas,Queda de ocupante de veículo,Com Vítimas Feridas,Pleno dia,Crescente,Céu Claro,Simples,Reta,Não,0.0,0.0,1.0,1.0,0.0,0.0,1.0,1.0,SPRF-ES,DEL02-ES,UOP01-DEL02-ES,0,moderado
2025-12-06,11:40,2025-12-06 11:40:00,2025.0,12.0,sabado,11.0,manha,ES,VIANA,True,101.0,BR-101,298.4,-20.35572412,-40.41733788,Ausência de reação do condutor,Tombamento,Com Vítimas Feridas,Pleno dia,Decrescente,Céu Claro,Múltipla,Reta,Sim,0.0,0.0,1.0,1.0,0.0,0.0,1.0,1.0,SPRF-ES,DEL01-ES,UOP01-DEL01-ES,0,moderado
2025-12-06,10:40,2025-12-06 10:40:00,2025.0,12.0,sabado,10.0,manha,ES,SAO MATEUS,False,101.0,BR-101,65.9,-18.716065,-39.87591,Demais falhas mecânicas ou elétricas,Colisão traseira,Com Vítimas Feridas,Pleno dia,Crescente,Garoa/Chuvisco,Múltipla,Reta,Sim,0.0,0.0,1.0,1.0,1.0,0.0,2.0,2.0,SPRF-ES,DEL04-ES,UOP02-DEL04-ES,0,moderado
2025-12-06,16:30,2025-12-06 16:30:00,2025.0,12.0,sabado,16.0,tarde,ES,LINHARES,False,101.0,BR-101,145.9,-19.39664287,-40.06435848,Ingestão de álcool pelo condutor,Colisão traseira,Sem Vítimas,Pleno dia,Crescente,Chuva,Múltipla,Reta;Declive,Sim,0.0,0.0,0.0,0.0,4.0,0.0,3.0,4.0,SPRF-ES,DEL04-ES,UOP01-DEL04-ES,0,baixo
2025-12-06,16:40,2025-12-06 16:40:00,2025.0,12.0,sabado,16.0,tarde,ES,LINHARES,False,101.0,BR-101,148.1,-19.37338,-40.0688415,Demais falhas mecânicas ou elétricas,Colisão com objeto,Sem Vítimas,Pleno dia,Decrescente,Nublado,Dupla,Reta,Sim,0.0,0.0,0.0,0.0,1.0,0.0,1.0,1.0,SPRF-ES,DEL04-ES,UOP01-DEL04-ES,0,baixo
2025-12-06,21:30,2025-12-06 21:30:00,2025.0,12.0,sabado,21.0,noite,ES,CACHOEIRO DE ITAPEMIRIM,False,393.0,BR-393,0.3,-20.78944784,-41.12659454,Ultrapassagem Indevida,Colisão transversal,Com Vítimas Feridas,Plena Noite,Crescente,Nublado,Simples,Reta,Sim,0.0,1.0,0.0,1.0,1.0,0.0,2.0,2.0,SPRF-ES,DEL03-ES,UOP02-DEL03-ES,1,grave
2025-12-07,04:30,2025-12-07 04:30:00,2025.0,12.0,domingo,4.0,madrugada,ES,ATILIO VIVACQUA,False,101.0,BR-101,427.1,-21.01260914,-41.14742982,Condutor Dormindo,Saída de leito carroçável,Com Vítimas Feridas,Pleno dia,Crescente,Nublado,Simples,Curva,Não,0.0,1.0,1.0,2.0,0.0,0.0,1.0,2.0,SPRF-ES,DEL03-ES,UOP02-DEL03-ES,1,grave
2025-12-07,08:55,2025-12-07 08:55:00,2025.0,12.0,domingo,8.0,manha,ES,COLATINA,False,259.0,BR-259,59.0,-19.524694,-40.67323,Condutor deixou de manter distância do veículo da frente,Colisão traseira,Com Vítimas Feridas,Pleno dia,Crescente,Nublado,Simples,Reta,Não,0.0,0.0,1.0,1.0,1.0,0.0,2.0,2.0,SPRF-ES,DEL02-ES,UOP01-DEL02-ES,0,moderado
2025-12-07,09:01,2025-12-07 09:01:00,2025.0,12.0,domingo,9.0,manha,ES,IBIRACU,False,101.0,BR-101,210.0,-19.801623,-40.36817,Transitar na contramão,Colisão frontal,Com Vítimas Feridas,Pleno dia,Crescente,Céu Claro,Simples,Curva,Não,0.0,2.0,3.0,5.0,1.0,0.0,3.0,6.0,SPRF-ES,DEL02-ES,UOP01-DEL02-ES,1,grave
2025-12-07,14:20,2025-12-07 14:20:00,2025.0,12.0,domingo,14.0,tarde,ES,VENDA NOVA DO IMIGRANTE,False,262.0,BR-262,102.0,-20.34907732,-41.1030234,Reação tardia ou ineficiente do condutor,Tombamento,Com Vítimas Feridas,Pleno dia,Crescente,Nublado,Simples,Curva,Não,0.0,0.0,1.0,1.0,0.0,0.0,1.0,1.0,SPRF-ES,DEL01-ES,UOP02-DEL01-ES,0,moderado
2025-12-07,19:20,2025-12-07 19:20:00,2025.0,12.0,domingo,19.0,noite,ES,MARECHAL FLORIANO,False,262.0,BR-262,48.5,-20.41173426,-40.69081513,Ultrapassagem Indevida,Colisão frontal,Com Vítimas Feridas,Plena Noite,Crescente,Nublado,Simples,Reta;Aclive,Não,0.0,1.0,2.0,3.0,1.0,0.0,2.0,4.0,SPRF-ES,DEL01-ES,UOP01-DEL01-ES,1,grave
2025-12-08,07:15,2025-12-08 07:15:00,2025.0,12.0,segunda,7.0,manha,ES,JOAO NEIVA,False,101.0,BR-101,204.7,-19.75567866,-40.37995845,Acessar a via sem observar a presença dos outros veículos,Colisão transversal,Com Vítimas Feridas,Pleno dia,Decrescente,Sol,Simples,Rotatória,Sim,0.0,0.0,1.0,1.0,1.0,0.0,2.0,2.0,SPRF-ES,DEL02-ES,UOP01-DEL02-ES,0,moderado
2025-12-08,07:40,2025-12-08 07:40:00,2025.0,12.0,segunda,7.0,manha,ES,CARIACICA,True,101.0,BR-101,289.7,-20.28418637,-40.39286321,Manobra de mudança de faixa,Colisão traseira,Com Vítimas Feridas,Pleno dia,Crescente,Céu Claro,Dupla,Reta;Aclive,Não,0.0,0.0,1.0,1.0,1.0,0.0,2.0,2.0,SPRF-ES,DEL01-ES,UOP01-DEL01-ES,0,moderado
2025-12-08,09:40,2025-12-08 09:40:00,2025.0,12.0,segunda,9.0,manha,ES,SERRA,True,101.0,BR-101,7.6,-20.12142,-40.34232,Condutor Dormindo,Colisão com objeto,Com Vítimas Feridas,Pleno dia,Crescente,Céu Claro,Dupla,Reta,Não,0.0,1.0,0.0,1.0,1.0,0.0,1.0,2.0,SPRF-ES,DEL02-ES,UOP01-DEL02-ES,1,grave
2025-12-08,11:10,2025-12-08 11:10:00,2025.0,12.0,segunda,11.0,manha,ES,SERRA,True,101.0,BR-101,269.0,-20.22393,-40.27055,Manobra de mudança de faixa,Colisão lateral mesmo sentido,Com Vítimas Feridas,Pleno dia,Crescente,Céu Claro,Dupla,Reta,Sim,0.0,1.0,0.0,1.0,1.0,1.0,3.0,3.0,SPRF-ES,DEL02-ES,UOP01-DEL02-ES,1,grave
2025-12-08,11:00,2025-12-08 11:00:00,2025.0,12.0,segunda,11.0,manha,ES,CARIACICA,True,101.0,BR-101,290.5,-20.29504551,-40.39338112,Manobra de mudança de faixa,Colisão transversal,Com Vítimas Feridas,Pleno dia,Decrescente,Céu Claro,Dupla,Retorno Regulamentado,Não,0.0,0.0,1.0,1.0,1.0,2.0,3.0,4.0,SPRF-ES,DEL01-ES,UOP01-DEL01-ES,0,moderado
2025-12-08,13:35,2025-12-08 13:35:00,2025.0,12.0,segunda,13.0,tarde,ES,SAO MATEUS,False,101.0,BR-101,46.8,-18.66925107,-39.86730069,Reação tardia ou ineficiente do condutor,Colisão com objeto,Com Vítimas Feridas,Pleno dia,Crescente,Céu Claro,Simples,Reta,Não,0.0,0.0,1.0,1.0,0.0,0.0,1.0,1.0,SPRF-ES,DEL04-ES,UOP02-DEL04-ES,0,moderado
2025-12-08,18:50,2025-12-08 18:50:00,2025.0,12.0,segunda,18.0,noite,ES,VENDA NOVA DO IMIGRANTE,False,262.0,BR-262,106.0,-20.328453,-41.149685,Acessar a via sem observar a presença dos outros veículos,Colisão lateral mesmo sentido,Sem Vítimas,Plena Noite,Decrescente,Céu Claro,Simples,Reta,Sim,0.0,0.0,0.0,0.0,2.0,0.0,2.0,2.0,SPRF-ES,DEL01-ES,UOP02-DEL01-ES,0,baixo
2025-12-09,08:30,2025-12-09 08:30:00,2025.0,12.0,terca,8.0,manha,ES,IBIRACU,False,101.0,BR-101,219.0,-19.8634551,-40.38297325,Ausência de reação do condutor,Queda de ocupante de veículo,Com Vítimas Feridas,Pleno dia,Crescente,Céu Claro,Dupla,Reta,Não,0.0,0.0,1.0,1.0,0.0,0.0,1.0,1.0,SPRF-ES,DEL02-ES,UOP01-DEL02-ES,0,moderado
2025-12-09,19:01,2025-12-09 19:01:00,2025.0,12.0,terca,19.0,noite,ES,ARACRUZ,False,101.0,BR-101,179.4,-19.619935,-40.21807,Acesso irregular,Colisão traseira,Com Vítimas Feridas,Plena Noite,Crescente,Céu Claro,Simples,Reta,Não,0.0,1.0,1.0,2.0,1.0,0.0,2.0,3.0,SPRF-ES,DEL04-ES,UOP01-DEL04-ES,1,grave
2025-12-10,06:40,2025-12-10 06:40:00,2025.0,12.0,quarta,6.0,manha,ES,GUARAPARI,True,101.0,BR-101,332.3,-20.61234008,-40.51075459,Velocidade Incompatível,Colisão com objeto,Com Vítimas Feridas,Pleno dia,Crescente,Chuva,Dupla,Curva,Não,0.0,0.0,1.0,1.0,0.0,0.0,1.0,1.0,SPRF-ES,DEL03-ES,UOP01-DEL03-ES,0,moderado
2025-12-10,06:40,2025-12-10 06:40:00,2025.0,12.0,quarta,6.0,manha,ES,LINHARES,False,101.0,BR-101,137.0,-19.29395171,-40.08598486,Desrespeitar a preferência no cruzamento,Colisão transversal,Com Vítimas Feridas,Pleno dia,Decrescente,Céu Claro,Simples,Reta;Interseção de Vias,Não,0.0,1.0,1.0,2.0,0.0,0.0,2.0,2.0,SPRF-ES,DEL04-ES,UOP01-DEL04-ES,1,grave
2025-12-10,08:10,2025-12-10 08:10:00,2025.0,12.0,quarta,8.0,manha,ES,MARECHAL FLORIANO,False,262.0,BR-262,50.3,-20.415939,-40.706626,Velocidade Incompatível,Tombamento,Com Vítimas Feridas,Pleno dia,Decrescente,Garoa/Chuvisco,Simples,Curva,Não,0.0,1.0,0.0,1.0,1.0,0.0,2.0,2.0,SPRF-ES,DEL01-ES,UOP01-DEL01-ES,1,grave
2025-12-10,07:30,2025-12-10 07:30:00,2025.0,12.0,quarta,7.0,manha,ES,SERRA,True,101.0,BR-101,265.0,-20.18999587,-40.26842147,Ausência de reação do condutor,Queda de ocupante de veículo,Com Vítimas Feridas,Pleno dia,Crescente,Nublado,Múltipla,Interseção de Vias,Sim,0.0,0.0,1.0,1.0,0.0,0.0,1.0,1.0,SPRF-ES,DEL02-ES,UOP01-DEL02-ES,0,moderado
2025-12-10,15:40,2025-12-10 15:40:00,2025.0,12.0,quarta,15.0,tarde,ES,SAO MATEUS,False,101.0,BR-101,57.9,-18.6531564,-39.8721867,Acessar a via sem observar a presença dos outros veículos,Colisão transversal,Com Vítimas Feridas,Pleno dia,Decrescente,Céu Claro,Simples,Reta,Não,0.0,0.0,1.0,1.0,2.0,0.0,2.0,3.0,SPRF-ES,DEL04-ES,UOP02-DEL04-ES,0,moderado
2025-12-10,19:45,2025-12-10 19:45:00,2025.0,12.0,quarta,19.0,noite,ES,LINHARES,False,101.0,BR-101,147.0,-19.3970634,-40.06396294,Ausência de reação do condutor,Queda de ocupante de veículo,Com Vítimas Feridas,Plena Noite,Crescente,Céu Claro,Dupla,Reta,Sim,0.0,0.0,1.0,1.0,0.0,0.0,1.0,1.0,SPRF-ES,DEL04-ES,UOP01-DEL04-ES,0,moderado
2025-12-11,07:30,2025-12-11 07:30:00,2025.0,12.0,quinta,7.0,manha,ES,SERRA,True,101.0,BR-101,256.0,-20.11769523,-40.31380177,Acessar a via sem observar a presença dos outros veículos,Colisão lateral mesmo sentido,Com Vítimas Feridas,Pleno dia,Crescente,Céu Claro,Simples,Reta,Sim,0.0,0.0,1.0,1.0,1.0,0.0,2.0,2.0,SPRF-ES,DEL02-ES,UOP01-DEL02-ES,0,moderado
2025-11-30,07:40,2025-11-30 07:40:00,2025.0,11.0,domingo,7.0,manha,ES,MARECHAL FLORIANO,False,262.0,BR-262,58.7,-20.42260556,-40.77545643,Condutor deixou de manter distância do veículo da frente,Colisão traseira,Com Vítimas Feridas,Pleno dia,Crescente,Céu Claro,Simples,Reta;Rotatória,Não,0.0,0.0,1.0,1.0,1.0,0.0,2.0,2.0,SPRF-ES,DEL01-ES,UOP01-DEL01-ES,0,moderado
2025-12-11,19:20,2025-12-11 19:20:00,2025.0,12.0,quinta,19.0,noite,ES,IBATIBA,False,262.0,BR-262,159.5,-20.23509648,-41.50741572,Entrada inopinada do pedestre,Atropelamento de Pedestre,Com Vítimas Feridas,Plena Noite,Crescente,Céu Claro,Simples,Reta,Sim,0.0,0.0,1.0,1.0,1.0,0.0,2.0,2.0,SPRF-ES,DEL01-ES,UOP02-DEL01-ES,0,moderado
2025-12-12,00:40,2025-12-12 00:40:00,2025.0,12.0,sexta,0.0,madrugada,ES,LINHARES,False,101.0,BR-101,157.0,-19.45861546,-40.10327188,Condutor Dormindo,Saída de leito carroçável,Com Vítimas Feridas,Plena Noite,Decrescente,Céu Claro,Simples,Reta,Não,0.0,0.0,1.0,1.0,0.0,0.0,1.0,1.0,SPRF-ES,DEL04-ES,UOP01-DEL04-ES,0,moderado
2025-12-12,10:10,2025-12-12 10:10:00,2025.0,12.0,sexta,10.0,manha,ES,DOMINGOS MARTINS,False,262.0,BR-262,90.0,-20.3808,-41.026,Reação tardia ou ineficiente do condutor,Colisão transversal,Com Vítimas Feridas,Pleno dia,Crescente,Céu Claro,Simples,Reta,Sim,0.0,1.0,0.0,1.0,1.0,1.0,3.0,3.0,SPRF-ES,DEL01-ES,UOP02-DEL01-ES,1,grave
2025-12-12,12:50,2025-12-12 12:50:00,2025.0,12.0,sexta,12.0,tarde,ES,LINHARES,False,101.0,BR-101,148.5,-19.39058308,-40.06761074,Ausência de reação do condutor,Colisão traseira,Com Vítimas Feridas,Pleno dia,Crescente,Céu Claro,Dupla,Reta,Sim,0.0,1.0,0.0,1.0,1.0,0.0,2.0,2.0,SPRF-ES,DEL04-ES,UOP01-DEL04-ES,1,grave
2025-12-12,13:40,2025-12-12 13:40:00,2025.0,12.0,sexta,13.0,tarde,ES,MARECHAL FLORIANO,False,262.0,BR-262,54.5,-20.41142805,-40.74691772,Conversão proibida,Colisão transversal,Com Vítimas Feridas,Pleno dia,Crescente,Céu Claro,Simples,Reta,Não,0.0,1.0,0.0,1.0,2.0,0.0,2.0,3.0,SPRF-ES,DEL01-ES,UOP01-DEL01-ES,1,grave
2025-07-19,20:00,2025-07-19 20:00:00,2025.0,7.0,sabado,20.0,noite,ES,COLATINA,False,259.0,BR-259,70.0,-19.49634034,-40.76209813,Ingestão de álcool pelo condutor,Saída de leito carroçável,Com Vítimas Feridas,Plena Noite,Decrescente,Céu Claro,Simples,Reta,Não,0.0,0.0,1.0,1.0,0.0,0.0,1.0,1.0,SPRF-ES,DEL02-ES,UOP01-DEL02-ES,0,moderado
2025-12-12,14:45,2025-12-12 14:45:00,2025.0,12.0,sexta,14.0,tarde,ES,COLATINA,False,259.0,BR-259,53.6,-19.49692,-40.63928,Manobra de mudança de faixa,Colisão lateral mesmo sentido,Com Vítimas Feridas,Pleno dia,Crescente,Chuva,Simples,Aclive;Reta,Não,0.0,0.0,1.0,1.0,1.0,0.0,2.0,2.0,SPRF-ES,DEL02-ES,UOP01-DEL02-ES,0,moderado
2025-12-12,16:27,2025-12-12 16:27:00,2025.0,12.0,sexta,16.0,tarde,ES,VIANA,True,262.0,BR-262,16.5,-20.384519,-40.468403,Condutor deixou de manter distância do veículo da frente,Colisão traseira,Com Vítimas Feridas,Pleno dia,Crescente,Nublado,Simples,Reta,Não,0.0,0.0,1.0,1.0,1.0,0.0,2.0,2.0,SPRF-ES,DEL01-ES,UOP01-DEL01-ES,0,moderado
2025-12-12,16:20,2025-12-12 16:20:00,2025.0,12.0,sexta,16.0,tarde,ES,JAGUARE,False,101.0,BR-101,94.0,-18.932449,-39.972644,Pedestre cruzava a pista fora da faixa,Atropelamento de Pedestre,Com Vítimas Feridas,Pleno dia,Crescente,Céu Claro,Simples,Rotatória;Retorno Regulamentado,Sim,0.0,0.0,1.0,1.0,1.0,0.0,2.0,2.0,SPRF-ES,DEL04-ES,UOP02-DEL04-ES,0,moderado
2025-12-12,18:00,2025-12-12 18:00:00,2025.0,12.0,sexta,18.0,noite,ES,LINHARES,False,101.0,BR-101,166.5,-19.52441699,-40.1491913,Acessar a via sem observar a presença dos outros veículos,Colisão transversal,Com Vítimas Feridas,Plena Noite,Decrescente,Céu Claro,Simples,Interseção de Vias,Sim,0.0,0.0,2.0,2.0,4.0,0.0,2.0,6.0,SPRF-ES,DEL04-ES,UOP01-DEL04-ES,0,moderado
2025-12-12,18:18,2025-12-12 18:18:00,2025.0,12.0,sexta,18.0,noite,ES,IBIRACU,False,101.0,BR-101,225.0,-19.90363615,-40.40822983,Condutor deixou de manter distância do veículo da frente,Colisão traseira,Com Vítimas Feridas,Plena Noite,Crescente,Nublado,Simples,Reta,Não,0.0,0.0,2.0,2.0,1.0,0.0,2.0,3.0,SPRF-ES,DEL02-ES,UOP01-DEL02-ES,0,moderado
2025-12-12,21:50,2025-12-12 21:50:00,2025.0,12.0,sexta,21.0,noite,ES,CARIACICA,True,101.0,BR-101,284.3,-20.24466117,-40.36977164,Avarias e/ou desgaste excessivo no pneu,Queda de ocupante de veículo,Com Vítimas Feridas,Plena Noite,Decrescente,Céu Claro,Dupla,Curva;Declive,Não,0.0,0.0,2.0,2.0,0.0,0.0,1.0,2.0,SPRF-ES,DEL01-ES,UOP01-DEL01-ES,0,moderado
2025-12-13,14:10,2025-12-13 14:10:00,2025.0,12.0,sabado,14.0,tarde,ES,CARIACICA,True,101.0,BR-101,292.0,-20.3063,-40.394986,Acessar a via sem observar a presença dos outros veículos,Colisão transversal,Com Vítimas Feridas,Pleno dia,Decrescente,Nublado,Dupla,Retorno Regulamentado;Reta,Sim,0.0,0.0,2.0,2.0,3.0,0.0,3.0,5.0,SPRF-ES,DEL01-ES,UOP01-DEL01-ES,0,moderado
2025-12-13,15:00,2025-12-13 15:00:00,2025.0,12.0,sabado,15.0,tarde,ES,CACHOEIRO DE ITAPEMIRIM,False,393.0,BR-393,3.0,-20.82828124,-41.18069609,Ingestão de álcool pelo condutor,Colisão transversal,Com Vítimas Feridas,Pleno dia,Crescente,Chuva,Simples,Reta,Sim,0.0,0.0,1.0,1.0,1.0,0.0,2.0,2.0,SPRF-ES,DEL03-ES,UOP02-DEL03-ES,0,moderado
2025-12-13,17:40,2025-12-13 17:40:00,2025.0,12.0,sabado,17.0,tarde,ES,VENDA NOVA DO IMIGRANTE,False,262.0,BR-262,104.0,-20.33117383,-41.13031002,Ingestão de álcool pelo condutor,Saída de leito carroçável,Sem Vítimas,Pleno dia,Crescente,Céu Claro,Simples,Reta,Sim,0.0,0.0,0.0,0.0,1.0,0.0,1.0,1.0,SPRF-ES,DEL01-ES,UOP02-DEL01-ES,0,baixo
2025-12-14,08:30,2025-12-14 08:30:00,2025.0,12.0,domingo,8.0,manha,ES,CONCEICAO DA BARRA,False,101.0,BR-101,35.1,-18.45,-39.93,Ausência de reação do condutor,Saída de leito carroçável,Com Vítimas Feridas,Pleno dia,Crescente,Céu Claro,Simples,Reta,Não,0.0,0.0,1.0,1.0,0.0,0.0,1.0,1.0,SPRF-ES,DEL04-ES,UOP02-DEL04-ES,0,moderado
2025-12-14,09:00,2025-12-14 09:00:00,2025.0,12.0,domingo,9.0,manha,ES,LINHARES,False,101.0,BR-101,167.7,-19.53284643,-40.1562171,Ingestão de álcool pelo condutor,Tombamento,Com Vítimas Feridas,Pleno dia,Crescente,Nublado,Simples,Retorno Regulamentado;Reta,Não,0.0,0.0,2.0,2.0,0.0,0.0,1.0,2.0,SPRF-ES,DEL04-ES,UOP01-DEL04-ES,0,moderado
2025-12-14,11:05,2025-12-14 11:05:00,2025.0,12.0,domingo,11.0,manha,ES,SAO MATEUS,False,101.0,BR-101,68.3,-18.72965901,-39.86004917,Condutor desrespeitou a iluminação vermelha do semáforo,Colisão traseira,Com Vítimas Feridas,Pleno dia,Decrescente,Céu Claro,Simples,Declive;Reta,Sim,0.0,0.0,1.0,1.0,1.0,1.0,2.0,3.0,SPRF-ES,DEL04-ES,UOP02-DEL04-ES,0,moderado
2025-12-14,13:20,2025-12-14 13:20:00,2025.0,12.0,domingo,13.0,tarde,ES,DOMINGOS MARTINS,False,262.0,BR-262,98.1,-20.35497788,-41.08725786,Acessar a via sem observar a presença dos outros veículos,Colisão transversal,Com Vítimas Feridas,Pleno dia,Crescente,Nublado,Simples,Interseção de Vias,Não,0.0,0.0,4.0,4.0,0.0,0.0,2.0,4.0,SPRF-ES,DEL01-ES,UOP02-DEL01-ES,0,moderado
2025-12-14,21:10,2025-12-14 21:10:00,2025.0,12.0,domingo,21.0,noite,ES,SOORETAMA,False,101.0,BR-101,126.5,-19.19737767,-40.09563446,Animais na Pista,Atropelamento de Animal,Com Vítimas Feridas,Plena Noite,Crescente,Nublado,Simples,Reta,Não,0.0,0.0,1.0,1.0,0.0,0.0,1.0,1.0,SPRF-ES,DEL04-ES,UOP01-DEL04-ES,0,moderado
2025-12-14,21:40,2025-12-14 21:40:00,2025.0,12.0,domingo,21.0,noite,ES,VENDA NOVA DO IMIGRANTE,False,262.0,BR-262,108.9,-20.33632245,-41.17842841,Acessar a via sem observar a presença dos outros veículos,Colisão transversal,Com Vítimas Feridas,Plena Noite,Crescente,Céu Claro,Dupla,Reta,Sim,0.0,0.0,1.0,1.0,1.0,0.0,2.0,2.0,SPRF-ES,DEL01-ES,UOP02-DEL01-ES,0,moderado
2025-12-14,22:10,2025-12-14 22:10:00,2025.0,12.0,domingo,22.0,noite,ES,CACHOEIRO DE ITAPEMIRIM,False,393.0,BR-393,3.0,-20.82728024,-41.18857831,Acumulo de areia ou detritos sobre o pavimento,Queda de ocupante de veículo,Com Vítimas Feridas,Plena Noite,Crescente,Chuva,Simples,Reta,Não,0.0,1.0,0.0,1.0,0.0,0.0,1.0,1.0,SPRF-ES,DEL03-ES,UOP02-DEL03-ES,1,grave
2025-12-14,22:20,2025-12-14 22:20:00,2025.0,12.0,domingo,22.0,noite,ES,VIANA,True,101.0,BR-101,299.2,-20.35754384,-40.42772339,Acessar a via sem observar a presença dos outros veículos,Tombamento,Com Vítimas Feridas,Plena Noite,Crescente,Nublado,Múltipla,Reta;Interseção de Vias,Sim,0.0,0.0,1.0,1.0,0.0,0.0,1.0,1.0,SPRF-ES,DEL01-ES,UOP01-DEL01-ES,0,moderado
2025-12-14,23:10,2025-12-14 23:10:00,2025.0,12.0,domingo,23.0,noite,ES,VIANA,True,262.0,BR-262,16.0,-20.38404811,-40.46566056,Acessar a via sem observar a presença dos outros veículos,Colisão transversal,Com Vítimas Feridas,Plena Noite,Crescente,Nublado,Simples,Curva,Não,0.0,0.0,1.0,1.0,1.0,0.0,2.0,2.0,SPRF-ES,DEL01-ES,UOP01-DEL01-ES,0,moderado
2025-12-15,08:00,2025-12-15 08:00:00,2025.0,12.0,segunda,8.0,manha,ES,RIO NOVO DO SUL,False,101.0,BR-101,393.0,-20.8655182,-40.92771953,Reação tardia ou ineficiente do condutor,Tombamento,Com Vítimas Feridas,Pleno dia,Crescente,Céu Claro,Simples,Declive;Curva,Não,0.0,0.0,1.0,1.0,0.0,0.0,1.0,1.0,SPRF-ES,DEL03-ES,UOP02-DEL03-ES,0,moderado
2025-12-15,10:40,2025-12-15 10:40:00,2025.0,12.0,segunda,10.0,manha,ES,SERRA,True,101.0,BR-101,3.9,-20.08930678,-40.35939217,Ausência de reação do condutor,Queda de ocupante de veículo,Com Vítimas Feridas,Pleno dia,Crescente,Céu Claro,Dupla,Reta,Não,0.0,0.0,1.0,1.0,0.0,0.0,1.0,1.0,SPRF-ES,DEL02-ES,UOP01-DEL02-ES,0,moderado
2025-12-15,14:45,2025-12-15 14:45:00,2025.0,12.0,segunda,14.0,tarde,ES,SERRA,True,101.0,BR-101,258.0,-20.13229445,-40.29416084,Ausência de reação do condutor,Colisão traseira,Com Vítimas Feridas,Pleno dia,Crescente,Nublado,Dupla,Aclive;Reta,Sim,0.0,1.0,0.0,1.0,0.0,1.0,2.0,2.0,SPRF-ES,DEL02-ES,UOP01-DEL02-ES,1,grave
2025-12-15,19:20,2025-12-15 19:20:00,2025.0,12.0,segunda,19.0,noite,ES,FUNDAO,True,101.0,BR-101,230.3,-19.94189349,-40.40590525,Conversão proibida,Colisão frontal,Com Vítimas Fatais,Plena Noite,Crescente,Céu Claro,Simples,Reta,Não,1.0,1.0,0.0,1.0,2.0,1.0,4.0,5.0,SPRF-ES,DEL02-ES,UOP01-DEL02-ES,1,fatal
2025-12-15,23:47,2025-12-15 23:47:00,2025.0,12.0,segunda,23.0,noite,ES,CACHOEIRO DE ITAPEMIRIM,False,393.0,BR-393,1.0,-20.83589803,-41.16940538,Ingestão de álcool pelo condutor,Colisão frontal,Com Vítimas Fatais,Plena Noite,Crescente,Nublado,Simples,Aclive;Reta,Não,1.0,1.0,0.0,1.0,1.0,0.0,2.0,3.0,SPRF-ES,DEL03-ES,UOP02-DEL03-ES,1,fatal
2025-12-16,07:15,2025-12-16 07:15:00,2025.0,12.0,terca,7.0,manha,ES,SERRA,True,101.0,BR-101,268.0,-20.20917,-40.2697,Manobra de mudança de faixa,Tombamento,Com Vítimas Feridas,Pleno dia,Crescente,Céu Claro,Dupla,Reta,Sim,0.0,0.0,4.0,4.0,1.0,0.0,3.0,5.0,SPRF-ES,DEL02-ES,UOP01-DEL02-ES,0,moderado
2025-12-16,07:30,2025-12-16 07:30:00,2025.0,12.0,terca,7.0,manha,ES,VILA VELHA,True,447.0,BR-447,15.0,-20.342445,-40.328595,Reação tardia ou ineficiente do condutor,Colisão traseira,Com Vítimas Feridas,Pleno dia,Crescente,Nublado,Dupla,Reta,Sim,0.0,0.0,2.0,2.0,1.0,0.0,2.0,3.0,SPRF-ES,DEL01-ES,UOP01-DEL01-ES,0,moderado
2025-12-16,10:00,2025-12-16 10:00:00,2025.0,12.0,terca,10.0,manha,ES,SERRA,True,101.0,BR-101,258.0,-20.14391,-40.29106,Reação tardia ou ineficiente do condutor,Tombamento,Com Vítimas Feridas,Pleno dia,Decrescente,Nublado,Simples,Aclive;Reta,Sim,0.0,0.0,2.0,2.0,0.0,0.0,1.0,2.0,SPRF-ES,DEL02-ES,UOP01-DEL02-ES,0,moderado
2025-12-16,12:55,2025-12-16 12:55:00,2025.0,12.0,terca,12.0,tarde,ES,VIANA,True,101.0,BR-101,298.0,-20.3587336,-40.42193818,Acessar a via sem observar a presença dos outros veículos,Colisão transversal,Com Vítimas Feridas,Pleno dia,Decrescente,Céu Claro,Dupla,Reta,Não,0.0,0.0,1.0,1.0,2.0,0.0,3.0,3.0,SPRF-ES,DEL01-ES,UOP01-DEL01-ES,0,moderado
2025-12-16,16:20,2025-12-16 16:20:00,2025.0,12.0,terca,16.0,tarde,ES,VIANA,True,101.0,BR-101,298.5,-20.35579272,-40.41825485,Desrespeitar a preferência no cruzamento,Colisão transversal,Com Vítimas Feridas,Pleno dia,Crescente,Céu Claro,Simples,Reta,Sim,0.0,0.0,1.0,1.0,0.0,1.0,2.0,2.0,SPRF-ES,DEL01-ES,UOP01-DEL01-ES,0,moderado
2025-12-16,19:30,2025-12-16 19:30:00,2025.0,12.0,terca,19.0,noite,ES,IBATIBA,False,262.0,BR-262,159.0,-20.23363484,-41.50573108,Ausência de sinalização,Colisão frontal,Com Vítimas Feridas,Plena Noite,Crescente,Nublado,Múltipla,Reta,Sim,0.0,1.0,0.0,1.0,1.0,0.0,2.0,2.0,SPRF-ES,DEL01-ES,UOP02-DEL01-ES,1,grave
2025-12-17,10:10,2025-12-17 10:10:00,2025.0,12.0,quarta,10.0,manha,ES,LINHARES,False,101.0,BR-101,149.0,-19.39654634,-40.06395992,Acumulo de areia ou detritos sobre o pavimento,Saída de leito carroçável,Com Vítimas Feridas,Pleno dia,Crescente,Céu Claro,Dupla,Reta,Sim,0.0,0.0,1.0,1.0,0.0,0.0,1.0,1.0,SPRF-ES,DEL04-ES,UOP01-DEL04-ES,0,moderado
2025-12-17,22:30,2025-12-17 22:30:00,2025.0,12.0,quarta,22.0,noite,ES,SERRA,True,101.0,BR-101,265.0,-20.182323,-40.265775,Ausência de reação do condutor,Colisão traseira,Com Vítimas Feridas,Plena Noite,Crescente,Nublado,Dupla,Reta,Sim,0.0,0.0,1.0,1.0,0.0,1.0,2.0,2.0,SPRF-ES,DEL02-ES,UOP01-DEL02-ES,0,moderado
2025-12-18,07:00,2025-12-18 07:00:00,2025.0,12.0,quinta,7.0,manha,ES,IBIRACU,False,101.0,BR-101,212.6,-19.8205687,-40.3686168,Acesso irregular,Colisão lateral mesmo sentido,Com Vítimas Feridas,Pleno dia,Crescente,Sol,Simples,Reta,Não,0.0,1.0,0.0,1.0,1.0,0.0,2.0,2.0,SPRF-ES,DEL02-ES,UOP01-DEL02-ES,1,grave
2025-12-18,08:30,2025-12-18 08:30:00,2025.0,12.0,quinta,8.0,manha,ES,SOORETAMA,False,101.0,BR-101,127.0,-19.20657173,-40.09513339,Ingestão de substâncias psicoativas pelo condutor,Tombamento,Com Vítimas Feridas,Pleno dia,Crescente,Céu Claro,Múltipla,Declive;Curva,Sim,0.0,0.0,1.0,1.0,0.0,0.0,1.0,1.0,SPRF-ES,DEL04-ES,UOP01-DEL04-ES,0,moderado
2025-12-18,12:00,2025-12-18 12:00:00,2025.0,12.0,quinta,12.0,tarde,ES,GUARAPARI,True,101.0,BR-101,320.8,-20.51909,-40.4782,Condutor deixou de manter distância do veículo da frente,Queda de ocupante de veículo,Com Vítimas Feridas,Pleno dia,Crescente,Sol,Múltipla,Reta,Não,0.0,0.0,1.0,1.0,0.0,0.0,1.0,1.0,SPRF-ES,DEL03-ES,UOP01-DEL03-ES,0,moderado
2025-12-18,22:30,2025-12-18 22:30:00,2025.0,12.0,quinta,22.0,noite,ES,SERRA,True,101.0,BR-101,261.0,-20.17060293,-40.26888145,Ausência de reação do condutor,Colisão com objeto,Sem Vítimas,Plena Noite,Decrescente,Céu Claro,Dupla,Reta,Sim,0.0,0.0,0.0,0.0,0.0,1.0,1.0,1.0,SPRF-ES,DEL02-ES,UOP01-DEL02-ES,0,baixo
2025-12-19,06:35,2025-12-19 06:35:00,2025.0,12.0,sexta,6.0,manha,ES,SAO MATEUS,False,101.0,BR-101,66.0,-18.74063156,-39.86114144,Condutor desrespeitou a iluminação vermelha do semáforo,Colisão transversal,Com Vítimas Feridas,Amanhecer,Crescente,Céu Claro,Dupla,Interseção de Vias,Sim,0.0,1.0,1.0,2.0,1.0,0.0,2.0,3.0,SPRF-ES,DEL04-ES,UOP02-DEL04-ES,1,grave
2025-12-19,13:35,2025-12-19 13:35:00,2025.0,12.0,sexta,13.0,tarde,ES,LINHARES,False,101.0,BR-101,147.0,-19.379499,-40.066643,Pedestre cruzava a pista fora da faixa,Atropelamento de Pedestre,Com Vítimas Feridas,Pleno dia,Crescente,Céu Claro,Simples,Interseção de Vias;Reta,Não,0.0,1.0,0.0,1.0,1.0,0.0,2.0,2.0,SPRF-ES,DEL04-ES,UOP01-DEL04-ES,1,grave
2025-12-19,13:40,2025-12-19 13:40:00,2025.0,12.0,sexta,13.0,tarde,ES,SERRA,True,101.0,BR-101,1.5,-20.08930678,-40.35913467,Velocidade Incompatível,Colisão com objeto,Com Vítimas Feridas,Pleno dia,Decrescente,Céu Claro,Dupla,Reta,Não,0.0,0.0,2.0,2.0,0.0,0.0,1.0,2.0,SPRF-ES,DEL02-ES,UOP01-DEL02-ES,0,moderado
2025-12-19,17:40,2025-12-19 17:40:00,2025.0,12.0,sexta,17.0,tarde,ES,SERRA,True,101.0,BR-101,268.9,-20.21673791,-40.27009606,Manobra de mudança de faixa,Colisão lateral mesmo sentido,Com Vítimas Feridas,Pleno dia,Decrescente,Nublado,Múltipla,Reta,Sim,0.0,0.0,1.0,1.0,0.0,1.0,2.0,2.0,SPRF-ES,DEL02-ES,UOP01-DEL02-ES,0,moderado
2025-12-19,18:30,2025-12-19 18:30:00,2025.0,12.0,sexta,18.0,noite,ES,CARIACICA,True,101.0,BR-101,294.0,-20.328523,-40.398269,Condutor deixou de manter distância do veículo da frente,Colisão traseira,Com Vítimas Feridas,Plena Noite,Crescente,Céu Claro,Dupla,Reta;Declive,Sim,0.0,0.0,1.0,1.0,1.0,0.0,2.0,2.0,SPRF-ES,DEL01-ES,UOP01-DEL01-ES,0,moderado
2025-12-19,19:40,2025-12-19 19:40:00,2025.0,12.0,sexta,19.0,noite,ES,IBIRACU,False,101.0,BR-101,214.9,-19.82973688,-40.37657992,Acessar a via sem observar a presença dos outros veículos,Colisão transversal,Com Vítimas Feridas,Plena Noite,Crescente,Nublado,Simples,Retorno Regulamentado,Sim,0.0,0.0,1.0,1.0,1.0,0.0,2.0,2.0,SPRF-ES,DEL02-ES,UOP01-DEL02-ES,0,moderado
2025-12-19,20:12,2025-12-19 20:12:00,2025.0,12.0,sexta,20.0,noite,ES,SERRA,True,101.0,BR-101,255.0,-20.12091896,-40.3083086,Pedestre andava na pista,Atropelamento de Pedestre,Com Vítimas Feridas,Plena Noite,Crescente,Céu Claro,Simples,Reta,Sim,0.0,0.0,1.0,1.0,1.0,0.0,2.0,2.0,SPRF-ES,DEL02-ES,UOP01-DEL02-ES,0,moderado
2025-12-19,20:35,2025-12-19 20:35:00,2025.0,12.0,sexta,20.0,noite,ES,DOMINGOS MARTINS,False,262.0,BR-262,94.0,-20.37409659,-41.05856385,Desrespeitar a preferência no cruzamento,Colisão transversal,Com Vítimas Feridas,Plena Noite,Crescente,Nublado,Simples,Reta,Não,0.0,1.0,2.0,3.0,3.0,0.0,2.0,6.0,SPRF-ES,DEL01-ES,UOP02-DEL01-ES,1,grave
2025-12-20,06:00,2025-12-20 06:00:00,2025.0,12.0,sabado,6.0,manha,ES,ITAPEMIRIM,False,101.0,BR-101,398.9,-20.878542,-40.966079,Pista Escorregadia,Queda de ocupante de veículo,Com Vítimas Feridas,Pleno dia,Decrescente,Garoa/Chuvisco,Múltipla,Reta,Não,0.0,0.0,1.0,1.0,0.0,0.0,1.0,1.0,SPRF-ES,DEL03-ES,UOP02-DEL03-ES,0,moderado
2025-12-20,09:30,2025-12-20 09:30:00,2025.0,12.0,sabado,9.0,manha,ES,SERRA,True,101.0,BR-101,255.4,-20.11788849,-40.31434232,Pedestre cruzava a pista fora da faixa,Atropelamento de Pedestre,Com Vítimas Feridas,Pleno dia,Decrescente,Nublado,Dupla,Reta,Sim,0.0,0.0,1.0,1.0,1.0,1.0,2.0,3.0,SPRF-ES,DEL02-ES,UOP01-DEL02-ES,0,moderado
2025-12-20,15:15,2025-12-20 15:15:00,2025.0,12.0,sabado,15.0,tarde,ES,COLATINA,False,259.0,BR-259,56.0,-19.51172,-40.65628,Acessar a via sem observar a presença dos outros veículos,Colisão transversal,Com Vítimas Feridas,Pleno dia,Crescente,Céu Claro,Simples,Aclive,Não,0.0,0.0,3.0,3.0,0.0,0.0,2.0,3.0,SPRF-ES,DEL02-ES,UOP01-DEL02-ES,0,moderado
2025-12-20,18:00,2025-12-20 18:00:00,2025.0,12.0,sabado,18.0,noite,ES,SERRA,True,101.0,BR-101,257.0,-20.129959,-40.297025,Ausência de reação do condutor,Colisão com objeto,Com Vítimas Feridas,Pleno dia,Crescente,Céu Claro,Dupla,Declive,Não,0.0,1.0,0.0,1.0,0.0,0.0,1.0,1.0,SPRF-ES,DEL02-ES,UOP01-DEL02-ES,1,grave
2025-12-20,21:25,2025-12-20 21:25:00,2025.0,12.0,sabado,21.0,noite,ES,JOAO NEIVA,False,259.0,BR-259,2.5,-19.72554,-40.37396,Reação tardia ou ineficiente do condutor,Saída de leito carroçável,Com Vítimas Feridas,Plena Noite,Decrescente,Nublado,Simples,Reta,Não,0.0,0.0,1.0,1.0,0.0,0.0,1.0,1.0,SPRF-ES,DEL02-ES,UOP01-DEL02-ES,0,moderado
2025-12-20,23:40,2025-12-20 23:40:00,2025.0,12.0,sabado,23.0,noite,ES,SERRA,True,101.0,BR-101,266.0,-20.19358129,-40.26876729,Reação tardia ou ineficiente do condutor,Tombamento,Sem Vítimas,Plena Noite,Crescente,Nublado,Dupla,Reta,Sim,0.0,0.0,0.0,0.0,0.0,1.0,1.0,1.0,SPRF-ES,DEL02-ES,UOP01-DEL02-ES,0,baixo
2025-12-20,23:50,2025-12-20 23:50:00,2025.0,12.0,sabado,23.0,noite,ES,LINHARES,False,101.0,BR-101,145.6,-19.35540092,-40.06452352,Ingestão de álcool pelo condutor,Saída de leito carroçável,Sem Vítimas,Plena Noite,Crescente,Céu Claro,Dupla,Reta,Não,0.0,0.0,0.0,0.0,1.0,0.0,1.0,1.0,SPRF-ES,DEL04-ES,UOP01-DEL04-ES,0,baixo
2025-12-21,00:05,2025-12-21 00:05:00,2025.0,12.0,domingo,0.0,madrugada,ES,SERRA,True,101.0,BR-101,257.5,-20.12804,-40.29946,Ausência de reação do condutor,Colisão traseira,Com Vítimas Feridas,Pleno dia,Crescente,Céu Claro,Dupla,Retorno Regulamentado;Rotatória;Curva,Sim,0.0,0.0,1.0,1.0,1.0,0.0,2.0,2.0,SPRF-ES,DEL02-ES,UOP01-DEL02-ES,0,moderado
2025-12-21,02:45,2025-12-21 02:45:00,2025.0,12.0,domingo,2.0,madrugada,ES,LINHARES,False,101.0,BR-101,156.5,-19.41469584,-40.06721947,Acessar a via sem observar a presença dos outros veículos,Colisão lateral sentido oposto,Com Vítimas Feridas,Plena Noite,Crescente,Céu Claro,Simples,Reta,Não,0.0,0.0,1.0,1.0,0.0,1.0,2.0,2.0,SPRF-ES,DEL04-ES,UOP01-DEL04-ES,0,moderado
2025-12-21,04:00,2025-12-21 04:00:00,2025.0,12.0,domingo,4.0,madrugada,ES,BREJETUBA,False,262.0,BR-262,136.3,-20.23546242,-41.34189606,Reação tardia ou ineficiente do condutor,Saída de leito carroçável,Com Vítimas Feridas,Amanhecer,Decrescente,Nevoeiro/Neblina,Simples,Declive;Curva,Não,0.0,1.0,7.0,8.0,0.0,0.0,1.0,8.0,SPRF-ES,DEL01-ES,UOP02-DEL01-ES,1,grave
2025-12-21,04:30,2025-12-21 04:30:00,2025.0,12.0,domingo,4.0,madrugada,ES,SERRA,True,101.0,BR-101,267.0,-20.224243,-40.270428,Ausência de reação do condutor,Colisão com objeto,Com Vítimas Fatais,Amanhecer,Crescente,Céu Claro,Dupla,Reta,Sim,1.0,0.0,0.0,0.0,0.0,0.0,1.0,1.0,SPRF-ES,DEL02-ES,UOP01-DEL02-ES,1,fatal
2025-12-21,05:00,2025-12-21 05:00:00,2025.0,12.0,domingo,5.0,madrugada,ES,SERRA,True,101.0,BR-101,239.0,-20.01669,-40.40384,Demais falhas mecânicas ou elétricas,Incêndio,Sem Vítimas,Amanhecer,Crescente,Céu Claro,Simples,Reta,Não,0.0,0.0,0.0,0.0,1.0,0.0,1.0,1.0,SPRF-ES,DEL02-ES,UOP01-DEL02-ES,0,baixo
2025-12-21,10:00,2025-12-21 10:00:00,2025.0,12.0,domingo,10.0,manha,ES,MARECHAL FLORIANO,False,262.0,BR-262,53.0,-20.415115,-40.741681,Animais na Pista,Queda de ocupante de veículo,Com Vítimas Feridas,Pleno dia,Decrescente,Céu Claro,Simples,Curva,Não,0.0,0.0,1.0,1.0,0.0,0.0,1.0,1.0,SPRF-ES,DEL01-ES,UOP01-DEL01-ES,0,moderado
2025-12-21,11:00,2025-12-21 11:00:00,2025.0,12.0,domingo,11.0,manha,ES,DOMINGOS MARTINS,False,262.0,BR-262,31.5,-20.37913365,-40.57418346,Problema com o freio,Saída de leito carroçável,Com Vítimas Feridas,Pleno dia,Crescente,Sol,Simples,Curva,Não,0.0,0.0,1.0,1.0,0.0,0.0,1.0,1.0,SPRF-ES,DEL01-ES,UOP01-DEL01-ES,0,moderado
2025-12-21,15:25,2025-12-21 15:25:00,2025.0,12.0,domingo,15.0,tarde,ES,CARIACICA,True,101.0,BR-101,287.6,-20.27907821,-40.39268301,Acessar a via sem observar a presença dos outros veículos,Colisão transversal,Com Vítimas Feridas,Pleno dia,Decrescente,Céu Claro,Dupla,Retorno Regulamentado;Reta;Aclive,Não,0.0,1.0,3.0,4.0,2.0,0.0,2.0,6.0,SPRF-ES,DEL01-ES,UOP01-DEL01-ES,1,grave
2025-12-21,15:50,2025-12-21 15:50:00,2025.0,12.0,domingo,15.0,tarde,ES,DOMINGOS MARTINS,False,262.0,BR-262,43.9,-20.38773508,-40.66821882,Transitar na contramão,Colisão frontal,Com Vítimas Fatais,Pleno dia,Crescente,Sol,Simples,Reta,Não,1.0,1.0,1.0,2.0,1.0,0.0,2.0,4.0,SPRF-ES,DEL01-ES,UOP01-DEL01-ES,1,fatal
2025-12-21,17:15,2025-12-21 17:15:00,2025.0,12.0,domingo,17.0,tarde,ES,LINHARES,False,101.0,BR-101,166.0,-19.51857772,-40.14348976,Reação tardia ou ineficiente do condutor,Engavetamento,Com Vítimas Feridas,Anoitecer,Crescente,Céu Claro,Simples,Reta,Não,0.0,0.0,3.0,3.0,3.0,0.0,3.0,6.0,SPRF-ES,DEL04-ES,UOP01-DEL04-ES,0,moderado
2025-12-21,19:00,2025-12-21 19:00:00,2025.0,12.0,domingo,19.0,noite,ES,SERRA,True,101.0,BR-101,271.0,-20.231946,-40.277744,Acessar a via sem observar a presença dos outros veículos,Colisão traseira,Com Vítimas Feridas,Plena Noite,Crescente,Céu Claro,Múltipla,Viaduto;Reta;Aclive,Sim,0.0,0.0,1.0,1.0,1.0,0.0,2.0,2.0,SPRF-ES,DEL02-ES,UOP01-DEL02-ES,0,moderado
2025-11-08,18:00,2025-11-08 18:00:00,2025.0,11.0,sabado,18.0,noite,ES,SAO MATEUS,False,101.0,BR-101,79.2,-18.81578944,-39.90239589,Ingestão de álcool pelo condutor,Colisão com objeto,Com Vítimas Feridas,Plena Noite,Crescente,Nublado,Simples,Reta;Ponte,Não,0.0,0.0,2.0,2.0,0.0,0.0,1.0,2.0,SPRF-ES,DEL04-ES,UOP02-DEL04-ES,0,moderado
2025-12-22,10:00,2025-12-22 10:00:00,2025.0,12.0,segunda,10.0,manha,ES,SERRA,True,101.0,BR-101,261.0,-20.15442604,-40.27776629,Retorno proibido,Colisão transversal,Com Vítimas Feridas,Pleno dia,Decrescente,Céu Claro,Dupla,Reta;Declive,Sim,0.0,0.0,2.0,2.0,1.0,0.0,2.0,3.0,SPRF-ES,DEL02-ES,UOP01-DEL02-ES,0,moderado
2025-12-22,10:45,2025-12-22 10:45:00,2025.0,12.0,segunda,10.0,manha,ES,SERRA,True,101.0,BR-101,264.0,-20.17292791,-40.26736384,Condutor desrespeitou a iluminação vermelha do semáforo,Colisão transversal,Com Vítimas Feridas,Pleno dia,Crescente,Sol,Múltipla,Retorno Regulamentado,Não,0.0,0.0,1.0,1.0,2.0,0.0,3.0,3.0,SPRF-ES,DEL02-ES,UOP01-DEL02-ES,0,moderado
2025-12-22,18:30,2025-12-22 18:30:00,2025.0,12.0,segunda,18.0,noite,ES,CARIACICA,True,101.0,BR-101,292.8,-20.29633958,-40.39400029,Acessar a via sem observar a presença dos outros veículos,Colisão transversal,Com Vítimas Feridas,Plena Noite,Decrescente,Ignorado,Dupla,Retorno Regulamentado,Não,0.0,1.0,0.0,1.0,1.0,0.0,2.0,2.0,SPRF-ES,DEL01-ES,UOP01-DEL01-ES,1,grave
2025-12-23,08:30,2025-12-23 08:30:00,2025.0,12.0,terca,8.0,manha,ES,SERRA,True,101.0,BR-101,276.0,-20.21770595,-40.333727,Manobra de mudança de faixa,Colisão lateral mesmo sentido,Com Vítimas Feridas,Pleno dia,Decrescente,Chuva,Dupla,Reta,Não,0.0,0.0,1.0,1.0,1.0,0.0,2.0,2.0,SPRF-ES,DEL02-ES,UOP01-DEL02-ES,0,moderado
2025-12-23,12:15,2025-12-23 12:15:00,2025.0,12.0,terca,12.0,tarde,ES,DOMINGOS MARTINS,False,262.0,BR-262,94.0,-20.37373655,-41.05867624,Acessar a via sem observar a presença dos outros veículos,Colisão transversal,Com Vítimas Feridas,Pleno dia,Crescente,Sol,Simples,Reta,Não,0.0,2.0,0.0,2.0,1.0,0.0,2.0,3.0,SPRF-ES,DEL01-ES,UOP02-DEL01-ES,1,grave
2025-12-23,18:00,2025-12-23 18:00:00,2025.0,12.0,terca,18.0,noite,ES,LINHARES,False,101.0,BR-101,143.5,-19.34643436,-40.0634238,Reação tardia ou ineficiente do condutor,Colisão traseira,Com Vítimas Feridas,Pleno dia,Decrescente,Céu Claro,Dupla,Reta,Não,0.0,1.0,0.0,1.0,2.0,0.0,2.0,3.0,SPRF-ES,DEL04-ES,UOP01-DEL04-ES,1,grave
2025-12-23,18:00,2025-12-23 18:00:00,2025.0,12.0,terca,18.0,noite,ES,JOAO NEIVA,False,101.0,BR-101,204.0,-19.749552,-40.379058,Acessar a via sem observar a presença dos outros veículos,Colisão transversal,Com Vítimas Feridas,Plena Noite,Decrescente,Nublado,Simples,Reta,Sim,0.0,1.0,0.0,1.0,1.0,0.0,2.0,2.0,SPRF-ES,DEL02-ES,UOP01-DEL02-ES,1,grave
2025-12-23,16:30,2025-12-23 16:30:00,2025.0,12.0,terca,16.0,tarde,ES,ANCHIETA,False,101.0,BR-101,362.0,-20.718367,-40.734663,Condutor Dormindo,Saída de leito carroçável,Com Vítimas Feridas,Anoitecer,Crescente,Céu Claro,Simples,Reta,Não,0.0,0.0,1.0,1.0,0.0,0.0,1.0,1.0,SPRF-ES,DEL03-ES,UOP01-DEL03-ES,0,moderado
2025-12-23,18:10,2025-12-23 18:10:00,2025.0,12.0,terca,18.0,noite,ES,ICONHA,False,101.0,BR-101,373.0,-20.775843,-40.778341,Acessar a via sem observar a presença dos outros veículos,Colisão transversal,Com Vítimas Feridas,Anoitecer,Crescente,Céu Claro,Simples,Reta,Não,0.0,1.0,0.0,1.0,3.0,0.0,2.0,4.0,SPRF-ES,DEL03-ES,UOP01-DEL03-ES,1,grave
2025-12-23,20:10,2025-12-23 20:10:00,2025.0,12.0,terca,20.0,noite,ES,SERRA,True,101.0,BR-101,266.0,-20.19125073,-40.26869059,Acesso irregular,Colisão transversal,Com Vítimas Feridas,Plena Noite,Crescente,Nublado,Múltipla,Reta,Sim,0.0,0.0,2.0,2.0,0.0,0.0,2.0,2.0,SPRF-ES,DEL02-ES,UOP01-DEL02-ES,0,moderado
2025-12-24,08:45,2025-12-24 08:45:00,2025.0,12.0,quarta,8.0,manha,ES,MARECHAL FLORIANO,False,262.0,BR-262,65.8,-20.41484091,-40.82712293,Curva acentuada,Tombamento,Com Vítimas Feridas,Pleno dia,Decrescente,Céu Claro,Simples,Curva,Não,0.0,0.0,2.0,2.0,0.0,0.0,1.0,2.0,SPRF-ES,DEL01-ES,UOP02-DEL01-ES,0,moderado
2025-12-24,11:00,2025-12-24 11:00:00,2025.0,12.0,quarta,11.0,manha,ES,CONCEICAO DA BARRA,False,101.0,BR-101,18.8,-18.3166859,-39.95193092,Frear bruscamente,Engavetamento,Com Vítimas Feridas,Pleno dia,Decrescente,Céu Claro,Simples,Declive,Não,0.0,0.0,2.0,2.0,4.0,1.0,3.0,7.0,SPRF-ES,DEL04-ES,UOP02-DEL04-ES,0,moderado
2025-12-24,15:35,2025-12-24 15:35:00,2025.0,12.0,quarta,15.0,tarde,ES,CARIACICA,True,101.0,BR-101,287.2,-20.266452,-40.386226,Reação tardia ou ineficiente do condutor,Colisão traseira,Com Vítimas Feridas,Pleno dia,Decrescente,Céu Claro,Dupla,Reta,Sim,0.0,1.0,0.0,1.0,2.0,0.0,2.0,3.0,SPRF-ES,DEL01-ES,UOP01-DEL01-ES,1,grave
2025-12-25,10:35,2025-12-25 10:35:00,2025.0,12.0,quinta,10.0,manha,ES,GUARAPARI,True,101.0,BR-101,339.7,-20.64571608,-40.56469917,Avarias e/ou desgaste excessivo no pneu,Tombamento,Com Vítimas Feridas,Pleno dia,Crescente,Céu Claro,Dupla,Curva,Não,0.0,0.0,1.0,1.0,0.0,0.0,1.0,1.0,SPRF-ES,DEL03-ES,UOP01-DEL03-ES,0,moderado
2025-12-25,12:18,2025-12-25 12:18:00,2025.0,12.0,quinta,12.0,tarde,ES,LINHARES,False,101.0,BR-101,145.9,-19.36573824,-40.06544632,Ingestão de álcool pelo condutor,Colisão lateral mesmo sentido,Com Vítimas Feridas,Pleno dia,Crescente,Céu Claro,Dupla,Reta,Sim,0.0,0.0,1.0,1.0,2.0,0.0,2.0,3.0,SPRF-ES,DEL04-ES,UOP01-DEL04-ES,0,moderado
2025-12-25,12:00,2025-12-25 12:00:00,2025.0,12.0,quinta,12.0,tarde,ES,SERRA,True,101.0,BR-101,278.0,-20.217288,-40.3315,Ausência de reação do condutor,Colisão traseira,Com Vítimas Feridas,Pleno dia,Crescente,Sol,Dupla,Reta,Sim,0.0,2.0,0.0,2.0,0.0,0.0,1.0,2.0,SPRF-ES,DEL02-ES,UOP01-DEL02-ES,1,grave
2025-12-25,12:10,2025-12-25 12:10:00,2025.0,12.0,quinta,12.0,tarde,ES,DOMINGOS MARTINS,False,262.0,BR-262,77.0,-20.41105,-40.918202,Reação tardia ou ineficiente do condutor,Queda de ocupante de veículo,Com Vítimas Feridas,Pleno dia,Crescente,Céu Claro,Simples,Curva,Não,0.0,1.0,0.0,1.0,0.0,0.0,1.0,1.0,SPRF-ES,DEL01-ES,UOP02-DEL01-ES,1,grave
2025-12-25,14:50,2025-12-25 14:50:00,2025.0,12.0,quinta,14.0,tarde,ES,LINHARES,False,101.0,BR-101,132.9,-19.25600315,-40.09021665,Avarias e/ou desgaste excessivo no pneu,Tombamento,Com Vítimas Feridas,Pleno dia,Decrescente,Sol,Simples,Reta,Não,0.0,0.0,2.0,2.0,0.0,0.0,1.0,2.0,SPRF-ES,DEL04-ES,UOP01-DEL04-ES,0,moderado
2025-12-25,15:34,2025-12-25 15:34:00,2025.0,12.0,quinta,15.0,tarde,ES,COLATINA,False,259.0,BR-259,61.0,-19.532004,-40.682904,Condutor deixou de manter distância do veículo da frente,Colisão traseira,Com Vítimas Feridas,Pleno dia,Decrescente,Sol,Simples,Reta,Não,0.0,1.0,1.0,2.0,1.0,0.0,2.0,3.0,SPRF-ES,DEL02-ES,UOP01-DEL02-ES,1,grave
2025-12-25,16:12,2025-12-25 16:12:00,2025.0,12.0,quinta,16.0,tarde,ES,ARACRUZ,False,101.0,BR-101,186.4,-19.66727795,-40.25327585,Manobra de mudança de faixa,Colisão com objeto,Com Vítimas Feridas,Pleno dia,Crescente,Céu Claro,Dupla,Aclive,Não,0.0,0.0,2.0,2.0,0.0,0.0,1.0,2.0,SPRF-ES,DEL04-ES,UOP01-DEL04-ES,0,moderado
2025-12-25,18:40,2025-12-25 18:40:00,2025.0,12.0,quinta,18.0,noite,ES,VENDA NOVA DO IMIGRANTE,False,101.0,BR-101,105.0,-20.33548,-41.16777,Ultrapassagem Indevida,Colisão lateral sentido oposto,Com Vítimas Feridas,Anoitecer,Crescente,Céu Claro,Simples,Curva,Não,0.0,0.0,1.0,1.0,1.0,0.0,2.0,2.0,SPRF-ES,DEL04-ES,UOP01-DEL04-ES,0,moderado
2025-12-26,17:30,2025-12-26 17:30:00,2025.0,12.0,sexta,17.0,tarde,ES,GUARAPARI,True,101.0,BR-101,355.0,-20.6585554,-40.613513,Conversão proibida,Colisão frontal,Com Vítimas Feridas,Pleno dia,Crescente,Céu Claro,Dupla,Curva,Não,0.0,1.0,0.0,1.0,0.0,1.0,2.0,2.0,SPRF-ES,DEL03-ES,UOP01-DEL03-ES,1,grave
2025-12-27,05:50,2025-12-27 05:50:00,2025.0,12.0,sabado,5.0,madrugada,ES,ITAPEMIRIM,False,101.0,BR-101,399.1,-20.87918937,-40.96684232,Condutor Dormindo,Colisão com objeto,Com Vítimas Feridas,Amanhecer,Decrescente,Céu Claro,Simples,Reta,Não,0.0,4.0,2.0,6.0,0.0,0.0,1.0,6.0,SPRF-ES,DEL03-ES,UOP02-DEL03-ES,1,grave
2025-12-27,03:20,2025-12-27 03:20:00,2025.0,12.0,sabado,3.0,madrugada,ES,PEDRO CANARIO,False,101.0,BR-101,14.6,-18.26854142,-39.95863698,Condutor Dormindo,Colisão com objeto,Sem Vítimas,Plena Noite,Decrescente,Céu Claro,Simples,Aclive,Não,0.0,0.0,0.0,0.0,0.0,1.0,1.0,1.0,SPRF-ES,DEL04-ES,UOP02-DEL04-ES,0,baixo
2025-12-27,07:30,2025-12-27 07:30:00,2025.0,12.0,sabado,7.0,manha,ES,SERRA,True,101.0,BR-101,13.0,-20.16451613,-40.35058056,Velocidade Incompatível,Queda de ocupante de veículo,Com Vítimas Feridas,Pleno dia,Crescente,Sol,Dupla,Rotatória,Não,0.0,0.0,2.0,2.0,0.0,0.0,2.0,2.0,SPRF-ES,DEL02-ES,UOP01-DEL02-ES,0,moderado
2025-12-27,08:27,2025-12-27 08:27:00,2025.0,12.0,sabado,8.0,manha,ES,ATILIO VIVACQUA,False,101.0,BR-101,425.0,-21.001944,-41.132574,Reação tardia ou ineficiente do condutor,Colisão traseira,Com Vítimas Feridas,Pleno dia,Crescente,Sol,Simples,Reta,Não,0.0,0.0,1.0,1.0,5.0,0.0,2.0,6.0,SPRF-ES,DEL03-ES,UOP02-DEL03-ES,0,moderado
2025-12-27,10:20,2025-12-27 10:20:00,2025.0,12.0,sabado,10.0,manha,ES,VIANA,True,262.0,BR-262,17.4,-20.387947,-40.47644,Reação tardia ou ineficiente do condutor,Saída de leito carroçável,Sem Vítimas,Pleno dia,Crescente,Céu Claro,Simples,Reta,Sim,0.0,0.0,0.0,0.0,0.0,1.0,1.0,1.0,SPRF-ES,DEL01-ES,UOP01-DEL01-ES,0,baixo
2025-12-27,13:07,2025-12-27 13:07:00,2025.0,12.0,sabado,13.0,tarde,ES,FUNDAO,True,101.0,BR-101,233.0,-19.96677868,-40.40611824,Transitar na contramão,Colisão lateral sentido oposto,Com Vítimas Feridas,Pleno dia,Crescente,Céu Claro,Simples,Reta,Não,0.0,0.0,1.0,1.0,2.0,0.0,2.0,3.0,SPRF-ES,DEL02-ES,UOP01-DEL02-ES,0,moderado
2025-12-27,14:29,2025-12-27 14:29:00,2025.0,12.0,sabado,14.0,tarde,ES,JAGUARE,False,101.0,BR-101,96.0,-18.95408411,-39.98319626,Transitar na contramão,Colisão lateral sentido oposto,Com Vítimas Feridas,Pleno dia,Decrescente,Sol,Simples,Reta,Não,0.0,0.0,3.0,3.0,4.0,1.0,5.0,8.0,SPRF-ES,DEL04-ES,UOP02-DEL04-ES,0,moderado
2025-12-27,15:40,2025-12-27 15:40:00,2025.0,12.0,sabado,15.0,tarde,ES,VENDA NOVA DO IMIGRANTE,False,262.0,BR-262,110.0,-20.33626628,-41.18020244,Ultrapassagem Indevida,Colisão lateral mesmo sentido,Com Vítimas Feridas,Pleno dia,Decrescente,Céu Claro,Simples,Reta,Sim,0.0,0.0,1.0,1.0,1.0,0.0,2.0,2.0,SPRF-ES,DEL01-ES,UOP02-DEL01-ES,0,moderado
2025-12-27,19:40,2025-12-27 19:40:00,2025.0,12.0,sabado,19.0,noite,ES,CARIACICA,True,101.0,BR-101,290.0,-20.295508,-40.393688,Acessar a via sem observar a presença dos outros veículos,Colisão transversal,Com Vítimas Feridas,Plena Noite,Crescente,Céu Claro,Dupla,Reta;Aclive,Sim,0.0,1.0,1.0,2.0,1.0,0.0,2.0,3.0,SPRF-ES,DEL01-ES,UOP01-DEL01-ES,1,grave
2025-12-27,21:20,2025-12-27 21:20:00,2025.0,12.0,sabado,21.0,noite,ES,SERRA,True,101.0,BR-101,260.6,-20.147885,-40.280023,Reação tardia ou ineficiente do condutor,Colisão traseira,Com Vítimas Feridas,Plena Noite,Decrescente,Céu Claro,Simples,Curva,Sim,0.0,0.0,3.0,3.0,0.0,1.0,2.0,4.0,SPRF-ES,DEL02-ES,UOP01-DEL02-ES,0,moderado
2025-12-28,08:15,2025-12-28 08:15:00,2025.0,12.0,domingo,8.0,manha,ES,SERRA,True,101.0,BR-101,267.8,-20.20705,-40.26941,Reação tardia ou ineficiente do condutor,Colisão transversal,Com Vítimas Feridas,Pleno dia,Crescente,Céu Claro,Dupla,Interseção de Vias;Reta,Sim,0.0,1.0,0.0,1.0,3.0,0.0,2.0,4.0,SPRF-ES,DEL02-ES,UOP01-DEL02-ES,1,grave
2025-12-28,08:30,2025-12-28 08:30:00,2025.0,12.0,domingo,8.0,manha,ES,BAIXO GUANDU,False,259.0,BR-259,100.4,-19.521463,-41.015331,Condutor deixou de manter distância do veículo da frente,Colisão traseira,Com Vítimas Feridas,Pleno dia,Crescente,Sol,Múltipla,Reta,Sim,0.0,0.0,1.0,1.0,2.0,0.0,2.0,3.0,SPRF-ES,DEL02-ES,UOP01-DEL02-ES,0,moderado
2025-12-28,09:00,2025-12-28 09:00:00,2025.0,12.0,domingo,9.0,manha,ES,IRUPI,False,262.0,BR-262,170.9,-20.29640304,-41.70220323,Acessar a via sem observar a presença dos outros veículos,Colisão transversal,Com Vítimas Feridas,Pleno dia,Crescente,Céu Claro,Simples,Declive;Reta,Não,0.0,2.0,1.0,3.0,3.0,0.0,2.0,6.0,SPRF-ES,DEL01-ES,UOP02-DEL01-ES,1,grave
2025-12-28,13:30,2025-12-28 13:30:00,2025.0,12.0,domingo,13.0,tarde,ES,IBATIBA,False,262.0,BR-262,163.4,-20.239873,-41.545967,Demais falhas mecânicas ou elétricas,Colisão lateral sentido oposto,Sem Vítimas,Pleno dia,Crescente,Céu Claro,Simples,Declive;Curva,Não,0.0,0.0,0.0,0.0,3.0,0.0,3.0,3.0,SPRF-ES,DEL01-ES,UOP02-DEL01-ES,0,baixo
2025-12-28,16:00,2025-12-28 16:00:00,2025.0,12.0,domingo,16.0,tarde,ES,RIO NOVO DO SUL,False,101.0,BR-101,392.0,-20.865053,-40.902391,Ausência de reação do condutor,Saída de leito carroçável,Com Vítimas Feridas,Pleno dia,Crescente,Céu Claro,Simples,Curva,Não,0.0,0.0,1.0,1.0,0.0,0.0,1.0,1.0,SPRF-ES,DEL03-ES,UOP02-DEL03-ES,0,moderado
2025-12-28,19:10,2025-12-28 19:10:00,2025.0,12.0,domingo,19.0,noite,ES,SERRA,True,101.0,BR-101,18.0,-20.21789,-40.3374,Reação tardia ou ineficiente do condutor,Tombamento,Com Vítimas Feridas,Plena Noite,Crescente,Céu Claro,Dupla,Curva;Retorno Regulamentado;Declive,Sim,0.0,1.0,1.0,2.0,0.0,0.0,1.0,2.0,SPRF-ES,DEL02-ES,UOP01-DEL02-ES,1,grave
2025-12-28,21:50,2025-12-28 21:50:00,2025.0,12.0,domingo,21.0,noite,ES,BREJETUBA,False,262.0,BR-262,152.8,-20.2537625,-41.32168293,Acessar a via sem observar a presença dos outros veículos,Colisão transversal,Com Vítimas Feridas,Plena Noite,Crescente,Céu Claro,Simples,Reta,Não,0.0,1.0,0.0,1.0,1.0,0.0,2.0,2.0,SPRF-ES,DEL01-ES,UOP02-DEL01-ES,1,grave
2025-12-29,03:00,2025-12-29 03:00:00,2025.0,12.0,segunda,3.0,madrugada,ES,IBATIBA,False,262.0,BR-262,148.2,-20.214575,-41.426832,Pista esburacada,Tombamento,Com Vítimas Feridas,Plena Noite,Crescente,Nublado,Simples,Declive;Curva,Não,0.0,0.0,1.0,1.0,0.0,0.0,1.0,1.0,SPRF-ES,DEL01-ES,UOP02-DEL01-ES,0,moderado
2025-12-29,06:30,2025-12-29 06:30:00,2025.0,12.0,segunda,6.0,manha,ES,LINHARES,False,101.0,BR-101,161.2,-19.48686451,-40.12342483,Acessar a via sem observar a presença dos outros veículos,Colisão transversal,Com Vítimas Feridas,Pleno dia,Crescente,Céu Claro,Simples,Reta,Não,0.0,2.0,0.0,2.0,0.0,0.0,2.0,2.0,SPRF-ES,DEL04-ES,UOP01-DEL04-ES,1,grave
2025-12-29,06:50,2025-12-29 06:50:00,2025.0,12.0,segunda,6.0,manha,ES,VIANA,True,262.0,BR-262,22.5,-20.37496802,-40.51571285,Animais na Pista,Atropelamento de Animal,Com Vítimas Feridas,Pleno dia,Decrescente,Céu Claro,Simples,Reta;Aclive,Não,0.0,0.0,1.0,1.0,0.0,0.0,1.0,1.0,SPRF-ES,DEL01-ES,UOP01-DEL01-ES,0,moderado
2025-12-29,07:45,2025-12-29 07:45:00,2025.0,12.0,segunda,7.0,manha,ES,SERRA,True,101.0,BR-101,259.0,-20.14082788,-40.29217556,Frear bruscamente,Colisão frontal,Com Vítimas Feridas,Pleno dia,Crescente,Céu Claro,Simples,Reta;Declive,Sim,0.0,0.0,2.0,2.0,1.0,0.0,2.0,3.0,SPRF-ES,DEL02-ES,UOP01-DEL02-ES,0,moderado
2025-12-29,10:00,2025-12-29 10:00:00,2025.0,12.0,segunda,10.0,manha,ES,VIANA,True,101.0,BR-101,304.4,-20.38221948,-40.45836417,Condutor deixou de manter distância do veículo da frente,Colisão traseira,Com Vítimas Feridas,Pleno dia,Decrescente,Céu Claro,Dupla,Reta,Sim,0.0,0.0,1.0,1.0,2.0,0.0,2.0,3.0,SPRF-ES,DEL01-ES,UOP01-DEL01-ES,0,moderado
2025-12-29,11:16,2025-12-29 11:16:00,2025.0,12.0,segunda,11.0,manha,ES,SERRA,True,101.0,BR-101,259.0,-20.1458838,-40.28926849,Reação tardia ou ineficiente do condutor,Colisão com objeto,Com Vítimas Feridas,Pleno dia,Crescente,Céu Claro,Dupla,Reta,Não,0.0,1.0,0.0,1.0,0.0,0.0,1.0,1.0,SPRF-ES,DEL02-ES,UOP01-DEL02-ES,1,grave
2025-12-29,14:38,2025-12-29 14:38:00,2025.0,12.0,segunda,14.0,tarde,ES,SERRA,True,101.0,BR-101,262.0,-20.159438,-40.276222,Condutor desrespeitou a iluminação vermelha do semáforo,Colisão transversal,Com Vítimas Feridas,Pleno dia,Crescente,Céu Claro,Dupla,Retorno Regulamentado;Reta,Não,0.0,0.0,1.0,1.0,1.0,0.0,2.0,2.0,SPRF-ES,DEL02-ES,UOP01-DEL02-ES,0,moderado
2025-12-29,16:30,2025-12-29 16:30:00,2025.0,12.0,segunda,16.0,tarde,ES,LINHARES,False,101.0,BR-101,147.5,-19.38399161,-40.06749916,Acessar a via sem observar a presença dos outros veículos,Colisão traseira,Com Vítimas Feridas,Pleno dia,Crescente,Céu Claro,Dupla,Reta,Sim,0.0,0.0,1.0,1.0,1.0,0.0,2.0,2.0,SPRF-ES,DEL04-ES,UOP01-DEL04-ES,0,moderado
2025-12-29,18:50,2025-12-29 18:50:00,2025.0,12.0,segunda,18.0,noite,ES,SAO MATEUS,False,101.0,BR-101,57.0,-18.64902496,-39.8734173,Condutor deixou de manter distância do veículo da frente,Colisão traseira,Sem Vítimas,Anoitecer,Decrescente,Céu Claro,Simples,Reta,Não,0.0,0.0,0.0,0.0,6.0,0.0,2.0,6.0,SPRF-ES,DEL04-ES,UOP02-DEL04-ES,0,baixo
2025-12-29,20:15,2025-12-29 20:15:00,2025.0,12.0,segunda,20.0,noite,ES,VIANA,True,101.0,BR-101,298.0,-20.352752,-40.41464,Ausência de reação do condutor,Colisão traseira,Com Vítimas Feridas,Plena Noite,Decrescente,Céu Claro,Simples,Reta,Sim,0.0,0.0,1.0,1.0,2.0,0.0,2.0,3.0,SPRF-ES,DEL01-ES,UOP01-DEL01-ES,0,moderado
2025-12-30,06:10,2025-12-30 06:10:00,2025.0,12.0,terca,6.0,manha,ES,VIANA,True,101.0,BR-101,297.5,-20.35135114,-40.4134318,Manobra de mudança de faixa,Colisão traseira,Com Vítimas Feridas,Pleno dia,Crescente,Céu Claro,Dupla,Reta,Não,0.0,0.0,1.0,1.0,1.0,0.0,2.0,2.0,SPRF-ES,DEL01-ES,UOP01-DEL01-ES,0,moderado
2025-12-30,09:01,2025-12-30 09:01:00,2025.0,12.0,terca,9.0,manha,ES,JOAO NEIVA,False,101.0,BR-101,204.8,-19.75569886,-40.38003355,Ausência de reação do condutor,Colisão transversal,Com Vítimas Feridas,Pleno dia,Crescente,Céu Claro,Simples,Interseção de Vias,Sim,0.0,0.0,3.0,3.0,1.0,0.0,2.0,4.0,SPRF-ES,DEL02-ES,UOP01-DEL02-ES,0,moderado
2025-12-30,09:50,2025-12-30 09:50:00,2025.0,12.0,terca,9.0,manha,ES,MARECHAL FLORIANO,False,262.0,BR-262,66.0,-20.414075,-40.839181,Condutor deixou de manter distância do veículo da frente,Colisão traseira,Com Vítimas Feridas,Pleno dia,Decrescente,Sol,Simples,Reta,Não,0.0,0.0,1.0,1.0,2.0,0.0,2.0,3.0,SPRF-ES,DEL01-ES,UOP02-DEL01-ES,0,moderado
2025-12-30,11:50,2025-12-30 11:50:00,2025.0,12.0,terca,11.0,manha,ES,SAO MATEUS,False,101.0,BR-101,64.5,-18.71551015,-39.87595081,Manobra de mudança de faixa,Colisão traseira,Com Vítimas Feridas,Pleno dia,Decrescente,Céu Claro,Múltipla,Reta,Sim,0.0,1.0,1.0,2.0,1.0,0.0,2.0,3.0,SPRF-ES,DEL04-ES,UOP02-DEL04-ES,1,grave
2025-12-30,12:26,2025-12-30 12:26:00,2025.0,12.0,terca,12.0,tarde,ES,SERRA,True,101.0,BR-101,267.0,-20.19712602,-40.26845276,Pedestre andava na pista,Atropelamento de Pedestre,Com Vítimas Feridas,Pleno dia,Decrescente,Céu Claro,Múltipla,Reta,Sim,0.0,0.0,1.0,1.0,1.0,0.0,2.0,2.0,SPRF-ES,DEL02-ES,UOP01-DEL02-ES,0,moderado
2025-12-30,15:30,2025-12-30 15:30:00,2025.0,12.0,terca,15.0,tarde,ES,RIO NOVO DO SUL,False,101.0,BR-101,392.5,-20.866372,-40.9077499,Desrespeitar a preferência no cruzamento,Colisão transversal,Com Vítimas Feridas,Pleno dia,Decrescente,Sol,Simples,Interseção de Vias,Não,0.0,1.0,3.0,4.0,0.0,0.0,2.0,4.0,SPRF-ES,DEL03-ES,UOP02-DEL03-ES,1,grave
2025-12-30,18:30,2025-12-30 18:30:00,2025.0,12.0,terca,18.0,noite,ES,CARIACICA,True,101.0,BR-101,285.0,-20.2519082,-40.3732453,Transitar no Acostamento,Colisão lateral mesmo sentido,Com Vítimas Feridas,Anoitecer,Crescente,Céu Claro,Dupla,Retorno Regulamentado;Aclive;Reta,Sim,0.0,1.0,0.0,1.0,1.0,0.0,2.0,2.0,SPRF-ES,DEL01-ES,UOP01-DEL01-ES,1,grave
2025-12-31,03:03,2025-12-31 03:03:00,2025.0,12.0,quarta,3.0,madrugada,ES,CARIACICA,True,101.0,BR-101,297.0,-20.34646381,-40.41082311,Condutor Dormindo,Colisão com objeto,Com Vítimas Feridas,Plena Noite,Decrescente,Céu Claro,Dupla,Reta,Não,0.0,1.0,0.0,1.0,0.0,0.0,1.0,1.0,SPRF-ES,DEL01-ES,UOP01-DEL01-ES,1,grave
2025-12-31,07:00,2025-12-31 07:00:00,2025.0,12.0,quarta,7.0,manha,ES,LINHARES,False,101.0,BR-101,143.2,-19.34920966,-40.06353378,Condutor deixou de manter distância do veículo da frente,Queda de ocupante de veículo,Com Vítimas Feridas,Pleno dia,Crescente,Céu Claro,Múltipla,Reta,Sim,0.0,0.0,2.0,2.0,0.0,0.0,1.0,2.0,SPRF-ES,DEL04-ES,UOP01-DEL04-ES,0,moderado
2025-12-31,08:40,2025-12-31 08:40:00,2025.0,12.0,quarta,8.0,manha,ES,JAGUARE,False,101.0,BR-101,92.0,-18.97831576,-39.99004126,Condutor deixou de manter distância do veículo da frente,Colisão traseira,Com Vítimas Feridas,Pleno dia,Crescente,Sol,Simples,Reta,Não,0.0,1.0,0.0,1.0,0.0,1.0,2.0,2.0,SPRF-ES,DEL04-ES,UOP02-DEL04-ES,1,grave
2025-12-31,11:25,2025-12-31 11:25:00,2025.0,12.0,quarta,11.0,manha,ES,SERRA,True,0.0,BR-0,0.0,-20.19367,-40.266663,Reação tardia ou ineficiente do condutor,Colisão com objeto,Com Vítimas Feridas,Pleno dia,Não Informado,Céu Claro,Dupla,Reta,Sim,0.0,0.0,1.0,1.0,2.0,0.0,2.0,3.0,SPRF-ES,DEL02-ES,UOP01-DEL02-ES,0,moderado
2025-12-31,13:40,2025-12-31 13:40:00,2025.0,12.0,quarta,13.0,tarde,ES,LINHARES,False,101.0,BR-101,144.0,-19.35685855,-40.0640367,Ausência de reação do condutor,Tombamento,Sem Vítimas,Pleno dia,Crescente,Céu Claro,Simples,Reta,Sim,0.0,0.0,0.0,0.0,0.0,1.0,1.0,1.0,SPRF-ES,DEL04-ES,UOP01-DEL04-ES,0,baixo
2025-12-31,14:00,2025-12-31 14:00:00,2025.0,12.0,quarta,14.0,tarde,ES,SERRA,True,101.0,BR-101,268.0,-20.2042113,-40.26990892,Acessar a via sem observar a presença dos outros veículos,Colisão lateral mesmo sentido,Com Vítimas Feridas,Pleno dia,Decrescente,Céu Claro,Dupla,Reta,Sim,0.0,2.0,0.0,2.0,2.0,0.0,3.0,4.0,SPRF-ES,DEL02-ES,UOP01-DEL02-ES,1,grave
2025-12-31,06:20,2025-12-31 06:20:00,2025.0,12.0,quarta,6.0,manha,ES,SERRA,True,101.0,BR-101,257.0,-20.12374993,-40.30476843,Acesso irregular,Colisão lateral mesmo sentido,Com Vítimas Feridas,Amanhecer,Crescente,Céu Claro,Dupla,Reta,Não,0.0,0.0,2.0,2.0,0.0,1.0,2.0,3.0,SPRF-ES,DEL02-ES,UOP01-DEL02-ES,0,moderado
2025-12-31,16:40,2025-12-31 16:40:00,2025.0,12.0,quarta,16.0,tarde,ES,DOMINGOS MARTINS,False,262.0,BR-262,36.0,-20.382492,-40.603608,Ausência de reação do condutor,Colisão com objeto,Com Vítimas Feridas,Pleno dia,Crescente,Céu Claro,Simples,Curva;Declive,Não,0.0,2.0,0.0,2.0,0.0,0.0,1.0,2.0,SPRF-ES,DEL01-ES,UOP01-DEL01-ES,1,grave
2025-12-31,18:30,2025-12-31 18:30:00,2025.0,12.0,quarta,18.0,noite,ES,VIANA,True,101.0,BR-101,306.8,-20.39886917,-40.45636296,Acessar a via sem observar a presença dos outros veículos,Colisão traseira,Com Vítimas Feridas,Plena Noite,Crescente,Céu Claro,Dupla,Reta,Não,0.0,0.0,1.0,1.0,0.0,1.0,2.0,2.0,SPRF-ES,DEL01-ES,UOP01-DEL01-ES,0,moderado
2025-10-12,20:20,2025-10-12 20:20:00,2025.0,10.0,domingo,20.0,noite,ES,SAO MATEUS,False,101.0,BR-101,71.8,-18.76157071,-39.86353657,Frear bruscamente,Queda de ocupante de veículo,Com Vítimas Feridas,Plena Noite,Crescente,Céu Claro,Simples,Reta;Aclive,Não,0.0,1.0,0.0,1.0,0.0,0.0,1.0,1.0,SPRF-ES,DEL04-ES,UOP02-DEL04-ES,1,grave
2025-11-29,04:37,2025-11-29 04:37:00,2025.0,11.0,sabado,4.0,madrugada,ES,CONCEICAO DA BARRA,False,101.0,BR-101,32.4,-18.433644,-39.933722,Entrada inopinada do pedestre,Atropelamento de Pedestre,Com Vítimas Fatais,Amanhecer,Crescente,Nevoeiro/Neblina,Simples,Reta,Sim,1.0,0.0,0.0,0.0,1.0,0.0,2.0,2.0,SPRF-ES,DEL04-ES,UOP02-DEL04-ES,1,fatal
2025-10-17,14:40,2025-10-17 14:40:00,2025.0,10.0,sexta,14.0,tarde,ES,COLATINA,False,259.0,BR-259,57.0,-19.5114768,-40.6562701,Conversão proibida,Colisão transversal,Com Vítimas Feridas,Pleno dia,Decrescente,Sol,Simples,Interseção de Vias;Curva,Sim,0.0,0.0,1.0,1.0,0.0,1.0,2.0,2.0,SPRF-ES,DEL02-ES,UOP01-DEL02-ES,0,moderado
2025-11-28,16:19,2025-11-28 16:19:00,2025.0,11.0,sexta,16.0,tarde,ES,LINHARES,False,101.0,BR-101,145.5,-19.3664476,-40.0651644,Condutor deixou de manter distância do veículo da frente,Colisão traseira,Com Vítimas Feridas,Pleno dia,Decrescente,Céu Claro,Múltipla,Reta,Sim,0.0,0.0,1.0,1.0,1.0,0.0,2.0,2.0,SPRF-ES,DEL04-ES,UOP01-DEL04-ES,0,moderado
2025-12-26,20:23,2025-12-26 20:23:00,2025.0,12.0,sexta,20.0,noite,ES,PEDRO CANARIO,False,101.0,BR-101,15.2,-18.29541929,-39.9568646,Desrespeitar a preferência no cruzamento,Colisão transversal,Com Vítimas Feridas,Pleno dia,Decrescente,Céu Claro,Simples,Interseção de Vias;Reta,Não,0.0,1.0,1.0,2.0,2.0,0.0,2.0,4.0,SPRF-ES,DEL04-ES,UOP02-DEL04-ES,1,grave
2025-11-14,21:30,2025-11-14 21:30:00,2025.0,11.0,sexta,21.0,noite,ES,MARECHAL FLORIANO,False,262.0,BR-262,65.5,-20.41461771,-40.82680366,Pedestre - Ingestão de álcool/ substâncias psicoativas,Atropelamento de Pedestre,Com Vítimas Fatais,Plena Noite,Crescente,Céu Claro,Simples,Reta,Não,1.0,0.0,0.0,0.0,4.0,0.0,2.0,5.0,SPRF-ES,DEL01-ES,UOP02-DEL01-ES,1,fatal
2025-11-05,04:00,2025-11-05 04:00:00,2025.0,11.0,quarta,4.0,madrugada,ES,VILA VELHA,True,101.0,BR-101,295.1,-20.46478424,-40.46530724,Ingestão de álcool pelo condutor,Colisão com objeto,Com Vítimas Feridas,Plena Noite,Crescente,Nublado,Múltipla,Reta,Não,0.0,1.0,0.0,1.0,0.0,0.0,1.0,1.0,SPRF-ES,DEL01-ES,UOP01-DEL01-ES,1,grave
2025-11-02,23:58,2025-11-02 23:58:00,2025.0,11.0,domingo,23.0,noite,ES,SERRA,True,101.0,BR-101,270.3,-20.22987,-40.2726,Ausência de reação do condutor,Colisão transversal,Com Vítimas Feridas,Plena Noite,Decrescente,Céu Claro,Dupla,Reta;Interseção de Vias,Sim,0.0,1.0,0.0,1.0,1.0,0.0,2.0,2.0,SPRF-ES,DEL02-ES,UOP01-DEL02-ES,1,grave