data,hora,data_hora,ano,mes,dia_semana,hora_dia,periodo_dia,uf,municipio,regiao_grande_vitoria,rodovia,rodovia_label,km,latitude,longitude,causa,tipo_acidente,classificacao,fase_dia,sentido_via,condicao_metereologica,tipo_pista,tracado_via,uso_solo,mortos,feridos_graves,feridos_leves,feridos,ilesos,ignorados,veiculos,pessoas,regional,delegacia,uop,risco_alto,nivel_risco
2025-01-03,05:03,2025-01-03 05:03:00,2025.0,1.0,sexta,5.0,madrugada,ES,CARIACICA,True,101.0,BR-101,294.5,-20.32415948,-40.3952903,Ausência de reação do condutor,Engavetamento,Com Vítimas Feridas,Amanhecer,Crescente,Nublado,Dupla,Aclive;Reta,Sim,0.0,1.0,0.0,1.0,2.0,4.0,7.0,4.0,SPRF-ES,DEL01-ES,UOP01-DEL01-ES,1,grave
2025-01-03,17:00,2025-01-03 17:00:00,2025.0,1.0,sexta,17.0,tarde,ES,VIANA,True,101.0,BR-101,301.0,-20.36825561,-40.44406414,Demais falhas mecânicas ou elétricas,Colisão traseira,Com Vítimas Feridas,Pleno dia,Crescente,Nublado,Dupla,Aclive;Retorno Regulamentado,Sim,0.0,0.0,1.0,1.0,2.0,3.0,6.0,4.0,SPRF-ES,DEL01-ES,UOP01-DEL01-ES,0,moderado
2025-01-03,17:30,2025-01-03 17:30:00,2025.0,1.0,sexta,17.0,tarde,ES,CARIACICA,True,101.0,BR-101,291.8,-20.29755744,-40.39445616,Manobra de mudança de faixa,Colisão traseira,Com Vítimas Feridas,Plena Noite,Decrescente,Ignorado,Dupla,Reta,Não,0.0,0.0,1.0,1.0,1.0,1.0,3.0,3.0,SPRF-ES,DEL01-ES,UOP01-DEL01-ES,0,moderado
2025-01-15,05:30,2025-01-15 05:30:00,2025.0,1.0,quarta,5.0,madrugada,ES,GUARAPARI,True,101.0,BR-101,321.4,-20.520908,-40.478306,Problema com o freio,Saída de leito carroçável,Com Vítimas Feridas,Amanhecer,Decrescente,Chuva,Dupla,Curva;Declive,Não,0.0,1.0,0.0,1.0,0.0,1.0,2.0,2.0,SPRF-ES,DEL03-ES,UOP01-DEL03-ES,1,grave
2025-01-16,22:10,2025-01-16 22:10:00,2025.0,1.0,quinta,22.0,noite,ES,GUARAPARI,True,101.0,BR-101,330.0,-20.5929953,-40.50133975,Ingestão de álcool pelo condutor,Colisão lateral mesmo sentido,Sem Vítimas,Plena Noite,Crescente,Nublado,Simples,Reta,Não,0.0,0.0,0.0,0.0,2.0,1.0,3.0,3.0,SPRF-ES,DEL03-ES,UOP01-DEL03-ES,0,baixo
2025-01-21,02:30,2025-01-21 02:30:00,2025.0,1.0,terca,2.0,madrugada,ES,VIANA,True,101.0,BR-101,309.0,-20.417,-40.45984911,Velocidade Incompatível,Colisão traseira,Com Vítimas Feridas,Plena Noite,Crescente,Céu Claro,Dupla,Reta,Não,0.0,1.0,0.0,1.0,2.0,3.0,6.0,4.0,SPRF-ES,DEL01-ES,UOP01-DEL01-ES,1,grave
2025-01-24,21:21,2025-01-24 21:21:00,2025.0,1.0,sexta,21.0,noite,ES,SERRA,True,101.0,BR-101,263.0,-20.16554736,-40.27301648,Frear bruscamente,Colisão com objeto,Com Vítimas Feridas,Plena Noite,Decrescente,Céu Claro,Dupla,Reta;Declive,Não,0.0,0.0,1.0,1.0,1.0,0.0,1.0,2.0,SPRF-ES,DEL02-ES,UOP01-DEL02-ES,0,moderado
2025-01-28,21:15,2025-01-28 21:15:00,2025.0,1.0,terca,21.0,noite,ES,CARIACICA,True,101.0,BR-101,293.8,-20.31526144,-40.39567044,Condutor deixou de manter distância do veículo da frente,Colisão lateral mesmo sentido,Com Vítimas Feridas,Plena Noite,Crescente,Nublado,Múltipla,Curva,Sim,0.0,0.0,1.0,1.0,1.0,1.0,3.0,3.0,SPRF-ES,DEL01-ES,UOP01-DEL01-ES,0,moderado
2025-01-31,06:27,2025-01-31 06:27:00,2025.0,1.0,sexta,6.0,manha,ES,SERRA,True,101.0,BR-101,269.0,-20.21740496,-40.26990578,Acessar a via sem observar a presença dos outros veículos,Colisão lateral mesmo sentido,Sem Vítimas,Pleno dia,Decrescente,Céu Claro,Simples,Reta,Não,0.0,0.0,0.0,0.0,0.0,2.0,2.0,2.0,SPRF-ES,DEL02-ES,UOP01-DEL02-ES,0,baixo
2025-02-03,08:00,2025-02-03 08:00:00,2025.0,2.0,segunda,8.0,manha,ES,FUNDAO,True,101.0,BR-101,232.1,-19.95224103,-40.40879816,Reação tardia ou ineficiente do condutor,Colisão com objeto,Com Vítimas Feridas,Pleno dia,Crescente,Céu Claro,Simples,Reta,Não,0.0,0.0,1.0,1.0,0.0,1.0,2.0,2.0,SPRF-ES,DEL02-ES,UOP01-DEL02-ES,0,moderado
2025-02-04,18:48,2025-02-04 18:48:00,2025.0,2.0,terca,18.0,noite,ES,SERRA,True,101.0,BR-101,270.5,-20.22662056,-40.27075088,Acessar a via sem observar a presença dos outros veículos,Colisão traseira,Com Vítimas Feridas,Anoitecer,Decrescente,Céu Claro,Dupla,Interseção de Vias,Sim,0.0,1.0,0.0,1.0,1.0,3.0,5.0,3.0,SPRF-ES,DEL02-ES,UOP01-DEL02-ES,1,grave
2025-02-08,14:00,2025-02-08 14:00:00,2025.0,2.0,sabado,14.0,tarde,ES,CARIACICA,True,101.0,BR-101,294.0,-20.32415948,-40.3952903,Velocidade Incompatível,Colisão traseira,Com Vítimas Feridas,Pleno dia,Decrescente,Sol,Múltipla,Declive,Sim,0.0,0.0,7.0,7.0,6.0,2.0,12.0,14.0,SPRF-ES,DEL01-ES,UOP01-DEL01-ES,0,moderado
2025-02-09,16:15,2025-02-09 16:15:00,2025.0,2.0,domingo,16.0,tarde,ES,GUARAPARI,True,101.0,BR-101,334.8,-20.626408,-40.526082,Acessar a via sem observar a presença dos outros veículos,Colisão traseira,Com Vítimas Feridas,Pleno dia,Decrescente,Céu Claro,Dupla,Reta,Não,0.0,0.0,4.0,4.0,1.0,1.0,3.0,6.0,SPRF-ES,DEL03-ES,UOP01-DEL03-ES,0,moderado
2025-02-10,06:40,2025-02-10 06:40:00,2025.0,2.0,segunda,6.0,manha,ES,SERRA,True,101.0,BR-101,276.4,-20.20788726,-40.3133509,Acessar a via sem observar a presença dos outros veículos,Colisão transversal,Com Vítimas Feridas,Pleno dia,Crescente,Céu Claro,Dupla,Retorno Regulamentado;Reta,Não,0.0,0.0,1.0,1.0,1.0,1.0,3.0,3.0,SPRF-ES,DEL02-ES,UOP01-DEL02-ES,0,moderado
2025-02-10,16:30,2025-02-10 16:30:00,2025.0,2.0,segunda,16.0,tarde,ES,CARIACICA,True,101.0,BR-101,284.8,-20.24334991,-40.3696926,Reação tardia ou ineficiente do condutor,Colisão traseira,Com Vítimas Feridas,Pleno dia,Crescente,Céu Claro,Dupla,Reta,Não,0.0,0.0,2.0,2.0,3.0,0.0,2.0,5.0,SPRF-ES,DEL01-ES,UOP01-DEL01-ES,0,moderado
2025-02-13,09:19,2025-02-13 09:19:00,2025.0,2.0,quinta,9.0,manha,ES,CARIACICA,True,101.0,BR-101,291.9,-20.29755744,-40.39445616,Desrespeitar a preferência no cruzamento,Colisão transversal,Com Vítimas Feridas,Pleno dia,Crescente,Céu Claro,Dupla,Retorno Regulamentado;Reta,Sim,0.0,1.0,0.0,1.0,2.0,0.0,2.0,3.0,SPRF-ES,DEL01-ES,UOP01-DEL01-ES,1,grave
2025-02-17,10:00,2025-02-17 10:00:00,2025.0,2.0,segunda,10.0,manha,ES,SERRA,True,101.0,BR-101,265.0,-20.1816849,-40.26536036,Manobra de mudança de faixa,Colisão lateral mesmo sentido,Sem Vítimas,Pleno dia,Decrescente,Céu Claro,Múltipla,Reta,Sim,0.0,0.0,0.0,0.0,2.0,0.0,2.0,2.0,SPRF-ES,DEL02-ES,UOP01-DEL02-ES,0,baixo
2025-02-17,12:05,2025-02-17 12:05:00,2025.0,2.0,segunda,12.0,tarde,ES,FUNDAO,True,101.0,BR-101,232.7,-19.95224103,-40.40879816,Transitar na contramão,Colisão frontal,Com Vítimas Feridas,Pleno dia,Crescente,Céu Claro,Múltipla,Reta,Não,0.0,0.0,2.0,2.0,2.0,0.0,4.0,4.0,SPRF-ES,DEL02-ES,UOP01-DEL02-ES,0,moderado
2025-02-18,07:13,2025-02-18 07:13:00,2025.0,2.0,terca,7.0,manha,ES,SERRA,True,101.0,BR-101,264.0,-20.17292791,-40.26736384,Trafegar com motocicleta (ou similar) entre as faixas,Engavetamento,Com Vítimas Feridas,Pleno dia,Crescente,Céu Claro,Dupla,Reta,Sim,0.0,0.0,2.0,2.0,2.0,0.0,4.0,4.0,SPRF-ES,DEL02-ES,UOP01-DEL02-ES,0,moderado
2025-02-19,08:50,2025-02-19 08:50:00,2025.0,2.0,quarta,8.0,manha,ES,CARIACICA,True,262.0,BR-262,0.5,-20.320793,-40.353315,Condutor deixou de manter distância do veículo da frente,Colisão traseira,Com Vítimas Feridas,Pleno dia,Crescente,Céu Claro,Dupla,Ponte;Reta,Não,0.0,0.0,1.0,1.0,2.0,0.0,3.0,3.0,SPRF-ES,DEL01-ES,UOP01-DEL01-ES,0,moderado
2025-02-19,17:20,2025-02-19 17:20:00,2025.0,2.0,quarta,17.0,tarde,ES,VIANA,True,101.0,BR-101,304.4,-20.3800645,-40.45431391,Ausência de reação do condutor,Colisão traseira,Com Vítimas Feridas,Pleno dia,Decrescente,Sol,Dupla,Reta,Não,0.0,0.0,1.0,1.0,0.0,1.0,2.0,2.0,SPRF-ES,DEL01-ES,UOP01-DEL01-ES,0,moderado
2025-02-20,20:59,2025-02-20 20:59:00,2025.0,2.0,quinta,20.0,noite,ES,VITORIA,True,101.0,BR-101,14.0,-20.2604544,-40.2980864,Reação tardia ou ineficiente do condutor,Colisão traseira,Com Vítimas Feridas,Plena Noite,Decrescente,Céu Claro,Dupla,Reta,Não,0.0,0.0,1.0,1.0,0.0,1.0,2.0,2.0,SPRF-ES,DEL04-ES,UOP02-DEL04-ES,0,moderado
2025-02-21,04:40,2025-02-21 04:40:00,2025.0,2.0,sexta,4.0,madrugada,ES,SERRA,True,101.0,BR-101,264.0,-20.17292791,-40.26736384,Condutor desrespeitou a iluminação vermelha do semáforo,Colisão transversal,Com Vítimas Feridas,Amanhecer,Decrescente,Sol,Dupla,Reta;Interseção de Vias,Sim,0.0,0.0,1.0,1.0,1.0,0.0,2.0,2.0,SPRF-ES,DEL02-ES,UOP01-DEL02-ES,0,moderado
2025-02-24,19:50,2025-02-24 19:50:00,2025.0,2.0,segunda,19.0,noite,ES,CARIACICA,True,101.0,BR-101,286.0,-20.2577618,-40.3774027,Pista Escorregadia,Saída de leito carroçável,Com Vítimas Feridas,Plena Noite,Crescente,Nublado,Dupla,Curva;Declive,Sim,0.0,0.0,1.0,1.0,0.0,1.0,2.0,2.0,SPRF-ES,DEL01-ES,UOP01-DEL01-ES,0,moderado
2025-02-25,10:45,2025-02-25 10:45:00,2025.0,2.0,terca,10.0,manha,ES,GUARAPARI,True,101.0,BR-101,340.8,-20.650432,-40.570847,Manobra de mudança de faixa,Colisão traseira,Com Vítimas Feridas,Pleno dia,Decrescente,Sol,Dupla,Reta,Não,0.0,1.0,1.0,2.0,1.0,2.0,4.0,4.0,SPRF-ES,DEL03-ES,UOP01-DEL03-ES,1,grave
2025-01-20,13:10,2025-01-20 13:10:00,2025.0,1.0,segunda,13.0,tarde,ES,SERRA,True,101.0,BR-101,278.2,-20.21698365,-40.32974606,Condutor deixou de manter distância do veículo da frente,Colisão traseira,Sem Vítimas,Pleno dia,Crescente,Sol,Dupla,Reta,Não,0.0,0.0,0.0,0.0,2.0,2.0,4.0,3.0,SPRF-ES,DEL02-ES,UOP01-DEL02-ES,0,baixo
2025-02-28,06:30,2025-02-28 06:30:00,2025.0,2.0,sexta,6.0,manha,ES,CARIACICA,True,101.0,BR-101,283.9,-20.24403965,-40.36985958,Ingestão de álcool pelo condutor,Engavetamento,Com Vítimas Feridas,Pleno dia,Decrescente,Sol,Múltipla,Aclive;Reta,Não,0.0,0.0,1.0,1.0,3.0,2.0,6.0,6.0,SPRF-ES,DEL01-ES,UOP01-DEL01-ES,0,moderado
2025-02-28,12:00,2025-02-28 12:00:00,2025.0,2.0,sexta,12.0,tarde,ES,CARIACICA,True,101.0,BR-101,289.0,-20.28835907,-40.39202213,Ausência de reação do condutor,Engavetamento,Com Vítimas Feridas,Pleno dia,Decrescente,Céu Claro,Dupla,Reta,Sim,0.0,1.0,0.0,1.0,8.0,2.0,11.0,11.0,SPRF-ES,DEL01-ES,UOP01-DEL01-ES,1,grave
2025-01-16,12:20,2025-01-16 12:20:00,2025.0,1.0,quinta,12.0,tarde,ES,SERRA,True,101.0,BR-101,272.0,-20.2159533,-40.2937106,Reação tardia ou ineficiente do condutor,Colisão traseira,Com Vítimas Feridas,Pleno dia,Crescente,Céu Claro,Dupla,Reta,Não,0.0,0.0,1.0,1.0,0.0,1.0,2.0,2.0,SPRF-ES,DEL02-ES,UOP01-DEL02-ES,0,moderado
2025-03-02,00:15,2025-03-02 00:15:00,2025.0,3.0,domingo,0.0,madrugada,ES,CARIACICA,True,101.0,BR-101,289.3,-20.28476714,-40.39270654,Condutor deixou de manter distância do veículo da frente,Colisão traseira,Com Vítimas Feridas,Plena Noite,Decrescente,Nublado,Dupla,Declive;Reta,Não,0.0,0.0,1.0,1.0,1.0,1.0,3.0,3.0,SPRF-ES,DEL01-ES,UOP01-DEL01-ES,0,moderado
2025-03-05,19:40,2025-03-05 19:40:00,2025.0,3.0,quarta,19.0,noite,ES,SERRA,True,101.0,BR-101,14.0,-20.19630937,-40.33422947,Iluminação deficiente,Tombamento,Com Vítimas Feridas,Plena Noite,Crescente,Nublado,Dupla,Reta,Não,0.0,0.0,1.0,1.0,0.0,1.0,2.0,2.0,SPRF-ES,DEL02-ES,UOP01-DEL02-ES,0,moderado
2025-03-08,09:55,2025-03-08 09:55:00,2025.0,3.0,sabado,9.0,manha,ES,SERRA,True,101.0,BR-101,268.0,-20.0488474,-40.3866959,Acessar a via sem observar a presença dos outros veículos,Colisão lateral mesmo sentido,Com Vítimas Feridas,Pleno dia,Crescente,Céu Claro,Dupla,Retorno Regulamentado,Sim,0.0,0.0,1.0,1.0,0.0,1.0,2.0,2.0,SPRF-ES,DEL02-ES,UOP01-DEL02-ES,0,moderado
2025-03-08,10:47,2025-03-08 10:47:00,2025.0,3.0,sabado,10.0,manha,ES,CARIACICA,True,101.0,BR-101,288.9,-20.27907962,-40.39276069,Condutor deixou de manter distância do veículo da frente,Colisão traseira,Sem Vítimas,Pleno dia,Crescente,Nublado,Simples,Reta,Sim,0.0,0.0,0.0,0.0,3.0,1.0,4.0,4.0,SPRF-ES,DEL01-ES,UOP01-DEL01-ES,0,baixo
2025-03-11,07:40,2025-03-11 07:40:00,2025.0,3.0,terca,7.0,manha,ES,CARIACICA,True,101.0,BR-101,288.0,-20.2768,-40.392579,Reação tardia ou ineficiente do condutor,Engavetamento,Com Vítimas Feridas,Pleno dia,Decrescente,Céu Claro,Dupla,Reta,Não,0.0,0.0,1.0,1.0,1.0,3.0,4.0,5.0,SPRF-ES,DEL01-ES,UOP01-DEL01-ES,0,moderado
2025-01-18,08:45,2025-01-18 08:45:00,2025.0,1.0,sabado,8.0,manha,ES,SERRA,True,101.0,BR-101,249.8,-20.07371936,-40.35345531,Transitar na contramão,Colisão frontal,Com Vítimas Feridas,Pleno dia,Crescente,Sol,Simples,Curva,Não,0.0,1.0,1.0,2.0,2.0,1.0,3.0,5.0,SPRF-ES,DEL02-ES,UOP01-DEL02-ES,1,grave
2025-03-12,07:00,2025-03-12 07:00:00,2025.0,3.0,quarta,7.0,manha,ES,VIANA,True,101.0,BR-101,301.0,-20.367431,-40.443776,Condutor deixou de manter distância do veículo da frente,Colisão lateral mesmo sentido,Com Vítimas Feridas,Pleno dia,Crescente,Sol,Dupla,Reta,Sim,0.0,0.0,1.0,1.0,1.0,1.0,3.0,3.0,SPRF-ES,DEL01-ES,UOP01-DEL01-ES,0,moderado
2025-03-12,06:47,2025-03-12 06:47:00,2025.0,3.0,quarta,6.0,manha,ES,SERRA,True,101.0,BR-101,270.4,-20.2293733,-40.2722316,Manobra de mudança de faixa,Colisão lateral mesmo sentido,Com Vítimas Feridas,Amanhecer,Crescente,Céu Claro,Dupla,Reta,Sim,0.0,0.0,1.0,1.0,2.0,1.0,4.0,4.0,SPRF-ES,DEL02-ES,UOP01-DEL02-ES,0,moderado
2025-03-12,11:30,2025-03-12 11:30:00,2025.0,3.0,quarta,11.0,manha,ES,SERRA,True,101.0,BR-101,242.0,-20.03920158,-40.39311167,Reação tardia ou ineficiente do condutor,Colisão traseira,Com Vítimas Fatais,Pleno dia,Crescente,Céu Claro,Simples,Aclive;Reta,Não,1.0,0.0,0.0,0.0,1.0,0.0,2.0,2.0,SPRF-ES,DEL02-ES,UOP01-DEL02-ES,1,fatal
2025-03-14,12:40,2025-03-14 12:40:00,2025.0,3.0,sexta,12.0,tarde,ES,VIANA,True,101.0,BR-101,304.6,-20.38273239,-40.45921141,Reação tardia ou ineficiente do condutor,Colisão traseira,Com Vítimas Feridas,Pleno dia,Crescente,Céu Claro,Dupla,Reta,Sim,0.0,0.0,1.0,1.0,1.0,1.0,3.0,3.0,SPRF-ES,DEL01-ES,UOP01-DEL01-ES,0,moderado
2025-03-14,19:26,2025-03-14 19:26:00,2025.0,3.0,sexta,19.0,noite,ES,GUARAPARI,True,101.0,BR-101,350.0,-20.65845412,-40.61351978,Reação tardia ou ineficiente do condutor,Saída de leito carroçável,Com Vítimas Feridas,Plena Noite,Crescente,Céu Claro,Dupla,Reta,Não,0.0,0.0,1.0,1.0,0.0,0.0,1.0,1.0,SPRF-ES,DEL03-ES,UOP01-DEL03-ES,0,moderado
2025-03-15,04:45,2025-03-15 04:45:00,2025.0,3.0,sabado,4.0,madrugada,ES,SERRA,True,101.0,BR-101,246.1,-20.0647545,-40.37611932,Condutor Dormindo,Colisão com objeto,Com Vítimas Feridas,Plena Noite,Decrescente,Ignorado,Simples,Reta,Não,0.0,0.0,1.0,1.0,0.0,1.0,2.0,2.0,SPRF-ES,DEL02-ES,UOP01-DEL02-ES,0,moderado
2025-03-15,11:10,2025-03-15 11:10:00,2025.0,3.0,sabado,11.0,manha,ES,SERRA,True,262.0,BR-262,52.0,-20.054016,-40.3800064,Transitar na contramão,Colisão frontal,Com Vítimas Feridas,Pleno dia,Crescente,Céu Claro,Simples,Reta,Sim,0.0,0.0,1.0,1.0,1.0,0.0,2.0,2.0,SPRF-ES,DEL01-ES,UOP01-DEL01-ES,0,moderado
2025-03-16,20:00,2025-03-16 20:00:00,2025.0,3.0,domingo,20.0,noite,ES,CARIACICA,True,101.0,BR-101,286.0,-20.259985,-40.377721,Acessar a via sem observar a presença dos outros veículos,Colisão traseira,Com Vítimas Fatais,Plena Noite,Decrescente,Céu Claro,Dupla,Curva;Declive,Não,1.0,0.0,0.0,0.0,1.0,1.0,3.0,3.0,SPRF-ES,DEL01-ES,UOP01-DEL01-ES,1,fatal
2025-03-17,00:05,2025-03-17 00:05:00,2025.0,3.0,segunda,0.0,madrugada,ES,SERRA,True,101.0,BR-101,269.0,-20.221995,-40.27005167,Ausência de reação do condutor,Colisão transversal,Com Vítimas Feridas,Plena Noite,Crescente,Nublado,Dupla,Interseção de Vias,Não,0.0,1.0,0.0,1.0,1.0,2.0,4.0,4.0,SPRF-ES,DEL02-ES,UOP01-DEL02-ES,1,grave
2025-03-17,16:40,2025-03-17 16:40:00,2025.0,3.0,segunda,16.0,tarde,ES,SERRA,True,101.0,BR-101,269.0,-20.22333269,-40.27030941,Reação tardia ou ineficiente do condutor,Colisão traseira,Com Vítimas Feridas,Pleno dia,Decrescente,Nublado,Múltipla,Reta,Sim,0.0,1.0,0.0,1.0,1.0,0.0,2.0,2.0,SPRF-ES,DEL02-ES,UOP01-DEL02-ES,1,grave
2025-01-13,05:37,2025-01-13 05:37:00,2025.0,1.0,segunda,5.0,madrugada,ES,GUARAPARI,True,101.0,BR-101,321.7,-20.52517057,-40.48003793,Ausência de reação do condutor,Colisão traseira,Com Vítimas Feridas,Amanhecer,Decrescente,Chuva,Dupla,Declive;Reta,Não,0.0,0.0,9.0,9.0,1.0,0.0,2.0,10.0,SPRF-ES,DEL03-ES,UOP01-DEL03-ES,0,moderado
2025-03-19,06:40,2025-03-19 06:40:00,2025.0,3.0,quarta,6.0,manha,ES,FUNDAO,True,101.0,BR-101,236.1,-19.987038,-40.414078,Reação tardia ou ineficiente do condutor,Colisão traseira,Com Vítimas Fatais,Pleno dia,Decrescente,Céu Claro,Simples,Reta,Não,1.0,0.0,0.0,0.0,1.0,0.0,2.0,2.0,SPRF-ES,DEL02-ES,UOP01-DEL02-ES,1,fatal
2025-03-19,21:20,2025-03-19 21:20:00,2025.0,3.0,quarta,21.0,noite,ES,FUNDAO,True,101.0,BR-101,238.5,-20.00638,-40.411482,Desvio temporário,Colisão transversal,Com Vítimas Feridas,Plena Noite,Crescente,Céu Claro,Simples,Interseção de Vias;Curva;Desvio Temporário;Em Obras,Sim,0.0,1.0,0.0,1.0,1.0,1.0,3.0,3.0,SPRF-ES,DEL02-ES,UOP01-DEL02-ES,1,grave
2025-03-20,02:05,2025-03-20 02:05:00,2025.0,3.0,quinta,2.0,madrugada,ES,FUNDAO,True,101.0,BR-101,237.9,-20.002867,-40.413152,Reação tardia ou ineficiente do condutor,Colisão com objeto,Com Vítimas Fatais,Plena Noite,Decrescente,Chuva,Simples,Em Obras;Reta,Não,1.0,0.0,0.0,0.0,0.0,2.0,3.0,3.0,SPRF-ES,DEL02-ES,UOP01-DEL02-ES,1,fatal
2025-03-20,15:38,2025-03-20 15:38:00,2025.0,3.0,quinta,15.0,tarde,ES,CARIACICA,True,101.0,BR-101,294.0,-20.324742,-40.395789,Reação tardia ou ineficiente do condutor,Colisão com objeto,Com Vítimas Fatais,Pleno dia,Crescente,Nublado,Dupla,Reta;Declive,Não,1.0,1.0,1.0,2.0,1.0,2.0,5.0,5.0,SPRF-ES,DEL01-ES,UOP01-DEL01-ES,1,fatal
2025-03-21,20:05,2025-03-21 20:05:00,2025.0,3.0,sexta,20.0,noite,ES,VIANA,True,262.0,BR-262,27.5,-20.385008,-40.556622,Demais falhas mecânicas ou elétricas,Incêndio,Sem Vítimas,Plena Noite,Crescente,Céu Claro,Simples,Reta;Aclive,Não,0.0,0.0,0.0,0.0,1.0,0.0,1.0,1.0,SPRF-ES,DEL01-ES,UOP01-DEL01-ES,0,baixo
2025-03-24,06:30,2025-03-24 06:30:00,2025.0,3.0,segunda,6.0,manha,ES,SERRA,True,101.0,BR-101,261.3,-20.1514333,-40.278725,Manobra de mudança de faixa,Engavetamento,Com Vítimas Feridas,Amanhecer,Crescente,Céu Claro,Dupla,Reta;Aclive,Não,0.0,0.0,1.0,1.0,10.0,1.0,8.0,12.0,SPRF-ES,DEL02-ES,UOP01-DEL02-ES,0,moderado
2025-03-24,20:45,2025-03-24 20:45:00,2025.0,3.0,segunda,20.0,noite,ES,CARIACICA,True,101.0,BR-101,289.0,-20.27765256,-40.3925195,Entrada inopinada do pedestre,Atropelamento de Pedestre,Com Vítimas Feridas,Plena Noite,Decrescente,Nublado,Dupla,Reta,Sim,0.0,1.0,0.0,1.0,0.0,1.0,2.0,2.0,SPRF-ES,DEL01-ES,UOP01-DEL01-ES,1,grave
2025-03-25,18:00,2025-03-25 18:00:00,2025.0,3.0,terca,18.0,noite,ES,CARIACICA,True,101.0,BR-101,285.3,-20.2520592,-40.3729313,Acessar a via sem observar a presença dos outros veículos,Colisão lateral mesmo sentido,Com Vítimas Feridas,Anoitecer,Crescente,Céu Claro,Dupla,Retorno Regulamentado,Sim,0.0,1.0,0.0,1.0,1.0,1.0,3.0,3.0,SPRF-ES,DEL01-ES,UOP01-DEL01-ES,1,grave
2025-03-26,09:20,2025-03-26 09:20:00,2025.0,3.0,quarta,9.0,manha,ES,FUNDAO,True,101.0,BR-101,236.1,-19.96983296,-40.40698887,Demais falhas mecânicas ou elétricas,Colisão com objeto,Com Vítimas Feridas,Pleno dia,Crescente,Nublado,Simples,Curva,Não,0.0,1.0,1.0,2.0,1.0,0.0,2.0,3.0,SPRF-ES,DEL02-ES,UOP01-DEL02-ES,1,grave
2025-03-27,17:55,2025-03-27 17:55:00,2025.0,3.0,quinta,17.0,tarde,ES,CARIACICA,True,101.0,BR-101,290.5,-20.29494489,-40.39329529,Ausência de reação do condutor,Colisão traseira,Com Vítimas Fatais,Anoitecer,Decrescente,Céu Claro,Dupla,Reta,Sim,1.0,0.0,0.0,0.0,1.0,0.0,2.0,2.0,SPRF-ES,DEL01-ES,UOP01-DEL01-ES,1,fatal
2025-03-31,12:50,2025-03-31 12:50:00,2025.0,3.0,segunda,12.0,tarde,ES,GUARAPARI,True,101.0,BR-101,329.8,-20.59137546,-40.49941236,Acessar a via sem observar a presença dos outros veículos,Colisão traseira,Com Vítimas Feridas,Pleno dia,Crescente,Nublado,Dupla,Reta,Não,0.0,1.0,0.0,1.0,0.0,1.0,2.0,2.0,SPRF-ES,DEL03-ES,UOP01-DEL03-ES,1,grave
2025-04-01,07:10,2025-04-01 07:10:00,2025.0,4.0,terca,7.0,manha,ES,SERRA,True,101.0,BR-101,17.8,-20.217167,-40.337069,Acesso irregular,Colisão lateral mesmo sentido,Com Vítimas Feridas,Pleno dia,Crescente,Céu Claro,Simples,Curva,Não,0.0,0.0,1.0,1.0,1.0,1.0,3.0,3.0,SPRF-ES,DEL02-ES,UOP01-DEL02-ES,0,moderado
2025-04-02,13:35,2025-04-02 13:35:00,2025.0,4.0,quarta,13.0,tarde,ES,SERRA,True,101.0,BR-101,254.0,-20.11862239,-40.31219925,Ingestão de álcool pelo condutor,Colisão traseira,Sem Vítimas,Pleno dia,Crescente,Céu Claro,Simples,Aclive;Reta;Interseção de Vias,Sim,0.0,0.0,0.0,0.0,3.0,1.0,4.0,4.0,SPRF-ES,DEL02-ES,UOP01-DEL02-ES,0,baixo
2025-04-02,15:45,2025-04-02 15:45:00,2025.0,4.0,quarta,15.0,tarde,ES,CARIACICA,True,101.0,BR-101,295.0,-20.3313286,-40.3994204,Trafegar com motocicleta (ou similar) entre as faixas,Colisão traseira,Com Vítimas Feridas,Pleno dia,Decrescente,Céu Claro,Dupla,Reta,Sim,0.0,1.0,0.0,1.0,2.0,0.0,3.0,3.0,SPRF-ES,DEL01-ES,UOP01-DEL01-ES,1,grave
2025-04-04,08:10,2025-04-04 08:10:00,2025.0,4.0,sexta,8.0,manha,ES,SERRA,True,101.0,BR-101,279.5,-20.21843833,-40.34453333,Condutor deixou de manter distância do veículo da frente,Colisão traseira,Com Vítimas Feridas,Pleno dia,Decrescente,Céu Claro,Dupla,Reta,Não,0.0,1.0,0.0,1.0,1.0,2.0,4.0,3.0,SPRF-ES,DEL02-ES,UOP01-DEL02-ES,1,grave
2025-04-04,16:20,2025-04-04 16:20:00,2025.0,4.0,sexta,16.0,tarde,ES,SERRA,True,101.0,BR-101,263.0,-20.16682298,-40.2720058,Velocidade Incompatível,Colisão traseira,Com Vítimas Feridas,Pleno dia,Decrescente,Céu Claro,Dupla,Declive;Reta,Sim,0.0,1.0,0.0,1.0,1.0,0.0,2.0,2.0,SPRF-ES,DEL02-ES,UOP01-DEL02-ES,1,grave
2025-04-05,14:20,2025-04-05 14:20:00,2025.0,4.0,sabado,14.0,tarde,ES,CARIACICA,True,101.0,BR-101,290.0,-20.29566594,-40.39384246,Suicídio (presumido),Atropelamento de Pedestre,Com Vítimas Feridas,Pleno dia,Crescente,Sol,Dupla,Reta,Sim,0.0,1.0,0.0,1.0,1.0,0.0,2.0,2.0,SPRF-ES,DEL01-ES,UOP01-DEL01-ES,1,grave
2025-04-08,19:20,2025-04-08 19:20:00,2025.0,4.0,terca,19.0,noite,ES,CARIACICA,True,101.0,BR-101,290.0,-20.287047,-40.392323,Demais falhas mecânicas ou elétricas,Incêndio,Sem Vítimas,Plena Noite,Crescente,Céu Claro,Dupla,Reta;Aclive,Não,0.0,0.0,0.0,0.0,1.0,0.0,1.0,1.0,SPRF-ES,DEL01-ES,UOP01-DEL01-ES,0,baixo
2025-04-09,14:30,2025-04-09 14:30:00,2025.0,4.0,quarta,14.0,tarde,ES,VIANA,True,101.0,BR-101,304.0,-20.3827135,-40.4591229,Ausência de reação do condutor,Colisão traseira,Com Vítimas Feridas,Pleno dia,Decrescente,Céu Claro,Dupla,Reta,Sim,0.0,0.0,1.0,1.0,1.0,0.0,2.0,2.0,SPRF-ES,DEL01-ES,UOP01-DEL01-ES,0,moderado
2025-04-11,08:30,2025-04-11 08:30:00,2025.0,4.0,sexta,8.0,manha,ES,CARIACICA,True,101.0,BR-101,290.4,-20.2932598,-40.3935374,Manobra de mudança de faixa,Colisão transversal,Com Vítimas Feridas,Pleno dia,Decrescente,Céu Claro,Dupla,Reta;Retorno Regulamentado,Sim,0.0,0.0,1.0,1.0,1.0,0.0,2.0,2.0,SPRF-ES,DEL01-ES,UOP01-DEL01-ES,0,moderado
2025-04-11,17:20,2025-04-11 17:20:00,2025.0,4.0,sexta,17.0,tarde,ES,VIANA,True,262.0,BR-262,29.0,-20.377956,-40.560521,Demais falhas mecânicas ou elétricas,Eventos atípicos,Com Vítimas Feridas,Pleno dia,Decrescente,Céu Claro,Dupla,Reta;Aclive,Não,0.0,0.0,1.0,1.0,0.0,1.0,2.0,2.0,SPRF-ES,DEL01-ES,UOP01-DEL01-ES,0,moderado
2025-04-12,23:12,2025-04-12 23:12:00,2025.0,4.0,sabado,23.0,noite,ES,CARIACICA,True,101.0,BR-101,289.9,-20.288292,-40.391993,Entrada inopinada do pedestre,Atropelamento de Pedestre,Com Vítimas Fatais,Plena Noite,Decrescente,Nublado,Dupla,Reta,Sim,1.0,0.0,0.0,0.0,0.0,1.0,2.0,2.0,SPRF-ES,DEL01-ES,UOP01-DEL01-ES,1,fatal
2025-04-13,01:40,2025-04-13 01:40:00,2025.0,4.0,domingo,1.0,madrugada,ES,CARIACICA,True,101.0,BR-101,284.5,-20.24729923,-40.37035622,Ausência de reação do condutor,Colisão com objeto,Com Vítimas Feridas,Plena Noite,Decrescente,Céu Claro,Dupla,Reta;Declive,Não,0.0,0.0,1.0,1.0,1.0,2.0,4.0,3.0,SPRF-ES,DEL01-ES,UOP01-DEL01-ES,0,moderado
2025-04-15,14:30,2025-04-15 14:30:00,2025.0,4.0,terca,14.0,tarde,ES,CARIACICA,True,101.0,BR-101,285.6,-20.25423855,-40.37464775,Acessar a via sem observar a presença dos outros veículos,Colisão transversal,Com Vítimas Feridas,Pleno dia,Crescente,Céu Claro,Dupla,Aclive;Reta;Interseção de Vias,Não,0.0,0.0,2.0,2.0,3.0,0.0,3.0,5.0,SPRF-ES,DEL01-ES,UOP01-DEL01-ES,0,moderado
2025-04-15,22:30,2025-04-15 22:30:00,2025.0,4.0,terca,22.0,noite,ES,VILA VELHA,True,101.0,BR-101,313.0,-20.456781,-40.463964,Reação tardia ou ineficiente do condutor,Colisão traseira,Com Vítimas Fatais,Plena Noite,Crescente,Nublado,Dupla,Reta,Não,1.0,0.0,0.0,0.0,1.0,2.0,4.0,3.0,SPRF-ES,DEL01-ES,UOP01-DEL01-ES,1,fatal
2025-04-16,09:00,2025-04-16 09:00:00,2025.0,4.0,quarta,9.0,manha,ES,FUNDAO,True,101.0,BR-101,228.8,-19.92707333,-40.40599,Condutor deixou de manter distância do veículo da frente,Colisão traseira,Com Vítimas Feridas,Pleno dia,Crescente,Nublado,Simples,Reta,Não,0.0,0.0,2.0,2.0,4.0,0.0,4.0,6.0,SPRF-ES,DEL02-ES,UOP01-DEL02-ES,0,moderado
2025-04-17,07:10,2025-04-17 07:10:00,2025.0,4.0,quinta,7.0,manha,ES,CARIACICA,True,101.0,BR-101,284.5,-20.244866,-40.369797,Pista Escorregadia,Colisão lateral mesmo sentido,Com Vítimas Feridas,Pleno dia,Decrescente,Chuva,Dupla,Curva;Declive,Sim,0.0,2.0,0.0,2.0,1.0,1.0,3.0,4.0,SPRF-ES,DEL01-ES,UOP01-DEL01-ES,1,grave
2025-04-16,17:30,2025-04-16 17:30:00,2025.0,4.0,quarta,17.0,tarde,ES,CARIACICA,True,101.0,BR-101,294.1,-20.32994386,-40.3988939,Chuva,Colisão transversal,Com Vítimas Feridas,Anoitecer,Crescente,Chuva,Múltipla,Reta;Declive,Sim,0.0,1.0,0.0,1.0,2.0,0.0,2.0,3.0,SPRF-ES,DEL01-ES,UOP01-DEL01-ES,1,grave
2025-04-18,22:50,2025-04-18 22:50:00,2025.0,4.0,sexta,22.0,noite,ES,CARIACICA,True,101.0,BR-101,290.0,-20.2937462,-40.3929171,Acessar a via sem observar a presença dos outros veículos,Colisão transversal,Com Vítimas Feridas,Plena Noite,Crescente,Céu Claro,Simples,Reta;Retorno Regulamentado,Sim,0.0,1.0,0.0,1.0,1.0,1.0,3.0,3.0,SPRF-ES,DEL01-ES,UOP01-DEL01-ES,1,grave
2025-04-16,14:35,2025-04-16 14:35:00,2025.0,4.0,quarta,14.0,tarde,ES,SERRA,True,101.0,BR-101,276.4,-20.209263,-40.315953,Ausência de reação do condutor,Colisão traseira,Com Vítimas Feridas,Pleno dia,Decrescente,Céu Claro,Dupla,Retorno Regulamentado,Não,0.0,1.0,0.0,1.0,1.0,1.0,3.0,3.0,SPRF-ES,DEL02-ES,UOP01-DEL02-ES,1,grave
2025-04-24,07:40,2025-04-24 07:40:00,2025.0,4.0,quinta,7.0,manha,ES,CARIACICA,True,101.0,BR-101,291.9,-20.305992,-40.395167,Trafegar com motocicleta (ou similar) entre as faixas,Colisão transversal,Com Vítimas Fatais,Pleno dia,Crescente,Sol,Dupla,Retorno Regulamentado;Reta,Sim,1.0,0.0,0.0,0.0,1.0,0.0,2.0,2.0,SPRF-ES,DEL01-ES,UOP01-DEL01-ES,1,fatal
2025-04-24,08:00,2025-04-24 08:00:00,2025.0,4.0,quinta,8.0,manha,ES,VIANA,True,101.0,BR-101,299.3,-20.3577014,-40.4262213,Condutor deixou de manter distância do veículo da frente,Colisão lateral mesmo sentido,Com Vítimas Feridas,Pleno dia,Crescente,Céu Claro,Dupla,Reta,Sim,0.0,0.0,1.0,1.0,1.0,0.0,2.0,2.0,SPRF-ES,DEL01-ES,UOP01-DEL01-ES,0,moderado
2025-04-24,10:45,2025-04-24 10:45:00,2025.0,4.0,quinta,10.0,manha,ES,CARIACICA,True,101.0,BR-101,288.8,-20.28322004,-40.39303601,Condutor deixou de manter distância do veículo da frente,Colisão traseira,Com Vítimas Feridas,Pleno dia,Crescente,Céu Claro,Dupla,Declive;Reta,Não,0.0,1.0,0.0,1.0,1.0,0.0,2.0,2.0,SPRF-ES,DEL01-ES,UOP01-DEL01-ES,1,grave
2025-04-24,22:40,2025-04-24 22:40:00,2025.0,4.0,quinta,22.0,noite,ES,SERRA,True,101.0,BR-101,280.0,-20.21771,-40.3513616,Demais falhas mecânicas ou elétricas,Incêndio,Sem Vítimas,Plena Noite,Crescente,Céu Claro,Dupla,Reta,Não,0.0,0.0,0.0,0.0,1.0,0.0,1.0,1.0,SPRF-ES,DEL02-ES,UOP01-DEL02-ES,0,baixo
2025-04-04,16:45,2025-04-04 16:45:00,2025.0,4.0,sexta,16.0,tarde,ES,FUNDAO,True,101.0,BR-101,231.1,-19.94581667,-40.40393333,Pedestre cruzava a pista fora da faixa,Atropelamento de Pedestre,Com Vítimas Feridas,Anoitecer,Crescente,Céu Claro,Simples,Reta,Não,0.0,0.0,1.0,1.0,1.0,2.0,3.0,4.0,SPRF-ES,DEL02-ES,UOP01-DEL02-ES,0,moderado
2025-04-29,05:55,2025-04-29 05:55:00,2025.0,4.0,terca,5.0,madrugada,ES,CARIACICA,True,101.0,BR-101,289.3,-20.2510108,-40.37269938,Acumulo de água sobre o pavimento,Saída de leito carroçável,Com Vítimas Feridas,Amanhecer,Decrescente,Céu Claro,Simples,Reta,Não,0.0,0.0,1.0,1.0,0.0,1.0,2.0,2.0,SPRF-ES,DEL01-ES,UOP01-DEL01-ES,0,moderado
2025-04-29,08:30,2025-04-29 08:30:00,2025.0,4.0,terca,8.0,manha,ES,SERRA,True,101.0,BR-101,243.0,-20.036228,-40.393767,Transitar na contramão,Colisão lateral sentido oposto,Com Vítimas Feridas,Pleno dia,Crescente,Céu Claro,Simples,Reta,Não,0.0,0.0,2.0,2.0,3.0,1.0,3.0,6.0,SPRF-ES,DEL02-ES,UOP01-DEL02-ES,0,moderado
2025-04-29,08:26,2025-04-29 08:26:00,2025.0,4.0,terca,8.0,manha,ES,SERRA,True,101.0,BR-101,268.6,-20.0507392,-40.3832832,Trafegar com motocicleta (ou similar) entre as faixas,Colisão lateral mesmo sentido,Com Vítimas Feridas,Pleno dia,Crescente,Céu Claro,Dupla,Reta,Sim,0.0,1.0,0.0,1.0,1.0,0.0,2.0,2.0,SPRF-ES,DEL02-ES,UOP01-DEL02-ES,1,grave
2025-04-29,14:04,2025-04-29 14:04:00,2025.0,4.0,terca,14.0,tarde,ES,SERRA,True,101.0,BR-101,266.4,-20.19528126,-40.26923776,Ausência de reação do condutor,Colisão traseira,Com Vítimas Feridas,Pleno dia,Crescente,Nublado,Múltipla,Reta;Retorno Regulamentado,Sim,0.0,1.0,0.0,1.0,3.0,1.0,4.0,5.0,SPRF-ES,DEL02-ES,UOP01-DEL02-ES,1,grave
2025-05-02,09:20,2025-05-02 09:20:00,2025.0,5.0,sexta,9.0,manha,ES,CARIACICA,True,101.0,BR-101,291.0,-20.3032417,-40.3951811,Manobra de mudança de faixa,Colisão lateral mesmo sentido,Com Vítimas Feridas,Pleno dia,Decrescente,Céu Claro,Dupla,Reta,Não,0.0,0.0,2.0,2.0,1.0,1.0,3.0,4.0,SPRF-ES,DEL01-ES,UOP01-DEL01-ES,0,moderado
2025-01-23,01:40,2025-01-23 01:40:00,2025.0,1.0,quinta,1.0,madrugada,ES,SERRA,True,101.0,BR-101,271.2,-20.23267,-40.27658,Conversão proibida,Colisão transversal,Com Vítimas Feridas,Plena Noite,Crescente,Céu Claro,Múltipla,Reta,Sim,0.0,1.0,0.0,1.0,1.0,0.0,2.0,2.0,SPRF-ES,DEL02-ES,UOP01-DEL02-ES,1,grave
2025-05-09,08:15,2025-05-09 08:15:00,2025.0,5.0,sexta,8.0,manha,ES,CARIACICA,True,101.0,BR-101,296.9,-20.34431868,-40.40925908,Condutor deixou de manter distância do veículo da frente,Engavetamento,Com Vítimas Feridas,Pleno dia,Crescente,Nublado,Dupla,Curva,Sim,0.0,1.0,2.0,3.0,1.0,1.0,5.0,5.0,SPRF-ES,DEL01-ES,UOP01-DEL01-ES,1,grave
2025-05-12,19:00,2025-05-12 19:00:00,2025.0,5.0,segunda,19.0,noite,ES,SERRA,True,101.0,BR-101,267.8,-20.2071674,-40.2696285,Condutor desrespeitou a iluminação vermelha do semáforo,Colisão transversal,Com Vítimas Feridas,Plena Noite,Crescente,Chuva,Múltipla,Reta,Não,0.0,0.0,1.0,1.0,1.0,0.0,2.0,2.0,SPRF-ES,DEL02-ES,UOP01-DEL02-ES,0,moderado
2025-05-13,07:45,2025-05-13 07:45:00,2025.0,5.0,terca,7.0,manha,ES,SERRA,True,101.0,BR-101,279.1,-20.04883604,-40.38668633,Condutor deixou de manter distância do veículo da frente,Colisão traseira,Com Vítimas Feridas,Pleno dia,Decrescente,Garoa/Chuvisco,Dupla,Reta,Não,0.0,0.0,1.0,1.0,1.0,1.0,3.0,3.0,SPRF-ES,DEL02-ES,UOP01-DEL02-ES,0,moderado
2025-05-13,15:10,2025-05-13 15:10:00,2025.0,5.0,terca,15.0,tarde,ES,SERRA,True,101.0,BR-101,270.3,-20.22300754,-40.27019149,Condutor deixou de manter distância do veículo da frente,Colisão traseira,Com Vítimas Feridas,Pleno dia,Crescente,Nublado,Dupla,Reta,Sim,0.0,0.0,2.0,2.0,1.0,0.0,2.0,3.0,SPRF-ES,DEL02-ES,UOP01-DEL02-ES,0,moderado
2025-05-14,13:30,2025-05-14 13:30:00,2025.0,5.0,quarta,13.0,tarde,ES,CARIACICA,True,101.0,BR-101,294.6,-20.329888,-40.398898,Reação tardia ou ineficiente do condutor,Colisão lateral mesmo sentido,Com Vítimas Feridas,Pleno dia,Decrescente,Céu Claro,Múltipla,Declive,Sim,0.0,0.0,1.0,1.0,3.0,1.0,5.0,5.0,SPRF-ES,DEL01-ES,UOP01-DEL01-ES,0,moderado
2025-05-15,14:00,2025-05-15 14:00:00,2025.0,5.0,quinta,14.0,tarde,ES,SERRA,True,101.0,BR-101,282.0,-20.22577477,-40.36231549,Condutor deixou de manter distância do veículo da frente,Colisão traseira,Com Vítimas Feridas,Pleno dia,Decrescente,Sol,Dupla,Reta,Não,0.0,0.0,2.0,2.0,3.0,0.0,3.0,5.0,SPRF-ES,DEL01-ES,UOP01-DEL01-ES,0,moderado
2025-05-16,16:00,2025-05-16 16:00:00,2025.0,5.0,sexta,16.0,tarde,ES,CARIACICA,True,101.0,BR-101,282.0,-20.22668406,-40.36399484,Manobra de mudança de faixa,Colisão traseira,Com Vítimas Feridas,Pleno dia,Decrescente,Céu Claro,Dupla,Curva,Não,0.0,0.0,1.0,1.0,0.0,1.0,2.0,2.0,SPRF-ES,DEL01-ES,UOP01-DEL01-ES,0,moderado
2025-05-20,06:35,2025-05-20 06:35:00,2025.0,5.0,terca,6.0,manha,ES,SERRA,True,101.0,BR-101,276.3,-20.2091774,-40.3158721,Desrespeitar a preferência no cruzamento,Colisão transversal,Com Vítimas Fatais,Pleno dia,Decrescente,Nublado,Dupla,Retorno Regulamentado,Não,1.0,0.0,0.0,0.0,1.0,0.0,2.0,2.0,SPRF-ES,DEL02-ES,UOP01-DEL02-ES,1,fatal
2025-05-20,17:30,2025-05-20 17:30:00,2025.0,5.0,terca,17.0,tarde,ES,VIANA,True,101.0,BR-101,297.8,-20.35102005,-40.41308951,Manobra de mudança de faixa,Colisão lateral mesmo sentido,Com Vítimas Feridas,Anoitecer,Decrescente,Céu Claro,Dupla,Reta,Sim,0.0,0.0,1.0,1.0,2.0,0.0,3.0,3.0,SPRF-ES,DEL01-ES,UOP01-DEL01-ES,0,moderado
2025-05-21,07:38,2025-05-21 07:38:00,2025.0,5.0,quarta,7.0,manha,ES,SERRA,True,101.0,BR-101,262.0,-20.15893204,-40.27622475,Manobra de mudança de faixa,Colisão lateral mesmo sentido,Com Vítimas Feridas,Pleno dia,Decrescente,Sol,Dupla,Reta;Aclive,Sim,0.0,0.0,1.0,1.0,2.0,1.0,3.0,4.0,SPRF-ES,DEL02-ES,UOP01-DEL02-ES,0,moderado
2025-05-21,08:20,2025-05-21 08:20:00,2025.0,5.0,quarta,8.0,manha,ES,CARIACICA,True,101.0,BR-101,289.9,-20.28985326,-40.39189529,Manobra de mudança de faixa,Colisão lateral mesmo sentido,Com Vítimas Feridas,Pleno dia,Crescente,Céu Claro,Dupla,Reta;Aclive,Sim,0.0,0.0,1.0,1.0,0.0,1.0,2.0,2.0,SPRF-ES,DEL01-ES,UOP01-DEL01-ES,0,moderado
2025-05-21,14:10,2025-05-21 14:10:00,2025.0,5.0,quarta,14.0,tarde,ES,CARIACICA,True,101.0,BR-101,292.0,-20.30636079,-40.39502597,Manobra de mudança de faixa,Colisão traseira,Com Vítimas Feridas,Pleno dia,Decrescente,Sol,Dupla,Reta,Sim,0.0,3.0,2.0,5.0,1.0,0.0,2.0,6.0,SPRF-ES,DEL01-ES,UOP01-DEL01-ES,1,grave
2025-05-23,12:00,2025-05-23 12:00:00,2025.0,5.0,sexta,12.0,tarde,ES,VIANA,True,101.0,BR-101,299.0,-20.3556635,-40.41816163,Condutor deixou de manter distância do veículo da frente,Colisão lateral sentido oposto,Com Vítimas Feridas,Pleno dia,Crescente,Sol,Múltipla,Interseção de Vias,Sim,0.0,1.0,0.0,1.0,1.0,0.0,2.0,2.0,SPRF-ES,DEL01-ES,UOP01-DEL01-ES,1,grave
2025-05-26,16:40,2025-05-26 16:40:00,2025.0,5.0,segunda,16.0,tarde,ES,SERRA,True,101.0,BR-101,265.7,-20.1882207,-40.2684512,Condutor deixou de manter distância do veículo da frente,Engavetamento,Com Vítimas Feridas,Anoitecer,Crescente,Chuva,Múltipla,Aclive,Sim,0.0,0.0,2.0,2.0,3.0,2.0,5.0,6.0,SPRF-ES,DEL02-ES,UOP01-DEL02-ES,0,moderado
2025-05-27,14:30,2025-05-27 14:30:00,2025.0,5.0,terca,14.0,tarde,ES,SERRA,True,101.0,BR-101,270.0,-20.0488541,-40.3866988,Manobra de mudança de faixa,Colisão lateral mesmo sentido,Com Vítimas Feridas,Pleno dia,Decrescente,Céu Claro,Dupla,Reta,Sim,0.0,0.0,1.0,1.0,0.0,1.0,2.0,2.0,SPRF-ES,DEL02-ES,UOP01-DEL02-ES,0,moderado
2025-05-28,12:10,2025-05-28 12:10:00,2025.0,5.0,quarta,12.0,tarde,ES,GUARAPARI,True,101.0,BR-101,340.1,-20.647547,-40.567375,Mal súbito do condutor,Colisão traseira,Com Vítimas Feridas,Pleno dia,Crescente,Céu Claro,Dupla,Reta;Aclive,Não,0.0,1.0,0.0,1.0,1.0,1.0,3.0,3.0,SPRF-ES,DEL03-ES,UOP01-DEL03-ES,1,grave
2025-05-30,19:20,2025-05-30 19:20:00,2025.0,5.0,sexta,19.0,noite,ES,SERRA,True,101.0,BR-101,278.0,-20.2171155,-40.3302993,Demais falhas mecânicas ou elétricas,Colisão com objeto,Com Vítimas Feridas,Plena Noite,Decrescente,Nublado,Dupla,Reta,Sim,0.0,1.0,0.0,1.0,1.0,1.0,3.0,3.0,SPRF-ES,DEL02-ES,UOP01-DEL02-ES,1,grave
2025-06-02,16:40,2025-06-02 16:40:00,2025.0,6.0,segunda,16.0,tarde,ES,CARIACICA,True,101.0,BR-101,289.8,-20.28693761,-40.39235187,Ausência de reação do condutor,Colisão traseira,Com Vítimas Feridas,Pleno dia,Crescente,Céu Claro,Dupla,Reta;Aclive,Sim,0.0,0.0,1.0,1.0,1.0,0.0,2.0,2.0,SPRF-ES,DEL01-ES,UOP01-DEL01-ES,0,moderado
2025-06-03,08:00,2025-06-03 08:00:00,2025.0,6.0,terca,8.0,manha,ES,SERRA,True,101.0,BR-101,268.1,-20.210093,-40.269801,Entrada inopinada do pedestre,Atropelamento de Pedestre,Com Vítimas Feridas,Pleno dia,Crescente,Nublado,Múltipla,Reta,Sim,0.0,0.0,2.0,2.0,1.0,0.0,3.0,3.0,SPRF-ES,DEL02-ES,UOP01-DEL02-ES,0,moderado
2025-06-03,11:50,2025-06-03 11:50:00,2025.0,6.0,terca,11.0,manha,ES,CARIACICA,True,101.0,BR-101,285.0,-20.25414499,-40.37475586,Demais falhas mecânicas ou elétricas,Incêndio,Sem Vítimas,Pleno dia,Crescente,Sol,Dupla,Reta;Declive,Não,0.0,0.0,0.0,0.0,1.0,0.0,1.0,1.0,SPRF-ES,DEL01-ES,UOP01-DEL01-ES,0,baixo
2025-04-27,16:55,2025-04-27 16:55:00,2025.0,4.0,domingo,16.0,tarde,ES,GUARAPARI,True,101.0,BR-101,361.0,-20.6580058,-40.6172825,Reação tardia ou ineficiente do condutor,Tombamento,Com Vítimas Fatais,Pleno dia,Crescente,Nublado,Simples,Declive;Curva,Não,2.0,3.0,25.0,28.0,2.0,3.0,6.0,34.0,SPRF-ES,DEL03-ES,UOP01-DEL03-ES,1,fatal
2025-06-05,08:40,2025-06-05 08:40:00,2025.0,6.0,quinta,8.0,manha,ES,VILA VELHA,True,101.0,BR-101,315.9,-20.47619455,-40.4710242,Ultrapassagem Indevida,Tombamento,Com Vítimas Feridas,Pleno dia,Crescente,Céu Claro,Dupla,Retorno Regulamentado,Não,0.0,0.0,1.0,1.0,1.0,1.0,3.0,3.0,SPRF-ES,DEL01-ES,UOP01-DEL01-ES,0,moderado
2025-06-05,22:00,2025-06-05 22:00:00,2025.0,6.0,quinta,22.0,noite,ES,SERRA,True,101.0,BR-101,280.3,-20.2180495,-40.3505219,Reação tardia ou ineficiente do condutor,Colisão traseira,Com Vítimas Feridas,Plena Noite,Decrescente,Céu Claro,Dupla,Reta,Não,0.0,0.0,1.0,1.0,1.0,1.0,3.0,3.0,SPRF-ES,DEL02-ES,UOP01-DEL02-ES,0,moderado
2025-05-13,18:44,2025-05-13 18:44:00,2025.0,5.0,terca,18.0,noite,ES,SERRA,True,101.0,BR-101,278.9,-20.04884377,-40.38640213,Manobra de mudança de faixa,Colisão lateral mesmo sentido,Com Vítimas Fatais,Plena Noite,Crescente,Garoa/Chuvisco,Dupla,Reta;Declive,Não,1.0,0.0,0.0,0.0,1.0,1.0,3.0,3.0,SPRF-ES,DEL02-ES,UOP01-DEL02-ES,1,fatal
2025-05-29,15:19,2025-05-29 15:19:00,2025.0,5.0,quinta,15.0,tarde,ES,CARIACICA,True,101.0,BR-101,294.0,-20.325679,-40.396456,Reação tardia ou ineficiente do condutor,Engavetamento,Com Vítimas Feridas,Pleno dia,Crescente,Nublado,Múltipla,Reta,Não,0.0,1.0,0.0,1.0,5.0,2.0,8.0,7.0,SPRF-ES,DEL01-ES,UOP01-DEL01-ES,1,grave
2025-06-06,18:58,2025-06-06 18:58:00,2025.0,6.0,sexta,18.0,noite,ES,CARIACICA,True,101.0,BR-101,287.0,-20.264964,-40.38486,Acessar a via sem observar a presença dos outros veículos,Colisão transversal,Com Vítimas Feridas,Plena Noite,Crescente,Nublado,Dupla,Reta,Sim,0.0,0.0,1.0,1.0,2.0,0.0,2.0,3.0,SPRF-ES,DEL01-ES,UOP01-DEL01-ES,0,moderado
2025-06-07,11:40,2025-06-07 11:40:00,2025.0,6.0,sabado,11.0,manha,ES,CARIACICA,True,101.0,BR-101,294.7,-20.330668,-40.399523,Manobra de mudança de faixa,Colisão lateral mesmo sentido,Com Vítimas Feridas,Pleno dia,Crescente,Céu Claro,Dupla,Reta,Sim,0.0,0.0,1.0,1.0,1.0,0.0,2.0,2.0,SPRF-ES,DEL01-ES,UOP01-DEL01-ES,0,moderado
2025-06-13,22:10,2025-06-13 22:10:00,2025.0,6.0,sexta,22.0,noite,ES,VIANA,True,262.0,BR-262,27.9,-20.38508788,-40.55464458,Ultrapassagem Indevida,Colisão frontal,Com Vítimas Feridas,Plena Noite,Crescente,Céu Claro,Simples,Curva,Não,0.0,1.0,5.0,6.0,2.0,0.0,3.0,8.0,SPRF-ES,DEL01-ES,UOP01-DEL01-ES,1,grave
2025-06-16,08:20,2025-06-16 08:20:00,2025.0,6.0,segunda,8.0,manha,ES,CARIACICA,True,101.0,BR-101,292.0,-20.311765,-40.394838,Conversão proibida,Colisão transversal,Sem Vítimas,Pleno dia,Crescente,Céu Claro,Simples,Reta,Sim,0.0,0.0,0.0,0.0,2.0,0.0,2.0,2.0,SPRF-ES,DEL01-ES,UOP01-DEL01-ES,0,baixo
2025-06-17,08:30,2025-06-17 08:30:00,2025.0,6.0,terca,8.0,manha,ES,CARIACICA,True,101.0,BR-101,289.1,-20.2802085,-40.3924459,Acessar a via sem observar a presença dos outros veículos,Colisão transversal,Com Vítimas Feridas,Pleno dia,Decrescente,Nublado,Dupla,Retorno Regulamentado;Reta,Não,0.0,1.0,0.0,1.0,1.0,0.0,2.0,2.0,SPRF-ES,DEL01-ES,UOP01-DEL01-ES,1,grave
2025-06-18,15:50,2025-06-18 15:50:00,2025.0,6.0,quarta,15.0,tarde,ES,CARIACICA,True,101.0,BR-101,295.0,-20.33092746,-40.39940953,Trafegar com motocicleta (ou similar) entre as faixas,Colisão traseira,Com Vítimas Feridas,Pleno dia,Decrescente,Nublado,Dupla,Reta,Não,0.0,1.0,0.0,1.0,2.0,0.0,3.0,3.0,SPRF-ES,DEL01-ES,UOP01-DEL01-ES,1,grave
2025-06-19,08:10,2025-06-19 08:10:00,2025.0,6.0,quinta,8.0,manha,ES,VIANA,True,101.0,BR-101,304.0,-20.382593,-40.45945,Objeto estático sobre o leito carroçável,Colisão com objeto,Com Vítimas Feridas,Pleno dia,Crescente,Nublado,Dupla,Reta,Sim,0.0,0.0,2.0,2.0,1.0,1.0,3.0,4.0,SPRF-ES,DEL01-ES,UOP01-DEL01-ES,0,moderado
2025-06-22,18:00,2025-06-22 18:00:00,2025.0,6.0,domingo,18.0,noite,ES,CARIACICA,True,101.0,BR-101,285.0,-20.263947,-40.3782337,Desrespeitar a preferência no cruzamento,Colisão transversal,Com Vítimas Feridas,Plena Noite,Crescente,Céu Claro,Dupla,Aclive;Reta;Retorno Regulamentado,Sim,0.0,0.0,1.0,1.0,1.0,0.0,2.0,2.0,SPRF-ES,DEL01-ES,UOP01-DEL01-ES,0,moderado
2025-06-23,18:00,2025-06-23 18:00:00,2025.0,6.0,segunda,18.0,noite,ES,GUARAPARI,True,101.0,BR-101,329.8,-20.591389,-40.499247,Conversão proibida,Colisão transversal,Com Vítimas Feridas,Plena Noite,Decrescente,Céu Claro,Dupla,Reta;Retorno Regulamentado,Não,0.0,0.0,1.0,1.0,4.0,0.0,2.0,5.0,SPRF-ES,DEL03-ES,UOP01-DEL03-ES,0,moderado
2025-06-24,08:10,2025-06-24 08:10:00,2025.0,6.0,terca,8.0,manha,ES,VILA VELHA,True,101.0,BR-101,312.0,-20.437771,-40.4595223,Reação tardia ou ineficiente do condutor,Colisão lateral mesmo sentido,Com Vítimas Feridas,Pleno dia,Decrescente,Céu Claro,Dupla,Reta,Não,0.0,0.0,1.0,1.0,1.0,0.0,2.0,2.0,SPRF-ES,DEL01-ES,UOP01-DEL01-ES,0,moderado
2025-06-24,15:40,2025-06-24 15:40:00,2025.0,6.0,terca,15.0,tarde,ES,FUNDAO,True,101.0,BR-101,230.0,-19.98322683,-40.41366609,Condutor Dormindo,Colisão frontal,Com Vítimas Feridas,Pleno dia,Crescente,Céu Claro,Simples,Curva,Não,0.0,0.0,1.0,1.0,2.0,2.0,5.0,4.0,SPRF-ES,DEL02-ES,UOP01-DEL02-ES,0,moderado
2025-06-26,04:20,2025-06-26 04:20:00,2025.0,6.0,quinta,4.0,madrugada,ES,SERRA,True,101.0,BR-101,8.6,-20.129867,-40.338686,Reação tardia ou ineficiente do condutor,Colisão com objeto,Sem Vítimas,Plena Noite,Crescente,Céu Claro,Dupla,Curva,Não,0.0,0.0,0.0,0.0,1.0,0.0,1.0,1.0,SPRF-ES,DEL02-ES,UOP01-DEL02-ES,0,baixo
2025-06-26,08:00,2025-06-26 08:00:00,2025.0,6.0,quinta,8.0,manha,ES,VILA VELHA,True,101.0,BR-101,314.1,-20.464522,-40.465338,Demais falhas mecânicas ou elétricas,Tombamento,Com Vítimas Feridas,Pleno dia,Decrescente,Céu Claro,Dupla,Reta,Não,0.0,0.0,1.0,1.0,0.0,1.0,2.0,2.0,SPRF-ES,DEL01-ES,UOP01-DEL01-ES,0,moderado
2025-07-01,07:50,2025-07-01 07:50:00,2025.0,7.0,terca,7.0,manha,ES,SERRA,True,101.0,BR-101,276.4,-20.20911167,-40.31606667,Acessar a via sem observar a presença dos outros veículos,Colisão transversal,Com Vítimas Feridas,Pleno dia,Crescente,Sol,Dupla,Reta,Não,0.0,1.0,0.0,1.0,1.0,1.0,3.0,3.0,SPRF-ES,DEL02-ES,UOP01-DEL02-ES,1,grave
2025-07-02,08:40,2025-07-02 08:40:00,2025.0,7.0,quarta,8.0,manha,ES,SERRA,True,101.0,BR-101,277.8,-20.21002025,-40.31698466,Ausência de reação do condutor,Colisão lateral mesmo sentido,Com Vítimas Feridas,Pleno dia,Crescente,Sol,Dupla,Reta,Não,0.0,2.0,0.0,2.0,3.0,1.0,5.0,6.0,SPRF-ES,DEL02-ES,UOP01-DEL02-ES,1,grave
2025-07-03,07:02,2025-07-03 07:02:00,2025.0,7.0,quinta,7.0,manha,ES,SERRA,True,101.0,BR-101,264.0,-20.17465913,-40.26669413,Manobra de mudança de faixa,Tombamento,Com Vítimas Fatais,Pleno dia,Crescente,Chuva,Múltipla,Reta,Sim,1.0,0.0,1.0,1.0,0.0,1.0,2.0,3.0,SPRF-ES,DEL02-ES,UOP01-DEL02-ES,1,fatal
2025-07-05,13:07,2025-07-05 13:07:00,2025.0,7.0,sabado,13.0,tarde,ES,SERRA,True,101.0,BR-101,242.7,-20.03757,-40.39311,Condutor usando celular,Colisão frontal,Com Vítimas Fatais,Pleno dia,Crescente,Céu Claro,Simples,Curva,Não,1.0,1.0,0.0,1.0,0.0,3.0,5.0,3.0,SPRF-ES,DEL02-ES,UOP01-DEL02-ES,1,fatal
2025-07-05,20:10,2025-07-05 20:10:00,2025.0,7.0,sabado,20.0,noite,ES,VILA VELHA,True,101.0,BR-101,314.2,-20.46500915,-40.46546683,Velocidade Incompatível,Colisão com objeto,Com Vítimas Feridas,Plena Noite,Decrescente,Céu Claro,Dupla,Curva,Não,0.0,0.0,1.0,1.0,0.0,1.0,2.0,2.0,SPRF-ES,DEL01-ES,UOP01-DEL01-ES,0,moderado
2025-07-07,07:50,2025-07-07 07:50:00,2025.0,7.0,segunda,7.0,manha,ES,SERRA,True,101.0,BR-101,267.9,-20.2021626,-40.26913762,Acessar a via sem observar a presença dos outros veículos,Colisão transversal,Com Vítimas Feridas,Pleno dia,Crescente,Céu Claro,Múltipla,Interseção de Vias,Sim,0.0,0.0,2.0,2.0,1.0,0.0,2.0,3.0,SPRF-ES,DEL02-ES,UOP01-DEL02-ES,0,moderado
2025-07-07,21:30,2025-07-07 21:30:00,2025.0,7.0,segunda,21.0,noite,ES,SERRA,True,101.0,BR-101,12.5,-20.154161,-40.3477242,Animais na Pista,Atropelamento de Animal,Sem Vítimas,Plena Noite,Crescente,Nublado,Dupla,Reta,Não,0.0,0.0,0.0,0.0,1.0,0.0,1.0,1.0,SPRF-ES,DEL02-ES,UOP01-DEL02-ES,0,baixo
2025-07-09,06:40,2025-07-09 06:40:00,2025.0,7.0,quarta,6.0,manha,ES,VIANA,True,101.0,BR-101,298.2,-20.354467,-40.416822,Acessar a via sem observar a presença dos outros veículos,Colisão lateral mesmo sentido,Com Vítimas Feridas,Pleno dia,Crescente,Nublado,Dupla,Reta,Sim,0.0,0.0,1.0,1.0,1.0,0.0,2.0,2.0,SPRF-ES,DEL01-ES,UOP01-DEL01-ES,0,moderado
2025-07-11,07:15,2025-07-11 07:15:00,2025.0,7.0,sexta,7.0,manha,ES,GUARAPARI,True,101.0,BR-101,332.0,-20.606718,-40.507827,Condutor deixou de manter distância do veículo da frente,Colisão traseira,Com Vítimas Feridas,Amanhecer,Decrescente,Chuva,Dupla,Reta,Não,0.0,1.0,0.0,1.0,1.0,0.0,2.0,2.0,SPRF-ES,DEL03-ES,UOP01-DEL03-ES,1,grave
2025-06-12,10:30,2025-06-12 10:30:00,2025.0,6.0,quinta,10.0,manha,ES,SERRA,True,101.0,BR-101,269.0,-20.2216338,-40.2703312,Ausência de reação do condutor,Colisão lateral mesmo sentido,Com Vítimas Feridas,Pleno dia,Crescente,Céu Claro,Dupla,Reta,Sim,0.0,1.0,0.0,1.0,1.0,2.0,4.0,4.0,SPRF-ES,DEL02-ES,UOP01-DEL02-ES,1,grave
2025-07-14,09:30,2025-07-14 09:30:00,2025.0,7.0,segunda,9.0,manha,ES,FUNDAO,True,101.0,BR-101,231.0,-19.94374081,-40.40621281,Reação tardia ou ineficiente do condutor,Colisão traseira,Com Vítimas Feridas,Pleno dia,Decrescente,Céu Claro,Dupla,Curva,Sim,0.0,1.0,0.0,1.0,8.0,1.0,6.0,10.0,SPRF-ES,DEL02-ES,UOP01-DEL02-ES,1,grave
2025-07-16,04:00,2025-07-16 04:00:00,2025.0,7.0,quarta,4.0,madrugada,ES,SERRA,True,101.0,BR-101,273.0,-20.21588308,-40.2808214,Ausência de reação do condutor,Colisão traseira,Com Vítimas Feridas,Plena Noite,Crescente,Céu Claro,Dupla,Reta,Sim,0.0,1.0,0.0,1.0,1.0,1.0,3.0,3.0,SPRF-ES,DEL02-ES,UOP01-DEL02-ES,1,grave
2025-07-20,09:00,2025-07-20 09:00:00,2025.0,7.0,domingo,9.0,manha,ES,GUARAPARI,True,101.0,BR-101,0.0,-20.6585386,-40.6135151,Condutor Dormindo,Tombamento,Sem Vítimas,Pleno dia,Crescente,Sol,Dupla,Curva;Aclive,Não,0.0,0.0,0.0,0.0,1.0,2.0,2.0,3.0,SPRF-ES,DEL03-ES,UOP02-DEL03-ES,0,baixo
2025-07-22,18:00,2025-07-22 18:00:00,2025.0,7.0,terca,18.0,noite,ES,CARIACICA,True,101.0,BR-101,282.0,-20.2267744,-40.3643961,Objeto estático sobre o leito carroçável,Colisão com objeto,Com Vítimas Feridas,Plena Noite,Crescente,Céu Claro,Dupla,Viaduto,Não,0.0,1.0,0.0,1.0,1.0,0.0,2.0,2.0,SPRF-ES,DEL01-ES,UOP01-DEL01-ES,1,grave
2025-07-24,03:00,2025-07-24 03:00:00,2025.0,7.0,quinta,3.0,madrugada,ES,SERRA,True,101.0,BR-101,272.4,-20.2237503,-40.2876038,Condutor Dormindo,Saída de leito carroçável,Com Vítimas Feridas,Plena Noite,Crescente,Céu Claro,Múltipla,Reta,Sim,0.0,0.0,1.0,1.0,0.0,2.0,3.0,2.0,SPRF-ES,DEL02-ES,UOP01-DEL02-ES,0,moderado
2025-07-24,17:00,2025-07-24 17:00:00,2025.0,7.0,quinta,17.0,tarde,ES,SERRA,True,101.0,BR-101,269.3,-20.22075232,-40.27018563,Acessar a via sem observar a presença dos outros veículos,Colisão lateral mesmo sentido,Com Vítimas Feridas,Anoitecer,Decrescente,Céu Claro,Simples,Reta,Sim,0.0,0.0,1.0,1.0,1.0,0.0,2.0,2.0,SPRF-ES,DEL02-ES,UOP01-DEL02-ES,0,moderado
2025-07-25,08:50,2025-07-25 08:50:00,2025.0,7.0,sexta,8.0,manha,ES,VIANA,True,262.0,BR-262,24.9,-20.37904784,-40.5347965,Demais falhas mecânicas ou elétricas,Incêndio,Sem Vítimas,Pleno dia,Crescente,Céu Claro,Simples,Reta;Aclive,Não,0.0,0.0,0.0,0.0,1.0,0.0,1.0,1.0,SPRF-ES,DEL01-ES,UOP01-DEL01-ES,0,baixo
2025-07-25,19:00,2025-07-25 19:00:00,2025.0,7.0,sexta,19.0,noite,ES,SERRA,True,101.0,BR-101,278.8,-20.218005,-40.339229,Condutor deixou de manter distância do veículo da frente,Colisão traseira,Com Vítimas Feridas,Plena Noite,Crescente,Céu Claro,Múltipla,Curva,Não,0.0,0.0,1.0,1.0,0.0,1.0,2.0,2.0,SPRF-ES,DEL02-ES,UOP01-DEL02-ES,0,moderado
2025-07-28,09:37,2025-07-28 09:37:00,2025.0,7.0,segunda,9.0,manha,ES,CARIACICA,True,101.0,BR-101,291.0,-20.36576062,-40.37303925,Condutor deixou de manter distância do veículo da frente,Colisão traseira,Com Vítimas Feridas,Pleno dia,Decrescente,Sol,Dupla,Reta,Sim,0.0,0.0,1.0,1.0,1.0,0.0,2.0,2.0,SPRF-ES,DEL01-ES,UOP01-DEL01-ES,0,moderado
2025-07-28,14:37,2025-07-28 14:37:00,2025.0,7.0,segunda,14.0,tarde,ES,GUARAPARI,True,101.0,BR-101,344.0,-20.65876971,-40.61394081,Ausência de reação do condutor,Tombamento,Com Vítimas Feridas,Pleno dia,Crescente,Céu Claro,Dupla,Curva,Não,0.0,0.0,1.0,1.0,0.0,1.0,2.0,2.0,SPRF-ES,DEL03-ES,UOP01-DEL03-ES,0,moderado
2025-07-29,07:30,2025-07-29 07:30:00,2025.0,7.0,terca,7.0,manha,ES,SERRA,True,101.0,BR-101,265.4,-20.185471,-40.267666,Condutor deixou de manter distância do veículo da frente,Colisão lateral mesmo sentido,Com Vítimas Fatais,Pleno dia,Crescente,Céu Claro,Múltipla,Reta;Aclive,Sim,1.0,0.0,2.0,2.0,1.0,1.0,5.0,5.0,SPRF-ES,DEL02-ES,UOP01-DEL02-ES,1,fatal
2025-08-04,03:49,2025-08-04 03:49:00,2025.0,8.0,segunda,3.0,madrugada,ES,GUARAPARI,True,101.0,BR-101,337.9,-20.64008814,-40.54699659,Condutor Dormindo,Saída de leito carroçável,Com Vítimas Feridas,Plena Noite,Decrescente,Céu Claro,Dupla,Reta,Não,0.0,0.0,1.0,1.0,0.0,1.0,2.0,2.0,SPRF-ES,DEL03-ES,UOP01-DEL03-ES,0,moderado
2025-07-24,04:50,2025-07-24 04:50:00,2025.0,7.0,quinta,4.0,madrugada,ES,SERRA,True,101.0,BR-101,260.6,-20.14709458,-40.28098404,Ausência de reação do condutor,Saída de leito carroçável,Com Vítimas Feridas,Plena Noite,Crescente,Céu Claro,Dupla,Curva,Sim,0.0,1.0,0.0,1.0,0.0,1.0,2.0,2.0,SPRF-ES,DEL02-ES,UOP01-DEL02-ES,1,grave
2025-08-04,07:30,2025-08-04 07:30:00,2025.0,8.0,segunda,7.0,manha,ES,CARIACICA,True,101.0,BR-101,297.0,-20.346398,-40.4109828,Velocidade Incompatível,Colisão traseira,Com Vítimas Feridas,Pleno dia,Crescente,Céu Claro,Dupla,Reta,Não,0.0,1.0,0.0,1.0,1.0,0.0,2.0,2.0,SPRF-ES,DEL01-ES,UOP01-DEL01-ES,1,grave
2025-08-06,01:57,2025-08-06 01:57:00,2025.0,8.0,quarta,1.0,madrugada,ES,GUARAPARI,True,101.0,BR-101,329.0,-20.58985126,-40.49787319,Ausência de reação do condutor,Tombamento,Com Vítimas Feridas,Plena Noite,Crescente,Céu Claro,Dupla,Curva,Não,0.0,0.0,1.0,1.0,0.0,1.0,2.0,2.0,SPRF-ES,DEL03-ES,UOP01-DEL03-ES,0,moderado
2025-08-08,13:32,2025-08-08 13:32:00,2025.0,8.0,sexta,13.0,tarde,ES,SERRA,True,101.0,BR-101,268.0,-20.19350004,-40.26860386,Ausência de reação do condutor,Colisão traseira,Com Vítimas Feridas,Pleno dia,Crescente,Céu Claro,Múltipla,Interseção de Vias,Sim,0.0,0.0,1.0,1.0,1.0,1.0,3.0,3.0,SPRF-ES,DEL02-ES,UOP01-DEL02-ES,0,moderado
2025-08-11,14:30,2025-08-11 14:30:00,2025.0,8.0,segunda,14.0,tarde,ES,CARIACICA,True,101.0,BR-101,294.7,-20.32858392,-40.39806889,Condutor deixou de manter distância do veículo da frente,Colisão traseira,Com Vítimas Feridas,Pleno dia,Crescente,Céu Claro,Dupla,Reta,Não,0.0,0.0,1.0,1.0,1.0,0.0,2.0,2.0,SPRF-ES,DEL01-ES,UOP01-DEL01-ES,0,moderado
2025-08-11,16:50,2025-08-11 16:50:00,2025.0,8.0,segunda,16.0,tarde,ES,VIANA,True,101.0,BR-101,299.8,-20.357113,-40.429917,Condutor desrespeitou a iluminação vermelha do semáforo,Colisão lateral sentido oposto,Com Vítimas Feridas,Pleno dia,Crescente,Céu Claro,Múltipla,Viaduto,Sim,0.0,0.0,1.0,1.0,1.0,0.0,2.0,2.0,SPRF-ES,DEL01-ES,UOP01-DEL01-ES,0,moderado
2025-08-13,16:30,2025-08-13 16:30:00,2025.0,8.0,quarta,16.0,tarde,ES,VIANA,True,101.0,BR-101,297.6,-20.35064302,-40.41293621,Reação tardia ou ineficiente do condutor,Colisão traseira,Com Vítimas Feridas,Pleno dia,Crescente,Céu Claro,Dupla,Reta,Sim,0.0,0.0,1.0,1.0,1.0,0.0,2.0,2.0,SPRF-ES,DEL01-ES,UOP01-DEL01-ES,0,moderado
2025-08-15,15:55,2025-08-15 15:55:00,2025.0,8.0,sexta,15.0,tarde,ES,VIANA,True,101.0,BR-101,298.8,-20.35825198,-40.42111443,Velocidade Incompatível,Saída de leito carroçável,Com Vítimas Fatais,Pleno dia,Decrescente,Céu Claro,Múltipla,Aclive;Viaduto;Curva,Sim,1.0,0.0,0.0,0.0,0.0,2.0,3.0,3.0,SPRF-ES,DEL01-ES,UOP01-DEL01-ES,1,fatal
2025-08-15,16:10,2025-08-15 16:10:00,2025.0,8.0,sexta,16.0,tarde,ES,CARIACICA,True,101.0,BR-101,289.0,-20.281496,-40.393254,Objeto estático sobre o leito carroçável,Colisão com objeto,Com Vítimas Feridas,Pleno dia,Crescente,Céu Claro,Dupla,Aclive;Reta,Sim,0.0,0.0,2.0,2.0,3.0,1.0,4.0,6.0,SPRF-ES,DEL01-ES,UOP01-DEL01-ES,0,moderado
2025-08-18,07:50,2025-08-18 07:50:00,2025.0,8.0,segunda,7.0,manha,ES,CARIACICA,True,101.0,BR-101,286.7,-20.263472,-40.38244,Trafegar com motocicleta (ou similar) entre as faixas,Colisão traseira,Com Vítimas Feridas,Pleno dia,Decrescente,Céu Claro,Dupla,Reta,Não,0.0,1.0,0.0,1.0,1.0,0.0,2.0,2.0,SPRF-ES,DEL01-ES,UOP01-DEL01-ES,1,grave
2025-08-07,20:15,2025-08-07 20:15:00,2025.0,8.0,quinta,20.0,noite,ES,GUARAPARI,True,101.0,BR-101,341.9,-20.6375918,-40.5423498,Avarias e/ou desgaste excessivo no pneu,Saída de leito carroçável,Com Vítimas Feridas,Plena Noite,Crescente,Céu Claro,Dupla,Reta,Não,0.0,0.0,2.0,2.0,1.0,1.0,3.0,4.0,SPRF-ES,DEL03-ES,UOP01-DEL03-ES,0,moderado
2025-06-05,19:00,2025-06-05 19:00:00,2025.0,6.0,quinta,19.0,noite,ES,CARIACICA,True,101.0,BR-101,294.0,-20.32407,-40.395329,Velocidade Incompatível,Colisão traseira,Com Vítimas Feridas,Plena Noite,Crescente,Céu Claro,Dupla,Declive;Curva,Não,0.0,1.0,0.0,1.0,3.0,1.0,4.0,5.0,SPRF-ES,DEL01-ES,UOP01-DEL01-ES,1,grave
2025-08-21,18:06,2025-08-21 18:06:00,2025.0,8.0,quinta,18.0,noite,ES,CARIACICA,True,101.0,BR-101,294.3,-20.3294315,-40.3984085,Problema com o freio,Colisão traseira,Com Vítimas Feridas,Plena Noite,Crescente,Nublado,Dupla,Reta,Sim,0.0,1.0,1.0,2.0,2.0,1.0,4.0,5.0,SPRF-ES,DEL01-ES,UOP01-DEL01-ES,1,grave
2025-08-22,17:20,2025-08-22 17:20:00,2025.0,8.0,sexta,17.0,tarde,ES,CARIACICA,True,101.0,BR-101,282.9,-20.22729265,-40.36510913,Reação tardia ou ineficiente do condutor,Tombamento,Com Vítimas Feridas,Anoitecer,Crescente,Céu Claro,Dupla,Reta,Sim,0.0,0.0,1.0,1.0,1.0,0.0,2.0,2.0,SPRF-ES,DEL01-ES,UOP01-DEL01-ES,0,moderado
2025-08-26,10:44,2025-08-26 10:44:00,2025.0,8.0,terca,10.0,manha,ES,SERRA,True,101.0,BR-101,268.0,-20.1547043,-40.269764,Ausência de reação do condutor,Colisão lateral mesmo sentido,Com Vítimas Feridas,Pleno dia,Crescente,Céu Claro,Dupla,Reta,Sim,0.0,0.0,1.0,1.0,1.0,0.0,2.0,2.0,SPRF-ES,DEL02-ES,UOP01-DEL02-ES,0,moderado
2025-08-26,17:15,2025-08-26 17:15:00,2025.0,8.0,terca,17.0,tarde,ES,SERRA,True,101.0,BR-101,280.6,-20.21913333,-40.35536667,Acessar a via sem observar a presença dos outros veículos,Colisão transversal,Com Vítimas Feridas,Anoitecer,Crescente,Nublado,Dupla,Reta,Não,0.0,1.0,0.0,1.0,1.0,1.0,3.0,3.0,SPRF-ES,DEL02-ES,UOP01-DEL02-ES,1,grave
2025-08-29,14:50,2025-08-29 14:50:00,2025.0,8.0,sexta,14.0,tarde,ES,VIANA,True,101.0,BR-101,298.6,-20.35702039,-40.41938424,Manobra de mudança de faixa,Colisão lateral mesmo sentido,Com Vítimas Feridas,Pleno dia,Decrescente,Céu Claro,Dupla,Reta;Retorno Regulamentado,Sim,0.0,0.0,1.0,1.0,1.0,0.0,2.0,2.0,SPRF-ES,DEL01-ES,UOP01-DEL01-ES,0,moderado
2025-06-03,00:30,2025-06-03 00:30:00,2025.0,6.0,terca,0.0,madrugada,ES,CARIACICA,True,101.0,BR-101,295.3,-20.33226236,-40.40030956,Condutor deixou de manter distância do veículo da frente,Colisão traseira,Com Vítimas Feridas,Plena Noite,Decrescente,Chuva,Dupla,Reta,Não,0.0,1.0,0.0,1.0,0.0,1.0,2.0,2.0,SPRF-ES,DEL01-ES,UOP01-DEL01-ES,1,grave
2025-09-01,15:10,2025-09-01 15:10:00,2025.0,9.0,segunda,15.0,tarde,ES,SERRA,True,101.0,BR-101,1.0,-20.07018122,-40.36432743,Reação tardia ou ineficiente do condutor,Tombamento,Com Vítimas Feridas,Pleno dia,Crescente,Chuva,Dupla,Curva,Não,0.0,0.0,1.0,1.0,0.0,1.0,2.0,2.0,SPRF-ES,DEL02-ES,UOP01-DEL02-ES,0,moderado
2025-03-19,05:40,2025-03-19 05:40:00,2025.0,3.0,quarta,5.0,madrugada,ES,SERRA,True,101.0,BR-101,3.2,-20.11136907,-40.34649567,Condutor Dormindo,Colisão traseira,Sem Vítimas,Amanhecer,Decrescente,Céu Claro,Simples,Reta,Não,0.0,0.0,0.0,0.0,2.0,4.0,6.0,3.0,SPRF-ES,DEL02-ES,UOP01-DEL02-ES,0,baixo
2025-09-02,19:40,2025-09-02 19:40:00,2025.0,9.0,terca,19.0,noite,ES,VIANA,True,101.0,BR-101,299.0,-20.35783825,-40.42699551,Acumulo de água sobre o pavimento,Colisão com objeto,Sem Vítimas,Plena Noite,Crescente,Chuva,Dupla,Curva,Sim,0.0,0.0,0.0,0.0,1.0,0.0,1.0,1.0,SPRF-ES,DEL01-ES,UOP01-DEL01-ES,0,baixo
2025-09-03,03:20,2025-09-03 03:20:00,2025.0,9.0,quarta,3.0,madrugada,ES,GUARAPARI,True,101.0,BR-101,330.5,-20.59532329,-40.50277124,Ausência de reação do condutor,Tombamento,Sem Vítimas,Plena Noite,Crescente,Céu Claro,Dupla,Curva,Não,0.0,0.0,0.0,0.0,1.0,1.0,2.0,2.0,SPRF-ES,DEL03-ES,UOP01-DEL03-ES,0,baixo
2025-09-06,20:40,2025-09-06 20:40:00,2025.0,9.0,sabado,20.0,noite,ES,VIANA,True,101.0,BR-101,303.0,-20.3827311,-40.4596009,Condutor usando celular,Saída de leito carroçável,Sem Vítimas,Plena Noite,Crescente,Nublado,Múltipla,Reta,Sim,0.0,0.0,0.0,0.0,1.0,1.0,2.0,2.0,SPRF-ES,DEL01-ES,UOP01-DEL01-ES,0,baixo
2025-09-09,15:50,2025-09-09 15:50:00,2025.0,9.0,terca,15.0,tarde,ES,SERRA,True,101.0,BR-101,262.8,-20.1637356,-40.27451181,Falta de acostamento,Colisão lateral mesmo sentido,Com Vítimas Feridas,Pleno dia,Decrescente,Sol,Dupla,Reta,Sim,0.0,0.0,1.0,1.0,1.0,0.0,2.0,2.0,SPRF-ES,DEL02-ES,UOP01-DEL02-ES,0,moderado
2025-09-10,06:30,2025-09-10 06:30:00,2025.0,9.0,quarta,6.0,manha,ES,SERRA,True,101.0,BR-101,14.8,-20.18072549,-40.3403306,Reação tardia ou ineficiente do condutor,Tombamento,Com Vítimas Feridas,Pleno dia,Crescente,Céu Claro,Dupla,Reta,Não,0.0,0.0,1.0,1.0,0.0,0.0,1.0,1.0,SPRF-ES,DEL02-ES,UOP01-DEL02-ES,0,moderado
2025-09-10,19:00,2025-09-10 19:00:00,2025.0,9.0,quarta,19.0,noite,ES,SERRA,True,101.0,BR-101,16.7,-20.07971406,-40.36634445,Ausência de reação do condutor,Colisão com objeto,Sem Vítimas,Plena Noite,Crescente,Céu Claro,Dupla,Curva,Não,0.0,0.0,0.0,0.0,1.0,1.0,2.0,2.0,SPRF-ES,DEL02-ES,UOP01-DEL02-ES,0,baixo
2025-09-10,21:10,2025-09-10 21:10:00,2025.0,9.0,quarta,21.0,noite,ES,VILA VELHA,True,101.0,BR-101,315.0,-20.47643682,-40.47060582,Velocidade Incompatível,Tombamento,Com Vítimas Feridas,Plena Noite,Decrescente,Nublado,Dupla,Aclive;Curva,Não,0.0,0.0,1.0,1.0,0.0,1.0,2.0,2.0,SPRF-ES,DEL01-ES,UOP01-DEL01-ES,0,moderado
2025-09-03,14:00,2025-09-03 14:00:00,2025.0,9.0,quarta,14.0,tarde,ES,SERRA,True,101.0,BR-101,281.0,-20.22191,-40.35798,Acessar a via sem observar a presença dos outros veículos,Colisão traseira,Com Vítimas Feridas,Pleno dia,Crescente,Nublado,Dupla,Retorno Regulamentado;Reta,Não,0.0,0.0,1.0,1.0,5.0,0.0,2.0,6.0,SPRF-ES,DEL02-ES,UOP01-DEL02-ES,0,moderado
2025-09-12,00:00,2025-09-12 00:00:00,2025.0,9.0,sexta,0.0,madrugada,ES,CARIACICA,True,101.0,BR-101,310.0,-20.3372167,-40.384865,Ingestão de álcool pelo condutor,Saída de leito carroçável,Com Vítimas Feridas,Plena Noite,Crescente,Céu Claro,Dupla,Curva,Não,0.0,0.0,1.0,1.0,0.0,0.0,1.0,1.0,SPRF-ES,DEL01-ES,UOP01-DEL01-ES,0,moderado
2025-09-13,05:15,2025-09-13 05:15:00,2025.0,9.0,sabado,5.0,madrugada,ES,CARIACICA,True,101.0,BR-101,294.0,-20.3226261,-40.3951829,Ausência de reação do condutor,Colisão com objeto,Com Vítimas Feridas,Amanhecer,Crescente,Chuva,Dupla,Reta,Não,0.0,0.0,1.0,1.0,1.0,0.0,1.0,2.0,SPRF-ES,DEL01-ES,UOP01-DEL01-ES,0,moderado
2025-09-16,18:50,2025-09-16 18:50:00,2025.0,9.0,terca,18.0,noite,ES,CARIACICA,True,101.0,BR-101,288.0,-20.27330493,-40.39187908,Acessar a via sem observar a presença dos outros veículos,Colisão transversal,Com Vítimas Feridas,Plena Noite,Crescente,Céu Claro,Dupla,Interseção de Vias,Sim,0.0,1.0,0.0,1.0,1.0,1.0,3.0,3.0,SPRF-ES,DEL01-ES,UOP01-DEL01-ES,1,grave
2025-09-17,10:00,2025-09-17 10:00:00,2025.0,9.0,quarta,10.0,manha,ES,FUNDAO,True,101.0,BR-101,229.8,-19.9349553,-40.4055385,Conversão proibida,Colisão transversal,Com Vítimas Feridas,Pleno dia,Crescente,Sol,Simples,Reta,Sim,0.0,1.0,1.0,2.0,1.0,2.0,4.0,4.0,SPRF-ES,DEL02-ES,UOP01-DEL02-ES,1,grave
2025-09-18,21:56,2025-09-18 21:56:00,2025.0,9.0,quinta,21.0,noite,ES,CARIACICA,True,101.0,BR-101,287.0,-20.266128,-40.386141,Condutor deixou de manter distância do veículo da frente,Colisão lateral mesmo sentido,Com Vítimas Feridas,Plena Noite,Crescente,Céu Claro,Dupla,Reta,Sim,0.0,0.0,3.0,3.0,0.0,1.0,2.0,4.0,SPRF-ES,DEL01-ES,UOP01-DEL01-ES,0,moderado
2025-09-19,11:40,2025-09-19 11:40:00,2025.0,9.0,sexta,11.0,manha,ES,SERRA,True,101.0,BR-101,9.0,-20.13582,-40.33955,Avarias e/ou desgaste excessivo no pneu,Colisão traseira,Com Vítimas Feridas,Pleno dia,Crescente,Chuva,Dupla,Reta,Não,0.0,1.0,1.0,2.0,3.0,1.0,4.0,6.0,SPRF-ES,DEL02-ES,UOP01-DEL02-ES,1,grave
2025-09-23,01:30,2025-09-23 01:30:00,2025.0,9.0,terca,1.0,madrugada,ES,VIANA,True,101.0,BR-101,299.9,-20.35722526,-40.43004436,Acessar a via sem observar a presença dos outros veículos,Colisão transversal,Com Vítimas Feridas,Plena Noite,Crescente,Chuva,Dupla,Viaduto;Reta,Sim,0.0,1.0,0.0,1.0,1.0,0.0,2.0,2.0,SPRF-ES,DEL01-ES,UOP01-DEL01-ES,1,grave
2025-09-24,16:15,2025-09-24 16:15:00,2025.0,9.0,quarta,16.0,tarde,ES,SERRA,True,101.0,BR-101,264.0,-20.17761881,-40.26561141,Ausência de reação do condutor,Colisão traseira,Com Vítimas Feridas,Pleno dia,Crescente,Nublado,Múltipla,Reta,Sim,0.0,1.0,0.0,1.0,1.0,2.0,4.0,3.0,SPRF-ES,DEL02-ES,UOP01-DEL02-ES,1,grave
2025-09-25,17:00,2025-09-25 17:00:00,2025.0,9.0,quinta,17.0,tarde,ES,CARIACICA,True,101.0,BR-101,292.7,-20.31286567,-40.39578438,Ausência de reação do condutor,Colisão lateral mesmo sentido,Com Vítimas Feridas,Pleno dia,Crescente,Nublado,Múltipla,Reta,Sim,0.0,1.0,0.0,1.0,0.0,1.0,2.0,2.0,SPRF-ES,DEL01-ES,UOP01-DEL01-ES,1,grave
2025-09-26,10:20,2025-09-26 10:20:00,2025.0,9.0,sexta,10.0,manha,ES,VIANA,True,101.0,BR-101,302.6,-20.373942,-40.442633,Manobra de mudança de faixa,Colisão lateral mesmo sentido,Com Vítimas Feridas,Pleno dia,Crescente,Nublado,Dupla,Reta,Sim,0.0,0.0,2.0,2.0,1.0,1.0,3.0,4.0,SPRF-ES,DEL01-ES,UOP01-DEL01-ES,0,moderado
2025-09-29,06:09,2025-09-29 06:09:00,2025.0,9.0,segunda,6.0,manha,ES,CARIACICA,True,101.0,BR-101,290.0,-20.29395873,-40.39376736,Acessar a via sem observar a presença dos outros veículos,Colisão transversal,Com Vítimas Feridas,Pleno dia,Crescente,Céu Claro,Dupla,Declive;Retorno Regulamentado,Sim,0.0,1.0,0.0,1.0,1.0,2.0,4.0,4.0,SPRF-ES,DEL01-ES,UOP01-DEL01-ES,1,grave
2025-09-30,17:20,2025-09-30 17:20:00,2025.0,9.0,terca,17.0,tarde,ES,SERRA,True,101.0,BR-101,270.4,-20.22775153,-40.27125986,Reação tardia ou ineficiente do condutor,Colisão traseira,Com Vítimas Feridas,Anoitecer,Crescente,Nublado,Múltipla,Reta,Sim,0.0,2.0,1.0,3.0,2.0,0.0,4.0,5.0,SPRF-ES,DEL02-ES,UOP01-DEL02-ES,1,grave
2025-10-02,06:50,2025-10-02 06:50:00,2025.0,10.0,quinta,6.0,manha,ES,VIANA,True,262.0,BR-262,30.0,-20.38371,-40.50002,Demais falhas mecânicas ou elétricas,Incêndio,Sem Vítimas,Pleno dia,Decrescente,Céu Claro,Simples,Curva;Declive,Não,0.0,0.0,0.0,0.0,1.0,3.0,4.0,2.0,SPRF-ES,DEL01-ES,UOP01-DEL01-ES,0,baixo
2025-10-02,10:14,2025-10-02 10:14:00,2025.0,10.0,quinta,10.0,manha,ES,SERRA,True,101.0,BR-101,245.3,-20.05802466,-40.3791068,Manobra de mudança de faixa,Colisão lateral mesmo sentido,Com Vítimas Feridas,Pleno dia,Decrescente,Céu Claro,Dupla,Reta;Em Obras,Não,0.0,0.0,3.0,3.0,1.0,0.0,2.0,4.0,SPRF-ES,DEL02-ES,UOP01-DEL02-ES,0,moderado
2025-10-03,07:00,2025-10-03 07:00:00,2025.0,10.0,sexta,7.0,manha,ES,CARIACICA,True,101.0,BR-101,290.3,-20.292215,-40.3921267,Manobra de mudança de faixa,Colisão lateral mesmo sentido,Com Vítimas Feridas,Pleno dia,Decrescente,Nublado,Dupla,Reta,Sim,0.0,0.0,1.0,1.0,0.0,1.0,2.0,2.0,SPRF-ES,DEL01-ES,UOP01-DEL01-ES,0,moderado
2025-08-14,19:45,2025-08-14 19:45:00,2025.0,8.0,quinta,19.0,noite,ES,SERRA,True,101.0,BR-101,264.6,-20.17860167,-40.26508333,Condutor desrespeitou a iluminação vermelha do semáforo,Colisão transversal,Com Vítimas Feridas,Pleno dia,Crescente,Nublado,Múltipla,Reta,Sim,0.0,0.0,1.0,1.0,0.0,3.0,3.0,4.0,SPRF-ES,DEL02-ES,UOP01-DEL02-ES,0,moderado
2025-10-04,14:25,2025-10-04 14:25:00,2025.0,10.0,sabado,14.0,tarde,ES,GUARAPARI,True,101.0,BR-101,337.0,-20.638364,-40.543931,Manobra de mudança de faixa,Colisão traseira,Com Vítimas Feridas,Pleno dia,Decrescente,Céu Claro,Dupla,Reta,Não,0.0,0.0,2.0,2.0,2.0,2.0,4.0,6.0,SPRF-ES,DEL03-ES,UOP01-DEL03-ES,0,moderado
2025-10-05,13:10,2025-10-05 13:10:00,2025.0,10.0,domingo,13.0,tarde,ES,SERRA,True,101.0,BR-101,255.4,-20.11733,-40.31448833,Condutor deixou de manter distância do veículo da frente,Colisão traseira,Com Vítimas Feridas,Pleno dia,Crescente,Nublado,Simples,Reta,Sim,0.0,0.0,2.0,2.0,1.0,1.0,3.0,4.0,SPRF-ES,DEL02-ES,UOP01-DEL02-ES,0,moderado
2025-09-22,06:40,2025-09-22 06:40:00,2025.0,9.0,segunda,6.0,manha,ES,SERRA,True,101.0,BR-101,270.0,-20.229059,-40.272121,Manobra de mudança de faixa,Colisão lateral mesmo sentido,Com Vítimas Feridas,Pleno dia,Decrescente,Céu Claro,Dupla,Reta,Sim,0.0,0.0,1.0,1.0,0.0,3.0,3.0,4.0,SPRF-ES,DEL02-ES,UOP01-DEL02-ES,0,moderado
2025-07-26,14:00,2025-07-26 14:00:00,2025.0,7.0,sabado,14.0,tarde,ES,SERRA,True,101.0,BR-101,259.0,-20.14223891,-40.29182919,Ultrapassagem Indevida,Colisão frontal,Com Vítimas Feridas,Pleno dia,Crescente,Céu Claro,Simples,Reta,Não,0.0,0.0,1.0,1.0,1.0,0.0,2.0,2.0,SPRF-ES,DEL02-ES,UOP01-DEL02-ES,0,moderado
2025-10-16,19:47,2025-10-16 19:47:00,2025.0,10.0,quinta,19.0,noite,ES,FUNDAO,True,101.0,BR-101,229.0,-19.93462494,-40.40380284,Pedestre andava na pista,Atropelamento de Pedestre,Com Vítimas Feridas,Plena Noite,Decrescente,Céu Claro,Simples,Reta,Não,0.0,0.0,1.0,1.0,1.0,1.0,3.0,3.0,SPRF-ES,DEL02-ES,UOP01-DEL02-ES,0,moderado
2025-10-17,04:50,2025-10-17 04:50:00,2025.0,10.0,sexta,4.0,madrugada,ES,SERRA,True,101.0,BR-101,7.0,-20.124457,-40.34177,Reação tardia ou ineficiente do condutor,Colisão com objeto,Sem Vítimas,Pleno dia,Crescente,Céu Claro,Dupla,Reta,Não,0.0,0.0,0.0,0.0,1.0,1.0,2.0,2.0,SPRF-ES,DEL02-ES,UOP01-DEL02-ES,0,baixo
2025-10-17,06:27,2025-10-17 06:27:00,2025.0,10.0,sexta,6.0,manha,ES,VILA VELHA,True,101.0,BR-101,311.6,-20.439967,-40.459858,Ausência de reação do condutor,Colisão transversal,Com Vítimas Fatais,Pleno dia,Decrescente,Céu Claro,Dupla,Declive;Reta,Não,1.0,0.0,1.0,1.0,1.0,1.0,4.0,4.0,SPRF-ES,DEL01-ES,UOP01-DEL01-ES,1,fatal
2025-10-17,09:59,2025-10-17 09:59:00,2025.0,10.0,sexta,9.0,manha,ES,VIANA,True,101.0,BR-101,301.6,-20.365327,-40.443573,Ausência de reação do condutor,Colisão traseira,Com Vítimas Feridas,Pleno dia,Crescente,Sol,Dupla,Curva,Sim,0.0,0.0,1.0,1.0,2.0,0.0,2.0,3.0,SPRF-ES,DEL01-ES,UOP01-DEL01-ES,0,moderado
2025-10-18,04:30,2025-10-18 04:30:00,2025.0,10.0,sabado,4.0,madrugada,ES,SERRA,True,101.0,BR-101,269.5,-20.22232595,-40.27037412,Curva acentuada,Tombamento,Com Vítimas Feridas,Amanhecer,Crescente,Céu Claro,Dupla,Reta;Retorno Regulamentado,Sim,0.0,0.0,1.0,1.0,0.0,1.0,2.0,2.0,SPRF-ES,DEL02-ES,UOP01-DEL02-ES,0,moderado
2025-10-20,12:48,2025-10-20 12:48:00,2025.0,10.0,segunda,12.0,tarde,ES,FUNDAO,True,101.0,BR-101,233.0,-19.98486955,-40.41403961,Velocidade Incompatível,Colisão lateral mesmo sentido,Com Vítimas Feridas,Pleno dia,Crescente,Céu Claro,Simples,Declive;Reta,Não,0.0,1.0,0.0,1.0,1.0,1.0,3.0,3.0,SPRF-ES,DEL02-ES,UOP01-DEL02-ES,1,grave
2025-10-20,11:30,2025-10-20 11:30:00,2025.0,10.0,segunda,11.0,manha,ES,SERRA,True,101.0,BR-101,268.0,-20.20120597,-40.2689491,Manobra de mudança de faixa,Colisão lateral mesmo sentido,Com Vítimas Feridas,Pleno dia,Decrescente,Nublado,Múltipla,Reta,Não,0.0,0.0,1.0,1.0,1.0,0.0,2.0,2.0,SPRF-ES,DEL02-ES,UOP01-DEL02-ES,0,moderado
2025-10-20,22:00,2025-10-20 22:00:00,2025.0,10.0,segunda,22.0,noite,ES,VILA VELHA,True,101.0,BR-101,318.0,-20.494267,-40.47653,Ausência de reação do condutor,Colisão traseira,Com Vítimas Feridas,Plena Noite,Crescente,Nublado,Dupla,Aclive;Reta,Não,0.0,0.0,2.0,2.0,1.0,0.0,2.0,3.0,SPRF-ES,DEL01-ES,UOP01-DEL01-ES,0,moderado
2025-10-22,10:20,2025-10-22 10:20:00,2025.0,10.0,quarta,10.0,manha,ES,SERRA,True,101.0,BR-101,270.0,-20.22951292,-40.2728641,Pedestre cruzava a pista fora da faixa,Atropelamento de Pedestre,Com Vítimas Feridas,Pleno dia,Decrescente,Céu Claro,Dupla,Reta;Interseção de Vias,Sim,0.0,1.0,0.0,1.0,1.0,0.0,2.0,2.0,SPRF-ES,DEL02-ES,UOP01-DEL02-ES,1,grave
2025-10-22,17:00,2025-10-22 17:00:00,2025.0,10.0,quarta,17.0,tarde,ES,SERRA,True,101.0,BR-101,278.2,-20.216985,-40.332365,Ausência de reação do condutor,Tombamento,Com Vítimas Feridas,Pleno dia,Crescente,Nublado,Simples,Aclive;Curva;Retorno Regulamentado,Sim,0.0,0.0,1.0,1.0,0.0,1.0,2.0,2.0,SPRF-ES,DEL02-ES,UOP01-DEL02-ES,0,moderado
2025-10-22,18:00,2025-10-22 18:00:00,2025.0,10.0,quarta,18.0,noite,ES,SERRA,True,101.0,BR-101,269.0,-20.23232831,-40.27447343,Acessar a via sem observar a presença dos outros veículos,Colisão traseira,Com Vítimas Feridas,Plena Noite,Crescente,Garoa/Chuvisco,Dupla,Reta,Sim,0.0,0.0,1.0,1.0,2.0,0.0,3.0,3.0,SPRF-ES,DEL02-ES,UOP01-DEL02-ES,0,moderado
2025-10-23,22:50,2025-10-23 22:50:00,2025.0,10.0,quinta,22.0,noite,ES,CARIACICA,True,101.0,BR-101,293.6,-20.320897,-40.3960111,Velocidade Incompatível,Tombamento,Com Vítimas Feridas,Plena Noite,Crescente,Céu Claro,Múltipla,Curva,Sim,0.0,0.0,1.0,1.0,0.0,1.0,2.0,2.0,SPRF-ES,DEL01-ES,UOP01-DEL01-ES,0,moderado
2025-10-26,12:07,2025-10-26 12:07:00,2025.0,10.0,domingo,12.0,tarde,ES,SERRA,True,101.0,BR-101,277.9,-20.21698132,-40.32943091,Acessar a via sem observar a presença dos outros veículos,Colisão transversal,Com Vítimas Feridas,Pleno dia,Decrescente,Nublado,Dupla,Retorno Regulamentado;Reta,Não,0.0,1.0,2.0,3.0,1.0,2.0,4.0,5.0,SPRF-ES,DEL02-ES,UOP01-DEL02-ES,1,grave
2025-10-27,08:00,2025-10-27 08:00:00,2025.0,10.0,segunda,8.0,manha,ES,CARIACICA,True,101.0,BR-101,289.2,-20.28326564,-40.39302774,Transitar no Acostamento,Colisão lateral mesmo sentido,Com Vítimas Feridas,Pleno dia,Decrescente,Sol,Dupla,Declive;Reta,Sim,0.0,0.0,1.0,1.0,1.0,0.0,2.0,2.0,SPRF-ES,DEL01-ES,UOP01-DEL01-ES,0,moderado
2025-10-27,10:15,2025-10-27 10:15:00,2025.0,10.0,segunda,10.0,manha,ES,VIANA,True,101.0,BR-101,298.0,-20.35506438,-40.41743207,Trafegar com motocicleta (ou similar) entre as faixas,Colisão lateral mesmo sentido,Com Vítimas Feridas,Pleno dia,Crescente,Céu Claro,Dupla,Reta,Não,0.0,0.0,1.0,1.0,1.0,1.0,3.0,3.0,SPRF-ES,DEL01-ES,UOP01-DEL01-ES,0,moderado
2025-10-30,06:10,2025-10-30 06:10:00,2025.0,10.0,quinta,6.0,manha,ES,SERRA,True,101.0,BR-101,270.0,-20.2273485,-40.27108312,Ausência de reação do condutor,Colisão traseira,Com Vítimas Feridas,Pleno dia,Decrescente,Céu Claro,Dupla,Reta,Sim,0.0,1.0,0.0,1.0,1.0,1.0,3.0,3.0,SPRF-ES,DEL02-ES,UOP01-DEL02-ES,1,grave
2025-10-30,16:45,2025-10-30 16:45:00,2025.0,10.0,quinta,16.0,tarde,ES,CARIACICA,True,101.0,BR-101,297.5,-20.345801,-40.40498,Acessar a via sem observar a presença dos outros veículos,Colisão com objeto,Com Vítimas Feridas,Anoitecer,Crescente,Céu Claro,Dupla,Reta,Não,0.0,0.0,1.0,1.0,1.0,0.0,2.0,2.0,SPRF-ES,DEL01-ES,UOP01-DEL01-ES,0,moderado
2025-10-30,22:30,2025-10-30 22:30:00,2025.0,10.0,quinta,22.0,noite,ES,GUARAPARI,True,101.0,BR-101,333.0,-20.61517645,-40.51410047,Entrada inopinada do pedestre,Atropelamento de Pedestre,Com Vítimas Feridas,Plena Noite,Decrescente,Chuva,Dupla,Curva,Não,0.0,1.0,0.0,1.0,1.0,0.0,2.0,2.0,SPRF-ES,DEL03-ES,UOP01-DEL03-ES,1,grave
2025-11-02,12:55,2025-11-02 12:55:00,2025.0,11.0,domingo,12.0,tarde,ES,FUNDAO,True,101.0,BR-101,234.0,-19.97149,-40.40853,Transitar na contramão,Colisão frontal,Com Vítimas Fatais,Pleno dia,Decrescente,Céu Claro,Simples,Curva,Não,2.0,1.0,1.0,2.0,0.0,1.0,3.0,5.0,SPRF-ES,DEL02-ES,UOP01-DEL02-ES,1,fatal
2025-11-04,10:00,2025-11-04 10:00:00,2025.0,11.0,terca,10.0,manha,ES,SERRA,True,101.0,BR-101,266.5,-20.1955469,-40.2688369,Ausência de reação do condutor,Colisão traseira,Com Vítimas Feridas,Pleno dia,Crescente,Nublado,Múltipla,Interseção de Vias,Sim,0.0,0.0,1.0,1.0,2.0,1.0,3.0,4.0,SPRF-ES,DEL02-ES,UOP01-DEL02-ES,0,moderado
2025-11-12,15:35,2025-11-12 15:35:00,2025.0,11.0,quarta,15.0,tarde,ES,SERRA,True,101.0,BR-101,270.0,-20.04885,-40.3866983,Ausência de reação do condutor,Colisão traseira,Com Vítimas Feridas,Pleno dia,Crescente,Céu Claro,Dupla,Interseção de Vias,Não,0.0,0.0,1.0,1.0,1.0,2.0,4.0,3.0,SPRF-ES,DEL02-ES,UOP01-DEL02-ES,0,moderado
2025-11-13,22:15,2025-11-13 22:15:00,2025.0,11.0,quinta,22.0,noite,ES,SERRA,True,101.0,BR-101,270.0,-20.22811024,-40.27088642,Ausência de reação do condutor,Colisão traseira,Com Vítimas Feridas,Pleno dia,Crescente,Céu Claro,Dupla,Reta,Sim,0.0,0.0,1.0,1.0,3.0,1.0,4.0,5.0,SPRF-ES,DEL02-ES,UOP01-DEL02-ES,0,moderado
2025-11-14,18:30,2025-11-14 18:30:00,2025.0,11.0,sexta,18.0,noite,ES,SERRA,True,101.0,BR-101,246.0,-20.062595,-40.376755,Ausência de reação do condutor,Colisão com objeto,Com Vítimas Fatais,Plena Noite,Crescente,Céu Claro,Simples,Reta;Em Obras;Aclive,Não,1.0,1.0,0.0,1.0,2.0,1.0,3.0,5.0,SPRF-ES,DEL02-ES,UOP01-DEL02-ES,1,fatal
2025-11-16,15:45,2025-11-16 15:45:00,2025.0,11.0,domingo,15.0,tarde,ES,VIANA,True,262.0,BR-262,28.0,-20.38532867,-40.55847947,Faixas de trânsito com largura insuficiente,Queda de ocupante de veículo,Com Vítimas Feridas,Pleno dia,Decrescente,Céu Claro,Simples,Aclive;Curva,Não,0.0,1.0,1.0,2.0,0.0,1.0,2.0,3.0,SPRF-ES,DEL01-ES,UOP01-DEL01-ES,1,grave
2025-11-18,16:10,2025-11-18 16:10:00,2025.0,11.0,terca,16.0,tarde,ES,VIANA,True,101.0,BR-101,302.6,-20.3751245,-40.44264793,Manobra de mudança de faixa,Colisão lateral mesmo sentido,Com Vítimas Feridas,Pleno dia,Decrescente,Céu Claro,Dupla,Curva,Não,0.0,0.0,2.0,2.0,0.0,1.0,2.0,3.0,SPRF-ES,DEL01-ES,UOP01-DEL01-ES,0,moderado
2025-11-19,14:40,2025-11-19 14:40:00,2025.0,11.0,quarta,14.0,tarde,ES,SERRA,True,101.0,BR-101,269.6,-20.22304269,-40.26993206,Acessar a via sem observar a presença dos outros veículos,Colisão transversal,Com Vítimas Feridas,Pleno dia,Crescente,Nublado,Dupla,Interseção de Vias;Reta,Sim,0.0,0.0,1.0,1.0,2.0,1.0,3.0,4.0,SPRF-ES,DEL02-ES,UOP01-DEL02-ES,0,moderado
2025-11-20,15:30,2025-11-20 15:30:00,2025.0,11.0,quinta,15.0,tarde,ES,VILA VELHA,True,101.0,BR-101,315.0,-20.47627387,-40.47067513,Velocidade Incompatível,Capotamento,Com Vítimas Feridas,Pleno dia,Decrescente,Céu Claro,Dupla,Curva,Não,0.0,1.0,0.0,1.0,0.0,1.0,2.0,2.0,SPRF-ES,DEL01-ES,UOP01-DEL01-ES,1,grave
2025-11-21,21:35,2025-11-21 21:35:00,2025.0,11.0,sexta,21.0,noite,ES,VILA VELHA,True,447.0,BR-447,15.6,-20.338072,-40.327415,Entrada inopinada do pedestre,Atropelamento de Pedestre,Com Vítimas Fatais,Plena Noite,Decrescente,Nublado,Dupla,Reta;Ponte,Sim,1.0,0.0,0.0,0.0,0.0,1.0,2.0,2.0,SPRF-ES,DEL01-ES,UOP01-DEL01-ES,1,fatal
2025-11-25,12:04,2025-11-25 12:04:00,2025.0,11.0,terca,12.0,tarde,ES,CARIACICA,True,101.0,BR-101,296.0,-20.340795,-40.40415,Entrada inopinada do pedestre,Colisão transversal,Com Vítimas Feridas,Pleno dia,Decrescente,Céu Claro,Dupla,Reta,Sim,0.0,1.0,0.0,1.0,1.0,1.0,3.0,3.0,SPRF-ES,DEL01-ES,UOP01-DEL01-ES,1,grave
2025-12-01,03:50,2025-12-01 03:50:00,2025.0,12.0,segunda,3.0,madrugada,ES,SERRA,True,101.0,BR-101,270.5,-20.22970333,-40.2726,Condutor desrespeitou a iluminação vermelha do semáforo,Colisão transversal,Com Vítimas Feridas,Amanhecer,Decrescente,Céu Claro,Múltipla,Reta,Sim,0.0,0.0,3.0,3.0,0.0,1.0,3.0,4.0,SPRF-ES,DEL02-ES,UOP01-DEL02-ES,0,moderado
2025-12-01,09:19,2025-12-01 09:19:00,2025.0,12.0,segunda,9.0,manha,ES,SERRA,True,101.0,BR-101,11.0,-20.15203898,-40.34684926,Ausência de reação do condutor,Colisão traseira,Com Vítimas Feridas,Pleno dia,Crescente,Céu Claro,Dupla,Reta,Não,0.0,0.0,2.0,2.0,3.0,0.0,3.0,5.0,SPRF-ES,DEL02-ES,UOP01-DEL02-ES,0,moderado
2025-12-03,23:10,2025-12-03 23:10:00,2025.0,12.0,quarta,23.0,noite,ES,VIANA,True,101.0,BR-101,303.3,-20.3777702,-40.44848442,Estacionar ou parar em local proibido,Colisão traseira,Com Vítimas Feridas,Plena Noite,Crescente,Chuva,Dupla,Reta,Sim,0.0,0.0,1.0,1.0,1.0,1.0,3.0,3.0,SPRF-ES,DEL01-ES,UOP01-DEL01-ES,0,moderado
2025-12-06,18:45,2025-12-06 18:45:00,2025.0,12.0,sabado,18.0,noite,ES,SERRA,True,101.0,BR-101,243.0,-20.04814033,-40.38682955,Acessar a via sem observar a presença dos outros veículos,Colisão transversal,Com Vítimas Feridas,Plena Noite,Decrescente,Nublado,Simples,Reta;Em Obras,Não,0.0,0.0,1.0,1.0,1.0,0.0,2.0,2.0,SPRF-ES,DEL02-ES,UOP01-DEL02-ES,0,moderado
2025-12-11,16:20,2025-12-11 16:20:00,2025.0,12.0,quinta,16.0,tarde,ES,SERRA,True,101.0,BR-101,276.2,-20.20920745,-40.31581074,Acessar a via sem observar a presença dos outros veículos,Colisão transversal,Com Vítimas Feridas,Pleno dia,Crescente,Sol,Dupla,Retorno Regulamentado,Não,0.0,0.0,1.0,1.0,1.0,0.0,2.0,2.0,SPRF-ES,DEL02-ES,UOP01-DEL02-ES,0,moderado
2025-12-12,05:50,2025-12-12 05:50:00,2025.0,12.0,sexta,5.0,madrugada,ES,VILA VELHA,True,101.0,BR-101,315.0,-20.476867,-40.470719,Reação tardia ou ineficiente do condutor,Tombamento,Com Vítimas Feridas,Amanhecer,Crescente,Nublado,Dupla,Aclive;Curva,Não,0.0,0.0,2.0,2.0,0.0,0.0,1.0,2.0,SPRF-ES,DEL01-ES,UOP01-DEL01-ES,0,moderado
2025-12-15,05:00,2025-12-15 05:00:00,2025.0,12.0,segunda,5.0,madrugada,ES,VILA VELHA,True,101.0,BR-101,315.9,-20.47830914,-40.47069426,Velocidade Incompatível,Tombamento,Com Vítimas Fatais,Amanhecer,Decrescente,Céu Claro,Múltipla,Curva;Declive,Não,1.0,0.0,0.0,0.0,0.0,0.0,1.0,1.0,SPRF-ES,DEL01-ES,UOP01-DEL01-ES,1,fatal
2025-12-17,10:00,2025-12-17 10:00:00,2025.0,12.0,quarta,10.0,manha,ES,SERRA,True,101.0,BR-101,263.0,-20.17821939,-40.26548863,Reação tardia ou ineficiente do condutor,Colisão traseira,Com Vítimas Feridas,Pleno dia,Crescente,Céu Claro,Dupla,Reta,Sim,0.0,0.0,1.0,1.0,2.0,0.0,2.0,3.0,SPRF-ES,DEL02-ES,UOP01-DEL02-ES,0,moderado
2025-12-18,08:30,2025-12-18 08:30:00,2025.0,12.0,quinta,8.0,manha,ES,VIANA,True,262.0,BR-262,25.9,-20.3800904,-40.54263067,Demais falhas mecânicas ou elétricas,Incêndio,Sem Vítimas,Pleno dia,Crescente,Céu Claro,Simples,Reta,Não,0.0,0.0,0.0,0.0,1.0,0.0,1.0,1.0,SPRF-ES,DEL01-ES,UOP01-DEL01-ES,0,baixo
2025-12-18,09:30,2025-12-18 09:30:00,2025.0,12.0,quinta,9.0,manha,ES,SERRA,True,101.0,BR-101,270.0,-20.04885,-40.3866983,Manobra de mudança de faixa,Colisão lateral mesmo sentido,Com Vítimas Feridas,Pleno dia,Decrescente,Sol,Múltipla,Reta,Sim,0.0,0.0,1.0,1.0,2.0,1.0,4.0,4.0,SPRF-ES,DEL02-ES,UOP01-DEL02-ES,0,moderado
2025-12-16,19:20,2025-12-16 19:20:00,2025.0,12.0,terca,19.0,noite,ES,SERRA,True,101.0,BR-101,266.0,-20.19588751,-40.26885308,Manobra de mudança de faixa,Colisão lateral mesmo sentido,Sem Vítimas,Pleno dia,Crescente,Céu Claro,Múltipla,Interseção de Vias;Reta,Não,0.0,0.0,0.0,0.0,4.0,2.0,4.0,5.0,SPRF-ES,DEL02-ES,UOP01-DEL02-ES,0,baixo
2025-12-22,04:20,2025-12-22 04:20:00,2025.0,12.0,segunda,4.0,madrugada,ES,CARIACICA,True,101.0,BR-101,296.0,-20.34241663,-40.4053645,Acesso irregular,Colisão frontal,Com Vítimas Fatais,Plena Noite,Crescente,Céu Claro,Múltipla,Reta,Sim,1.0,0.0,0.0,0.0,1.0,2.0,4.0,4.0,SPRF-ES,DEL01-ES,UOP01-DEL01-ES,1,fatal
2025-12-22,13:50,2025-12-22 13:50:00,2025.0,12.0,segunda,13.0,tarde,ES,CARIACICA,True,101.0,BR-101,288.5,-20.27532121,-40.39228678,Velocidade Incompatível,Colisão com objeto,Com Vítimas Feridas,Pleno dia,Decrescente,Céu Claro,Dupla,Curva,Sim,0.0,3.0,0.0,3.0,1.0,1.0,3.0,5.0,SPRF-ES,DEL01-ES,UOP01-DEL01-ES,1,grave
2025-12-23,14:30,2025-12-23 14:30:00,2025.0,12.0,terca,14.0,tarde,ES,VIANA,True,101.0,BR-101,310.0,-20.426109,-40.460255,Condutor deixou de manter distância do veículo da frente,Colisão traseira,Com Vítimas Feridas,Pleno dia,Decrescente,Sol,Dupla,Aclive;Curva,Não,0.0,0.0,2.0,2.0,1.0,1.0,3.0,4.0,SPRF-ES,DEL01-ES,UOP01-DEL01-ES,0,moderado
2025-12-30,04:00,2025-12-30 04:00:00,2025.0,12.0,terca,4.0,madrugada,ES,CARIACICA,True,101.0,BR-101,296.0,-20.3420281,-40.40477514,Velocidade Incompatível,Tombamento,Com Vítimas Feridas,Plena Noite,Decrescente,Céu Claro,Múltipla,Curva,Sim,0.0,0.0,1.0,1.0,0.0,8.0,9.0,2.0,SPRF-ES,DEL01-ES,UOP01-DEL01-ES,0,moderado
2025-12-30,15:50,2025-12-30 15:50:00,2025.0,12.0,terca,15.0,tarde,ES,SERRA,True,101.0,BR-101,272.5,-20.22334,-40.28807333,Condutor deixou de manter distância do veículo da frente,Colisão traseira,Com Vítimas Feridas,Pleno dia,Crescente,Sol,Dupla,Reta,Não,0.0,0.0,1.0,1.0,3.0,0.0,3.0,4.0,SPRF-ES,DEL02-ES,UOP01-DEL02-ES,0,moderado
2025-02-08,12:00,2025-02-08 12:00:00,2025.0,2.0,sabado,12.0,tarde,ES,CARIACICA,True,101.0,BR-101,294.6,-20.32983151,-40.39897619,Condutor deixou de manter distância do veículo da frente,Colisão traseira,Com Vítimas Feridas,Pleno dia,Crescente,Sol,Múltipla,Viaduto;Declive;Reta,Sim,0.0,0.0,1.0,1.0,7.0,1.0,4.0,9.0,SPRF-ES,DEL01-ES,UOP01-DEL01-ES,0,moderado
2025-09-30,06:10,2025-09-30 06:10:00,2025.0,9.0,terca,6.0,manha,ES,CARIACICA,True,101.0,BR-101,283.0,-20.23463248,-40.36945009,Condutor deixou de manter distância do veículo da frente,Colisão traseira,Com Vítimas Feridas,Pleno dia,Crescente,Nublado,Dupla,Curva,Sim,0.0,1.0,1.0,2.0,2.0,1.0,5.0,5.0,SPRF-ES,DEL01-ES,UOP01-DEL01-ES,1,grave
2025-11-19,06:45,2025-11-19 06:45:00,2025.0,11.0,quarta,6.0,manha,ES,VIANA,True,101.0,BR-101,299.0,-20.35866585,-40.42450847,Condutor deixou de manter distância do veículo da frente,Colisão traseira,Com Vítimas Feridas,Pleno dia,Decrescente,Chuva,Múltipla,Curva,Sim,0.0,0.0,1.0,1.0,0.0,1.0,2.0,2.0,SPRF-ES,DEL01-ES,UOP01-DEL01-ES,0,moderado
2025-01-01,18:40,2025-01-01 18:40:00,2025.0,1.0,quarta,18.0,noite,ES,CARIACICA,True,101.0,BR-101,288.3,-20.2738116,-40.39210439,Demais falhas mecânicas ou elétricas,Colisão com objeto,Com Vítimas Feridas,Plena Noite,Crescente,Nublado,Dupla,Reta,Sim,0.0,0.0,1.0,1.0,0.0,0.0,1.0,1.0,SPRF-ES,DEL01-ES,UOP01-DEL01-ES,0,moderado
2025-01-03,07:00,2025-01-03 07:00:00,2025.0,1.0,sexta,7.0,manha,ES,CARIACICA,True,101.0,BR-101,294.0,-20.32415948,-40.3952903,Reação tardia ou ineficiente do condutor,Colisão lateral mesmo sentido,Com Vítimas Feridas,Pleno dia,Crescente,Céu Claro,Múltipla,Reta,Sim,0.0,0.0,1.0,1.0,1.0,0.0,2.0,2.0,SPRF-ES,DEL01-ES,UOP01-DEL01-ES,0,moderado
2025-01-04,17:55,2025-01-04 17:55:00,2025.0,1.0,sabado,17.0,tarde,ES,SERRA,True,101.0,BR-101,271.5,-20.23267,-40.27658,Transitar na contramão,Colisão lateral sentido oposto,Com Vítimas Feridas,Anoitecer,Decrescente,Céu Claro,Dupla,Reta,Não,0.0,0.0,1.0,1.0,1.0,0.0,2.0,2.0,SPRF-ES,DEL02-ES,UOP01-DEL02-ES,0,moderado
2025-01-05,20:40,2025-01-05 20:40:00,2025.0,1.0,domingo,20.0,noite,ES,SERRA,True,101.0,BR-101,256.2,-20.119123,-40.311005,Acessar a via sem observar a presença dos outros veículos,Capotamento,Com Vítimas Feridas,Plena Noite,Decrescente,Chuva,Múltipla,Reta,Sim,0.0,1.0,0.0,1.0,0.0,0.0,1.0,1.0,SPRF-ES,DEL02-ES,UOP01-DEL02-ES,1,grave
2025-01-05,22:48,2025-01-05 22:48:00,2025.0,1.0,domingo,22.0,noite,ES,SERRA,True,101.0,BR-101,263.0,-20.16554736,-40.27301648,Manobra de mudança de faixa,Colisão lateral mesmo sentido,Com Vítimas Feridas,Plena Noite,Crescente,Nublado,Dupla,Reta,Sim,0.0,0.0,3.0,3.0,1.0,0.0,2.0,4.0,SPRF-ES,DEL02-ES,UOP01-DEL02-ES,0,moderado
2025-01-06,19:00,2025-01-06 19:00:00,2025.0,1.0,segunda,19.0,noite,ES,SERRA,True,101.0,BR-101,265.9,-20.1816849,-40.26536036,Manobra de mudança de faixa,Colisão lateral mesmo sentido,Com Vítimas Feridas,Plena Noite,Decrescente,Chuva,Múltipla,Reta,Sim,0.0,0.0,1.0,1.0,1.0,0.0,2.0,2.0,SPRF-ES,DEL02-ES,UOP01-DEL02-ES,0,moderado
2025-01-07,08:00,2025-01-07 08:00:00,2025.0,1.0,terca,8.0,manha,ES,CARIACICA,True,101.0,BR-101,295.0,-20.33223667,-40.40004683,Manobra de mudança de faixa,Colisão traseira,Com Vítimas Feridas,Pleno dia,Crescente,Céu Claro,Dupla,Reta,Não,0.0,0.0,2.0,2.0,1.0,0.0,2.0,3.0,SPRF-ES,DEL01-ES,UOP01-DEL01-ES,0,moderado
2025-01-08,06:58,2025-01-08 06:58:00,2025.0,1.0,quarta,6.0,manha,ES,VIANA,True,101.0,BR-101,299.9,-20.358635,-40.432167,Condutor usando celular,Colisão traseira,Com Vítimas Feridas,Pleno dia,Crescente,Nublado,Múltipla,Curva,Não,0.0,2.0,0.0,2.0,2.0,0.0,3.0,4.0,SPRF-ES,DEL01-ES,UOP01-DEL01-ES,1,grave
2025-01-08,07:50,2025-01-08 07:50:00,2025.0,1.0,quarta,7.0,manha,ES,SERRA,True,101.0,BR-101,267.1,-20.19930999,-40.26884609,Manobra de mudança de faixa,Colisão lateral mesmo sentido,Com Vítimas Feridas,Pleno dia,Crescente,Céu Claro,Dupla,Reta,Sim,0.0,0.0,1.0,1.0,1.0,0.0,2.0,2.0,SPRF-ES,DEL02-ES,UOP01-DEL02-ES,0,moderado
2025-01-08,18:31,2025-01-08 18:31:00,2025.0,1.0,quarta,18.0,noite,ES,SERRA,True,101.0,BR-101,260.8,-20.14616415,-40.28836206,Afundamento ou ondulação no pavimento,Queda de ocupante de veículo,Com Vítimas Feridas,Plena Noite,Decrescente,Chuva,Simples,Curva,Não,0.0,0.0,1.0,1.0,0.0,0.0,1.0,1.0,SPRF-ES,DEL02-ES,UOP01-DEL02-ES,0,moderado
2025-01-09,07:00,2025-01-09 07:00:00,2025.0,1.0,quinta,7.0,manha,ES,SERRA,True,101.0,BR-101,269.8,-20.21740496,-40.26990578,Ausência de reação do condutor,Colisão traseira,Com Vítimas Feridas,Pleno dia,Crescente,Chuva,Dupla,Reta,Sim,0.0,0.0,1.0,1.0,1.0,0.0,2.0,2.0,SPRF-ES,DEL02-ES,UOP01-DEL02-ES,0,moderado
2025-01-09,14:08,2025-01-09 14:08:00,2025.0,1.0,quinta,14.0,tarde,ES,CARIACICA,True,262.0,BR-262,0.5,-20.320793,-40.353315,Avarias e/ou desgaste excessivo no pneu,Colisão com objeto,Com Vítimas Feridas,Pleno dia,Decrescente,Nublado,Dupla,Reta;Ponte,Sim,0.0,1.0,0.0,1.0,0.0,0.0,1.0,1.0,SPRF-ES,DEL01-ES,UOP01-DEL01-ES,1,grave
2025-01-09,20:20,2025-01-09 20:20:00,2025.0,1.0,quinta,20.0,noite,ES,SERRA,True,101.0,BR-101,278.2,-20.21698365,-40.32974606,Chuva,Tombamento,Com Vítimas Feridas,Plena Noite,Crescente,Céu Claro,Múltipla,Reta,Sim,0.0,2.0,0.0,2.0,0.0,0.0,1.0,2.0,SPRF-ES,DEL02-ES,UOP01-DEL02-ES,1,grave
2025-01-09,21:47,2025-01-09 21:47:00,2025.0,1.0,quinta,21.0,noite,ES,SERRA,True,101.0,BR-101,258.6,-20.13059888,-40.2961019,Acumulo de água sobre o pavimento,Capotamento,Com Vítimas Feridas,Plena Noite,Decrescente,Nublado,Dupla,Reta,Sim,0.0,0.0,1.0,1.0,2.0,0.0,1.0,3.0,SPRF-ES,DEL02-ES,UOP01-DEL02-ES,0,moderado
2025-01-10,08:30,2025-01-10 08:30:00,2025.0,1.0,sexta,8.0,manha,ES,SERRA,True,101.0,BR-101,271.9,-20.2266966,-40.2851416,Condutor deixou de manter distância do veículo da frente,Colisão lateral mesmo sentido,Com Vítimas Feridas,Pleno dia,Decrescente,Nublado,Múltipla,Reta;Aclive,Sim,0.0,0.0,1.0,1.0,1.0,0.0,2.0,2.0,SPRF-ES,DEL02-ES,UOP01-DEL02-ES,0,moderado
2025-01-10,08:20,2025-01-10 08:20:00,2025.0,1.0,sexta,8.0,manha,ES,SERRA,True,101.0,BR-101,269.8,-20.21740496,-40.26990578,Reação tardia ou ineficiente do condutor,Colisão com objeto,Com Vítimas Feridas,Pleno dia,Crescente,Sol,Dupla,Reta,Sim,0.0,0.0,1.0,1.0,2.0,0.0,3.0,3.0,SPRF-ES,DEL02-ES,UOP01-DEL02-ES,0,moderado
2025-01-11,15:30,2025-01-11 15:30:00,2025.0,1.0,sabado,15.0,tarde,ES,CARIACICA,True,101.0,BR-101,288.9,-20.27160351,-40.39091743,Manobra de mudança de faixa,Colisão traseira,Com Vítimas Feridas,Pleno dia,Decrescente,Sol,Dupla,Reta,Sim,0.0,0.0,1.0,1.0,1.0,0.0,2.0,2.0,SPRF-ES,DEL01-ES,UOP01-DEL01-ES,0,moderado
2025-01-11,23:00,2025-01-11 23:00:00,2025.0,1.0,sabado,23.0,noite,ES,CARIACICA,True,262.0,BR-262,1.0,-20.32955204,-40.35492602,Velocidade Incompatível,Colisão traseira,Com Vítimas Feridas,Plena Noite,Crescente,Ignorado,Dupla,Reta;Ponte,Não,0.0,0.0,2.0,2.0,0.0,0.0,2.0,2.0,SPRF-ES,DEL01-ES,UOP01-DEL01-ES,0,moderado
2025-01-12,00:45,2025-01-12 00:45:00,2025.0,1.0,domingo,0.0,madrugada,ES,SERRA,True,101.0,BR-101,269.8,-20.21740496,-40.26990578,Condutor desrespeitou a iluminação vermelha do semáforo,Colisão transversal,Com Vítimas Feridas,Plena Noite,Decrescente,Nublado,Múltipla,Reta,Sim,0.0,1.0,0.0,1.0,2.0,1.0,4.0,4.0,SPRF-ES,DEL02-ES,UOP01-DEL02-ES,1,grave
2025-01-12,15:00,2025-01-12 15:00:00,2025.0,1.0,domingo,15.0,tarde,ES,SERRA,True,101.0,BR-101,273.2,-20.22029207,-40.29048811,Frear bruscamente,Colisão traseira,Sem Vítimas,Pleno dia,Crescente,Céu Claro,Múltipla,Reta,Não,0.0,0.0,0.0,0.0,13.0,0.0,2.0,13.0,SPRF-ES,DEL02-ES,UOP01-DEL02-ES,0,baixo
2025-01-14,16:45,2025-01-14 16:45:00,2025.0,1.0,terca,16.0,tarde,ES,SERRA,True,101.0,BR-101,262.9,-20.166139,-40.272574,Trafegar com motocicleta (ou similar) entre as faixas,Colisão lateral mesmo sentido,Com Vítimas Feridas,Pleno dia,Decrescente,Nublado,Dupla,Reta;Declive,Sim,0.0,0.0,1.0,1.0,1.0,0.0,2.0,2.0,SPRF-ES,DEL02-ES,UOP01-DEL02-ES,0,moderado
2025-01-16,15:35,2025-01-16 15:35:00,2025.0,1.0,quinta,15.0,tarde,ES,SERRA,True,101.0,BR-101,274.0,-20.21288515,-40.29612219,Reação tardia ou ineficiente do condutor,Tombamento,Com Vítimas Feridas,Pleno dia,Decrescente,Céu Claro,Dupla,Reta,Não,0.0,0.0,1.0,1.0,1.0,0.0,1.0,2.0,SPRF-ES,DEL02-ES,UOP01-DEL02-ES,0,moderado
2025-01-16,23:30,2025-01-16 23:30:00,2025.0,1.0,quinta,23.0,noite,ES,SERRA,True,101.0,BR-101,266.8,-20.190199,-40.26828891,Chuva,Queda de ocupante de veículo,Com Vítimas Feridas,Plena Noite,Decrescente,Chuva,Dupla,Reta,Sim,0.0,0.0,1.0,1.0,0.0,0.0,1.0,1.0,SPRF-ES,DEL02-ES,UOP01-DEL02-ES,0,moderado
2025-01-17,07:15,2025-01-17 07:15:00,2025.0,1.0,sexta,7.0,manha,ES,SERRA,True,101.0,BR-101,270.2,-20.28166144,-40.24291992,Acessar a via sem observar a presença dos outros veículos,Colisão transversal,Com Vítimas Feridas,Pleno dia,Crescente,Céu Claro,Dupla,Reta,Sim,0.0,0.0,1.0,1.0,1.0,0.0,2.0,2.0,SPRF-ES,DEL02-ES,UOP01-DEL02-ES,0,moderado
2025-01-17,19:15,2025-01-17 19:15:00,2025.0,1.0,sexta,19.0,noite,ES,SERRA,True,101.0,BR-101,256.0,-20.119123,-40.311005,Acesso irregular,Colisão transversal,Com Vítimas Feridas,Plena Noite,Crescente,Céu Claro,Simples,Aclive,Sim,0.0,0.0,1.0,1.0,1.0,1.0,3.0,3.0,SPRF-ES,DEL02-ES,UOP01-DEL02-ES,0,moderado
2025-01-18,15:40,2025-01-18 15:40:00,2025.0,1.0,sabado,15.0,tarde,ES,GUARAPARI,True,101.0,BR-101,329.3,-20.58543019,-40.49702183,Condutor deixou de manter distância do veículo da frente,Colisão traseira,Com Vítimas Feridas,Pleno dia,Crescente,Céu Claro,Dupla,Reta,Não,0.0,1.0,0.0,1.0,5.0,0.0,2.0,6.0,SPRF-ES,DEL03-ES,UOP01-DEL03-ES,1,grave
2025-01-19,18:54,2025-01-19 18:54:00,2025.0,1.0,domingo,18.0,noite,ES,SERRA,True,101.0,BR-101,274.4,-20.21288515,-40.29612219,Demais falhas mecânicas ou elétricas,Incêndio,Sem Vítimas,Plena Noite,Decrescente,Céu Claro,Simples,Reta,Não,0.0,0.0,0.0,0.0,1.0,0.0,1.0,1.0,SPRF-ES,DEL02-ES,UOP01-DEL02-ES,0,baixo
2025-01-20,05:51,2025-01-20 05:51:00,2025.0,1.0,segunda,5.0,madrugada,ES,VIANA,True,262.0,BR-262,18.0,-20.39137228,-40.48080285,Pedestre cruzava a pista fora da faixa,Atropelamento de Pedestre,Com Vítimas Feridas,Pleno dia,Decrescente,Sol,Simples,Reta,Sim,0.0,0.0,1.0,1.0,1.0,0.0,2.0,2.0,SPRF-ES,DEL01-ES,UOP01-DEL01-ES,0,moderado
2025-01-20,11:45,2025-01-20 11:45:00,2025.0,1.0,segunda,11.0,manha,ES,SERRA,True,101.0,BR-101,258.0,-20.13059888,-40.2961019,Velocidade Incompatível,Colisão traseira,Com Vítimas Feridas,Pleno dia,Decrescente,Sol,Dupla,Reta;Aclive,Sim,0.0,0.0,1.0,1.0,1.0,0.0,2.0,2.0,SPRF-ES,DEL02-ES,UOP01-DEL02-ES,0,moderado
2025-01-21,06:30,2025-01-21 06:30:00,2025.0,1.0,terca,6.0,manha,ES,SERRA,True,101.0,BR-101,265.0,-20.1816849,-40.26536036,Reação tardia ou ineficiente do condutor,Tombamento,Com Vítimas Feridas,Pleno dia,Crescente,Sol,Dupla,Reta,Sim,0.0,0.0,2.0,2.0,0.0,0.0,1.0,2.0,SPRF-ES,DEL02-ES,UOP01-DEL02-ES,0,moderado
2025-01-21,10:15,2025-01-21 10:15:00,2025.0,1.0,terca,10.0,manha,ES,CARIACICA,True,101.0,BR-101,288.0,-20.27160351,-40.39091743,Ausência de reação do condutor,Colisão transversal,Com Vítimas Fatais,Pleno dia,Crescente,Céu Claro,Dupla,Reta;Retorno Regulamentado,Sim,1.0,0.0,0.0,0.0,2.0,0.0,3.0,3.0,SPRF-ES,DEL01-ES,UOP01-DEL01-ES,1,fatal
2025-01-22,14:15,2025-01-22 14:15:00,2025.0,1.0,quarta,14.0,tarde,ES,SERRA,True,101.0,BR-101,280.9,-20.21828666,-40.34895595,Pista esburacada,Tombamento,Com Vítimas Feridas,Pleno dia,Crescente,Céu Claro,Simples,Reta,Não,0.0,0.0,1.0,1.0,0.0,0.0,1.0,1.0,SPRF-ES,DEL02-ES,UOP01-DEL02-ES,0,moderado
2025-01-23,16:10,2025-01-23 16:10:00,2025.0,1.0,quinta,16.0,tarde,ES,VIANA,True,101.0,BR-101,301.9,-20.36278187,-40.4401343,Demais falhas mecânicas ou elétricas,Tombamento,Com Vítimas Feridas,Pleno dia,Crescente,Céu Claro,Dupla,Curva,Sim,0.0,0.0,2.0,2.0,0.0,0.0,1.0,2.0,SPRF-ES,DEL01-ES,UOP01-DEL01-ES,0,moderado
2025-01-23,22:00,2025-01-23 22:00:00,2025.0,1.0,quinta,22.0,noite,ES,SERRA,True,101.0,BR-101,266.3,-20.190199,-40.26828891,Acessar a via sem observar a presença dos outros veículos,Colisão transversal,Com Vítimas Feridas,Plena Noite,Crescente,Garoa/Chuvisco,Dupla,Reta,Sim,0.0,0.0,1.0,1.0,1.0,0.0,2.0,2.0,SPRF-ES,DEL02-ES,UOP01-DEL02-ES,0,moderado
2025-01-23,23:30,2025-01-23 23:30:00,2025.0,1.0,quinta,23.0,noite,ES,CARIACICA,True,101.0,BR-101,289.4,-20.28029304,-40.39302931,Reação tardia ou ineficiente do condutor,Colisão traseira,Com Vítimas Feridas,Plena Noite,Crescente,Céu Claro,Dupla,Aclive,Sim,0.0,0.0,1.0,1.0,0.0,2.0,2.0,3.0,SPRF-ES,DEL01-ES,UOP01-DEL01-ES,0,moderado
2025-01-24,17:08,2025-01-24 17:08:00,2025.0,1.0,sexta,17.0,tarde,ES,SERRA,True,101.0,BR-101,242.0,-20.0321348,-40.39675773,Ausência de reação do condutor,Tombamento,Com Vítimas Feridas,Pleno dia,Crescente,Céu Claro,Múltipla,Curva,Não,0.0,0.0,1.0,1.0,0.0,0.0,1.0,1.0,SPRF-ES,DEL02-ES,UOP01-DEL02-ES,0,moderado
2025-01-24,17:00,2025-01-24 17:00:00,2025.0,1.0,sexta,17.0,tarde,ES,SERRA,True,101.0,BR-101,6.9,-20.129093,-40.308125,Ingestão de álcool pelo condutor,Colisão traseira,Sem Vítimas,Pleno dia,Decrescente,Céu Claro,Simples,Reta,Não,0.0,0.0,0.0,0.0,5.0,0.0,2.0,5.0,SPRF-ES,DEL02-ES,UOP01-DEL02-ES,0,baixo
2025-01-24,21:00,2025-01-24 21:00:00,2025.0,1.0,sexta,21.0,noite,ES,SERRA,True,101.0,BR-101,266.3,-20.190199,-40.26828891,Frear bruscamente,Colisão traseira,Com Vítimas Feridas,Plena Noite,Decrescente,Céu Claro,Dupla,Reta,Não,0.0,0.0,1.0,1.0,0.0,1.0,2.0,2.0,SPRF-ES,DEL02-ES,UOP01-DEL02-ES,0,moderado
2025-01-25,01:05,2025-01-25 01:05:00,2025.0,1.0,sabado,1.0,madrugada,ES,CARIACICA,True,101.0,BR-101,282.5,-20.22694,-40.36458,Avarias e/ou desgaste excessivo no pneu,Queda de ocupante de veículo,Com Vítimas Feridas,Plena Noite,Crescente,Céu Claro,Dupla,Ponte;Reta,Não,0.0,0.0,1.0,1.0,1.0,0.0,1.0,2.0,SPRF-ES,DEL01-ES,UOP01-DEL01-ES,0,moderado
2025-01-25,10:52,2025-01-25 10:52:00,2025.0,1.0,sabado,10.0,manha,ES,GUARAPARI,True,101.0,BR-101,321.0,-20.520908,-40.478306,Avarias e/ou desgaste excessivo no pneu,Tombamento,Com Vítimas Feridas,Pleno dia,Decrescente,Céu Claro,Dupla,Reta,Sim,0.0,0.0,2.0,2.0,0.0,0.0,1.0,2.0,SPRF-ES,DEL03-ES,UOP01-DEL03-ES,0,moderado
2025-01-25,20:00,2025-01-25 20:00:00,2025.0,1.0,sabado,20.0,noite,ES,SERRA,True,101.0,BR-101,258.0,-20.13059888,-40.2961019,Manobra de mudança de faixa,Colisão lateral mesmo sentido,Com Vítimas Feridas,Plena Noite,Decrescente,Céu Claro,Dupla,Reta;Declive,Sim,0.0,0.0,1.0,1.0,1.0,0.0,2.0,2.0,SPRF-ES,DEL02-ES,UOP01-DEL02-ES,0,moderado
2025-01-26,21:15,2025-01-26 21:15:00,2025.0,1.0,domingo,21.0,noite,ES,GUARAPARI,True,101.0,BR-101,331.9,-20.60149301,-40.50248706,Transitar no Acostamento,Atropelamento de Pedestre,Com Vítimas Fatais,Plena Noite,Crescente,Nublado,Dupla,Reta,Não,1.0,0.0,0.0,0.0,0.0,1.0,2.0,2.0,SPRF-ES,DEL03-ES,UOP01-DEL03-ES,1,fatal
2025-01-27,05:40,2025-01-27 05:40:00,2025.0,1.0,segunda,5.0,madrugada,ES,SERRA,True,101.0,BR-101,267.9,-20.19930999,-40.26884609,Condutor deixou de manter distância do veículo da frente,Colisão traseira,Com Vítimas Feridas,Amanhecer,Crescente,Céu Claro,Dupla,Reta,Sim,0.0,0.0,1.0,1.0,0.0,1.0,2.0,2.0,SPRF-ES,DEL02-ES,UOP01-DEL02-ES,0,moderado
2025-01-27,06:50,2025-01-27 06:50:00,2025.0,1.0,segunda,6.0,manha,ES,SERRA,True,101.0,BR-101,268.0,-20.20842,-40.269405,Condutor deixou de manter distância do veículo da frente,Colisão traseira,Com Vítimas Feridas,Pleno dia,Decrescente,Céu Claro,Dupla,Reta,Sim,0.0,0.0,1.0,1.0,1.0,0.0,2.0,2.0,SPRF-ES,DEL02-ES,UOP01-DEL02-ES,0,moderado
2025-01-27,12:30,2025-01-27 12:30:00,2025.0,1.0,segunda,12.0,tarde,ES,SERRA,True,101.0,BR-101,270.3,-20.22662056,-40.27075088,Ausência de reação do condutor,Colisão traseira,Com Vítimas Feridas,Pleno dia,Decrescente,Sol,Dupla,Reta,Sim,0.0,0.0,1.0,1.0,1.0,0.0,2.0,2.0,SPRF-ES,DEL02-ES,UOP01-DEL02-ES,0,moderado
2025-01-28,07:37,2025-01-28 07:37:00,2025.0,1.0,terca,7.0,manha,ES,SERRA,True,101.0,BR-101,267.0,-20.19930999,-40.26884609,Demais falhas mecânicas ou elétricas,Queda de ocupante de veículo,Com Vítimas Feridas,Pleno dia,Crescente,Céu Claro,Dupla,Reta,Sim,0.0,0.0,1.0,1.0,0.0,1.0,2.0,2.0,SPRF-ES,DEL02-ES,UOP01-DEL02-ES,0,moderado
2025-01-28,12:55,2025-01-28 12:55:00,2025.0,1.0,terca,12.0,tarde,ES,VIANA,True,101.0,BR-101,304.0,-20.3800645,-40.45431391,Ausência de reação do condutor,Colisão traseira,Com Vítimas Feridas,Pleno dia,Crescente,Sol,Dupla,Reta,Não,0.0,0.0,1.0,1.0,1.0,0.0,2.0,2.0,SPRF-ES,DEL01-ES,UOP01-DEL01-ES,0,moderado
2025-01-28,15:10,2025-01-28 15:10:00,2025.0,1.0,terca,15.0,tarde,ES,CARIACICA,True,101.0,BR-101,283.0,-20.23074547,-40.3673047,Transitar na contramão,Colisão frontal,Com Vítimas Feridas,Pleno dia,Decrescente,Céu Claro,Simples,Curva;Retorno Regulamentado,Sim,0.0,1.0,0.0,1.0,2.0,0.0,2.0,3.0,SPRF-ES,DEL01-ES,UOP01-DEL01-ES,1,grave
2025-01-30,05:50,2025-01-30 05:50:00,2025.0,1.0,quinta,5.0,madrugada,ES,CARIACICA,True,101.0,BR-101,292.0,-20.30650512,-40.39488717,Desrespeitar a preferência no cruzamento,Colisão transversal,Com Vítimas Feridas,Pleno dia,Decrescente,Céu Claro,Simples,Reta,Sim,0.0,2.0,0.0,2.0,1.0,0.0,2.0,3.0,SPRF-ES,DEL01-ES,UOP01-DEL01-ES,1,grave
2025-01-30,07:35,2025-01-30 07:35:00,2025.0,1.0,quinta,7.0,manha,ES,CARIACICA,True,101.0,BR-101,287.9,-20.26493528,-40.38471702,Transitar no Acostamento,Colisão transversal,Com Vítimas Feridas,Pleno dia,Decrescente,Sol,Dupla,Reta,Sim,0.0,0.0,1.0,1.0,1.0,0.0,2.0,2.0,SPRF-ES,DEL01-ES,UOP01-DEL01-ES,0,moderado
2025-01-30,08:20,2025-01-30 08:20:00,2025.0,1.0,quinta,8.0,manha,ES,SERRA,True,101.0,BR-101,279.5,-20.2184297,-40.3447046,Condutor deixou de manter distância do veículo da frente,Colisão traseira,Com Vítimas Feridas,Pleno dia,Decrescente,Céu Claro,Dupla,Reta,Sim,0.0,1.0,0.0,1.0,0.0,1.0,2.0,2.0,SPRF-ES,DEL02-ES,UOP01-DEL02-ES,1,grave
2025-01-30,11:05,2025-01-30 11:05:00,2025.0,1.0,quinta,11.0,manha,ES,CARIACICA,True,101.0,BR-101,295.0,-20.33223667,-40.40004683,Ausência de reação do condutor,Colisão traseira,Sem Vítimas,Pleno dia,Crescente,Céu Claro,Simples,Reta,Sim,0.0,0.0,0.0,0.0,2.0,0.0,2.0,2.0,SPRF-ES,DEL01-ES,UOP01-DEL01-ES,0,baixo
2025-01-30,13:30,2025-01-30 13:30:00,2025.0,1.0,quinta,13.0,tarde,ES,SERRA,True,101.0,BR-101,270.8,-20.23173793,-40.27412653,Demais falhas mecânicas ou elétricas,Tombamento,Com Vítimas Feridas,Pleno dia,Crescente,Sol,Múltipla,Reta,Sim,0.0,0.0,2.0,2.0,0.0,0.0,1.0,2.0,SPRF-ES,DEL02-ES,UOP01-DEL02-ES,0,moderado
2025-01-30,15:10,2025-01-30 15:10:00,2025.0,1.0,quinta,15.0,tarde,ES,VILA VELHA,True,0.0,BR-0,0.0,-20.48693316,-40.35321604,Curva acentuada,Colisão com objeto,Sem Vítimas,Pleno dia,Não Informado,Céu Claro,Simples,Curva,Sim,0.0,0.0,0.0,0.0,6.0,0.0,2.0,6.0,SPRF-ES,DEL01-ES,UOP01-DEL01-ES,0,baixo
2025-01-31,16:00,2025-01-31 16:00:00,2025.0,1.0,sexta,16.0,tarde,ES,SERRA,True,101.0,BR-101,267.1,-20.19930999,-40.26884609,Velocidade Incompatível,Colisão traseira,Com Vítimas Feridas,Pleno dia,Decrescente,Sol,Múltipla,Reta,Sim,0.0,0.0,1.0,1.0,1.0,0.0,2.0,2.0,SPRF-ES,DEL02-ES,UOP01-DEL02-ES,0,moderado
2025-01-31,18:20,2025-01-31 18:20:00,2025.0,1.0,sexta,18.0,noite,ES,SERRA,True,101.0,BR-101,266.9,-20.190199,-40.26828891,Ausência de reação do condutor,Colisão lateral mesmo sentido,Com Vítimas Feridas,Anoitecer,Decrescente,Céu Claro,Dupla,Reta,Sim,0.0,0.0,1.0,1.0,1.0,0.0,2.0,2.0,SPRF-ES,DEL02-ES,UOP01-DEL02-ES,0,moderado
2025-01-31,19:57,2025-01-31 19:57:00,2025.0,1.0,sexta,19.0,noite,ES,SERRA,True,101.0,BR-101,268.0,-20.20842,-40.269405,Ausência de reação do condutor,Saída de leito carroçável,Com Vítimas Feridas,Plena Noite,Crescente,Céu Claro,Dupla,Reta,Sim,0.0,0.0,1.0,1.0,0.0,0.0,1.0,1.0,SPRF-ES,DEL02-ES,UOP01-DEL02-ES,0,moderado
2025-02-02,05:00,2025-02-02 05:00:00,2025.0,2.0,domingo,5.0,madrugada,ES,SERRA,True,101.0,BR-101,262.4,-20.1572331,-40.27678329,Ausência de reação do condutor,Colisão com objeto,Com Vítimas Feridas,Amanhecer,Crescente,Sol,Dupla,Reta,Sim,0.0,0.0,1.0,1.0,1.0,0.0,1.0,2.0,SPRF-ES,DEL02-ES,UOP01-DEL02-ES,0,moderado
2025-02-03,09:00,2025-02-03 09:00:00,2025.0,2.0,segunda,9.0,manha,ES,VIANA,True,262.0,BR-262,18.9,-20.39137228,-40.48080285,Acessar a via sem observar a presença dos outros veículos,Colisão transversal,Com Vítimas Feridas,Pleno dia,Crescente,Sol,Simples,Reta,Sim,0.0,0.0,1.0,1.0,1.0,0.0,2.0,2.0,SPRF-ES,DEL01-ES,UOP01-DEL01-ES,0,moderado
2025-02-03,10:25,2025-02-03 10:25:00,2025.0,2.0,segunda,10.0,manha,ES,CARIACICA,True,101.0,BR-101,284.0,-20.24334991,-40.3696926,Ausência de reação do condutor,Saída de leito carroçável,Com Vítimas Feridas,Pleno dia,Decrescente,Sol,Dupla,Curva,Sim,0.0,0.0,1.0,1.0,1.0,0.0,1.0,2.0,SPRF-ES,DEL01-ES,UOP01-DEL01-ES,0,moderado
2025-02-03,19:45,2025-02-03 19:45:00,2025.0,2.0,segunda,19.0,noite,ES,SERRA,True,101.0,BR-101,260.8,-20.14616415,-40.28836206,Transitar na contramão,Colisão frontal,Com Vítimas Feridas,Plena Noite,Crescente,Céu Claro,Simples,Curva;Declive,Sim,0.0,0.0,3.0,3.0,0.0,0.0,2.0,3.0,SPRF-ES,DEL02-ES,UOP01-DEL02-ES,0,moderado
2025-02-04,08:30,2025-02-04 08:30:00,2025.0,2.0,terca,8.0,manha,ES,SERRA,True,101.0,BR-101,267.9,-20.19930999,-40.26884609,Manobra de mudança de faixa,Colisão lateral mesmo sentido,Com Vítimas Feridas,Pleno dia,Crescente,Sol,Múltipla,Interseção de Vias,Sim,0.0,0.0,1.0,1.0,0.0,1.0,2.0,2.0,SPRF-ES,DEL02-ES,UOP01-DEL02-ES,0,moderado
2025-02-04,10:50,2025-02-04 10:50:00,2025.0,2.0,terca,10.0,manha,ES,SERRA,True,101.0,BR-101,270.7,-20.22662056,-40.27075088,Ultrapassagem Indevida,Colisão lateral mesmo sentido,Com Vítimas Feridas,Pleno dia,Decrescente,Céu Claro,Dupla,Reta,Sim,0.0,0.0,1.0,1.0,0.0,1.0,2.0,2.0,SPRF-ES,DEL02-ES,UOP01-DEL02-ES,0,moderado
2025-01-08,20:30,2025-01-08 20:30:00,2025.0,1.0,quarta,20.0,noite,ES,VILA VELHA,True,101.0,BR-101,315.4,-20.46976694,-40.46795209,Pedestre andava na pista,Atropelamento de Pedestre,Com Vítimas Fatais,Plena Noite,Crescente,Chuva,Dupla,Reta;Declive,Não,1.0,0.0,0.0,0.0,0.0,1.0,2.0,2.0,SPRF-ES,DEL01-ES,UOP01-DEL01-ES,1,fatal
2025-02-06,13:30,2025-02-06 13:30:00,2025.0,2.0,quinta,13.0,tarde,ES,SERRA,True,101.0,BR-101,247.9,-20.06746339,-40.37085006,Demais falhas mecânicas ou elétricas,Incêndio,Sem Vítimas,Pleno dia,Decrescente,Sol,Simples,Curva,Não,0.0,0.0,0.0,0.0,1.0,0.0,1.0,1.0,SPRF-ES,DEL02-ES,UOP01-DEL02-ES,0,baixo
2025-02-06,13:40,2025-02-06 13:40:00,2025.0,2.0,quinta,13.0,tarde,ES,VIANA,True,101.0,BR-101,296.9,-20.35374444,-40.4156433,Condutor deixou de manter distância do veículo da frente,Colisão traseira,Com Vítimas Feridas,Pleno dia,Crescente,Céu Claro,Múltipla,Curva,Sim,0.0,0.0,1.0,1.0,1.0,0.0,2.0,2.0,SPRF-ES,DEL01-ES,UOP01-DEL01-ES,0,moderado
2025-02-06,15:29,2025-02-06 15:29:00,2025.0,2.0,quinta,15.0,tarde,ES,CARIACICA,True,101.0,BR-101,297.7,-20.35100457,-40.41328311,Condutor deixou de manter distância do veículo da frente,Colisão lateral mesmo sentido,Com Vítimas Feridas,Pleno dia,Crescente,Céu Claro,Dupla,Reta,Sim,0.0,0.0,2.0,2.0,1.0,0.0,2.0,3.0,SPRF-ES,DEL01-ES,UOP01-DEL01-ES,0,moderado
2025-01-03,19:40,2025-01-03 19:40:00,2025.0,1.0,sexta,19.0,noite,ES,CARIACICA,True,101.0,BR-101,289.6,-20.28029304,-40.39302931,Manobra de mudança de faixa,Colisão lateral mesmo sentido,Com Vítimas Feridas,Plena Noite,Decrescente,Nublado,Dupla,Aclive,Sim,0.0,0.0,1.0,1.0,1.0,0.0,2.0,2.0,SPRF-ES,DEL01-ES,UOP01-DEL01-ES,0,moderado
2025-02-07,16:30,2025-02-07 16:30:00,2025.0,2.0,sexta,16.0,tarde,ES,SERRA,True,101.0,BR-101,266.0,-20.190199,-40.26828891,Reação tardia ou ineficiente do condutor,Tombamento,Com Vítimas Feridas,Pleno dia,Decrescente,Céu Claro,Dupla,Reta,Sim,0.0,0.0,1.0,1.0,0.0,1.0,2.0,2.0,SPRF-ES,DEL02-ES,UOP01-DEL02-ES,0,moderado
2025-02-08,08:10,2025-02-08 08:10:00,2025.0,2.0,sabado,8.0,manha,ES,SERRA,True,101.0,BR-101,277.8,-20.21307738,-40.32125972,Ultrapassagem Indevida,Colisão lateral mesmo sentido,Com Vítimas Feridas,Pleno dia,Crescente,Sol,Dupla,Reta,Não,0.0,0.0,1.0,1.0,1.0,0.0,2.0,2.0,SPRF-ES,DEL02-ES,UOP01-DEL02-ES,0,moderado
2025-02-08,15:50,2025-02-08 15:50:00,2025.0,2.0,sabado,15.0,tarde,ES,CARIACICA,True,262.0,BR-262,0.9,-20.320793,-40.353315,Reação tardia ou ineficiente do condutor,Colisão traseira,Com Vítimas Feridas,Pleno dia,Crescente,Sol,Dupla,Ponte;Reta,Sim,0.0,1.0,1.0,2.0,0.0,0.0,2.0,2.0,SPRF-ES,DEL01-ES,UOP01-DEL01-ES,1,grave
2025-02-09,12:30,2025-02-09 12:30:00,2025.0,2.0,domingo,12.0,tarde,ES,SERRA,True,101.0,BR-101,275.0,-20.20828089,-40.30388897,Reação tardia ou ineficiente do condutor,Queda de ocupante de veículo,Com Vítimas Feridas,Pleno dia,Decrescente,Céu Claro,Dupla,Reta,Não,0.0,0.0,1.0,1.0,0.0,0.0,1.0,1.0,SPRF-ES,DEL02-ES,UOP01-DEL02-ES,0,moderado
2025-02-09,17:00,2025-02-09 17:00:00,2025.0,2.0,domingo,17.0,tarde,ES,GUARAPARI,True,101.0,BR-101,350.1,-20.665676,-40.655926,Ausência de reação do condutor,Capotamento,Com Vítimas Feridas,Pleno dia,Crescente,Sol,Dupla,Curva,Não,0.0,0.0,2.0,2.0,0.0,0.0,1.0,2.0,SPRF-ES,DEL03-ES,UOP01-DEL03-ES,0,moderado
2025-02-09,17:30,2025-02-09 17:30:00,2025.0,2.0,domingo,17.0,tarde,ES,SERRA,True,101.0,BR-101,260.0,-20.14616415,-40.28836206,Ausência de reação do condutor,Queda de ocupante de veículo,Com Vítimas Feridas,Plena Noite,Crescente,Céu Claro,Simples,Reta,Não,0.0,0.0,1.0,1.0,0.0,0.0,1.0,1.0,SPRF-ES,DEL02-ES,UOP01-DEL02-ES,0,moderado
2025-02-09,18:00,2025-02-09 18:00:00,2025.0,2.0,domingo,18.0,noite,ES,SERRA,True,101.0,BR-101,270.0,-20.22662056,-40.27075088,Conversão proibida,Colisão transversal,Com Vítimas Feridas,Anoitecer,Decrescente,Céu Claro,Múltipla,Reta;Interseção de Vias,Sim,0.0,0.0,1.0,1.0,2.0,1.0,3.0,4.0,SPRF-ES,DEL02-ES,UOP01-DEL02-ES,0,moderado
2025-02-09,19:00,2025-02-09 19:00:00,2025.0,2.0,domingo,19.0,noite,ES,FUNDAO,True,101.0,BR-101,231.0,-19.94425773,-40.40662323,Velocidade Incompatível,Colisão traseira,Com Vítimas Feridas,Pleno dia,Decrescente,Céu Claro,Simples,Reta,Não,0.0,0.0,2.0,2.0,0.0,1.0,2.0,3.0,SPRF-ES,DEL02-ES,UOP01-DEL02-ES,0,moderado
2025-02-10,12:30,2025-02-10 12:30:00,2025.0,2.0,segunda,12.0,tarde,ES,VILA VELHA,True,101.0,BR-101,319.7,-20.50358302,-40.47483522,Demais falhas mecânicas ou elétricas,Tombamento,Com Vítimas Feridas,Pleno dia,Decrescente,Céu Claro,Dupla,Aclive,Não,0.0,0.0,1.0,1.0,0.0,0.0,1.0,1.0,SPRF-ES,DEL03-ES,UOP01-DEL03-ES,0,moderado
2025-02-11,08:25,2025-02-11 08:25:00,2025.0,2.0,terca,8.0,manha,ES,CARIACICA,True,101.0,BR-101,285.2,-20.25148171,-40.37270066,Ausência de reação do condutor,Colisão traseira,Com Vítimas Feridas,Pleno dia,Decrescente,Céu Claro,Dupla,Reta,Sim,0.0,0.0,1.0,1.0,1.0,0.0,2.0,2.0,SPRF-ES,DEL01-ES,UOP01-DEL01-ES,0,moderado
2025-02-11,14:20,2025-02-11 14:20:00,2025.0,2.0,terca,14.0,tarde,ES,CARIACICA,True,101.0,BR-101,296.0,-20.34029997,-40.40405712,Acumulo de areia ou detritos sobre o pavimento,Queda de ocupante de veículo,Com Vítimas Feridas,Pleno dia,Crescente,Céu Claro,Simples,Reta,Não,0.0,0.0,1.0,1.0,0.0,0.0,1.0,1.0,SPRF-ES,DEL01-ES,UOP01-DEL01-ES,0,moderado
2025-02-12,04:30,2025-02-12 04:30:00,2025.0,2.0,quarta,4.0,madrugada,ES,SERRA,True,101.0,BR-101,262.2,-20.1615273,-40.2752806,Reação tardia ou ineficiente do condutor,Tombamento,Com Vítimas Feridas,Amanhecer,Decrescente,Céu Claro,Dupla,Reta;Declive,Sim,0.0,0.0,1.0,1.0,0.0,0.0,1.0,1.0,SPRF-ES,DEL02-ES,UOP01-DEL02-ES,0,moderado
2025-02-12,07:45,2025-02-12 07:45:00,2025.0,2.0,quarta,7.0,manha,ES,SERRA,True,101.0,BR-101,265.0,-20.1816849,-40.26536036,Ausência de reação do condutor,Colisão lateral mesmo sentido,Com Vítimas Feridas,Pleno dia,Crescente,Céu Claro,Dupla,Reta,Não,0.0,1.0,0.0,1.0,1.0,0.0,2.0,2.0,SPRF-ES,DEL02-ES,UOP01-DEL02-ES,1,grave
2025-02-12,07:57,2025-02-12 07:57:00,2025.0,2.0,quarta,7.0,manha,ES,VIANA,True,101.0,BR-101,297.0,-20.34529844,-40.41026774,Condutor deixou de manter distância do veículo da frente,Colisão traseira,Com Vítimas Feridas,Pleno dia,Crescente,Céu Claro,Múltipla,Reta,Sim,0.0,0.0,1.0,1.0,2.0,0.0,3.0,3.0,SPRF-ES,DEL01-ES,UOP01-DEL01-ES,0,moderado
2025-02-12,09:00,2025-02-12 09:00:00,2025.0,2.0,quarta,9.0,manha,ES,SERRA,True,101.0,BR-101,278.9,-20.21698365,-40.32974606,Condutor Dormindo,Saída de leito carroçável,Com Vítimas Feridas,Pleno dia,Decrescente,Céu Claro,Dupla,Curva;Declive,Não,0.0,0.0,1.0,1.0,1.0,0.0,1.0,2.0,SPRF-ES,DEL02-ES,UOP01-DEL02-ES,0,moderado
2025-02-12,15:15,2025-02-12 15:15:00,2025.0,2.0,quarta,15.0,tarde,ES,SERRA,True,101.0,BR-101,259.0,-20.13930636,-40.29233694,Velocidade Incompatível,Saída de leito carroçável,Com Vítimas Feridas,Pleno dia,Decrescente,Sol,Simples,Curva;Declive,Sim,0.0,0.0,2.0,2.0,0.0,0.0,1.0,2.0,SPRF-ES,DEL02-ES,UOP01-DEL02-ES,0,moderado
2025-02-12,18:30,2025-02-12 18:30:00,2025.0,2.0,quarta,18.0,noite,ES,SERRA,True,101.0,BR-101,262.0,-20.1572331,-40.27678329,Condutor deixou de manter distância do veículo da frente,Colisão traseira,Com Vítimas Feridas,Plena Noite,Crescente,Nublado,Dupla,Reta,Não,0.0,1.0,0.0,1.0,1.0,0.0,2.0,2.0,SPRF-ES,DEL02-ES,UOP01-DEL02-ES,1,grave
2025-02-12,21:40,2025-02-12 21:40:00,2025.0,2.0,quarta,21.0,noite,ES,SERRA,True,101.0,BR-101,269.0,-20.21740496,-40.26990578,Reação tardia ou ineficiente do condutor,Queda de ocupante de veículo,Com Vítimas Feridas,Plena Noite,Crescente,Céu Claro,Dupla,Reta,Sim,0.0,0.0,1.0,1.0,0.0,0.0,1.0,1.0,SPRF-ES,DEL02-ES,UOP01-DEL02-ES,0,moderado
2025-02-12,21:35,2025-02-12 21:35:00,2025.0,2.0,quarta,21.0,noite,ES,SERRA,True,101.0,BR-101,270.0,-20.22662056,-40.27075088,Condutor desrespeitou a iluminação vermelha do semáforo,Colisão transversal,Com Vítimas Feridas,Plena Noite,Decrescente,Céu Claro,Dupla,Interseção de Vias,Sim,0.0,2.0,0.0,2.0,0.0,1.0,2.0,3.0,SPRF-ES,DEL02-ES,UOP01-DEL02-ES,1,grave
2025-02-13,18:20,2025-02-13 18:20:00,2025.0,2.0,quinta,18.0,noite,ES,SERRA,True,101.0,BR-101,263.0,-20.16554736,-40.27301648,Reação tardia ou ineficiente do condutor,Queda de ocupante de veículo,Com Vítimas Feridas,Anoitecer,Decrescente,Céu Claro,Dupla,Reta,Sim,0.0,0.0,1.0,1.0,0.0,0.0,1.0,1.0,SPRF-ES,DEL02-ES,UOP01-DEL02-ES,0,moderado
2025-02-14,07:20,2025-02-14 07:20:00,2025.0,2.0,sexta,7.0,manha,ES,CARIACICA,True,101.0,BR-101,285.1,-20.25148171,-40.37270066,Acessar a via sem observar a presença dos outros veículos,Colisão transversal,Com Vítimas Feridas,Pleno dia,Crescente,Céu Claro,Simples,Retorno Regulamentado,Sim,0.0,1.0,0.0,1.0,1.0,0.0,2.0,2.0,SPRF-ES,DEL01-ES,UOP01-DEL01-ES,1,grave
2025-02-14,14:30,2025-02-14 14:30:00,2025.0,2.0,sexta,14.0,tarde,ES,VIANA,True,101.0,BR-101,299.7,-20.35860628,-40.42327504,Acessar a via sem observar a presença dos outros veículos,Atropelamento de Pedestre,Com Vítimas Feridas,Pleno dia,Crescente,Céu Claro,Múltipla,Reta,Sim,0.0,1.0,0.0,1.0,1.0,0.0,2.0,2.0,SPRF-ES,DEL01-ES,UOP01-DEL01-ES,1,grave
2025-02-14,15:50,2025-02-14 15:50:00,2025.0,2.0,sexta,15.0,tarde,ES,CARIACICA,True,101.0,BR-101,293.0,-20.31413276,-40.39536023,Conversão proibida,Colisão lateral mesmo sentido,Com Vítimas Feridas,Pleno dia,Decrescente,Céu Claro,Dupla,Em Obras;Reta,Sim,0.0,0.0,3.0,3.0,0.0,0.0,2.0,3.0,SPRF-ES,DEL01-ES,UOP01-DEL01-ES,0,moderado
2025-02-14,20:00,2025-02-14 20:00:00,2025.0,2.0,sexta,20.0,noite,ES,VIANA,True,101.0,BR-101,308.0,-20.40809191,-40.45835336,Reação tardia ou ineficiente do condutor,Saída de leito carroçável,Com Vítimas Feridas,Plena Noite,Decrescente,Céu Claro,Dupla,Reta,Não,0.0,1.0,2.0,3.0,0.0,0.0,1.0,3.0,SPRF-ES,DEL01-ES,UOP01-DEL01-ES,1,grave
2025-02-15,02:20,2025-02-15 02:20:00,2025.0,2.0,sabado,2.0,madrugada,ES,GUARAPARI,True,101.0,BR-101,327.3,-20.57231099,-40.48455601,Ausência de reação do condutor,Colisão com objeto,Com Vítimas Feridas,Plena Noite,Decrescente,Céu Claro,Dupla,Reta,Não,0.0,1.0,0.0,1.0,0.0,0.0,1.0,1.0,SPRF-ES,DEL03-ES,UOP01-DEL03-ES,1,grave
2025-02-15,07:40,2025-02-15 07:40:00,2025.0,2.0,sabado,7.0,manha,ES,SERRA,True,101.0,BR-101,270.5,-20.22662056,-40.27075088,Faixas de trânsito com largura insuficiente,Colisão lateral mesmo sentido,Sem Vítimas,Pleno dia,Crescente,Céu Claro,Simples,Reta,Sim,0.0,0.0,0.0,0.0,2.0,0.0,2.0,2.0,SPRF-ES,DEL02-ES,UOP01-DEL02-ES,0,baixo
2025-02-15,14:20,2025-02-15 14:20:00,2025.0,2.0,sabado,14.0,tarde,ES,VIANA,True,101.0,BR-101,299.5,-20.35860628,-40.42327504,Desrespeitar a preferência no cruzamento,Colisão transversal,Com Vítimas Feridas,Pleno dia,Crescente,Sol,Múltipla,Interseção de Vias,Sim,0.0,0.0,1.0,1.0,1.0,0.0,2.0,2.0,SPRF-ES,DEL01-ES,UOP01-DEL01-ES,0,moderado
2025-02-16,08:00,2025-02-16 08:00:00,2025.0,2.0,domingo,8.0,manha,ES,CARIACICA,True,101.0,BR-101,282.0,-20.23066465,-40.36692012,Reação tardia ou ineficiente do condutor,Colisão lateral sentido oposto,Com Vítimas Feridas,Pleno dia,Crescente,Céu Claro,Dupla,Retorno Regulamentado,Sim,0.0,0.0,1.0,1.0,0.0,1.0,2.0,2.0,SPRF-ES,DEL01-ES,UOP01-DEL01-ES,0,moderado
2025-02-16,11:51,2025-02-16 11:51:00,2025.0,2.0,domingo,11.0,manha,ES,VIANA,True,262.0,BR-262,22.9,-20.37976169,-40.52199585,Velocidade Incompatível,Tombamento,Com Vítimas Feridas,Pleno dia,Crescente,Sol,Simples,Aclive;Curva,Sim,0.0,0.0,1.0,1.0,0.0,0.0,1.0,1.0,SPRF-ES,DEL01-ES,UOP01-DEL01-ES,0,moderado
2025-02-16,12:30,2025-02-16 12:30:00,2025.0,2.0,domingo,12.0,tarde,ES,VIANA,True,101.0,BR-101,303.5,-20.37695747,-40.44527144,Avarias e/ou desgaste excessivo no pneu,Saída de leito carroçável,Com Vítimas Feridas,Pleno dia,Decrescente,Sol,Dupla,Reta,Sim,0.0,0.0,1.0,1.0,2.0,0.0,1.0,3.0,SPRF-ES,DEL01-ES,UOP01-DEL01-ES,0,moderado
2025-02-17,11:00,2025-02-17 11:00:00,2025.0,2.0,segunda,11.0,manha,ES,FUNDAO,True,101.0,BR-101,239.5,-20.00782494,-40.40790907,Acessar a via sem observar a presença dos outros veículos,Colisão traseira,Com Vítimas Feridas,Pleno dia,Crescente,Sol,Dupla,Reta,Sim,0.0,0.0,1.0,1.0,1.0,0.0,2.0,2.0,SPRF-ES,DEL02-ES,UOP01-DEL02-ES,0,moderado
2025-02-17,15:05,2025-02-17 15:05:00,2025.0,2.0,segunda,15.0,tarde,ES,SERRA,True,101.0,BR-101,270.0,-20.22,-40.27,Condutor deixou de manter distância do veículo da frente,Colisão traseira,Com Vítimas Feridas,Pleno dia,Crescente,Céu Claro,Múltipla,Reta,Sim,0.0,0.0,1.0,1.0,1.0,0.0,2.0,2.0,SPRF-ES,DEL02-ES,UOP01-DEL02-ES,0,moderado
2025-02-10,13:50,2025-02-10 13:50:00,2025.0,2.0,segunda,13.0,tarde,ES,SERRA,True,101.0,BR-101,265.0,-20.1816849,-40.26536036,Ausência de reação do condutor,Colisão com objeto,Com Vítimas Feridas,Pleno dia,Decrescente,Céu Claro,Dupla,Declive,Sim,0.0,0.0,1.0,1.0,0.0,0.0,1.0,1.0,SPRF-ES,DEL02-ES,UOP01-DEL02-ES,0,moderado
2025-02-18,17:02,2025-02-18 17:02:00,2025.0,2.0,terca,17.0,tarde,ES,SERRA,True,101.0,BR-101,269.0,-20.21740496,-40.26990578,Ausência de reação do condutor,Colisão traseira,Sem Vítimas,Anoitecer,Decrescente,Céu Claro,Dupla,Reta,Sim,0.0,0.0,0.0,0.0,1.0,2.0,3.0,3.0,SPRF-ES,DEL02-ES,UOP01-DEL02-ES,0,baixo
2025-02-19,15:00,2025-02-19 15:00:00,2025.0,2.0,quarta,15.0,tarde,ES,CARIACICA,True,101.0,BR-101,282.4,-20.22694,-40.36458,Reação tardia ou ineficiente do condutor,Queda de ocupante de veículo,Com Vítimas Feridas,Pleno dia,Crescente,Céu Claro,Dupla,Reta,Sim,0.0,0.0,1.0,1.0,0.0,0.0,1.0,1.0,SPRF-ES,DEL01-ES,UOP01-DEL01-ES,0,moderado
2025-02-19,19:00,2025-02-19 19:00:00,2025.0,2.0,quarta,19.0,noite,ES,SERRA,True,101.0,BR-101,269.6,-20.21740496,-40.26990578,Transitar na contramão,Colisão lateral sentido oposto,Com Vítimas Feridas,Plena Noite,Crescente,Céu Claro,Múltipla,Interseção de Vias;Reta,Sim,0.0,0.0,1.0,1.0,1.0,0.0,2.0,2.0,SPRF-ES,DEL02-ES,UOP01-DEL02-ES,0,moderado
2025-02-20,07:40,2025-02-20 07:40:00,2025.0,2.0,quinta,7.0,manha,ES,SERRA,True,101.0,BR-101,269.0,-20.21740496,-40.26990578,Ausência de reação do condutor,Colisão lateral mesmo sentido,Com Vítimas Feridas,Pleno dia,Crescente,Sol,Dupla,Reta,Sim,0.0,0.0,1.0,1.0,0.0,2.0,3.0,3.0,SPRF-ES,DEL02-ES,UOP01-DEL02-ES,0,moderado
2025-02-20,09:30,2025-02-20 09:30:00,2025.0,2.0,quinta,9.0,manha,ES,SERRA,True,101.0,BR-101,267.0,-20.19930999,-40.26884609,Reação tardia ou ineficiente do condutor,Colisão com objeto,Com Vítimas Feridas,Pleno dia,Decrescente,Céu Claro,Dupla,Reta,Sim,0.0,0.0,1.0,1.0,0.0,0.0,1.0,1.0,SPRF-ES,DEL02-ES,UOP01-DEL02-ES,0,moderado
2025-02-20,22:45,2025-02-20 22:45:00,2025.0,2.0,quinta,22.0,noite,ES,VIANA,True,262.0,BR-262,14.0,-20.37037726,-40.46264648,Acumulo de areia ou detritos sobre o pavimento,Queda de ocupante de veículo,Com Vítimas Feridas,Plena Noite,Crescente,Céu Claro,Simples,Reta,Não,0.0,0.0,2.0,2.0,0.0,0.0,1.0,2.0,SPRF-ES,DEL01-ES,UOP01-DEL01-ES,0,moderado
2025-02-21,13:06,2025-02-21 13:06:00,2025.0,2.0,sexta,13.0,tarde,ES,CARIACICA,True,101.0,BR-101,286.8,-20.2649997,-40.38474977,Reação tardia ou ineficiente do condutor,Queda de ocupante de veículo,Com Vítimas Feridas,Pleno dia,Decrescente,Céu Claro,Dupla,Reta,Sim,0.0,1.0,0.0,1.0,0.0,0.0,1.0,1.0,SPRF-ES,DEL01-ES,UOP01-DEL01-ES,1,grave
2025-02-21,13:45,2025-02-21 13:45:00,2025.0,2.0,sexta,13.0,tarde,ES,GUARAPARI,True,101.0,BR-101,327.0,-20.53282676,-40.48427582,Ausência de reação do condutor,Colisão com objeto,Com Vítimas Feridas,Pleno dia,Decrescente,Céu Claro,Dupla,Reta,Não,0.0,0.0,1.0,1.0,0.0,0.0,1.0,1.0,SPRF-ES,DEL03-ES,UOP01-DEL03-ES,0,moderado
2025-02-21,18:00,2025-02-21 18:00:00,2025.0,2.0,sexta,18.0,noite,ES,SERRA,True,101.0,BR-101,279.2,-20.21834819,-40.33939362,Demais falhas mecânicas ou elétricas,Colisão lateral mesmo sentido,Com Vítimas Feridas,Anoitecer,Decrescente,Céu Claro,Dupla,Reta,Não,0.0,0.0,1.0,1.0,1.0,0.0,2.0,2.0,SPRF-ES,DEL02-ES,UOP01-DEL02-ES,0,moderado
2025-02-22,09:05,2025-02-22 09:05:00,2025.0,2.0,sabado,9.0,manha,ES,SERRA,True,101.0,BR-101,266.7,-20.19446565,-40.26849747,Manobra de mudança de faixa,Tombamento,Com Vítimas Feridas,Pleno dia,Decrescente,Céu Claro,Dupla,Reta,Sim,0.0,1.0,0.0,1.0,0.0,0.0,1.0,1.0,SPRF-ES,DEL02-ES,UOP01-DEL02-ES,1,grave
2025-02-22,19:44,2025-02-22 19:44:00,2025.0,2.0,sabado,19.0,noite,ES,SERRA,True,101.0,BR-101,253.0,-20.10449153,-40.33268452,Acessar a via sem observar a presença dos outros veículos,Colisão frontal,Sem Vítimas,Plena Noite,Crescente,Ignorado,Simples,Reta,Não,0.0,0.0,0.0,0.0,2.0,0.0,2.0,2.0,SPRF-ES,DEL02-ES,UOP01-DEL02-ES,0,baixo
2025-02-22,20:12,2025-02-22 20:12:00,2025.0,2.0,sabado,20.0,noite,ES,SERRA,True,101.0,BR-101,261.2,-20.15022357,-40.27900749,Retorno proibido,Colisão transversal,Com Vítimas Feridas,Plena Noite,Decrescente,Céu Claro,Dupla,Reta,Sim,0.0,1.0,0.0,1.0,1.0,0.0,2.0,2.0,SPRF-ES,DEL02-ES,UOP01-DEL02-ES,1,grave
2025-02-22,19:40,2025-02-22 19:40:00,2025.0,2.0,sabado,19.0,noite,ES,CARIACICA,True,101.0,BR-101,296.0,-20.34374309,-40.40738298,Reação tardia ou ineficiente do condutor,Colisão traseira,Sem Vítimas,Plena Noite,Decrescente,Nublado,Múltipla,Reta,Sim,0.0,0.0,0.0,0.0,4.0,0.0,4.0,4.0,SPRF-ES,DEL01-ES,UOP01-DEL01-ES,0,baixo
2025-02-22,20:36,2025-02-22 20:36:00,2025.0,2.0,sabado,20.0,noite,ES,SERRA,True,101.0,BR-101,256.0,-20.12205432,-40.30606227,Velocidade Incompatível,Colisão transversal,Com Vítimas Feridas,Plena Noite,Decrescente,Céu Claro,Simples,Declive;Reta,Sim,0.0,1.0,0.0,1.0,1.0,0.0,2.0,2.0,SPRF-ES,DEL02-ES,UOP01-DEL02-ES,1,grave
2025-02-23,01:30,2025-02-23 01:30:00,2025.0,2.0,domingo,1.0,madrugada,ES,SERRA,True,101.0,BR-101,262.3,-20.17287558,-40.26772499,Manobra de mudança de faixa,Tombamento,Com Vítimas Feridas,Plena Noite,Crescente,Céu Claro,Dupla,Reta,Sim,0.0,1.0,0.0,1.0,0.0,0.0,1.0,1.0,SPRF-ES,DEL02-ES,UOP01-DEL02-ES,1,grave
2025-02-23,13:50,2025-02-23 13:50:00,2025.0,2.0,domingo,13.0,tarde,ES,SERRA,True,101.0,BR-101,270.5,-20.230717,-40.273077,Reação tardia ou ineficiente do condutor,Colisão transversal,Com Vítimas Feridas,Pleno dia,Decrescente,Céu Claro,Dupla,Interseção de Vias,Sim,0.0,0.0,2.0,2.0,1.0,0.0,2.0,3.0,SPRF-ES,DEL02-ES,UOP01-DEL02-ES,0,moderado
2025-02-24,07:20,2025-02-24 07:20:00,2025.0,2.0,segunda,7.0,manha,ES,SERRA,True,101.0,BR-101,275.1,-20.207886,-40.3059966,Demais falhas mecânicas ou elétricas,Queda de ocupante de veículo,Com Vítimas Feridas,Pleno dia,Decrescente,Nublado,Dupla,Reta,Não,0.0,0.0,1.0,1.0,1.0,0.0,1.0,2.0,SPRF-ES,DEL02-ES,UOP01-DEL02-ES,0,moderado
2025-02-24,08:00,2025-02-24 08:00:00,2025.0,2.0,segunda,8.0,manha,ES,VIANA,True,101.0,BR-101,297.0,-20.35066256,-40.4129076,Chuva,Queda de ocupante de veículo,Com Vítimas Feridas,Pleno dia,Decrescente,Céu Claro,Dupla,Reta,Não,0.0,0.0,1.0,1.0,0.0,0.0,1.0,1.0,SPRF-ES,DEL01-ES,UOP01-DEL01-ES,0,moderado
2025-02-24,13:15,2025-02-24 13:15:00,2025.0,2.0,segunda,13.0,tarde,ES,CARIACICA,True,101.0,BR-101,290.0,-20.31934019,-40.39518356,Ausência de reação do condutor,Colisão com objeto,Com Vítimas Feridas,Pleno dia,Crescente,Céu Claro,Múltipla,Reta,Não,0.0,1.0,0.0,1.0,0.0,0.0,1.0,1.0,SPRF-ES,DEL01-ES,UOP01-DEL01-ES,1,grave
2025-02-26,08:50,2025-02-26 08:50:00,2025.0,2.0,quarta,8.0,manha,ES,GUARAPARI,True,101.0,BR-101,335.0,-20.52434115,-40.47863781,Acumulo de óleo sobre o pavimento,Tombamento,Com Vítimas Feridas,Pleno dia,Decrescente,Sol,Simples,Aclive;Viaduto;Curva,Não,0.0,0.0,1.0,1.0,0.0,0.0,1.0,1.0,SPRF-ES,DEL03-ES,UOP01-DEL03-ES,0,moderado
2025-02-26,09:30,2025-02-26 09:30:00,2025.0,2.0,quarta,9.0,manha,ES,CARIACICA,True,262.0,BR-262,0.9,-20.33023865,-40.35482168,Ausência de reação do condutor,Colisão com objeto,Com Vítimas Feridas,Pleno dia,Crescente,Céu Claro,Dupla,Reta,Não,0.0,1.0,0.0,1.0,0.0,0.0,1.0,1.0,SPRF-ES,DEL01-ES,UOP01-DEL01-ES,1,grave
2025-02-26,16:20,2025-02-26 16:20:00,2025.0,2.0,quarta,16.0,tarde,ES,FUNDAO,True,101.0,BR-101,236.9,-20.01252593,-40.40576443,Ultrapassagem Indevida,Colisão lateral sentido oposto,Com Vítimas Feridas,Pleno dia,Decrescente,Céu Claro,Simples,Reta,Não,0.0,0.0,1.0,1.0,2.0,0.0,2.0,3.0,SPRF-ES,DEL02-ES,UOP01-DEL02-ES,0,moderado
2025-02-26,17:30,2025-02-26 17:30:00,2025.0,2.0,quarta,17.0,tarde,ES,CARIACICA,True,101.0,BR-101,288.9,-20.27905829,-40.39274454,Desrespeitar a preferência no cruzamento,Colisão transversal,Com Vítimas Feridas,Pleno dia,Decrescente,Céu Claro,Dupla,Reta;Retorno Regulamentado,Sim,0.0,1.0,0.0,1.0,1.0,0.0,2.0,2.0,SPRF-ES,DEL01-ES,UOP01-DEL01-ES,1,grave
2025-02-27,06:40,2025-02-27 06:40:00,2025.0,2.0,quinta,6.0,manha,ES,CARIACICA,True,101.0,BR-101,290.7,-20.29380473,-40.39307205,Trafegar com motocicleta (ou similar) entre as faixas,Tombamento,Com Vítimas Feridas,Pleno dia,Crescente,Céu Claro,Dupla,Retorno Regulamentado;Interseção de Vias;Reta,Sim,0.0,0.0,1.0,1.0,0.0,0.0,1.0,1.0,SPRF-ES,DEL01-ES,UOP01-DEL01-ES,0,moderado
2025-02-27,09:00,2025-02-27 09:00:00,2025.0,2.0,quinta,9.0,manha,ES,SERRA,True,101.0,BR-101,262.1,-20.1596343,-40.2759383,Reação tardia ou ineficiente do condutor,Engavetamento,Com Vítimas Feridas,Pleno dia,Decrescente,Sol,Dupla,Retorno Regulamentado;Aclive;Reta,Sim,0.0,0.0,1.0,1.0,2.0,0.0,3.0,3.0,SPRF-ES,DEL02-ES,UOP01-DEL02-ES,0,moderado
2025-02-27,12:50,2025-02-27 12:50:00,2025.0,2.0,quinta,12.0,tarde,ES,SERRA,True,101.0,BR-101,260.4,-20.1464183,-40.2823853,Reação tardia ou ineficiente do condutor,Tombamento,Com Vítimas Feridas,Pleno dia,Decrescente,Céu Claro,Simples,Curva,Não,0.0,0.0,2.0,2.0,0.0,0.0,1.0,2.0,SPRF-ES,DEL02-ES,UOP01-DEL02-ES,0,moderado
2025-02-27,13:00,2025-02-27 13:00:00,2025.0,2.0,quinta,13.0,tarde,ES,SERRA,True,101.0,BR-101,266.0,-20.195578,-40.268852,Ausência de reação do condutor,Colisão traseira,Com Vítimas Feridas,Pleno dia,Crescente,Céu Claro,Dupla,Reta,Sim,0.0,1.0,0.0,1.0,1.0,0.0,2.0,2.0,SPRF-ES,DEL02-ES,UOP01-DEL02-ES,1,grave
2025-02-28,09:30,2025-02-28 09:30:00,2025.0,2.0,sexta,9.0,manha,ES,SERRA,True,101.0,BR-101,2.0,-20.0488573,-40.3866917,Chuva,Saída de leito carroçável,Sem Vítimas,Pleno dia,Crescente,Garoa/Chuvisco,Dupla,Reta,Não,0.0,0.0,0.0,0.0,2.0,0.0,1.0,2.0,SPRF-ES,DEL04-ES,UOP02-DEL04-ES,0,baixo
2025-02-28,14:50,2025-02-28 14:50:00,2025.0,2.0,sexta,14.0,tarde,ES,SERRA,True,101.0,BR-101,269.0,-20.0488766,-40.3867382,Trafegar com motocicleta (ou similar) entre as faixas,Colisão lateral mesmo sentido,Com Vítimas Feridas,Pleno dia,Decrescente,Céu Claro,Dupla,Reta,Sim,0.0,0.0,1.0,1.0,1.0,0.0,2.0,2.0,SPRF-ES,DEL02-ES,UOP01-DEL02-ES,0,moderado
2025-03-01,06:00,2025-03-01 06:00:00,2025.0,3.0,sabado,6.0,manha,ES,SERRA,True,101.0,BR-101,249.7,-20.0783513,-40.3514725,Ausência de reação do condutor,Colisão frontal,Com Vítimas Feridas,Amanhecer,Crescente,Nublado,Simples,Reta,Sim,0.0,2.0,0.0,2.0,3.0,0.0,3.0,5.0,SPRF-ES,DEL02-ES,UOP01-DEL02-ES,1,grave
2025-02-05,15:50,2025-02-05 15:50:00,2025.0,2.0,quarta,15.0,tarde,ES,SERRA,True,101.0,BR-101,263.0,-20.16554736,-40.27301648,Manobra de mudança de faixa,Colisão lateral mesmo sentido,Com Vítimas Feridas,Pleno dia,Crescente,Céu Claro,Dupla,Reta,Sim,0.0,0.0,1.0,1.0,1.0,0.0,2.0,2.0,SPRF-ES,DEL02-ES,UOP01-DEL02-ES,0,moderado
2025-01-05,20:30,2025-01-05 20:30:00,2025.0,1.0,domingo,20.0,noite,ES,SERRA,True,101.0,BR-101,258.8,-20.13847031,-40.29231548,Pista Escorregadia,Capotamento,Com Vítimas Feridas,Pleno dia,Crescente,Chuva,Dupla,Reta,Sim,0.0,0.0,1.0,1.0,0.0,0.0,1.0,1.0,SPRF-ES,DEL02-ES,UOP01-DEL02-ES,0,moderado
2025-01-06,05:50,2025-01-06 05:50:00,2025.0,1.0,segunda,5.0,madrugada,ES,SERRA,True,101.0,BR-101,281.0,-20.22112792,-40.35720552,Ausência de reação do condutor,Colisão lateral mesmo sentido,Com Vítimas Feridas,Amanhecer,Decrescente,Céu Claro,Dupla,Viaduto,Não,0.0,1.0,0.0,1.0,0.0,1.0,2.0,2.0,SPRF-ES,DEL02-ES,UOP01-DEL02-ES,1,grave
2025-01-15,12:10,2025-01-15 12:10:00,2025.0,1.0,quarta,12.0,tarde,ES,SERRA,True,101.0,BR-101,259.0,-20.138397,-40.292213,Ausência de reação do condutor,Colisão com objeto,Com Vítimas Fatais,Pleno dia,Crescente,Nublado,Simples,Declive;Reta,Não,1.0,0.0,0.0,0.0,0.0,0.0,1.0,1.0,SPRF-ES,DEL02-ES,UOP01-DEL02-ES,1,fatal
2025-03-04,11:00,2025-03-04 11:00:00,2025.0,3.0,terca,11.0,manha,ES,SERRA,True,101.0,BR-101,278.9,-20.21726296,-40.33709049,Ausência de reação do condutor,Saída de leito carroçável,Com Vítimas Feridas,Pleno dia,Crescente,Chuva,Simples,Curva;Aclive;Viaduto,Não,0.0,0.0,2.0,2.0,0.0,0.0,1.0,2.0,SPRF-ES,DEL02-ES,UOP01-DEL02-ES,0,moderado
2025-03-04,16:18,2025-03-04 16:18:00,2025.0,3.0,terca,16.0,tarde,ES,FUNDAO,True,101.0,BR-101,269.0,-20.0245248,-40.1965056,Condutor desrespeitou a iluminação vermelha do semáforo,Colisão transversal,Com Vítimas Feridas,Pleno dia,Decrescente,Garoa/Chuvisco,Dupla,Reta,Sim,0.0,1.0,0.0,1.0,2.0,0.0,2.0,3.0,SPRF-ES,DEL02-ES,UOP01-DEL02-ES,1,grave
2025-03-05,08:00,2025-03-05 08:00:00,2025.0,3.0,quarta,8.0,manha,ES,CARIACICA,True,101.0,BR-101,293.0,-20.31608634,-40.39554259,Frear bruscamente,Tombamento,Com Vítimas Feridas,Pleno dia,Decrescente,Céu Claro,Dupla,Aclive;Reta,Sim,0.0,0.0,1.0,1.0,0.0,0.0,1.0,1.0,SPRF-ES,DEL01-ES,UOP01-DEL01-ES,0,moderado
2025-03-06,07:42,2025-03-06 07:42:00,2025.0,3.0,quinta,7.0,manha,ES,SERRA,True,101.0,BR-101,276.0,-20.2091426,-40.3077458,Animais na Pista,Colisão frontal,Com Vítimas Feridas,Pleno dia,Decrescente,Céu Claro,Dupla,Reta,Não,0.0,0.0,2.0,2.0,0.0,0.0,2.0,2.0,SPRF-ES,DEL02-ES,UOP01-DEL02-ES,0,moderado
2025-03-06,08:59,2025-03-06 08:59:00,2025.0,3.0,quinta,8.0,manha,ES,SERRA,True,101.0,BR-101,267.8,-20.048846,-40.386408,Trafegar com motocicleta (ou similar) entre as faixas,Colisão lateral mesmo sentido,Com Vítimas Feridas,Pleno dia,Crescente,Céu Claro,Múltipla,Reta,Sim,0.0,1.0,0.0,1.0,1.0,0.0,2.0,2.0,SPRF-ES,DEL02-ES,UOP01-DEL02-ES,1,grave
2025-03-06,08:00,2025-03-06 08:00:00,2025.0,3.0,quinta,8.0,manha,ES,SERRA,True,101.0,BR-101,268.7,-20.21026189,-40.26943177,Manobra de mudança de faixa,Colisão lateral mesmo sentido,Com Vítimas Feridas,Pleno dia,Crescente,Céu Claro,Múltipla,Reta,Não,0.0,0.0,1.0,1.0,1.0,0.0,2.0,2.0,SPRF-ES,DEL02-ES,UOP01-DEL02-ES,0,moderado
2025-03-06,12:27,2025-03-06 12:27:00,2025.0,3.0,quinta,12.0,tarde,ES,VIANA,True,262.0,BR-262,19.0,-20.39245272,-40.48893213,Acesso irregular,Colisão transversal,Com Vítimas Feridas,Pleno dia,Crescente,Céu Claro,Simples,Reta,Sim,0.0,1.0,0.0,1.0,1.0,0.0,2.0,2.0,SPRF-ES,DEL01-ES,UOP01-DEL01-ES,1,grave
2025-03-06,16:40,2025-03-06 16:40:00,2025.0,3.0,quinta,16.0,tarde,ES,SERRA,True,101.0,BR-101,260.0,-20.14643123,-40.28737982,Manobra de mudança de faixa,Tombamento,Com Vítimas Feridas,Pleno dia,Decrescente,Céu Claro,Dupla,Aclive;Reta,Sim,0.0,0.0,1.0,1.0,0.0,0.0,1.0,1.0,SPRF-ES,DEL02-ES,UOP01-DEL02-ES,0,moderado
2025-03-07,17:20,2025-03-07 17:20:00,2025.0,3.0,sexta,17.0,tarde,ES,CARIACICA,True,101.0,BR-101,296.9,-20.344795,-40.409725,Avarias e/ou desgaste excessivo no pneu,Tombamento,Com Vítimas Feridas,Pleno dia,Decrescente,Céu Claro,Dupla,Reta,Sim,0.0,0.0,2.0,2.0,0.0,0.0,1.0,2.0,SPRF-ES,DEL01-ES,UOP01-DEL01-ES,0,moderado
2025-03-07,20:41,2025-03-07 20:41:00,2025.0,3.0,sexta,20.0,noite,ES,CARIACICA,True,101.0,BR-101,291.7,-20.3048807,-40.39483925,Frear bruscamente,Colisão traseira,Com Vítimas Feridas,Plena Noite,Decrescente,Céu Claro,Dupla,Reta,Não,0.0,0.0,1.0,1.0,0.0,1.0,2.0,2.0,SPRF-ES,DEL01-ES,UOP01-DEL01-ES,0,moderado
2025-03-08,09:04,2025-03-08 09:04:00,2025.0,3.0,sabado,9.0,manha,ES,SERRA,True,101.0,BR-101,269.0,-20.054016,-40.3800064,Condutor desrespeitou a iluminação vermelha do semáforo,Colisão transversal,Com Vítimas Feridas,Pleno dia,Crescente,Nublado,Simples,Reta,Não,0.0,1.0,0.0,1.0,2.0,0.0,2.0,3.0,SPRF-ES,DEL02-ES,UOP01-DEL02-ES,1,grave
2025-03-08,16:15,2025-03-08 16:15:00,2025.0,3.0,sabado,16.0,tarde,ES,CARIACICA,True,101.0,BR-101,288.0,-20.27631767,-40.39238821,Demais falhas mecânicas ou elétricas,Incêndio,Sem Vítimas,Pleno dia,Crescente,Céu Claro,Dupla,Reta,Sim,0.0,0.0,0.0,0.0,1.0,0.0,1.0,1.0,SPRF-ES,DEL01-ES,UOP01-DEL01-ES,0,baixo
2025-03-08,17:15,2025-03-08 17:15:00,2025.0,3.0,sabado,17.0,tarde,ES,VILA VELHA,True,101.0,BR-101,314.0,-20.4625531,-40.4651956,Reação tardia ou ineficiente do condutor,Queda de ocupante de veículo,Com Vítimas Feridas,Pleno dia,Decrescente,Céu Claro,Dupla,Reta,Não,0.0,0.0,1.0,1.0,0.0,0.0,1.0,1.0,SPRF-ES,DEL01-ES,UOP01-DEL01-ES,0,moderado
2025-03-09,10:45,2025-03-09 10:45:00,2025.0,3.0,domingo,10.0,manha,ES,CARIACICA,True,101.0,BR-101,288.2,-20.27436921,-40.39206851,Reação tardia ou ineficiente do condutor,Tombamento,Com Vítimas Feridas,Pleno dia,Decrescente,Céu Claro,Dupla,Reta,Sim,0.0,0.0,2.0,2.0,0.0,0.0,1.0,2.0,SPRF-ES,DEL01-ES,UOP01-DEL01-ES,0,moderado
2025-03-09,14:45,2025-03-09 14:45:00,2025.0,3.0,domingo,14.0,tarde,ES,SERRA,True,101.0,BR-101,270.0,-20.22207531,-40.27021162,Desrespeitar a preferência no cruzamento,Colisão transversal,Com Vítimas Feridas,Pleno dia,Decrescente,Céu Claro,Dupla,Interseção de Vias,Sim,0.0,1.0,0.0,1.0,1.0,0.0,2.0,2.0,SPRF-ES,DEL02-ES,UOP01-DEL02-ES,1,grave
2025-03-09,17:15,2025-03-09 17:15:00,2025.0,3.0,domingo,17.0,tarde,ES,SERRA,True,101.0,BR-101,265.5,-20.188112,-40.268147,Manobra de mudança de faixa,Colisão lateral mesmo sentido,Com Vítimas Feridas,Anoitecer,Decrescente,Céu Claro,Dupla,Reta,Sim,0.0,0.0,1.0,1.0,1.0,2.0,3.0,4.0,SPRF-ES,DEL02-ES,UOP01-DEL02-ES,0,moderado
2025-03-09,21:55,2025-03-09 21:55:00,2025.0,3.0,domingo,21.0,noite,ES,VIANA,True,101.0,BR-101,308.2,-20.4194822,-40.4578394,Acessar a via sem observar a presença dos outros veículos,Atropelamento de Pedestre,Com Vítimas Feridas,Plena Noite,Crescente,Céu Claro,Múltipla,Reta,Sim,0.0,1.0,0.0,1.0,0.0,2.0,2.0,3.0,SPRF-ES,DEL01-ES,UOP01-DEL01-ES,1,grave
2025-03-10,07:30,2025-03-10 07:30:00,2025.0,3.0,segunda,7.0,manha,ES,SERRA,True,101.0,BR-101,263.9,-20.17318412,-40.26727312,Retorno proibido,Colisão traseira,Com Vítimas Feridas,Pleno dia,Crescente,Sol,Dupla,Aclive;Interseção de Vias;Reta,Sim,0.0,1.0,1.0,2.0,0.0,1.0,2.0,3.0,SPRF-ES,DEL02-ES,UOP01-DEL02-ES,1,grave
2025-03-11,18:57,2025-03-11 18:57:00,2025.0,3.0,terca,18.0,noite,ES,SERRA,True,101.0,BR-101,270.0,-20.230644,-40.273011,Reação tardia ou ineficiente do condutor,Colisão lateral mesmo sentido,Com Vítimas Feridas,Plena Noite,Decrescente,Céu Claro,Múltipla,Reta,Sim,0.0,0.0,1.0,1.0,1.0,0.0,2.0,2.0,SPRF-ES,DEL02-ES,UOP01-DEL02-ES,0,moderado
2025-03-11,22:40,2025-03-11 22:40:00,2025.0,3.0,terca,22.0,noite,ES,SERRA,True,101.0,BR-101,273.4,-20.21683,-40.29342,Transitar na contramão,Colisão frontal,Com Vítimas Feridas,Plena Noite,Decrescente,Céu Claro,Múltipla,Reta;Declive,Não,0.0,1.0,0.0,1.0,0.0,1.0,2.0,2.0,SPRF-ES,DEL02-ES,UOP01-DEL02-ES,1,grave
2025-03-12,07:14,2025-03-12 07:14:00,2025.0,3.0,quarta,7.0,manha,ES,VILA VELHA,True,447.0,BR-447,14.0,-20.3520306,-40.33355713,Falta de acostamento,Colisão lateral mesmo sentido,Com Vítimas Fatais,Pleno dia,Decrescente,Céu Claro,Dupla,Reta,Sim,1.0,0.0,0.0,0.0,1.0,0.0,2.0,2.0,SPRF-ES,DEL01-ES,UOP01-DEL01-ES,1,fatal
2025-03-12,12:41,2025-03-12 12:41:00,2025.0,3.0,quarta,12.0,tarde,ES,CARIACICA,True,101.0,BR-101,297.0,-20.348363,-40.411917,Ausência de reação do condutor,Tombamento,Com Vítimas Feridas,Pleno dia,Crescente,Céu Claro,Dupla,Reta,Sim,0.0,0.0,1.0,1.0,0.0,0.0,1.0,1.0,SPRF-ES,DEL01-ES,UOP01-DEL01-ES,0,moderado
2025-03-13,11:35,2025-03-13 11:35:00,2025.0,3.0,quinta,11.0,manha,ES,VIANA,True,262.0,BR-262,30.5,-20.37925261,-40.53523242,Manobra de mudança de faixa,Colisão lateral mesmo sentido,Com Vítimas Feridas,Pleno dia,Crescente,Céu Claro,Dupla,Curva,Não,0.0,0.0,1.0,1.0,2.0,0.0,3.0,3.0,SPRF-ES,DEL01-ES,UOP01-DEL01-ES,0,moderado
2025-03-13,17:40,2025-03-13 17:40:00,2025.0,3.0,quinta,17.0,tarde,ES,SERRA,True,101.0,BR-101,211.2,-20.0488509,-40.3866993,Desrespeitar a preferência no cruzamento,Colisão frontal,Com Vítimas Feridas,Anoitecer,Crescente,Nublado,Simples,Reta,Sim,0.0,1.0,0.0,1.0,1.0,0.0,2.0,2.0,SPRF-ES,DEL02-ES,UOP01-DEL02-ES,1,grave
2025-03-13,19:41,2025-03-13 19:41:00,2025.0,3.0,quinta,19.0,noite,ES,SERRA,True,101.0,BR-101,266.0,-20.1969,-40.2684,Entrada inopinada do pedestre,Atropelamento de Pedestre,Com Vítimas Feridas,Plena Noite,Crescente,Céu Claro,Dupla,Reta,Sim,0.0,0.0,1.0,1.0,2.0,0.0,3.0,3.0,SPRF-ES,DEL02-ES,UOP01-DEL02-ES,0,moderado
2025-03-13,19:15,2025-03-13 19:15:00,2025.0,3.0,quinta,19.0,noite,ES,CARIACICA,True,101.0,BR-101,293.9,-20.322713,-40.39506245,Condutor deixou de manter distância do veículo da frente,Colisão lateral mesmo sentido,Com Vítimas Feridas,Pleno dia,Crescente,Céu Claro,Dupla,Reta;Viaduto,Sim,0.0,0.0,2.0,2.0,1.0,0.0,2.0,3.0,SPRF-ES,DEL01-ES,UOP01-DEL01-ES,0,moderado
2025-03-14,07:05,2025-03-14 07:05:00,2025.0,3.0,sexta,7.0,manha,ES,FUNDAO,True,101.0,BR-101,233.0,-19.95006878,-40.40934324,Manobra de mudança de faixa,Tombamento,Com Vítimas Feridas,Pleno dia,Decrescente,Céu Claro,Simples,Reta,Não,0.0,0.0,1.0,1.0,0.0,0.0,1.0,1.0,SPRF-ES,DEL02-ES,UOP01-DEL02-ES,0,moderado
2025-03-14,07:20,2025-03-14 07:20:00,2025.0,3.0,sexta,7.0,manha,ES,SERRA,True,101.0,BR-101,279.3,-20.21823157,-40.3393887,Condutor deixou de manter distância do veículo da frente,Colisão traseira,Com Vítimas Feridas,Pleno dia,Decrescente,Céu Claro,Múltipla,Reta,Não,0.0,0.0,2.0,2.0,1.0,0.0,2.0,3.0,SPRF-ES,DEL02-ES,UOP01-DEL02-ES,0,moderado
2025-03-14,09:56,2025-03-14 09:56:00,2025.0,3.0,sexta,9.0,manha,ES,CARIACICA,True,101.0,BR-101,285.0,-20.31527463,-40.395509,Pedestre cruzava a pista fora da faixa,Atropelamento de Pedestre,Com Vítimas Feridas,Pleno dia,Decrescente,Céu Claro,Múltipla,Aclive;Reta,Sim,0.0,1.0,1.0,2.0,0.0,0.0,2.0,2.0,SPRF-ES,DEL01-ES,UOP01-DEL01-ES,1,grave
2025-03-14,10:40,2025-03-14 10:40:00,2025.0,3.0,sexta,10.0,manha,ES,CARIACICA,True,101.0,BR-101,290.5,-20.29389209,-40.39285994,Acessar a via sem observar a presença dos outros veículos,Colisão transversal,Com Vítimas Feridas,Pleno dia,Crescente,Céu Claro,Dupla,Reta,Sim,0.0,2.0,0.0,2.0,1.0,0.0,2.0,3.0,SPRF-ES,DEL01-ES,UOP01-DEL01-ES,1,grave
2025-03-14,15:13,2025-03-14 15:13:00,2025.0,3.0,sexta,15.0,tarde,ES,SERRA,True,101.0,BR-101,278.2,-20.054016,-40.3800064,Manobra de mudança de faixa,Tombamento,Com Vítimas Feridas,Pleno dia,Crescente,Céu Claro,Simples,Interseção de Vias,Sim,0.0,1.0,0.0,1.0,0.0,0.0,1.0,1.0,SPRF-ES,DEL02-ES,UOP01-DEL02-ES,1,grave
2025-03-14,19:34,2025-03-14 19:34:00,2025.0,3.0,sexta,19.0,noite,ES,SERRA,True,101.0,BR-101,269.0,-20.20620719,-40.26934736,Acessar a via sem observar a presença dos outros veículos,Colisão transversal,Com Vítimas Feridas,Plena Noite,Crescente,Nublado,Múltipla,Reta;Interseção de Vias,Sim,0.0,0.0,1.0,1.0,1.0,0.0,2.0,2.0,SPRF-ES,DEL02-ES,UOP01-DEL02-ES,0,moderado
2025-03-14,20:57,2025-03-14 20:57:00,2025.0,3.0,sexta,20.0,noite,ES,SERRA,True,101.0,BR-101,262.0,-20.15744099,-40.27716398,Reação tardia ou ineficiente do condutor,Tombamento,Com Vítimas Feridas,Plena Noite,Crescente,Céu Claro,Simples,Reta,Não,0.0,0.0,1.0,1.0,0.0,0.0,1.0,1.0,SPRF-ES,DEL02-ES,UOP01-DEL02-ES,0,moderado
2025-03-15,23:26,2025-03-15 23:26:00,2025.0,3.0,sabado,23.0,noite,ES,VIANA,True,101.0,BR-101,300.2,-20.359502,-40.433562,Condutor Dormindo,Capotamento,Com Vítimas Feridas,Plena Noite,Decrescente,Céu Claro,Dupla,Reta,Sim,0.0,0.0,1.0,1.0,0.0,0.0,1.0,1.0,SPRF-ES,DEL01-ES,UOP01-DEL01-ES,0,moderado
2025-03-16,06:30,2025-03-16 06:30:00,2025.0,3.0,domingo,6.0,manha,ES,SERRA,True,101.0,BR-101,243.0,-20.0488468,-40.3867006,Ultrapassagem Indevida,Colisão lateral mesmo sentido,Com Vítimas Feridas,Pleno dia,Decrescente,Céu Claro,Simples,Reta,Não,0.0,0.0,1.0,1.0,0.0,1.0,2.0,2.0,SPRF-ES,DEL02-ES,UOP01-DEL02-ES,0,moderado
2025-03-16,09:56,2025-03-16 09:56:00,2025.0,3.0,domingo,9.0,manha,ES,VIANA,True,101.0,BR-101,308.0,-20.414173,-40.459802,Avarias e/ou desgaste excessivo no pneu,Queda de ocupante de veículo,Com Vítimas Feridas,Pleno dia,Crescente,Céu Claro,Dupla,Reta,Não,0.0,1.0,1.0,2.0,0.0,0.0,1.0,2.0,SPRF-ES,DEL01-ES,UOP01-DEL01-ES,1,grave
2025-03-16,15:54,2025-03-16 15:54:00,2025.0,3.0,domingo,15.0,tarde,ES,VIANA,True,262.0,BR-262,19.0,-20.387477,-40.494995,Reação tardia ou ineficiente do condutor,Colisão lateral mesmo sentido,Com Vítimas Feridas,Pleno dia,Crescente,Céu Claro,Simples,Reta,Não,0.0,1.0,1.0,2.0,1.0,0.0,2.0,3.0,SPRF-ES,DEL01-ES,UOP01-DEL01-ES,1,grave
2025-03-17,07:40,2025-03-17 07:40:00,2025.0,3.0,segunda,7.0,manha,ES,VIANA,True,101.0,BR-101,307.0,-20.39960543,-40.4561125,Velocidade Incompatível,Colisão lateral mesmo sentido,Com Vítimas Feridas,Pleno dia,Decrescente,Chuva,Dupla,Reta,Não,0.0,1.0,0.0,1.0,1.0,0.0,2.0,2.0,SPRF-ES,DEL01-ES,UOP01-DEL01-ES,1,grave
2025-03-17,10:30,2025-03-17 10:30:00,2025.0,3.0,segunda,10.0,manha,ES,SERRA,True,101.0,BR-101,256.2,-20.122913,-40.305058,Manobra de mudança de faixa,Colisão lateral mesmo sentido,Com Vítimas Feridas,Pleno dia,Decrescente,Nublado,Múltipla,Reta,Sim,0.0,0.0,1.0,1.0,0.0,1.0,2.0,2.0,SPRF-ES,DEL02-ES,UOP01-DEL02-ES,0,moderado
2025-03-18,08:15,2025-03-18 08:15:00,2025.0,3.0,terca,8.0,manha,ES,CARIACICA,True,101.0,BR-101,289.0,-20.28651204,-40.39260864,Acessar a via sem observar a presença dos outros veículos,Colisão lateral mesmo sentido,Com Vítimas Feridas,Pleno dia,Decrescente,Céu Claro,Dupla,Reta;Declive,Sim,0.0,0.0,1.0,1.0,2.0,0.0,2.0,3.0,SPRF-ES,DEL01-ES,UOP01-DEL01-ES,0,moderado
2025-03-18,12:00,2025-03-18 12:00:00,2025.0,3.0,terca,12.0,tarde,ES,SERRA,True,101.0,BR-101,268.0,-20.21617179,-40.26969007,Acessar a via sem observar a presença dos outros veículos,Colisão transversal,Com Vítimas Feridas,Pleno dia,Decrescente,Céu Claro,Dupla,Curva,Sim,0.0,0.0,1.0,1.0,1.0,0.0,2.0,2.0,SPRF-ES,DEL02-ES,UOP01-DEL02-ES,0,moderado
2025-03-03,18:10,2025-03-03 18:10:00,2025.0,3.0,segunda,18.0,noite,ES,VIANA,True,262.0,BR-262,34.0,-20.3827789,-40.4596498,Pista Escorregadia,Saída de leito carroçável,Com Vítimas Feridas,Plena Noite,Crescente,Chuva,Simples,Curva,Não,0.0,0.0,1.0,1.0,2.0,0.0,3.0,3.0,SPRF-ES,DEL01-ES,UOP01-DEL01-ES,0,moderado
2025-03-20,04:00,2025-03-20 04:00:00,2025.0,3.0,quinta,4.0,madrugada,ES,CARIACICA,True,447.0,BR-447,14.0,-20.34802,-40.331815,Velocidade Incompatível,Capotamento,Sem Vítimas,Plena Noite,Crescente,Garoa/Chuvisco,Simples,Reta,Sim,0.0,0.0,0.0,0.0,0.0,1.0,1.0,1.0,SPRF-ES,DEL01-ES,UOP01-DEL01-ES,0,baixo
2025-03-20,08:00,2025-03-20 08:00:00,2025.0,3.0,quinta,8.0,manha,ES,VIANA,True,101.0,BR-101,299.0,-20.35724567,-40.42843759,Reação tardia ou ineficiente do condutor,Capotamento,Sem Vítimas,Pleno dia,Crescente,Nublado,Dupla,Reta,Sim,0.0,0.0,0.0,0.0,0.0,1.0,1.0,1.0,SPRF-ES,DEL01-ES,UOP01-DEL01-ES,0,baixo
2025-01-08,15:35,2025-01-08 15:35:00,2025.0,1.0,quarta,15.0,tarde,ES,SERRA,True,101.0,BR-101,7.1,-20.129093,-40.308125,Acumulo de água sobre o pavimento,Colisão com objeto,Com Vítimas Feridas,Pleno dia,Crescente,Chuva,Dupla,Reta,Não,0.0,1.0,1.0,2.0,0.0,0.0,1.0,2.0,SPRF-ES,DEL02-ES,UOP01-DEL02-ES,1,grave
2025-03-21,10:30,2025-03-21 10:30:00,2025.0,3.0,sexta,10.0,manha,ES,GUARAPARI,True,101.0,BR-101,347.6,-20.65219,-40.62928,Pedestre andava na pista,Atropelamento de Pedestre,Com Vítimas Feridas,Pleno dia,Crescente,Nublado,Dupla,Reta,Não,0.0,0.0,1.0,1.0,0.0,3.0,2.0,4.0,SPRF-ES,DEL03-ES,UOP01-DEL03-ES,0,moderado
2025-03-22,01:10,2025-03-22 01:10:00,2025.0,3.0,sabado,1.0,madrugada,ES,SERRA,True,101.0,BR-101,262.3,-20.16097054,-40.27558647,Ausência de reação do condutor,Colisão com objeto,Com Vítimas Feridas,Plena Noite,Decrescente,Céu Claro,Dupla,Reta,Sim,0.0,0.0,1.0,1.0,0.0,0.0,1.0,1.0,SPRF-ES,DEL02-ES,UOP01-DEL02-ES,0,moderado
2025-03-22,06:00,2025-03-22 06:00:00,2025.0,3.0,sabado,6.0,manha,ES,SERRA,True,101.0,BR-101,245.6,-20.0488473,-40.3867012,Manobra de mudança de faixa,Tombamento,Com Vítimas Feridas,Amanhecer,Crescente,Céu Claro,Simples,Reta,Sim,0.0,1.0,0.0,1.0,0.0,0.0,1.0,1.0,SPRF-ES,DEL02-ES,UOP01-DEL02-ES,1,grave
2025-03-23,20:00,2025-03-23 20:00:00,2025.0,3.0,domingo,20.0,noite,ES,SERRA,True,101.0,BR-101,257.6,-20.12843,-40.299102,Reação tardia ou ineficiente do condutor,Colisão transversal,Com Vítimas Feridas,Plena Noite,Crescente,Céu Claro,Dupla,Curva;Interseção de Vias,Sim,0.0,2.0,1.0,3.0,0.0,0.0,2.0,3.0,SPRF-ES,DEL02-ES,UOP01-DEL02-ES,1,grave
2025-03-23,21:30,2025-03-23 21:30:00,2025.0,3.0,domingo,21.0,noite,ES,SERRA,True,101.0,BR-101,257.0,-20.129535,-40.297318,Ingestão de álcool pelo condutor,Saída de leito carroçável,Sem Vítimas,Plena Noite,Decrescente,Céu Claro,Dupla,Reta;Aclive,Não,0.0,0.0,0.0,0.0,1.0,0.0,1.0,1.0,SPRF-ES,DEL02-ES,UOP01-DEL02-ES,0,baixo
2025-03-24,08:00,2025-03-24 08:00:00,2025.0,3.0,segunda,8.0,manha,ES,SERRA,True,101.0,BR-101,260.9,-20.048852,-40.3867003,Condutor deixou de manter distância do veículo da frente,Colisão traseira,Com Vítimas Feridas,Pleno dia,Crescente,Céu Claro,Dupla,Reta,Não,0.0,0.0,1.0,1.0,1.0,0.0,2.0,2.0,SPRF-ES,DEL02-ES,UOP01-DEL02-ES,0,moderado
2025-03-24,12:40,2025-03-24 12:40:00,2025.0,3.0,segunda,12.0,tarde,ES,CARIACICA,True,101.0,BR-101,281.0,-20.227768,-40.366113,Acessar a via sem observar a presença dos outros veículos,Colisão frontal,Com Vítimas Feridas,Pleno dia,Crescente,Céu Claro,Simples,Reta;Interseção de Vias,Sim,0.0,0.0,1.0,1.0,1.0,0.0,2.0,2.0,SPRF-ES,DEL02-ES,UOP01-DEL02-ES,0,moderado
2025-03-24,18:20,2025-03-24 18:20:00,2025.0,3.0,segunda,18.0,noite,ES,CARIACICA,True,101.0,BR-101,289.0,-20.28570697,-40.39260864,Condutor deixou de manter distância do veículo da frente,Colisão lateral mesmo sentido,Com Vítimas Feridas,Plena Noite,Crescente,Céu Claro,Dupla,Reta,Não,0.0,1.0,0.0,1.0,1.0,0.0,2.0,2.0,SPRF-ES,DEL01-ES,UOP01-DEL01-ES,1,grave
2025-03-24,20:38,2025-03-24 20:38:00,2025.0,3.0,segunda,20.0,noite,ES,VILA VELHA,True,101.0,BR-101,314.0,-20.46473,-40.46539,Reação tardia ou ineficiente do condutor,Queda de ocupante de veículo,Com Vítimas Feridas,Plena Noite,Decrescente,Ignorado,Dupla,Reta,Não,0.0,0.0,1.0,1.0,0.0,0.0,1.0,1.0,SPRF-ES,DEL01-ES,UOP01-DEL01-ES,0,moderado
2025-03-25,08:00,2025-03-25 08:00:00,2025.0,3.0,terca,8.0,manha,ES,SERRA,True,101.0,BR-101,269.6,-20.223273,-40.270356,Acessar a via sem observar a presença dos outros veículos,Atropelamento de Pedestre,Com Vítimas Feridas,Pleno dia,Decrescente,Sol,Múltipla,Reta,Sim,0.0,0.0,1.0,1.0,1.0,0.0,2.0,2.0,SPRF-ES,DEL02-ES,UOP01-DEL02-ES,0,moderado
2025-03-25,18:00,2025-03-25 18:00:00,2025.0,3.0,terca,18.0,noite,ES,CARIACICA,True,101.0,BR-101,286.5,-20.25546261,-40.37550319,Reação tardia ou ineficiente do condutor,Tombamento,Com Vítimas Feridas,Anoitecer,Crescente,Céu Claro,Dupla,Reta,Sim,0.0,0.0,2.0,2.0,0.0,0.0,1.0,2.0,SPRF-ES,DEL01-ES,UOP01-DEL01-ES,0,moderado
2025-03-25,17:00,2025-03-25 17:00:00,2025.0,3.0,terca,17.0,tarde,ES,SERRA,True,101.0,BR-101,264.0,-20.176899,-40.265692,Reação tardia ou ineficiente do condutor,Colisão traseira,Com Vítimas Feridas,Anoitecer,Decrescente,Céu Claro,Dupla,Reta,Não,0.0,0.0,1.0,1.0,2.0,0.0,2.0,3.0,SPRF-ES,DEL02-ES,UOP01-DEL02-ES,0,moderado
2025-03-25,22:00,2025-03-25 22:00:00,2025.0,3.0,terca,22.0,noite,ES,VIANA,True,101.0,BR-101,306.5,-20.39658675,-40.45781541,Demais falhas mecânicas ou elétricas,Incêndio,Sem Vítimas,Plena Noite,Decrescente,Nublado,Dupla,Reta,Não,0.0,0.0,0.0,0.0,1.0,0.0,1.0,1.0,SPRF-ES,DEL01-ES,UOP01-DEL01-ES,0,baixo
2025-03-26,00:30,2025-03-26 00:30:00,2025.0,3.0,quarta,0.0,madrugada,ES,SERRA,True,101.0,BR-101,270.4,-20.04885,-40.3866983,Acesso irregular,Colisão frontal,Sem Vítimas,Plena Noite,Crescente,Céu Claro,Múltipla,Interseção de Vias,Sim,0.0,0.0,0.0,0.0,2.0,0.0,2.0,2.0,SPRF-ES,DEL02-ES,UOP01-DEL02-ES,0,baixo
2025-03-28,06:40,2025-03-28 06:40:00,2025.0,3.0,sexta,6.0,manha,ES,CARIACICA,True,262.0,BR-262,0.8,-20.3300629,-40.354654,Condutor deixou de manter distância do veículo da frente,Colisão traseira,Com Vítimas Feridas,Pleno dia,Decrescente,Sol,Dupla,Reta;Ponte;Interseção de Vias,Sim,0.0,0.0,1.0,1.0,1.0,0.0,2.0,2.0,SPRF-ES,DEL01-ES,UOP01-DEL01-ES,0,moderado
2025-03-28,08:40,2025-03-28 08:40:00,2025.0,3.0,sexta,8.0,manha,ES,VIANA,True,101.0,BR-101,300.0,-20.36888318,-40.44385845,Acumulo de areia ou detritos sobre o pavimento,Tombamento,Com Vítimas Feridas,Pleno dia,Decrescente,Céu Claro,Múltipla,Viaduto,Sim,0.0,0.0,1.0,1.0,1.0,0.0,1.0,2.0,SPRF-ES,DEL01-ES,UOP01-DEL01-ES,0,moderado
2025-03-28,11:40,2025-03-28 11:40:00,2025.0,3.0,sexta,11.0,manha,ES,CARIACICA,True,101.0,BR-101,295.6,-20.33628185,-40.40247029,Reação tardia ou ineficiente do condutor,Queda de ocupante de veículo,Com Vítimas Feridas,Pleno dia,Crescente,Céu Claro,Múltipla,Reta,Sim,0.0,0.0,1.0,1.0,0.0,0.0,1.0,1.0,SPRF-ES,DEL01-ES,UOP01-DEL01-ES,0,moderado
2025-03-28,13:30,2025-03-28 13:30:00,2025.0,3.0,sexta,13.0,tarde,ES,CARIACICA,True,101.0,BR-101,292.8,-20.311744,-40.395167,Acesso irregular,Colisão lateral mesmo sentido,Com Vítimas Feridas,Pleno dia,Crescente,Sol,Múltipla,Reta,Sim,0.0,0.0,2.0,2.0,1.0,0.0,2.0,3.0,SPRF-ES,DEL01-ES,UOP01-DEL01-ES,0,moderado
2025-03-28,17:40,2025-03-28 17:40:00,2025.0,3.0,sexta,17.0,tarde,ES,CARIACICA,True,101.0,BR-101,283.0,-20.242584,-40.369826,Reação tardia ou ineficiente do condutor,Tombamento,Com Vítimas Feridas,Anoitecer,Crescente,Céu Claro,Múltipla,Reta,Sim,0.0,1.0,1.0,2.0,0.0,0.0,1.0,2.0,SPRF-ES,DEL01-ES,UOP01-DEL01-ES,1,grave
2025-03-28,21:20,2025-03-28 21:20:00,2025.0,3.0,sexta,21.0,noite,ES,SERRA,True,101.0,BR-101,241.0,-20.02616333,-40.39835,Transitar na contramão,Colisão frontal,Com Vítimas Feridas,Plena Noite,Crescente,Céu Claro,Simples,Reta,Não,0.0,1.0,0.0,1.0,1.0,0.0,2.0,2.0,SPRF-ES,DEL02-ES,UOP01-DEL02-ES,1,grave
2025-03-29,15:43,2025-03-29 15:43:00,2025.0,3.0,sabado,15.0,tarde,ES,SERRA,True,101.0,BR-101,281.9,-20.226233,-40.363418,Demais falhas mecânicas ou elétricas,Tombamento,Com Vítimas Feridas,Pleno dia,Crescente,Sol,Dupla,Reta,Não,0.0,0.0,2.0,2.0,0.0,0.0,1.0,2.0,SPRF-ES,DEL02-ES,UOP01-DEL02-ES,0,moderado
2025-03-29,19:35,2025-03-29 19:35:00,2025.0,3.0,sabado,19.0,noite,ES,CARIACICA,True,101.0,BR-101,288.9,-20.278582,-40.392597,Reação tardia ou ineficiente do condutor,Colisão traseira,Com Vítimas Feridas,Plena Noite,Decrescente,Céu Claro,Dupla,Reta,Sim,0.0,2.0,0.0,2.0,1.0,0.0,2.0,3.0,SPRF-ES,DEL01-ES,UOP01-DEL01-ES,1,grave
2025-03-30,21:00,2025-03-30 21:00:00,2025.0,3.0,domingo,21.0,noite,ES,SERRA,True,101.0,BR-101,280.6,-20.21838846,-40.34145355,Condutor Dormindo,Capotamento,Com Vítimas Feridas,Plena Noite,Crescente,Céu Claro,Dupla,Reta,Não,0.0,0.0,3.0,3.0,0.0,0.0,1.0,3.0,SPRF-ES,DEL02-ES,UOP01-DEL02-ES,0,moderado
2025-03-31,08:55,2025-03-31 08:55:00,2025.0,3.0,segunda,8.0,manha,ES,SERRA,True,101.0,BR-101,260.7,-20.1465779,-40.2821566,Condutor deixou de manter distância do veículo da frente,Colisão traseira,Com Vítimas Feridas,Pleno dia,Crescente,Céu Claro,Dupla,Curva,Sim,0.0,0.0,1.0,1.0,1.0,0.0,2.0,2.0,SPRF-ES,DEL02-ES,UOP01-DEL02-ES,0,moderado
2025-03-31,11:30,2025-03-31 11:30:00,2025.0,3.0,segunda,11.0,manha,ES,SERRA,True,101.0,BR-101,260.7,-20.148073,-40.280028,Reação tardia ou ineficiente do condutor,Tombamento,Com Vítimas Feridas,Pleno dia,Crescente,Céu Claro,Simples,Curva,Não,0.0,0.0,1.0,1.0,0.0,0.0,1.0,1.0,SPRF-ES,DEL02-ES,UOP01-DEL02-ES,0,moderado
2025-04-01,14:44,2025-04-01 14:44:00,2025.0,4.0,terca,14.0,tarde,ES,CARIACICA,True,101.0,BR-101,288.4,-20.274991,-40.392349,Ausência de reação do condutor,Saída de leito carroçável,Com Vítimas Feridas,Pleno dia,Crescente,Sol,Dupla,Reta,Sim,0.0,0.0,2.0,2.0,0.0,0.0,1.0,2.0,SPRF-ES,DEL01-ES,UOP01-DEL01-ES,0,moderado
2025-04-01,18:36,2025-04-01 18:36:00,2025.0,4.0,terca,18.0,noite,ES,CARIACICA,True,101.0,BR-101,292.5,-20.30610061,-40.39505151,Desrespeitar a preferência no cruzamento,Colisão transversal,Com Vítimas Feridas,Plena Noite,Crescente,Nublado,Dupla,Reta;Retorno Regulamentado,Sim,0.0,0.0,1.0,1.0,1.0,0.0,2.0,2.0,SPRF-ES,DEL01-ES,UOP01-DEL01-ES,0,moderado
2025-04-02,10:50,2025-04-02 10:50:00,2025.0,4.0,quarta,10.0,manha,ES,SERRA,True,101.0,BR-101,270.0,-20.0488586,-40.386697,Acumulo de areia ou detritos sobre o pavimento,Queda de ocupante de veículo,Com Vítimas Feridas,Pleno dia,Crescente,Céu Claro,Dupla,Curva,Sim,0.0,0.0,1.0,1.0,0.0,0.0,1.0,1.0,SPRF-ES,DEL02-ES,UOP01-DEL02-ES,0,moderado
2025-04-02,12:50,2025-04-02 12:50:00,2025.0,4.0,quarta,12.0,tarde,ES,SERRA,True,101.0,BR-101,254.0,-20.112009,-40.325225,Ausência de reação do condutor,Colisão com objeto,Com Vítimas Feridas,Pleno dia,Decrescente,Céu Claro,Simples,Reta,Sim,0.0,0.0,1.0,1.0,0.0,0.0,1.0,1.0,SPRF-ES,DEL02-ES,UOP01-DEL02-ES,0,moderado
2025-04-02,15:20,2025-04-02 15:20:00,2025.0,4.0,quarta,15.0,tarde,ES,SERRA,True,101.0,BR-101,266.5,-20.195745,-40.268515,Ausência de reação do condutor,Colisão lateral sentido oposto,Com Vítimas Feridas,Pleno dia,Decrescente,Sol,Múltipla,Reta,Sim,0.0,1.0,0.0,1.0,1.0,0.0,2.0,2.0,SPRF-ES,DEL02-ES,UOP01-DEL02-ES,1,grave
2025-04-02,18:25,2025-04-02 18:25:00,2025.0,4.0,quarta,18.0,noite,ES,CARIACICA,True,101.0,BR-101,295.1,-20.3334435,-40.4010046,Entrada inopinada do pedestre,Atropelamento de Pedestre,Com Vítimas Feridas,Plena Noite,Decrescente,Céu Claro,Dupla,Reta,Sim,0.0,1.0,0.0,1.0,1.0,0.0,2.0,2.0,SPRF-ES,DEL01-ES,UOP01-DEL01-ES,1,grave
2025-04-02,19:20,2025-04-02 19:20:00,2025.0,4.0,quarta,19.0,noite,ES,SERRA,True,101.0,BR-101,266.6,-20.048857,-40.3867007,Pedestre andava na pista,Queda de ocupante de veículo,Com Vítimas Feridas,Plena Noite,Crescente,Céu Claro,Múltipla,Reta,Sim,0.0,0.0,1.0,1.0,0.0,0.0,1.0,1.0,SPRF-ES,DEL02-ES,UOP01-DEL02-ES,0,moderado
2025-04-02,22:10,2025-04-02 22:10:00,2025.0,4.0,quarta,22.0,noite,ES,SERRA,True,101.0,BR-101,267.9,-20.20706,-40.269677,Acessar a via sem observar a presença dos outros veículos,Colisão lateral mesmo sentido,Com Vítimas Feridas,Plena Noite,Crescente,Céu Claro,Múltipla,Reta,Sim,0.0,0.0,2.0,2.0,1.0,0.0,2.0,3.0,SPRF-ES,DEL02-ES,UOP01-DEL02-ES,0,moderado
2025-04-03,15:00,2025-04-03 15:00:00,2025.0,4.0,quinta,15.0,tarde,ES,SERRA,True,101.0,BR-101,267.9,-20.2063692,-40.26911728,Ausência de reação do condutor,Colisão traseira,Com Vítimas Feridas,Pleno dia,Decrescente,Céu Claro,Dupla,Reta,Sim,0.0,0.0,1.0,1.0,1.0,0.0,2.0,2.0,SPRF-ES,DEL02-ES,UOP01-DEL02-ES,0,moderado
2025-04-03,18:35,2025-04-03 18:35:00,2025.0,4.0,quinta,18.0,noite,ES,SERRA,True,101.0,BR-101,259.5,-20.14636266,-40.28823607,Velocidade Incompatível,Colisão traseira,Com Vítimas Feridas,Anoitecer,Decrescente,Ignorado,Dupla,Curva,Não,0.0,0.0,1.0,1.0,1.0,0.0,2.0,2.0,SPRF-ES,DEL02-ES,UOP01-DEL02-ES,0,moderado
2025-04-04,13:45,2025-04-04 13:45:00,2025.0,4.0,sexta,13.0,tarde,ES,SERRA,True,101.0,BR-101,267.1,-20.20097028,-40.26926994,Ausência de reação do condutor,Colisão traseira,Com Vítimas Feridas,Pleno dia,Crescente,Céu Claro,Múltipla,Reta,Sim,0.0,0.0,1.0,1.0,0.0,1.0,2.0,2.0,SPRF-ES,DEL02-ES,UOP01-DEL02-ES,0,moderado
2025-04-04,16:00,2025-04-04 16:00:00,2025.0,4.0,sexta,16.0,tarde,ES,SERRA,True,101.0,BR-101,268.5,-20.21476333,-40.26998833,Pedestre cruzava a pista fora da faixa,Atropelamento de Pedestre,Com Vítimas Feridas,Pleno dia,Crescente,Sol,Múltipla,Reta,Sim,0.0,0.0,2.0,2.0,0.0,0.0,2.0,2.0,SPRF-ES,DEL02-ES,UOP01-DEL02-ES,0,moderado
2025-04-05,07:35,2025-04-05 07:35:00,2025.0,4.0,sabado,7.0,manha,ES,SERRA,True,101.0,BR-101,270.7,-20.23250385,-40.2762961,Condutor deixou de manter distância do veículo da frente,Colisão traseira,Com Vítimas Feridas,Pleno dia,Crescente,Nublado,Dupla,Curva,Sim,0.0,1.0,0.0,1.0,1.0,0.0,2.0,2.0,SPRF-ES,DEL02-ES,UOP01-DEL02-ES,1,grave
2025-04-05,10:13,2025-04-05 10:13:00,2025.0,4.0,sabado,10.0,manha,ES,CARIACICA,True,101.0,BR-101,297.0,-20.345774,-40.410576,Acesso irregular,Colisão lateral mesmo sentido,Com Vítimas Feridas,Pleno dia,Decrescente,Céu Claro,Dupla,Curva;Aclive;Interseção de Vias,Sim,0.0,1.0,1.0,2.0,1.0,0.0,2.0,3.0,SPRF-ES,DEL01-ES,UOP01-DEL01-ES,1,grave
2025-04-06,07:00,2025-04-06 07:00:00,2025.0,4.0,domingo,7.0,manha,ES,SERRA,True,101.0,BR-101,267.0,-20.205417,-40.269545,Ausência de reação do condutor,Colisão traseira,Com Vítimas Feridas,Pleno dia,Crescente,Garoa/Chuvisco,Múltipla,Reta,Sim,0.0,2.0,0.0,2.0,1.0,0.0,2.0,3.0,SPRF-ES,DEL02-ES,UOP01-DEL02-ES,1,grave
2025-04-06,13:30,2025-04-06 13:30:00,2025.0,4.0,domingo,13.0,tarde,ES,SERRA,True,101.0,BR-101,268.2,-20.0488865,-40.3867121,Condutor deixou de manter distância do veículo da frente,Colisão traseira,Com Vítimas Feridas,Pleno dia,Crescente,Céu Claro,Múltipla,Reta,Sim,0.0,0.0,1.0,1.0,2.0,0.0,2.0,3.0,SPRF-ES,DEL02-ES,UOP01-DEL02-ES,0,moderado
2025-04-07,06:45,2025-04-07 06:45:00,2025.0,4.0,segunda,6.0,manha,ES,GUARAPARI,True,101.0,BR-101,336.0,-20.6635008,-40.6061056,Chuva,Saída de leito carroçável,Com Vítimas Feridas,Amanhecer,Decrescente,Chuva,Dupla,Aclive;Reta,Não,0.0,0.0,1.0,1.0,1.0,0.0,1.0,2.0,SPRF-ES,DEL03-ES,UOP01-DEL03-ES,0,moderado
2025-04-07,08:20,2025-04-07 08:20:00,2025.0,4.0,segunda,8.0,manha,ES,SERRA,True,101.0,BR-101,267.6,-20.20282998,-40.26916589,Manobra de mudança de faixa,Colisão lateral mesmo sentido,Com Vítimas Feridas,Pleno dia,Crescente,Chuva,Dupla,Reta,Sim,0.0,0.0,1.0,1.0,2.0,0.0,2.0,3.0,SPRF-ES,DEL02-ES,UOP01-DEL02-ES,0,moderado
2025-04-07,08:50,2025-04-07 08:50:00,2025.0,4.0,segunda,8.0,manha,ES,GUARAPARI,True,101.0,BR-101,335.4,-20.62941055,-40.53711534,Chuva,Saída de leito carroçável,Com Vítimas Feridas,Pleno dia,Decrescente,Chuva,Dupla,Aclive;Curva,Não,0.0,0.0,1.0,1.0,1.0,0.0,1.0,2.0,SPRF-ES,DEL03-ES,UOP01-DEL03-ES,0,moderado
2025-04-08,08:55,2025-04-08 08:55:00,2025.0,4.0,terca,8.0,manha,ES,SERRA,True,101.0,BR-101,269.2,-20.22002047,-40.2702665,Manobra de mudança de faixa,Colisão lateral mesmo sentido,Com Vítimas Feridas,Pleno dia,Crescente,Sol,Múltipla,Reta,Sim,0.0,0.0,2.0,2.0,0.0,0.0,2.0,2.0,SPRF-ES,DEL02-ES,UOP01-DEL02-ES,0,moderado
2025-04-08,17:10,2025-04-08 17:10:00,2025.0,4.0,terca,17.0,tarde,ES,CARIACICA,True,101.0,BR-101,287.0,-20.25231936,-40.37333965,Acessar a via sem observar a presença dos outros veículos,Colisão transversal,Com Vítimas Feridas,Anoitecer,Crescente,Céu Claro,Dupla,Reta,Sim,0.0,0.0,1.0,1.0,1.0,0.0,2.0,2.0,SPRF-ES,DEL01-ES,UOP01-DEL01-ES,0,moderado
2025-04-09,09:20,2025-04-09 09:20:00,2025.0,4.0,quarta,9.0,manha,ES,VITORIA,True,0.0,BR-0,0.0,-20.28727685,-40.30412793,Condutor deixou de manter distância do veículo da frente,Colisão traseira,Sem Vítimas,Pleno dia,Não Informado,Céu Claro,Dupla,Reta,Sim,0.0,0.0,0.0,0.0,2.0,0.0,2.0,2.0,SPRF-ES,DEL02-ES,UOP01-DEL02-ES,0,baixo
2025-04-10,08:00,2025-04-10 08:00:00,2025.0,4.0,quinta,8.0,manha,ES,CARIACICA,True,101.0,BR-101,288.5,-20.2667107,-40.38679177,Trafegar com motocicleta (ou similar) entre as faixas,Colisão traseira,Com Vítimas Feridas,Pleno dia,Decrescente,Céu Claro,Dupla,Reta,Sim,0.0,1.0,0.0,1.0,1.0,0.0,2.0,2.0,SPRF-ES,DEL01-ES,UOP01-DEL01-ES,1,grave
2025-04-10,08:30,2025-04-10 08:30:00,2025.0,4.0,quinta,8.0,manha,ES,SERRA,True,101.0,BR-101,268.0,-20.21641,-40.27012,Pedestre cruzava a pista fora da faixa,Atropelamento de Pedestre,Com Vítimas Feridas,Pleno dia,Crescente,Céu Claro,Dupla,Reta,Sim,0.0,0.0,1.0,1.0,1.0,0.0,2.0,2.0,SPRF-ES,DEL02-ES,UOP01-DEL02-ES,0,moderado
2025-04-11,04:20,2025-04-11 04:20:00,2025.0,4.0,sexta,4.0,madrugada,ES,VIANA,True,262.0,BR-262,20.0,-20.381129,-40.504147,Reação tardia ou ineficiente do condutor,Colisão com objeto,Sem Vítimas,Plena Noite,Crescente,Nublado,Simples,Reta;Ponte,Não,0.0,0.0,0.0,0.0,2.0,0.0,1.0,2.0,SPRF-ES,DEL01-ES,UOP01-DEL01-ES,0,baixo
2025-04-11,09:30,2025-04-11 09:30:00,2025.0,4.0,sexta,9.0,manha,ES,SERRA,True,101.0,BR-101,271.0,-20.23030821,-40.28102875,Ausência de reação do condutor,Queda de ocupante de veículo,Com Vítimas Feridas,Pleno dia,Crescente,Céu Claro,Dupla,Reta,Não,0.0,0.0,1.0,1.0,0.0,0.0,1.0,1.0,SPRF-ES,DEL02-ES,UOP01-DEL02-ES,0,moderado
2025-04-11,11:20,2025-04-11 11:20:00,2025.0,4.0,sexta,11.0,manha,ES,VIANA,True,101.0,BR-101,298.0,-20.357507,-40.426507,Reação tardia ou ineficiente do condutor,Colisão lateral mesmo sentido,Com Vítimas Feridas,Pleno dia,Crescente,Céu Claro,Dupla,Reta,Não,0.0,0.0,1.0,1.0,0.0,1.0,2.0,2.0,SPRF-ES,DEL01-ES,UOP01-DEL01-ES,0,moderado
2025-04-11,17:05,2025-04-11 17:05:00,2025.0,4.0,sexta,17.0,tarde,ES,SERRA,True,101.0,BR-101,267.7,-20.19848,-40.26808,Manobra de mudança de faixa,Colisão lateral mesmo sentido,Com Vítimas Feridas,Pleno dia,Decrescente,Céu Claro,Dupla,Reta,Sim,0.0,0.0,1.0,1.0,1.0,0.0,2.0,2.0,SPRF-ES,DEL02-ES,UOP01-DEL02-ES,0,moderado
2025-04-14,14:40,2025-04-14 14:40:00,2025.0,4.0,segunda,14.0,tarde,ES,VIANA,True,101.0,BR-101,300.8,-20.36291413,-40.4376483,Acumulo de areia ou detritos sobre o pavimento,Tombamento,Com Vítimas Feridas,Pleno dia,Decrescente,Nublado,Dupla,Curva,Sim,0.0,0.0,1.0,1.0,0.0,0.0,1.0,1.0,SPRF-ES,DEL01-ES,UOP01-DEL01-ES,0,moderado
2025-04-14,16:15,2025-04-14 16:15:00,2025.0,4.0,segunda,16.0,tarde,ES,SERRA,True,101.0,BR-101,254.0,-20.11139198,-40.327034,Ausência de reação do condutor,Colisão traseira,Com Vítimas Feridas,Pleno dia,Decrescente,Céu Claro,Simples,Em Obras;Reta,Sim,0.0,0.0,1.0,1.0,1.0,0.0,2.0,2.0,SPRF-ES,DEL02-ES,UOP01-DEL02-ES,0,moderado
2025-04-15,08:50,2025-04-15 08:50:00,2025.0,4.0,terca,8.0,manha,ES,CARIACICA,True,101.0,BR-101,296.0,-20.34352039,-40.40486097,Conversão proibida,Colisão lateral mesmo sentido,Com Vítimas Feridas,Pleno dia,Crescente,Céu Claro,Dupla,Curva,Não,0.0,0.0,2.0,2.0,1.0,0.0,2.0,3.0,SPRF-ES,DEL01-ES,UOP01-DEL01-ES,0,moderado
2025-04-17,18:47,2025-04-17 18:47:00,2025.0,4.0,quinta,18.0,noite,ES,SERRA,True,101.0,BR-101,233.0,-20.0409088,-40.38656,Velocidade Incompatível,Colisão traseira,Com Vítimas Feridas,Plena Noite,Decrescente,Garoa/Chuvisco,Dupla,Reta,Não,0.0,0.0,1.0,1.0,3.0,0.0,2.0,4.0,SPRF-ES,DEL02-ES,UOP01-DEL02-ES,0,moderado
2025-04-17,23:00,2025-04-17 23:00:00,2025.0,4.0,quinta,23.0,noite,ES,SERRA,True,101.0,BR-101,269.7,-20.224463,-40.270198,Reação tardia ou ineficiente do condutor,Engavetamento,Com Vítimas Feridas,Plena Noite,Decrescente,Nublado,Dupla,Reta,Sim,0.0,0.0,1.0,1.0,4.0,0.0,3.0,5.0,SPRF-ES,DEL02-ES,UOP01-DEL02-ES,0,moderado
2025-04-18,03:30,2025-04-18 03:30:00,2025.0,4.0,sexta,3.0,madrugada,ES,CARIACICA,True,101.0,BR-101,283.0,-20.2334214,-40.36909103,Condutor Dormindo,Saída de leito carroçável,Com Vítimas Feridas,Plena Noite,Decrescente,Céu Claro,Múltipla,Reta,Sim,0.0,0.0,3.0,3.0,1.0,0.0,1.0,4.0,SPRF-ES,DEL01-ES,UOP01-DEL01-ES,0,moderado
2025-04-17,04:45,2025-04-17 04:45:00,2025.0,4.0,quinta,4.0,madrugada,ES,CARIACICA,True,101.0,BR-101,283.0,-20.25235585,-40.37246794,Acumulo de água sobre o pavimento,Saída de leito carroçável,Com Vítimas Feridas,Plena Noite,Decrescente,Chuva,Dupla,Reta,Não,0.0,0.0,1.0,1.0,0.0,0.0,1.0,1.0,SPRF-ES,DEL01-ES,UOP01-DEL01-ES,0,moderado
2025-04-20,13:00,2025-04-20 13:00:00,2025.0,4.0,domingo,13.0,tarde,ES,SERRA,True,101.0,BR-101,266.1,-20.19214333,-40.26803,Reação tardia ou ineficiente do condutor,Queda de ocupante de veículo,Com Vítimas Feridas,Pleno dia,Crescente,Céu Claro,Múltipla,Reta,Sim,0.0,0.0,1.0,1.0,0.0,0.0,1.0,1.0,SPRF-ES,DEL02-ES,UOP01-DEL02-ES,0,moderado
2025-04-16,22:40,2025-04-16 22:40:00,2025.0,4.0,quarta,22.0,noite,ES,SERRA,True,101.0,BR-101,266.0,-20.18744168,-40.26826713,Trafegar com motocicleta (ou similar) entre as faixas,Colisão lateral mesmo sentido,Sem Vítimas,Plena Noite,Crescente,Garoa/Chuvisco,Dupla,Interseção de Vias;Curva,Sim,0.0,0.0,0.0,0.0,2.0,0.0,2.0,2.0,SPRF-ES,DEL02-ES,UOP01-DEL02-ES,0,baixo
2025-04-20,14:00,2025-04-20 14:00:00,2025.0,4.0,domingo,14.0,tarde,ES,SERRA,True,101.0,BR-101,270.0,-20.227855,-40.271222,Ausência de reação do condutor,Colisão traseira,Com Vítimas Feridas,Pleno dia,Crescente,Céu Claro,Dupla,Reta,Sim,0.0,1.0,0.0,1.0,1.0,0.0,2.0,2.0,SPRF-ES,DEL02-ES,UOP01-DEL02-ES,1,grave
2025-04-22,15:40,2025-04-22 15:40:00,2025.0,4.0,terca,15.0,tarde,ES,CARIACICA,True,101.0,BR-101,296.1,-20.34254661,-40.40159321,Ausência de reação do condutor,Queda de ocupante de veículo,Com Vítimas Feridas,Pleno dia,Decrescente,Céu Claro,Dupla,Curva,Sim,0.0,0.0,1.0,1.0,0.0,0.0,1.0,1.0,SPRF-ES,DEL01-ES,UOP01-DEL01-ES,0,moderado
2025-04-22,17:09,2025-04-22 17:09:00,2025.0,4.0,terca,17.0,tarde,ES,SERRA,True,101.0,BR-101,265.0,-20.1824,-40.2655,Acumulo de areia ou detritos sobre o pavimento,Queda de ocupante de veículo,Sem Vítimas,Anoitecer,Crescente,Céu Claro,Dupla,Curva,Sim,0.0,0.0,0.0,0.0,0.0,1.0,1.0,1.0,SPRF-ES,DEL02-ES,UOP01-DEL02-ES,0,baixo
2025-04-22,17:18,2025-04-22 17:18:00,2025.0,4.0,terca,17.0,tarde,ES,SERRA,True,101.0,BR-101,269.0,-20.21701001,-40.2699101,Ausência de reação do condutor,Colisão traseira,Com Vítimas Feridas,Anoitecer,Crescente,Nublado,Múltipla,Reta,Sim,0.0,0.0,1.0,1.0,1.0,0.0,2.0,2.0,SPRF-ES,DEL02-ES,UOP01-DEL02-ES,0,moderado
2025-04-23,09:20,2025-04-23 09:20:00,2025.0,4.0,quarta,9.0,manha,ES,SERRA,True,101.0,BR-101,269.9,-20.0488452,-40.38640393,Entrada inopinada do pedestre,Atropelamento de Pedestre,Com Vítimas Feridas,Pleno dia,Crescente,Céu Claro,Múltipla,Reta,Sim,0.0,1.0,0.0,1.0,1.0,0.0,2.0,2.0,SPRF-ES,DEL02-ES,UOP01-DEL02-ES,1,grave
2025-04-23,18:45,2025-04-23 18:45:00,2025.0,4.0,quarta,18.0,noite,ES,VILA VELHA,True,101.0,BR-101,311.9,-20.443068,-40.46019,Acessar a via sem observar a presença dos outros veículos,Atropelamento de Pedestre,Com Vítimas Fatais,Plena Noite,Crescente,Céu Claro,Dupla,Reta,Não,1.0,0.0,0.0,0.0,1.0,0.0,2.0,2.0,SPRF-ES,DEL01-ES,UOP01-DEL01-ES,1,fatal
2025-04-23,19:00,2025-04-23 19:00:00,2025.0,4.0,quarta,19.0,noite,ES,SERRA,True,101.0,BR-101,263.1,-20.12509291,-40.34179688,Demais falhas mecânicas ou elétricas,Eventos atípicos,Com Vítimas Feridas,Plena Noite,Crescente,Nublado,Dupla,Reta,Sim,0.0,0.0,1.0,1.0,0.0,0.0,1.0,1.0,SPRF-ES,DEL02-ES,UOP01-DEL02-ES,0,moderado
2025-04-24,15:30,2025-04-24 15:30:00,2025.0,4.0,quinta,15.0,tarde,ES,SERRA,True,101.0,BR-101,265.0,-20.18240833,-40.26541,Pista esburacada,Tombamento,Com Vítimas Feridas,Pleno dia,Crescente,Nublado,Múltipla,Reta,Sim,0.0,1.0,1.0,2.0,0.0,0.0,1.0,2.0,SPRF-ES,DEL02-ES,UOP01-DEL02-ES,1,grave
2025-04-25,06:10,2025-04-25 06:10:00,2025.0,4.0,sexta,6.0,manha,ES,SERRA,True,101.0,BR-101,267.8,-20.20453,-40.26744,Condutor desrespeitou a iluminação vermelha do semáforo,Colisão transversal,Com Vítimas Feridas,Pleno dia,Crescente,Nublado,Múltipla,Reta;Interseção de Vias,Sim,0.0,1.0,0.0,1.0,2.0,0.0,2.0,3.0,SPRF-ES,DEL02-ES,UOP01-DEL02-ES,1,grave
2025-04-25,12:00,2025-04-25 12:00:00,2025.0,4.0,sexta,12.0,tarde,ES,SERRA,True,101.0,BR-101,268.8,-20.2147571,-40.27002007,Acessar a via sem observar a presença dos outros veículos,Atropelamento de Pedestre,Com Vítimas Feridas,Pleno dia,Crescente,Céu Claro,Dupla,Reta,Não,0.0,1.0,0.0,1.0,1.0,0.0,2.0,2.0,SPRF-ES,DEL02-ES,UOP01-DEL02-ES,1,grave
2025-04-25,18:10,2025-04-25 18:10:00,2025.0,4.0,sexta,18.0,noite,ES,VIANA,True,101.0,BR-101,298.5,-20.356822,-40.41918,Ausência de reação do condutor,Colisão traseira,Com Vítimas Feridas,Plena Noite,Crescente,Nublado,Simples,Reta,Sim,0.0,1.0,0.0,1.0,1.0,0.0,2.0,2.0,SPRF-ES,DEL01-ES,UOP01-DEL01-ES,1,grave
2025-04-25,20:15,2025-04-25 20:15:00,2025.0,4.0,sexta,20.0,noite,ES,CARIACICA,True,101.0,BR-101,292.0,-20.307885,-40.394741,Condutor deixou de manter distância do veículo da frente,Colisão traseira,Com Vítimas Feridas,Plena Noite,Decrescente,Chuva,Dupla,Reta;Declive,Sim,0.0,0.0,2.0,2.0,0.0,0.0,1.0,2.0,SPRF-ES,DEL01-ES,UOP01-DEL01-ES,0,moderado
2025-04-25,21:10,2025-04-25 21:10:00,2025.0,4.0,sexta,21.0,noite,ES,GUARAPARI,True,101.0,BR-101,325.0,-20.55633551,-40.48060656,Chuva,Queda de ocupante de veículo,Com Vítimas Feridas,Plena Noite,Crescente,Chuva,Dupla,Reta,Não,0.0,0.0,2.0,2.0,0.0,0.0,1.0,2.0,SPRF-ES,DEL03-ES,UOP01-DEL03-ES,0,moderado
2025-04-26,05:20,2025-04-26 05:20:00,2025.0,4.0,sabado,5.0,madrugada,ES,CARIACICA,True,101.0,BR-101,292.8,-20.32494571,-40.39555618,Reação tardia ou ineficiente do condutor,Queda de ocupante de veículo,Com Vítimas Feridas,Amanhecer,Decrescente,Céu Claro,Múltipla,Reta,Sim,0.0,0.0,1.0,1.0,0.0,0.0,1.0,1.0,SPRF-ES,DEL01-ES,UOP01-DEL01-ES,0,moderado
2025-04-27,02:30,2025-04-27 02:30:00,2025.0,4.0,domingo,2.0,madrugada,ES,SERRA,True,101.0,BR-101,255.0,-20.118736,-40.311946,Reação tardia ou ineficiente do condutor,Colisão lateral mesmo sentido,Com Vítimas Feridas,Plena Noite,Crescente,Céu Claro,Simples,Reta,Sim,0.0,0.0,2.0,2.0,0.0,0.0,2.0,2.0,SPRF-ES,DEL02-ES,UOP01-DEL02-ES,0,moderado
2025-02-22,22:40,2025-02-22 22:40:00,2025.0,2.0,sabado,22.0,noite,ES,SERRA,True,101.0,BR-101,257.3,-20.12832782,-40.29915935,Pedestre andava na pista,Atropelamento de Pedestre,Com Vítimas Feridas,Plena Noite,Decrescente,Ignorado,Dupla,Rotatória,Não,0.0,1.0,0.0,1.0,0.0,1.0,2.0,2.0,SPRF-ES,DEL02-ES,UOP01-DEL02-ES,1,grave
2025-04-28,09:45,2025-04-28 09:45:00,2025.0,4.0,segunda,9.0,manha,ES,SERRA,True,101.0,BR-101,270.8,-20.232365,-40.2745916,Manobra de mudança de faixa,Colisão lateral mesmo sentido,Com Vítimas Feridas,Pleno dia,Crescente,Nublado,Múltipla,Curva,Sim,0.0,2.0,2.0,4.0,2.0,0.0,2.0,6.0,SPRF-ES,DEL02-ES,UOP01-DEL02-ES,1,grave
2025-04-28,10:15,2025-04-28 10:15:00,2025.0,4.0,segunda,10.0,manha,ES,SERRA,True,101.0,BR-101,14.9,-20.18372,-40.339705,Demais falhas mecânicas ou elétricas,Tombamento,Com Vítimas Feridas,Pleno dia,Decrescente,Céu Claro,Dupla,Reta,Não,0.0,0.0,1.0,1.0,0.0,0.0,1.0,1.0,SPRF-ES,DEL02-ES,UOP01-DEL02-ES,0,moderado
2025-04-29,09:40,2025-04-29 09:40:00,2025.0,4.0,terca,9.0,manha,ES,CARIACICA,True,101.0,BR-101,296.0,-20.343261,-40.405925,Ausência de reação do condutor,Colisão traseira,Com Vítimas Feridas,Pleno dia,Decrescente,Nublado,Dupla,Aclive;Curva;Viaduto,Sim,0.0,1.0,0.0,1.0,1.0,0.0,2.0,2.0,SPRF-ES,DEL01-ES,UOP01-DEL01-ES,1,grave
2025-04-29,17:10,2025-04-29 17:10:00,2025.0,4.0,terca,17.0,tarde,ES,CARIACICA,True,101.0,BR-101,285.1,-20.25205,-40.37313,Acesso irregular,Colisão transversal,Com Vítimas Feridas,Anoitecer,Crescente,Céu Claro,Dupla,Reta;Declive;Interseção de Vias,Sim,0.0,1.0,1.0,2.0,0.0,0.0,2.0,2.0,SPRF-ES,DEL01-ES,UOP01-DEL01-ES,1,grave
2025-04-30,09:00,2025-04-30 09:00:00,2025.0,4.0,quarta,9.0,manha,ES,SERRA,True,101.0,BR-101,280.8,-20.22162017,-40.35751462,Afundamento ou ondulação no pavimento,Tombamento,Com Vítimas Feridas,Pleno dia,Decrescente,Nublado,Dupla,Reta;Aclive,Não,0.0,1.0,0.0,1.0,0.0,0.0,1.0,1.0,SPRF-ES,DEL02-ES,UOP01-DEL02-ES,1,grave
2025-04-30,16:15,2025-04-30 16:15:00,2025.0,4.0,quarta,16.0,tarde,ES,SERRA,True,101.0,BR-101,280.0,-20.217756,-40.352636,Manobra de mudança de faixa,Colisão lateral mesmo sentido,Com Vítimas Feridas,Pleno dia,Decrescente,Nublado,Dupla,Reta,Não,0.0,0.0,1.0,1.0,1.0,0.0,2.0,2.0,SPRF-ES,DEL02-ES,UOP01-DEL02-ES,0,moderado
2025-04-30,17:00,2025-04-30 17:00:00,2025.0,4.0,quarta,17.0,tarde,ES,CARIACICA,True,101.0,BR-101,295.2,-20.3341961,-40.4015379,Manobra de mudança de faixa,Colisão lateral mesmo sentido,Com Vítimas Feridas,Anoitecer,Crescente,Nublado,Múltipla,Reta,Sim,0.0,0.0,1.0,1.0,1.0,0.0,2.0,2.0,SPRF-ES,DEL01-ES,UOP01-DEL01-ES,0,moderado
2025-05-01,06:40,2025-05-01 06:40:00,2025.0,5.0,quinta,6.0,manha,ES,FUNDAO,True,101.0,BR-101,232.2,-19.95487046,-40.41010004,Ultrapassagem Indevida,Colisão frontal,Com Vítimas Feridas,Pleno dia,Crescente,Céu Claro,Simples,Reta,Não,0.0,0.0,3.0,3.0,2.0,0.0,2.0,5.0,SPRF-ES,DEL02-ES,UOP01-DEL02-ES,0,moderado
2025-04-03,10:25,2025-04-03 10:25:00,2025.0,4.0,quinta,10.0,manha,ES,SERRA,True,101.0,BR-101,264.9,-20.048847,-40.3866996,Condutor deixou de manter distância do veículo da frente,Colisão traseira,Com Vítimas Feridas,Pleno dia,Crescente,Céu Claro,Dupla,Reta,Sim,0.0,0.0,1.0,1.0,1.0,0.0,2.0,2.0,SPRF-ES,DEL02-ES,UOP01-DEL02-ES,0,moderado
2025-05-01,14:40,2025-05-01 14:40:00,2025.0,5.0,quinta,14.0,tarde,ES,VIANA,True,262.0,BR-262,21.0,-20.375805,-40.512829,Condutor Dormindo,Colisão frontal,Com Vítimas Feridas,Pleno dia,Crescente,Céu Claro,Simples,Reta;Declive,Não,0.0,0.0,6.0,6.0,0.0,0.0,2.0,6.0,SPRF-ES,DEL01-ES,UOP01-DEL01-ES,0,moderado
2025-05-01,14:50,2025-05-01 14:50:00,2025.0,5.0,quinta,14.0,tarde,ES,VILA VELHA,True,101.0,BR-101,311.0,-20.4363702,-40.45934558,Demais falhas mecânicas ou elétricas,Incêndio,Sem Vítimas,Pleno dia,Decrescente,Céu Claro,Dupla,Reta,Não,0.0,0.0,0.0,0.0,1.0,0.0,1.0,1.0,SPRF-ES,DEL01-ES,UOP01-DEL01-ES,0,baixo
2025-05-02,06:49,2025-05-02 06:49:00,2025.0,5.0,sexta,6.0,manha,ES,SERRA,True,101.0,BR-101,270.0,-20.228275,-40.271729,Reação tardia ou ineficiente do condutor,Colisão traseira,Com Vítimas Feridas,Pleno dia,Crescente,Céu Claro,Dupla,Reta,Sim,0.0,0.0,1.0,1.0,1.0,0.0,2.0,2.0,SPRF-ES,DEL02-ES,UOP01-DEL02-ES,0,moderado
2025-05-02,07:50,2025-05-02 07:50:00,2025.0,5.0,sexta,7.0,manha,ES,SERRA,True,101.0,BR-101,264.8,-20.18065333,-40.26532167,Reação tardia ou ineficiente do condutor,Tombamento,Com Vítimas Feridas,Pleno dia,Crescente,Sol,Múltipla,Curva,Sim,0.0,1.0,0.0,1.0,0.0,0.0,1.0,1.0,SPRF-ES,DEL02-ES,UOP01-DEL02-ES,1,grave
2025-05-02,10:15,2025-05-02 10:15:00,2025.0,5.0,sexta,10.0,manha,ES,VIANA,True,262.0,BR-262,27.3,-20.385803,-40.553105,Velocidade Incompatível,Tombamento,Com Vítimas Feridas,Pleno dia,Decrescente,Céu Claro,Simples,Curva,Não,0.0,1.0,0.0,1.0,0.0,0.0,1.0,1.0,SPRF-ES,DEL01-ES,UOP01-DEL01-ES,1,grave
2025-05-02,16:55,2025-05-02 16:55:00,2025.0,5.0,sexta,16.0,tarde,ES,SERRA,True,101.0,BR-101,266.3,-20.19353927,-40.26839018,Reação tardia ou ineficiente do condutor,Tombamento,Com Vítimas Feridas,Pleno dia,Crescente,Céu Claro,Múltipla,Reta;Interseção de Vias,Sim,0.0,0.0,2.0,2.0,0.0,0.0,1.0,2.0,SPRF-ES,DEL02-ES,UOP01-DEL02-ES,0,moderado
2025-05-03,10:35,2025-05-03 10:35:00,2025.0,5.0,sabado,10.0,manha,ES,SERRA,True,101.0,BR-101,281.0,-20.037632,-40.1965056,Velocidade Incompatível,Saída de leito carroçável,Com Vítimas Feridas,Pleno dia,Crescente,Céu Claro,Dupla,Curva,Não,0.0,1.0,0.0,1.0,0.0,0.0,1.0,1.0,SPRF-ES,DEL02-ES,UOP01-DEL02-ES,1,grave
2025-05-04,17:40,2025-05-04 17:40:00,2025.0,5.0,domingo,17.0,tarde,ES,SERRA,True,101.0,BR-101,275.5,-20.2095924,-40.2989186,Ausência de reação do condutor,Saída de leito carroçável,Com Vítimas Feridas,Anoitecer,Crescente,Nublado,Dupla,Curva,Não,0.0,0.0,2.0,2.0,1.0,0.0,1.0,3.0,SPRF-ES,DEL02-ES,UOP01-DEL02-ES,0,moderado
2025-05-04,22:10,2025-05-04 22:10:00,2025.0,5.0,domingo,22.0,noite,ES,SERRA,True,101.0,BR-101,278.0,-20.218008,-40.33775,Reação tardia ou ineficiente do condutor,Colisão com objeto,Com Vítimas Feridas,Plena Noite,Crescente,Céu Claro,Dupla,Reta,Não,0.0,0.0,1.0,1.0,2.0,0.0,1.0,3.0,SPRF-ES,DEL02-ES,UOP01-DEL02-ES,0,moderado
2025-05-05,09:55,2025-05-05 09:55:00,2025.0,5.0,segunda,9.0,manha,ES,GUARAPARI,True,101.0,BR-101,338.7,-20.64378,-40.55548,Avarias e/ou desgaste excessivo no pneu,Tombamento,Com Vítimas Feridas,Pleno dia,Crescente,Chuva,Dupla,Curva,Não,0.0,0.0,1.0,1.0,0.0,0.0,1.0,1.0,SPRF-ES,DEL03-ES,UOP01-DEL03-ES,0,moderado
2025-05-06,18:20,2025-05-06 18:20:00,2025.0,5.0,terca,18.0,noite,ES,CARIACICA,True,101.0,BR-101,288.0,-20.276634,-40.392539,Avarias e/ou desgaste excessivo no pneu,Queda de ocupante de veículo,Com Vítimas Feridas,Plena Noite,Decrescente,Céu Claro,Dupla,Reta;Declive,Sim,0.0,1.0,0.0,1.0,1.0,0.0,1.0,2.0,SPRF-ES,DEL01-ES,UOP01-DEL01-ES,1,grave
2025-05-06,18:20,2025-05-06 18:20:00,2025.0,5.0,terca,18.0,noite,ES,SERRA,True,101.0,BR-101,266.2,-20.1927205,-40.2684606,Trafegar com motocicleta (ou similar) entre as faixas,Tombamento,Com Vítimas Feridas,Plena Noite,Decrescente,Nublado,Múltipla,Reta,Sim,0.0,0.0,2.0,2.0,0.0,0.0,1.0,2.0,SPRF-ES,DEL02-ES,UOP01-DEL02-ES,0,moderado
2025-05-06,18:50,2025-05-06 18:50:00,2025.0,5.0,terca,18.0,noite,ES,SERRA,True,101.0,BR-101,264.6,-20.17882667,-40.26541,Condutor desrespeitou a iluminação vermelha do semáforo,Colisão transversal,Com Vítimas Feridas,Plena Noite,Crescente,Chuva,Múltipla,Reta,Sim,0.0,0.0,1.0,1.0,1.0,0.0,2.0,2.0,SPRF-ES,DEL02-ES,UOP01-DEL02-ES,0,moderado
2025-05-07,13:50,2025-05-07 13:50:00,2025.0,5.0,quarta,13.0,tarde,ES,VIANA,True,101.0,BR-101,298.0,-20.3827417,-40.4596019,Manobra de mudança de faixa,Colisão lateral mesmo sentido,Com Vítimas Feridas,Pleno dia,Crescente,Céu Claro,Simples,Reta,Sim,0.0,1.0,0.0,1.0,1.0,0.0,2.0,2.0,SPRF-ES,DEL01-ES,UOP01-DEL01-ES,1,grave
2025-05-07,16:30,2025-05-07 16:30:00,2025.0,5.0,quarta,16.0,tarde,ES,CARIACICA,True,101.0,BR-101,290.0,-20.29356942,-40.39275885,Reação tardia ou ineficiente do condutor,Colisão traseira,Com Vítimas Feridas,Pleno dia,Crescente,Nublado,Dupla,Reta,Sim,0.0,0.0,1.0,1.0,1.0,0.0,2.0,2.0,SPRF-ES,DEL01-ES,UOP01-DEL01-ES,0,moderado
2025-05-08,12:30,2025-05-08 12:30:00,2025.0,5.0,quinta,12.0,tarde,ES,FUNDAO,True,101.0,BR-101,232.0,-19.960886,-40.406994,Mal súbito do condutor,Colisão traseira,Com Vítimas Feridas,Pleno dia,Crescente,Chuva,Simples,Reta,Não,0.0,0.0,2.0,2.0,0.0,0.0,2.0,2.0,SPRF-ES,DEL02-ES,UOP01-DEL02-ES,0,moderado
2025-05-08,16:00,2025-05-08 16:00:00,2025.0,5.0,quinta,16.0,tarde,ES,CARIACICA,True,101.0,BR-101,295.2,-20.33479295,-40.4015979,Desrespeitar a preferência no cruzamento,Colisão transversal,Com Vítimas Feridas,Pleno dia,Crescente,Nublado,Múltipla,Interseção de Vias;Reta,Sim,0.0,0.0,1.0,1.0,1.0,0.0,2.0,2.0,SPRF-ES,DEL01-ES,UOP01-DEL01-ES,0,moderado
2025-05-08,21:00,2025-05-08 21:00:00,2025.0,5.0,quinta,21.0,noite,ES,VIANA,True,262.0,BR-262,48.0,-20.3827398,-40.4596022,Transitar na contramão,Colisão lateral sentido oposto,Sem Vítimas,Plena Noite,Crescente,Céu Claro,Simples,Reta,Não,0.0,0.0,0.0,0.0,1.0,1.0,2.0,2.0,SPRF-ES,DEL01-ES,UOP01-DEL01-ES,0,baixo
2025-05-09,07:00,2025-05-09 07:00:00,2025.0,5.0,sexta,7.0,manha,ES,CARIACICA,True,101.0,BR-101,295.6,-20.330171,-40.3987397,Desrespeitar a preferência no cruzamento,Colisão frontal,Com Vítimas Feridas,Pleno dia,Crescente,Céu Claro,Múltipla,Interseção de Vias,Sim,0.0,0.0,1.0,1.0,1.0,0.0,2.0,2.0,SPRF-ES,DEL01-ES,UOP01-DEL01-ES,0,moderado
2025-05-09,07:30,2025-05-09 07:30:00,2025.0,5.0,sexta,7.0,manha,ES,CARIACICA,True,101.0,BR-101,290.7,-20.29578,-40.393613,Manobra de mudança de faixa,Colisão lateral mesmo sentido,Com Vítimas Feridas,Pleno dia,Crescente,Céu Claro,Dupla,Reta,Sim,0.0,1.0,1.0,2.0,1.0,0.0,2.0,3.0,SPRF-ES,DEL01-ES,UOP01-DEL01-ES,1,grave
2025-05-09,08:21,2025-05-09 08:21:00,2025.0,5.0,sexta,8.0,manha,ES,SERRA,True,101.0,BR-101,268.5,-20.21232,-40.2698417,Acessar a via sem observar a presença dos outros veículos,Atropelamento de Pedestre,Sem Vítimas,Pleno dia,Crescente,Sol,Múltipla,Reta,Sim,0.0,0.0,0.0,0.0,1.0,1.0,2.0,2.0,SPRF-ES,DEL02-ES,UOP01-DEL02-ES,0,baixo
2025-05-09,11:25,2025-05-09 11:25:00,2025.0,5.0,sexta,11.0,manha,ES,VITORIA,True,0.0,BR-0,0.0,-20.30985721,-40.31447053,Reação tardia ou ineficiente do condutor,Colisão transversal,Sem Vítimas,Pleno dia,Não Informado,Céu Claro,Simples,Interseção de Vias,Sim,0.0,0.0,0.0,0.0,2.0,0.0,2.0,2.0,SPRF-ES,,,0,baixo
2025-05-09,13:50,2025-05-09 13:50:00,2025.0,5.0,sexta,13.0,tarde,ES,SERRA,True,101.0,BR-101,264.0,-20.1772261,-40.265721,Condutor deixou de manter distância do veículo da frente,Colisão traseira,Com Vítimas Feridas,Plena Noite,Decrescente,Céu Claro,Dupla,Reta,Sim,0.0,0.0,1.0,1.0,1.0,0.0,2.0,2.0,SPRF-ES,DEL02-ES,UOP01-DEL02-ES,0,moderado
2025-05-09,16:20,2025-05-09 16:20:00,2025.0,5.0,sexta,16.0,tarde,ES,VIANA,True,101.0,BR-101,303.4,-20.37810151,-40.44887066,Entrada inopinada do pedestre,Atropelamento de Pedestre,Com Vítimas Fatais,Pleno dia,Decrescente,Céu Claro,Dupla,Reta,Sim,2.0,0.0,0.0,0.0,0.0,1.0,2.0,3.0,SPRF-ES,DEL01-ES,UOP01-DEL01-ES,1,fatal
2025-05-10,01:20,2025-05-10 01:20:00,2025.0,5.0,sabado,1.0,madrugada,ES,SERRA,True,101.0,BR-101,269.8,-20.21232,-40.2698417,Condutor desrespeitou a iluminação vermelha do semáforo,Colisão transversal,Com Vítimas Feridas,Plena Noite,Decrescente,Nublado,Múltipla,Interseção de Vias,Sim,0.0,1.0,1.0,2.0,2.0,0.0,2.0,4.0,SPRF-ES,DEL02-ES,UOP01-DEL02-ES,1,grave
2025-05-10,17:00,2025-05-10 17:00:00,2025.0,5.0,sabado,17.0,tarde,ES,SERRA,True,101.0,BR-101,262.0,-20.16678641,-40.27208598,Condutor desrespeitou a iluminação vermelha do semáforo,Colisão transversal,Sem Vítimas,Pleno dia,Crescente,Céu Claro,Dupla,Retorno Regulamentado,Sim,0.0,0.0,0.0,0.0,2.0,0.0,2.0,2.0,SPRF-ES,DEL02-ES,UOP01-DEL02-ES,0,baixo
2025-05-10,18:05,2025-05-10 18:05:00,2025.0,5.0,sabado,18.0,noite,ES,VIANA,True,101.0,BR-101,304.4,-20.382732,-40.459658,Condutor deixou de manter distância do veículo da frente,Colisão traseira,Com Vítimas Feridas,Plena Noite,Decrescente,Céu Claro,Dupla,Reta;Viaduto,Sim,0.0,0.0,2.0,2.0,1.0,0.0,2.0,3.0,SPRF-ES,DEL01-ES,UOP01-DEL01-ES,0,moderado
2025-05-10,20:00,2025-05-10 20:00:00,2025.0,5.0,sabado,20.0,noite,ES,GUARAPARI,True,101.0,BR-101,331.8,-20.606,-40.506,Reação tardia ou ineficiente do condutor,Colisão com objeto,Com Vítimas Feridas,Plena Noite,Crescente,Céu Claro,Dupla,Curva,Não,0.0,0.0,1.0,1.0,0.0,0.0,1.0,1.0,SPRF-ES,DEL03-ES,UOP01-DEL03-ES,0,moderado
2025-05-11,06:40,2025-05-11 06:40:00,2025.0,5.0,domingo,6.0,manha,ES,CARIACICA,True,101.0,BR-101,288.0,-20.26962672,-40.38980265,Ausência de reação do condutor,Colisão com objeto,Sem Vítimas,Amanhecer,Decrescente,Céu Claro,Dupla,Reta,Sim,0.0,0.0,0.0,0.0,1.0,0.0,1.0,1.0,SPRF-ES,DEL01-ES,UOP01-DEL01-ES,0,baixo
2025-05-11,18:00,2025-05-11 18:00:00,2025.0,5.0,domingo,18.0,noite,ES,GUARAPARI,True,101.0,BR-101,327.0,-20.5732622,-40.4852525,Chuva,Queda de ocupante de veículo,Com Vítimas Feridas,Plena Noite,Crescente,Chuva,Dupla,Reta,Não,0.0,0.0,2.0,2.0,0.0,0.0,1.0,2.0,SPRF-ES,DEL03-ES,UOP01-DEL03-ES,0,moderado
2025-05-12,19:20,2025-05-12 19:20:00,2025.0,5.0,segunda,19.0,noite,ES,FUNDAO,True,101.0,BR-101,229.6,-19.93429833,-40.40494167,Pedestre cruzava a pista fora da faixa,Atropelamento de Pedestre,Com Vítimas Feridas,Plena Noite,Crescente,Chuva,Múltipla,Reta,Sim,0.0,0.0,1.0,1.0,0.0,1.0,2.0,2.0,SPRF-ES,DEL02-ES,UOP01-DEL02-ES,0,moderado
2025-05-13,09:20,2025-05-13 09:20:00,2025.0,5.0,terca,9.0,manha,ES,SERRA,True,101.0,BR-101,262.1,-20.04884974,-40.38639807,Acessar a via sem observar a presença dos outros veículos,Colisão lateral mesmo sentido,Com Vítimas Feridas,Pleno dia,Crescente,Céu Claro,Dupla,Reta,Sim,0.0,1.0,0.0,1.0,3.0,0.0,2.0,4.0,SPRF-ES,DEL02-ES,UOP01-DEL02-ES,1,grave
2025-05-13,14:00,2025-05-13 14:00:00,2025.0,5.0,terca,14.0,tarde,ES,SERRA,True,101.0,BR-101,267.5,-20.2049518,-40.26888,Manobra de mudança de faixa,Saída de leito carroçável,Com Vítimas Feridas,Pleno dia,Decrescente,Sol,Múltipla,Reta,Sim,0.0,0.0,1.0,1.0,1.0,0.0,1.0,2.0,SPRF-ES,DEL02-ES,UOP01-DEL02-ES,0,moderado
2025-05-13,19:40,2025-05-13 19:40:00,2025.0,5.0,terca,19.0,noite,ES,SERRA,True,101.0,BR-101,257.5,-20.12848049,-40.29900802,Acessar a via sem observar a presença dos outros veículos,Colisão transversal,Com Vítimas Feridas,Pleno dia,Crescente,Nublado,Dupla,Reta,Sim,0.0,1.0,0.0,1.0,1.0,0.0,2.0,2.0,SPRF-ES,DEL02-ES,UOP01-DEL02-ES,1,grave
2025-05-14,07:28,2025-05-14 07:28:00,2025.0,5.0,quarta,7.0,manha,ES,GUARAPARI,True,101.0,BR-101,322.0,-20.52694351,-40.48180668,Demais falhas mecânicas ou elétricas,Incêndio,Sem Vítimas,Pleno dia,Crescente,Nublado,Dupla,Reta,Não,0.0,0.0,0.0,0.0,1.0,0.0,1.0,1.0,SPRF-ES,DEL03-ES,UOP01-DEL03-ES,0,baixo
2025-05-14,15:30,2025-05-14 15:30:00,2025.0,5.0,quarta,15.0,tarde,ES,SERRA,True,101.0,BR-101,266.5,-20.19551333,-40.26872333,Condutor desrespeitou a iluminação vermelha do semáforo,Colisão transversal,Com Vítimas Feridas,Anoitecer,Crescente,Chuva,Múltipla,Reta,Não,0.0,1.0,1.0,2.0,0.0,0.0,2.0,2.0,SPRF-ES,DEL02-ES,UOP01-DEL02-ES,1,grave
2025-05-15,08:35,2025-05-15 08:35:00,2025.0,5.0,quinta,8.0,manha,ES,SERRA,True,101.0,BR-101,252.3,-20.0999583,-40.337041,Animais na Pista,Tombamento,Com Vítimas Feridas,Pleno dia,Crescente,Céu Claro,Simples,Reta,Não,0.0,1.0,0.0,1.0,0.0,0.0,1.0,1.0,SPRF-ES,DEL02-ES,UOP01-DEL02-ES,1,grave
2025-05-15,10:50,2025-05-15 10:50:00,2025.0,5.0,quinta,10.0,manha,ES,CARIACICA,True,101.0,BR-101,289.0,-20.270987,-40.3905461,Ausência de reação do condutor,Queda de ocupante de veículo,Com Vítimas Feridas,Pleno dia,Decrescente,Céu Claro,Dupla,Reta,Sim,0.0,0.0,1.0,1.0,0.0,0.0,1.0,1.0,SPRF-ES,DEL01-ES,UOP01-DEL01-ES,0,moderado
2025-05-15,16:20,2025-05-15 16:20:00,2025.0,5.0,quinta,16.0,tarde,ES,SERRA,True,101.0,BR-101,255.0,-20.048857,-40.3866912,Reação tardia ou ineficiente do condutor,Colisão traseira,Com Vítimas Feridas,Pleno dia,Crescente,Céu Claro,Simples,Reta,Não,0.0,0.0,1.0,1.0,1.0,0.0,2.0,2.0,SPRF-ES,DEL02-ES,UOP01-DEL02-ES,0,moderado
2025-05-15,20:20,2025-05-15 20:20:00,2025.0,5.0,quinta,20.0,noite,ES,SERRA,True,101.0,BR-101,265.0,-20.18178891,-40.26542191,Deficiência do Sistema de Iluminação/Sinalização,Atropelamento de Pedestre,Com Vítimas Feridas,Plena Noite,Crescente,Chuva,Dupla,Reta,Sim,0.0,0.0,2.0,2.0,0.0,1.0,2.0,3.0,SPRF-ES,DEL02-ES,UOP01-DEL02-ES,0,moderado
2025-05-16,08:30,2025-05-16 08:30:00,2025.0,5.0,sexta,8.0,manha,ES,VIANA,True,101.0,BR-101,299.2,-20.35814639,-40.42076111,Reação tardia ou ineficiente do condutor,Colisão lateral mesmo sentido,Com Vítimas Feridas,Pleno dia,Crescente,Nublado,Múltipla,Reta,Sim,0.0,0.0,1.0,1.0,1.0,0.0,2.0,2.0,SPRF-ES,DEL01-ES,UOP01-DEL01-ES,0,moderado
2025-05-16,12:45,2025-05-16 12:45:00,2025.0,5.0,sexta,12.0,tarde,ES,SERRA,True,101.0,BR-101,270.6,-20.23085183,-40.27316451,Condutor desrespeitou a iluminação vermelha do semáforo,Colisão transversal,Com Vítimas Feridas,Pleno dia,Decrescente,Céu Claro,Múltipla,Interseção de Vias,Sim,0.0,1.0,2.0,3.0,1.0,0.0,2.0,4.0,SPRF-ES,DEL02-ES,UOP01-DEL02-ES,1,grave
2025-05-17,03:00,2025-05-17 03:00:00,2025.0,5.0,sabado,3.0,madrugada,ES,CARIACICA,True,101.0,BR-101,295.0,-20.33691812,-40.40232253,Velocidade Incompatível,Capotamento,Com Vítimas Feridas,Plena Noite,Decrescente,Nublado,Dupla,Reta,Sim,0.0,1.0,0.0,1.0,0.0,0.0,1.0,1.0,SPRF-ES,DEL01-ES,UOP01-DEL01-ES,1,grave
2025-05-17,09:00,2025-05-17 09:00:00,2025.0,5.0,sabado,9.0,manha,ES,SERRA,True,101.0,BR-101,270.7,-20.23272427,-40.2755785,Velocidade Incompatível,Colisão com objeto,Com Vítimas Feridas,Pleno dia,Crescente,Nublado,Múltipla,Curva,Sim,0.0,0.0,1.0,1.0,0.0,0.0,1.0,1.0,SPRF-ES,DEL02-ES,UOP01-DEL02-ES,0,moderado
2025-05-17,14:00,2025-05-17 14:00:00,2025.0,5.0,sabado,14.0,tarde,ES,SERRA,True,101.0,BR-101,269.9,-20.0488618,-40.3866904,Manobra de mudança de faixa,Colisão lateral mesmo sentido,Com Vítimas Feridas,Pleno dia,Decrescente,Céu Claro,Dupla,Reta,Sim,0.0,0.0,1.0,1.0,1.0,0.0,2.0,2.0,SPRF-ES,DEL02-ES,UOP01-DEL02-ES,0,moderado
2025-05-17,16:51,2025-05-17 16:51:00,2025.0,5.0,sabado,16.0,tarde,ES,SERRA,True,101.0,BR-101,270.4,-20.0488623,-40.386691,Condutor desrespeitou a iluminação vermelha do semáforo,Colisão transversal,Com Vítimas Feridas,Pleno dia,Decrescente,Céu Claro,Múltipla,Reta,Sim,0.0,1.0,0.0,1.0,4.0,0.0,2.0,5.0,SPRF-ES,DEL02-ES,UOP01-DEL02-ES,1,grave
2025-05-17,22:00,2025-05-17 22:00:00,2025.0,5.0,sabado,22.0,noite,ES,SERRA,True,101.0,BR-101,265.4,-20.20495438,-40.26906983,Entrada inopinada do pedestre,Atropelamento de Pedestre,Com Vítimas Feridas,Plena Noite,Decrescente,Nublado,Múltipla,Declive;Reta,Sim,0.0,0.0,1.0,1.0,1.0,2.0,2.0,4.0,SPRF-ES,DEL02-ES,UOP01-DEL02-ES,0,moderado
2025-05-18,10:00,2025-05-18 10:00:00,2025.0,5.0,domingo,10.0,manha,ES,GUARAPARI,True,101.0,BR-101,344.7,-20.66136735,-40.60512543,Reação tardia ou ineficiente do condutor,Colisão com objeto,Com Vítimas Feridas,Pleno dia,Decrescente,Nublado,Dupla,Reta,Não,0.0,0.0,1.0,1.0,0.0,0.0,1.0,1.0,SPRF-ES,DEL03-ES,UOP01-DEL03-ES,0,moderado
2025-05-18,19:30,2025-05-18 19:30:00,2025.0,5.0,domingo,19.0,noite,ES,SERRA,True,101.0,BR-101,265.2,-20.18479,-40.26783,Reação tardia ou ineficiente do condutor,Engavetamento,Com Vítimas Feridas,Plena Noite,Crescente,Céu Claro,Dupla,Reta,Sim,0.0,0.0,2.0,2.0,4.0,0.0,3.0,6.0,SPRF-ES,DEL02-ES,UOP01-DEL02-ES,0,moderado
2025-05-19,07:15,2025-05-19 07:15:00,2025.0,5.0,segunda,7.0,manha,ES,SERRA,True,101.0,BR-101,245.9,-20.0488636,-40.3866951,Demais falhas mecânicas ou elétricas,Incêndio,Sem Vítimas,Pleno dia,Crescente,Nublado,Dupla,Reta,Não,0.0,0.0,0.0,0.0,1.0,0.0,1.0,1.0,SPRF-ES,DEL02-ES,UOP01-DEL02-ES,0,baixo
2025-05-20,08:20,2025-05-20 08:20:00,2025.0,5.0,terca,8.0,manha,ES,CARIACICA,True,101.0,BR-101,288.0,-20.27164276,-40.39123535,Manobra de mudança de faixa,Colisão lateral mesmo sentido,Com Vítimas Feridas,Pleno dia,Decrescente,Sol,Dupla,Reta;Declive,Sim,0.0,1.0,0.0,1.0,1.0,0.0,2.0,2.0,SPRF-ES,DEL01-ES,UOP01-DEL01-ES,1,grave
2025-05-20,15:00,2025-05-20 15:00:00,2025.0,5.0,terca,15.0,tarde,ES,CARIACICA,True,101.0,BR-101,282.9,-20.23265836,-40.36839215,Pista esburacada,Colisão com objeto,Com Vítimas Feridas,Pleno dia,Decrescente,Céu Claro,Múltipla,Retorno Regulamentado;Reta,Não,0.0,1.0,0.0,1.0,0.0,1.0,2.0,2.0,SPRF-ES,DEL01-ES,UOP01-DEL01-ES,1,grave
2025-05-21,17:26,2025-05-21 17:26:00,2025.0,5.0,quarta,17.0,tarde,ES,SERRA,True,101.0,BR-101,263.1,-20.17453061,-40.2669688,Manobra de mudança de faixa,Colisão lateral mesmo sentido,Com Vítimas Feridas,Pleno dia,Decrescente,Céu Claro,Simples,Reta,Sim,0.0,0.0,1.0,1.0,1.0,0.0,2.0,2.0,SPRF-ES,DEL02-ES,UOP01-DEL02-ES,0,moderado
2025-05-21,17:30,2025-05-21 17:30:00,2025.0,5.0,quarta,17.0,tarde,ES,SERRA,True,101.0,BR-101,263.1,-20.16776216,-40.27132315,Manobra de mudança de faixa,Colisão lateral mesmo sentido,Com Vítimas Feridas,Anoitecer,Decrescente,Nublado,Dupla,Reta,Sim,0.0,1.0,1.0,2.0,1.0,0.0,2.0,3.0,SPRF-ES,DEL02-ES,UOP01-DEL02-ES,1,grave
2025-05-22,01:00,2025-05-22 01:00:00,2025.0,5.0,quinta,1.0,madrugada,ES,SERRA,True,101.0,BR-101,279.0,-20.21737431,-40.3303037,Ausência de reação do condutor,Saída de leito carroçável,Com Vítimas Feridas,Plena Noite,Crescente,Céu Claro,Dupla,Reta,Não,0.0,1.0,0.0,1.0,0.0,0.0,1.0,1.0,SPRF-ES,DEL02-ES,UOP01-DEL02-ES,1,grave
2025-05-22,13:08,2025-05-22 13:08:00,2025.0,5.0,quinta,13.0,tarde,ES,CARIACICA,True,101.0,BR-101,289.7,-20.291155,-40.391728,Manobra de mudança de faixa,Tombamento,Com Vítimas Feridas,Pleno dia,Decrescente,Céu Claro,Dupla,Reta,Não,0.0,1.0,0.0,1.0,0.0,0.0,1.0,1.0,SPRF-ES,DEL01-ES,UOP01-DEL01-ES,1,grave
2025-05-22,14:50,2025-05-22 14:50:00,2025.0,5.0,quinta,14.0,tarde,ES,CARIACICA,True,101.0,BR-101,294.7,-20.330453,-40.399162,Manobra de mudança de faixa,Colisão lateral mesmo sentido,Com Vítimas Feridas,Pleno dia,Decrescente,Céu Claro,Múltipla,Reta,Sim,0.0,0.0,2.0,2.0,1.0,0.0,2.0,3.0,SPRF-ES,DEL01-ES,UOP01-DEL01-ES,0,moderado
2025-05-22,15:40,2025-05-22 15:40:00,2025.0,5.0,quinta,15.0,tarde,ES,GUARAPARI,True,101.0,BR-101,337.8,-20.6063591,-40.50693154,Acessar a via sem observar a presença dos outros veículos,Tombamento,Com Vítimas Feridas,Pleno dia,Crescente,Nublado,Dupla,Reta,Não,0.0,1.0,0.0,1.0,0.0,0.0,1.0,1.0,SPRF-ES,DEL03-ES,UOP01-DEL03-ES,1,grave
2025-05-22,16:00,2025-05-22 16:00:00,2025.0,5.0,quinta,16.0,tarde,ES,SERRA,True,101.0,BR-101,10.5,-20.14814211,-40.34507811,Demais falhas mecânicas ou elétricas,Incêndio,Sem Vítimas,Pleno dia,Crescente,Nublado,Dupla,Reta,Não,0.0,0.0,0.0,0.0,1.0,0.0,1.0,1.0,SPRF-ES,DEL02-ES,UOP01-DEL02-ES,0,baixo
2025-04-14,15:10,2025-04-14 15:10:00,2025.0,4.0,segunda,15.0,tarde,ES,SERRA,True,101.0,BR-101,264.0,-20.17698542,-40.2658784,Semáforo com defeito,Colisão transversal,Com Vítimas Feridas,Pleno dia,Crescente,Nublado,Múltipla,Interseção de Vias,Sim,0.0,1.0,0.0,1.0,1.0,0.0,2.0,2.0,SPRF-ES,DEL02-ES,UOP01-DEL02-ES,1,grave
2025-05-22,21:10,2025-05-22 21:10:00,2025.0,5.0,quinta,21.0,noite,ES,SERRA,True,101.0,BR-101,270.2,-20.230815,-40.273087,Reação tardia ou ineficiente do condutor,Colisão transversal,Com Vítimas Feridas,Plena Noite,Crescente,Céu Claro,Dupla,Interseção de Vias,Sim,0.0,0.0,1.0,1.0,2.0,0.0,2.0,3.0,SPRF-ES,DEL02-ES,UOP01-DEL02-ES,0,moderado
2025-05-23,06:30,2025-05-23 06:30:00,2025.0,5.0,sexta,6.0,manha,ES,CARIACICA,True,101.0,BR-101,284.0,-20.2473824,-40.3706038,Ausência de reação do condutor,Queda de ocupante de veículo,Com Vítimas Feridas,Pleno dia,Crescente,Céu Claro,Dupla,Aclive;Curva,Não,0.0,0.0,2.0,2.0,0.0,0.0,1.0,2.0,SPRF-ES,DEL01-ES,UOP01-DEL01-ES,0,moderado
2025-05-23,08:10,2025-05-23 08:10:00,2025.0,5.0,sexta,8.0,manha,ES,SERRA,True,101.0,BR-101,268.0,-20.21692066,-40.27014792,Ausência de reação do condutor,Colisão traseira,Com Vítimas Feridas,Pleno dia,Crescente,Céu Claro,Dupla,Reta,Sim,0.0,0.0,2.0,2.0,1.0,0.0,2.0,3.0,SPRF-ES,DEL02-ES,UOP01-DEL02-ES,0,moderado
2025-05-23,13:35,2025-05-23 13:35:00,2025.0,5.0,sexta,13.0,tarde,ES,SERRA,True,101.0,BR-101,259.2,-20.140411,-40.2923,Retorno proibido,Colisão transversal,Com Vítimas Feridas,Pleno dia,Decrescente,Céu Claro,Dupla,Reta;Declive,Sim,0.0,1.0,0.0,1.0,1.0,0.0,2.0,2.0,SPRF-ES,DEL02-ES,UOP01-DEL02-ES,1,grave
2025-05-23,19:30,2025-05-23 19:30:00,2025.0,5.0,sexta,19.0,noite,ES,VIANA,True,262.0,BR-262,21.0,-20.3805859,-40.505194,Ausência de reação do condutor,Tombamento,Com Vítimas Feridas,Plena Noite,Crescente,Céu Claro,Simples,Reta,Não,0.0,0.0,1.0,1.0,0.0,0.0,1.0,1.0,SPRF-ES,DEL01-ES,UOP01-DEL01-ES,0,moderado
2025-05-24,07:20,2025-05-24 07:20:00,2025.0,5.0,sabado,7.0,manha,ES,SERRA,True,101.0,BR-101,272.0,-20.22724888,-40.28426988,Acumulo de água sobre o pavimento,Queda de ocupante de veículo,Com Vítimas Feridas,Pleno dia,Crescente,Chuva,Dupla,Reta,Não,0.0,0.0,1.0,1.0,0.0,0.0,1.0,1.0,SPRF-ES,DEL02-ES,UOP01-DEL02-ES,0,moderado
2025-05-24,17:40,2025-05-24 17:40:00,2025.0,5.0,sabado,17.0,tarde,ES,SERRA,True,101.0,BR-101,255.0,-20.117527,-40.314354,Reação tardia ou ineficiente do condutor,Atropelamento de Pedestre,Com Vítimas Feridas,Anoitecer,Crescente,Chuva,Simples,Reta,Sim,0.0,1.0,0.0,1.0,0.0,1.0,2.0,2.0,SPRF-ES,DEL02-ES,UOP01-DEL02-ES,1,grave
2025-05-09,11:25,2025-05-09 11:25:00,2025.0,5.0,sexta,11.0,manha,ES,SERRA,True,101.0,BR-101,265.5,-20.1906852,-40.26840712,Condutor desrespeitou a iluminação vermelha do semáforo,Colisão transversal,Com Vítimas Feridas,Pleno dia,Crescente,Céu Claro,Múltipla,Reta,Sim,0.0,0.0,2.0,2.0,0.0,0.0,2.0,2.0,SPRF-ES,DEL02-ES,UOP01-DEL02-ES,0,moderado
2025-05-25,17:56,2025-05-25 17:56:00,2025.0,5.0,domingo,17.0,tarde,ES,SERRA,True,101.0,BR-101,271.0,-20.23044915,-40.28023481,Condutor deixou de manter distância do veículo da frente,Colisão traseira,Com Vítimas Feridas,Anoitecer,Decrescente,Céu Claro,Dupla,Reta,Sim,0.0,0.0,1.0,1.0,1.0,1.0,2.0,3.0,SPRF-ES,DEL02-ES,UOP01-DEL02-ES,0,moderado
2025-05-25,23:55,2025-05-25 23:55:00,2025.0,5.0,domingo,23.0,noite,ES,VIANA,True,101.0,BR-101,304.8,-20.38267822,-40.45925617,Ausência de reação do condutor,Tombamento,Com Vítimas Feridas,Plena Noite,Crescente,Chuva,Dupla,Reta,Sim,0.0,0.0,1.0,1.0,0.0,0.0,1.0,1.0,SPRF-ES,DEL01-ES,UOP01-DEL01-ES,0,moderado
2025-05-18,20:30,2025-05-18 20:30:00,2025.0,5.0,domingo,20.0,noite,ES,SERRA,True,101.0,BR-101,255.5,-20.11732584,-40.31478167,Condutor desrespeitou a iluminação vermelha do semáforo,Colisão transversal,Com Vítimas Feridas,Plena Noite,Crescente,Céu Claro,Simples,Interseção de Vias,Sim,0.0,0.0,3.0,3.0,0.0,1.0,3.0,4.0,SPRF-ES,DEL02-ES,UOP01-DEL02-ES,0,moderado
2025-05-14,17:20,2025-05-14 17:20:00,2025.0,5.0,quarta,17.0,tarde,ES,SERRA,True,101.0,BR-101,270.0,-20.229368,-40.272189,Reação tardia ou ineficiente do condutor,Colisão traseira,Com Vítimas Feridas,Anoitecer,Decrescente,Chuva,Múltipla,Reta,Sim,0.0,0.0,1.0,1.0,1.0,0.0,2.0,2.0,SPRF-ES,DEL02-ES,UOP01-DEL02-ES,0,moderado
2025-05-27,22:15,2025-05-27 22:15:00,2025.0,5.0,terca,22.0,noite,ES,SERRA,True,101.0,BR-101,251.9,-20.09685719,-40.33920818,Reação tardia ou ineficiente do condutor,Colisão com objeto,Com Vítimas Feridas,Plena Noite,Decrescente,Céu Claro,Simples,Reta,Não,0.0,0.0,1.0,1.0,0.0,0.0,1.0,1.0,SPRF-ES,DEL02-ES,UOP01-DEL02-ES,0,moderado
2025-05-28,02:40,2025-05-28 02:40:00,2025.0,5.0,quarta,2.0,madrugada,ES,SERRA,True,101.0,BR-101,265.0,-20.18453806,-40.26700526,Ausência de reação do condutor,Capotamento,Com Vítimas Feridas,Plena Noite,Decrescente,Ignorado,Dupla,Reta,Sim,0.0,1.0,0.0,1.0,0.0,0.0,1.0,1.0,SPRF-ES,DEL02-ES,UOP01-DEL02-ES,1,grave
2025-05-28,18:00,2025-05-28 18:00:00,2025.0,5.0,quarta,18.0,noite,ES,SERRA,True,101.0,BR-101,264.0,-20.17804445,-40.26562982,Ausência de reação do condutor,Colisão traseira,Com Vítimas Feridas,Anoitecer,Decrescente,Chuva,Múltipla,Interseção de Vias,Sim,0.0,1.0,0.0,1.0,1.0,0.0,2.0,2.0,SPRF-ES,DEL02-ES,UOP01-DEL02-ES,1,grave
2025-05-29,17:20,2025-05-29 17:20:00,2025.0,5.0,quinta,17.0,tarde,ES,CARIACICA,True,101.0,BR-101,287.3,-20.26685007,-40.386986,Manobra de mudança de faixa,Colisão lateral mesmo sentido,Com Vítimas Feridas,Anoitecer,Crescente,Nublado,Dupla,Reta,Sim,0.0,0.0,1.0,1.0,1.0,0.0,2.0,2.0,SPRF-ES,DEL01-ES,UOP01-DEL01-ES,0,moderado
2025-05-30,14:40,2025-05-30 14:40:00,2025.0,5.0,sexta,14.0,tarde,ES,SERRA,True,101.0,BR-101,264.4,-20.176,-40.265,Retorno proibido,Colisão transversal,Com Vítimas Feridas,Pleno dia,Decrescente,Nublado,Dupla,Reta,Não,0.0,1.0,0.0,1.0,2.0,0.0,2.0,3.0,SPRF-ES,DEL02-ES,UOP01-DEL02-ES,1,grave
2025-05-30,16:30,2025-05-30 16:30:00,2025.0,5.0,sexta,16.0,tarde,ES,SERRA,True,101.0,BR-101,271.0,-20.231522,-40.278382,Acessar a via sem observar a presença dos outros veículos,Colisão transversal,Com Vítimas Feridas,Pleno dia,Crescente,Céu Claro,Múltipla,Reta,Sim,0.0,0.0,2.0,2.0,1.0,0.0,2.0,3.0,SPRF-ES,DEL02-ES,UOP01-DEL02-ES,0,moderado
2025-05-31,06:42,2025-05-31 06:42:00,2025.0,5.0,sabado,6.0,manha,ES,GUARAPARI,True,101.0,BR-101,342.5,-20.65842407,-40.58503501,Velocidade Incompatível,Saída de leito carroçável,Sem Vítimas,Pleno dia,Crescente,Chuva,Dupla,Curva;Aclive,Não,0.0,0.0,0.0,0.0,1.0,0.0,1.0,1.0,SPRF-ES,DEL03-ES,UOP01-DEL03-ES,0,baixo
2025-05-31,08:47,2025-05-31 08:47:00,2025.0,5.0,sabado,8.0,manha,ES,SERRA,True,101.0,BR-101,259.4,-20.0369655,-40.4089556,Acesso irregular,Atropelamento de Pedestre,Com Vítimas Fatais,Pleno dia,Crescente,Céu Claro,Dupla,Reta,Sim,1.0,0.0,0.0,0.0,1.0,0.0,2.0,2.0,SPRF-ES,DEL02-ES,UOP01-DEL02-ES,1,fatal
2025-05-31,06:10,2025-05-31 06:10:00,2025.0,5.0,sabado,6.0,manha,ES,SERRA,True,101.0,BR-101,280.0,-20.2214658,-40.3580904,Manobra de mudança de faixa,Colisão com objeto,Sem Vítimas,Pleno dia,Crescente,Céu Claro,Simples,Reta,Não,0.0,0.0,0.0,0.0,0.0,1.0,1.0,1.0,SPRF-ES,DEL02-ES,UOP01-DEL02-ES,0,baixo
2025-05-31,12:55,2025-05-31 12:55:00,2025.0,5.0,sabado,12.0,tarde,ES,CARIACICA,True,101.0,BR-101,289.8,-20.28480583,-40.39270369,Velocidade Incompatível,Saída de leito carroçável,Com Vítimas Feridas,Pleno dia,Decrescente,Nublado,Simples,Reta;Declive,Não,0.0,0.0,2.0,2.0,0.0,0.0,1.0,2.0,SPRF-ES,DEL01-ES,UOP01-DEL01-ES,0,moderado
2025-05-31,15:30,2025-05-31 15:30:00,2025.0,5.0,sabado,15.0,tarde,ES,GUARAPARI,True,101.0,BR-101,333.0,-20.6149111,-40.5152516,Avarias e/ou desgaste excessivo no pneu,Queda de ocupante de veículo,Com Vítimas Feridas,Pleno dia,Crescente,Nublado,Dupla,Reta,Não,0.0,0.0,2.0,2.0,0.0,0.0,1.0,2.0,SPRF-ES,DEL03-ES,UOP01-DEL03-ES,0,moderado
2025-05-31,22:10,2025-05-31 22:10:00,2025.0,5.0,sabado,22.0,noite,ES,SERRA,True,101.0,BR-101,264.0,-20.18374253,-40.26641518,Ausência de reação do condutor,Queda de ocupante de veículo,Com Vítimas Feridas,Plena Noite,Crescente,Céu Claro,Múltipla,Reta,Sim,0.0,0.0,1.0,1.0,0.0,0.0,1.0,1.0,SPRF-ES,DEL02-ES,UOP01-DEL02-ES,0,moderado
2025-03-05,20:30,2025-03-05 20:30:00,2025.0,3.0,quarta,20.0,noite,ES,VIANA,True,101.0,BR-101,298.0,-20.354248,-40.41616,Ausência de reação do condutor,Queda de ocupante de veículo,Com Vítimas Feridas,Plena Noite,Decrescente,Ignorado,Dupla,Curva,Não,0.0,1.0,0.0,1.0,0.0,0.0,1.0,1.0,SPRF-ES,DEL01-ES,UOP01-DEL01-ES,1,grave
2025-06-02,07:40,2025-06-02 07:40:00,2025.0,6.0,segunda,7.0,manha,ES,CARIACICA,True,101.0,BR-101,294.7,-20.32902159,-40.39848089,Ausência de reação do condutor,Colisão lateral mesmo sentido,Com Vítimas Feridas,Pleno dia,Crescente,Céu Claro,Dupla,Reta,Sim,0.0,0.0,1.0,1.0,0.0,1.0,2.0,2.0,SPRF-ES,DEL01-ES,UOP01-DEL01-ES,0,moderado
2025-06-02,13:15,2025-06-02 13:15:00,2025.0,6.0,segunda,13.0,tarde,ES,SERRA,True,101.0,BR-101,265.8,-20.1880472,-40.2687369,Reação tardia ou ineficiente do condutor,Colisão lateral mesmo sentido,Com Vítimas Feridas,Pleno dia,Decrescente,Nublado,Múltipla,Reta,Sim,0.0,0.0,2.0,2.0,0.0,0.0,2.0,2.0,SPRF-ES,DEL02-ES,UOP01-DEL02-ES,0,moderado
2025-06-03,02:00,2025-06-03 02:00:00,2025.0,6.0,terca,2.0,madrugada,ES,SERRA,True,101.0,BR-101,265.0,-20.18679475,-40.26808083,Entrada inopinada do pedestre,Atropelamento de Pedestre,Com Vítimas Feridas,Plena Noite,Crescente,Chuva,Dupla,Reta,Sim,0.0,1.0,0.0,1.0,1.0,0.0,2.0,2.0,SPRF-ES,DEL02-ES,UOP01-DEL02-ES,1,grave
2025-06-03,17:00,2025-06-03 17:00:00,2025.0,6.0,terca,17.0,tarde,ES,SERRA,True,101.0,BR-101,266.0,-20.194865,-40.268418,Manobra de mudança de faixa,Colisão lateral mesmo sentido,Com Vítimas Feridas,Anoitecer,Decrescente,Nublado,Dupla,Reta,Sim,0.0,0.0,1.0,1.0,1.0,0.0,2.0,2.0,SPRF-ES,DEL02-ES,UOP01-DEL02-ES,0,moderado
2025-06-03,18:55,2025-06-03 18:55:00,2025.0,6.0,terca,18.0,noite,ES,SERRA,True,101.0,BR-101,267.8,-20.2066465,-40.2691885,Manobra de mudança de faixa,Colisão traseira,Sem Vítimas,Plena Noite,Decrescente,Chuva,Múltipla,Reta,Sim,0.0,0.0,0.0,0.0,2.0,0.0,2.0,2.0,SPRF-ES,DEL02-ES,UOP01-DEL02-ES,0,baixo
2025-06-04,05:55,2025-06-04 05:55:00,2025.0,6.0,quarta,5.0,madrugada,ES,SERRA,True,101.0,BR-101,265.7,-20.196453,-40.268785,Ausência de reação do condutor,Colisão lateral mesmo sentido,Com Vítimas Feridas,Amanhecer,Crescente,Ignorado,Dupla,Reta,Sim,0.0,0.0,1.0,1.0,1.0,0.0,2.0,2.0,SPRF-ES,DEL02-ES,UOP01-DEL02-ES,0,moderado
2025-06-04,08:35,2025-06-04 08:35:00,2025.0,6.0,quarta,8.0,manha,ES,CARIACICA,True,101.0,BR-101,297.8,-20.34842595,-40.41178107,Manobra de mudança de faixa,Colisão lateral mesmo sentido,Com Vítimas Feridas,Pleno dia,Crescente,Sol,Dupla,Reta,Sim,0.0,0.0,2.0,2.0,1.0,0.0,2.0,3.0,SPRF-ES,DEL01-ES,UOP01-DEL01-ES,0,moderado
2025-06-04,14:40,2025-06-04 14:40:00,2025.0,6.0,quarta,14.0,tarde,ES,CARIACICA,True,262.0,BR-262,0.7,-20.32699,-40.35472,Reação tardia ou ineficiente do condutor,Colisão traseira,Com Vítimas Feridas,Pleno dia,Decrescente,Céu Claro,Dupla,Ponte,Não,0.0,0.0,1.0,1.0,1.0,0.0,2.0,2.0,SPRF-ES,DEL01-ES,UOP01-DEL01-ES,0,moderado
2025-04-05,18:15,2025-04-05 18:15:00,2025.0,4.0,sabado,18.0,noite,ES,CARIACICA,True,101.0,BR-101,285.1,-20.253721,-40.374341,Pedestre cruzava a pista fora da faixa,Atropelamento de Pedestre,Com Vítimas Feridas,Plena Noite,Crescente,Nublado,Dupla,Reta,Sim,0.0,1.0,0.0,1.0,1.0,0.0,2.0,2.0,SPRF-ES,DEL01-ES,UOP01-DEL01-ES,1,grave
2025-06-05,18:09,2025-06-05 18:09:00,2025.0,6.0,quinta,18.0,noite,ES,SERRA,True,101.0,BR-101,264.0,-20.179607,-40.265201,Reação tardia ou ineficiente do condutor,Colisão lateral mesmo sentido,Com Vítimas Feridas,Plena Noite,Decrescente,Céu Claro,Dupla,Reta,Sim,0.0,1.0,0.0,1.0,0.0,1.0,2.0,2.0,SPRF-ES,DEL02-ES,UOP01-DEL02-ES,1,grave
2025-06-05,18:00,2025-06-05 18:00:00,2025.0,6.0,quinta,18.0,noite,ES,VIANA,True,262.0,BR-262,26.9,-20.38294909,-40.55124521,Manobra de mudança de faixa,Colisão lateral mesmo sentido,Com Vítimas Feridas,Anoitecer,Decrescente,Nublado,Simples,Curva,Não,0.0,0.0,1.0,1.0,0.0,1.0,2.0,2.0,SPRF-ES,DEL01-ES,UOP01-DEL01-ES,0,moderado
2025-06-05,20:15,2025-06-05 20:15:00,2025.0,6.0,quinta,20.0,noite,ES,SERRA,True,101.0,BR-101,259.0,-20.13930636,-40.29233694,Ausência de reação do condutor,Queda de ocupante de veículo,Com Vítimas Fatais,Plena Noite,Decrescente,Nublado,Dupla,Reta,Sim,2.0,0.0,0.0,0.0,1.0,0.0,2.0,3.0,SPRF-ES,DEL02-ES,UOP01-DEL02-ES,1,fatal
2025-06-06,03:00,2025-06-06 03:00:00,2025.0,6.0,sexta,3.0,madrugada,ES,SERRA,True,101.0,BR-101,264.0,-20.17789511,-40.26540667,Ingestão de álcool pelo condutor,Colisão com objeto,Sem Vítimas,Plena Noite,Crescente,Céu Claro,Múltipla,Interseção de Vias,Sim,0.0,0.0,0.0,0.0,1.0,0.0,1.0,1.0,SPRF-ES,DEL02-ES,UOP01-DEL02-ES,0,baixo
2025-06-06,22:50,2025-06-06 22:50:00,2025.0,6.0,sexta,22.0,noite,ES,SERRA,True,101.0,BR-101,269.0,-20.21919388,-40.27021408,Manobra de mudança de faixa,Tombamento,Com Vítimas Feridas,Pleno dia,Decrescente,Céu Claro,Dupla,Reta,Sim,0.0,0.0,1.0,1.0,0.0,0.0,1.0,1.0,SPRF-ES,DEL02-ES,UOP01-DEL02-ES,0,moderado
2025-06-07,06:45,2025-06-07 06:45:00,2025.0,6.0,sabado,6.0,manha,ES,SERRA,True,101.0,BR-101,252.9,-20.10481,-40.33258,Acessar a via sem observar a presença dos outros veículos,Tombamento,Com Vítimas Feridas,Pleno dia,Crescente,Céu Claro,Simples,Reta;Interseção de Vias,Não,0.0,1.0,0.0,1.0,0.0,0.0,1.0,1.0,SPRF-ES,DEL02-ES,UOP01-DEL02-ES,1,grave
2025-06-07,08:30,2025-06-07 08:30:00,2025.0,6.0,sabado,8.0,manha,ES,SERRA,True,101.0,BR-101,264.2,-20.17582,-40.26622,Manobra de mudança de faixa,Colisão lateral mesmo sentido,Com Vítimas Feridas,Pleno dia,Crescente,Céu Claro,Dupla,Reta,Não,0.0,1.0,0.0,1.0,1.0,0.0,2.0,2.0,SPRF-ES,DEL02-ES,UOP01-DEL02-ES,1,grave
2025-06-07,08:30,2025-06-07 08:30:00,2025.0,6.0,sabado,8.0,manha,ES,SERRA,True,101.0,BR-101,13.0,-20.170852,-40.347757,Reação tardia ou ineficiente do condutor,Tombamento,Sem Vítimas,Pleno dia,Crescente,Céu Claro,Dupla,Reta,Não,0.0,0.0,0.0,0.0,0.0,1.0,1.0,1.0,SPRF-ES,DEL02-ES,UOP01-DEL02-ES,0,baixo
2025-06-07,16:30,2025-06-07 16:30:00,2025.0,6.0,sabado,16.0,tarde,ES,CARIACICA,True,101.0,BR-101,282.4,-20.22700071,-40.36444394,Avarias e/ou desgaste excessivo no pneu,Queda de ocupante de veículo,Com Vítimas Feridas,Pleno dia,Decrescente,Nublado,Dupla,Reta,Não,0.0,0.0,1.0,1.0,1.0,0.0,1.0,2.0,SPRF-ES,DEL01-ES,UOP01-DEL01-ES,0,moderado
2025-06-07,17:30,2025-06-07 17:30:00,2025.0,6.0,sabado,17.0,tarde,ES,SERRA,True,101.0,BR-101,14.0,-20.20632,-40.333585,Avarias e/ou desgaste excessivo no pneu,Tombamento,Com Vítimas Feridas,Anoitecer,Crescente,Céu Claro,Dupla,Curva,Não,0.0,1.0,1.0,2.0,0.0,0.0,1.0,2.0,SPRF-ES,DEL02-ES,UOP01-DEL02-ES,1,grave
2025-06-08,05:00,2025-06-08 05:00:00,2025.0,6.0,domingo,5.0,madrugada,ES,CARIACICA,True,101.0,BR-101,289.8,-20.2873756,-40.3919448,Reação tardia ou ineficiente do condutor,Saída de leito carroçável,Sem Vítimas,Plena Noite,Decrescente,Nublado,Dupla,Reta;Declive,Sim,0.0,0.0,0.0,0.0,1.0,0.0,1.0,1.0,SPRF-ES,DEL01-ES,UOP01-DEL01-ES,0,baixo
2025-06-09,12:00,2025-06-09 12:00:00,2025.0,6.0,segunda,12.0,tarde,ES,CARIACICA,True,101.0,BR-101,290.7,-20.29494211,-40.39327383,Manobra de mudança de faixa,Colisão lateral mesmo sentido,Com Vítimas Feridas,Pleno dia,Crescente,Céu Claro,Dupla,Reta,Sim,0.0,2.0,0.0,2.0,1.0,0.0,2.0,3.0,SPRF-ES,DEL01-ES,UOP01-DEL01-ES,1,grave
2025-06-09,12:00,2025-06-09 12:00:00,2025.0,6.0,segunda,12.0,tarde,ES,SERRA,True,101.0,BR-101,266.9,-20.129886,-40.296982,Reação tardia ou ineficiente do condutor,Queda de ocupante de veículo,Com Vítimas Feridas,Pleno dia,Crescente,Céu Claro,Dupla,Reta,Sim,0.0,0.0,1.0,1.0,0.0,0.0,1.0,1.0,SPRF-ES,DEL02-ES,UOP01-DEL02-ES,0,moderado
2025-06-09,19:30,2025-06-09 19:30:00,2025.0,6.0,segunda,19.0,noite,ES,CARIACICA,True,101.0,BR-101,294.7,-20.32992924,-40.39880991,Condutor desrespeitou a iluminação vermelha do semáforo,Colisão lateral mesmo sentido,Sem Vítimas,Plena Noite,Decrescente,Nublado,Múltipla,Interseção de Vias,Sim,0.0,0.0,0.0,0.0,2.0,0.0,2.0,2.0,SPRF-ES,DEL01-ES,UOP01-DEL01-ES,0,baixo
2025-06-10,05:40,2025-06-10 05:40:00,2025.0,6.0,terca,5.0,madrugada,ES,VITORIA,True,101.0,BR-101,274.0,-20.2604544,-40.2784256,Demais falhas mecânicas ou elétricas,Queda de ocupante de veículo,Com Vítimas Feridas,Amanhecer,Decrescente,Nublado,Dupla,Reta,Não,0.0,0.0,2.0,2.0,0.0,0.0,1.0,2.0,SPRF-ES,DEL02-ES,UOP01-DEL02-ES,0,moderado
2025-06-10,07:20,2025-06-10 07:20:00,2025.0,6.0,terca,7.0,manha,ES,SERRA,True,101.0,BR-101,268.9,-20.22076653,-40.27025521,Manobra de mudança de faixa,Colisão lateral mesmo sentido,Com Vítimas Feridas,Pleno dia,Crescente,Nublado,Dupla,Reta,Sim,0.0,0.0,1.0,1.0,0.0,1.0,2.0,2.0,SPRF-ES,DEL02-ES,UOP01-DEL02-ES,0,moderado
2025-06-10,09:00,2025-06-10 09:00:00,2025.0,6.0,terca,9.0,manha,ES,SERRA,True,101.0,BR-101,269.4,-20.22176196,-40.2701962,Condutor deixou de manter distância do veículo da frente,Colisão traseira,Com Vítimas Feridas,Pleno dia,Decrescente,Céu Claro,Múltipla,Reta,Não,0.0,0.0,1.0,1.0,1.0,0.0,2.0,2.0,SPRF-ES,DEL02-ES,UOP01-DEL02-ES,0,moderado
2025-06-10,09:52,2025-06-10 09:52:00,2025.0,6.0,terca,9.0,manha,ES,SERRA,True,101.0,BR-101,268.7,-20.0488571,-40.3866823,Trafegar com motocicleta (ou similar) entre as faixas,Tombamento,Com Vítimas Feridas,Pleno dia,Crescente,Céu Claro,Múltipla,Reta,Sim,0.0,1.0,0.0,1.0,0.0,0.0,1.0,1.0,SPRF-ES,DEL02-ES,UOP01-DEL02-ES,1,grave
2025-06-10,11:43,2025-06-10 11:43:00,2025.0,6.0,terca,11.0,manha,ES,SERRA,True,101.0,BR-101,269.5,-20.22198245,-40.2702551,Ausência de reação do condutor,Colisão traseira,Com Vítimas Feridas,Pleno dia,Decrescente,Sol,Múltipla,Reta;Interseção de Vias,Sim,0.0,0.0,1.0,1.0,1.0,0.0,2.0,2.0,SPRF-ES,DEL02-ES,UOP01-DEL02-ES,0,moderado
2025-06-10,08:00,2025-06-10 08:00:00,2025.0,6.0,terca,8.0,manha,ES,CARIACICA,True,101.0,BR-101,296.0,-20.34169572,-40.40556084,Acessar a via sem observar a presença dos outros veículos,Colisão traseira,Com Vítimas Feridas,Pleno dia,Crescente,Chuva,Dupla,Curva;Retorno Regulamentado;Viaduto,Sim,0.0,0.0,2.0,2.0,3.0,0.0,3.0,5.0,SPRF-ES,DEL01-ES,UOP01-DEL01-ES,0,moderado
2025-06-11,07:10,2025-06-11 07:10:00,2025.0,6.0,quarta,7.0,manha,ES,SERRA,True,101.0,BR-101,267.9,-20.207284,-40.269528,Ausência de reação do condutor,Tombamento,Com Vítimas Feridas,Pleno dia,Crescente,Nublado,Múltipla,Reta,Sim,0.0,0.0,1.0,1.0,0.0,0.0,1.0,1.0,SPRF-ES,DEL02-ES,UOP01-DEL02-ES,0,moderado
2025-06-11,14:19,2025-06-11 14:19:00,2025.0,6.0,quarta,14.0,tarde,ES,CARIACICA,True,101.0,BR-101,287.0,-20.26612129,-40.38619341,Velocidade Incompatível,Colisão traseira,Com Vítimas Feridas,Pleno dia,Decrescente,Garoa/Chuvisco,Dupla,Retorno Regulamentado,Sim,0.0,1.0,1.0,2.0,1.0,0.0,2.0,3.0,SPRF-ES,DEL01-ES,UOP01-DEL01-ES,1,grave
2025-06-11,19:00,2025-06-11 19:00:00,2025.0,6.0,quarta,19.0,noite,ES,CARIACICA,True,101.0,BR-101,290.6,-20.294183,-40.393092,Manobra de mudança de faixa,Colisão traseira,Com Vítimas Feridas,Plena Noite,Decrescente,Nublado,Dupla,Reta;Retorno Regulamentado,Não,0.0,0.0,2.0,2.0,1.0,0.0,2.0,3.0,SPRF-ES,DEL01-ES,UOP01-DEL01-ES,0,moderado
2025-06-11,19:50,2025-06-11 19:50:00,2025.0,6.0,quarta,19.0,noite,ES,VIANA,True,101.0,BR-101,305.1,-20.38654947,-40.46307564,Chuva,Saída de leito carroçável,Com Vítimas Feridas,Plena Noite,Decrescente,Chuva,Múltipla,Reta,Não,0.0,0.0,1.0,1.0,0.0,0.0,1.0,1.0,SPRF-ES,DEL01-ES,UOP01-DEL01-ES,0,moderado
2025-06-11,21:29,2025-06-11 21:29:00,2025.0,6.0,quarta,21.0,noite,ES,CARIACICA,True,101.0,BR-101,296.9,-20.34577373,-40.41070819,Ausência de reação do condutor,Tombamento,Com Vítimas Feridas,Plena Noite,Crescente,Nublado,Dupla,Reta,Sim,0.0,0.0,1.0,1.0,1.0,0.0,1.0,2.0,SPRF-ES,DEL01-ES,UOP01-DEL01-ES,0,moderado
2025-06-12,09:50,2025-06-12 09:50:00,2025.0,6.0,quinta,9.0,manha,ES,SERRA,True,101.0,BR-101,8.0,-20.04887441,-40.3865193,Ausência de reação do condutor,Queda de ocupante de veículo,Com Vítimas Feridas,Pleno dia,Crescente,Céu Claro,Dupla,Reta,Não,0.0,1.0,0.0,1.0,0.0,0.0,1.0,1.0,SPRF-ES,DEL02-ES,UOP01-DEL02-ES,1,grave
2025-06-12,15:30,2025-06-12 15:30:00,2025.0,6.0,quinta,15.0,tarde,ES,VIANA,True,262.0,BR-262,20.0,-20.3885841,-40.4949076,Condutor desrespeitou a iluminação vermelha do semáforo,Colisão transversal,Com Vítimas Feridas,Pleno dia,Crescente,Céu Claro,Simples,Reta,Sim,0.0,0.0,1.0,1.0,1.0,0.0,2.0,2.0,SPRF-ES,DEL01-ES,UOP01-DEL01-ES,0,moderado
2025-06-12,20:55,2025-06-12 20:55:00,2025.0,6.0,quinta,20.0,noite,ES,VIANA,True,262.0,BR-262,18.0,-20.38815306,-40.47669975,Ausência de reação do condutor,Tombamento,Com Vítimas Feridas,Plena Noite,Crescente,Céu Claro,Simples,Reta,Sim,0.0,0.0,1.0,1.0,0.0,0.0,1.0,1.0,SPRF-ES,DEL01-ES,UOP01-DEL01-ES,0,moderado
2025-06-13,18:20,2025-06-13 18:20:00,2025.0,6.0,sexta,18.0,noite,ES,SERRA,True,101.0,BR-101,266.2,-20.04889234,-40.38647665,Pedestre cruzava a pista fora da faixa,Atropelamento de Pedestre,Com Vítimas Fatais,Plena Noite,Crescente,Nublado,Dupla,Reta,Sim,1.0,0.0,1.0,1.0,0.0,0.0,2.0,2.0,SPRF-ES,DEL02-ES,UOP01-DEL02-ES,1,fatal
2025-06-13,23:30,2025-06-13 23:30:00,2025.0,6.0,sexta,23.0,noite,ES,SERRA,True,101.0,BR-101,260.6,-20.14718146,-40.28093577,Acesso irregular,Colisão transversal,Com Vítimas Feridas,Plena Noite,Decrescente,Céu Claro,Dupla,Curva,Não,0.0,1.0,0.0,1.0,1.0,0.0,2.0,2.0,SPRF-ES,DEL02-ES,UOP01-DEL02-ES,1,grave
2025-06-14,12:00,2025-06-14 12:00:00,2025.0,6.0,sabado,12.0,tarde,ES,SERRA,True,101.0,BR-101,281.0,-20.22353411,-40.36114296,Reação tardia ou ineficiente do condutor,Tombamento,Com Vítimas Feridas,Pleno dia,Crescente,Céu Claro,Dupla,Reta,Não,0.0,0.0,2.0,2.0,0.0,0.0,1.0,2.0,SPRF-ES,DEL02-ES,UOP01-DEL02-ES,0,moderado
2025-06-14,13:30,2025-06-14 13:30:00,2025.0,6.0,sabado,13.0,tarde,ES,CARIACICA,True,101.0,BR-101,289.9,-20.28341071,-40.39319706,Manobra de mudança de faixa,Colisão lateral mesmo sentido,Com Vítimas Feridas,Pleno dia,Crescente,Nublado,Dupla,Reta,Não,0.0,0.0,1.0,1.0,0.0,1.0,2.0,2.0,SPRF-ES,DEL01-ES,UOP01-DEL01-ES,0,moderado
2025-06-14,14:20,2025-06-14 14:20:00,2025.0,6.0,sabado,14.0,tarde,ES,SERRA,True,101.0,BR-101,267.5,-20.19987382,-40.26886135,Condutor deixou de manter distância do veículo da frente,Colisão traseira,Com Vítimas Feridas,Pleno dia,Decrescente,Céu Claro,Múltipla,Reta,Sim,0.0,0.0,1.0,1.0,1.0,0.0,2.0,2.0,SPRF-ES,DEL02-ES,UOP01-DEL02-ES,0,moderado
2025-06-14,16:00,2025-06-14 16:00:00,2025.0,6.0,sabado,16.0,tarde,ES,SERRA,True,101.0,BR-101,262.1,-20.04888827,-40.38647878,Trafegar com motocicleta (ou similar) entre as faixas,Queda de ocupante de veículo,Com Vítimas Feridas,Pleno dia,Decrescente,Céu Claro,Dupla,Reta,Sim,0.0,1.0,1.0,2.0,0.0,0.0,1.0,2.0,SPRF-ES,DEL02-ES,UOP01-DEL02-ES,1,grave
2025-06-15,12:25,2025-06-15 12:25:00,2025.0,6.0,domingo,12.0,tarde,ES,SERRA,True,101.0,BR-101,270.6,-20.23076167,-40.27322667,Conversão proibida,Colisão traseira,Com Vítimas Feridas,Pleno dia,Decrescente,Nublado,Múltipla,Reta,Não,0.0,0.0,1.0,1.0,2.0,0.0,2.0,3.0,SPRF-ES,DEL02-ES,UOP01-DEL02-ES,0,moderado
2025-06-15,14:15,2025-06-15 14:15:00,2025.0,6.0,domingo,14.0,tarde,ES,SERRA,True,101.0,BR-101,260.1,-20.146443,-40.285803,Condutor deixou de manter distância do veículo da frente,Colisão traseira,Com Vítimas Feridas,Pleno dia,Decrescente,Céu Claro,Simples,Reta;Aclive,Não,0.0,0.0,1.0,1.0,2.0,0.0,2.0,3.0,SPRF-ES,DEL02-ES,UOP01-DEL02-ES,0,moderado
2025-06-15,15:00,2025-06-15 15:00:00,2025.0,6.0,domingo,15.0,tarde,ES,VIANA,True,101.0,BR-101,308.6,-20.4102156,-40.4581576,Ausência de reação do condutor,Colisão transversal,Com Vítimas Fatais,Pleno dia,Crescente,Céu Claro,Dupla,Reta,Não,1.0,0.0,0.0,0.0,2.0,0.0,2.0,3.0,SPRF-ES,DEL01-ES,UOP01-DEL01-ES,1,fatal
2025-06-16,00:00,2025-06-16 00:00:00,2025.0,6.0,segunda,0.0,madrugada,ES,SERRA,True,101.0,BR-101,266.7,-20.197344,-40.268765,Demais falhas mecânicas ou elétricas,Tombamento,Com Vítimas Feridas,Plena Noite,Crescente,Nublado,Múltipla,Reta,Sim,0.0,2.0,0.0,2.0,0.0,0.0,1.0,2.0,SPRF-ES,DEL02-ES,UOP01-DEL02-ES,1,grave
2025-06-16,12:00,2025-06-16 12:00:00,2025.0,6.0,segunda,12.0,tarde,ES,CARIACICA,True,101.0,BR-101,296.0,-20.34305,-40.406438,Ausência de reação do condutor,Queda de ocupante de veículo,Com Vítimas Feridas,Pleno dia,Crescente,Céu Claro,Dupla,Curva,Sim,0.0,0.0,1.0,1.0,0.0,0.0,1.0,1.0,SPRF-ES,DEL01-ES,UOP01-DEL01-ES,0,moderado
2025-06-16,15:30,2025-06-16 15:30:00,2025.0,6.0,segunda,15.0,tarde,ES,CARIACICA,True,101.0,BR-101,282.2,-20.22997223,-40.36681652,Avarias e/ou desgaste excessivo no pneu,Queda de ocupante de veículo,Com Vítimas Feridas,Pleno dia,Decrescente,Nublado,Dupla,Reta,Sim,0.0,0.0,2.0,2.0,0.0,0.0,1.0,2.0,SPRF-ES,DEL01-ES,UOP01-DEL01-ES,0,moderado
2025-06-16,18:00,2025-06-16 18:00:00,2025.0,6.0,segunda,18.0,noite,ES,SERRA,True,101.0,BR-101,269.4,-20.0488644,-40.3866806,Acumulo de óleo sobre o pavimento,Queda de ocupante de veículo,Com Vítimas Feridas,Plena Noite,Crescente,Céu Claro,Dupla,Reta,Não,0.0,1.0,0.0,1.0,0.0,0.0,1.0,1.0,SPRF-ES,DEL02-ES,UOP01-DEL02-ES,1,grave
2025-06-16,18:10,2025-06-16 18:10:00,2025.0,6.0,segunda,18.0,noite,ES,CARIACICA,True,101.0,BR-101,285.0,-20.253575,-40.373956,Pedestre cruzava a pista fora da faixa,Atropelamento de Pedestre,Com Vítimas Feridas,Plena Noite,Crescente,Céu Claro,Múltipla,Reta,Não,0.0,1.0,0.0,1.0,1.0,0.0,2.0,2.0,SPRF-ES,DEL01-ES,UOP01-DEL01-ES,1,grave
2025-06-16,18:30,2025-06-16 18:30:00,2025.0,6.0,segunda,18.0,noite,ES,SERRA,True,101.0,BR-101,270.0,-20.22378325,-40.2703618,Ausência de reação do condutor,Colisão lateral mesmo sentido,Com Vítimas Feridas,Plena Noite,Decrescente,Céu Claro,Dupla,Reta,Sim,0.0,2.0,0.0,2.0,1.0,0.0,2.0,3.0,SPRF-ES,DEL02-ES,UOP01-DEL02-ES,1,grave
2025-06-16,20:20,2025-06-16 20:20:00,2025.0,6.0,segunda,20.0,noite,ES,CARIACICA,True,101.0,BR-101,296.0,-20.34234973,-40.40584028,Animais na Pista,Atropelamento de Animal,Com Vítimas Feridas,Plena Noite,Crescente,Céu Claro,Dupla,Curva;Declive,Sim,0.0,0.0,1.0,1.0,0.0,0.0,1.0,1.0,SPRF-ES,DEL01-ES,UOP01-DEL01-ES,0,moderado
2025-06-17,08:30,2025-06-17 08:30:00,2025.0,6.0,terca,8.0,manha,ES,CARIACICA,True,101.0,BR-101,289.8,-20.2856396,-40.39245266,Ausência de reação do condutor,Tombamento,Com Vítimas Feridas,Pleno dia,Decrescente,Céu Claro,Dupla,Reta,Sim,0.0,0.0,1.0,1.0,0.0,0.0,1.0,1.0,SPRF-ES,DEL01-ES,UOP01-DEL01-ES,0,moderado
2025-06-18,06:30,2025-06-18 06:30:00,2025.0,6.0,quarta,6.0,manha,ES,SERRA,True,101.0,BR-101,268.0,-20.21091801,-40.26978493,Ausência de reação do condutor,Colisão traseira,Com Vítimas Feridas,Pleno dia,Crescente,Céu Claro,Múltipla,Reta,Sim,0.0,1.0,0.0,1.0,0.0,1.0,2.0,2.0,SPRF-ES,DEL02-ES,UOP01-DEL02-ES,1,grave
2025-06-18,16:00,2025-06-18 16:00:00,2025.0,6.0,quarta,16.0,tarde,ES,SERRA,True,101.0,BR-101,239.9,-20.02819355,-40.39878845,Falta de elemento de contenção que evite a saída do leito carroçável,Capotamento,Sem Vítimas,Pleno dia,Decrescente,Céu Claro,Simples,Reta,Não,0.0,0.0,0.0,0.0,0.0,1.0,1.0,1.0,SPRF-ES,DEL02-ES,UOP01-DEL02-ES,0,baixo
2025-06-18,18:00,2025-06-18 18:00:00,2025.0,6.0,quarta,18.0,noite,ES,SERRA,True,101.0,BR-101,259.0,-20.13230003,-40.29399557,Ausência de reação do condutor,Tombamento,Com Vítimas Feridas,Plena Noite,Decrescente,Céu Claro,Simples,Reta,Não,0.0,0.0,1.0,1.0,0.0,0.0,1.0,1.0,SPRF-ES,DEL02-ES,UOP01-DEL02-ES,0,moderado
2025-06-19,08:25,2025-06-19 08:25:00,2025.0,6.0,quinta,8.0,manha,ES,CARIACICA,True,101.0,BR-101,292.0,-20.30675,-40.395132,Acessar a via sem observar a presença dos outros veículos,Colisão com objeto,Sem Vítimas,Pleno dia,Decrescente,Céu Claro,Simples,Reta,Sim,0.0,0.0,0.0,0.0,1.0,1.0,2.0,2.0,SPRF-ES,DEL01-ES,UOP01-DEL01-ES,0,baixo
2025-06-19,16:20,2025-06-19 16:20:00,2025.0,6.0,quinta,16.0,tarde,ES,VIANA,True,101.0,BR-101,299.9,-20.3571773,-40.43008447,Condutor desrespeitou a iluminação vermelha do semáforo,Colisão transversal,Com Vítimas Feridas,Pleno dia,Crescente,Céu Claro,Múltipla,Declive;Reta,Sim,0.0,0.0,3.0,3.0,1.0,0.0,2.0,4.0,SPRF-ES,DEL01-ES,UOP01-DEL01-ES,0,moderado
2025-06-20,08:30,2025-06-20 08:30:00,2025.0,6.0,sexta,8.0,manha,ES,CARIACICA,True,101.0,BR-101,288.3,-20.2728368,-40.39127214,Ausência de reação do condutor,Queda de ocupante de veículo,Com Vítimas Feridas,Pleno dia,Decrescente,Céu Claro,Dupla,Reta,Sim,0.0,0.0,1.0,1.0,0.0,0.0,1.0,1.0,SPRF-ES,DEL01-ES,UOP01-DEL01-ES,0,moderado
2025-06-20,17:10,2025-06-20 17:10:00,2025.0,6.0,sexta,17.0,tarde,ES,VIANA,True,101.0,BR-101,300.1,-20.35945765,-40.43340984,Reação tardia ou ineficiente do condutor,Colisão traseira,Com Vítimas Feridas,Anoitecer,Crescente,Céu Claro,Múltipla,Declive;Interseção de Vias,Sim,0.0,1.0,0.0,1.0,2.0,0.0,2.0,3.0,SPRF-ES,DEL01-ES,UOP01-DEL01-ES,1,grave
2025-06-21,16:18,2025-06-21 16:18:00,2025.0,6.0,sabado,16.0,tarde,ES,CARIACICA,True,101.0,BR-101,282.4,-20.2304138,-40.3672913,Manobra de mudança de faixa,Queda de ocupante de veículo,Com Vítimas Feridas,Pleno dia,Crescente,Céu Claro,Dupla,Reta,Sim,0.0,0.0,1.0,1.0,1.0,0.0,2.0,2.0,SPRF-ES,DEL01-ES,UOP01-DEL01-ES,0,moderado
2025-06-09,08:00,2025-06-09 08:00:00,2025.0,6.0,segunda,8.0,manha,ES,SERRA,True,101.0,BR-101,276.9,-20.2128425,-40.3208445,Carga excessiva e/ou mal acondicionada,Derramamento de carga,Com Vítimas Feridas,Pleno dia,Decrescente,Sol,Dupla,Reta,Sim,0.0,0.0,1.0,1.0,1.0,1.0,3.0,3.0,SPRF-ES,DEL02-ES,UOP01-DEL02-ES,0,moderado
2025-06-22,06:00,2025-06-22 06:00:00,2025.0,6.0,domingo,6.0,manha,ES,SERRA,True,101.0,BR-101,280.5,-20.04888867,-40.38648021,Demais falhas mecânicas ou elétricas,Queda de ocupante de veículo,Com Vítimas Feridas,Amanhecer,Decrescente,Nublado,Dupla,Reta,Não,0.0,0.0,1.0,1.0,0.0,0.0,1.0,1.0,SPRF-ES,DEL02-ES,UOP01-DEL02-ES,0,moderado
2025-06-22,13:30,2025-06-22 13:30:00,2025.0,6.0,domingo,13.0,tarde,ES,GUARAPARI,True,101.0,BR-101,335.6,-20.62791666,-40.53403166,Reação tardia ou ineficiente do condutor,Colisão transversal,Com Vítimas Feridas,Pleno dia,Crescente,Céu Claro,Dupla,Curva,Não,0.0,0.0,1.0,1.0,2.0,0.0,2.0,3.0,SPRF-ES,DEL03-ES,UOP01-DEL03-ES,0,moderado
2025-06-22,14:30,2025-06-22 14:30:00,2025.0,6.0,domingo,14.0,tarde,ES,VIANA,True,101.0,BR-101,301.0,-20.36924731,-40.44430939,Velocidade Incompatível,Capotamento,Com Vítimas Feridas,Pleno dia,Crescente,Céu Claro,Simples,Declive;Curva,Não,0.0,0.0,1.0,1.0,1.0,0.0,1.0,2.0,SPRF-ES,DEL01-ES,UOP01-DEL01-ES,0,moderado
2025-06-22,17:55,2025-06-22 17:55:00,2025.0,6.0,domingo,17.0,tarde,ES,SERRA,True,101.0,BR-101,240.6,-20.03132299,-40.39736941,Entrada inopinada do pedestre,Atropelamento de Pedestre,Com Vítimas Fatais,Anoitecer,Crescente,Céu Claro,Dupla,Reta,Não,1.0,0.0,0.0,0.0,1.0,0.0,2.0,2.0,SPRF-ES,DEL02-ES,UOP01-DEL02-ES,1,fatal
2025-06-23,08:34,2025-06-23 08:34:00,2025.0,6.0,segunda,8.0,manha,ES,CARIACICA,True,101.0,BR-101,284.6,-20.24802,-40.370447,Afundamento ou ondulação no pavimento,Tombamento,Com Vítimas Feridas,Pleno dia,Decrescente,Céu Claro,Simples,Declive,Sim,0.0,1.0,1.0,2.0,0.0,0.0,1.0,2.0,SPRF-ES,DEL01-ES,UOP01-DEL01-ES,1,grave
2025-06-23,13:00,2025-06-23 13:00:00,2025.0,6.0,segunda,13.0,tarde,ES,SERRA,True,101.0,BR-101,257.6,-20.12782145,-40.29941549,Acessar a via sem observar a presença dos outros veículos,Colisão transversal,Com Vítimas Feridas,Pleno dia,Decrescente,Sol,Dupla,Rotatória,Sim,0.0,1.0,0.0,1.0,1.0,0.0,2.0,2.0,SPRF-ES,DEL02-ES,UOP01-DEL02-ES,1,grave
2025-06-23,14:40,2025-06-23 14:40:00,2025.0,6.0,segunda,14.0,tarde,ES,SERRA,True,101.0,BR-101,256.9,-20.12534476,-40.30265808,Velocidade Incompatível,Colisão lateral mesmo sentido,Com Vítimas Feridas,Pleno dia,Crescente,Céu Claro,Múltipla,Reta;Declive,Sim,0.0,0.0,2.0,2.0,2.0,0.0,2.0,4.0,SPRF-ES,DEL02-ES,UOP01-DEL02-ES,0,moderado
2025-06-23,17:15,2025-06-23 17:15:00,2025.0,6.0,segunda,17.0,tarde,ES,SERRA,True,101.0,BR-101,270.6,-20.230926,-40.27346,Acessar a via sem observar a presença dos outros veículos,Colisão transversal,Com Vítimas Feridas,Anoitecer,Crescente,Céu Claro,Múltipla,Reta,Sim,0.0,0.0,1.0,1.0,1.0,0.0,2.0,2.0,SPRF-ES,DEL02-ES,UOP01-DEL02-ES,0,moderado
2025-06-23,21:10,2025-06-23 21:10:00,2025.0,6.0,segunda,21.0,noite,ES,SERRA,True,101.0,BR-101,270.2,-20.23091223,-40.2733469,Condutor desrespeitou a iluminação vermelha do semáforo,Colisão transversal,Com Vítimas Feridas,Plena Noite,Crescente,Céu Claro,Múltipla,Reta,Não,0.0,0.0,1.0,1.0,1.0,0.0,2.0,2.0,SPRF-ES,DEL02-ES,UOP01-DEL02-ES,0,moderado
2025-06-24,14:50,2025-06-24 14:50:00,2025.0,6.0,terca,14.0,tarde,ES,CARIACICA,True,101.0,BR-101,295.0,-20.3318546,-40.3999901,Ausência de reação do condutor,Colisão lateral mesmo sentido,Com Vítimas Feridas,Pleno dia,Crescente,Sol,Dupla,Em Obras,Não,0.0,0.0,1.0,1.0,1.0,0.0,2.0,2.0,SPRF-ES,DEL01-ES,UOP01-DEL01-ES,0,moderado
2025-06-25,06:50,2025-06-25 06:50:00,2025.0,6.0,quarta,6.0,manha,ES,SERRA,True,101.0,BR-101,262.7,-20.16054717,-40.27570583,Condutor deixou de manter distância do veículo da frente,Colisão traseira,Com Vítimas Feridas,Pleno dia,Decrescente,Céu Claro,Dupla,Reta,Não,0.0,0.0,2.0,2.0,0.0,1.0,3.0,3.0,SPRF-ES,DEL02-ES,UOP01-DEL02-ES,0,moderado
2025-06-25,10:00,2025-06-25 10:00:00,2025.0,6.0,quarta,10.0,manha,ES,SERRA,True,101.0,BR-101,269.3,-20.2205119,-40.2704562,Manobra de mudança de faixa,Colisão lateral mesmo sentido,Com Vítimas Feridas,Pleno dia,Crescente,Nublado,Múltipla,Reta,Sim,0.0,0.0,1.0,1.0,1.0,0.0,2.0,2.0,SPRF-ES,DEL02-ES,UOP01-DEL02-ES,0,moderado
2025-06-25,17:55,2025-06-25 17:55:00,2025.0,6.0,quarta,17.0,tarde,ES,CARIACICA,True,101.0,BR-101,283.1,-20.23517757,-40.36965815,Manobra de mudança de faixa,Colisão lateral mesmo sentido,Com Vítimas Feridas,Anoitecer,Crescente,Nublado,Dupla,Reta,Sim,0.0,0.0,1.0,1.0,1.0,1.0,3.0,3.0,SPRF-ES,DEL01-ES,UOP01-DEL01-ES,0,moderado
2025-06-25,22:00,2025-06-25 22:00:00,2025.0,6.0,quarta,22.0,noite,ES,SERRA,True,101.0,BR-101,17.9,-20.215975,-40.334882,Condutor deixou de manter distância do veículo da frente,Colisão traseira,Com Vítimas Feridas,Plena Noite,Crescente,Céu Claro,Dupla,Reta,Não,0.0,0.0,1.0,1.0,1.0,1.0,2.0,3.0,SPRF-ES,DEL02-ES,UOP01-DEL02-ES,0,moderado
2025-06-26,07:06,2025-06-26 07:06:00,2025.0,6.0,quinta,7.0,manha,ES,GUARAPARI,True,101.0,BR-101,335.0,-20.62744994,-40.52738118,Acumulo de areia ou detritos sobre o pavimento,Queda de ocupante de veículo,Com Vítimas Feridas,Pleno dia,Decrescente,Céu Claro,Simples,Curva,Sim,0.0,0.0,1.0,1.0,0.0,0.0,1.0,1.0,SPRF-ES,DEL03-ES,UOP01-DEL03-ES,0,moderado
2025-06-26,13:15,2025-06-26 13:15:00,2025.0,6.0,quinta,13.0,tarde,ES,SERRA,True,101.0,BR-101,281.0,-20.21891645,-40.35015663,Demais falhas mecânicas ou elétricas,Tombamento,Com Vítimas Feridas,Pleno dia,Crescente,Céu Claro,Simples,Reta,Não,0.0,0.0,2.0,2.0,0.0,0.0,1.0,2.0,SPRF-ES,DEL02-ES,UOP01-DEL02-ES,0,moderado
2025-06-26,15:00,2025-06-26 15:00:00,2025.0,6.0,quinta,15.0,tarde,ES,SERRA,True,101.0,BR-101,14.9,-20.210955,-40.334542,Reação tardia ou ineficiente do condutor,Colisão traseira,Com Vítimas Feridas,Pleno dia,Crescente,Céu Claro,Dupla,Reta,Não,0.0,1.0,1.0,2.0,1.0,0.0,3.0,3.0,SPRF-ES,DEL02-ES,UOP01-DEL02-ES,1,grave
2025-06-26,17:45,2025-06-26 17:45:00,2025.0,6.0,quinta,17.0,tarde,ES,VIANA,True,101.0,BR-101,301.0,-20.3610942,-40.4361423,Pedestre andava na pista,Atropelamento de Pedestre,Com Vítimas Feridas,Plena Noite,Decrescente,Céu Claro,Dupla,Reta,Sim,0.0,0.0,1.0,1.0,1.0,0.0,2.0,2.0,SPRF-ES,DEL01-ES,UOP01-DEL01-ES,0,moderado
2025-06-26,18:00,2025-06-26 18:00:00,2025.0,6.0,quinta,18.0,noite,ES,VIANA,True,101.0,BR-101,298.0,-20.3547459,-40.4168813,Objeto estático sobre o leito carroçável,Colisão com objeto,Com Vítimas Feridas,Pleno dia,Crescente,Céu Claro,Dupla,Reta;Viaduto,Sim,0.0,0.0,1.0,1.0,0.0,0.0,1.0,1.0,SPRF-ES,DEL01-ES,UOP01-DEL01-ES,0,moderado
2025-06-26,19:34,2025-06-26 19:34:00,2025.0,6.0,quinta,19.0,noite,ES,SERRA,True,101.0,BR-101,271.5,-20.22702858,-40.28503696,Condutor desrespeitou a iluminação vermelha do semáforo,Colisão transversal,Com Vítimas Feridas,Plena Noite,Crescente,Céu Claro,Simples,Reta,Não,0.0,1.0,0.0,1.0,1.0,0.0,2.0,2.0,SPRF-ES,DEL02-ES,UOP01-DEL02-ES,1,grave
2025-06-26,21:00,2025-06-26 21:00:00,2025.0,6.0,quinta,21.0,noite,ES,SERRA,True,101.0,BR-101,262.2,-20.160828,-40.27547,Reação tardia ou ineficiente do condutor,Colisão transversal,Com Vítimas Feridas,Plena Noite,Crescente,Céu Claro,Dupla,Reta,Não,0.0,0.0,1.0,1.0,4.0,0.0,2.0,5.0,SPRF-ES,DEL02-ES,UOP01-DEL02-ES,0,moderado
2025-06-27,05:50,2025-06-27 05:50:00,2025.0,6.0,sexta,5.0,madrugada,ES,VIANA,True,101.0,BR-101,298.0,-20.3554354,-40.4168915,Animais na Pista,Atropelamento de Animal,Com Vítimas Feridas,Amanhecer,Decrescente,Nublado,Simples,Reta,Sim,0.0,2.0,0.0,2.0,0.0,0.0,1.0,2.0,SPRF-ES,DEL01-ES,UOP01-DEL01-ES,1,grave
2025-06-28,06:00,2025-06-28 06:00:00,2025.0,6.0,sabado,6.0,manha,ES,SERRA,True,101.0,BR-101,267.0,-20.2050693,-40.26933342,Manobra de mudança de faixa,Colisão lateral mesmo sentido,Com Vítimas Feridas,Pleno dia,Crescente,Sol,Múltipla,Reta,Sim,0.0,0.0,2.0,2.0,0.0,1.0,2.0,3.0,SPRF-ES,DEL02-ES,UOP01-DEL02-ES,0,moderado
2025-06-28,11:56,2025-06-28 11:56:00,2025.0,6.0,sabado,11.0,manha,ES,SERRA,True,101.0,BR-101,266.0,-20.1932524,-40.2682186,Ausência de reação do condutor,Queda de ocupante de veículo,Com Vítimas Feridas,Pleno dia,Crescente,Sol,Dupla,Reta,Sim,0.0,1.0,0.0,1.0,0.0,0.0,1.0,1.0,SPRF-ES,DEL02-ES,UOP01-DEL02-ES,1,grave
2025-06-28,19:07,2025-06-28 19:07:00,2025.0,6.0,sabado,19.0,noite,ES,SERRA,True,101.0,BR-101,256.0,-20.0488693,-40.3866778,Acessar a via sem observar a presença dos outros veículos,Atropelamento de Pedestre,Com Vítimas Feridas,Plena Noite,Crescente,Céu Claro,Simples,Reta,Sim,0.0,0.0,2.0,2.0,1.0,0.0,2.0,3.0,SPRF-ES,DEL02-ES,UOP01-DEL02-ES,0,moderado
2025-06-28,19:20,2025-06-28 19:20:00,2025.0,6.0,sabado,19.0,noite,ES,SERRA,True,101.0,BR-101,262.0,-20.160472,-40.275685,Acessar a via sem observar a presença dos outros veículos,Colisão traseira,Sem Vítimas,Plena Noite,Decrescente,Céu Claro,Dupla,Reta,Não,0.0,0.0,0.0,0.0,2.0,0.0,2.0,2.0,SPRF-ES,DEL02-ES,UOP01-DEL02-ES,0,baixo
2025-06-29,00:10,2025-06-29 00:10:00,2025.0,6.0,domingo,0.0,madrugada,ES,SERRA,True,101.0,BR-101,258.5,-20.13689998,-40.29217511,Condutor deixou de manter distância do veículo da frente,Colisão traseira,Com Vítimas Feridas,Plena Noite,Decrescente,Céu Claro,Dupla,Reta,Sim,0.0,0.0,2.0,2.0,0.0,1.0,2.0,3.0,SPRF-ES,DEL02-ES,UOP01-DEL02-ES,0,moderado
2025-06-29,04:38,2025-06-29 04:38:00,2025.0,6.0,domingo,4.0,madrugada,ES,FUNDAO,True,101.0,BR-101,233.0,-19.96177,-40.40434,Condutor deixou de manter distância do veículo da frente,Colisão traseira,Com Vítimas Feridas,Plena Noite,Decrescente,Nublado,Simples,Reta,Não,0.0,0.0,2.0,2.0,0.0,2.0,2.0,4.0,SPRF-ES,DEL02-ES,UOP01-DEL02-ES,0,moderado
2025-06-29,09:30,2025-06-29 09:30:00,2025.0,6.0,domingo,9.0,manha,ES,SERRA,True,101.0,BR-101,266.1,-20.2244,-40.273,Condutor desrespeitou a iluminação vermelha do semáforo,Colisão transversal,Com Vítimas Feridas,Pleno dia,Crescente,Sol,Dupla,Retorno Regulamentado,Sim,0.0,0.0,1.0,1.0,2.0,0.0,2.0,3.0,SPRF-ES,DEL02-ES,UOP01-DEL02-ES,0,moderado
2025-06-29,14:35,2025-06-29 14:35:00,2025.0,6.0,domingo,14.0,tarde,ES,CARIACICA,True,101.0,BR-101,292.0,-20.306112,-40.395107,Ingestão de álcool pelo condutor,Colisão traseira,Com Vítimas Feridas,Pleno dia,Crescente,Sol,Dupla,Declive;Reta,Sim,0.0,0.0,1.0,1.0,1.0,0.0,2.0,2.0,SPRF-ES,DEL01-ES,UOP01-DEL01-ES,0,moderado
2025-06-29,17:00,2025-06-29 17:00:00,2025.0,6.0,domingo,17.0,tarde,ES,SERRA,True,101.0,BR-101,266.0,-20.19649061,-40.26859313,Ausência de reação do condutor,Colisão traseira,Com Vítimas Feridas,Pleno dia,Decrescente,Céu Claro,Múltipla,Reta,Não,0.0,0.0,1.0,1.0,1.0,0.0,2.0,2.0,SPRF-ES,DEL02-ES,UOP01-DEL02-ES,0,moderado
2025-06-29,18:55,2025-06-29 18:55:00,2025.0,6.0,domingo,18.0,noite,ES,SERRA,True,101.0,BR-101,264.9,-20.1822104,-40.2656856,Condutor desrespeitou a iluminação vermelha do semáforo,Atropelamento de Pedestre,Com Vítimas Feridas,Plena Noite,Crescente,Céu Claro,Múltipla,Reta,Sim,0.0,0.0,1.0,1.0,1.0,0.0,2.0,2.0,SPRF-ES,DEL02-ES,UOP01-DEL02-ES,0,moderado
2025-06-29,19:00,2025-06-29 19:00:00,2025.0,6.0,domingo,19.0,noite,ES,SERRA,True,101.0,BR-101,267.9,-20.205374,-40.269542,Ausência de reação do condutor,Colisão traseira,Com Vítimas Feridas,Plena Noite,Crescente,Céu Claro,Dupla,Reta,Não,0.0,0.0,1.0,1.0,0.0,1.0,2.0,2.0,SPRF-ES,DEL02-ES,UOP01-DEL02-ES,0,moderado
2025-06-29,18:00,2025-06-29 18:00:00,2025.0,6.0,domingo,18.0,noite,ES,VIANA,True,101.0,BR-101,305.7,-20.39097441,-40.46310425,Ausência de reação do condutor,Atropelamento de Pedestre,Com Vítimas Feridas,Plena Noite,Decrescente,Céu Claro,Dupla,Reta,Não,0.0,1.0,0.0,1.0,0.0,1.0,2.0,2.0,SPRF-ES,DEL01-ES,UOP01-DEL01-ES,1,grave
2025-06-29,20:10,2025-06-29 20:10:00,2025.0,6.0,domingo,20.0,noite,ES,SERRA,True,101.0,BR-101,269.1,-20.04887489,-40.38651095,Ausência de reação do condutor,Colisão traseira,Com Vítimas Feridas,Plena Noite,Crescente,Céu Claro,Dupla,Interseção de Vias,Sim,0.0,0.0,1.0,1.0,1.0,0.0,2.0,2.0,SPRF-ES,DEL02-ES,UOP01-DEL02-ES,0,moderado
2025-06-30,07:47,2025-06-30 07:47:00,2025.0,6.0,segunda,7.0,manha,ES,SERRA,True,101.0,BR-101,262.0,-20.15941505,-40.27609197,Condutor desrespeitou a iluminação vermelha do semáforo,Colisão transversal,Com Vítimas Feridas,Pleno dia,Crescente,Céu Claro,Dupla,Reta;Retorno Regulamentado,Sim,0.0,1.0,0.0,1.0,1.0,0.0,2.0,2.0,SPRF-ES,DEL02-ES,UOP01-DEL02-ES,1,grave
2025-06-30,08:00,2025-06-30 08:00:00,2025.0,6.0,segunda,8.0,manha,ES,VIANA,True,101.0,BR-101,298.0,-20.35785519,-40.42080657,Condutor deixou de manter distância do veículo da frente,Colisão traseira,Com Vítimas Feridas,Pleno dia,Crescente,Céu Claro,Dupla,Reta,Não,0.0,1.0,0.0,1.0,1.0,0.0,2.0,2.0,SPRF-ES,DEL01-ES,UOP01-DEL01-ES,1,grave
2025-06-30,10:30,2025-06-30 10:30:00,2025.0,6.0,segunda,10.0,manha,ES,CARIACICA,True,101.0,BR-101,296.0,-20.34255516,-40.4051532,Ingestão de álcool pelo condutor,Colisão com objeto,Com Vítimas Feridas,Pleno dia,Crescente,Céu Claro,Dupla,Declive;Curva,Não,0.0,0.0,1.0,1.0,0.0,0.0,1.0,1.0,SPRF-ES,DEL01-ES,UOP01-DEL01-ES,0,moderado
2025-06-30,13:10,2025-06-30 13:10:00,2025.0,6.0,segunda,13.0,tarde,ES,CARIACICA,True,0.0,BR-0,0.0,-20.33532091,-40.37543631,Reação tardia ou ineficiente do condutor,Colisão transversal,Sem Vítimas,Pleno dia,Não Informado,Sol,Dupla,Reta,Sim,0.0,0.0,0.0,0.0,1.0,1.0,2.0,2.0,SPRF-ES,DEL01-ES,UOP01-DEL01-ES,0,baixo
2025-06-30,17:20,2025-06-30 17:20:00,2025.0,6.0,segunda,17.0,tarde,ES,CARIACICA,True,101.0,BR-101,288.3,-20.27616,-40.391613,Ausência de reação do condutor,Colisão lateral mesmo sentido,Com Vítimas Feridas,Pleno dia,Crescente,Nublado,Dupla,Reta,Não,0.0,1.0,0.0,1.0,1.0,0.0,2.0,2.0,SPRF-ES,DEL01-ES,UOP01-DEL01-ES,1,grave
2025-07-01,07:09,2025-07-01 07:09:00,2025.0,7.0,terca,7.0,manha,ES,CARIACICA,True,101.0,BR-101,295.2,-20.335002,-40.400952,Manobra de mudança de faixa,Colisão lateral mesmo sentido,Com Vítimas Feridas,Pleno dia,Decrescente,Céu Claro,Múltipla,Reta;Declive,Sim,0.0,0.0,1.0,1.0,1.0,0.0,2.0,2.0,SPRF-ES,DEL01-ES,UOP01-DEL01-ES,0,moderado
2025-07-01,07:07,2025-07-01 07:07:00,2025.0,7.0,terca,7.0,manha,ES,SERRA,True,101.0,BR-101,270.2,-20.228948,-40.272239,Ausência de reação do condutor,Colisão com objeto,Com Vítimas Feridas,Pleno dia,Decrescente,Céu Claro,Dupla,Reta,Sim,0.0,0.0,1.0,1.0,1.0,1.0,3.0,3.0,SPRF-ES,DEL02-ES,UOP01-DEL02-ES,0,moderado
2025-07-02,08:10,2025-07-02 08:10:00,2025.0,7.0,quarta,8.0,manha,ES,SERRA,True,101.0,BR-101,265.9,-20.054016,-40.3767296,Reação tardia ou ineficiente do condutor,Colisão lateral mesmo sentido,Com Vítimas Feridas,Pleno dia,Crescente,Céu Claro,Dupla,Reta,Sim,0.0,0.0,1.0,1.0,2.0,0.0,2.0,3.0,SPRF-ES,DEL02-ES,UOP01-DEL02-ES,0,moderado
2025-07-02,21:00,2025-07-02 21:00:00,2025.0,7.0,quarta,21.0,noite,ES,VIANA,True,101.0,BR-101,297.8,-20.3508415,-40.414221,Demais falhas mecânicas ou elétricas,Queda de ocupante de veículo,Com Vítimas Feridas,Plena Noite,Crescente,Ignorado,Dupla,Reta,Sim,0.0,0.0,1.0,1.0,0.0,0.0,1.0,1.0,SPRF-ES,DEL01-ES,UOP01-DEL01-ES,0,moderado
2025-06-16,06:30,2025-06-16 06:30:00,2025.0,6.0,segunda,6.0,manha,ES,SERRA,True,101.0,BR-101,267.0,-20.2130726,-40.26987076,Conversão proibida,Colisão lateral mesmo sentido,Com Vítimas Feridas,Amanhecer,Crescente,Céu Claro,Dupla,Reta,Sim,0.0,0.0,1.0,1.0,1.0,0.0,2.0,2.0,SPRF-ES,DEL02-ES,UOP01-DEL02-ES,0,moderado
2025-07-03,07:15,2025-07-03 07:15:00,2025.0,7.0,quinta,7.0,manha,ES,SERRA,True,101.0,BR-101,263.1,-20.16703657,-40.27190745,Condutor deixou de manter distância do veículo da frente,Colisão traseira,Com Vítimas Feridas,Pleno dia,Crescente,Chuva,Dupla,Reta,Sim,0.0,0.0,1.0,1.0,1.0,0.0,2.0,2.0,SPRF-ES,DEL02-ES,UOP01-DEL02-ES,0,moderado
2025-07-03,12:30,2025-07-03 12:30:00,2025.0,7.0,quinta,12.0,tarde,ES,SERRA,True,101.0,BR-101,255.9,-20.1198544,-40.3096446,Chuva,Saída de leito carroçável,Sem Vítimas,Pleno dia,Crescente,Chuva,Simples,Reta,Sim,0.0,0.0,0.0,0.0,1.0,0.0,1.0,1.0,SPRF-ES,DEL02-ES,UOP01-DEL02-ES,0,baixo
2025-07-04,16:00,2025-07-04 16:00:00,2025.0,7.0,sexta,16.0,tarde,ES,SERRA,True,101.0,BR-101,256.0,-20.04886866,-40.38653706,Transitar no Acostamento,Queda de ocupante de veículo,Com Vítimas Feridas,Pleno dia,Decrescente,Céu Claro,Simples,Reta,Sim,0.0,0.0,1.0,1.0,0.0,0.0,1.0,1.0,SPRF-ES,DEL02-ES,UOP01-DEL02-ES,0,moderado
2025-07-05,10:30,2025-07-05 10:30:00,2025.0,7.0,sabado,10.0,manha,ES,SERRA,True,101.0,BR-101,265.8,-20.18824,-40.268035,Ausência de reação do condutor,Colisão traseira,Com Vítimas Feridas,Pleno dia,Decrescente,Céu Claro,Dupla,Reta,Sim,0.0,0.0,1.0,1.0,1.0,0.0,2.0,2.0,SPRF-ES,DEL02-ES,UOP01-DEL02-ES,0,moderado
2025-07-05,13:35,2025-07-05 13:35:00,2025.0,7.0,sabado,13.0,tarde,ES,SERRA,True,101.0,BR-101,253.7,-20.109502,-40.328113,Reação tardia ou ineficiente do condutor,Saída de leito carroçável,Sem Vítimas,Pleno dia,Crescente,Céu Claro,Simples,Reta,Não,0.0,0.0,0.0,0.0,0.0,1.0,1.0,1.0,SPRF-ES,DEL02-ES,UOP01-DEL02-ES,0,baixo
2025-07-05,15:50,2025-07-05 15:50:00,2025.0,7.0,sabado,15.0,tarde,ES,SERRA,True,101.0,BR-101,264.3,-20.178604,-40.265467,Reação tardia ou ineficiente do condutor,Colisão transversal,Com Vítimas Feridas,Pleno dia,Crescente,Céu Claro,Múltipla,Interseção de Vias,Sim,0.0,2.0,1.0,3.0,1.0,0.0,3.0,4.0,SPRF-ES,DEL02-ES,UOP01-DEL02-ES,1,grave
2025-07-05,17:00,2025-07-05 17:00:00,2025.0,7.0,sabado,17.0,tarde,ES,FUNDAO,True,101.0,BR-101,236.2,-19.9899069,-40.4134209,Conversão proibida,Colisão transversal,Com Vítimas Feridas,Anoitecer,Decrescente,Céu Claro,Simples,Curva,Não,0.0,0.0,2.0,2.0,1.0,0.0,2.0,3.0,SPRF-ES,DEL02-ES,UOP01-DEL02-ES,0,moderado
2025-07-06,15:49,2025-07-06 15:49:00,2025.0,7.0,domingo,15.0,tarde,ES,SERRA,True,101.0,BR-101,259.0,-20.138375,-40.292264,Conversão proibida,Colisão transversal,Com Vítimas Feridas,Pleno dia,Decrescente,Céu Claro,Dupla,Reta,Sim,0.0,0.0,1.0,1.0,1.0,0.0,2.0,2.0,SPRF-ES,DEL02-ES,UOP01-DEL02-ES,0,moderado
2025-07-07,05:27,2025-07-07 05:27:00,2025.0,7.0,segunda,5.0,madrugada,ES,SERRA,True,101.0,BR-101,264.0,-20.178502,-40.265286,Condutor desrespeitou a iluminação vermelha do semáforo,Colisão transversal,Com Vítimas Feridas,Pleno dia,Decrescente,Céu Claro,Múltipla,Interseção de Vias,Sim,0.0,0.0,1.0,1.0,2.0,0.0,2.0,3.0,SPRF-ES,DEL02-ES,UOP01-DEL02-ES,0,moderado
2025-07-07,14:17,2025-07-07 14:17:00,2025.0,7.0,segunda,14.0,tarde,ES,GUARAPARI,True,101.0,BR-101,335.0,-20.6281024,-40.5331143,Condutor Dormindo,Saída de leito carroçável,Com Vítimas Feridas,Pleno dia,Crescente,Céu Claro,Dupla,Reta;Declive,Não,0.0,0.0,1.0,1.0,0.0,0.0,1.0,1.0,SPRF-ES,DEL03-ES,UOP01-DEL03-ES,0,moderado
2025-07-07,14:45,2025-07-07 14:45:00,2025.0,7.0,segunda,14.0,tarde,ES,CARIACICA,True,101.0,BR-101,293.2,-20.316122,-40.3954811,Pista Escorregadia,Tombamento,Com Vítimas Feridas,Pleno dia,Decrescente,Céu Claro,Múltipla,Reta,Sim,0.0,0.0,1.0,1.0,0.0,0.0,1.0,1.0,SPRF-ES,DEL01-ES,UOP01-DEL01-ES,0,moderado
2025-06-14,18:00,2025-06-14 18:00:00,2025.0,6.0,sabado,18.0,noite,ES,SERRA,True,101.0,BR-101,270.4,-20.22967735,-40.2719907,Ausência de reação do condutor,Colisão traseira,Com Vítimas Feridas,Plena Noite,Decrescente,Céu Claro,Simples,Reta,Não,0.0,0.0,1.0,1.0,2.0,2.0,4.0,5.0,SPRF-ES,DEL02-ES,UOP01-DEL02-ES,0,moderado
2025-07-09,07:04,2025-07-09 07:04:00,2025.0,7.0,quarta,7.0,manha,ES,GUARAPARI,True,101.0,BR-101,320.8,-20.518841,-40.4783309,Manobra de mudança de faixa,Colisão lateral mesmo sentido,Com Vítimas Feridas,Pleno dia,Crescente,Céu Claro,Múltipla,Reta,Não,0.0,1.0,0.0,1.0,1.0,0.0,2.0,2.0,SPRF-ES,DEL03-ES,UOP01-DEL03-ES,1,grave
2025-07-09,08:45,2025-07-09 08:45:00,2025.0,7.0,quarta,8.0,manha,ES,SERRA,True,101.0,BR-101,262.1,-20.1594149,-40.2761924,Condutor desrespeitou a iluminação vermelha do semáforo,Colisão transversal,Com Vítimas Fatais,Pleno dia,Crescente,Chuva,Múltipla,Interseção de Vias;Retorno Regulamentado;Reta,Sim,1.0,0.0,1.0,1.0,1.0,0.0,2.0,3.0,SPRF-ES,DEL02-ES,UOP01-DEL02-ES,1,fatal
2025-07-09,12:40,2025-07-09 12:40:00,2025.0,7.0,quarta,12.0,tarde,ES,SERRA,True,101.0,BR-101,266.4,-20.19357,-40.26849,Desrespeitar a preferência no cruzamento,Colisão transversal,Com Vítimas Feridas,Pleno dia,Crescente,Céu Claro,Múltipla,Interseção de Vias,Sim,0.0,0.0,1.0,1.0,1.0,0.0,2.0,2.0,SPRF-ES,DEL02-ES,UOP01-DEL02-ES,0,moderado
2025-07-09,19:35,2025-07-09 19:35:00,2025.0,7.0,quarta,19.0,noite,ES,VIANA,True,101.0,BR-101,306.0,-20.39556767,-40.45908158,Ausência de reação do condutor,Colisão frontal,Com Vítimas Feridas,Plena Noite,Decrescente,Nublado,Dupla,Reta,Não,0.0,0.0,1.0,1.0,1.0,0.0,2.0,2.0,SPRF-ES,DEL01-ES,UOP01-DEL01-ES,0,moderado
2025-07-10,08:40,2025-07-10 08:40:00,2025.0,7.0,quinta,8.0,manha,ES,SERRA,True,101.0,BR-101,270.0,-20.22608585,-40.27072194,Manobra de mudança de faixa,Colisão lateral mesmo sentido,Com Vítimas Feridas,Pleno dia,Crescente,Nublado,Dupla,Reta,Sim,0.0,0.0,1.0,1.0,1.0,0.0,2.0,2.0,SPRF-ES,DEL02-ES,UOP01-DEL02-ES,0,moderado
2025-06-16,01:20,2025-06-16 01:20:00,2025.0,6.0,segunda,1.0,madrugada,ES,CARIACICA,True,101.0,BR-101,291.1,-20.29190589,-40.39200783,Transitar na contramão,Colisão frontal,Com Vítimas Feridas,Plena Noite,Decrescente,Céu Claro,Dupla,Reta,Não,0.0,2.0,0.0,2.0,1.0,0.0,2.0,3.0,SPRF-ES,DEL01-ES,UOP01-DEL01-ES,1,grave
2025-06-24,18:20,2025-06-24 18:20:00,2025.0,6.0,terca,18.0,noite,ES,SERRA,True,101.0,BR-101,266.2,-20.192634,-40.26846,Reação tardia ou ineficiente do condutor,Colisão traseira,Com Vítimas Feridas,Plena Noite,Decrescente,Nublado,Simples,Reta,Não,0.0,0.0,2.0,2.0,0.0,1.0,2.0,3.0,SPRF-ES,DEL02-ES,UOP01-DEL02-ES,0,moderado
2025-07-10,18:10,2025-07-10 18:10:00,2025.0,7.0,quinta,18.0,noite,ES,VITORIA,True,262.0,BR-262,0.3,-20.3219121,-40.3538621,Pista esburacada,Tombamento,Com Vítimas Feridas,Plena Noite,Crescente,Céu Claro,Dupla,Reta;Ponte,Sim,0.0,0.0,2.0,2.0,0.0,0.0,1.0,2.0,SPRF-ES,DEL01-ES,UOP01-DEL01-ES,0,moderado
2025-07-11,06:50,2025-07-11 06:50:00,2025.0,7.0,sexta,6.0,manha,ES,CARIACICA,True,101.0,BR-101,290.1,-20.2908053,-40.3917302,Acostamento em desnível,Colisão lateral mesmo sentido,Com Vítimas Feridas,Pleno dia,Decrescente,Nublado,Dupla,Curva,Não,0.0,1.0,0.0,1.0,1.0,0.0,2.0,2.0,SPRF-ES,DEL01-ES,UOP01-DEL01-ES,1,grave
2025-07-11,12:00,2025-07-11 12:00:00,2025.0,7.0,sexta,12.0,tarde,ES,SERRA,True,101.0,BR-101,269.5,-20.22174203,-40.27035266,Acessar a via sem observar a presença dos outros veículos,Atropelamento de Pedestre,Com Vítimas Feridas,Pleno dia,Crescente,Garoa/Chuvisco,Dupla,Interseção de Vias,Sim,0.0,0.0,1.0,1.0,1.0,0.0,2.0,2.0,SPRF-ES,DEL02-ES,UOP01-DEL02-ES,0,moderado
2025-07-11,20:00,2025-07-11 20:00:00,2025.0,7.0,sexta,20.0,noite,ES,SERRA,True,101.0,BR-101,271.3,-20.2196142,-40.29093862,Condutor desrespeitou a iluminação vermelha do semáforo,Colisão transversal,Com Vítimas Feridas,Plena Noite,Crescente,Chuva,Múltipla,Interseção de Vias,Sim,0.0,0.0,1.0,1.0,1.0,1.0,3.0,3.0,SPRF-ES,DEL02-ES,UOP01-DEL02-ES,0,moderado
2025-06-02,07:00,2025-06-02 07:00:00,2025.0,6.0,segunda,7.0,manha,ES,SERRA,True,101.0,BR-101,267.9,-20.19810692,-40.26855532,Condutor desrespeitou a iluminação vermelha do semáforo,Colisão transversal,Sem Vítimas,Pleno dia,Crescente,Céu Claro,Simples,Reta,Sim,0.0,0.0,0.0,0.0,0.0,1.0,1.0,1.0,SPRF-ES,DEL02-ES,UOP01-DEL02-ES,0,baixo
2025-07-13,20:00,2025-07-13 20:00:00,2025.0,7.0,domingo,20.0,noite,ES,FUNDAO,True,101.0,BR-101,230.2,-19.9382946,-40.40656686,Entrada inopinada do pedestre,Atropelamento de Pedestre,Com Vítimas Feridas,Plena Noite,Decrescente,Céu Claro,Simples,Reta,Sim,0.0,0.0,1.0,1.0,1.0,1.0,2.0,3.0,SPRF-ES,DEL02-ES,UOP01-DEL02-ES,0,moderado
2025-06-04,05:56,2025-06-04 05:56:00,2025.0,6.0,quarta,5.0,madrugada,ES,SERRA,True,101.0,BR-101,274.0,-20.0488604,-40.3866836,Ausência de reação do condutor,Colisão frontal,Com Vítimas Fatais,Amanhecer,Crescente,Céu Claro,Simples,Reta,Não,1.0,0.0,1.0,1.0,0.0,0.0,2.0,2.0,SPRF-ES,DEL02-ES,UOP01-DEL02-ES,1,fatal
2025-07-15,06:20,2025-07-15 06:20:00,2025.0,7.0,terca,6.0,manha,ES,SERRA,True,101.0,BR-101,263.9,-20.17328657,-40.26736383,Condutor desrespeitou a iluminação vermelha do semáforo,Colisão transversal,Com Vítimas Feridas,Pleno dia,Crescente,Céu Claro,Múltipla,Interseção de Vias,Sim,0.0,0.0,2.0,2.0,1.0,0.0,2.0,3.0,SPRF-ES,DEL02-ES,UOP01-DEL02-ES,0,moderado
2025-07-15,08:20,2025-07-15 08:20:00,2025.0,7.0,terca,8.0,manha,ES,SERRA,True,101.0,BR-101,270.0,-20.21368087,-40.26965261,Conversão proibida,Colisão lateral mesmo sentido,Com Vítimas Feridas,Pleno dia,Decrescente,Céu Claro,Múltipla,Reta;Interseção de Vias,Sim,0.0,0.0,2.0,2.0,0.0,0.0,2.0,2.0,SPRF-ES,DEL02-ES,UOP01-DEL02-ES,0,moderado
2025-07-15,09:45,2025-07-15 09:45:00,2025.0,7.0,terca,9.0,manha,ES,SERRA,True,101.0,BR-101,264.0,-20.1767759,-40.2660588,Reação tardia ou ineficiente do condutor,Colisão traseira,Com Vítimas Feridas,Pleno dia,Crescente,Nublado,Múltipla,Reta,Sim,0.0,0.0,1.0,1.0,1.0,0.0,2.0,2.0,SPRF-ES,DEL02-ES,UOP01-DEL02-ES,0,moderado
2025-07-15,17:45,2025-07-15 17:45:00,2025.0,7.0,terca,17.0,tarde,ES,VIANA,True,101.0,BR-101,298.1,-20.3547929,-40.4150631,Ausência de reação do condutor,Colisão traseira,Com Vítimas Feridas,Anoitecer,Decrescente,Céu Claro,Dupla,Interseção de Vias,Sim,0.0,0.0,1.0,1.0,2.0,0.0,3.0,3.0,SPRF-ES,DEL01-ES,UOP01-DEL01-ES,0,moderado
2025-07-16,06:25,2025-07-16 06:25:00,2025.0,7.0,quarta,6.0,manha,ES,CARIACICA,True,101.0,BR-101,290.7,-20.29417999,-40.39407594,Acessar a via sem observar a presença dos outros veículos,Colisão transversal,Com Vítimas Fatais,Pleno dia,Decrescente,Céu Claro,Dupla,Reta,Sim,1.0,0.0,0.0,0.0,1.0,0.0,2.0,2.0,SPRF-ES,DEL01-ES,UOP01-DEL01-ES,1,fatal
2025-07-16,09:20,2025-07-16 09:20:00,2025.0,7.0,quarta,9.0,manha,ES,CARIACICA,True,101.0,BR-101,290.0,-20.2960054,-40.3868236,Conversão proibida,Colisão transversal,Com Vítimas Feridas,Pleno dia,Crescente,Céu Claro,Dupla,Curva;Retorno Regulamentado;Aclive,Não,0.0,0.0,2.0,2.0,1.0,0.0,2.0,3.0,SPRF-ES,DEL01-ES,UOP01-DEL01-ES,0,moderado
2025-07-16,15:30,2025-07-16 15:30:00,2025.0,7.0,quarta,15.0,tarde,ES,SERRA,True,101.0,BR-101,265.7,-20.19027243,-40.2682689,Ausência de reação do condutor,Colisão lateral mesmo sentido,Com Vítimas Feridas,Pleno dia,Decrescente,Céu Claro,Simples,Reta,Não,0.0,0.0,1.0,1.0,1.0,0.0,2.0,2.0,SPRF-ES,DEL02-ES,UOP01-DEL02-ES,0,moderado
2025-07-17,09:00,2025-07-17 09:00:00,2025.0,7.0,quinta,9.0,manha,ES,SERRA,True,101.0,BR-101,270.0,-20.22096578,-40.27038574,Velocidade Incompatível,Queda de ocupante de veículo,Com Vítimas Feridas,Pleno dia,Crescente,Sol,Múltipla,Reta,Sim,0.0,0.0,1.0,1.0,1.0,0.0,1.0,2.0,SPRF-ES,DEL02-ES,UOP01-DEL02-ES,0,moderado
2025-07-17,15:20,2025-07-17 15:20:00,2025.0,7.0,quinta,15.0,tarde,ES,SERRA,True,101.0,BR-101,241.4,-20.02778,-40.398021,Conversão proibida,Colisão transversal,Com Vítimas Feridas,Pleno dia,Decrescente,Céu Claro,Simples,Retorno Regulamentado;Reta,Não,0.0,1.0,0.0,1.0,1.0,0.0,2.0,2.0,SPRF-ES,DEL02-ES,UOP01-DEL02-ES,1,grave
2025-07-17,22:50,2025-07-17 22:50:00,2025.0,7.0,quinta,22.0,noite,ES,CARIACICA,True,101.0,BR-101,296.0,-20.330719,-40.373472,Ausência de reação do condutor,Capotamento,Sem Vítimas,Plena Noite,Crescente,Céu Claro,Simples,Curva,Sim,0.0,0.0,0.0,0.0,0.0,1.0,1.0,1.0,SPRF-ES,DEL01-ES,UOP01-DEL01-ES,0,baixo
2025-07-18,21:00,2025-07-18 21:00:00,2025.0,7.0,sexta,21.0,noite,ES,SERRA,True,101.0,BR-101,270.0,-20.2265372,-40.2707054,Acessar a via sem observar a presença dos outros veículos,Colisão transversal,Com Vítimas Feridas,Plena Noite,Crescente,Céu Claro,Dupla,Reta,Sim,0.0,1.0,0.0,1.0,1.0,0.0,2.0,2.0,SPRF-ES,DEL02-ES,UOP01-DEL02-ES,1,grave
2025-07-19,11:15,2025-07-19 11:15:00,2025.0,7.0,sabado,11.0,manha,ES,SERRA,True,101.0,BR-101,268.7,-20.21415,-40.26961,Ingestão de álcool pelo condutor,Colisão lateral mesmo sentido,Sem Vítimas,Pleno dia,Crescente,Céu Claro,Múltipla,Reta,Sim,0.0,0.0,0.0,0.0,1.0,1.0,2.0,2.0,SPRF-ES,DEL02-ES,UOP01-DEL02-ES,0,baixo
2025-07-19,15:40,2025-07-19 15:40:00,2025.0,7.0,sabado,15.0,tarde,ES,SERRA,True,101.0,BR-101,264.2,-20.17207897,-40.26804076,Condutor deixou de manter distância do veículo da frente,Colisão traseira,Com Vítimas Feridas,Pleno dia,Crescente,Nublado,Múltipla,Reta,Sim,0.0,1.0,1.0,2.0,1.0,2.0,3.0,5.0,SPRF-ES,DEL02-ES,UOP01-DEL02-ES,1,grave
2025-07-19,16:05,2025-07-19 16:05:00,2025.0,7.0,sabado,16.0,tarde,ES,CARIACICA,True,101.0,BR-101,288.2,-20.2738388,-40.39201705,Pedestre cruzava a pista fora da faixa,Atropelamento de Pedestre,Com Vítimas Feridas,Pleno dia,Decrescente,Nublado,Dupla,Reta,Sim,0.0,1.0,0.0,1.0,1.0,0.0,2.0,2.0,SPRF-ES,DEL01-ES,UOP01-DEL01-ES,1,grave
2025-07-19,21:40,2025-07-19 21:40:00,2025.0,7.0,sabado,21.0,noite,ES,SERRA,True,101.0,BR-101,257.8,-20.1342461,-40.2976538,Ingestão de substâncias psicoativas pelo condutor,Colisão lateral mesmo sentido,Com Vítimas Feridas,Plena Noite,Decrescente,Céu Claro,Dupla,Aclive;Reta,Sim,0.0,0.0,1.0,1.0,1.0,1.0,2.0,3.0,SPRF-ES,DEL02-ES,UOP01-DEL02-ES,0,moderado
2025-07-20,04:30,2025-07-20 04:30:00,2025.0,7.0,domingo,4.0,madrugada,ES,CARIACICA,True,101.0,BR-101,296.1,-20.34087468,-40.4041636,Velocidade Incompatível,Saída de leito carroçável,Com Vítimas Feridas,Plena Noite,Decrescente,Nublado,Múltipla,Curva,Sim,0.0,0.0,1.0,1.0,0.0,0.0,1.0,1.0,SPRF-ES,DEL01-ES,UOP01-DEL01-ES,0,moderado
2025-07-20,09:35,2025-07-20 09:35:00,2025.0,7.0,domingo,9.0,manha,ES,SERRA,True,101.0,BR-101,264.5,-20.17651907,-40.26599618,Ausência de reação do condutor,Colisão lateral mesmo sentido,Com Vítimas Feridas,Pleno dia,Crescente,Céu Claro,Dupla,Reta,Sim,0.0,1.0,1.0,2.0,0.0,1.0,2.0,3.0,SPRF-ES,DEL02-ES,UOP01-DEL02-ES,1,grave
2025-07-20,19:27,2025-07-20 19:27:00,2025.0,7.0,domingo,19.0,noite,ES,VILA VELHA,True,447.0,BR-447,14.0,-20.340489,-40.327832,Pedestre cruzava a pista fora da faixa,Atropelamento de Pedestre,Com Vítimas Feridas,Plena Noite,Crescente,Céu Claro,Simples,Reta,Sim,0.0,0.0,1.0,1.0,1.0,1.0,2.0,3.0,SPRF-ES,DEL01-ES,UOP01-DEL01-ES,0,moderado
2025-07-21,08:50,2025-07-21 08:50:00,2025.0,7.0,segunda,8.0,manha,ES,CARIACICA,True,101.0,BR-101,292.1,-20.30785364,-40.39462566,Acessar a via sem observar a presença dos outros veículos,Colisão transversal,Com Vítimas Feridas,Pleno dia,Decrescente,Céu Claro,Dupla,Interseção de Vias,Sim,0.0,1.0,0.0,1.0,1.0,1.0,2.0,3.0,SPRF-ES,DEL01-ES,UOP01-DEL01-ES,1,grave
2025-07-21,11:40,2025-07-21 11:40:00,2025.0,7.0,segunda,11.0,manha,ES,SERRA,True,101.0,BR-101,270.0,-20.2262056,-40.2709164,Pedestre cruzava a pista fora da faixa,Atropelamento de Pedestre,Com Vítimas Feridas,Pleno dia,Crescente,Céu Claro,Dupla,Curva,Sim,0.0,1.0,0.0,1.0,1.0,0.0,2.0,2.0,SPRF-ES,DEL02-ES,UOP01-DEL02-ES,1,grave
2025-07-21,15:40,2025-07-21 15:40:00,2025.0,7.0,segunda,15.0,tarde,ES,FUNDAO,True,101.0,BR-101,228.6,-19.924132,-40.4065605,Acessar a via sem observar a presença dos outros veículos,Colisão transversal,Sem Vítimas,Pleno dia,Decrescente,Nublado,Simples,Reta,Não,0.0,0.0,0.0,0.0,2.0,0.0,2.0,2.0,SPRF-ES,DEL02-ES,UOP01-DEL02-ES,0,baixo
2025-07-21,22:00,2025-07-21 22:00:00,2025.0,7.0,segunda,22.0,noite,ES,SERRA,True,101.0,BR-101,18.5,-20.217911,-40.33605,Reação tardia ou ineficiente do condutor,Colisão com objeto,Com Vítimas Feridas,Plena Noite,Decrescente,Céu Claro,Dupla,Curva,Não,0.0,1.0,0.0,1.0,0.0,0.0,1.0,1.0,SPRF-ES,DEL02-ES,UOP01-DEL02-ES,1,grave
2025-07-22,07:00,2025-07-22 07:00:00,2025.0,7.0,terca,7.0,manha,ES,SERRA,True,101.0,BR-101,265.5,-20.18813439,-40.26843381,Condutor deixou de manter distância do veículo da frente,Colisão traseira,Com Vítimas Feridas,Pleno dia,Crescente,Céu Claro,Dupla,Reta,Sim,0.0,0.0,1.0,1.0,1.0,0.0,2.0,2.0,SPRF-ES,DEL02-ES,UOP01-DEL02-ES,0,moderado
2025-07-23,07:40,2025-07-23 07:40:00,2025.0,7.0,quarta,7.0,manha,ES,CARIACICA,True,101.0,BR-101,290.3,-20.29406848,-40.39324936,Avarias e/ou desgaste excessivo no pneu,Tombamento,Com Vítimas Feridas,Pleno dia,Crescente,Céu Claro,Dupla,Reta,Sim,0.0,0.0,2.0,2.0,0.0,0.0,1.0,2.0,SPRF-ES,DEL01-ES,UOP01-DEL01-ES,0,moderado
2025-07-23,18:20,2025-07-23 18:20:00,2025.0,7.0,quarta,18.0,noite,ES,SERRA,True,101.0,BR-101,260.5,-20.14704296,-40.28123975,Condutor deixou de manter distância do veículo da frente,Colisão traseira,Com Vítimas Feridas,Anoitecer,Crescente,Ignorado,Dupla,Curva,Não,0.0,0.0,1.0,1.0,2.0,0.0,2.0,3.0,SPRF-ES,DEL02-ES,UOP01-DEL02-ES,0,moderado
2025-07-24,03:30,2025-07-24 03:30:00,2025.0,7.0,quinta,3.0,madrugada,ES,VIANA,True,101.0,BR-101,302.6,-20.37560324,-40.44286108,Velocidade Incompatível,Saída de leito carroçável,Com Vítimas Feridas,Plena Noite,Decrescente,Céu Claro,Dupla,Curva,Sim,0.0,0.0,1.0,1.0,0.0,0.0,1.0,1.0,SPRF-ES,DEL01-ES,UOP01-DEL01-ES,0,moderado
2025-07-24,08:25,2025-07-24 08:25:00,2025.0,7.0,quinta,8.0,manha,ES,CARIACICA,True,101.0,BR-101,296.8,-20.343869,-40.408154,Manobra de mudança de faixa,Colisão com objeto,Com Vítimas Feridas,Pleno dia,Crescente,Céu Claro,Múltipla,Curva,Sim,0.0,0.0,1.0,1.0,0.0,0.0,1.0,1.0,SPRF-ES,DEL01-ES,UOP01-DEL01-ES,0,moderado
2025-07-24,17:30,2025-07-24 17:30:00,2025.0,7.0,quinta,17.0,tarde,ES,CARIACICA,True,101.0,BR-101,290.8,-20.29572166,-40.39364934,Desrespeitar a preferência no cruzamento,Colisão transversal,Com Vítimas Feridas,Anoitecer,Decrescente,Céu Claro,Dupla,Reta;Aclive,Sim,0.0,1.0,0.0,1.0,1.0,0.0,2.0,2.0,SPRF-ES,DEL01-ES,UOP01-DEL01-ES,1,grave
2025-07-25,16:45,2025-07-25 16:45:00,2025.0,7.0,sexta,16.0,tarde,ES,SERRA,True,101.0,BR-101,254.8,-20.114917,-40.319548,Condutor deixou de manter distância do veículo da frente,Colisão traseira,Com Vítimas Feridas,Pleno dia,Crescente,Céu Claro,Simples,Aclive;Reta,Sim,0.0,0.0,1.0,1.0,1.0,0.0,2.0,2.0,SPRF-ES,DEL02-ES,UOP01-DEL02-ES,0,moderado
2025-07-25,17:40,2025-07-25 17:40:00,2025.0,7.0,sexta,17.0,tarde,ES,SERRA,True,101.0,BR-101,270.4,-20.231971,-40.273888,Manobra de mudança de faixa,Colisão lateral mesmo sentido,Com Vítimas Feridas,Plena Noite,Decrescente,Céu Claro,Dupla,Reta,Sim,0.0,0.0,2.0,2.0,1.0,0.0,2.0,3.0,SPRF-ES,DEL02-ES,UOP01-DEL02-ES,0,moderado
2025-07-26,13:40,2025-07-26 13:40:00,2025.0,7.0,sabado,13.0,tarde,ES,FUNDAO,True,101.0,BR-101,239.0,-20.01375833,-40.40522575,Ingestão de álcool pelo condutor,Colisão traseira,Com Vítimas Feridas,Pleno dia,Decrescente,Céu Claro,Dupla,Reta,Não,0.0,1.0,2.0,3.0,3.0,0.0,4.0,6.0,SPRF-ES,DEL02-ES,UOP01-DEL02-ES,1,grave
2025-07-26,15:40,2025-07-26 15:40:00,2025.0,7.0,sabado,15.0,tarde,ES,SERRA,True,101.0,BR-101,251.0,-20.0852763,-40.3452301,Reação tardia ou ineficiente do condutor,Tombamento,Com Vítimas Feridas,Pleno dia,Decrescente,Céu Claro,Simples,Reta;Aclive,Não,0.0,0.0,1.0,1.0,0.0,0.0,1.0,1.0,SPRF-ES,DEL02-ES,UOP01-DEL02-ES,0,moderado
2025-07-26,19:45,2025-07-26 19:45:00,2025.0,7.0,sabado,19.0,noite,ES,CARIACICA,True,101.0,BR-101,294.8,-20.33093023,-40.39923833,Reação tardia ou ineficiente do condutor,Colisão com objeto,Com Vítimas Feridas,Plena Noite,Decrescente,Nublado,Múltipla,Declive;Reta,Sim,0.0,0.0,1.0,1.0,0.0,0.0,1.0,1.0,SPRF-ES,DEL01-ES,UOP01-DEL01-ES,0,moderado
2025-07-27,03:30,2025-07-27 03:30:00,2025.0,7.0,domingo,3.0,madrugada,ES,GUARAPARI,True,101.0,BR-101,338.5,-20.64374884,-40.55453897,Afundamento ou ondulação no pavimento,Colisão com objeto,Com Vítimas Feridas,Plena Noite,Decrescente,Céu Claro,Dupla,Curva,Não,0.0,0.0,2.0,2.0,0.0,0.0,1.0,2.0,SPRF-ES,DEL03-ES,UOP01-DEL03-ES,0,moderado
2025-07-27,08:10,2025-07-27 08:10:00,2025.0,7.0,domingo,8.0,manha,ES,SERRA,True,101.0,BR-101,243.0,-20.0442,-40.3897,Demais falhas mecânicas ou elétricas,Incêndio,Sem Vítimas,Pleno dia,Crescente,Céu Claro,Simples,Reta,Não,0.0,0.0,0.0,0.0,4.0,0.0,1.0,4.0,SPRF-ES,DEL02-ES,UOP01-DEL02-ES,0,baixo
2025-07-27,23:00,2025-07-27 23:00:00,2025.0,7.0,domingo,23.0,noite,ES,VIANA,True,101.0,BR-101,298.0,-20.351398,-40.413696,Objeto estático sobre o leito carroçável,Queda de ocupante de veículo,Com Vítimas Feridas,Plena Noite,Crescente,Céu Claro,Dupla,Reta,Sim,0.0,1.0,1.0,2.0,0.0,0.0,1.0,2.0,SPRF-ES,DEL01-ES,UOP01-DEL01-ES,1,grave
2025-07-28,07:21,2025-07-28 07:21:00,2025.0,7.0,segunda,7.0,manha,ES,CARIACICA,True,101.0,BR-101,290.8,-20.295806,-40.393701,Acessar a via sem observar a presença dos outros veículos,Colisão transversal,Com Vítimas Feridas,Pleno dia,Crescente,Céu Claro,Dupla,Reta;Retorno Regulamentado,Sim,0.0,0.0,1.0,1.0,1.0,0.0,2.0,2.0,SPRF-ES,DEL01-ES,UOP01-DEL01-ES,0,moderado
2025-07-28,09:30,2025-07-28 09:30:00,2025.0,7.0,segunda,9.0,manha,ES,SERRA,True,101.0,BR-101,267.1,-20.19859505,-40.26896864,Manobra de mudança de faixa,Queda de ocupante de veículo,Com Vítimas Feridas,Pleno dia,Crescente,Céu Claro,Múltipla,Reta,Sim,0.0,0.0,1.0,1.0,0.0,0.0,1.0,1.0,SPRF-ES,DEL02-ES,UOP01-DEL02-ES,0,moderado
2025-07-28,09:37,2025-07-28 09:37:00,2025.0,7.0,segunda,9.0,manha,ES,CARIACICA,True,101.0,BR-101,294.0,-20.3296923,-40.3997527,Entrada inopinada do pedestre,Atropelamento de Pedestre,Com Vítimas Feridas,Pleno dia,Decrescente,Céu Claro,Dupla,Reta,Sim,0.0,1.0,0.0,1.0,1.0,0.0,2.0,2.0,SPRF-ES,DEL01-ES,UOP01-DEL01-ES,1,grave
2025-07-28,10:29,2025-07-28 10:29:00,2025.0,7.0,segunda,10.0,manha,ES,CARIACICA,True,101.0,BR-101,292.9,-20.31855038,-40.39638519,Ausência de reação do condutor,Colisão traseira,Com Vítimas Feridas,Pleno dia,Decrescente,Céu Claro,Dupla,Declive,Sim,0.0,0.0,1.0,1.0,3.0,0.0,4.0,4.0,SPRF-ES,DEL01-ES,UOP01-DEL01-ES,0,moderado
2025-07-28,17:45,2025-07-28 17:45:00,2025.0,7.0,segunda,17.0,tarde,ES,CARIACICA,True,101.0,BR-101,297.0,-20.34817903,-40.41180575,Condutor deixou de manter distância do veículo da frente,Colisão traseira,Com Vítimas Feridas,Plena Noite,Crescente,Céu Claro,Dupla,Reta,Sim,0.0,0.0,1.0,1.0,0.0,1.0,2.0,2.0,SPRF-ES,DEL01-ES,UOP01-DEL01-ES,0,moderado
2025-07-29,06:00,2025-07-29 06:00:00,2025.0,7.0,terca,6.0,manha,ES,VIANA,True,262.0,BR-262,25.0,-20.379485,-40.537222,Condutor deixou de manter distância do veículo da frente,Colisão traseira,Com Vítimas Feridas,Pleno dia,Crescente,Céu Claro,Simples,Reta,Não,0.0,0.0,1.0,1.0,1.0,0.0,2.0,2.0,SPRF-ES,DEL01-ES,UOP01-DEL01-ES,0,moderado
2025-07-30,16:45,2025-07-30 16:45:00,2025.0,7.0,quarta,16.0,tarde,ES,CARIACICA,True,101.0,BR-101,287.4,-20.267112,-40.387315,Acessar a via sem observar a presença dos outros veículos,Colisão lateral mesmo sentido,Com Vítimas Feridas,Pleno dia,Crescente,Céu Claro,Dupla,Reta,Sim,0.0,0.0,2.0,2.0,0.0,1.0,2.0,3.0,SPRF-ES,DEL01-ES,UOP01-DEL01-ES,0,moderado
2025-07-30,18:50,2025-07-30 18:50:00,2025.0,7.0,quarta,18.0,noite,ES,SERRA,True,101.0,BR-101,264.0,-20.178088,-40.265524,Acesso irregular,Colisão transversal,Com Vítimas Feridas,Anoitecer,Decrescente,Céu Claro,Dupla,Reta,Não,0.0,0.0,1.0,1.0,0.0,1.0,2.0,2.0,SPRF-ES,DEL02-ES,UOP01-DEL02-ES,0,moderado
2025-07-30,22:39,2025-07-30 22:39:00,2025.0,7.0,quarta,22.0,noite,ES,SERRA,True,101.0,BR-101,240.0,-20.054016,-40.3800064,Reação tardia ou ineficiente do condutor,Colisão frontal,Com Vítimas Feridas,Pleno dia,Decrescente,Chuva,Dupla,Reta,Não,0.0,1.0,0.0,1.0,1.0,0.0,2.0,2.0,SPRF-ES,DEL02-ES,UOP01-DEL02-ES,1,grave
2025-08-01,07:40,2025-08-01 07:40:00,2025.0,8.0,sexta,7.0,manha,ES,SERRA,True,101.0,BR-101,278.8,-20.04888027,-40.38652411,Ausência de reação do condutor,Colisão traseira,Com Vítimas Feridas,Pleno dia,Decrescente,Céu Claro,Dupla,Interseção de Vias,Sim,0.0,0.0,1.0,1.0,1.0,0.0,2.0,2.0,SPRF-ES,DEL02-ES,UOP01-DEL02-ES,0,moderado
2025-07-09,13:39,2025-07-09 13:39:00,2025.0,7.0,quarta,13.0,tarde,ES,CARIACICA,True,101.0,BR-101,288.4,-20.274515,-40.392152,Acessar a via sem observar a presença dos outros veículos,Colisão transversal,Com Vítimas Feridas,Pleno dia,Decrescente,Nublado,Dupla,Retorno Regulamentado;Interseção de Vias;Reta,Sim,0.0,1.0,0.0,1.0,1.0,0.0,2.0,2.0,SPRF-ES,DEL01-ES,UOP01-DEL01-ES,1,grave
2025-08-01,18:20,2025-08-01 18:20:00,2025.0,8.0,sexta,18.0,noite,ES,CARIACICA,True,101.0,BR-101,284.5,-20.2506968,-40.3703938,Manobra de mudança de faixa,Colisão lateral mesmo sentido,Com Vítimas Feridas,Plena Noite,Crescente,Nublado,Dupla,Reta,Sim,0.0,0.0,1.0,1.0,1.0,0.0,2.0,2.0,SPRF-ES,DEL01-ES,UOP01-DEL01-ES,0,moderado
2025-08-01,18:40,2025-08-01 18:40:00,2025.0,8.0,sexta,18.0,noite,ES,SERRA,True,101.0,BR-101,253.7,-20.10808697,-40.32925862,Animais na Pista,Atropelamento de Animal,Com Vítimas Feridas,Plena Noite,Decrescente,Nublado,Simples,Reta,Não,0.0,0.0,1.0,1.0,0.0,0.0,1.0,1.0,SPRF-ES,DEL02-ES,UOP01-DEL02-ES,0,moderado
2025-08-04,07:45,2025-08-04 07:45:00,2025.0,8.0,segunda,7.0,manha,ES,CARIACICA,True,101.0,BR-101,294.8,-20.33035781,-40.39916849,Velocidade Incompatível,Tombamento,Com Vítimas Feridas,Pleno dia,Crescente,Céu Claro,Múltipla,Reta,Sim,0.0,0.0,1.0,1.0,0.0,0.0,1.0,1.0,SPRF-ES,DEL01-ES,UOP01-DEL01-ES,0,moderado
2025-08-04,07:20,2025-08-04 07:20:00,2025.0,8.0,segunda,7.0,manha,ES,CARIACICA,True,101.0,BR-101,291.6,-20.30093861,-40.3952229,Manobra de mudança de faixa,Colisão lateral mesmo sentido,Com Vítimas Feridas,Pleno dia,Decrescente,Céu Claro,Dupla,Reta,Sim,0.0,0.0,1.0,1.0,1.0,0.0,2.0,2.0,SPRF-ES,DEL01-ES,UOP01-DEL01-ES,0,moderado
2025-08-05,03:40,2025-08-05 03:40:00,2025.0,8.0,terca,3.0,madrugada,ES,SERRA,True,101.0,BR-101,267.8,-20.2065946,-40.2691459,Ingestão de álcool pelo condutor,Saída de leito carroçável,Sem Vítimas,Plena Noite,Decrescente,Céu Claro,Múltipla,Interseção de Vias,Sim,0.0,0.0,0.0,0.0,1.0,0.0,1.0,1.0,SPRF-ES,DEL02-ES,UOP01-DEL02-ES,0,baixo
2025-08-05,07:41,2025-08-05 07:41:00,2025.0,8.0,terca,7.0,manha,ES,SERRA,True,101.0,BR-101,16.1,-20.0488657,-40.3866812,Sinalização mal posicionada,Colisão traseira,Com Vítimas Feridas,Pleno dia,Crescente,Céu Claro,Dupla,Curva,Não,0.0,2.0,0.0,2.0,2.0,0.0,2.0,4.0,SPRF-ES,DEL02-ES,UOP01-DEL02-ES,1,grave
2025-08-07,17:45,2025-08-07 17:45:00,2025.0,8.0,quinta,17.0,tarde,ES,SERRA,True,101.0,BR-101,266.0,-20.13173474,-40.29644967,Manobra de mudança de faixa,Colisão lateral mesmo sentido,Com Vítimas Feridas,Anoitecer,Decrescente,Céu Claro,Dupla,Reta,Sim,0.0,1.0,0.0,1.0,1.0,0.0,2.0,2.0,SPRF-ES,DEL02-ES,UOP01-DEL02-ES,1,grave
2025-08-07,20:45,2025-08-07 20:45:00,2025.0,8.0,quinta,20.0,noite,ES,CARIACICA,True,101.0,BR-101,285.0,-20.251689,-40.3737594,Ausência de reação do condutor,Colisão transversal,Com Vítimas Feridas,Plena Noite,Crescente,Céu Claro,Dupla,Reta;Retorno Regulamentado,Sim,0.0,0.0,1.0,1.0,1.0,0.0,2.0,2.0,SPRF-ES,DEL01-ES,UOP01-DEL01-ES,0,moderado
2025-08-08,07:00,2025-08-08 07:00:00,2025.0,8.0,sexta,7.0,manha,ES,SERRA,True,101.0,BR-101,277.1,-20.217039,-40.328454,Reação tardia ou ineficiente do condutor,Colisão traseira,Com Vítimas Feridas,Pleno dia,Decrescente,Céu Claro,Simples,Reta,Sim,0.0,0.0,1.0,1.0,1.0,0.0,2.0,2.0,SPRF-ES,DEL02-ES,UOP01-DEL02-ES,0,moderado
2025-07-17,16:00,2025-07-17 16:00:00,2025.0,7.0,quinta,16.0,tarde,ES,SERRA,True,101.0,BR-101,262.2,-20.159866,-40.27573,Reação tardia ou ineficiente do condutor,Colisão lateral mesmo sentido,Com Vítimas Feridas,Pleno dia,Decrescente,Céu Claro,Dupla,Retorno Regulamentado;Reta,Sim,0.0,0.0,2.0,2.0,1.0,0.0,2.0,3.0,SPRF-ES,DEL02-ES,UOP01-DEL02-ES,0,moderado
2025-08-09,10:30,2025-08-09 10:30:00,2025.0,8.0,sabado,10.0,manha,ES,SERRA,True,101.0,BR-101,261.0,-20.16099306,-40.27539975,Ultrapassagem Indevida,Colisão traseira,Com Vítimas Feridas,Pleno dia,Decrescente,Céu Claro,Simples,Curva;Aclive,Sim,0.0,0.0,1.0,1.0,0.0,1.0,2.0,2.0,SPRF-ES,DEL02-ES,UOP01-DEL02-ES,0,moderado
2025-08-09,12:40,2025-08-09 12:40:00,2025.0,8.0,sabado,12.0,tarde,ES,SERRA,True,101.0,BR-101,257.0,-20.13130033,-40.29531777,Manobra de mudança de faixa,Colisão lateral mesmo sentido,Com Vítimas Feridas,Pleno dia,Decrescente,Céu Claro,Dupla,Reta,Não,0.0,1.0,0.0,1.0,1.0,0.0,2.0,2.0,SPRF-ES,DEL02-ES,UOP01-DEL02-ES,1,grave
2025-08-09,15:09,2025-08-09 15:09:00,2025.0,8.0,sabado,15.0,tarde,ES,SERRA,True,101.0,BR-101,262.1,-20.15995493,-40.27592182,Acessar a via sem observar a presença dos outros veículos,Colisão traseira,Com Vítimas Feridas,Pleno dia,Decrescente,Sol,Dupla,Interseção de Vias;Reta;Aclive,Sim,0.0,0.0,1.0,1.0,3.0,0.0,2.0,4.0,SPRF-ES,DEL02-ES,UOP01-DEL02-ES,0,moderado
2025-08-09,19:10,2025-08-09 19:10:00,2025.0,8.0,sabado,19.0,noite,ES,FUNDAO,True,101.0,BR-101,230.4,-19.94204645,-40.40634155,Manobra de mudança de faixa,Colisão traseira,Com Vítimas Feridas,Plena Noite,Crescente,Céu Claro,Simples,Curva,Sim,0.0,0.0,2.0,2.0,1.0,0.0,2.0,3.0,SPRF-ES,DEL02-ES,UOP01-DEL02-ES,0,moderado
2025-08-09,20:25,2025-08-09 20:25:00,2025.0,8.0,sabado,20.0,noite,ES,SERRA,True,101.0,BR-101,263.0,-20.17343401,-40.267219,Afundamento ou ondulação no pavimento,Queda de ocupante de veículo,Com Vítimas Feridas,Plena Noite,Crescente,Céu Claro,Dupla,Reta,Sim,0.0,0.0,1.0,1.0,0.0,0.0,1.0,1.0,SPRF-ES,DEL02-ES,UOP01-DEL02-ES,0,moderado
2025-08-10,04:58,2025-08-10 04:58:00,2025.0,8.0,domingo,4.0,madrugada,ES,SERRA,True,101.0,BR-101,266.0,-20.19318516,-40.26866198,Acessar a via sem observar a presença dos outros veículos,Colisão transversal,Com Vítimas Feridas,Amanhecer,Decrescente,Nublado,Dupla,Reta,Sim,0.0,0.0,1.0,1.0,1.0,0.0,2.0,2.0,SPRF-ES,DEL02-ES,UOP01-DEL02-ES,0,moderado
2025-08-10,07:00,2025-08-10 07:00:00,2025.0,8.0,domingo,7.0,manha,ES,FUNDAO,True,101.0,BR-101,232.8,-19.96819603,-40.40678144,Reação tardia ou ineficiente do condutor,Tombamento,Com Vítimas Feridas,Pleno dia,Decrescente,Nublado,Simples,Reta,Não,0.0,0.0,1.0,1.0,0.0,0.0,1.0,1.0,SPRF-ES,DEL02-ES,UOP01-DEL02-ES,0,moderado
2025-08-10,22:00,2025-08-10 22:00:00,2025.0,8.0,domingo,22.0,noite,ES,CARIACICA,True,101.0,BR-101,296.7,-20.3437483,-40.40643811,Reação tardia ou ineficiente do condutor,Colisão com objeto,Com Vítimas Feridas,Plena Noite,Decrescente,Céu Claro,Simples,Reta,Sim,0.0,0.0,1.0,1.0,0.0,0.0,1.0,1.0,SPRF-ES,DEL01-ES,UOP01-DEL01-ES,0,moderado
2025-08-10,23:10,2025-08-10 23:10:00,2025.0,8.0,domingo,23.0,noite,ES,CARIACICA,True,101.0,BR-101,296.7,-20.34395751,-40.40776698,Reação tardia ou ineficiente do condutor,Colisão lateral mesmo sentido,Com Vítimas Feridas,Plena Noite,Decrescente,Céu Claro,Dupla,Reta,Sim,0.0,0.0,1.0,1.0,1.0,1.0,2.0,3.0,SPRF-ES,DEL01-ES,UOP01-DEL01-ES,0,moderado
2025-08-11,06:33,2025-08-11 06:33:00,2025.0,8.0,segunda,6.0,manha,ES,SERRA,True,101.0,BR-101,264.0,-20.0488669,-40.3866817,Demais falhas mecânicas ou elétricas,Incêndio,Sem Vítimas,Pleno dia,Crescente,Céu Claro,Simples,Reta,Sim,0.0,0.0,0.0,0.0,1.0,0.0,1.0,1.0,SPRF-ES,DEL02-ES,UOP01-DEL02-ES,0,baixo
2025-08-11,18:00,2025-08-11 18:00:00,2025.0,8.0,segunda,18.0,noite,ES,CARIACICA,True,101.0,BR-101,282.2,-20.22835175,-40.36567926,Acumulo de areia ou detritos sobre o pavimento,Queda de ocupante de veículo,Com Vítimas Feridas,Plena Noite,Decrescente,Céu Claro,Múltipla,Aclive,Sim,0.0,0.0,1.0,1.0,0.0,0.0,1.0,1.0,SPRF-ES,DEL01-ES,UOP01-DEL01-ES,0,moderado
2025-08-11,18:57,2025-08-11 18:57:00,2025.0,8.0,segunda,18.0,noite,ES,SERRA,True,101.0,BR-101,268.9,-20.21672832,-40.2701059,Ausência de reação do condutor,Tombamento,Com Vítimas Feridas,Pleno dia,Crescente,Céu Claro,Dupla,Reta,Sim,0.0,0.0,2.0,2.0,0.0,0.0,1.0,2.0,SPRF-ES,DEL02-ES,UOP01-DEL02-ES,0,moderado
2025-08-12,10:15,2025-08-12 10:15:00,2025.0,8.0,terca,10.0,manha,ES,CARIACICA,True,101.0,BR-101,289.3,-20.27777682,-40.39279461,Ausência de reação do condutor,Tombamento,Com Vítimas Feridas,Pleno dia,Crescente,Céu Claro,Dupla,Reta,Sim,0.0,1.0,0.0,1.0,0.0,0.0,1.0,1.0,SPRF-ES,DEL01-ES,UOP01-DEL01-ES,1,grave
2025-08-12,15:06,2025-08-12 15:06:00,2025.0,8.0,terca,15.0,tarde,ES,SERRA,True,101.0,BR-101,255.5,-20.1172859,-40.314724,Condutor desrespeitou a iluminação vermelha do semáforo,Colisão transversal,Com Vítimas Feridas,Pleno dia,Decrescente,Nublado,Simples,Reta,Sim,0.0,0.0,3.0,3.0,2.0,0.0,2.0,5.0,SPRF-ES,DEL02-ES,UOP01-DEL02-ES,0,moderado
2025-08-12,16:00,2025-08-12 16:00:00,2025.0,8.0,terca,16.0,tarde,ES,SERRA,True,101.0,BR-101,268.9,-20.22467144,-40.27042508,Manobra de mudança de faixa,Colisão lateral mesmo sentido,Com Vítimas Feridas,Pleno dia,Decrescente,Nublado,Múltipla,Reta,Sim,0.0,0.0,2.0,2.0,1.0,0.0,2.0,3.0,SPRF-ES,DEL02-ES,UOP01-DEL02-ES,0,moderado
2025-08-12,17:30,2025-08-12 17:30:00,2025.0,8.0,terca,17.0,tarde,ES,VIANA,True,101.0,BR-101,298.5,-20.35728134,-40.41977406,Manobra de mudança de faixa,Colisão lateral mesmo sentido,Com Vítimas Feridas,Anoitecer,Crescente,Nublado,Múltipla,Viaduto;Reta,Sim,0.0,0.0,1.0,1.0,1.0,0.0,2.0,2.0,SPRF-ES,DEL01-ES,UOP01-DEL01-ES,0,moderado
2025-08-14,00:02,2025-08-14 00:02:00,2025.0,8.0,quinta,0.0,madrugada,ES,SERRA,True,101.0,BR-101,267.1,-20.20028783,-40.26847482,Ausência de reação do condutor,Saída de leito carroçável,Sem Vítimas,Plena Noite,Decrescente,Nublado,Dupla,Reta,Sim,0.0,0.0,0.0,0.0,0.0,1.0,1.0,1.0,SPRF-ES,DEL02-ES,UOP01-DEL02-ES,0,baixo
2025-08-14,07:20,2025-08-14 07:20:00,2025.0,8.0,quinta,7.0,manha,ES,VIANA,True,262.0,BR-262,17.7,-20.39007,-40.478578,Retorno proibido,Colisão transversal,Com Vítimas Feridas,Pleno dia,Crescente,Céu Claro,Simples,Reta,Sim,0.0,0.0,1.0,1.0,1.0,0.0,2.0,2.0,SPRF-ES,DEL01-ES,UOP01-DEL01-ES,0,moderado
2025-08-14,10:05,2025-08-14 10:05:00,2025.0,8.0,quinta,10.0,manha,ES,CARIACICA,True,101.0,BR-101,289.0,-20.2957936,-40.3957834,Ausência de reação do condutor,Tombamento,Com Vítimas Feridas,Pleno dia,Crescente,Sol,Dupla,Aclive;Reta,Sim,0.0,0.0,1.0,1.0,1.0,0.0,1.0,2.0,SPRF-ES,DEL01-ES,UOP01-DEL01-ES,0,moderado
2025-08-15,06:32,2025-08-15 06:32:00,2025.0,8.0,sexta,6.0,manha,ES,SERRA,True,101.0,BR-101,255.0,-20.11813,-40.313117,Acesso irregular,Colisão transversal,Com Vítimas Feridas,Amanhecer,Decrescente,Céu Claro,Simples,Reta,Não,0.0,0.0,1.0,1.0,1.0,0.0,2.0,2.0,SPRF-ES,DEL02-ES,UOP01-DEL02-ES,0,moderado
2025-08-15,20:30,2025-08-15 20:30:00,2025.0,8.0,sexta,20.0,noite,ES,VIANA,True,101.0,BR-101,298.5,-20.35743537,-40.41966677,Reação tardia ou ineficiente do condutor,Colisão lateral mesmo sentido,Com Vítimas Feridas,Plena Noite,Decrescente,Céu Claro,Múltipla,Viaduto,Sim,0.0,0.0,4.0,4.0,1.0,0.0,3.0,5.0,SPRF-ES,DEL01-ES,UOP01-DEL01-ES,0,moderado
2025-08-16,18:00,2025-08-16 18:00:00,2025.0,8.0,sabado,18.0,noite,ES,SERRA,True,101.0,BR-101,255.0,-20.118479,-40.31253,Ingestão de álcool pelo condutor,Colisão transversal,Com Vítimas Feridas,Plena Noite,Crescente,Céu Claro,Simples,Reta,Sim,0.0,0.0,2.0,2.0,1.0,0.0,2.0,3.0,SPRF-ES,DEL02-ES,UOP01-DEL02-ES,0,moderado
2025-08-16,20:30,2025-08-16 20:30:00,2025.0,8.0,sabado,20.0,noite,ES,SERRA,True,101.0,BR-101,258.5,-20.13300171,-40.29359798,Ausência de reação do condutor,Colisão com objeto,Com Vítimas Feridas,Plena Noite,Crescente,Nublado,Dupla,Curva;Declive,Sim,0.0,0.0,2.0,2.0,0.0,0.0,1.0,2.0,SPRF-ES,DEL02-ES,UOP01-DEL02-ES,0,moderado
2025-08-18,10:00,2025-08-18 10:00:00,2025.0,8.0,segunda,10.0,manha,ES,SERRA,True,101.0,BR-101,269.6,-20.22188,-40.27042,Condutor desrespeitou a iluminação vermelha do semáforo,Colisão transversal,Com Vítimas Feridas,Pleno dia,Crescente,Céu Claro,Múltipla,Interseção de Vias;Reta,Sim,0.0,0.0,2.0,2.0,1.0,0.0,2.0,3.0,SPRF-ES,DEL02-ES,UOP01-DEL02-ES,0,moderado
2025-08-18,16:30,2025-08-18 16:30:00,2025.0,8.0,segunda,16.0,tarde,ES,SERRA,True,101.0,BR-101,279.5,-20.218255,-40.3456,Desrespeitar a preferência no cruzamento,Colisão transversal,Com Vítimas Feridas,Pleno dia,Decrescente,Nublado,Múltipla,Retorno Regulamentado;Reta,Não,0.0,0.0,4.0,4.0,0.0,0.0,2.0,4.0,SPRF-ES,DEL02-ES,UOP01-DEL02-ES,0,moderado
2025-08-19,08:10,2025-08-19 08:10:00,2025.0,8.0,terca,8.0,manha,ES,CARIACICA,True,101.0,BR-101,297.2,-20.3479868,-40.41172743,Reação tardia ou ineficiente do condutor,Tombamento,Com Vítimas Feridas,Pleno dia,Crescente,Céu Claro,Dupla,Reta,Sim,0.0,0.0,1.0,1.0,0.0,0.0,1.0,1.0,SPRF-ES,DEL01-ES,UOP01-DEL01-ES,0,moderado
2025-08-19,07:30,2025-08-19 07:30:00,2025.0,8.0,terca,7.0,manha,ES,SERRA,True,101.0,BR-101,268.7,-20.21565001,-40.26980639,Pedestre cruzava a pista fora da faixa,Atropelamento de Pedestre,Com Vítimas Feridas,Pleno dia,Crescente,Chuva,Dupla,Reta,Sim,0.0,1.0,0.0,1.0,0.0,1.0,2.0,2.0,SPRF-ES,DEL02-ES,UOP01-DEL02-ES,1,grave
2025-08-19,15:00,2025-08-19 15:00:00,2025.0,8.0,terca,15.0,tarde,ES,GUARAPARI,True,101.0,BR-101,335.3,-20.62804498,-40.52955151,Ausência de reação do condutor,Colisão com objeto,Com Vítimas Feridas,Pleno dia,Decrescente,Céu Claro,Dupla,Curva;Aclive;Viaduto,Sim,0.0,0.0,1.0,1.0,0.0,0.0,1.0,1.0,SPRF-ES,DEL03-ES,UOP01-DEL03-ES,0,moderado
2025-08-19,20:00,2025-08-19 20:00:00,2025.0,8.0,terca,20.0,noite,ES,VIANA,True,262.0,BR-262,17.3,-20.38851662,-40.47730839,Pedestre andava na pista,Atropelamento de Pedestre,Com Vítimas Feridas,Plena Noite,Decrescente,Céu Claro,Simples,Reta,Sim,0.0,0.0,1.0,1.0,1.0,0.0,2.0,2.0,SPRF-ES,DEL01-ES,UOP01-DEL01-ES,0,moderado
2025-08-20,06:50,2025-08-20 06:50:00,2025.0,8.0,quarta,6.0,manha,ES,VIANA,True,101.0,BR-101,304.9,-20.38450167,-40.46367335,Acessar a via sem observar a presença dos outros veículos,Colisão transversal,Com Vítimas Feridas,Amanhecer,Crescente,Sol,Múltipla,Curva,Sim,0.0,1.0,1.0,2.0,0.0,0.0,2.0,2.0,SPRF-ES,DEL01-ES,UOP01-DEL01-ES,1,grave
2025-08-20,15:20,2025-08-20 15:20:00,2025.0,8.0,quarta,15.0,tarde,ES,SERRA,True,101.0,BR-101,266.3,-20.1929442,-40.2688107,Demais falhas mecânicas ou elétricas,Tombamento,Com Vítimas Feridas,Pleno dia,Decrescente,Sol,Múltipla,Reta,Sim,0.0,0.0,2.0,2.0,0.0,0.0,1.0,2.0,SPRF-ES,DEL02-ES,UOP01-DEL02-ES,0,moderado
2025-08-21,09:40,2025-08-21 09:40:00,2025.0,8.0,quinta,9.0,manha,ES,CARIACICA,True,101.0,BR-101,294.5,-20.3299535,-40.398857,Condutor deixou de manter distância do veículo da frente,Colisão traseira,Com Vítimas Feridas,Pleno dia,Decrescente,Céu Claro,Dupla,Reta,Sim,0.0,0.0,1.0,1.0,1.0,0.0,2.0,2.0,SPRF-ES,DEL01-ES,UOP01-DEL01-ES,0,moderado
2025-08-22,07:10,2025-08-22 07:10:00,2025.0,8.0,sexta,7.0,manha,ES,SERRA,True,101.0,BR-101,269.0,-20.217,-40.27,Ausência de reação do condutor,Colisão lateral mesmo sentido,Com Vítimas Feridas,Pleno dia,Crescente,Sol,Dupla,Reta,Sim,0.0,0.0,2.0,2.0,1.0,0.0,2.0,3.0,SPRF-ES,DEL02-ES,UOP01-DEL02-ES,0,moderado
2025-07-22,13:00,2025-07-22 13:00:00,2025.0,7.0,terca,13.0,tarde,ES,SERRA,True,101.0,BR-101,277.9,-20.21686025,-40.3288132,Acessar a via sem observar a presença dos outros veículos,Colisão transversal,Com Vítimas Fatais,Pleno dia,Crescente,Sol,Dupla,Reta,Sim,1.0,0.0,0.0,0.0,2.0,0.0,2.0,3.0,SPRF-ES,DEL02-ES,UOP01-DEL02-ES,1,fatal
2025-08-22,23:15,2025-08-22 23:15:00,2025.0,8.0,sexta,23.0,noite,ES,SERRA,True,101.0,BR-101,262.0,-20.15999151,-40.27581329,Reação tardia ou ineficiente do condutor,Colisão traseira,Com Vítimas Feridas,Plena Noite,Decrescente,Céu Claro,Dupla,Reta,Sim,0.0,0.0,1.0,1.0,0.0,1.0,2.0,2.0,SPRF-ES,DEL02-ES,UOP01-DEL02-ES,0,moderado
2025-08-23,07:30,2025-08-23 07:30:00,2025.0,8.0,sabado,7.0,manha,ES,SERRA,True,101.0,BR-101,270.5,-20.229509,-40.272567,Condutor deixou de manter distância do veículo da frente,Colisão traseira,Com Vítimas Feridas,Pleno dia,Crescente,Céu Claro,Múltipla,Reta,Sim,0.0,0.0,1.0,1.0,0.0,1.0,2.0,2.0,SPRF-ES,DEL02-ES,UOP01-DEL02-ES,0,moderado
2025-08-24,09:10,2025-08-24 09:10:00,2025.0,8.0,domingo,9.0,manha,ES,VIANA,True,101.0,BR-101,298.2,-20.35753737,-40.41987984,Condutor deixou de manter distância do veículo da frente,Colisão lateral mesmo sentido,Com Vítimas Feridas,Pleno dia,Crescente,Céu Claro,Múltipla,Viaduto;Retorno Regulamentado,Sim,0.0,0.0,1.0,1.0,1.0,0.0,2.0,2.0,SPRF-ES,DEL01-ES,UOP01-DEL01-ES,0,moderado
2025-08-25,20:10,2025-08-25 20:10:00,2025.0,8.0,segunda,20.0,noite,ES,SERRA,True,101.0,BR-101,260.5,-20.1464868,-40.2822158,Conversão proibida,Colisão transversal,Com Vítimas Feridas,Plena Noite,Decrescente,Céu Claro,Múltipla,Reta,Não,0.0,0.0,1.0,1.0,0.0,1.0,2.0,2.0,SPRF-ES,DEL02-ES,UOP01-DEL02-ES,0,moderado
2025-08-27,05:48,2025-08-27 05:48:00,2025.0,8.0,quarta,5.0,madrugada,ES,SERRA,True,101.0,BR-101,270.0,-20.227,-40.271,Entrada inopinada do pedestre,Atropelamento de Pedestre,Com Vítimas Feridas,Pleno dia,Crescente,Sol,Dupla,Interseção de Vias,Sim,0.0,0.0,1.0,1.0,1.0,0.0,2.0,2.0,SPRF-ES,DEL02-ES,UOP01-DEL02-ES,0,moderado
2025-08-27,08:15,2025-08-27 08:15:00,2025.0,8.0,quarta,8.0,manha,ES,SERRA,True,101.0,BR-101,256.0,-20.12002677,-40.30926615,Ausência de reação do condutor,Queda de ocupante de veículo,Com Vítimas Feridas,Pleno dia,Crescente,Sol,Simples,Reta,Sim,0.0,0.0,1.0,1.0,0.0,0.0,1.0,1.0,SPRF-ES,DEL02-ES,UOP01-DEL02-ES,0,moderado
2025-08-27,10:30,2025-08-27 10:30:00,2025.0,8.0,quarta,10.0,manha,ES,VIANA,True,101.0,BR-101,302.0,-20.37572245,-40.44271449,Reação tardia ou ineficiente do condutor,Tombamento,Com Vítimas Feridas,Pleno dia,Crescente,Céu Claro,Dupla,Curva,Sim,0.0,0.0,1.0,1.0,0.0,0.0,1.0,1.0,SPRF-ES,DEL01-ES,UOP01-DEL01-ES,0,moderado
2025-08-27,18:16,2025-08-27 18:16:00,2025.0,8.0,quarta,18.0,noite,ES,SERRA,True,101.0,BR-101,265.0,-20.18138972,-40.34028491,Ausência de reação do condutor,Atropelamento de Pedestre,Com Vítimas Feridas,Plena Noite,Crescente,Céu Claro,Dupla,Reta,Sim,0.0,0.0,1.0,1.0,0.0,1.0,2.0,2.0,SPRF-ES,DEL02-ES,UOP01-DEL02-ES,0,moderado
2025-08-28,07:40,2025-08-28 07:40:00,2025.0,8.0,quinta,7.0,manha,ES,SERRA,True,101.0,BR-101,275.0,-20.21381512,-40.32209516,Transitar no Acostamento,Colisão com objeto,Com Vítimas Feridas,Pleno dia,Decrescente,Nublado,Dupla,Reta,Sim,0.0,2.0,0.0,2.0,0.0,0.0,1.0,2.0,SPRF-ES,DEL02-ES,UOP01-DEL02-ES,1,grave
2025-08-28,10:30,2025-08-28 10:30:00,2025.0,8.0,quinta,10.0,manha,ES,VITORIA,True,262.0,BR-262,0.1,-20.32202855,-40.35381166,Reação tardia ou ineficiente do condutor,Colisão com objeto,Com Vítimas Feridas,Pleno dia,Crescente,Céu Claro,Dupla,Reta;Ponte,Sim,0.0,0.0,1.0,1.0,0.0,0.0,1.0,1.0,SPRF-ES,DEL01-ES,UOP01-DEL01-ES,0,moderado
2025-08-28,18:15,2025-08-28 18:15:00,2025.0,8.0,quinta,18.0,noite,ES,CARIACICA,True,101.0,BR-101,288.2,-20.27364868,-40.39191596,Desrespeitar a preferência no cruzamento,Colisão transversal,Com Vítimas Feridas,Plena Noite,Crescente,Nublado,Dupla,Retorno Regulamentado,Sim,0.0,1.0,0.0,1.0,1.0,0.0,2.0,2.0,SPRF-ES,DEL01-ES,UOP01-DEL01-ES,1,grave
2025-08-28,20:00,2025-08-28 20:00:00,2025.0,8.0,quinta,20.0,noite,ES,SERRA,True,101.0,BR-101,261.9,-20.157535,-40.276766,Animais na Pista,Atropelamento de Animal,Com Vítimas Feridas,Plena Noite,Decrescente,Céu Claro,Simples,Reta,Sim,0.0,0.0,2.0,2.0,0.0,0.0,1.0,2.0,SPRF-ES,DEL02-ES,UOP01-DEL02-ES,0,moderado
2025-08-29,10:43,2025-08-29 10:43:00,2025.0,8.0,sexta,10.0,manha,ES,VILA VELHA,True,0.0,BR-0,0.0,-20.33359172,-40.29144323,Trafegar com motocicleta (ou similar) entre as faixas,Colisão lateral mesmo sentido,Sem Vítimas,Pleno dia,Não Informado,Céu Claro,Múltipla,Reta,Sim,0.0,0.0,0.0,0.0,4.0,0.0,4.0,4.0,SPRF-ES,,,0,baixo
2025-08-29,13:49,2025-08-29 13:49:00,2025.0,8.0,sexta,13.0,tarde,ES,CARIACICA,True,101.0,BR-101,296.0,-20.342795,-40.406188,Reação tardia ou ineficiente do condutor,Colisão com objeto,Com Vítimas Feridas,Pleno dia,Crescente,Sol,Simples,Curva;Aclive;Viaduto,Sim,0.0,0.0,1.0,1.0,0.0,0.0,1.0,1.0,SPRF-ES,DEL01-ES,UOP01-DEL01-ES,0,moderado
2025-08-29,18:30,2025-08-29 18:30:00,2025.0,8.0,sexta,18.0,noite,ES,SERRA,True,101.0,BR-101,269.9,-20.04887598,-40.3865263,Manobra de mudança de faixa,Colisão lateral mesmo sentido,Com Vítimas Feridas,Plena Noite,Crescente,Nublado,Múltipla,Interseção de Vias,Sim,0.0,0.0,1.0,1.0,1.0,0.0,2.0,2.0,SPRF-ES,DEL02-ES,UOP01-DEL02-ES,0,moderado
2025-08-30,01:00,2025-08-30 01:00:00,2025.0,8.0,sabado,1.0,madrugada,ES,VILA VELHA,True,447.0,BR-447,14.0,-20.350168,-40.333452,Acessar a via sem observar a presença dos outros veículos,Colisão transversal,Com Vítimas Feridas,Plena Noite,Crescente,Chuva,Simples,Reta,Sim,0.0,1.0,1.0,2.0,0.0,0.0,2.0,2.0,SPRF-ES,DEL01-ES,UOP01-DEL01-ES,1,grave
2025-08-30,08:30,2025-08-30 08:30:00,2025.0,8.0,sabado,8.0,manha,ES,SERRA,True,101.0,BR-101,259.7,-20.146539,-40.287022,Condutor deixou de manter distância do veículo da frente,Colisão traseira,Com Vítimas Feridas,Pleno dia,Crescente,Céu Claro,Simples,Curva,Sim,0.0,0.0,2.0,2.0,0.0,1.0,2.0,3.0,SPRF-ES,DEL02-ES,UOP01-DEL02-ES,0,moderado
2025-08-30,15:30,2025-08-30 15:30:00,2025.0,8.0,sabado,15.0,tarde,ES,FUNDAO,True,101.0,BR-101,229.0,-19.931509,-40.40552,Acesso irregular,Colisão transversal,Sem Vítimas,Pleno dia,Decrescente,Nublado,Simples,Reta,Sim,0.0,0.0,0.0,0.0,1.0,1.0,2.0,2.0,SPRF-ES,DEL02-ES,UOP01-DEL02-ES,0,baixo
2025-08-30,16:30,2025-08-30 16:30:00,2025.0,8.0,sabado,16.0,tarde,ES,CARIACICA,True,101.0,BR-101,287.3,-20.26152392,-40.37874406,Mal súbito do condutor,Tombamento,Com Vítimas Feridas,Pleno dia,Crescente,Nublado,Dupla,Reta;Declive,Não,0.0,0.0,1.0,1.0,0.0,0.0,1.0,1.0,SPRF-ES,DEL01-ES,UOP01-DEL01-ES,0,moderado
2025-08-30,16:45,2025-08-30 16:45:00,2025.0,8.0,sabado,16.0,tarde,ES,VIANA,True,262.0,BR-262,19.8,-20.38625971,-40.49624847,Entrada inopinada do pedestre,Atropelamento de Pedestre,Com Vítimas Feridas,Pleno dia,Crescente,Céu Claro,Simples,Curva,Sim,0.0,0.0,1.0,1.0,5.0,0.0,2.0,6.0,SPRF-ES,DEL01-ES,UOP01-DEL01-ES,0,moderado
2025-08-31,02:00,2025-08-31 02:00:00,2025.0,8.0,domingo,2.0,madrugada,ES,VIANA,True,101.0,BR-101,294.0,-20.35623752,-40.41775118,Chuva,Colisão com objeto,Com Vítimas Feridas,Plena Noite,Crescente,Chuva,Múltipla,Reta,Não,0.0,0.0,1.0,1.0,0.0,0.0,1.0,1.0,SPRF-ES,DEL01-ES,UOP01-DEL01-ES,0,moderado
2025-08-31,09:40,2025-08-31 09:40:00,2025.0,8.0,domingo,9.0,manha,ES,CARIACICA,True,101.0,BR-101,284.0,-20.24481,-40.36973,Avarias e/ou desgaste excessivo no pneu,Queda de ocupante de veículo,Com Vítimas Feridas,Pleno dia,Crescente,Céu Claro,Dupla,Reta,Não,0.0,1.0,1.0,2.0,0.0,0.0,1.0,2.0,SPRF-ES,DEL01-ES,UOP01-DEL01-ES,1,grave
2025-08-31,17:20,2025-08-31 17:20:00,2025.0,8.0,domingo,17.0,tarde,ES,VIANA,True,101.0,BR-101,298.4,-20.35751928,-40.42723877,Velocidade Incompatível,Colisão com objeto,Sem Vítimas,Plena Noite,Crescente,Garoa/Chuvisco,Múltipla,Reta;Interseção de Vias,Sim,0.0,0.0,0.0,0.0,1.0,0.0,1.0,1.0,SPRF-ES,DEL01-ES,UOP01-DEL01-ES,0,baixo
2025-08-19,18:30,2025-08-19 18:30:00,2025.0,8.0,terca,18.0,noite,ES,SERRA,True,101.0,BR-101,264.6,-20.179623,-40.26513,Manobra de mudança de faixa,Colisão traseira,Com Vítimas Feridas,Plena Noite,Decrescente,Céu Claro,Dupla,Reta,Sim,0.0,1.0,0.0,1.0,1.0,0.0,2.0,2.0,SPRF-ES,DEL02-ES,UOP01-DEL02-ES,1,grave
2025-08-31,21:00,2025-08-31 21:00:00,2025.0,8.0,domingo,21.0,noite,ES,CARIACICA,True,101.0,BR-101,295.1,-20.33411089,-40.40103078,Condutor deixou de manter distância do veículo da frente,Colisão lateral mesmo sentido,Com Vítimas Feridas,Plena Noite,Crescente,Chuva,Múltipla,Reta,Sim,0.0,0.0,1.0,1.0,0.0,1.0,2.0,2.0,SPRF-ES,DEL01-ES,UOP01-DEL01-ES,0,moderado
2025-09-01,00:20,2025-09-01 00:20:00,2025.0,9.0,segunda,0.0,madrugada,ES,FUNDAO,True,101.0,BR-101,232.3,-19.95504667,-40.408055,Acumulo de água sobre o pavimento,Capotamento,Com Vítimas Feridas,Plena Noite,Crescente,Chuva,Simples,Reta,Não,0.0,1.0,1.0,2.0,0.0,0.0,1.0,2.0,SPRF-ES,DEL02-ES,UOP01-DEL02-ES,1,grave
2025-09-02,06:45,2025-09-02 06:45:00,2025.0,9.0,terca,6.0,manha,ES,CARIACICA,True,101.0,BR-101,282.3,-20.22867736,-40.3660655,Chuva,Tombamento,Com Vítimas Feridas,Pleno dia,Crescente,Chuva,Múltipla,Retorno Regulamentado,Não,0.0,0.0,1.0,1.0,0.0,0.0,1.0,1.0,SPRF-ES,DEL01-ES,UOP01-DEL01-ES,0,moderado
2025-09-02,11:05,2025-09-02 11:05:00,2025.0,9.0,terca,11.0,manha,ES,VIANA,True,101.0,BR-101,298.3,-20.35540428,-40.41762471,Reação tardia ou ineficiente do condutor,Tombamento,Com Vítimas Feridas,Pleno dia,Crescente,Chuva,Múltipla,Reta,Sim,0.0,1.0,0.0,1.0,0.0,0.0,1.0,1.0,SPRF-ES,DEL01-ES,UOP01-DEL01-ES,1,grave
2025-08-10,23:30,2025-08-10 23:30:00,2025.0,8.0,domingo,23.0,noite,ES,SERRA,True,101.0,BR-101,10.8,-20.14954166,-40.345588,Transitar na contramão,Colisão frontal,Com Vítimas Fatais,Plena Noite,Crescente,Nublado,Dupla,Reta;Ponte,Não,1.0,0.0,1.0,1.0,1.0,0.0,2.0,3.0,SPRF-ES,DEL02-ES,UOP01-DEL02-ES,1,fatal
2025-09-03,18:45,2025-09-03 18:45:00,2025.0,9.0,quarta,18.0,noite,ES,SERRA,True,101.0,BR-101,269.5,-20.22213167,-40.27024833,Reação tardia ou ineficiente do condutor,Colisão traseira,Com Vítimas Feridas,Pleno dia,Crescente,Nublado,Múltipla,Reta,Sim,0.0,1.0,1.0,2.0,2.0,0.0,3.0,4.0,SPRF-ES,DEL02-ES,UOP01-DEL02-ES,1,grave
2025-09-03,20:40,2025-09-03 20:40:00,2025.0,9.0,quarta,20.0,noite,ES,CARIACICA,True,101.0,BR-101,292.0,-20.30689907,-40.39478586,Acessar a via sem observar a presença dos outros veículos,Colisão transversal,Com Vítimas Feridas,Plena Noite,Crescente,Garoa/Chuvisco,Dupla,Reta;Interseção de Vias,Sim,0.0,0.0,1.0,1.0,1.0,0.0,2.0,2.0,SPRF-ES,DEL01-ES,UOP01-DEL01-ES,0,moderado
2025-09-03,21:45,2025-09-03 21:45:00,2025.0,9.0,quarta,21.0,noite,ES,SERRA,True,101.0,BR-101,262.5,-20.16429,-40.2741,Manobra de mudança de faixa,Tombamento,Com Vítimas Feridas,Plena Noite,Crescente,Garoa/Chuvisco,Dupla,Reta;Declive,Não,0.0,0.0,1.0,1.0,1.0,0.0,2.0,2.0,SPRF-ES,DEL02-ES,UOP01-DEL02-ES,0,moderado
2025-09-04,07:15,2025-09-04 07:15:00,2025.0,9.0,quinta,7.0,manha,ES,CARIACICA,True,101.0,BR-101,291.0,-20.297934,-40.394587,Reação tardia ou ineficiente do condutor,Tombamento,Com Vítimas Feridas,Pleno dia,Decrescente,Céu Claro,Dupla,Reta,Sim,0.0,0.0,1.0,1.0,0.0,0.0,1.0,1.0,SPRF-ES,DEL01-ES,UOP01-DEL01-ES,0,moderado
2025-09-04,07:30,2025-09-04 07:30:00,2025.0,9.0,quinta,7.0,manha,ES,CARIACICA,True,101.0,BR-101,291.2,-20.3039005,-40.39587021,Ausência de reação do condutor,Saída de leito carroçável,Com Vítimas Feridas,Pleno dia,Crescente,Nublado,Dupla,Reta,Não,0.0,0.0,2.0,2.0,0.0,0.0,1.0,2.0,SPRF-ES,DEL01-ES,UOP01-DEL01-ES,0,moderado
2025-09-04,15:00,2025-09-04 15:00:00,2025.0,9.0,quinta,15.0,tarde,ES,SERRA,True,101.0,BR-101,263.0,-20.1695432,-40.27002007,Acessar a via sem observar a presença dos outros veículos,Colisão traseira,Com Vítimas Feridas,Pleno dia,Decrescente,Nublado,Dupla,Declive;Reta,Sim,0.0,0.0,2.0,2.0,0.0,0.0,2.0,2.0,SPRF-ES,DEL02-ES,UOP01-DEL02-ES,0,moderado
2025-09-04,18:44,2025-09-04 18:44:00,2025.0,9.0,quinta,18.0,noite,ES,CARIACICA,True,262.0,BR-262,0.9,-20.32638444,-40.35470366,Manobra de mudança de faixa,Colisão lateral mesmo sentido,Com Vítimas Feridas,Plena Noite,Crescente,Nublado,Dupla,Ponte,Sim,0.0,0.0,1.0,1.0,1.0,0.0,2.0,2.0,SPRF-ES,DEL01-ES,UOP01-DEL01-ES,0,moderado
2025-09-05,08:00,2025-09-05 08:00:00,2025.0,9.0,sexta,8.0,manha,ES,CARIACICA,True,101.0,BR-101,297.5,-20.34786385,-40.41160202,Trafegar com motocicleta (ou similar) entre as faixas,Colisão traseira,Com Vítimas Feridas,Pleno dia,Crescente,Céu Claro,Dupla,Reta,Sim,0.0,1.0,0.0,1.0,1.0,0.0,2.0,2.0,SPRF-ES,DEL01-ES,UOP01-DEL01-ES,1,grave
2025-09-05,15:10,2025-09-05 15:10:00,2025.0,9.0,sexta,15.0,tarde,ES,SERRA,True,101.0,BR-101,257.0,-20.12369122,-40.30423274,Acessar a via sem observar a presença dos outros veículos,Colisão frontal,Com Vítimas Feridas,Pleno dia,Decrescente,Céu Claro,Dupla,Interseção de Vias,Sim,0.0,0.0,1.0,1.0,1.0,0.0,2.0,2.0,SPRF-ES,DEL02-ES,UOP01-DEL02-ES,0,moderado
2025-09-05,17:45,2025-09-05 17:45:00,2025.0,9.0,sexta,17.0,tarde,ES,CARIACICA,True,101.0,BR-101,297.2,-20.347605,-40.411545,Trafegar com motocicleta (ou similar) entre as faixas,Colisão traseira,Com Vítimas Feridas,Anoitecer,Crescente,Céu Claro,Dupla,Reta,Sim,0.0,0.0,1.0,1.0,1.0,0.0,2.0,2.0,SPRF-ES,DEL01-ES,UOP01-DEL01-ES,0,moderado
2025-09-06,08:00,2025-09-06 08:00:00,2025.0,9.0,sabado,8.0,manha,ES,CARIACICA,True,101.0,BR-101,288.8,-20.2800659,-40.3924427,Condutor deixou de manter distância do veículo da frente,Colisão traseira,Com Vítimas Feridas,Pleno dia,Decrescente,Céu Claro,Múltipla,Interseção de Vias,Sim,0.0,0.0,1.0,1.0,1.0,0.0,2.0,2.0,SPRF-ES,DEL01-ES,UOP01-DEL01-ES,0,moderado
2025-09-06,13:10,2025-09-06 13:10:00,2025.0,9.0,sabado,13.0,tarde,ES,GUARAPARI,True,101.0,BR-101,331.0,-20.6013553,-40.5042874,Avarias e/ou desgaste excessivo no pneu,Tombamento,Com Vítimas Feridas,Pleno dia,Decrescente,Céu Claro,Dupla,Curva,Não,0.0,1.0,1.0,2.0,0.0,0.0,1.0,2.0,SPRF-ES,DEL03-ES,UOP01-DEL03-ES,1,grave
2025-09-07,10:20,2025-09-07 10:20:00,2025.0,9.0,domingo,10.0,manha,ES,SERRA,True,101.0,BR-101,241.9,-20.03295,-40.39673,Demais falhas na via,Colisão com objeto,Com Vítimas Feridas,Pleno dia,Crescente,Céu Claro,Múltipla,Reta,Não,0.0,0.0,1.0,1.0,0.0,0.0,1.0,1.0,SPRF-ES,DEL02-ES,UOP01-DEL02-ES,0,moderado
2025-09-08,16:57,2025-09-08 16:57:00,2025.0,9.0,segunda,16.0,tarde,ES,CARIACICA,True,101.0,BR-101,286.0,-20.265964,-40.385661,Acessar a via sem observar a presença dos outros veículos,Colisão lateral mesmo sentido,Com Vítimas Feridas,Plena Noite,Crescente,Céu Claro,Dupla,Reta,Não,0.0,0.0,1.0,1.0,1.0,0.0,2.0,2.0,SPRF-ES,DEL01-ES,UOP01-DEL01-ES,0,moderado
2025-09-08,17:14,2025-09-08 17:14:00,2025.0,9.0,segunda,17.0,tarde,ES,SERRA,True,101.0,BR-101,276.4,-20.209032,-40.315957,Acessar a via sem observar a presença dos outros veículos,Colisão transversal,Com Vítimas Feridas,Anoitecer,Crescente,Nublado,Dupla,Retorno Regulamentado;Reta,Não,0.0,1.0,0.0,1.0,1.0,0.0,2.0,2.0,SPRF-ES,DEL02-ES,UOP01-DEL02-ES,1,grave
2025-09-09,16:30,2025-09-09 16:30:00,2025.0,9.0,terca,16.0,tarde,ES,VIANA,True,101.0,BR-101,297.6,-20.35077321,-40.41291833,Condutor deixou de manter distância do veículo da frente,Colisão traseira,Com Vítimas Feridas,Pleno dia,Decrescente,Céu Claro,Dupla,Curva,Sim,0.0,1.0,0.0,1.0,1.0,0.0,2.0,2.0,SPRF-ES,DEL01-ES,UOP01-DEL01-ES,1,grave
2025-09-09,18:20,2025-09-09 18:20:00,2025.0,9.0,terca,18.0,noite,ES,VIANA,True,101.0,BR-101,299.0,-20.357599,-40.427582,Entrada inopinada do pedestre,Atropelamento de Pedestre,Com Vítimas Feridas,Plena Noite,Decrescente,Céu Claro,Múltipla,Reta,Sim,0.0,0.0,3.0,3.0,0.0,0.0,2.0,3.0,SPRF-ES,DEL01-ES,UOP01-DEL01-ES,0,moderado
2025-09-10,13:10,2025-09-10 13:10:00,2025.0,9.0,quarta,13.0,tarde,ES,VIANA,True,262.0,BR-262,17.0,-20.386885,-40.473821,Condutor deixou de manter distância do veículo da frente,Colisão traseira,Com Vítimas Feridas,Pleno dia,Decrescente,Céu Claro,Simples,Reta,Sim,0.0,0.0,1.0,1.0,1.0,0.0,2.0,2.0,SPRF-ES,DEL01-ES,UOP01-DEL01-ES,0,moderado
2025-09-10,14:40,2025-09-10 14:40:00,2025.0,9.0,quarta,14.0,tarde,ES,SERRA,True,101.0,BR-101,267.0,-20.1992787,-40.26899099,Avarias e/ou desgaste excessivo no pneu,Tombamento,Com Vítimas Feridas,Pleno dia,Crescente,Sol,Múltipla,Reta,Sim,0.0,0.0,1.0,1.0,0.0,1.0,1.0,2.0,SPRF-ES,DEL02-ES,UOP01-DEL02-ES,0,moderado
2025-09-11,09:15,2025-09-11 09:15:00,2025.0,9.0,quinta,9.0,manha,ES,GUARAPARI,True,101.0,BR-101,340.7,-20.6507953,-40.569761,Reação tardia ou ineficiente do condutor,Saída de leito carroçável,Com Vítimas Feridas,Pleno dia,Decrescente,Céu Claro,Dupla,Reta,Não,0.0,1.0,1.0,2.0,0.0,0.0,1.0,2.0,SPRF-ES,DEL03-ES,UOP01-DEL03-ES,1,grave
2025-09-11,18:30,2025-09-11 18:30:00,2025.0,9.0,quinta,18.0,noite,ES,SERRA,True,101.0,BR-101,279.0,-20.21856,-40.34559,Acessar a via sem observar a presença dos outros veículos,Colisão transversal,Com Vítimas Feridas,Plena Noite,Decrescente,Céu Claro,Dupla,Retorno Regulamentado;Reta,Não,0.0,0.0,2.0,2.0,2.0,0.0,2.0,4.0,SPRF-ES,DEL02-ES,UOP01-DEL02-ES,0,moderado
2025-09-12,08:20,2025-09-12 08:20:00,2025.0,9.0,sexta,8.0,manha,ES,SERRA,True,101.0,BR-101,270.1,-20.2276829,-40.2713021,Condutor deixou de manter distância do veículo da frente,Colisão traseira,Com Vítimas Feridas,Pleno dia,Decrescente,Nublado,Múltipla,Reta,Sim,0.0,0.0,1.0,1.0,1.0,0.0,2.0,2.0,SPRF-ES,DEL02-ES,UOP01-DEL02-ES,0,moderado
2025-09-12,10:55,2025-09-12 10:55:00,2025.0,9.0,sexta,10.0,manha,ES,SERRA,True,101.0,BR-101,273.3,-20.125707,-40.34259922,Reação tardia ou ineficiente do condutor,Tombamento,Com Vítimas Feridas,Pleno dia,Crescente,Céu Claro,Dupla,Reta,Não,0.0,1.0,0.0,1.0,0.0,0.0,1.0,1.0,SPRF-ES,DEL02-ES,UOP01-DEL02-ES,1,grave
2025-09-12,20:30,2025-09-12 20:30:00,2025.0,9.0,sexta,20.0,noite,ES,VIANA,True,262.0,BR-262,17.2,-20.3879314,-40.476268,Ausência de reação do condutor,Colisão transversal,Com Vítimas Feridas,Plena Noite,Decrescente,Céu Claro,Simples,Reta,Sim,0.0,1.0,0.0,1.0,2.0,0.0,3.0,3.0,SPRF-ES,DEL01-ES,UOP01-DEL01-ES,1,grave
2025-09-12,22:20,2025-09-12 22:20:00,2025.0,9.0,sexta,22.0,noite,ES,CARIACICA,True,101.0,BR-101,289.0,-20.2800176,-40.39296269,Velocidade Incompatível,Colisão com objeto,Sem Vítimas,Plena Noite,Crescente,Chuva,Dupla,Reta,Sim,0.0,0.0,0.0,0.0,0.0,1.0,1.0,1.0,SPRF-ES,DEL01-ES,UOP01-DEL01-ES,0,baixo
2025-09-13,03:05,2025-09-13 03:05:00,2025.0,9.0,sabado,3.0,madrugada,ES,SERRA,True,101.0,BR-101,4.3,-20.0987588,-40.3533874,Ausência de reação do condutor,Saída de leito carroçável,Sem Vítimas,Plena Noite,Decrescente,Nublado,Dupla,Curva,Não,0.0,0.0,0.0,0.0,2.0,1.0,1.0,3.0,SPRF-ES,DEL04-ES,UOP02-DEL04-ES,0,baixo
2025-09-13,13:50,2025-09-13 13:50:00,2025.0,9.0,sabado,13.0,tarde,ES,GUARAPARI,True,101.0,BR-101,331.8,-20.60633483,-40.50646305,Acumulo de água sobre o pavimento,Saída de leito carroçável,Com Vítimas Feridas,Pleno dia,Crescente,Chuva,Dupla,Reta,Não,0.0,0.0,1.0,1.0,0.0,0.0,1.0,1.0,SPRF-ES,DEL03-ES,UOP01-DEL03-ES,0,moderado
2025-09-13,14:50,2025-09-13 14:50:00,2025.0,9.0,sabado,14.0,tarde,ES,CARIACICA,True,101.0,BR-101,284.0,-20.246943,-40.369971,Reação tardia ou ineficiente do condutor,Colisão traseira,Com Vítimas Feridas,Pleno dia,Crescente,Chuva,Dupla,Reta;Declive,Não,0.0,0.0,1.0,1.0,1.0,0.0,2.0,2.0,SPRF-ES,DEL01-ES,UOP01-DEL01-ES,0,moderado
2025-09-14,04:50,2025-09-14 04:50:00,2025.0,9.0,domingo,4.0,madrugada,ES,CARIACICA,True,101.0,BR-101,293.2,-20.3186199,-40.3969695,Velocidade Incompatível,Saída de leito carroçável,Com Vítimas Feridas,Plena Noite,Decrescente,Céu Claro,Múltipla,Reta,Não,0.0,1.0,0.0,1.0,0.0,0.0,1.0,1.0,SPRF-ES,DEL01-ES,UOP01-DEL01-ES,1,grave
2025-09-14,19:10,2025-09-14 19:10:00,2025.0,9.0,domingo,19.0,noite,ES,SERRA,True,101.0,BR-101,266.4,-20.19440188,-40.26848317,Pedestre cruzava a pista fora da faixa,Atropelamento de Pedestre,Com Vítimas Feridas,Plena Noite,Crescente,Céu Claro,Dupla,Reta,Sim,0.0,0.0,1.0,1.0,0.0,0.0,1.0,1.0,SPRF-ES,DEL02-ES,UOP01-DEL02-ES,0,moderado
2025-09-14,19:00,2025-09-14 19:00:00,2025.0,9.0,domingo,19.0,noite,ES,CARIACICA,True,101.0,BR-101,287.5,-20.27904545,-40.39281964,Reação tardia ou ineficiente do condutor,Colisão com objeto,Sem Vítimas,Plena Noite,Crescente,Nublado,Dupla,Reta,Sim,0.0,0.0,0.0,0.0,1.0,0.0,1.0,1.0,SPRF-ES,DEL01-ES,UOP01-DEL01-ES,0,baixo
2025-09-16,10:10,2025-09-16 10:10:00,2025.0,9.0,terca,10.0,manha,ES,SERRA,True,101.0,BR-101,264.5,-20.17825181,-40.26548018,Acesso irregular,Colisão transversal,Com Vítimas Feridas,Pleno dia,Crescente,Garoa/Chuvisco,Dupla,Reta,Não,0.0,0.0,1.0,1.0,0.0,1.0,2.0,2.0,SPRF-ES,DEL02-ES,UOP01-DEL02-ES,0,moderado
2025-09-16,12:15,2025-09-16 12:15:00,2025.0,9.0,terca,12.0,tarde,ES,VILA VELHA,True,447.0,BR-447,13.9,-20.35011936,-40.33327818,Condutor deixou de manter distância do veículo da frente,Colisão traseira,Com Vítimas Feridas,Pleno dia,Crescente,Céu Claro,Dupla,Reta,Sim,0.0,0.0,1.0,1.0,1.0,0.0,2.0,2.0,SPRF-ES,DEL01-ES,UOP01-DEL01-ES,0,moderado
2025-09-16,13:00,2025-09-16 13:00:00,2025.0,9.0,terca,13.0,tarde,ES,VIANA,True,262.0,BR-262,17.0,-20.38662993,-40.47324657,Acessar a via sem observar a presença dos outros veículos,Colisão transversal,Com Vítimas Feridas,Pleno dia,Decrescente,Sol,Simples,Reta,Sim,0.0,0.0,1.0,1.0,1.0,0.0,2.0,2.0,SPRF-ES,DEL01-ES,UOP01-DEL01-ES,0,moderado
2025-09-18,07:00,2025-09-18 07:00:00,2025.0,9.0,quinta,7.0,manha,ES,VIANA,True,262.0,BR-262,16.0,-20.38418159,-40.46709438,Acessar a via sem observar a presença dos outros veículos,Colisão transversal,Com Vítimas Feridas,Pleno dia,Crescente,Nublado,Simples,Curva,Não,0.0,0.0,1.0,1.0,1.0,0.0,2.0,2.0,SPRF-ES,DEL01-ES,UOP01-DEL01-ES,0,moderado
2025-09-18,07:40,2025-09-18 07:40:00,2025.0,9.0,quinta,7.0,manha,ES,FUNDAO,True,101.0,BR-101,236.5,-19.991428,-40.414103,Ausência de reação do condutor,Colisão lateral sentido oposto,Com Vítimas Feridas,Pleno dia,Crescente,Chuva,Simples,Curva,Não,0.0,1.0,0.0,1.0,1.0,0.0,2.0,2.0,SPRF-ES,DEL02-ES,UOP01-DEL02-ES,1,grave
2025-09-18,19:10,2025-09-18 19:10:00,2025.0,9.0,quinta,19.0,noite,ES,SERRA,True,101.0,BR-101,268.9,-20.216857,-40.270283,Acessar a via sem observar a presença dos outros veículos,Colisão traseira,Com Vítimas Feridas,Plena Noite,Crescente,Céu Claro,Dupla,Reta,Sim,0.0,0.0,2.0,2.0,2.0,0.0,3.0,4.0,SPRF-ES,DEL02-ES,UOP01-DEL02-ES,0,moderado
2025-09-19,06:40,2025-09-19 06:40:00,2025.0,9.0,sexta,6.0,manha,ES,SERRA,True,101.0,BR-101,268.5,-20.21246,-40.26983,Trafegar com motocicleta (ou similar) entre as faixas,Colisão lateral mesmo sentido,Com Vítimas Feridas,Pleno dia,Crescente,Nublado,Múltipla,Reta,Não,0.0,0.0,3.0,3.0,1.0,0.0,4.0,4.0,SPRF-ES,DEL02-ES,UOP01-DEL02-ES,0,moderado
2025-09-19,08:41,2025-09-19 08:41:00,2025.0,9.0,sexta,8.0,manha,ES,CARIACICA,True,101.0,BR-101,291.8,-20.30533515,-40.3951149,Manobra de mudança de faixa,Colisão lateral mesmo sentido,Com Vítimas Feridas,Pleno dia,Decrescente,Céu Claro,Dupla,Reta,Sim,0.0,0.0,1.0,1.0,1.0,0.0,2.0,2.0,SPRF-ES,DEL01-ES,UOP01-DEL01-ES,0,moderado
2025-09-19,11:40,2025-09-19 11:40:00,2025.0,9.0,sexta,11.0,manha,ES,SERRA,True,101.0,BR-101,259.2,-20.1434,-40.2921,Reação tardia ou ineficiente do condutor,Tombamento,Com Vítimas Feridas,Pleno dia,Decrescente,Chuva,Simples,Curva;Declive,Sim,0.0,0.0,1.0,1.0,0.0,0.0,1.0,1.0,SPRF-ES,DEL02-ES,UOP01-DEL02-ES,0,moderado
2025-08-30,11:10,2025-08-30 11:10:00,2025.0,8.0,sabado,11.0,manha,ES,CARIACICA,True,101.0,BR-101,295.6,-20.33713308,-40.40256354,Objeto estático sobre o leito carroçável,Tombamento,Com Vítimas Feridas,Pleno dia,Decrescente,Nublado,Dupla,Reta,Sim,0.0,0.0,1.0,1.0,0.0,0.0,1.0,1.0,SPRF-ES,DEL01-ES,UOP01-DEL01-ES,0,moderado
2025-09-20,11:48,2025-09-20 11:48:00,2025.0,9.0,sabado,11.0,manha,ES,CARIACICA,True,101.0,BR-101,285.7,-20.25761892,-40.37724458,Velocidade Incompatível,Colisão com objeto,Com Vítimas Feridas,Pleno dia,Crescente,Nublado,Dupla,Curva,Sim,0.0,0.0,2.0,2.0,2.0,0.0,1.0,4.0,SPRF-ES,DEL01-ES,UOP01-DEL01-ES,0,moderado
2025-09-20,21:50,2025-09-20 21:50:00,2025.0,9.0,sabado,21.0,noite,ES,SERRA,True,101.0,BR-101,263.0,-20.0538237,-40.3802811,Manobra de mudança de faixa,Colisão lateral mesmo sentido,Com Vítimas Feridas,Plena Noite,Crescente,Garoa/Chuvisco,Dupla,Reta,Não,0.0,1.0,0.0,1.0,0.0,1.0,2.0,2.0,SPRF-ES,DEL02-ES,UOP01-DEL02-ES,1,grave
2025-09-21,01:15,2025-09-21 01:15:00,2025.0,9.0,domingo,1.0,madrugada,ES,GUARAPARI,True,101.0,BR-101,337.4,-20.63816595,-40.54384232,Animais na Pista,Atropelamento de Animal,Com Vítimas Feridas,Plena Noite,Crescente,Céu Claro,Dupla,Reta,Não,0.0,1.0,0.0,1.0,0.0,0.0,1.0,1.0,SPRF-ES,DEL03-ES,UOP01-DEL03-ES,1,grave
2025-09-21,01:45,2025-09-21 01:45:00,2025.0,9.0,domingo,1.0,madrugada,ES,SERRA,True,101.0,BR-101,10.0,-20.14201594,-40.34145355,Sinalização mal posicionada,Tombamento,Com Vítimas Feridas,Plena Noite,Crescente,Céu Claro,Dupla,Em Obras;Reta,Não,0.0,0.0,1.0,1.0,1.0,0.0,1.0,2.0,SPRF-ES,DEL02-ES,UOP01-DEL02-ES,0,moderado
2025-09-21,04:45,2025-09-21 04:45:00,2025.0,9.0,domingo,4.0,madrugada,ES,VIANA,True,101.0,BR-101,297.5,-20.349968,-40.412722,Reação tardia ou ineficiente do condutor,Saída de leito carroçável,Com Vítimas Feridas,Amanhecer,Crescente,Céu Claro,Dupla,Reta,Sim,0.0,1.0,0.0,1.0,1.0,0.0,1.0,2.0,SPRF-ES,DEL01-ES,UOP01-DEL01-ES,1,grave
2025-09-21,03:45,2025-09-21 03:45:00,2025.0,9.0,domingo,3.0,madrugada,ES,FUNDAO,True,101.0,BR-101,239.0,-20.01000923,-40.4068771,Velocidade Incompatível,Capotamento,Sem Vítimas,Plena Noite,Crescente,Nublado,Simples,Curva,Não,0.0,0.0,0.0,0.0,0.0,1.0,1.0,1.0,SPRF-ES,DEL02-ES,UOP01-DEL02-ES,0,baixo
2025-09-21,10:20,2025-09-21 10:20:00,2025.0,9.0,domingo,10.0,manha,ES,SERRA,True,101.0,BR-101,263.0,-20.169558,-40.269888,Avarias e/ou desgaste excessivo no pneu,Queda de ocupante de veículo,Com Vítimas Feridas,Pleno dia,Decrescente,Céu Claro,Dupla,Reta,Sim,0.0,0.0,1.0,1.0,1.0,0.0,1.0,2.0,SPRF-ES,DEL02-ES,UOP01-DEL02-ES,0,moderado
2025-09-21,10:45,2025-09-21 10:45:00,2025.0,9.0,domingo,10.0,manha,ES,VIANA,True,262.0,BR-262,19.0,-20.392183,-40.489528,Desrespeitar a preferência no cruzamento,Colisão transversal,Com Vítimas Feridas,Pleno dia,Crescente,Céu Claro,Simples,Reta,Sim,0.0,2.0,0.0,2.0,1.0,0.0,2.0,3.0,SPRF-ES,DEL01-ES,UOP01-DEL01-ES,1,grave
2025-09-21,20:00,2025-09-21 20:00:00,2025.0,9.0,domingo,20.0,noite,ES,VIANA,True,262.0,BR-262,26.0,-20.38249,-40.55027,Velocidade Incompatível,Colisão lateral sentido oposto,Com Vítimas Feridas,Plena Noite,Crescente,Céu Claro,Simples,Curva;Declive,Não,0.0,0.0,2.0,2.0,2.0,0.0,2.0,4.0,SPRF-ES,DEL01-ES,UOP01-DEL01-ES,0,moderado
2025-09-21,22:10,2025-09-21 22:10:00,2025.0,9.0,domingo,22.0,noite,ES,SERRA,True,101.0,BR-101,266.0,-20.195246,-40.26891,Acessar a via sem observar a presença dos outros veículos,Colisão transversal,Com Vítimas Feridas,Plena Noite,Crescente,Nublado,Dupla,Reta,Sim,0.0,0.0,3.0,3.0,1.0,0.0,2.0,4.0,SPRF-ES,DEL02-ES,UOP01-DEL02-ES,0,moderado
2025-09-22,06:50,2025-09-22 06:50:00,2025.0,9.0,segunda,6.0,manha,ES,VIANA,True,101.0,BR-101,298.0,-20.3530172,-40.417406,Demais falhas mecânicas ou elétricas,Queda de ocupante de veículo,Com Vítimas Feridas,Pleno dia,Decrescente,Céu Claro,Dupla,Reta,Sim,0.0,0.0,2.0,2.0,0.0,0.0,1.0,2.0,SPRF-ES,DEL01-ES,UOP01-DEL01-ES,0,moderado
2025-09-22,13:40,2025-09-22 13:40:00,2025.0,9.0,segunda,13.0,tarde,ES,SERRA,True,101.0,BR-101,270.0,-20.22996,-40.273005,Condutor deixou de manter distância do veículo da frente,Colisão traseira,Com Vítimas Feridas,Pleno dia,Crescente,Céu Claro,Múltipla,Reta,Sim,0.0,0.0,1.0,1.0,3.0,0.0,2.0,4.0,SPRF-ES,DEL02-ES,UOP01-DEL02-ES,0,moderado
2025-09-23,01:10,2025-09-23 01:10:00,2025.0,9.0,terca,1.0,madrugada,ES,GUARAPARI,True,101.0,BR-101,335.0,-20.6270669,-40.5281334,Acumulo de água sobre o pavimento,Saída de leito carroçável,Com Vítimas Feridas,Plena Noite,Decrescente,Chuva,Dupla,Reta,Não,0.0,1.0,0.0,1.0,0.0,0.0,1.0,1.0,SPRF-ES,DEL03-ES,UOP01-DEL03-ES,1,grave
2025-09-23,11:40,2025-09-23 11:40:00,2025.0,9.0,terca,11.0,manha,ES,SERRA,True,101.0,BR-101,266.5,-20.19568333,-40.268765,Condutor desrespeitou a iluminação vermelha do semáforo,Colisão transversal,Com Vítimas Feridas,Pleno dia,Decrescente,Nublado,Múltipla,Reta,Sim,0.0,0.0,1.0,1.0,1.0,0.0,2.0,2.0,SPRF-ES,DEL02-ES,UOP01-DEL02-ES,0,moderado
2025-08-18,20:35,2025-08-18 20:35:00,2025.0,8.0,segunda,20.0,noite,ES,CARIACICA,True,101.0,BR-101,292.0,-20.30832089,-40.39475441,Reação tardia ou ineficiente do condutor,Tombamento,Com Vítimas Feridas,Plena Noite,Decrescente,Céu Claro,Dupla,Reta,Não,0.0,0.0,2.0,2.0,0.0,0.0,1.0,2.0,SPRF-ES,DEL01-ES,UOP01-DEL01-ES,0,moderado
2025-09-24,08:30,2025-09-24 08:30:00,2025.0,9.0,quarta,8.0,manha,ES,VIANA,True,101.0,BR-101,298.0,-20.34983965,-40.41262719,Demais falhas mecânicas ou elétricas,Incêndio,Sem Vítimas,Pleno dia,Crescente,Céu Claro,Dupla,Reta,Sim,0.0,0.0,0.0,0.0,1.0,0.0,1.0,1.0,SPRF-ES,DEL01-ES,UOP01-DEL01-ES,0,baixo
2025-09-27,05:50,2025-09-27 05:50:00,2025.0,9.0,sabado,5.0,madrugada,ES,SERRA,True,101.0,BR-101,264.0,-20.17831568,-40.26548052,Ausência de reação do condutor,Colisão traseira,Sem Vítimas,Pleno dia,Decrescente,Céu Claro,Múltipla,Reta,Sim,0.0,0.0,0.0,0.0,0.0,1.0,1.0,1.0,SPRF-ES,DEL02-ES,UOP01-DEL02-ES,0,baixo
2025-09-27,06:50,2025-09-27 06:50:00,2025.0,9.0,sabado,6.0,manha,ES,CARIACICA,True,101.0,BR-101,293.8,-20.321424,-40.395868,Reação tardia ou ineficiente do condutor,Capotamento,Sem Vítimas,Amanhecer,Crescente,Céu Claro,Múltipla,Curva,Não,0.0,0.0,0.0,0.0,0.0,1.0,1.0,1.0,SPRF-ES,DEL01-ES,UOP01-DEL01-ES,0,baixo
2025-09-27,17:45,2025-09-27 17:45:00,2025.0,9.0,sabado,17.0,tarde,ES,SERRA,True,101.0,BR-101,265.0,-20.18478,-40.26714,Reação tardia ou ineficiente do condutor,Colisão com objeto,Com Vítimas Feridas,Anoitecer,Decrescente,Nublado,Dupla,Reta,Sim,0.0,1.0,0.0,1.0,0.0,0.0,1.0,1.0,SPRF-ES,DEL02-ES,UOP01-DEL02-ES,1,grave
2025-09-28,07:30,2025-09-28 07:30:00,2025.0,9.0,domingo,7.0,manha,ES,CARIACICA,True,101.0,BR-101,294.0,-20.32386263,-40.39518356,Velocidade Incompatível,Colisão com objeto,Sem Vítimas,Pleno dia,Decrescente,Sol,Dupla,Curva,Sim,0.0,0.0,0.0,0.0,1.0,0.0,1.0,1.0,SPRF-ES,DEL01-ES,UOP01-DEL01-ES,0,baixo
2025-09-28,15:54,2025-09-28 15:54:00,2025.0,9.0,domingo,15.0,tarde,ES,CARIACICA,True,101.0,BR-101,276.0,-20.22936695,-40.36693812,Conversão proibida,Colisão transversal,Com Vítimas Feridas,Pleno dia,Crescente,Céu Claro,Dupla,Reta,Sim,0.0,1.0,0.0,1.0,1.0,0.0,2.0,2.0,SPRF-ES,DEL02-ES,UOP01-DEL02-ES,1,grave
2025-09-28,17:55,2025-09-28 17:55:00,2025.0,9.0,domingo,17.0,tarde,ES,SERRA,True,101.0,BR-101,247.0,-20.05661658,-40.38008809,Reação tardia ou ineficiente do condutor,Tombamento,Com Vítimas Feridas,Anoitecer,Crescente,Céu Claro,Dupla,Curva;Declive;Em Obras,Não,0.0,0.0,1.0,1.0,0.0,0.0,1.0,1.0,SPRF-ES,DEL02-ES,UOP01-DEL02-ES,0,moderado
2025-09-29,17:48,2025-09-29 17:48:00,2025.0,9.0,segunda,17.0,tarde,ES,SERRA,True,101.0,BR-101,255.0,-20.11771261,-40.3145078,Ausência de reação do condutor,Colisão frontal,Com Vítimas Feridas,Anoitecer,Crescente,Céu Claro,Simples,Retorno Regulamentado;Interseção de Vias,Sim,0.0,0.0,2.0,2.0,0.0,0.0,2.0,2.0,SPRF-ES,DEL02-ES,UOP01-DEL02-ES,0,moderado
2025-09-30,06:30,2025-09-30 06:30:00,2025.0,9.0,terca,6.0,manha,ES,SERRA,True,101.0,BR-101,276.0,-20.21362718,-40.32226682,Condutor deixou de manter distância do veículo da frente,Colisão traseira,Com Vítimas Feridas,Pleno dia,Crescente,Céu Claro,Dupla,Reta,Não,0.0,2.0,2.0,4.0,0.0,0.0,3.0,4.0,SPRF-ES,DEL02-ES,UOP01-DEL02-ES,1,grave
2025-09-30,18:15,2025-09-30 18:15:00,2025.0,9.0,terca,18.0,noite,ES,VIANA,True,101.0,BR-101,298.0,-20.353535,-40.415369,Reação tardia ou ineficiente do condutor,Colisão traseira,Com Vítimas Feridas,Plena Noite,Decrescente,Céu Claro,Simples,Aclive;Reta,Sim,0.0,0.0,1.0,1.0,2.0,0.0,2.0,3.0,SPRF-ES,DEL01-ES,UOP01-DEL01-ES,0,moderado
2025-10-01,18:40,2025-10-01 18:40:00,2025.0,10.0,quarta,18.0,noite,ES,CARIACICA,True,101.0,BR-101,285.1,-20.252243,-40.373105,Transitar na contramão,Atropelamento de Pedestre,Com Vítimas Feridas,Plena Noite,Decrescente,Nublado,Dupla,Reta;Interseção de Vias,Sim,0.0,1.0,0.0,1.0,0.0,1.0,2.0,2.0,SPRF-ES,DEL01-ES,UOP01-DEL01-ES,1,grave
2025-10-02,06:55,2025-10-02 06:55:00,2025.0,10.0,quinta,6.0,manha,ES,SERRA,True,101.0,BR-101,269.0,-20.21652,-40.27011,Condutor deixou de manter distância do veículo da frente,Colisão traseira,Com Vítimas Feridas,Pleno dia,Crescente,Céu Claro,Dupla,Reta,Sim,0.0,0.0,2.0,2.0,1.0,0.0,3.0,3.0,SPRF-ES,DEL02-ES,UOP01-DEL02-ES,0,moderado
2025-10-02,10:48,2025-10-02 10:48:00,2025.0,10.0,quinta,10.0,manha,ES,CARIACICA,True,101.0,BR-101,282.1,-20.2277112,-40.3653903,Ausência de reação do condutor,Colisão traseira,Com Vítimas Feridas,Pleno dia,Crescente,Sol,Dupla,Reta,Sim,0.0,1.0,0.0,1.0,1.0,0.0,2.0,2.0,SPRF-ES,DEL01-ES,UOP01-DEL01-ES,1,grave
2025-09-16,18:30,2025-09-16 18:30:00,2025.0,9.0,terca,18.0,noite,ES,VIANA,True,101.0,BR-101,301.0,-20.3632875,-40.4422094,Pedestre cruzava a pista fora da faixa,Atropelamento de Pedestre,Com Vítimas Fatais,Plena Noite,Decrescente,Céu Claro,Dupla,Curva,Sim,1.0,0.0,0.0,0.0,1.0,0.0,2.0,2.0,SPRF-ES,DEL01-ES,UOP01-DEL01-ES,1,fatal
2025-10-03,13:30,2025-10-03 13:30:00,2025.0,10.0,sexta,13.0,tarde,ES,SERRA,True,101.0,BR-101,266.0,-20.190199,-40.26828891,Manobra de mudança de faixa,Colisão lateral mesmo sentido,Com Vítimas Feridas,Pleno dia,Crescente,Sol,Dupla,Reta,Sim,0.0,0.0,1.0,1.0,1.0,0.0,2.0,2.0,SPRF-ES,DEL02-ES,UOP01-DEL02-ES,0,moderado
2025-10-03,19:45,2025-10-03 19:45:00,2025.0,10.0,sexta,19.0,noite,ES,SERRA,True,101.0,BR-101,262.0,-20.15858567,-40.27607113,Acessar a via sem observar a presença dos outros veículos,Colisão frontal,Com Vítimas Feridas,Plena Noite,Decrescente,Nublado,Múltipla,Interseção de Vias,Não,0.0,1.0,0.0,1.0,1.0,0.0,2.0,2.0,SPRF-ES,DEL02-ES,UOP01-DEL02-ES,1,grave
2025-10-03,22:10,2025-10-03 22:10:00,2025.0,10.0,sexta,22.0,noite,ES,SERRA,True,101.0,BR-101,260.0,-20.14650934,-40.28729349,Velocidade Incompatível,Colisão com objeto,Com Vítimas Feridas,Plena Noite,Decrescente,Chuva,Dupla,Curva;Declive,Sim,0.0,0.0,3.0,3.0,0.0,0.0,1.0,3.0,SPRF-ES,DEL02-ES,UOP01-DEL02-ES,0,moderado
2025-10-04,07:25,2025-10-04 07:25:00,2025.0,10.0,sabado,7.0,manha,ES,VIANA,True,262.0,BR-262,17.0,-20.392064,-40.482477,Ultrapassagem Indevida,Queda de ocupante de veículo,Com Vítimas Feridas,Pleno dia,Crescente,Garoa/Chuvisco,Simples,Reta;Rotatória,Não,0.0,0.0,1.0,1.0,1.0,0.0,2.0,2.0,SPRF-ES,DEL01-ES,UOP01-DEL01-ES,0,moderado
2025-10-04,20:00,2025-10-04 20:00:00,2025.0,10.0,sabado,20.0,noite,ES,SERRA,True,101.0,BR-101,257.0,-20.12292536,-40.30531168,Manobra de mudança de faixa,Colisão lateral mesmo sentido,Com Vítimas Feridas,Plena Noite,Crescente,Céu Claro,Simples,Reta,Não,0.0,0.0,1.0,1.0,0.0,1.0,2.0,2.0,SPRF-ES,DEL02-ES,UOP01-DEL02-ES,0,moderado
2025-10-04,20:30,2025-10-04 20:30:00,2025.0,10.0,sabado,20.0,noite,ES,SERRA,True,101.0,BR-101,237.0,-20.0441856,-40.3898368,Conversão proibida,Colisão frontal,Com Vítimas Feridas,Plena Noite,Crescente,Chuva,Dupla,Reta,Não,0.0,0.0,1.0,1.0,3.0,0.0,2.0,4.0,SPRF-ES,DEL02-ES,UOP01-DEL02-ES,0,moderado
2025-10-04,20:00,2025-10-04 20:00:00,2025.0,10.0,sabado,20.0,noite,ES,SERRA,True,101.0,BR-101,5.5,-20.18950877,-40.33862753,Chuva,Colisão lateral mesmo sentido,Sem Vítimas,Plena Noite,Crescente,Chuva,Dupla,Reta,Não,0.0,0.0,0.0,0.0,2.0,0.0,2.0,2.0,SPRF-ES,DEL02-ES,UOP01-DEL02-ES,0,baixo
2025-06-09,18:30,2025-06-09 18:30:00,2025.0,6.0,segunda,18.0,noite,ES,CARIACICA,True,101.0,BR-101,296.0,-20.34350734,-40.40700523,Acessar a via sem observar a presença dos outros veículos,Colisão lateral mesmo sentido,Com Vítimas Feridas,Plena Noite,Crescente,Chuva,Múltipla,Interseção de Vias;Declive;Viaduto,Sim,0.0,1.0,0.0,1.0,1.0,0.0,2.0,2.0,SPRF-ES,DEL01-ES,UOP01-DEL01-ES,1,grave
2025-10-04,20:30,2025-10-04 20:30:00,2025.0,10.0,sabado,20.0,noite,ES,CARIACICA,True,262.0,BR-262,1.0,-20.33093984,-40.35488455,Ingestão de álcool pelo condutor,Colisão com objeto,Sem Vítimas,Plena Noite,Crescente,Céu Claro,Dupla,Declive;Reta;Ponte,Sim,0.0,0.0,0.0,0.0,1.0,0.0,1.0,1.0,SPRF-ES,DEL01-ES,UOP01-DEL01-ES,0,baixo
2025-10-05,21:15,2025-10-05 21:15:00,2025.0,10.0,domingo,21.0,noite,ES,CARIACICA,True,101.0,BR-101,287.8,-20.25243581,-40.37305773,Ausência de reação do condutor,Colisão com objeto,Sem Vítimas,Plena Noite,Crescente,Nublado,Dupla,Reta;Declive,Não,0.0,0.0,0.0,0.0,1.0,0.0,1.0,1.0,SPRF-ES,DEL01-ES,UOP01-DEL01-ES,0,baixo
2025-09-07,09:00,2025-09-07 09:00:00,2025.0,9.0,domingo,9.0,manha,ES,FUNDAO,True,101.0,BR-101,239.8,-20.0154185,-40.4041978,Reação tardia ou ineficiente do condutor,Colisão traseira,Com Vítimas Feridas,Pleno dia,Crescente,Nublado,Simples,Reta,Não,0.0,1.0,0.0,1.0,1.0,0.0,2.0,2.0,SPRF-ES,DEL02-ES,UOP01-DEL02-ES,1,grave
2025-10-06,11:10,2025-10-06 11:10:00,2025.0,10.0,segunda,11.0,manha,ES,SERRA,True,101.0,BR-101,268.2,-20.212007,-40.269852,Ausência de reação do condutor,Queda de ocupante de veículo,Com Vítimas Feridas,Pleno dia,Crescente,Sol,Simples,Reta,Sim,0.0,0.0,1.0,1.0,0.0,1.0,1.0,2.0,SPRF-ES,DEL02-ES,UOP01-DEL02-ES,0,moderado
2025-10-07,10:20,2025-10-07 10:20:00,2025.0,10.0,terca,10.0,manha,ES,SERRA,True,101.0,BR-101,13.0,-20.14814211,-40.34507811,Demais falhas mecânicas ou elétricas,Queda de ocupante de veículo,Com Vítimas Feridas,Pleno dia,Decrescente,Nublado,Dupla,Reta,Não,0.0,0.0,1.0,1.0,0.0,0.0,1.0,1.0,SPRF-ES,DEL02-ES,UOP01-DEL02-ES,0,moderado
2025-10-08,06:20,2025-10-08 06:20:00,2025.0,10.0,quarta,6.0,manha,ES,CARIACICA,True,101.0,BR-101,286.0,-20.259358,-40.377558,Condutor deixou de manter distância do veículo da frente,Colisão traseira,Com Vítimas Feridas,Pleno dia,Decrescente,Céu Claro,Dupla,Reta,Sim,0.0,0.0,1.0,1.0,1.0,0.0,2.0,2.0,SPRF-ES,DEL01-ES,UOP01-DEL01-ES,0,moderado
2025-10-08,08:20,2025-10-08 08:20:00,2025.0,10.0,quarta,8.0,manha,ES,VIANA,True,101.0,BR-101,298.2,-20.35507904,-40.41671991,Acessar a via sem observar a presença dos outros veículos,Colisão transversal,Com Vítimas Feridas,Pleno dia,Decrescente,Céu Claro,Múltipla,Reta,Sim,0.0,2.0,0.0,2.0,1.0,0.0,2.0,3.0,SPRF-ES,DEL01-ES,UOP01-DEL01-ES,1,grave
2025-10-10,07:15,2025-10-10 07:15:00,2025.0,10.0,sexta,7.0,manha,ES,SERRA,True,101.0,BR-101,265.0,-20.189469,-40.2681096,Transitar na contramão,Colisão lateral mesmo sentido,Com Vítimas Feridas,Pleno dia,Decrescente,Nublado,Dupla,Interseção de Vias;Reta,Sim,0.0,0.0,1.0,1.0,2.0,0.0,2.0,3.0,SPRF-ES,DEL02-ES,UOP01-DEL02-ES,0,moderado
2025-10-10,07:50,2025-10-10 07:50:00,2025.0,10.0,sexta,7.0,manha,ES,VIANA,True,101.0,BR-101,298.0,-20.35313159,-40.41496603,Trafegar com motocicleta (ou similar) entre as faixas,Colisão traseira,Com Vítimas Feridas,Pleno dia,Crescente,Nublado,Múltipla,Reta,Sim,0.0,1.0,0.0,1.0,0.0,1.0,2.0,2.0,SPRF-ES,DEL01-ES,UOP01-DEL01-ES,1,grave
2025-10-10,15:35,2025-10-10 15:35:00,2025.0,10.0,sexta,15.0,tarde,ES,SERRA,True,101.0,BR-101,266.9,-20.19763819,-40.26897187,Manobra de mudança de faixa,Tombamento,Com Vítimas Feridas,Pleno dia,Crescente,Sol,Múltipla,Reta,Sim,0.0,0.0,1.0,1.0,0.0,0.0,1.0,1.0,SPRF-ES,DEL02-ES,UOP01-DEL02-ES,0,moderado
2025-10-10,18:40,2025-10-10 18:40:00,2025.0,10.0,sexta,18.0,noite,ES,SERRA,True,101.0,BR-101,260.1,-20.14629677,-40.28792739,Ausência de reação do condutor,Colisão traseira,Com Vítimas Feridas,Plena Noite,Decrescente,Ignorado,Dupla,Aclive,Sim,0.0,0.0,1.0,1.0,0.0,1.0,2.0,2.0,SPRF-ES,DEL02-ES,UOP01-DEL02-ES,0,moderado
2025-10-10,19:20,2025-10-10 19:20:00,2025.0,10.0,sexta,19.0,noite,ES,SERRA,True,101.0,BR-101,270.0,-20.22850733,-40.27176509,Manobra de mudança de faixa,Colisão lateral sentido oposto,Com Vítimas Feridas,Plena Noite,Decrescente,Céu Claro,Dupla,Reta,Sim,0.0,0.0,1.0,1.0,1.0,0.0,2.0,2.0,SPRF-ES,DEL02-ES,UOP01-DEL02-ES,0,moderado
2025-10-11,06:14,2025-10-11 06:14:00,2025.0,10.0,sabado,6.0,manha,ES,SERRA,True,101.0,BR-101,265.0,-20.18065437,-40.26523501,Transitar na contramão,Colisão frontal,Com Vítimas Feridas,Pleno dia,Crescente,Céu Claro,Múltipla,Curva,Sim,0.0,2.0,1.0,3.0,0.0,0.0,2.0,3.0,SPRF-ES,DEL02-ES,UOP01-DEL02-ES,1,grave
2025-10-11,18:30,2025-10-11 18:30:00,2025.0,10.0,sabado,18.0,noite,ES,SERRA,True,101.0,BR-101,270.0,-20.23085183,-40.27316451,Manobra de mudança de faixa,Colisão lateral sentido oposto,Com Vítimas Feridas,Plena Noite,Crescente,Nublado,Dupla,Reta,Sim,0.0,0.0,1.0,1.0,1.0,0.0,2.0,2.0,SPRF-ES,DEL02-ES,UOP01-DEL02-ES,0,moderado
2025-10-11,19:40,2025-10-11 19:40:00,2025.0,10.0,sabado,19.0,noite,ES,SERRA,True,101.0,BR-101,266.0,-20.19490975,-40.26862532,Velocidade Incompatível,Engavetamento,Com Vítimas Feridas,Plena Noite,Decrescente,Céu Claro,Múltipla,Reta,Sim,0.0,0.0,2.0,2.0,2.0,0.0,3.0,4.0,SPRF-ES,DEL02-ES,UOP01-DEL02-ES,0,moderado
2025-10-11,23:30,2025-10-11 23:30:00,2025.0,10.0,sabado,23.0,noite,ES,SERRA,True,101.0,BR-101,268.6,-20.214889,-40.2696864,Ausência de reação do condutor,Colisão com objeto,Com Vítimas Feridas,Plena Noite,Decrescente,Céu Claro,Múltipla,Reta,Não,0.0,0.0,2.0,2.0,0.0,0.0,1.0,2.0,SPRF-ES,DEL02-ES,UOP01-DEL02-ES,0,moderado
2025-10-12,02:15,2025-10-12 02:15:00,2025.0,10.0,domingo,2.0,madrugada,ES,SERRA,True,101.0,BR-101,260.9,-20.14650934,-40.28729349,Ausência de reação do condutor,Capotamento,Com Vítimas Fatais,Plena Noite,Decrescente,Nublado,Dupla,Reta,Não,1.0,1.0,1.0,2.0,0.0,0.0,1.0,3.0,SPRF-ES,DEL02-ES,UOP01-DEL02-ES,1,fatal
2025-10-12,15:57,2025-10-12 15:57:00,2025.0,10.0,domingo,15.0,tarde,ES,VIANA,True,262.0,BR-262,20.0,-20.37869945,-40.5081567,Reação tardia ou ineficiente do condutor,Engavetamento,Com Vítimas Feridas,Pleno dia,Crescente,Céu Claro,Simples,Reta,Não,0.0,0.0,1.0,1.0,3.0,0.0,3.0,4.0,SPRF-ES,DEL01-ES,UOP01-DEL01-ES,0,moderado
2025-10-12,17:49,2025-10-12 17:49:00,2025.0,10.0,domingo,17.0,tarde,ES,VIANA,True,262.0,BR-262,20.0,-20.386318,-40.496128,Acessar a via sem observar a presença dos outros veículos,Colisão transversal,Com Vítimas Feridas,Anoitecer,Decrescente,Céu Claro,Simples,Curva,Sim,0.0,1.0,0.0,1.0,2.0,0.0,2.0,3.0,SPRF-ES,DEL01-ES,UOP01-DEL01-ES,1,grave
2025-10-13,07:40,2025-10-13 07:40:00,2025.0,10.0,segunda,7.0,manha,ES,FUNDAO,True,101.0,BR-101,230.9,-19.944287,-40.40667,Condutor deixou de manter distância do veículo da frente,Colisão traseira,Com Vítimas Feridas,Pleno dia,Decrescente,Céu Claro,Simples,Reta,Não,0.0,0.0,1.0,1.0,2.0,0.0,2.0,3.0,SPRF-ES,DEL02-ES,UOP01-DEL02-ES,0,moderado
2025-10-13,15:30,2025-10-13 15:30:00,2025.0,10.0,segunda,15.0,tarde,ES,VIANA,True,101.0,BR-101,304.5,-20.38254454,-40.45919411,Pista esburacada,Eventos atípicos,Com Vítimas Feridas,Pleno dia,Crescente,Céu Claro,Dupla,Reta,Não,0.0,1.0,0.0,1.0,0.0,3.0,2.0,4.0,SPRF-ES,DEL01-ES,UOP01-DEL01-ES,1,grave
2025-10-13,16:30,2025-10-13 16:30:00,2025.0,10.0,segunda,16.0,tarde,ES,SERRA,True,101.0,BR-101,275.0,-20.2081011,-40.3045303,Reação tardia ou ineficiente do condutor,Tombamento,Com Vítimas Feridas,Pleno dia,Crescente,Vento,Múltipla,Reta,Sim,0.0,0.0,1.0,1.0,0.0,0.0,1.0,1.0,SPRF-ES,DEL02-ES,UOP01-DEL02-ES,0,moderado
2025-10-14,07:40,2025-10-14 07:40:00,2025.0,10.0,terca,7.0,manha,ES,CARIACICA,True,101.0,BR-101,283.1,-20.23536632,-40.36964742,Pedestre cruzava a pista fora da faixa,Atropelamento de Pedestre,Com Vítimas Feridas,Pleno dia,Crescente,Nublado,Múltipla,Reta;Aclive,Não,0.0,0.0,1.0,1.0,0.0,1.0,2.0,2.0,SPRF-ES,DEL01-ES,UOP01-DEL01-ES,0,moderado
2025-10-14,20:15,2025-10-14 20:15:00,2025.0,10.0,terca,20.0,noite,ES,VIANA,True,262.0,BR-262,26.8,-20.3823001,-40.5471223,Acumulo de água sobre o pavimento,Saída de leito carroçável,Com Vítimas Feridas,Plena Noite,Crescente,Chuva,Simples,Curva,Não,0.0,0.0,1.0,1.0,0.0,0.0,1.0,1.0,SPRF-ES,DEL01-ES,UOP01-DEL01-ES,0,moderado
2025-10-15,08:09,2025-10-15 08:09:00,2025.0,10.0,quarta,8.0,manha,ES,CARIACICA,True,101.0,BR-101,289.4,-20.28358962,-40.39295959,Manobra de mudança de faixa,Queda de ocupante de veículo,Com Vítimas Feridas,Pleno dia,Decrescente,Nublado,Dupla,Declive;Reta,Não,0.0,0.0,1.0,1.0,0.0,0.0,1.0,1.0,SPRF-ES,DEL01-ES,UOP01-DEL01-ES,0,moderado
2025-10-17,02:00,2025-10-17 02:00:00,2025.0,10.0,sexta,2.0,madrugada,ES,CARIACICA,True,101.0,BR-101,294.6,-20.3292284,-40.398508,Velocidade Incompatível,Tombamento,Com Vítimas Feridas,Plena Noite,Crescente,Nublado,Dupla,Reta,Não,0.0,1.0,0.0,1.0,0.0,0.0,1.0,1.0,SPRF-ES,DEL01-ES,UOP01-DEL01-ES,1,grave
2025-10-17,06:13,2025-10-17 06:13:00,2025.0,10.0,sexta,6.0,manha,ES,GUARAPARI,True,101.0,BR-101,330.0,-20.59468327,-40.50275338,Acessar a via sem observar a presença dos outros veículos,Colisão transversal,Com Vítimas Fatais,Amanhecer,Crescente,Sol,Dupla,Curva,Sim,1.0,0.0,0.0,0.0,25.0,0.0,2.0,26.0,SPRF-ES,DEL03-ES,UOP01-DEL03-ES,1,fatal
2025-10-17,17:20,2025-10-17 17:20:00,2025.0,10.0,sexta,17.0,tarde,ES,SERRA,True,101.0,BR-101,270.2,-20.22856,-40.27161,Reação tardia ou ineficiente do condutor,Colisão lateral mesmo sentido,Com Vítimas Feridas,Anoitecer,Decrescente,Céu Claro,Múltipla,Interseção de Vias;Reta,Sim,0.0,0.0,1.0,1.0,1.0,0.0,2.0,2.0,SPRF-ES,DEL02-ES,UOP01-DEL02-ES,0,moderado
2025-10-18,05:50,2025-10-18 05:50:00,2025.0,10.0,sabado,5.0,madrugada,ES,SERRA,True,101.0,BR-101,266.4,-20.193505,-40.268465,Deficiência do Sistema de Iluminação/Sinalização,Colisão transversal,Com Vítimas Feridas,Amanhecer,Decrescente,Céu Claro,Múltipla,Reta,Sim,0.0,0.0,4.0,4.0,0.0,1.0,3.0,5.0,SPRF-ES,DEL02-ES,UOP01-DEL02-ES,0,moderado
2025-10-18,16:00,2025-10-18 16:00:00,2025.0,10.0,sabado,16.0,tarde,ES,CARIACICA,True,101.0,BR-101,288.0,-20.273526,-40.39191,Acessar a via sem observar a presença dos outros veículos,Colisão transversal,Com Vítimas Feridas,Pleno dia,Crescente,Céu Claro,Dupla,Retorno Regulamentado;Curva,Sim,0.0,0.0,1.0,1.0,0.0,1.0,2.0,2.0,SPRF-ES,DEL01-ES,UOP01-DEL01-ES,0,moderado
2025-10-18,15:35,2025-10-18 15:35:00,2025.0,10.0,sabado,15.0,tarde,ES,SERRA,True,101.0,BR-101,251.0,-20.09135221,-40.34191489,Transitar no Acostamento,Tombamento,Com Vítimas Feridas,Pleno dia,Decrescente,Céu Claro,Simples,Interseção de Vias;Reta,Sim,0.0,0.0,2.0,2.0,0.0,0.0,1.0,2.0,SPRF-ES,DEL02-ES,UOP01-DEL02-ES,0,moderado
2025-10-18,20:00,2025-10-18 20:00:00,2025.0,10.0,sabado,20.0,noite,ES,SERRA,True,101.0,BR-101,274.5,-20.0488505,-40.3866982,Reação tardia ou ineficiente do condutor,Saída de leito carroçável,Com Vítimas Feridas,Plena Noite,Crescente,Céu Claro,Dupla,Reta,Não,0.0,1.0,0.0,1.0,0.0,0.0,1.0,1.0,SPRF-ES,DEL02-ES,UOP01-DEL02-ES,1,grave
2025-10-19,18:40,2025-10-19 18:40:00,2025.0,10.0,domingo,18.0,noite,ES,SERRA,True,101.0,BR-101,269.5,-20.2213618,-40.2705348,Ingestão de álcool pelo condutor,Colisão traseira,Com Vítimas Feridas,Plena Noite,Crescente,Nublado,Múltipla,Reta,Sim,0.0,0.0,3.0,3.0,1.0,0.0,3.0,4.0,SPRF-ES,DEL02-ES,UOP01-DEL02-ES,0,moderado
2025-10-20,04:30,2025-10-20 04:30:00,2025.0,10.0,segunda,4.0,madrugada,ES,GUARAPARI,True,101.0,BR-101,340.2,-20.64740276,-40.56667328,Chuva,Queda de ocupante de veículo,Com Vítimas Feridas,Amanhecer,Crescente,Chuva,Dupla,Aclive;Reta,Não,0.0,0.0,1.0,1.0,0.0,0.0,1.0,1.0,SPRF-ES,DEL03-ES,UOP01-DEL03-ES,0,moderado
2025-10-20,18:20,2025-10-20 18:20:00,2025.0,10.0,segunda,18.0,noite,ES,SERRA,True,101.0,BR-101,255.9,-20.119687,-40.31002,Transitar na contramão,Colisão transversal,Com Vítimas Feridas,Plena Noite,Crescente,Nublado,Simples,Reta,Sim,0.0,1.0,0.0,1.0,3.0,0.0,3.0,4.0,SPRF-ES,DEL02-ES,UOP01-DEL02-ES,1,grave
2025-10-20,20:10,2025-10-20 20:10:00,2025.0,10.0,segunda,20.0,noite,ES,VIANA,True,262.0,BR-262,19.0,-20.39220586,-40.48957435,Desrespeitar a preferência no cruzamento,Colisão transversal,Com Vítimas Feridas,Plena Noite,Crescente,Nublado,Simples,Reta,Não,0.0,2.0,0.0,2.0,1.0,0.0,2.0,3.0,SPRF-ES,DEL01-ES,UOP01-DEL01-ES,1,grave
2025-10-21,17:05,2025-10-21 17:05:00,2025.0,10.0,terca,17.0,tarde,ES,VILA VELHA,True,447.0,BR-447,15.3,-20.34258484,-40.32871842,Reação tardia ou ineficiente do condutor,Colisão lateral mesmo sentido,Com Vítimas Feridas,Anoitecer,Decrescente,Céu Claro,Dupla,Reta,Sim,0.0,0.0,1.0,1.0,1.0,0.0,2.0,2.0,SPRF-ES,DEL01-ES,UOP01-DEL01-ES,0,moderado
2025-10-21,18:45,2025-10-21 18:45:00,2025.0,10.0,terca,18.0,noite,ES,SERRA,True,101.0,BR-101,266.0,-20.19190908,-40.26824266,Ausência de reação do condutor,Tombamento,Com Vítimas Feridas,Plena Noite,Decrescente,Chuva,Dupla,Reta,Sim,0.0,0.0,1.0,1.0,0.0,0.0,1.0,1.0,SPRF-ES,DEL02-ES,UOP01-DEL02-ES,0,moderado
2025-10-22,07:02,2025-10-22 07:02:00,2025.0,10.0,quarta,7.0,manha,ES,SERRA,True,101.0,BR-101,268.0,-20.18959623,-40.26832223,Pedestre cruzava a pista fora da faixa,Atropelamento de Pedestre,Com Vítimas Feridas,Pleno dia,Crescente,Chuva,Dupla,Reta,Sim,0.0,0.0,3.0,3.0,0.0,0.0,2.0,3.0,SPRF-ES,DEL02-ES,UOP01-DEL02-ES,0,moderado
2025-10-22,08:43,2025-10-22 08:43:00,2025.0,10.0,quarta,8.0,manha,ES,SERRA,True,101.0,BR-101,269.0,-20.222233,-40.27047,Ausência de reação do condutor,Colisão traseira,Com Vítimas Feridas,Pleno dia,Crescente,Nublado,Dupla,Reta,Sim,0.0,2.0,0.0,2.0,0.0,1.0,2.0,3.0,SPRF-ES,DEL02-ES,UOP01-DEL02-ES,1,grave
2025-10-22,17:30,2025-10-22 17:30:00,2025.0,10.0,quarta,17.0,tarde,ES,SERRA,True,101.0,BR-101,258.0,-20.1228943,-40.30535817,Acessar a via sem observar a presença dos outros veículos,Colisão transversal,Com Vítimas Feridas,Plena Noite,Crescente,Céu Claro,Dupla,Curva,Sim,0.0,0.0,1.0,1.0,1.0,0.0,2.0,2.0,SPRF-ES,DEL02-ES,UOP01-DEL02-ES,0,moderado
2025-10-22,18:50,2025-10-22 18:50:00,2025.0,10.0,quarta,18.0,noite,ES,SERRA,True,101.0,BR-101,265.0,-20.18985084,-40.26824506,Condutor desrespeitou a iluminação vermelha do semáforo,Colisão transversal,Com Vítimas Feridas,Plena Noite,Crescente,Céu Claro,Dupla,Interseção de Vias;Reta,Sim,0.0,0.0,3.0,3.0,0.0,0.0,2.0,3.0,SPRF-ES,DEL02-ES,UOP01-DEL02-ES,0,moderado
2025-09-21,16:30,2025-09-21 16:30:00,2025.0,9.0,domingo,16.0,tarde,ES,VITORIA,True,0.0,BR-0,0.0,-20.31855494,-40.30606834,Demais falhas mecânicas ou elétricas,Colisão com objeto,Sem Vítimas,Pleno dia,Não Informado,Céu Claro,Simples,Reta,Sim,0.0,0.0,0.0,0.0,1.0,3.0,3.0,4.0,SPRF-ES,,,0,baixo
2025-10-23,18:45,2025-10-23 18:45:00,2025.0,10.0,quinta,18.0,noite,ES,SERRA,True,101.0,BR-101,255.0,-20.11849082,-40.31272548,Transitar na contramão,Colisão frontal,Com Vítimas Feridas,Plena Noite,Crescente,Nublado,Simples,Reta,Sim,0.0,0.0,3.0,3.0,0.0,0.0,2.0,3.0,SPRF-ES,DEL02-ES,UOP01-DEL02-ES,0,moderado
2025-10-24,08:30,2025-10-24 08:30:00,2025.0,10.0,sexta,8.0,manha,ES,CARIACICA,True,101.0,BR-101,288.0,-20.27912784,-40.39274502,Acessar a via sem observar a presença dos outros veículos,Colisão transversal,Com Vítimas Feridas,Pleno dia,Decrescente,Céu Claro,Dupla,Retorno Regulamentado,Não,0.0,1.0,0.0,1.0,0.0,1.0,2.0,2.0,SPRF-ES,DEL01-ES,UOP01-DEL01-ES,1,grave
2025-10-24,23:45,2025-10-24 23:45:00,2025.0,10.0,sexta,23.0,noite,ES,VIANA,True,262.0,BR-262,17.0,-20.3882908,-40.4769436,Ausência de reação do condutor,Colisão traseira,Com Vítimas Feridas,Plena Noite,Crescente,Céu Claro,Simples,Reta,Sim,0.0,0.0,1.0,1.0,1.0,0.0,2.0,2.0,SPRF-ES,DEL01-ES,UOP01-DEL01-ES,0,moderado
2025-10-25,14:30,2025-10-25 14:30:00,2025.0,10.0,sabado,14.0,tarde,ES,SERRA,True,101.0,BR-101,266.0,-20.19546,-40.268828,Ingestão de álcool pelo condutor,Colisão traseira,Com Vítimas Feridas,Pleno dia,Crescente,Chuva,Múltipla,Reta;Retorno Regulamentado,Sim,0.0,0.0,1.0,1.0,1.0,1.0,3.0,3.0,SPRF-ES,DEL02-ES,UOP01-DEL02-ES,0,moderado
2025-10-25,20:10,2025-10-25 20:10:00,2025.0,10.0,sabado,20.0,noite,ES,SERRA,True,101.0,BR-101,281.8,-20.22630151,-40.36355495,Reação tardia ou ineficiente do condutor,Colisão com objeto,Com Vítimas Feridas,Plena Noite,Crescente,Garoa/Chuvisco,Múltipla,Reta;Ponte,Não,0.0,0.0,2.0,2.0,0.0,0.0,1.0,2.0,SPRF-ES,DEL02-ES,UOP01-DEL02-ES,0,moderado
2025-10-26,17:55,2025-10-26 17:55:00,2025.0,10.0,domingo,17.0,tarde,ES,VITORIA,True,101.0,BR-101,268.5,-20.213741,-40.2697,Condutor deixou de manter distância do veículo da frente,Colisão traseira,Com Vítimas Feridas,Plena Noite,Decrescente,Nublado,Múltipla,Reta,Sim,0.0,0.0,1.0,1.0,1.0,0.0,2.0,2.0,SPRF-ES,DEL02-ES,UOP01-DEL02-ES,0,moderado
2025-10-26,20:58,2025-10-26 20:58:00,2025.0,10.0,domingo,20.0,noite,ES,SERRA,True,101.0,BR-101,276.0,-20.20759142,-40.30764773,Afundamento ou ondulação no pavimento,Tombamento,Com Vítimas Feridas,Plena Noite,Decrescente,Céu Claro,Dupla,Reta,Não,0.0,0.0,1.0,1.0,1.0,0.0,1.0,2.0,SPRF-ES,DEL02-ES,UOP01-DEL02-ES,0,moderado
2025-10-28,08:24,2025-10-28 08:24:00,2025.0,10.0,terca,8.0,manha,ES,VIANA,True,101.0,BR-101,299.7,-20.35799609,-40.43161511,Reação tardia ou ineficiente do condutor,Tombamento,Com Vítimas Feridas,Pleno dia,Crescente,Céu Claro,Múltipla,Curva,Sim,0.0,0.0,1.0,1.0,0.0,0.0,1.0,1.0,SPRF-ES,DEL01-ES,UOP01-DEL01-ES,0,moderado
2025-10-29,08:33,2025-10-29 08:33:00,2025.0,10.0,quarta,8.0,manha,ES,VIANA,True,101.0,BR-101,297.7,-20.350743,-40.412927,Ausência de reação do condutor,Tombamento,Com Vítimas Feridas,Pleno dia,Decrescente,Céu Claro,Dupla,Reta,Sim,0.0,0.0,1.0,1.0,2.0,0.0,2.0,3.0,SPRF-ES,DEL01-ES,UOP01-DEL01-ES,0,moderado
2025-10-29,13:50,2025-10-29 13:50:00,2025.0,10.0,quarta,13.0,tarde,ES,SERRA,True,101.0,BR-101,273.9,-20.2128064,-40.2960451,Acessar a via sem observar a presença dos outros veículos,Tombamento,Com Vítimas Feridas,Pleno dia,Crescente,Sol,Dupla,Interseção de Vias;Reta;Declive,Sim,0.0,0.0,2.0,2.0,0.0,0.0,1.0,2.0,SPRF-ES,DEL02-ES,UOP01-DEL02-ES,0,moderado
2025-10-30,04:50,2025-10-30 04:50:00,2025.0,10.0,quinta,4.0,madrugada,ES,SERRA,True,101.0,BR-101,270.0,-20.2299848,-40.2726369,Ausência de reação do condutor,Colisão com objeto,Com Vítimas Feridas,Amanhecer,Decrescente,Céu Claro,Dupla,Interseção de Vias;Reta,Sim,0.0,0.0,2.0,2.0,0.0,0.0,1.0,2.0,SPRF-ES,DEL02-ES,UOP01-DEL02-ES,0,moderado
2025-10-30,13:40,2025-10-30 13:40:00,2025.0,10.0,quinta,13.0,tarde,ES,CARIACICA,True,101.0,BR-101,289.0,-20.23841821,-40.44598326,Reação tardia ou ineficiente do condutor,Incêndio,Com Vítimas Feridas,Pleno dia,Crescente,Céu Claro,Dupla,Reta,Não,0.0,0.0,1.0,1.0,2.0,0.0,3.0,3.0,SPRF-ES,DEL01-ES,UOP01-DEL01-ES,0,moderado
2025-10-30,21:20,2025-10-30 21:20:00,2025.0,10.0,quinta,21.0,noite,ES,VIANA,True,262.0,BR-262,26.0,-20.38249102,-40.54827332,Demais falhas mecânicas ou elétricas,Incêndio,Sem Vítimas,Plena Noite,Crescente,Chuva,Simples,Reta,Não,0.0,0.0,0.0,0.0,1.0,0.0,1.0,1.0,SPRF-ES,DEL01-ES,UOP01-DEL01-ES,0,baixo
2025-08-04,01:30,2025-08-04 01:30:00,2025.0,8.0,segunda,1.0,madrugada,ES,SERRA,True,101.0,BR-101,262.0,-20.173115,-40.26732167,Desrespeitar a preferência no cruzamento,Colisão transversal,Com Vítimas Feridas,Plena Noite,Crescente,Céu Claro,Dupla,Interseção de Vias;Reta,Não,0.0,1.0,0.0,1.0,1.0,0.0,2.0,2.0,SPRF-ES,DEL02-ES,UOP01-DEL02-ES,1,grave
2025-10-31,13:50,2025-10-31 13:50:00,2025.0,10.0,sexta,13.0,tarde,ES,SERRA,True,101.0,BR-101,265.0,-20.18060213,-40.26498377,Reação tardia ou ineficiente do condutor,Colisão traseira,Com Vítimas Feridas,Pleno dia,Crescente,Garoa/Chuvisco,Dupla,Reta,Sim,0.0,1.0,0.0,1.0,1.0,0.0,2.0,2.0,SPRF-ES,DEL02-ES,UOP01-DEL02-ES,1,grave
2025-10-31,13:50,2025-10-31 13:50:00,2025.0,10.0,sexta,13.0,tarde,ES,CARIACICA,True,101.0,BR-101,292.0,-20.30884804,-40.39481375,Acessar a via sem observar a presença dos outros veículos,Colisão transversal,Com Vítimas Feridas,Pleno dia,Crescente,Sol,Dupla,Reta,Não,0.0,0.0,1.0,1.0,2.0,0.0,2.0,3.0,SPRF-ES,DEL01-ES,UOP01-DEL01-ES,0,moderado
2025-10-31,18:30,2025-10-31 18:30:00,2025.0,10.0,sexta,18.0,noite,ES,VIANA,True,101.0,BR-101,299.0,-20.35768331,-40.42706719,Manobra de mudança de faixa,Queda de ocupante de veículo,Com Vítimas Feridas,Plena Noite,Decrescente,Céu Claro,Dupla,Curva,Sim,0.0,0.0,1.0,1.0,0.0,1.0,2.0,2.0,SPRF-ES,DEL01-ES,UOP01-DEL01-ES,0,moderado
2025-11-01,07:00,2025-11-01 07:00:00,2025.0,11.0,sabado,7.0,manha,ES,SERRA,True,101.0,BR-101,270.0,-20.23067133,-40.27337852,Condutor desrespeitou a iluminação vermelha do semáforo,Atropelamento de Pedestre,Com Vítimas Feridas,Pleno dia,Crescente,Céu Claro,Simples,Reta,Não,0.0,0.0,1.0,1.0,0.0,1.0,2.0,2.0,SPRF-ES,DEL02-ES,UOP01-DEL02-ES,0,moderado
2025-11-01,19:40,2025-11-01 19:40:00,2025.0,11.0,sabado,19.0,noite,ES,CARIACICA,True,101.0,BR-101,296.0,-20.3383642,-40.4025451,Reação tardia ou ineficiente do condutor,Colisão traseira,Com Vítimas Feridas,Plena Noite,Decrescente,Céu Claro,Dupla,Reta,Sim,0.0,1.0,0.0,1.0,3.0,0.0,2.0,4.0,SPRF-ES,DEL01-ES,UOP01-DEL01-ES,1,grave
2025-11-02,10:30,2025-11-02 10:30:00,2025.0,11.0,domingo,10.0,manha,ES,CARIACICA,True,101.0,BR-101,282.8,-20.23468336,-40.36946571,Transitar na contramão,Colisão lateral sentido oposto,Com Vítimas Feridas,Pleno dia,Crescente,Céu Claro,Dupla,Declive,Não,0.0,1.0,1.0,2.0,0.0,0.0,2.0,2.0,SPRF-ES,DEL01-ES,UOP01-DEL01-ES,1,grave
2025-11-02,17:55,2025-11-02 17:55:00,2025.0,11.0,domingo,17.0,tarde,ES,FUNDAO,True,101.0,BR-101,228.1,-19.924925,-40.406535,Reação tardia ou ineficiente do condutor,Tombamento,Com Vítimas Feridas,Plena Noite,Crescente,Céu Claro,Simples,Reta,Não,0.0,1.0,1.0,2.0,1.0,0.0,2.0,3.0,SPRF-ES,DEL02-ES,UOP01-DEL02-ES,1,grave
2025-11-02,19:00,2025-11-02 19:00:00,2025.0,11.0,domingo,19.0,noite,ES,VIANA,True,262.0,BR-262,19.9,-20.386523,-40.496017,Acessar a via sem observar a presença dos outros veículos,Colisão transversal,Com Vítimas Feridas,Plena Noite,Crescente,Céu Claro,Simples,Curva,Sim,0.0,0.0,5.0,5.0,0.0,0.0,3.0,5.0,SPRF-ES,DEL01-ES,UOP01-DEL01-ES,0,moderado
2025-11-03,11:30,2025-11-03 11:30:00,2025.0,11.0,segunda,11.0,manha,ES,FUNDAO,True,101.0,BR-101,238.0,-20.01210422,-40.40600916,Objeto estático sobre o leito carroçável,Colisão com objeto,Com Vítimas Feridas,Pleno dia,Crescente,Céu Claro,Simples,Reta,Não,0.0,0.0,1.0,1.0,0.0,0.0,1.0,1.0,SPRF-ES,DEL02-ES,UOP01-DEL02-ES,0,moderado
2025-11-04,07:10,2025-11-04 07:10:00,2025.0,11.0,terca,7.0,manha,ES,SERRA,True,101.0,BR-101,269.5,-20.0488573,-40.3867013,Manobra de mudança de faixa,Colisão lateral mesmo sentido,Sem Vítimas,Pleno dia,Crescente,Céu Claro,Dupla,Reta,Sim,0.0,0.0,0.0,0.0,2.0,0.0,2.0,2.0,SPRF-ES,DEL02-ES,UOP01-DEL02-ES,0,baixo
2025-11-05,06:00,2025-11-05 06:00:00,2025.0,11.0,quarta,6.0,manha,ES,SERRA,True,101.0,BR-101,270.5,-20.23243894,-40.27519226,Ausência de reação do condutor,Colisão com objeto,Com Vítimas Fatais,Amanhecer,Crescente,Céu Claro,Dupla,Curva,Sim,1.0,1.0,0.0,1.0,0.0,0.0,1.0,2.0,SPRF-ES,DEL02-ES,UOP01-DEL02-ES,1,fatal
2025-11-05,13:30,2025-11-05 13:30:00,2025.0,11.0,quarta,13.0,tarde,ES,CARIACICA,True,101.0,BR-101,288.4,-20.27487744,-40.39231424,Velocidade Incompatível,Saída de leito carroçável,Com Vítimas Feridas,Pleno dia,Crescente,Céu Claro,Múltipla,Reta,Sim,0.0,1.0,3.0,4.0,0.0,0.0,1.0,4.0,SPRF-ES,DEL01-ES,UOP01-DEL01-ES,1,grave
2025-11-05,18:15,2025-11-05 18:15:00,2025.0,11.0,quarta,18.0,noite,ES,SERRA,True,101.0,BR-101,262.3,-20.1535907,-40.27801752,Condutor desrespeitou a iluminação vermelha do semáforo,Colisão transversal,Com Vítimas Feridas,Plena Noite,Crescente,Nublado,Múltipla,Interseção de Vias,Sim,0.0,0.0,1.0,1.0,1.0,1.0,3.0,3.0,SPRF-ES,DEL02-ES,UOP01-DEL02-ES,0,moderado
2025-11-05,18:09,2025-11-05 18:09:00,2025.0,11.0,quarta,18.0,noite,ES,SERRA,True,101.0,BR-101,264.0,-20.22230476,-40.27050161,Ausência de reação do condutor,Colisão traseira,Com Vítimas Feridas,Pleno dia,Decrescente,Céu Claro,Simples,Reta,Não,0.0,0.0,1.0,1.0,1.0,0.0,2.0,2.0,SPRF-ES,DEL02-ES,UOP01-DEL02-ES,0,moderado
2025-11-06,20:10,2025-11-06 20:10:00,2025.0,11.0,quinta,20.0,noite,ES,SERRA,True,101.0,BR-101,264.5,-20.17775167,-40.26560667,Reação tardia ou ineficiente do condutor,Tombamento,Com Vítimas Feridas,Plena Noite,Crescente,Nublado,Múltipla,Reta,Sim,0.0,0.0,1.0,1.0,0.0,0.0,1.0,1.0,SPRF-ES,DEL02-ES,UOP01-DEL02-ES,0,moderado
2025-11-07,12:50,2025-11-07 12:50:00,2025.0,11.0,sexta,12.0,tarde,ES,VIANA,True,262.0,BR-262,17.0,-20.38565,-40.471053,Condutor deixou de manter distância do veículo da frente,Colisão traseira,Com Vítimas Feridas,Pleno dia,Crescente,Nublado,Simples,Reta,Sim,0.0,0.0,1.0,1.0,3.0,0.0,2.0,4.0,SPRF-ES,DEL01-ES,UOP01-DEL01-ES,0,moderado
2025-10-19,05:40,2025-10-19 05:40:00,2025.0,10.0,domingo,5.0,madrugada,ES,SERRA,True,101.0,BR-101,269.0,-20.11139198,-40.32669067,Condutor desrespeitou a iluminação vermelha do semáforo,Colisão transversal,Com Vítimas Feridas,Amanhecer,Decrescente,Nublado,Dupla,Interseção de Vias;Reta,Sim,0.0,0.0,1.0,1.0,1.0,0.0,2.0,2.0,SPRF-ES,DEL02-ES,UOP01-DEL02-ES,0,moderado
2025-11-07,21:00,2025-11-07 21:00:00,2025.0,11.0,sexta,21.0,noite,ES,CARIACICA,True,101.0,BR-101,297.0,-20.344911,-40.410048,Reação tardia ou ineficiente do condutor,Colisão com objeto,Com Vítimas Fatais,Plena Noite,Crescente,Garoa/Chuvisco,Dupla,Aclive;Curva,Não,1.0,0.0,0.0,0.0,0.0,0.0,1.0,1.0,SPRF-ES,DEL01-ES,UOP01-DEL01-ES,1,fatal
2025-11-08,10:40,2025-11-08 10:40:00,2025.0,11.0,sabado,10.0,manha,ES,SERRA,True,101.0,BR-101,265.0,-20.0488582,-40.3867015,Ausência de reação do condutor,Atropelamento de Pedestre,Com Vítimas Feridas,Pleno dia,Crescente,Nublado,Dupla,Reta,Sim,0.0,0.0,2.0,2.0,0.0,1.0,2.0,3.0,SPRF-ES,DEL02-ES,UOP01-DEL02-ES,0,moderado
2025-11-08,22:30,2025-11-08 22:30:00,2025.0,11.0,sabado,22.0,noite,ES,VILA VELHA,True,101.0,BR-101,313.2,-20.45533709,-40.46342467,Animais na Pista,Atropelamento de Animal,Com Vítimas Feridas,Plena Noite,Crescente,Céu Claro,Dupla,Reta,Não,0.0,0.0,1.0,1.0,0.0,0.0,1.0,1.0,SPRF-ES,DEL01-ES,UOP01-DEL01-ES,0,moderado
2025-11-09,00:30,2025-11-09 00:30:00,2025.0,11.0,domingo,0.0,madrugada,ES,SERRA,True,101.0,BR-101,269.6,-20.2231921,-40.2702095,Acessar a via sem observar a presença dos outros veículos,Colisão lateral mesmo sentido,Com Vítimas Feridas,Plena Noite,Decrescente,Nublado,Múltipla,Retorno Regulamentado,Sim,0.0,0.0,2.0,2.0,1.0,0.0,2.0,3.0,SPRF-ES,DEL02-ES,UOP01-DEL02-ES,0,moderado
2025-11-09,22:20,2025-11-09 22:20:00,2025.0,11.0,domingo,22.0,noite,ES,VIANA,True,101.0,BR-101,297.0,-20.351073,-40.41326,Manobra de mudança de faixa,Saída de leito carroçável,Com Vítimas Feridas,Plena Noite,Crescente,Garoa/Chuvisco,Dupla,Curva,Sim,0.0,0.0,2.0,2.0,0.0,0.0,1.0,2.0,SPRF-ES,DEL01-ES,UOP01-DEL01-ES,0,moderado
2025-11-09,23:55,2025-11-09 23:55:00,2025.0,11.0,domingo,23.0,noite,ES,SERRA,True,101.0,BR-101,262.0,-20.13592779,-40.29247721,Ausência de reação do condutor,Colisão traseira,Com Vítimas Feridas,Plena Noite,Crescente,Céu Claro,Simples,Reta,Não,0.0,1.0,2.0,3.0,0.0,0.0,2.0,3.0,SPRF-ES,DEL02-ES,UOP01-DEL02-ES,1,grave
2025-11-10,07:21,2025-11-10 07:21:00,2025.0,11.0,segunda,7.0,manha,ES,CARIACICA,True,101.0,BR-101,293.0,-20.316048,-40.3955,Acumulo de óleo sobre o pavimento,Tombamento,Com Vítimas Feridas,Pleno dia,Decrescente,Nublado,Dupla,Reta,Sim,0.0,0.0,2.0,2.0,0.0,0.0,1.0,2.0,SPRF-ES,DEL01-ES,UOP01-DEL01-ES,0,moderado
2025-11-10,07:50,2025-11-10 07:50:00,2025.0,11.0,segunda,7.0,manha,ES,SERRA,True,101.0,BR-101,278.0,-20.21752,-40.33552,Velocidade Incompatível,Saída de leito carroçável,Com Vítimas Feridas,Pleno dia,Crescente,Nublado,Dupla,Curva;Declive,Não,0.0,0.0,1.0,1.0,0.0,0.0,1.0,1.0,SPRF-ES,DEL02-ES,UOP01-DEL02-ES,0,moderado
2025-11-10,16:00,2025-11-10 16:00:00,2025.0,11.0,segunda,16.0,tarde,ES,SERRA,True,101.0,BR-101,262.2,-20.160165,-40.275838,Manobra de mudança de faixa,Colisão lateral mesmo sentido,Com Vítimas Feridas,Pleno dia,Decrescente,Nublado,Múltipla,Reta;Interseção de Vias;Retorno Regulamentado,Sim,0.0,0.0,1.0,1.0,1.0,0.0,2.0,2.0,SPRF-ES,DEL02-ES,UOP01-DEL02-ES,0,moderado
2025-11-11,06:00,2025-11-11 06:00:00,2025.0,11.0,terca,6.0,manha,ES,SERRA,True,101.0,BR-101,10.0,-20.14579,-40.34384,Suicídio (presumido),Saída de leito carroçável,Com Vítimas Feridas,Plena Noite,Decrescente,Nublado,Dupla,Reta,Não,0.0,0.0,1.0,1.0,0.0,0.0,1.0,1.0,SPRF-ES,DEL02-ES,UOP01-DEL02-ES,0,moderado
2025-10-30,07:30,2025-10-30 07:30:00,2025.0,10.0,quinta,7.0,manha,ES,SERRA,True,101.0,BR-101,266.7,-20.195662,-40.268922,Acessar a via sem observar a presença dos outros veículos,Colisão transversal,Com Vítimas Feridas,Pleno dia,Decrescente,Nublado,Dupla,Retorno Regulamentado;Reta,Sim,0.0,1.0,0.0,1.0,2.0,0.0,2.0,3.0,SPRF-ES,DEL02-ES,UOP01-DEL02-ES,1,grave
2025-11-11,21:20,2025-11-11 21:20:00,2025.0,11.0,terca,21.0,noite,ES,VIANA,True,101.0,BR-101,301.0,-20.363575,-40.440774,Reação tardia ou ineficiente do condutor,Colisão com objeto,Com Vítimas Feridas,Plena Noite,Decrescente,Céu Claro,Múltipla,Curva,Não,0.0,1.0,2.0,3.0,0.0,0.0,1.0,3.0,SPRF-ES,DEL01-ES,UOP01-DEL01-ES,1,grave
2025-11-12,18:50,2025-11-12 18:50:00,2025.0,11.0,quarta,18.0,noite,ES,SERRA,True,101.0,BR-101,271.2,-20.23103408,-40.27947217,Demais falhas mecânicas ou elétricas,Incêndio,Sem Vítimas,Plena Noite,Decrescente,Céu Claro,Múltipla,Retorno Regulamentado,Sim,0.0,0.0,0.0,0.0,1.0,0.0,1.0,1.0,SPRF-ES,DEL02-ES,UOP01-DEL02-ES,0,baixo
2025-11-14,07:57,2025-11-14 07:57:00,2025.0,11.0,sexta,7.0,manha,ES,SERRA,True,101.0,BR-101,263.9,-20.17284167,-40.26738333,Condutor deixou de manter distância do veículo da frente,Colisão traseira,Com Vítimas Feridas,Pleno dia,Crescente,Sol,Múltipla,Reta,Não,0.0,1.0,1.0,2.0,0.0,0.0,2.0,2.0,SPRF-ES,DEL02-ES,UOP01-DEL02-ES,1,grave
2025-11-14,15:13,2025-11-14 15:13:00,2025.0,11.0,sexta,15.0,tarde,ES,SERRA,True,101.0,BR-101,246.1,-20.06466,-40.37609,Demais falhas mecânicas ou elétricas,Colisão com objeto,Com Vítimas Feridas,Pleno dia,Crescente,Céu Claro,Dupla,Reta;Em Obras;Declive,Não,0.0,0.0,1.0,1.0,2.0,0.0,2.0,3.0,SPRF-ES,DEL02-ES,UOP01-DEL02-ES,0,moderado
2025-11-15,00:20,2025-11-15 00:20:00,2025.0,11.0,sabado,0.0,madrugada,ES,SERRA,True,101.0,BR-101,260.8,-20.14740833,-40.28014833,Acesso irregular,Tombamento,Com Vítimas Feridas,Plena Noite,Crescente,Céu Claro,Dupla,Curva,Sim,0.0,0.0,1.0,1.0,0.0,1.0,1.0,2.0,SPRF-ES,DEL02-ES,UOP01-DEL02-ES,0,moderado
2025-11-15,08:30,2025-11-15 08:30:00,2025.0,11.0,sabado,8.0,manha,ES,VIANA,True,101.0,BR-101,304.0,-20.3811397,-40.4567558,Ausência de reação do condutor,Colisão traseira,Com Vítimas Feridas,Pleno dia,Crescente,Sol,Dupla,Reta,Sim,0.0,0.0,1.0,1.0,1.0,0.0,2.0,2.0,SPRF-ES,DEL01-ES,UOP01-DEL01-ES,0,moderado
2025-11-15,09:20,2025-11-15 09:20:00,2025.0,11.0,sabado,9.0,manha,ES,CARIACICA,True,101.0,BR-101,284.0,-20.2483959,-40.3707993,Ausência de reação do condutor,Queda de ocupante de veículo,Com Vítimas Feridas,Pleno dia,Crescente,Céu Claro,Dupla,Reta,Não,0.0,0.0,2.0,2.0,0.0,0.0,1.0,2.0,SPRF-ES,DEL01-ES,UOP01-DEL01-ES,0,moderado
2025-11-15,09:50,2025-11-15 09:50:00,2025.0,11.0,sabado,9.0,manha,ES,VIANA,True,101.0,BR-101,299.8,-20.3574457,-40.42419434,Acessar a via sem observar a presença dos outros veículos,Colisão frontal,Com Vítimas Feridas,Pleno dia,Crescente,Sol,Dupla,Retorno Regulamentado,Sim,0.0,0.0,1.0,1.0,1.0,0.0,2.0,2.0,SPRF-ES,DEL01-ES,UOP01-DEL01-ES,0,moderado
2025-11-15,14:50,2025-11-15 14:50:00,2025.0,11.0,sabado,14.0,tarde,ES,GUARAPARI,True,101.0,BR-101,343.0,-20.663552,-40.594615,Ausência de reação do condutor,Colisão com objeto,Com Vítimas Feridas,Pleno dia,Crescente,Nublado,Dupla,Curva,Não,0.0,0.0,1.0,1.0,2.0,0.0,2.0,3.0,SPRF-ES,DEL03-ES,UOP01-DEL03-ES,0,moderado
2025-11-16,00:15,2025-11-16 00:15:00,2025.0,11.0,domingo,0.0,madrugada,ES,SERRA,True,101.0,BR-101,267.0,-20.22124525,-40.27041574,Acessar a via sem observar a presença dos outros veículos,Colisão traseira,Com Vítimas Feridas,Plena Noite,Crescente,Céu Claro,Dupla,Reta,Sim,0.0,0.0,1.0,1.0,0.0,1.0,2.0,2.0,SPRF-ES,DEL02-ES,UOP01-DEL02-ES,0,moderado
2025-11-17,09:23,2025-11-17 09:23:00,2025.0,11.0,segunda,9.0,manha,ES,SERRA,True,101.0,BR-101,256.0,-20.12233268,-40.30568361,Acessar a via sem observar a presença dos outros veículos,Atropelamento de Pedestre,Com Vítimas Feridas,Pleno dia,Crescente,Nublado,Simples,Reta,Não,0.0,0.0,1.0,1.0,1.0,0.0,2.0,2.0,SPRF-ES,DEL02-ES,UOP01-DEL02-ES,0,moderado
2025-11-17,10:10,2025-11-17 10:10:00,2025.0,11.0,segunda,10.0,manha,ES,CARIACICA,True,101.0,BR-101,290.0,-20.29184775,-40.39198017,Condutor deixou de manter distância do veículo da frente,Colisão traseira,Com Vítimas Feridas,Pleno dia,Decrescente,Nublado,Dupla,Reta,Não,0.0,2.0,0.0,2.0,1.0,0.0,2.0,3.0,SPRF-ES,DEL01-ES,UOP01-DEL01-ES,1,grave
2025-11-17,12:53,2025-11-17 12:53:00,2025.0,11.0,segunda,12.0,tarde,ES,SERRA,True,101.0,BR-101,265.0,-20.182903,-40.266,Manobra de mudança de faixa,Colisão lateral mesmo sentido,Com Vítimas Feridas,Pleno dia,Decrescente,Nublado,Múltipla,Reta,Sim,0.0,0.0,1.0,1.0,1.0,0.0,2.0,2.0,SPRF-ES,DEL02-ES,UOP01-DEL02-ES,0,moderado
2025-11-17,15:00,2025-11-17 15:00:00,2025.0,11.0,segunda,15.0,tarde,ES,SERRA,True,101.0,BR-101,277.0,-20.2169,-40.328888,Reação tardia ou ineficiente do condutor,Colisão com objeto,Com Vítimas Feridas,Pleno dia,Decrescente,Céu Claro,Dupla,Reta,Não,0.0,0.0,1.0,1.0,0.0,1.0,1.0,2.0,SPRF-ES,DEL02-ES,UOP01-DEL02-ES,0,moderado
2025-11-17,18:01,2025-11-17 18:01:00,2025.0,11.0,segunda,18.0,noite,ES,SERRA,True,101.0,BR-101,247.0,-20.0682195,-40.37198067,Demais falhas mecânicas ou elétricas,Tombamento,Com Vítimas Feridas,Pleno dia,Decrescente,Céu Claro,Simples,Reta,Não,0.0,0.0,2.0,2.0,0.0,0.0,1.0,2.0,SPRF-ES,DEL02-ES,UOP01-DEL02-ES,0,moderado
2025-11-19,09:15,2025-11-19 09:15:00,2025.0,11.0,quarta,9.0,manha,ES,VIANA,True,101.0,BR-101,299.8,-20.3573382,-40.4299421,Ausência de reação do condutor,Colisão lateral sentido oposto,Com Vítimas Feridas,Pleno dia,Crescente,Céu Claro,Simples,Reta,Sim,0.0,0.0,2.0,2.0,1.0,0.0,2.0,3.0,SPRF-ES,DEL01-ES,UOP01-DEL01-ES,0,moderado
2025-11-20,07:15,2025-11-20 07:15:00,2025.0,11.0,quinta,7.0,manha,ES,SERRA,True,101.0,BR-101,276.0,-20.0488699,-40.3866955,Reação tardia ou ineficiente do condutor,Colisão com objeto,Com Vítimas Feridas,Pleno dia,Crescente,Céu Claro,Dupla,Reta,Não,0.0,0.0,1.0,1.0,0.0,0.0,1.0,1.0,SPRF-ES,DEL02-ES,UOP01-DEL02-ES,0,moderado
2025-11-20,14:45,2025-11-20 14:45:00,2025.0,11.0,quinta,14.0,tarde,ES,FUNDAO,True,101.0,BR-101,235.8,-19.9821246,-40.4131256,Reação tardia ou ineficiente do condutor,Saída de leito carroçável,Com Vítimas Feridas,Pleno dia,Crescente,Sol,Simples,Curva,Não,0.0,1.0,0.0,1.0,0.0,0.0,1.0,1.0,SPRF-ES,DEL02-ES,UOP01-DEL02-ES,1,grave
2025-11-20,18:50,2025-11-20 18:50:00,2025.0,11.0,quinta,18.0,noite,ES,SERRA,True,101.0,BR-101,5.0,-20.09557398,-40.35487314,Reação tardia ou ineficiente do condutor,Colisão com objeto,Com Vítimas Feridas,Plena Noite,Crescente,Céu Claro,Dupla,Reta,Não,0.0,0.0,1.0,1.0,0.0,0.0,1.0,1.0,SPRF-ES,DEL04-ES,UOP02-DEL04-ES,0,moderado
2025-11-20,21:35,2025-11-20 21:35:00,2025.0,11.0,quinta,21.0,noite,ES,SERRA,True,101.0,BR-101,245.0,-20.04007795,-40.39273658,Reação tardia ou ineficiente do condutor,Queda de ocupante de veículo,Com Vítimas Feridas,Plena Noite,Crescente,Nublado,Simples,Declive,Não,0.0,0.0,1.0,1.0,0.0,0.0,1.0,1.0,SPRF-ES,DEL02-ES,UOP01-DEL02-ES,0,moderado
2025-11-21,06:45,2025-11-21 06:45:00,2025.0,11.0,sexta,6.0,manha,ES,CARIACICA,True,101.0,BR-101,296.0,-20.34336949,-40.40617252,Manobra de mudança de faixa,Colisão lateral mesmo sentido,Com Vítimas Feridas,Pleno dia,Crescente,Céu Claro,Dupla,Curva;Viaduto,Sim,0.0,1.0,0.0,1.0,1.0,0.0,2.0,2.0,SPRF-ES,DEL01-ES,UOP01-DEL01-ES,1,grave
2025-11-21,05:50,2025-11-21 05:50:00,2025.0,11.0,sexta,5.0,madrugada,ES,CARIACICA,True,101.0,BR-101,293.0,-20.31615636,-40.39581656,Avarias e/ou desgaste excessivo no pneu,Tombamento,Com Vítimas Feridas,Amanhecer,Decrescente,Céu Claro,Múltipla,Reta,Sim,0.0,0.0,2.0,2.0,0.0,0.0,1.0,2.0,SPRF-ES,DEL01-ES,UOP01-DEL01-ES,0,moderado
2025-11-21,12:52,2025-11-21 12:52:00,2025.0,11.0,sexta,12.0,tarde,ES,VIANA,True,262.0,BR-262,16.0,-20.3840281,-40.46566582,Acessar a via sem observar a presença dos outros veículos,Colisão lateral mesmo sentido,Com Vítimas Feridas,Pleno dia,Crescente,Céu Claro,Simples,Reta,Sim,0.0,1.0,1.0,2.0,1.0,0.0,2.0,3.0,SPRF-ES,DEL01-ES,UOP01-DEL01-ES,1,grave
2025-11-21,21:00,2025-11-21 21:00:00,2025.0,11.0,sexta,21.0,noite,ES,SERRA,True,101.0,BR-101,263.9,-20.17303671,-40.26733875,Condutor desrespeitou a iluminação vermelha do semáforo,Atropelamento de Pedestre,Com Vítimas Feridas,Plena Noite,Decrescente,Nublado,Dupla,Interseção de Vias;Reta,Sim,0.0,0.0,1.0,1.0,0.0,1.0,2.0,2.0,SPRF-ES,DEL02-ES,UOP01-DEL02-ES,0,moderado
2025-11-21,21:50,2025-11-21 21:50:00,2025.0,11.0,sexta,21.0,noite,ES,SERRA,True,101.0,BR-101,267.9,-20.207961,-40.269408,Reação tardia ou ineficiente do condutor,Colisão traseira,Com Vítimas Feridas,Plena Noite,Crescente,Céu Claro,Múltipla,Reta,Sim,0.0,0.0,2.0,2.0,1.0,0.0,2.0,3.0,SPRF-ES,DEL02-ES,UOP01-DEL02-ES,0,moderado
2025-11-22,08:10,2025-11-22 08:10:00,2025.0,11.0,sabado,8.0,manha,ES,SERRA,True,101.0,BR-101,271.0,-20.22986,-40.28137,Semáforo com defeito,Colisão traseira,Com Vítimas Feridas,Pleno dia,Crescente,Céu Claro,Dupla,Reta;Interseção de Vias,Sim,0.0,0.0,1.0,1.0,2.0,0.0,2.0,3.0,SPRF-ES,DEL02-ES,UOP01-DEL02-ES,0,moderado
2025-11-23,01:05,2025-11-23 01:05:00,2025.0,11.0,domingo,1.0,madrugada,ES,CARIACICA,True,101.0,BR-101,293.7,-20.32144249,-40.39581506,Condutor Dormindo,Colisão com objeto,Com Vítimas Feridas,Plena Noite,Crescente,Céu Claro,Múltipla,Reta,Não,0.0,0.0,1.0,1.0,0.0,0.0,1.0,1.0,SPRF-ES,DEL01-ES,UOP01-DEL01-ES,0,moderado
2025-11-23,15:50,2025-11-23 15:50:00,2025.0,11.0,domingo,15.0,tarde,ES,SERRA,True,101.0,BR-101,281.4,-20.22416662,-40.36014805,Reação tardia ou ineficiente do condutor,Colisão traseira,Com Vítimas Feridas,Pleno dia,Decrescente,Nublado,Dupla,Reta,Não,0.0,0.0,1.0,1.0,2.0,0.0,3.0,3.0,SPRF-ES,DEL02-ES,UOP01-DEL02-ES,0,moderado
2025-11-23,18:50,2025-11-23 18:50:00,2025.0,11.0,domingo,18.0,noite,ES,SERRA,True,101.0,BR-101,262.0,-20.12313859,-40.30983926,Condutor deixou de manter distância do veículo da frente,Colisão traseira,Com Vítimas Feridas,Plena Noite,Crescente,Céu Claro,Dupla,Reta,Sim,0.0,2.0,0.0,2.0,3.0,0.0,2.0,5.0,SPRF-ES,DEL02-ES,UOP01-DEL02-ES,1,grave
2025-11-24,06:25,2025-11-24 06:25:00,2025.0,11.0,segunda,6.0,manha,ES,SERRA,True,101.0,BR-101,245.5,-20.0488473,-40.3867012,Ultrapassagem Indevida,Colisão lateral mesmo sentido,Sem Vítimas,Amanhecer,Crescente,Nublado,Simples,Reta,Não,0.0,0.0,0.0,0.0,2.0,0.0,2.0,2.0,SPRF-ES,DEL02-ES,UOP01-DEL02-ES,0,baixo
2025-11-24,06:40,2025-11-24 06:40:00,2025.0,11.0,segunda,6.0,manha,ES,CARIACICA,True,101.0,BR-101,288.5,-20.27485826,-40.39220095,Reação tardia ou ineficiente do condutor,Colisão lateral mesmo sentido,Com Vítimas Feridas,Pleno dia,Decrescente,Nublado,Dupla,Reta,Sim,0.0,0.0,1.0,1.0,2.0,0.0,2.0,3.0,SPRF-ES,DEL01-ES,UOP01-DEL01-ES,0,moderado
2025-11-04,07:50,2025-11-04 07:50:00,2025.0,11.0,terca,7.0,manha,ES,SERRA,True,101.0,BR-101,270.5,-20.22896003,-40.27210611,Trafegar com motocicleta (ou similar) entre as faixas,Colisão lateral mesmo sentido,Com Vítimas Feridas,Pleno dia,Crescente,Céu Claro,Múltipla,Reta,Sim,0.0,0.0,1.0,1.0,0.0,1.0,2.0,2.0,SPRF-ES,DEL02-ES,UOP01-DEL02-ES,0,moderado
2025-11-24,21:40,2025-11-24 21:40:00,2025.0,11.0,segunda,21.0,noite,ES,CARIACICA,True,101.0,BR-101,294.0,-20.32446078,-40.39551465,Velocidade Incompatível,Colisão com objeto,Com Vítimas Feridas,Plena Noite,Crescente,Chuva,Múltipla,Curva;Declive,Não,0.0,1.0,0.0,1.0,0.0,0.0,1.0,1.0,SPRF-ES,DEL01-ES,UOP01-DEL01-ES,1,grave
2025-11-25,15:10,2025-11-25 15:10:00,2025.0,11.0,terca,15.0,tarde,ES,CARIACICA,True,101.0,BR-101,288.9,-20.27910928,-40.39280987,Desrespeitar a preferência no cruzamento,Colisão transversal,Com Vítimas Feridas,Pleno dia,Decrescente,Nublado,Dupla,Reta;Retorno Regulamentado,Sim,0.0,0.0,1.0,1.0,1.0,0.0,2.0,2.0,SPRF-ES,DEL01-ES,UOP01-DEL01-ES,0,moderado
2025-11-25,18:30,2025-11-25 18:30:00,2025.0,11.0,terca,18.0,noite,ES,SERRA,True,101.0,BR-101,269.0,-20.21990742,-40.27025521,Pedestre cruzava a pista fora da faixa,Atropelamento de Pedestre,Com Vítimas Feridas,Plena Noite,Crescente,Chuva,Múltipla,Reta,Sim,0.0,0.0,2.0,2.0,0.0,0.0,2.0,2.0,SPRF-ES,DEL02-ES,UOP01-DEL02-ES,0,moderado
2025-11-26,06:40,2025-11-26 06:40:00,2025.0,11.0,quarta,6.0,manha,ES,SERRA,True,101.0,BR-101,278.6,-20.21775875,-40.3343353,Trafegar com motocicleta (ou similar) entre as faixas,Colisão transversal,Com Vítimas Feridas,Pleno dia,Decrescente,Sol,Simples,Reta;Aclive,Não,0.0,1.0,0.0,1.0,1.0,0.0,2.0,2.0,SPRF-ES,DEL02-ES,UOP01-DEL02-ES,1,grave
2025-11-27,01:30,2025-11-27 01:30:00,2025.0,11.0,quinta,1.0,madrugada,ES,SERRA,True,101.0,BR-101,269.9,-20.223609,-40.270345,Retorno proibido,Colisão transversal,Com Vítimas Feridas,Plena Noite,Decrescente,Céu Claro,Múltipla,Reta,Sim,0.0,0.0,2.0,2.0,1.0,0.0,2.0,3.0,SPRF-ES,DEL02-ES,UOP01-DEL02-ES,0,moderado
2025-11-28,07:57,2025-11-28 07:57:00,2025.0,11.0,sexta,7.0,manha,ES,CARIACICA,True,101.0,BR-101,289.1,-20.27909698,-40.39274502,Acessar a via sem observar a presença dos outros veículos,Colisão transversal,Com Vítimas Feridas,Pleno dia,Decrescente,Céu Claro,Dupla,Retorno Regulamentado,Não,0.0,1.0,0.0,1.0,1.0,0.0,2.0,2.0,SPRF-ES,DEL01-ES,UOP01-DEL01-ES,1,grave
2025-11-28,11:45,2025-11-28 11:45:00,2025.0,11.0,sexta,11.0,manha,ES,VIANA,True,101.0,BR-101,300.1,-20.3585693,-40.43207693,Transitar no Acostamento,Colisão lateral sentido oposto,Com Vítimas Feridas,Pleno dia,Decrescente,Céu Claro,Dupla,Reta,Sim,0.0,0.0,1.0,1.0,1.0,1.0,3.0,3.0,SPRF-ES,DEL01-ES,UOP01-DEL01-ES,0,moderado
2025-11-12,12:00,2025-11-12 12:00:00,2025.0,11.0,quarta,12.0,tarde,ES,SERRA,True,101.0,BR-101,268.0,-20.208733,-40.269764,Reação tardia ou ineficiente do condutor,Colisão traseira,Com Vítimas Feridas,Pleno dia,Crescente,Céu Claro,Dupla,Reta,Sim,0.0,0.0,1.0,1.0,1.0,0.0,2.0,2.0,SPRF-ES,DEL02-ES,UOP01-DEL02-ES,0,moderado
2025-11-28,18:29,2025-11-28 18:29:00,2025.0,11.0,sexta,18.0,noite,ES,CARIACICA,True,101.0,BR-101,284.1,-20.243704,-40.369835,Trafegar com motocicleta (ou similar) entre as faixas,Colisão lateral mesmo sentido,Com Vítimas Feridas,Plena Noite,Crescente,Céu Claro,Dupla,Reta,Não,0.0,1.0,0.0,1.0,1.0,0.0,2.0,2.0,SPRF-ES,DEL01-ES,UOP01-DEL01-ES,1,grave
2025-11-29,01:15,2025-11-29 01:15:00,2025.0,11.0,sabado,1.0,madrugada,ES,SERRA,True,101.0,BR-101,266.0,-20.195,-40.269,Condutor Dormindo,Colisão com objeto,Com Vítimas Feridas,Plena Noite,Crescente,Céu Claro,Dupla,Reta,Não,0.0,0.0,1.0,1.0,0.0,0.0,1.0,1.0,SPRF-ES,DEL02-ES,UOP01-DEL02-ES,0,moderado
2025-11-29,10:00,2025-11-29 10:00:00,2025.0,11.0,sabado,10.0,manha,ES,SERRA,True,101.0,BR-101,268.0,-20.215477,-40.26965,Avarias e/ou desgaste excessivo no pneu,Tombamento,Com Vítimas Feridas,Pleno dia,Crescente,Céu Claro,Múltipla,Reta,Sim,0.0,0.0,2.0,2.0,0.0,0.0,1.0,2.0,SPRF-ES,DEL02-ES,UOP01-DEL02-ES,0,moderado
2025-11-29,12:40,2025-11-29 12:40:00,2025.0,11.0,sabado,12.0,tarde,ES,SERRA,True,101.0,BR-101,241.0,-20.03502428,-40.39516926,Frear bruscamente,Colisão com objeto,Com Vítimas Feridas,Pleno dia,Crescente,Céu Claro,Simples,Reta,Não,0.0,0.0,1.0,1.0,1.0,0.0,1.0,2.0,SPRF-ES,DEL02-ES,UOP01-DEL02-ES,0,moderado
2025-11-29,12:00,2025-11-29 12:00:00,2025.0,11.0,sabado,12.0,tarde,ES,SERRA,True,101.0,BR-101,264.5,-20.17856647,-40.26523501,Condutor desrespeitou a iluminação vermelha do semáforo,Colisão transversal,Com Vítimas Feridas,Pleno dia,Decrescente,Céu Claro,Múltipla,Interseção de Vias,Sim,0.0,0.0,1.0,1.0,1.0,1.0,2.0,3.0,SPRF-ES,DEL02-ES,UOP01-DEL02-ES,0,moderado
2025-11-29,18:30,2025-11-29 18:30:00,2025.0,11.0,sabado,18.0,noite,ES,GUARAPARI,True,101.0,BR-101,338.9,-20.643601,-40.557605,Reação tardia ou ineficiente do condutor,Tombamento,Com Vítimas Feridas,Plena Noite,Crescente,Céu Claro,Dupla,Curva,Não,0.0,0.0,1.0,1.0,0.0,0.0,1.0,1.0,SPRF-ES,DEL03-ES,UOP01-DEL03-ES,0,moderado
2025-11-30,00:56,2025-11-30 00:56:00,2025.0,11.0,domingo,0.0,madrugada,ES,VIANA,True,262.0,BR-262,25.0,-20.37982037,-40.53944048,Ausência de reação do condutor,Colisão com objeto,Sem Vítimas,Plena Noite,Decrescente,Nublado,Simples,Reta,Não,0.0,0.0,0.0,0.0,0.0,1.0,1.0,1.0,SPRF-ES,DEL01-ES,UOP01-DEL01-ES,0,baixo
2025-11-30,14:30,2025-11-30 14:30:00,2025.0,11.0,domingo,14.0,tarde,ES,VIANA,True,101.0,BR-101,301.9,-20.36915421,-40.44419241,Transitar na contramão,Colisão transversal,Com Vítimas Feridas,Pleno dia,Crescente,Céu Claro,Dupla,Interseção de Vias;Viaduto;Retorno Regulamentado,Sim,0.0,0.0,1.0,1.0,1.0,0.0,2.0,2.0,SPRF-ES,DEL01-ES,UOP01-DEL01-ES,0,moderado
2025-11-30,16:20,2025-11-30 16:20:00,2025.0,11.0,domingo,16.0,tarde,ES,VIANA,True,101.0,BR-101,304.0,-20.38281969,-40.45924783,Ausência de reação do condutor,Colisão traseira,Com Vítimas Feridas,Pleno dia,Decrescente,Céu Claro,Dupla,Reta,Não,0.0,0.0,1.0,1.0,2.0,0.0,3.0,3.0,SPRF-ES,DEL01-ES,UOP01-DEL01-ES,0,moderado
2025-11-30,19:31,2025-11-30 19:31:00,2025.0,11.0,domingo,19.0,noite,ES,SERRA,True,101.0,BR-101,268.8,-20.22178,-40.27003,Condutor desrespeitou a iluminação vermelha do semáforo,Colisão transversal,Com Vítimas Feridas,Plena Noite,Decrescente,Céu Claro,Dupla,Interseção de Vias;Reta,Sim,0.0,0.0,1.0,1.0,0.0,2.0,2.0,3.0,SPRF-ES,DEL02-ES,UOP01-DEL02-ES,0,moderado
2025-12-01,06:40,2025-12-01 06:40:00,2025.0,12.0,segunda,6.0,manha,ES,VIANA,True,101.0,BR-101,297.0,-20.34947557,-40.41257501,Animais na Pista,Tombamento,Com Vítimas Feridas,Pleno dia,Crescente,Céu Claro,Múltipla,Reta,Sim,0.0,0.0,1.0,1.0,1.0,0.0,1.0,2.0,SPRF-ES,DEL01-ES,UOP01-DEL01-ES,0,moderado
2025-12-01,09:20,2025-12-01 09:20:00,2025.0,12.0,segunda,9.0,manha,ES,SERRA,True,101.0,BR-101,268.5,-20.212882,-40.269644,Manobra de mudança de faixa,Colisão lateral mesmo sentido,Com Vítimas Feridas,Pleno dia,Decrescente,Sol,Dupla,Reta,Sim,0.0,0.0,1.0,1.0,1.0,0.0,2.0,2.0,SPRF-ES,DEL02-ES,UOP01-DEL02-ES,0,moderado
2025-12-01,18:50,2025-12-01 18:50:00,2025.0,12.0,segunda,18.0,noite,ES,CARIACICA,True,101.0,BR-101,296.0,-20.340234,-40.40419579,Trafegar com motocicleta (ou similar) entre as faixas,Colisão traseira,Com Vítimas Feridas,Plena Noite,Decrescente,Céu Claro,Múltipla,Interseção de Vias,Sim,0.0,0.0,1.0,1.0,1.0,0.0,2.0,2.0,SPRF-ES,DEL01-ES,UOP01-DEL01-ES,0,moderado
2025-12-02,12:00,2025-12-02 12:00:00,2025.0,12.0,terca,12.0,tarde,ES,CARIACICA,True,101.0,BR-101,289.9,-20.29580478,-40.39365856,Demais falhas na via,Colisão transversal,Com Vítimas Feridas,Pleno dia,Crescente,Céu Claro,Dupla,Reta;Retorno Regulamentado,Não,0.0,0.0,1.0,1.0,0.0,2.0,3.0,3.0,SPRF-ES,DEL01-ES,UOP01-DEL01-ES,0,moderado
2025-12-02,13:00,2025-12-02 13:00:00,2025.0,12.0,terca,13.0,tarde,ES,SERRA,True,101.0,BR-101,260.0,-20.1696543,-40.26997107,Manobra de mudança de faixa,Colisão traseira,Com Vítimas Feridas,Pleno dia,Decrescente,Céu Claro,Dupla,Reta;Aclive,Não,0.0,0.0,1.0,1.0,1.0,0.0,2.0,2.0,SPRF-ES,DEL02-ES,UOP01-DEL02-ES,0,moderado
2025-12-02,18:50,2025-12-02 18:50:00,2025.0,12.0,terca,18.0,noite,ES,SERRA,True,101.0,BR-101,267.1,-20.2013021,-40.2688101,Manobra de mudança de faixa,Colisão lateral mesmo sentido,Com Vítimas Feridas,Plena Noite,Crescente,Céu Claro,Múltipla,Reta,Sim,0.0,1.0,1.0,2.0,1.0,0.0,2.0,3.0,SPRF-ES,DEL02-ES,UOP01-DEL02-ES,1,grave
2025-12-03,09:20,2025-12-03 09:20:00,2025.0,12.0,quarta,9.0,manha,ES,SERRA,True,101.0,BR-101,265.2,-20.1841415,-40.26664853,Transitar na contramão,Colisão frontal,Com Vítimas Feridas,Pleno dia,Decrescente,Céu Claro,Múltipla,Aclive;Reta,Sim,0.0,1.0,0.0,1.0,1.0,0.0,2.0,2.0,SPRF-ES,DEL02-ES,UOP01-DEL02-ES,1,grave
2025-12-03,13:15,2025-12-03 13:15:00,2025.0,12.0,quarta,13.0,tarde,ES,VIANA,True,262.0,BR-262,19.5,-20.39189406,-40.49034834,Ausência de reação do condutor,Colisão traseira,Com Vítimas Feridas,Pleno dia,Decrescente,Nublado,Simples,Reta,Sim,0.0,0.0,1.0,1.0,1.0,0.0,2.0,2.0,SPRF-ES,DEL01-ES,UOP01-DEL01-ES,0,moderado
2025-10-09,18:16,2025-10-09 18:16:00,2025.0,10.0,quinta,18.0,noite,ES,CARIACICA,True,101.0,BR-101,289.1,-20.281178,-40.393028,Reação tardia ou ineficiente do condutor,Queda de ocupante de veículo,Com Vítimas Feridas,Plena Noite,Crescente,Garoa/Chuvisco,Dupla,Declive;Curva,Sim,0.0,0.0,2.0,2.0,0.0,0.0,1.0,2.0,SPRF-ES,DEL01-ES,UOP01-DEL01-ES,0,moderado
2025-12-03,16:30,2025-12-03 16:30:00,2025.0,12.0,quarta,16.0,tarde,ES,VIANA,True,101.0,BR-101,297.9,-20.35170871,-40.41286469,Condutor deixou de manter distância do veículo da frente,Colisão lateral mesmo sentido,Com Vítimas Feridas,Pleno dia,Decrescente,Nublado,Dupla,Reta,Sim,0.0,0.0,1.0,1.0,1.0,0.0,2.0,2.0,SPRF-ES,DEL01-ES,UOP01-DEL01-ES,0,moderado
2025-12-03,19:00,2025-12-03 19:00:00,2025.0,12.0,quarta,19.0,noite,ES,CARIACICA,True,101.0,BR-101,294.0,-20.32960171,-40.39912271,Pista Escorregadia,Tombamento,Com Vítimas Feridas,Plena Noite,Crescente,Chuva,Dupla,Reta,Sim,0.0,0.0,1.0,1.0,0.0,0.0,1.0,1.0,SPRF-ES,DEL01-ES,UOP01-DEL01-ES,0,moderado
2025-12-04,06:10,2025-12-04 06:10:00,2025.0,12.0,quinta,6.0,manha,ES,SERRA,True,101.0,BR-101,270.5,-20.2212404,-40.27022158,Reação tardia ou ineficiente do condutor,Tombamento,Com Vítimas Feridas,Pleno dia,Crescente,Céu Claro,Múltipla,Reta,Não,0.0,0.0,1.0,1.0,0.0,0.0,1.0,1.0,SPRF-ES,DEL02-ES,UOP01-DEL02-ES,0,moderado
2025-12-05,08:30,2025-12-05 08:30:00,2025.0,12.0,sexta,8.0,manha,ES,CARIACICA,True,101.0,BR-101,290.0,-20.29561359,-40.3936014,Manobra de mudança de faixa,Colisão lateral mesmo sentido,Com Vítimas Feridas,Pleno dia,Decrescente,Céu Claro,Dupla,Reta,Sim,0.0,0.0,1.0,1.0,0.0,1.0,2.0,2.0,SPRF-ES,DEL01-ES,UOP01-DEL01-ES,0,moderado
2025-12-05,16:26,2025-12-05 16:26:00,2025.0,12.0,sexta,16.0,tarde,ES,SERRA,True,101.0,BR-101,270.0,-20.2179094,-40.35273671,Entrada inopinada do pedestre,Atropelamento de Pedestre,Com Vítimas Feridas,Pleno dia,Crescente,Céu Claro,Dupla,Reta,Não,0.0,0.0,1.0,1.0,1.0,0.0,2.0,2.0,SPRF-ES,DEL02-ES,UOP01-DEL02-ES,0,moderado
2025-12-06,11:40,2025-12-06 11:40:00,2025.0,12.0,sabado,11.0,manha,ES,VIANA,True,101.0,BR-101,298.4,-20.35572412,-40.41733788,Ausência de reação do condutor,Tombamento,Com Vítimas Feridas,Pleno dia,Decrescente,Céu Claro,Múltipla,Reta,Sim,0.0,0.0,1.0,1.0,0.0,0.0,1.0,1.0,SPRF-ES,DEL01-ES,UOP01-DEL01-ES,0,moderado
2025-12-08,07:40,2025-12-08 07:40:00,2025.0,12.0,segunda,7.0,manha,ES,CARIACICA,True,101.0,BR-101,289.7,-20.28418637,-40.39286321,Manobra de mudança de faixa,Colisão traseira,Com Vítimas Feridas,Pleno dia,Crescente,Céu Claro,Dupla,Reta;Aclive,Não,0.0,0.0,1.0,1.0,1.0,0.0,2.0,2.0,SPRF-ES,DEL01-ES,UOP01-DEL01-ES,0,moderado
2025-12-08,09:40,2025-12-08 09:40:00,2025.0,12.0,segunda,9.0,manha,ES,SERRA,True,101.0,BR-101,7.6,-20.12142,-40.34232,Condutor Dormindo,Colisão com objeto,Com Vítimas Feridas,Pleno dia,Crescente,Céu Claro,Dupla,Reta,Não,0.0,1.0,0.0,1.0,1.0,0.0,1.0,2.0,SPRF-ES,DEL02-ES,UOP01-DEL02-ES,1,grave
2025-12-08,11:10,2025-12-08 11:10:00,2025.0,12.0,segunda,11.0,manha,ES,SERRA,True,101.0,BR-101,269.0,-20.22393,-40.27055,Manobra de mudança de faixa,Colisão lateral mesmo sentido,Com Vítimas Feridas,Pleno dia,Crescente,Céu Claro,Dupla,Reta,Sim,0.0,1.0,0.0,1.0,1.0,1.0,3.0,3.0,SPRF-ES,DEL02-ES,UOP01-DEL02-ES,1,grave
2025-12-08,11:00,2025-12-08 11:00:00,2025.0,12.0,segunda,11.0,manha,ES,CARIACICA,True,101.0,BR-101,290.5,-20.29504551,-40.39338112,Manobra de mudança de faixa,Colisão transversal,Com Vítimas Feridas,Pleno dia,Decrescente,Céu Claro,Dupla,Retorno Regulamentado,Não,0.0,0.0,1.0,1.0,1.0,2.0,3.0,4.0,SPRF-ES,DEL01-ES,UOP01-DEL01-ES,0,moderado
2025-12-10,06:40,2025-12-10 06:40:00,2025.0,12.0,quarta,6.0,manha,ES,GUARAPARI,True,101.0,BR-101,332.3,-20.61234008,-40.51075459,Velocidade Incompatível,Colisão com objeto,Com Vítimas Feridas,Pleno dia,Crescente,Chuva,Dupla,Curva,Não,0.0,0.0,1.0,1.0,0.0,0.0,1.0,1.0,SPRF-ES,DEL03-ES,UOP01-DEL03-ES,0,moderado
2025-12-10,07:30,2025-12-10 07:30:00,2025.0,12.0,quarta,7.0,manha,ES,SERRA,True,101.0,BR-101,265.0,-20.18999587,-40.26842147,Ausência de reação do condutor,Queda de ocupante de veículo,Com Vítimas Feridas,Pleno dia,Crescente,Nublado,Múltipla,Interseção de Vias,Sim,0.0,0.0,1.0,1.0,0.0,0.0,1.0,1.0,SPRF-ES,DEL02-ES,UOP01-DEL02-ES,0,moderado
2025-12-11,07:30,2025-12-11 07:30:00,2025.0,12.0,quinta,7.0,manha,ES,SERRA,True,101.0,BR-101,256.0,-20.11769523,-40.31380177,Acessar a via sem observar a presença dos outros veículos,Colisão lateral mesmo sentido,Com Vítimas Feridas,Pleno dia,Crescente,Céu Claro,Simples,Reta,Sim,0.0,0.0,1.0,1.0,1.0,0.0,2.0,2.0,SPRF-ES,DEL02-ES,UOP01-DEL02-ES,0,moderado
2025-12-12,16:27,2025-12-12 16:27:00,2025.0,12.0,sexta,16.0,tarde,ES,VIANA,True,262.0,BR-262,16.5,-20.384519,-40.468403,Condutor deixou de manter distância do veículo da frente,Colisão traseira,Com Vítimas Feridas,Pleno dia,Crescente,Nublado,Simples,Reta,Não,0.0,0.0,1.0,1.0,1.0,0.0,2.0,2.0,SPRF-ES,DEL01-ES,UOP01-DEL01-ES,0,moderado
2025-12-12,21:50,2025-12-12 21:50:00,2025.0,12.0,sexta,21.0,noite,ES,CARIACICA,True,101.0,BR-101,284.3,-20.24466117,-40.36977164,Avarias e/ou desgaste excessivo no pneu,Queda de ocupante de veículo,Com Vítimas Feridas,Plena Noite,Decrescente,Céu Claro,Dupla,Curva;Declive,Não,0.0,0.0,2.0,2.0,0.0,0.0,1.0,2.0,SPRF-ES,DEL01-ES,UOP01-DEL01-ES,0,moderado
2025-12-13,14:10,2025-12-13 14:10:00,2025.0,12.0,sabado,14.0,tarde,ES,CARIACICA,True,101.0,BR-101,292.0,-20.3063,-40.394986,Acessar a via sem observar a presença dos outros veículos,Colisão transversal,Com Vítimas Feridas,Pleno dia,Decrescente,Nublado,Dupla,Retorno Regulamentado;Reta,Sim,0.0,0.0,2.0,2.0,3.0,0.0,3.0,5.0,SPRF-ES,DEL01-ES,UOP01-DEL01-ES,0,moderado
2025-12-14,22:20,2025-12-14 22:20:00,2025.0,12.0,domingo,22.0,noite,ES,VIANA,True,101.0,BR-101,299.2,-20.35754384,-40.42772339,Acessar a via sem observar a presença dos outros veículos,Tombamento,Com Vítimas Feridas,Plena Noite,Crescente,Nublado,Múltipla,Reta;Interseção de Vias,Sim,0.0,0.0,1.0,1.0,0.0,0.0,1.0,1.0,SPRF-ES,DEL01-ES,UOP01-DEL01-ES,0,moderado
2025-12-14,23:10,2025-12-14 23:10:00,2025.0,12.0,domingo,23.0,noite,ES,VIANA,True,262.0,BR-262,16.0,-20.38404811,-40.46566056,Acessar a via sem observar a presença dos outros veículos,Colisão transversal,Com Vítimas Feridas,Plena Noite,Crescente,Nublado,Simples,Curva,Não,0.0,0.0,1.0,1.0,1.0,0.0,2.0,2.0,SPRF-ES,DEL01-ES,UOP01-DEL01-ES,0,moderado
2025-12-15,10:40,2025-12-15 10:40:00,2025.0,12.0,segunda,10.0,manha,ES,SERRA,True,101.0,BR-101,3.9,-20.08930678,-40.35939217,Ausência de reação do condutor,Queda de ocupante de veículo,Com Vítimas Feridas,Pleno dia,Crescente,Céu Claro,Dupla,Reta,Não,0.0,0.0,1.0,1.0,0.0,0.0,1.0,1.0,SPRF-ES,DEL02-ES,UOP01-DEL02-ES,0,moderado
2025-12-15,14:45,2025-12-15 14:45:00,2025.0,12.0,segunda,14.0,tarde,ES,SERRA,True,101.0,BR-101,258.0,-20.13229445,-40.29416084,Ausência de reação do condutor,Colisão traseira,Com Vítimas Feridas,Pleno dia,Crescente,Nublado,Dupla,Aclive;Reta,Sim,0.0,1.0,0.0,1.0,0.0,1.0,2.0,2.0,SPRF-ES,DEL02-ES,UOP01-DEL02-ES,1,grave
2025-12-15,19:20,2025-12-15 19:20:00,2025.0,12.0,segunda,19.0,noite,ES,FUNDAO,True,101.0,BR-101,230.3,-19.94189349,-40.40590525,Conversão proibida,Colisão frontal,Com Vítimas Fatais,Plena Noite,Crescente,Céu Claro,Simples,Reta,Não,1.0,1.0,0.0,1.0,2.0,1.0,4.0,5.0,SPRF-ES,DEL02-ES,UOP01-DEL02-ES,1,fatal
2025-12-16,07:15,2025-12-16 07:15:00,2025.0,12.0,terca,7.0,manha,ES,SERRA,True,101.0,BR-101,268.0,-20.20917,-40.2697,Manobra de mudança de faixa,Tombamento,Com Vítimas Feridas,Pleno dia,Crescente,Céu Claro,Dupla,Reta,Sim,0.0,0.0,4.0,4.0,1.0,0.0,3.0,5.0,SPRF-ES,DEL02-ES,UOP01-DEL02-ES,0,moderado
2025-12-16,07:30,2025-12-16 07:30:00,2025.0,12.0,terca,7.0,manha,ES,VILA VELHA,True,447.0,BR-447,15.0,-20.342445,-40.328595,Reação tardia ou ineficiente do condutor,Colisão traseira,Com Vítimas Feridas,Pleno dia,Crescente,Nublado,Dupla,Reta,Sim,0.0,0.0,2.0,2.0,1.0,0.0,2.0,3.0,SPRF-ES,DEL01-ES,UOP01-DEL01-ES,0,moderado
2025-12-16,10:00,2025-12-16 10:00:00,2025.0,12.0,terca,10.0,manha,ES,SERRA,True,101.0,BR-101,258.0,-20.14391,-40.29106,Reação tardia ou ineficiente do condutor,Tombamento,Com Vítimas Feridas,Pleno dia,Decrescente,Nublado,Simples,Aclive;Reta,Sim,0.0,0.0,2.0,2.0,0.0,0.0,1.0,2.0,SPRF-ES,DEL02-ES,UOP01-DEL02-ES,0,moderado
2025-12-16,12:55,2025-12-16 12:55:00,2025.0,12.0,terca,12.0,tarde,ES,VIANA,True,101.0,BR-101,298.0,-20.3587336,-40.42193818,Acessar a via sem observar a presença dos outros veículos,Colisão transversal,Com Vítimas Feridas,Pleno dia,Decrescente,Céu Claro,Dupla,Reta,Não,0.0,0.0,1.0,1.0,2.0,0.0,3.0,3.0,SPRF-ES,DEL01-ES,UOP01-DEL01-ES,0,moderado
2025-12-16,16:20,2025-12-16 16:20:00,2025.0,12.0,terca,16.0,tarde,ES,VIANA,True,101.0,BR-101,298.5,-20.35579272,-40.41825485,Desrespeitar a preferência no cruzamento,Colisão transversal,Com Vítimas Feridas,Pleno dia,Crescente,Céu Claro,Simples,Reta,Sim,0.0,0.0,1.0,1.0,0.0,1.0,2.0,2.0,SPRF-ES,DEL01-ES,UOP01-DEL01-ES,0,moderado
2025-12-17,22:30,2025-12-17 22:30:00,2025.0,12.0,quarta,22.0,noite,ES,SERRA,True,101.0,BR-101,265.0,-20.182323,-40.265775,Ausência de reação do condutor,Colisão traseira,Com Vítimas Feridas,Plena Noite,Crescente,Nublado,Dupla,Reta,Sim,0.0,0.0,1.0,1.0,0.0,1.0,2.0,2.0,SPRF-ES,DEL02-ES,UOP01-DEL02-ES,0,moderado
2025-12-18,12:00,2025-12-18 12:00:00,2025.0,12.0,quinta,12.0,tarde,ES,GUARAPARI,True,101.0,BR-101,320.8,-20.51909,-40.4782,Condutor deixou de manter distância do veículo da frente,Queda de ocupante de veículo,Com Vítimas Feridas,Pleno dia,Crescente,Sol,Múltipla,Reta,Não,0.0,0.0,1.0,1.0,0.0,0.0,1.0,1.0,SPRF-ES,DEL03-ES,UOP01-DEL03-ES,0,moderado
2025-12-18,22:30,2025-12-18 22:30:00,2025.0,12.0,quinta,22.0,noite,ES,SERRA,True,101.0,BR-101,261.0,-20.17060293,-40.26888145,Ausência de reação do condutor,Colisão com objeto,Sem Vítimas,Plena Noite,Decrescente,Céu Claro,Dupla,Reta,Sim,0.0,0.0,0.0,0.0,0.0,1.0,1.0,1.0,SPRF-ES,DEL02-ES,UOP01-DEL02-ES,0,baixo
2025-12-19,13:40,2025-12-19 13:40:00,2025.0,12.0,sexta,13.0,tarde,ES,SERRA,True,101.0,BR-101,1.5,-20.08930678,-40.35913467,Velocidade Incompatível,Colisão com objeto,Com Vítimas Feridas,Pleno dia,Decrescente,Céu Claro,Dupla,Reta,Não,0.0,0.0,2.0,2.0,0.0,0.0,1.0,2.0,SPRF-ES,DEL02-ES,UOP01-DEL02-ES,0,moderado
2025-12-19,17:40,2025-12-19 17:40:00,2025.0,12.0,sexta,17.0,tarde,ES,SERRA,True,101.0,BR-101,268.9,-20.21673791,-40.27009606,Manobra de mudança de faixa,Colisão lateral mesmo sentido,Com Vítimas Feridas,Pleno dia,Decrescente,Nublado,Múltipla,Reta,Sim,0.0,0.0,1.0,1.0,0.0,1.0,2.0,2.0,SPRF-ES,DEL02-ES,UOP01-DEL02-ES,0,moderado
2025-12-19,18:30,2025-12-19 18:30:00,2025.0,12.0,sexta,18.0,noite,ES,CARIACICA,True,101.0,BR-101,294.0,-20.328523,-40.398269,Condutor deixou de manter distância do veículo da frente,Colisão traseira,Com Vítimas Feridas,Plena Noite,Crescente,Céu Claro,Dupla,Reta;Declive,Sim,0.0,0.0,1.0,1.0,1.0,0.0,2.0,2.0,SPRF-ES,DEL01-ES,UOP01-DEL01-ES,0,moderado
2025-12-19,20:12,2025-12-19 20:12:00,2025.0,12.0,sexta,20.0,noite,ES,SERRA,True,101.0,BR-101,255.0,-20.12091896,-40.3083086,Pedestre andava na pista,Atropelamento de Pedestre,Com Vítimas Feridas,Plena Noite,Crescente,Céu Claro,Simples,Reta,Sim,0.0,0.0,1.0,1.0,1.0,0.0,2.0,2.0,SPRF-ES,DEL02-ES,UOP01-DEL02-ES,0,moderado
2025-12-20,09:30,2025-12-20 09:30:00,2025.0,12.0,sabado,9.0,manha,ES,SERRA,True,101.0,BR-101,255.4,-20.11788849,-40.31434232,Pedestre cruzava a pista fora da faixa,Atropelamento de Pedestre,Com Vítimas Feridas,Pleno dia,Decrescente,Nublado,Dupla,Reta,Sim,0.0,0.0,1.0,1.0,1.0,1.0,2.0,3.0,SPRF-ES,DEL02-ES,UOP01-DEL02-ES,0,moderado
2025-12-20,18:00,2025-12-20 18:00:00,2025.0,12.0,sabado,18.0,noite,ES,SERRA,True,101.0,BR-101,257.0,-20.129959,-40.297025,Ausência de reação do condutor,Colisão com objeto,Com Vítimas Feridas,Pleno dia,Crescente,Céu Claro,Dupla,Declive,Não,0.0,1.0,0.0,1.0,0.0,0.0,1.0,1.0,SPRF-ES,DEL02-ES,UOP01-DEL02-ES,1,grave
2025-12-20,23:40,2025-12-20 23:40:00,2025.0,12.0,sabado,23.0,noite,ES,SERRA,True,101.0,BR-101,266.0,-20.19358129,-40.26876729,Reação tardia ou ineficiente do condutor,Tombamento,Sem Vítimas,Plena Noite,Crescente,Nublado,Dupla,Reta,Sim,0.0,0.0,0.0,0.0,0.0,1.0,1.0,1.0,SPRF-ES,DEL02-ES,UOP01-DEL02-ES,0,baixo
2025-12-21,00:05,2025-12-21 00:05:00,2025.0,12.0,domingo,0.0,madrugada,ES,SERRA,True,101.0,BR-101,257.5,-20.12804,-40.29946,Ausência de reação do condutor,Colisão traseira,Com Vítimas Feridas,Pleno dia,Crescente,Céu Claro,Dupla,Retorno Regulamentado;Rotatória;Curva,Sim,0.0,0.0,1.0,1.0,1.0,0.0,2.0,2.0,SPRF-ES,DEL02-ES,UOP01-DEL02-ES,0,moderado
2025-12-21,04:30,2025-12-21 04:30:00,2025.0,12.0,domingo,4.0,madrugada,ES,SERRA,True,101.0,BR-101,267.0,-20.224243,-40.270428,Ausência de reação do condutor,Colisão com objeto,Com Vítimas Fatais,Amanhecer,Crescente,Céu Claro,Dupla,Reta,Sim,1.0,0.0,0.0,0.0,0.0,0.0,1.0,1.0,SPRF-ES,DEL02-ES,UOP01-DEL02-ES,1,fatal
2025-12-21,05:00,2025-12-21 05:00:00,2025.0,12.0,domingo,5.0,madrugada,ES,SERRA,True,101.0,BR-101,239.0,-20.01669,-40.40384,Demais falhas mecânicas ou elétricas,Incêndio,Sem Vítimas,Amanhecer,Crescente,Céu Claro,Simples,Reta,Não,0.0,0.0,0.0,0.0,1.0,0.0,1.0,1.0,SPRF-ES,DEL02-ES,UOP01-DEL02-ES,0,baixo
2025-12-21,15:25,2025-12-21 15:25:00,2025.0,12.0,domingo,15.0,tarde,ES,CARIACICA,True,101.0,BR-101,287.6,-20.27907821,-40.39268301,Acessar a via sem observar a presença dos outros veículos,Colisão transversal,Com Vítimas Feridas,Pleno dia,Decrescente,Céu Claro,Dupla,Retorno Regulamentado;Reta;Aclive,Não,0.0,1.0,3.0,4.0,2.0,0.0,2.0,6.0,SPRF-ES,DEL01-ES,UOP01-DEL01-ES,1,grave
2025-12-21,19:00,2025-12-21 19:00:00,2025.0,12.0,domingo,19.0,noite,ES,SERRA,True,101.0,BR-101,271.0,-20.231946,-40.277744,Acessar a via sem observar a presença dos outros veículos,Colisão traseira,Com Vítimas Feridas,Plena Noite,Crescente,Céu Claro,Múltipla,Viaduto;Reta;Aclive,Sim,0.0,0.0,1.0,1.0,1.0,0.0,2.0,2.0,SPRF-ES,DEL02-ES,UOP01-DEL02-ES,0,moderado
2025-12-22,10:00,2025-12-22 10:00:00,2025.0,12.0,segunda,10.0,manha,ES,SERRA,True,101.0,BR-101,261.0,-20.15442604,-40.27776629,Retorno proibido,Colisão transversal,Com Vítimas Feridas,Pleno dia,Decrescente,Céu Claro,Dupla,Reta;Declive,Sim,0.0,0.0,2.0,2.0,1.0,0.0,2.0,3.0,SPRF-ES,DEL02-ES,UOP01-DEL02-ES,0,moderado
2025-12-22,10:45,2025-12-22 10:45:00,2025.0,12.0,segunda,10.0,manha,ES,SERRA,True,101.0,BR-101,264.0,-20.17292791,-40.26736384,Condutor desrespeitou a iluminação vermelha do semáforo,Colisão transversal,Com Vítimas Feridas,Pleno dia,Crescente,Sol,Múltipla,Retorno Regulamentado,Não,0.0,0.0,1.0,1.0,2.0,0.0,3.0,3.0,SPRF-ES,DEL02-ES,UOP01-DEL02-ES,0,moderado
2025-12-22,18:30,2025-12-22 18:30:00,2025.0,12.0,segunda,18.0,noite,ES,CARIACICA,True,101.0,BR-101,292.8,-20.29633958,-40.39400029,Acessar a via sem observar a presença dos outros veículos,Colisão transversal,Com Vítimas Feridas,Plena Noite,Decrescente,Ignorado,Dupla,Retorno Regulamentado,Não,0.0,1.0,0.0,1.0,1.0,0.0,2.0,2.0,SPRF-ES,DEL01-ES,UOP01-DEL01-ES,1,grave
2025-12-23,08:30,2025-12-23 08:30:00,2025.0,12.0,terca,8.0,manha,ES,SERRA,True,101.0,BR-101,276.0,-20.21770595,-40.333727,Manobra de mudança de faixa,Colisão lateral mesmo sentido,Com Vítimas Feridas,Pleno dia,Decrescente,Chuva,Dupla,Reta,Não,0.0,0.0,1.0,1.0,1.0,0.0,2.0,2.0,SPRF-ES,DEL02-ES,UOP01-DEL02-ES,0,moderado
2025-12-23,20:10,2025-12-23 20:10:00,2025.0,12.0,terca,20.0,noite,ES,SERRA,True,101.0,BR-101,266.0,-20.19125073,-40.26869059,Acesso irregular,Colisão transversal,Com Vítimas Feridas,Plena Noite,Crescente,Nublado,Múltipla,Reta,Sim,0.0,0.0,2.0,2.0,0.0,0.0,2.0,2.0,SPRF-ES,DEL02-ES,UOP01-DEL02-ES,0,moderado
2025-12-24,15:35,2025-12-24 15:35:00,2025.0,12.0,quarta,15.0,tarde,ES,CARIACICA,True,101.0,BR-101,287.2,-20.266452,-40.386226,Reação tardia ou ineficiente do condutor,Colisão traseira,Com Vítimas Feridas,Pleno dia,Decrescente,Céu Claro,Dupla,Reta,Sim,0.0,1.0,0.0,1.0,2.0,0.0,2.0,3.0,SPRF-ES,DEL01-ES,UOP01-DEL01-ES,1,grave
2025-12-25,10:35,2025-12-25 10:35:00,2025.0,12.0,quinta,10.0,manha,ES,GUARAPARI,True,101.0,BR-101,339.7,-20.64571608,-40.56469917,Avarias e/ou desgaste excessivo no pneu,Tombamento,Com Vítimas Feridas,Pleno dia,Crescente,Céu Claro,Dupla,Curva,Não,0.0,0.0,1.0,1.0,0.0,0.0,1.0,1.0,SPRF-ES,DEL03-ES,UOP01-DEL03-ES,0,moderado
2025-12-25,12:00,2025-12-25 12:00:00,2025.0,12.0,quinta,12.0,tarde,ES,SERRA,True,101.0,BR-101,278.0,-20.217288,-40.3315,Ausência de reação do condutor,Colisão traseira,Com Vítimas Feridas,Pleno dia,Crescente,Sol,Dupla,Reta,Sim,0.0,2.0,0.0,2.0,0.0,0.0,1.0,2.0,SPRF-ES,DEL02-ES,UOP01-DEL02-ES,1,grave
2025-12-26,17:30,2025-12-26 17:30:00,2025.0,12.0,sexta,17.0,tarde,ES,GUARAPARI,True,101.0,BR-101,355.0,-20.6585554,-40.613513,Conversão proibida,Colisão frontal,Com Vítimas Feridas,Pleno dia,Crescente,Céu Claro,Dupla,Curva,Não,0.0,1.0,0.0,1.0,0.0,1.0,2.0,2.0,SPRF-ES,DEL03-ES,UOP01-DEL03-ES,1,grave
2025-12-27,07:30,2025-12-27 07:30:00,2025.0,12.0,sabado,7.0,manha,ES,SERRA,True,101.0,BR-101,13.0,-20.16451613,-40.35058056,Velocidade Incompatível,Queda de ocupante de veículo,Com Vítimas Feridas,Pleno dia,Crescente,Sol,Dupla,Rotatória,Não,0.0,0.0,2.0,2.0,0.0,0.0,2.0,2.0,SPRF-ES,DEL02-ES,UOP01-DEL02-ES,0,moderado
2025-12-27,10:20,2025-12-27 10:20:00,2025.0,12.0,sabado,10.0,manha,ES,VIANA,True,262.0,BR-262,17.4,-20.387947,-40.47644,Reação tardia ou ineficiente do condutor,Saída de leito carroçável,Sem Vítimas,Pleno dia,Crescente,Céu Claro,Simples,Reta,Sim,0.0,0.0,0.0,0.0,0.0,1.0,1.0,1.0,SPRF-ES,DEL01-ES,UOP01-DEL01-ES,0,baixo
2025-12-27,13:07,2025-12-27 13:07:00,2025.0,12.0,sabado,13.0,tarde,ES,FUNDAO,True,101.0,BR-101,233.0,-19.96677868,-40.40611824,Transitar na contramão,Colisão lateral sentido oposto,Com Vítimas Feridas,Pleno dia,Crescente,Céu Claro,Simples,Reta,Não,0.0,0.0,1.0,1.0,2.0,0.0,2.0,3.0,SPRF-ES,DEL02-ES,UOP01-DEL02-ES,0,moderado
2025-12-27,19:40,2025-12-27 19:40:00,2025.0,12.0,sabado,19.0,noite,ES,CARIACICA,True,101.0,BR-101,290.0,-20.295508,-40.393688,Acessar a via sem observar a presença dos outros veículos,Colisão transversal,Com Vítimas Feridas,Plena Noite,Crescente,Céu Claro,Dupla,Reta;Aclive,Sim,0.0,1.0,1.0,2.0,1.0,0.0,2.0,3.0,SPRF-ES,DEL01-ES,UOP01-DEL01-ES,1,grave
2025-12-27,21:20,2025-12-27 21:20:00,2025.0,12.0,sabado,21.0,noite,ES,SERRA,True,101.0,BR-101,260.6,-20.147885,-40.280023,Reação tardia ou ineficiente do condutor,Colisão traseira,Com Vítimas Feridas,Plena Noite,Decrescente,Céu Claro,Simples,Curva,Sim,0.0,0.0,3.0,3.0,0.0,1.0,2.0,4.0,SPRF-ES,DEL02-ES,UOP01-DEL02-ES,0,moderado
2025-12-28,08:15,2025-12-28 08:15:00,2025.0,12.0,domingo,8.0,manha,ES,SERRA,True,101.0,BR-101,267.8,-20.20705,-40.26941,Reação tardia ou ineficiente do condutor,Colisão transversal,Com Vítimas Feridas,Pleno dia,Crescente,Céu Claro,Dupla,Interseção de Vias;Reta,Sim,0.0,1.0,0.0,1.0,3.0,0.0,2.0,4.0,SPRF-ES,DEL02-ES,UOP01-DEL02-ES,1,grave
2025-12-28,19:10,2025-12-28 19:10:00,2025.0,12.0,domingo,19.0,noite,ES,SERRA,True,101.0,BR-101,18.0,-20.21789,-40.3374,Reação tardia ou ineficiente do condutor,Tombamento,Com Vítimas Feridas,Plena Noite,Crescente,Céu Claro,Dupla,Curva;Retorno Regulamentado;Declive,Sim,0.0,1.0,1.0,2.0,0.0,0.0,1.0,2.0,SPRF-ES,DEL02-ES,UOP01-DEL02-ES,1,grave
2025-12-29,06:50,2025-12-29 06:50:00,2025.0,12.0,segunda,6.0,manha,ES,VIANA,True,262.0,BR-262,22.5,-20.37496802,-40.51571285,Animais na Pista,Atropelamento de Animal,Com Vítimas Feridas,Pleno dia,Decrescente,Céu Claro,Simples,Reta;Aclive,Não,0.0,0.0,1.0,1.0,0.0,0.0,1.0,1.0,SPRF-ES,DEL01-ES,UOP01-DEL01-ES,0,moderado
2025-12-29,07:45,2025-12-29 07:45:00,2025.0,12.0,segunda,7.0,manha,ES,SERRA,True,101.0,BR-101,259.0,-20.14082788,-40.29217556,Frear bruscamente,Colisão frontal,Com Vítimas Feridas,Pleno dia,Crescente,Céu Claro,Simples,Reta;Declive,Sim,0.0,0.0,2.0,2.0,1.0,0.0,2.0,3.0,SPRF-ES,DEL02-ES,UOP01-DEL02-ES,0,moderado
2025-12-29,10:00,2025-12-29 10:00:00,2025.0,12.0,segunda,10.0,manha,ES,VIANA,True,101.0,BR-101,304.4,-20.38221948,-40.45836417,Condutor deixou de manter distância do veículo da frente,Colisão traseira,Com Vítimas Feridas,Pleno dia,Decrescente,Céu Claro,Dupla,Reta,Sim,0.0,0.0,1.0,1.0,2.0,0.0,2.0,3.0,SPRF-ES,DEL01-ES,UOP01-DEL01-ES,0,moderado
2025-12-29,11:16,2025-12-29 11:16:00,2025.0,12.0,segunda,11.0,manha,ES,SERRA,True,101.0,BR-101,259.0,-20.1458838,-40.28926849,Reação tardia ou ineficiente do condutor,Colisão com objeto,Com Vítimas Feridas,Pleno dia,Crescente,Céu Claro,Dupla,Reta,Não,0.0,1.0,0.0,1.0,0.0,0.0,1.0,1.0,SPRF-ES,DEL02-ES,UOP01-DEL02-ES,1,grave
2025-12-29,14:38,2025-12-29 14:38:00,2025.0,12.0,segunda,14.0,tarde,ES,SERRA,True,101.0,BR-101,262.0,-20.159438,-40.276222,Condutor desrespeitou a iluminação vermelha do semáforo,Colisão transversal,Com Vítimas Feridas,Pleno dia,Crescente,Céu Claro,Dupla,Retorno Regulamentado;Reta,Não,0.0,0.0,1.0,1.0,1.0,0.0,2.0,2.0,SPRF-ES,DEL02-ES,UOP01-DEL02-ES,0,moderado
2025-12-29,20:15,2025-12-29 20:15:00,2025.0,12.0,segunda,20.0,noite,ES,VIANA,True,101.0,BR-101,298.0,-20.352752,-40.41464,Ausência de reação do condutor,Colisão traseira,Com Vítimas Feridas,Plena Noite,Decrescente,Céu Claro,Simples,Reta,Sim,0.0,0.0,1.0,1.0,2.0,0.0,2.0,3.0,SPRF-ES,DEL01-ES,UOP01-DEL01-ES,0,moderado
2025-12-30,06:10,2025-12-30 06:10:00,2025.0,12.0,terca,6.0,manha,ES,VIANA,True,101.0,BR-101,297.5,-20.35135114,-40.4134318,Manobra de mudança de faixa,Colisão traseira,Com Vítimas Feridas,Pleno dia,Crescente,Céu Claro,Dupla,Reta,Não,0.0,0.0,1.0,1.0,1.0,0.0,2.0,2.0,SPRF-ES,DEL01-ES,UOP01-DEL01-ES,0,moderado
2025-12-30,12:26,2025-12-30 12:26:00,2025.0,12.0,terca,12.0,tarde,ES,SERRA,True,101.0,BR-101,267.0,-20.19712602,-40.26845276,Pedestre andava na pista,Atropelamento de Pedestre,Com Vítimas Feridas,Pleno dia,Decrescente,Céu Claro,Múltipla,Reta,Sim,0.0,0.0,1.0,1.0,1.0,0.0,2.0,2.0,SPRF-ES,DEL02-ES,UOP01-DEL02-ES,0,moderado
2025-12-30,18:30,2025-12-30 18:30:00,2025.0,12.0,terca,18.0,noite,ES,CARIACICA,True,101.0,BR-101,285.0,-20.2519082,-40.3732453,Transitar no Acostamento,Colisão lateral mesmo sentido,Com Vítimas Feridas,Anoitecer,Crescente,Céu Claro,Dupla,Retorno Regulamentado;Aclive;Reta,Sim,0.0,1.0,0.0,1.0,1.0,0.0,2.0,2.0,SPRF-ES,DEL01-ES,UOP01-DEL01-ES,1,grave
2025-12-31,03:03,2025-12-31 03:03:00,2025.0,12.0,quarta,3.0,madrugada,ES,CARIACICA,True,101.0,BR-101,297.0,-20.34646381,-40.41082311,Condutor Dormindo,Colisão com objeto,Com Vítimas Feridas,Plena Noite,Decrescente,Céu Claro,Dupla,Reta,Não,0.0,1.0,0.0,1.0,0.0,0.0,1.0,1.0,SPRF-ES,DEL01-ES,UOP01-DEL01-ES,1,grave
2025-12-31,11:25,2025-12-31 11:25:00,2025.0,12.0,quarta,11.0,manha,ES,SERRA,True,0.0,BR-0,0.0,-20.19367,-40.266663,Reação tardia ou ineficiente do condutor,Colisão com objeto,Com Vítimas Feridas,Pleno dia,Não Informado,Céu Claro,Dupla,Reta,Sim,0.0,0.0,1.0,1.0,2.0,0.0,2.0,3.0,SPRF-ES,DEL02-ES,UOP01-DEL02-ES,0,moderado
2025-12-31,14:00,2025-12-31 14:00:00,2025.0,12.0,quarta,14.0,tarde,ES,SERRA,True,101.0,BR-101,268.0,-20.2042113,-40.26990892,Acessar a via sem observar a presença dos outros veículos,Colisão lateral mesmo sentido,Com Vítimas Feridas,Pleno dia,Decrescente,Céu Claro,Dupla,Reta,Sim,0.0,2.0,0.0,2.0,2.0,0.0,3.0,4.0,SPRF-ES,DEL02-ES,UOP01-DEL02-ES,1,grave
2025-12-31,06:20,2025-12-31 06:20:00,2025.0,12.0,quarta,6.0,manha,ES,SERRA,True,101.0,BR-101,257.0,-20.12374993,-40.30476843,Acesso irregular,Colisão lateral mesmo sentido,Com Vítimas Feridas,Amanhecer,Crescente,Céu Claro,Dupla,Reta,Não,0.0,0.0,2.0,2.0,0.0,1.0,2.0,3.0,SPRF-ES,DEL02-ES,UOP01-DEL02-ES,0,moderado
2025-12-31,18:30,2025-12-31 18:30:00,2025.0,12.0,quarta,18.0,noite,ES,VIANA,True,101.0,BR-101,306.8,-20.39886917,-40.45636296,Acessar a via sem observar a presença dos outros veículos,Colisão traseira,Com Vítimas Feridas,Plena Noite,Crescente,Céu Claro,Dupla,Reta,Não,0.0,0.0,1.0,1.0,0.0,1.0,2.0,2.0,SPRF-ES,DEL01-ES,UOP01-DEL01-ES,0,moderado
2025-11-05,04:00,2025-11-05 04:00:00,2025.0,11.0,quarta,4.0,madrugada,ES,VILA VELHA,True,101.0,BR-101,295.1,-20.46478424,-40.46530724,Ingestão de álcool pelo condutor,Colisão com objeto,Com Vítimas Feridas,Plena Noite,Crescente,Nublado,Múltipla,Reta,Não,0.0,1.0,0.0,1.0,0.0,0.0,1.0,1.0,SPRF-ES,DEL01-ES,UOP01-DEL01-ES,1,grave
2025-11-02,23:58,2025-11-02 23:58:00,2025.0,11.0,domingo,23.0,noite,ES,SERRA,True,101.0,BR-101,270.3,-20.22987,-40.2726,Ausência de reação do condutor,Colisão transversal,Com Vítimas Feridas,Plena Noite,Decrescente,Céu Claro,Dupla,Reta;Interseção de Vias,Sim,0.0,1.0,0.0,1.0,1.0,0.0,2.0,2.0,SPRF-ES,DEL02-ES,UOP01-DEL02-ES,1,grave