id,data,dia_semana,hora,uf,rodovia,km,municipio,causa,tipo_acidente,classificacao,fase_dia,sentido_via,condicao_metereologica,tipo_pista,tracado_via,uso_solo,pessoas,mortos,feridos_leves,feridos_graves,ilesos,ignorados,feridos,veiculos,latitude,longitude,regional,delegacia,uop,data_hora,ano,mes,hora_dia,periodo_dia,regiao_grande_vitoria,risco_alto,nivel_risco,rodovia_label
652869.0,2025-01-03,sexta,05:03,ES,101.0,294.5,CARIACICA,Ausência de reação do condutor,Engavetamento,Com Vítimas Feridas,Amanhecer,Crescente,Nublado,Dupla,Aclive;Reta,Sim,4.0,0.0,0.0,1.0,2.0,4.0,1.0,7.0,-20.32415948,-40.3952903,SPRF-ES,DEL01-ES,UOP01-DEL01-ES,2025-01-03 05:03:00,2025.0,1.0,5.0,madrugada,True,1,grave,BR-101
652976.0,2025-01-03,sexta,17:00,ES,101.0,301.0,VIANA,Demais falhas mecânicas ou elétricas,Colisão traseira,Com Vítimas Feridas,Pleno dia,Crescente,Nublado,Dupla,Aclive;Retorno Regulamentado,Sim,4.0,0.0,1.0,0.0,2.0,3.0,1.0,6.0,-20.36825561,-40.44406414,SPRF-ES,DEL01-ES,UOP01-DEL01-ES,2025-01-03 17:00:00,2025.0,1.0,17.0,tarde,True,0,moderado,BR-101
652989.0,2025-01-03,sexta,17:30,ES,101.0,291.8,CARIACICA,Manobra de mudança de faixa,Colisão traseira,Com Vítimas Feridas,Plena Noite,Decrescente,Ignorado,Dupla,Reta,Não,3.0,0.0,1.0,0.0,1.0,1.0,1.0,3.0,-20.29755744,-40.39445616,SPRF-ES,DEL01-ES,UOP01-DEL01-ES,2025-01-03 17:30:00,2025.0,1.0,17.0,tarde,True,0,moderado,BR-101
655161.0,2025-01-15,quarta,05:30,ES,101.0,321.4,GUARAPARI,Problema com o freio,Saída de leito carroçável,Com Vítimas Feridas,Amanhecer,Decrescente,Chuva,Dupla,Curva;Declive,Não,2.0,0.0,0.0,1.0,0.0,1.0,1.0,2.0,-20.520908,-40.478306,SPRF-ES,DEL03-ES,UOP01-DEL03-ES,2025-01-15 05:30:00,2025.0,1.0,5.0,madrugada,True,1,grave,BR-101
655527.0,2025-01-16,quinta,22:10,ES,101.0,330.0,GUARAPARI,Ingestão de álcool pelo condutor,Colisão lateral mesmo sentido,Sem Vítimas,Plena Noite,Crescente,Nublado,Simples,Reta,Não,3.0,0.0,0.0,0.0,2.0,1.0,0.0,3.0,-20.5929953,-40.50133975,SPRF-ES,DEL03-ES,UOP01-DEL03-ES,2025-01-16 22:10:00,2025.0,1.0,22.0,noite,True,0,baixo,BR-101
656390.0,2025-01-21,terca,02:30,ES,101.0,309.0,VIANA,Velocidade Incompatível,Colisão traseira,Com Vítimas Feridas,Plena Noite,Crescente,Céu Claro,Dupla,Reta,Não,4.0,0.0,0.0,1.0,2.0,3.0,1.0,6.0,-20.417,-40.45984911,SPRF-ES,DEL01-ES,UOP01-DEL01-ES,2025-01-21 02:30:00,2025.0,1.0,2.0,madrugada,True,1,grave,BR-101
657101.0,2025-01-24,sexta,21:21,ES,101.0,263.0,SERRA,Frear bruscamente,Colisão com objeto,Com Vítimas Feridas,Plena Noite,Decrescente,Céu Claro,Dupla,Reta;Declive,Não,2.0,0.0,1.0,0.0,1.0,0.0,1.0,1.0,-20.16554736,-40.27301648,SPRF-ES,DEL02-ES,UOP01-DEL02-ES,2025-01-24 21:21:00,2025.0,1.0,21.0,noite,True,0,moderado,BR-101
657967.0,2025-01-28,terca,21:15,ES,101.0,293.8,CARIACICA,Condutor deixou de manter distância do veículo da frente,Colisão lateral mesmo sentido,Com Vítimas Feridas,Plena Noite,Crescente,Nublado,Múltipla,Curva,Sim,3.0,0.0,1.0,0.0,1.0,1.0,1.0,3.0,-20.31526144,-40.39567044,SPRF-ES,DEL01-ES,UOP01-DEL01-ES,2025-01-28 21:15:00,2025.0,1.0,21.0,noite,True,0,moderado,BR-101
658356.0,2025-01-31,sexta,06:27,ES,101.0,269.0,SERRA,Acessar a via sem observar a presença dos outros veículos,Colisão lateral mesmo sentido,Sem Vítimas,Pleno dia,Decrescente,Céu Claro,Simples,Reta,Não,2.0,0.0,0.0,0.0,0.0,2.0,0.0,2.0,-20.21740496,-40.26990578,SPRF-ES,DEL02-ES,UOP01-DEL02-ES,2025-01-31 06:27:00,2025.0,1.0,6.0,manha,True,0,baixo,BR-101
659005.0,2025-02-03,segunda,08:00,ES,101.0,232.1,FUNDAO,Reação tardia ou ineficiente do condutor,Colisão com objeto,Com Vítimas Feridas,Pleno dia,Crescente,Céu Claro,Simples,Reta,Não,2.0,0.0,1.0,0.0,0.0,1.0,1.0,2.0,-19.95224103,-40.40879816,SPRF-ES,DEL02-ES,UOP01-DEL02-ES,2025-02-03 08:00:00,2025.0,2.0,8.0,manha,True,0,moderado,BR-101
659288.0,2025-02-04,terca,18:48,ES,101.0,270.5,SERRA,Acessar a via sem observar a presença dos outros veículos,Colisão traseira,Com Vítimas Feridas,Anoitecer,Decrescente,Céu Claro,Dupla,Interseção de Vias,Sim,3.0,0.0,0.0,1.0,1.0,3.0,1.0,5.0,-20.22662056,-40.27075088,SPRF-ES,DEL02-ES,UOP01-DEL02-ES,2025-02-04 18:48:00,2025.0,2.0,18.0,noite,True,1,grave,BR-101
660065.0,2025-02-08,sabado,14:00,ES,101.0,294.0,CARIACICA,Velocidade Incompatível,Colisão traseira,Com Vítimas Feridas,Pleno dia,Decrescente,Sol,Múltipla,Declive,Sim,14.0,0.0,7.0,0.0,6.0,2.0,7.0,12.0,-20.32415948,-40.3952903,SPRF-ES,DEL01-ES,UOP01-DEL01-ES,2025-02-08 14:00:00,2025.0,2.0,14.0,tarde,True,0,moderado,BR-101
660294.0,2025-02-09,domingo,16:15,ES,101.0,334.8,GUARAPARI,Acessar a via sem observar a presença dos outros veículos,Colisão traseira,Com Vítimas Feridas,Pleno dia,Decrescente,Céu Claro,Dupla,Reta,Não,6.0,0.0,4.0,0.0,1.0,1.0,4.0,3.0,-20.626408,-40.526082,SPRF-ES,DEL03-ES,UOP01-DEL03-ES,2025-02-09 16:15:00,2025.0,2.0,16.0,tarde,True,0,moderado,BR-101
660456.0,2025-02-10,segunda,06:40,ES,101.0,276.4,SERRA,Acessar a via sem observar a presença dos outros veículos,Colisão transversal,Com Vítimas Feridas,Pleno dia,Crescente,Céu Claro,Dupla,Retorno Regulamentado;Reta,Não,3.0,0.0,1.0,0.0,1.0,1.0,1.0,3.0,-20.20788726,-40.3133509,SPRF-ES,DEL02-ES,UOP01-DEL02-ES,2025-02-10 06:40:00,2025.0,2.0,6.0,manha,True,0,moderado,BR-101
660548.0,2025-02-10,segunda,16:30,ES,101.0,284.8,CARIACICA,Reação tardia ou ineficiente do condutor,Colisão traseira,Com Vítimas Feridas,Pleno dia,Crescente,Céu Claro,Dupla,Reta,Não,5.0,0.0,2.0,0.0,3.0,0.0,2.0,2.0,-20.24334991,-40.3696926,SPRF-ES,DEL01-ES,UOP01-DEL01-ES,2025-02-10 16:30:00,2025.0,2.0,16.0,tarde,True,0,moderado,BR-101
661080.0,2025-02-13,quinta,09:19,ES,101.0,291.9,CARIACICA,Desrespeitar a preferência no cruzamento,Colisão transversal,Com Vítimas Feridas,Pleno dia,Crescente,Céu Claro,Dupla,Retorno Regulamentado;Reta,Sim,3.0,0.0,0.0,1.0,2.0,0.0,1.0,2.0,-20.29755744,-40.39445616,SPRF-ES,DEL01-ES,UOP01-DEL01-ES,2025-02-13 09:19:00,2025.0,2.0,9.0,manha,True,1,grave,BR-101
661951.0,2025-02-17,segunda,10:00,ES,101.0,265.0,SERRA,Manobra de mudança de faixa,Colisão lateral mesmo sentido,Sem Vítimas,Pleno dia,Decrescente,Céu Claro,Múltipla,Reta,Sim,2.0,0.0,0.0,0.0,2.0,0.0,0.0,2.0,-20.1816849,-40.26536036,SPRF-ES,DEL02-ES,UOP01-DEL02-ES,2025-02-17 10:00:00,2025.0,2.0,10.0,manha,True,0,baixo,BR-101
661974.0,2025-02-17,segunda,12:05,ES,101.0,232.7,FUNDAO,Transitar na contramão,Colisão frontal,Com Vítimas Feridas,Pleno dia,Crescente,Céu Claro,Múltipla,Reta,Não,4.0,0.0,2.0,0.0,2.0,0.0,2.0,4.0,-19.95224103,-40.40879816,SPRF-ES,DEL02-ES,UOP01-DEL02-ES,2025-02-17 12:05:00,2025.0,2.0,12.0,tarde,True,0,moderado,BR-101
662122.0,2025-02-18,terca,07:13,ES,101.0,264.0,SERRA,Trafegar com motocicleta (ou similar) entre as faixas,Engavetamento,Com Vítimas Feridas,Pleno dia,Crescente,Céu Claro,Dupla,Reta,Sim,4.0,0.0,2.0,0.0,2.0,0.0,2.0,4.0,-20.17292791,-40.26736384,SPRF-ES,DEL02-ES,UOP01-DEL02-ES,2025-02-18 07:13:00,2025.0,2.0,7.0,manha,True,0,moderado,BR-101
662339.0,2025-02-19,quarta,08:50,ES,262.0,0.5,CARIACICA,Condutor deixou de manter distância do veículo da frente,Colisão traseira,Com Vítimas Feridas,Pleno dia,Crescente,Céu Claro,Dupla,Ponte;Reta,Não,3.0,0.0,1.0,0.0,2.0,0.0,1.0,3.0,-20.320793,-40.353315,SPRF-ES,DEL01-ES,UOP01-DEL01-ES,2025-02-19 08:50:00,2025.0,2.0,8.0,manha,True,0,moderado,BR-262
662404.0,2025-02-19,quarta,17:20,ES,101.0,304.4,VIANA,Ausência de reação do condutor,Colisão traseira,Com Vítimas Feridas,Pleno dia,Decrescente,Sol,Dupla,Reta,Não,2.0,0.0,1.0,0.0,0.0,1.0,1.0,2.0,-20.3800645,-40.45431391,SPRF-ES,DEL01-ES,UOP01-DEL01-ES,2025-02-19 17:20:00,2025.0,2.0,17.0,tarde,True,0,moderado,BR-101
662621.0,2025-02-20,quinta,20:59,ES,101.0,14.0,VITORIA,Reação tardia ou ineficiente do condutor,Colisão traseira,Com Vítimas Feridas,Plena Noite,Decrescente,Céu Claro,Dupla,Reta,Não,2.0,0.0,1.0,0.0,0.0,1.0,1.0,2.0,-20.2604544,-40.2980864,SPRF-ES,DEL04-ES,UOP02-DEL04-ES,2025-02-20 20:59:00,2025.0,2.0,20.0,noite,True,0,moderado,BR-101
662648.0,2025-02-21,sexta,04:40,ES,101.0,264.0,SERRA,Condutor desrespeitou a iluminação vermelha do semáforo,Colisão transversal,Com Vítimas Feridas,Amanhecer,Decrescente,Sol,Dupla,Reta;Interseção de Vias,Sim,2.0,0.0,1.0,0.0,1.0,0.0,1.0,2.0,-20.17292791,-40.26736384,SPRF-ES,DEL02-ES,UOP01-DEL02-ES,2025-02-21 04:40:00,2025.0,2.0,4.0,madrugada,True,0,moderado,BR-101
663490.0,2025-02-24,segunda,19:50,ES,101.0,286.0,CARIACICA,Pista Escorregadia,Saída de leito carroçável,Com Vítimas Feridas,Plena Noite,Crescente,Nublado,Dupla,Curva;Declive,Sim,2.0,0.0,1.0,0.0,0.0,1.0,1.0,2.0,-20.2577618,-40.3774027,SPRF-ES,DEL01-ES,UOP01-DEL01-ES,2025-02-24 19:50:00,2025.0,2.0,19.0,noite,True,0,moderado,BR-101
663592.0,2025-02-25,terca,10:45,ES,101.0,340.8,GUARAPARI,Manobra de mudança de faixa,Colisão traseira,Com Vítimas Feridas,Pleno dia,Decrescente,Sol,Dupla,Reta,Não,4.0,0.0,1.0,1.0,1.0,2.0,2.0,4.0,-20.650432,-40.570847,SPRF-ES,DEL03-ES,UOP01-DEL03-ES,2025-02-25 10:45:00,2025.0,2.0,10.0,manha,True,1,grave,BR-101
663721.0,2025-01-20,segunda,13:10,ES,101.0,278.2,SERRA,Condutor deixou de manter distância do veículo da frente,Colisão traseira,Sem Vítimas,Pleno dia,Crescente,Sol,Dupla,Reta,Não,3.0,0.0,0.0,0.0,2.0,2.0,0.0,4.0,-20.21698365,-40.32974606,SPRF-ES,DEL02-ES,UOP01-DEL02-ES,2025-01-20 13:10:00,2025.0,1.0,13.0,tarde,True,0,baixo,BR-101
664150.0,2025-02-28,sexta,06:30,ES,101.0,283.9,CARIACICA,Ingestão de álcool pelo condutor,Engavetamento,Com Vítimas Feridas,Pleno dia,Decrescente,Sol,Múltipla,Aclive;Reta,Não,6.0,0.0,1.0,0.0,3.0,2.0,1.0,6.0,-20.24403965,-40.36985958,SPRF-ES,DEL01-ES,UOP01-DEL01-ES,2025-02-28 06:30:00,2025.0,2.0,6.0,manha,True,0,moderado,BR-101
664216.0,2025-02-28,sexta,12:00,ES,101.0,289.0,CARIACICA,Ausência de reação do condutor,Engavetamento,Com Vítimas Feridas,Pleno dia,Decrescente,Céu Claro,Dupla,Reta,Sim,11.0,0.0,0.0,1.0,8.0,2.0,1.0,11.0,-20.28835907,-40.39202213,SPRF-ES,DEL01-ES,UOP01-DEL01-ES,2025-02-28 12:00:00,2025.0,2.0,12.0,tarde,True,1,grave,BR-101
664536.0,2025-01-16,quinta,12:20,ES,101.0,272.0,SERRA,Reação tardia ou ineficiente do condutor,Colisão traseira,Com Vítimas Feridas,Pleno dia,Crescente,Céu Claro,Dupla,Reta,Não,2.0,0.0,1.0,0.0,0.0,1.0,1.0,2.0,-20.2159533,-40.2937106,SPRF-ES,DEL02-ES,UOP01-DEL02-ES,2025-01-16 12:20:00,2025.0,1.0,12.0,tarde,True,0,moderado,BR-101
664631.0,2025-03-02,domingo,00:15,ES,101.0,289.3,CARIACICA,Condutor deixou de manter distância do veículo da frente,Colisão traseira,Com Vítimas Feridas,Plena Noite,Decrescente,Nublado,Dupla,Declive;Reta,Não,3.0,0.0,1.0,0.0,1.0,1.0,1.0,3.0,-20.28476714,-40.39270654,SPRF-ES,DEL01-ES,UOP01-DEL01-ES,2025-03-02 00:15:00,2025.0,3.0,0.0,madrugada,True,0,moderado,BR-101
665396.0,2025-03-05,quarta,19:40,ES,101.0,14.0,SERRA,Iluminação deficiente,Tombamento,Com Vítimas Feridas,Plena Noite,Crescente,Nublado,Dupla,Reta,Não,2.0,0.0,1.0,0.0,0.0,1.0,1.0,2.0,-20.19630937,-40.33422947,SPRF-ES,DEL02-ES,UOP01-DEL02-ES,2025-03-05 19:40:00,2025.0,3.0,19.0,noite,True,0,moderado,BR-101
665912.0,2025-03-08,sabado,09:55,ES,101.0,268.0,SERRA,Acessar a via sem observar a presença dos outros veículos,Colisão lateral mesmo sentido,Com Vítimas Feridas,Pleno dia,Crescente,Céu Claro,Dupla,Retorno Regulamentado,Sim,2.0,0.0,1.0,0.0,0.0,1.0,1.0,2.0,-20.0488474,-40.3866959,SPRF-ES,DEL02-ES,UOP01-DEL02-ES,2025-03-08 09:55:00,2025.0,3.0,9.0,manha,True,0,moderado,BR-101
665924.0,2025-03-08,sabado,10:47,ES,101.0,288.9,CARIACICA,Condutor deixou de manter distância do veículo da frente,Colisão traseira,Sem Vítimas,Pleno dia,Crescente,Nublado,Simples,Reta,Sim,4.0,0.0,0.0,0.0,3.0,1.0,0.0,4.0,-20.27907962,-40.39276069,SPRF-ES,DEL01-ES,UOP01-DEL01-ES,2025-03-08 10:47:00,2025.0,3.0,10.0,manha,True,0,baixo,BR-101
666524.0,2025-03-11,terca,07:40,ES,101.0,288.0,CARIACICA,Reação tardia ou ineficiente do condutor,Engavetamento,Com Vítimas Feridas,Pleno dia,Decrescente,Céu Claro,Dupla,Reta,Não,5.0,0.0,1.0,0.0,1.0,3.0,1.0,4.0,-20.2768,-40.392579,SPRF-ES,DEL01-ES,UOP01-DEL01-ES,2025-03-11 07:40:00,2025.0,3.0,7.0,manha,True,0,moderado,BR-101
666575.0,2025-01-18,sabado,08:45,ES,101.0,249.8,SERRA,Transitar na contramão,Colisão frontal,Com Vítimas Feridas,Pleno dia,Crescente,Sol,Simples,Curva,Não,5.0,0.0,1.0,1.0,2.0,1.0,2.0,3.0,-20.07371936,-40.35345531,SPRF-ES,DEL02-ES,UOP01-DEL02-ES,2025-01-18 08:45:00,2025.0,1.0,8.0,manha,True,1,grave,BR-101
666692.0,2025-03-12,quarta,07:00,ES,101.0,301.0,VIANA,Condutor deixou de manter distância do veículo da frente,Colisão lateral mesmo sentido,Com Vítimas Feridas,Pleno dia,Crescente,Sol,Dupla,Reta,Sim,3.0,0.0,1.0,0.0,1.0,1.0,1.0,3.0,-20.367431,-40.443776,SPRF-ES,DEL01-ES,UOP01-DEL01-ES,2025-03-12 07:00:00,2025.0,3.0,7.0,manha,True,0,moderado,BR-101
666702.0,2025-03-12,quarta,06:47,ES,101.0,270.4,SERRA,Manobra de mudança de faixa,Colisão lateral mesmo sentido,Com Vítimas Feridas,Amanhecer,Crescente,Céu Claro,Dupla,Reta,Sim,4.0,0.0,1.0,0.0,2.0,1.0,1.0,4.0,-20.2293733,-40.2722316,SPRF-ES,DEL02-ES,UOP01-DEL02-ES,2025-03-12 06:47:00,2025.0,3.0,6.0,manha,True,0,moderado,BR-101
666738.0,2025-03-12,quarta,11:30,ES,101.0,242.0,SERRA,Reação tardia ou ineficiente do condutor,Colisão traseira,Com Vítimas Fatais,Pleno dia,Crescente,Céu Claro,Simples,Aclive;Reta,Não,2.0,1.0,0.0,0.0,1.0,0.0,0.0,2.0,-20.03920158,-40.39311167,SPRF-ES,DEL02-ES,UOP01-DEL02-ES,2025-03-12 11:30:00,2025.0,3.0,11.0,manha,True,1,fatal,BR-101
667176.0,2025-03-14,sexta,12:40,ES,101.0,304.6,VIANA,Reação tardia ou ineficiente do condutor,Colisão traseira,Com Vítimas Feridas,Pleno dia,Crescente,Céu Claro,Dupla,Reta,Sim,3.0,0.0,1.0,0.0,1.0,1.0,1.0,3.0,-20.38273239,-40.45921141,SPRF-ES,DEL01-ES,UOP01-DEL01-ES,2025-03-14 12:40:00,2025.0,3.0,12.0,tarde,True,0,moderado,BR-101
667268.0,2025-03-14,sexta,19:26,ES,101.0,350.0,GUARAPARI,Reação tardia ou ineficiente do condutor,Saída de leito carroçável,Com Vítimas Feridas,Plena Noite,Crescente,Céu Claro,Dupla,Reta,Não,1.0,0.0,1.0,0.0,0.0,0.0,1.0,1.0,-20.65845412,-40.61351978,SPRF-ES,DEL03-ES,UOP01-DEL03-ES,2025-03-14 19:26:00,2025.0,3.0,19.0,noite,True,0,moderado,BR-101
667330.0,2025-03-15,sabado,04:45,ES,101.0,246.1,SERRA,Condutor Dormindo,Colisão com objeto,Com Vítimas Feridas,Plena Noite,Decrescente,Ignorado,Simples,Reta,Não,2.0,0.0,1.0,0.0,0.0,1.0,1.0,2.0,-20.0647545,-40.37611932,SPRF-ES,DEL02-ES,UOP01-DEL02-ES,2025-03-15 04:45:00,2025.0,3.0,4.0,madrugada,True,0,moderado,BR-101
667385.0,2025-03-15,sabado,11:10,ES,262.0,52.0,SERRA,Transitar na contramão,Colisão frontal,Com Vítimas Feridas,Pleno dia,Crescente,Céu Claro,Simples,Reta,Sim,2.0,0.0,1.0,0.0,1.0,0.0,1.0,2.0,-20.054016,-40.3800064,SPRF-ES,DEL01-ES,UOP01-DEL01-ES,2025-03-15 11:10:00,2025.0,3.0,11.0,manha,True,0,moderado,BR-262
667708.0,2025-03-16,domingo,20:00,ES,101.0,286.0,CARIACICA,Acessar a via sem observar a presença dos outros veículos,Colisão traseira,Com Vítimas Fatais,Plena Noite,Decrescente,Céu Claro,Dupla,Curva;Declive,Não,3.0,1.0,0.0,0.0,1.0,1.0,0.0,3.0,-20.259985,-40.377721,SPRF-ES,DEL01-ES,UOP01-DEL01-ES,2025-03-16 20:00:00,2025.0,3.0,20.0,noite,True,1,fatal,BR-101
667736.0,2025-03-17,segunda,00:05,ES,101.0,269.0,SERRA,Ausência de reação do condutor,Colisão transversal,Com Vítimas Feridas,Plena Noite,Crescente,Nublado,Dupla,Interseção de Vias,Não,4.0,0.0,0.0,1.0,1.0,2.0,1.0,4.0,-20.221995,-40.27005167,SPRF-ES,DEL02-ES,UOP01-DEL02-ES,2025-03-17 00:05:00,2025.0,3.0,0.0,madrugada,True,1,grave,BR-101
667909.0,2025-03-17,segunda,16:40,ES,101.0,269.0,SERRA,Reação tardia ou ineficiente do condutor,Colisão traseira,Com Vítimas Feridas,Pleno dia,Decrescente,Nublado,Múltipla,Reta,Sim,2.0,0.0,0.0,1.0,1.0,0.0,1.0,2.0,-20.22333269,-40.27030941,SPRF-ES,DEL02-ES,UOP01-DEL02-ES,2025-03-17 16:40:00,2025.0,3.0,16.0,tarde,True,1,grave,BR-101
667912.0,2025-01-13,segunda,05:37,ES,101.0,321.7,GUARAPARI,Ausência de reação do condutor,Colisão traseira,Com Vítimas Feridas,Amanhecer,Decrescente,Chuva,Dupla,Declive;Reta,Não,10.0,0.0,9.0,0.0,1.0,0.0,9.0,2.0,-20.52517057,-40.48003793,SPRF-ES,DEL03-ES,UOP01-DEL03-ES,2025-01-13 05:37:00,2025.0,1.0,5.0,madrugada,True,0,moderado,BR-101
668167.0,2025-03-19,quarta,06:40,ES,101.0,236.1,FUNDAO,Reação tardia ou ineficiente do condutor,Colisão traseira,Com Vítimas Fatais,Pleno dia,Decrescente,Céu Claro,Simples,Reta,Não,2.0,1.0,0.0,0.0,1.0,0.0,0.0,2.0,-19.987038,-40.414078,SPRF-ES,DEL02-ES,UOP01-DEL02-ES,2025-03-19 06:40:00,2025.0,3.0,6.0,manha,True,1,fatal,BR-101
668318.0,2025-03-19,quarta,21:20,ES,101.0,238.5,FUNDAO,Desvio temporário,Colisão transversal,Com Vítimas Feridas,Plena Noite,Crescente,Céu Claro,Simples,Interseção de Vias;Curva;Desvio Temporário;Em Obras,Sim,3.0,0.0,0.0,1.0,1.0,1.0,1.0,3.0,-20.00638,-40.411482,SPRF-ES,DEL02-ES,UOP01-DEL02-ES,2025-03-19 21:20:00,2025.0,3.0,21.0,noite,True,1,grave,BR-101
668347.0,2025-03-20,quinta,02:05,ES,101.0,237.9,FUNDAO,Reação tardia ou ineficiente do condutor,Colisão com objeto,Com Vítimas Fatais,Plena Noite,Decrescente,Chuva,Simples,Em Obras;Reta,Não,3.0,1.0,0.0,0.0,0.0,2.0,0.0,3.0,-20.002867,-40.413152,SPRF-ES,DEL02-ES,UOP01-DEL02-ES,2025-03-20 02:05:00,2025.0,3.0,2.0,madrugada,True,1,fatal,BR-101
668463.0,2025-03-20,quinta,15:38,ES,101.0,294.0,CARIACICA,Reação tardia ou ineficiente do condutor,Colisão com objeto,Com Vítimas Fatais,Pleno dia,Crescente,Nublado,Dupla,Reta;Declive,Não,5.0,1.0,1.0,1.0,1.0,2.0,2.0,5.0,-20.324742,-40.395789,SPRF-ES,DEL01-ES,UOP01-DEL01-ES,2025-03-20 15:38:00,2025.0,3.0,15.0,tarde,True,1,fatal,BR-101
668705.0,2025-03-21,sexta,20:05,ES,262.0,27.5,VIANA,Demais falhas mecânicas ou elétricas,Incêndio,Sem Vítimas,Plena Noite,Crescente,Céu Claro,Simples,Reta;Aclive,Não,1.0,0.0,0.0,0.0,1.0,0.0,0.0,1.0,-20.385008,-40.556622,SPRF-ES,DEL01-ES,UOP01-DEL01-ES,2025-03-21 20:05:00,2025.0,3.0,20.0,noite,True,0,baixo,BR-262
669211.0,2025-03-24,segunda,06:30,ES,101.0,261.3,SERRA,Manobra de mudança de faixa,Engavetamento,Com Vítimas Feridas,Amanhecer,Crescente,Céu Claro,Dupla,Reta;Aclive,Não,12.0,0.0,1.0,0.0,10.0,1.0,1.0,8.0,-20.1514333,-40.278725,SPRF-ES,DEL02-ES,UOP01-DEL02-ES,2025-03-24 06:30:00,2025.0,3.0,6.0,manha,True,0,moderado,BR-101
669374.0,2025-03-24,segunda,20:45,ES,101.0,289.0,CARIACICA,Entrada inopinada do pedestre,Atropelamento de Pedestre,Com Vítimas Feridas,Plena Noite,Decrescente,Nublado,Dupla,Reta,Sim,2.0,0.0,0.0,1.0,0.0,1.0,1.0,2.0,-20.27765256,-40.3925195,SPRF-ES,DEL01-ES,UOP01-DEL01-ES,2025-03-24 20:45:00,2025.0,3.0,20.0,noite,True,1,grave,BR-101
669538.0,2025-03-25,terca,18:00,ES,101.0,285.3,CARIACICA,Acessar a via sem observar a presença dos outros veículos,Colisão lateral mesmo sentido,Com Vítimas Feridas,Anoitecer,Crescente,Céu Claro,Dupla,Retorno Regulamentado,Sim,3.0,0.0,0.0,1.0,1.0,1.0,1.0,3.0,-20.2520592,-40.3729313,SPRF-ES,DEL01-ES,UOP01-DEL01-ES,2025-03-25 18:00:00,2025.0,3.0,18.0,noite,True,1,grave,BR-101
669650.0,2025-03-26,quarta,09:20,ES,101.0,236.1,FUNDAO,Demais falhas mecânicas ou elétricas,Colisão com objeto,Com Vítimas Feridas,Pleno dia,Crescente,Nublado,Simples,Curva,Não,3.0,0.0,1.0,1.0,1.0,0.0,2.0,2.0,-19.96983296,-40.40698887,SPRF-ES,DEL02-ES,UOP01-DEL02-ES,2025-03-26 09:20:00,2025.0,3.0,9.0,manha,True,1,grave,BR-101
669912.0,2025-03-27,quinta,17:55,ES,101.0,290.5,CARIACICA,Ausência de reação do condutor,Colisão traseira,Com Vítimas Fatais,Anoitecer,Decrescente,Céu Claro,Dupla,Reta,Sim,2.0,1.0,0.0,0.0,1.0,0.0,0.0,2.0,-20.29494489,-40.39329529,SPRF-ES,DEL01-ES,UOP01-DEL01-ES,2025-03-27 17:55:00,2025.0,3.0,17.0,tarde,True,1,fatal,BR-101
670735.0,2025-03-31,segunda,12:50,ES,101.0,329.8,GUARAPARI,Acessar a via sem observar a presença dos outros veículos,Colisão traseira,Com Vítimas Feridas,Pleno dia,Crescente,Nublado,Dupla,Reta,Não,2.0,0.0,0.0,1.0,0.0,1.0,1.0,2.0,-20.59137546,-40.49941236,SPRF-ES,DEL03-ES,UOP01-DEL03-ES,2025-03-31 12:50:00,2025.0,3.0,12.0,tarde,True,1,grave,BR-101
670865.0,2025-04-01,terca,07:10,ES,101.0,17.8,SERRA,Acesso irregular,Colisão lateral mesmo sentido,Com Vítimas Feridas,Pleno dia,Crescente,Céu Claro,Simples,Curva,Não,3.0,0.0,1.0,0.0,1.0,1.0,1.0,3.0,-20.217167,-40.337069,SPRF-ES,DEL02-ES,UOP01-DEL02-ES,2025-04-01 07:10:00,2025.0,4.0,7.0,manha,True,0,moderado,BR-101
671090.0,2025-04-02,quarta,13:35,ES,101.0,254.0,SERRA,Ingestão de álcool pelo condutor,Colisão traseira,Sem Vítimas,Pleno dia,Crescente,Céu Claro,Simples,Aclive;Reta;Interseção de Vias,Sim,4.0,0.0,0.0,0.0,3.0,1.0,0.0,4.0,-20.11862239,-40.31219925,SPRF-ES,DEL02-ES,UOP01-DEL02-ES,2025-04-02 13:35:00,2025.0,4.0,13.0,tarde,True,0,baixo,BR-101
671109.0,2025-04-02,quarta,15:45,ES,101.0,295.0,CARIACICA,Trafegar com motocicleta (ou similar) entre as faixas,Colisão traseira,Com Vítimas Feridas,Pleno dia,Decrescente,Céu Claro,Dupla,Reta,Sim,3.0,0.0,0.0,1.0,2.0,0.0,1.0,3.0,-20.3313286,-40.3994204,SPRF-ES,DEL01-ES,UOP01-DEL01-ES,2025-04-02 15:45:00,2025.0,4.0,15.0,tarde,True,1,grave,BR-101
671446.0,2025-04-04,sexta,08:10,ES,101.0,279.5,SERRA,Condutor deixou de manter distância do veículo da frente,Colisão traseira,Com Vítimas Feridas,Pleno dia,Decrescente,Céu Claro,Dupla,Reta,Não,3.0,0.0,0.0,1.0,1.0,2.0,1.0,4.0,-20.21843833,-40.34453333,SPRF-ES,DEL02-ES,UOP01-DEL02-ES,2025-04-04 08:10:00,2025.0,4.0,8.0,manha,True,1,grave,BR-101
671543.0,2025-04-04,sexta,16:20,ES,101.0,263.0,SERRA,Velocidade Incompatível,Colisão traseira,Com Vítimas Feridas,Pleno dia,Decrescente,Céu Claro,Dupla,Declive;Reta,Sim,2.0,0.0,0.0,1.0,1.0,0.0,1.0,2.0,-20.16682298,-40.2720058,SPRF-ES,DEL02-ES,UOP01-DEL02-ES,2025-04-04 16:20:00,2025.0,4.0,16.0,tarde,True,1,grave,BR-101
671751.0,2025-04-05,sabado,14:20,ES,101.0,290.0,CARIACICA,Suicídio (presumido),Atropelamento de Pedestre,Com Vítimas Feridas,Pleno dia,Crescente,Sol,Dupla,Reta,Sim,2.0,0.0,0.0,1.0,1.0,0.0,1.0,2.0,-20.29566594,-40.39384246,SPRF-ES,DEL01-ES,UOP01-DEL01-ES,2025-04-05 14:20:00,2025.0,4.0,14.0,tarde,True,1,grave,BR-101
672426.0,2025-04-08,terca,19:20,ES,101.0,290.0,CARIACICA,Demais falhas mecânicas ou elétricas,Incêndio,Sem Vítimas,Plena Noite,Crescente,Céu Claro,Dupla,Reta;Aclive,Não,1.0,0.0,0.0,0.0,1.0,0.0,0.0,1.0,-20.287047,-40.392323,SPRF-ES,DEL01-ES,UOP01-DEL01-ES,2025-04-08 19:20:00,2025.0,4.0,19.0,noite,True,0,baixo,BR-101
672562.0,2025-04-09,quarta,14:30,ES,101.0,304.0,VIANA,Ausência de reação do condutor,Colisão traseira,Com Vítimas Feridas,Pleno dia,Decrescente,Céu Claro,Dupla,Reta,Sim,2.0,0.0,1.0,0.0,1.0,0.0,1.0,2.0,-20.3827135,-40.4591229,SPRF-ES,DEL01-ES,UOP01-DEL01-ES,2025-04-09 14:30:00,2025.0,4.0,14.0,tarde,True,0,moderado,BR-101
672892.0,2025-04-11,sexta,08:30,ES,101.0,290.4,CARIACICA,Manobra de mudança de faixa,Colisão transversal,Com Vítimas Feridas,Pleno dia,Decrescente,Céu Claro,Dupla,Reta;Retorno Regulamentado,Sim,2.0,0.0,1.0,0.0,1.0,0.0,1.0,2.0,-20.2932598,-40.3935374,SPRF-ES,DEL01-ES,UOP01-DEL01-ES,2025-04-11 08:30:00,2025.0,4.0,8.0,manha,True,0,moderado,BR-101
672996.0,2025-04-11,sexta,17:20,ES,262.0,29.0,VIANA,Demais falhas mecânicas ou elétricas,Eventos atípicos,Com Vítimas Feridas,Pleno dia,Decrescente,Céu Claro,Dupla,Reta;Aclive,Não,2.0,0.0,1.0,0.0,0.0,1.0,1.0,2.0,-20.377956,-40.560521,SPRF-ES,DEL01-ES,UOP01-DEL01-ES,2025-04-11 17:20:00,2025.0,4.0,17.0,tarde,True,0,moderado,BR-262
673301.0,2025-04-12,sabado,23:12,ES,101.0,289.9,CARIACICA,Entrada inopinada do pedestre,Atropelamento de Pedestre,Com Vítimas Fatais,Plena Noite,Decrescente,Nublado,Dupla,Reta,Sim,2.0,1.0,0.0,0.0,0.0,1.0,0.0,2.0,-20.288292,-40.391993,SPRF-ES,DEL01-ES,UOP01-DEL01-ES,2025-04-12 23:12:00,2025.0,4.0,23.0,noite,True,1,fatal,BR-101
673317.0,2025-04-13,domingo,01:40,ES,101.0,284.5,CARIACICA,Ausência de reação do condutor,Colisão com objeto,Com Vítimas Feridas,Plena Noite,Decrescente,Céu Claro,Dupla,Reta;Declive,Não,3.0,0.0,1.0,0.0,1.0,2.0,1.0,4.0,-20.24729923,-40.37035622,SPRF-ES,DEL01-ES,UOP01-DEL01-ES,2025-04-13 01:40:00,2025.0,4.0,1.0,madrugada,True,0,moderado,BR-101
673845.0,2025-04-15,terca,14:30,ES,101.0,285.6,CARIACICA,Acessar a via sem observar a presença dos outros veículos,Colisão transversal,Com Vítimas Feridas,Pleno dia,Crescente,Céu Claro,Dupla,Aclive;Reta;Interseção de Vias,Não,5.0,0.0,2.0,0.0,3.0,0.0,2.0,3.0,-20.25423855,-40.37464775,SPRF-ES,DEL01-ES,UOP01-DEL01-ES,2025-04-15 14:30:00,2025.0,4.0,14.0,tarde,True,0,moderado,BR-101
673936.0,2025-04-15,terca,22:30,ES,101.0,313.0,VILA VELHA,Reação tardia ou ineficiente do condutor,Colisão traseira,Com Vítimas Fatais,Plena Noite,Crescente,Nublado,Dupla,Reta,Não,3.0,1.0,0.0,0.0,1.0,2.0,0.0,4.0,-20.456781,-40.463964,SPRF-ES,DEL01-ES,UOP01-DEL01-ES,2025-04-15 22:30:00,2025.0,4.0,22.0,noite,True,1,fatal,BR-101
674002.0,2025-04-16,quarta,09:00,ES,101.0,228.8,FUNDAO,Condutor deixou de manter distância do veículo da frente,Colisão traseira,Com Vítimas Feridas,Pleno dia,Crescente,Nublado,Simples,Reta,Não,6.0,0.0,2.0,0.0,4.0,0.0,2.0,4.0,-19.92707333,-40.40599,SPRF-ES,DEL02-ES,UOP01-DEL02-ES,2025-04-16 09:00:00,2025.0,4.0,9.0,manha,True,0,moderado,BR-101
685332.0,2025-04-17,quinta,07:10,ES,101.0,284.5,CARIACICA,Pista Escorregadia,Colisão lateral mesmo sentido,Com Vítimas Feridas,Pleno dia,Decrescente,Chuva,Dupla,Curva;Declive,Sim,4.0,0.0,0.0,2.0,1.0,1.0,2.0,3.0,-20.244866,-40.369797,SPRF-ES,DEL01-ES,UOP01-DEL01-ES,2025-04-17 07:10:00,2025.0,4.0,7.0,manha,True,1,grave,BR-101
685650.0,2025-04-16,quarta,17:30,ES,101.0,294.1,CARIACICA,Chuva,Colisão transversal,Com Vítimas Feridas,Anoitecer,Crescente,Chuva,Múltipla,Reta;Declive,Sim,3.0,0.0,0.0,1.0,2.0,0.0,1.0,2.0,-20.32994386,-40.3988939,SPRF-ES,DEL01-ES,UOP01-DEL01-ES,2025-04-16 17:30:00,2025.0,4.0,17.0,tarde,True,1,grave,BR-101
685842.0,2025-04-18,sexta,22:50,ES,101.0,290.0,CARIACICA,Acessar a via sem observar a presença dos outros veículos,Colisão transversal,Com Vítimas Feridas,Plena Noite,Crescente,Céu Claro,Simples,Reta;Retorno Regulamentado,Sim,3.0,0.0,0.0,1.0,1.0,1.0,1.0,3.0,-20.2937462,-40.3929171,SPRF-ES,DEL01-ES,UOP01-DEL01-ES,2025-04-18 22:50:00,2025.0,4.0,22.0,noite,True,1,grave,BR-101
686249.0,2025-04-16,quarta,14:35,ES,101.0,276.4,SERRA,Ausência de reação do condutor,Colisão traseira,Com Vítimas Feridas,Pleno dia,Decrescente,Céu Claro,Dupla,Retorno Regulamentado,Não,3.0,0.0,0.0,1.0,1.0,1.0,1.0,3.0,-20.209263,-40.315953,SPRF-ES,DEL02-ES,UOP01-DEL02-ES,2025-04-16 14:35:00,2025.0,4.0,14.0,tarde,True,1,grave,BR-101
687000.0,2025-04-24,quinta,07:40,ES,101.0,291.9,CARIACICA,Trafegar com motocicleta (ou similar) entre as faixas,Colisão transversal,Com Vítimas Fatais,Pleno dia,Crescente,Sol,Dupla,Retorno Regulamentado;Reta,Sim,2.0,1.0,0.0,0.0,1.0,0.0,0.0,2.0,-20.305992,-40.395167,SPRF-ES,DEL01-ES,UOP01-DEL01-ES,2025-04-24 07:40:00,2025.0,4.0,7.0,manha,True,1,fatal,BR-101
687003.0,2025-04-24,quinta,08:00,ES,101.0,299.3,VIANA,Condutor deixou de manter distância do veículo da frente,Colisão lateral mesmo sentido,Com Vítimas Feridas,Pleno dia,Crescente,Céu Claro,Dupla,Reta,Sim,2.0,0.0,1.0,0.0,1.0,0.0,1.0,2.0,-20.3577014,-40.4262213,SPRF-ES,DEL01-ES,UOP01-DEL01-ES,2025-04-24 08:00:00,2025.0,4.0,8.0,manha,True,0,moderado,BR-101
687035.0,2025-04-24,quinta,10:45,ES,101.0,288.8,CARIACICA,Condutor deixou de manter distância do veículo da frente,Colisão traseira,Com Vítimas Feridas,Pleno dia,Crescente,Céu Claro,Dupla,Declive;Reta,Não,2.0,0.0,0.0,1.0,1.0,0.0,1.0,2.0,-20.28322004,-40.39303601,SPRF-ES,DEL01-ES,UOP01-DEL01-ES,2025-04-24 10:45:00,2025.0,4.0,10.0,manha,True,1,grave,BR-101
687142.0,2025-04-24,quinta,22:40,ES,101.0,280.0,SERRA,Demais falhas mecânicas ou elétricas,Incêndio,Sem Vítimas,Plena Noite,Crescente,Céu Claro,Dupla,Reta,Não,1.0,0.0,0.0,0.0,1.0,0.0,0.0,1.0,-20.21771,-40.3513616,SPRF-ES,DEL02-ES,UOP01-DEL02-ES,2025-04-24 22:40:00,2025.0,4.0,22.0,noite,True,0,baixo,BR-101
687884.0,2025-04-04,sexta,16:45,ES,101.0,231.1,FUNDAO,Pedestre cruzava a pista fora da faixa,Atropelamento de Pedestre,Com Vítimas Feridas,Anoitecer,Crescente,Céu Claro,Simples,Reta,Não,4.0,0.0,1.0,0.0,1.0,2.0,1.0,3.0,-19.94581667,-40.40393333,SPRF-ES,DEL02-ES,UOP01-DEL02-ES,2025-04-04 16:45:00,2025.0,4.0,16.0,tarde,True,0,moderado,BR-101
687973.0,2025-04-29,terca,05:55,ES,101.0,289.3,CARIACICA,Acumulo de água sobre o pavimento,Saída de leito carroçável,Com Vítimas Feridas,Amanhecer,Decrescente,Céu Claro,Simples,Reta,Não,2.0,0.0,1.0,0.0,0.0,1.0,1.0,2.0,-20.2510108,-40.37269938,SPRF-ES,DEL01-ES,UOP01-DEL01-ES,2025-04-29 05:55:00,2025.0,4.0,5.0,madrugada,True,0,moderado,BR-101
688013.0,2025-04-29,terca,08:30,ES,101.0,243.0,SERRA,Transitar na contramão,Colisão lateral sentido oposto,Com Vítimas Feridas,Pleno dia,Crescente,Céu Claro,Simples,Reta,Não,6.0,0.0,2.0,0.0,3.0,1.0,2.0,3.0,-20.036228,-40.393767,SPRF-ES,DEL02-ES,UOP01-DEL02-ES,2025-04-29 08:30:00,2025.0,4.0,8.0,manha,True,0,moderado,BR-101
688016.0,2025-04-29,terca,08:26,ES,101.0,268.6,SERRA,Trafegar com motocicleta (ou similar) entre as faixas,Colisão lateral mesmo sentido,Com Vítimas Feridas,Pleno dia,Crescente,Céu Claro,Dupla,Reta,Sim,2.0,0.0,0.0,1.0,1.0,0.0,1.0,2.0,-20.0507392,-40.3832832,SPRF-ES,DEL02-ES,UOP01-DEL02-ES,2025-04-29 08:26:00,2025.0,4.0,8.0,manha,True,1,grave,BR-101
688064.0,2025-04-29,terca,14:04,ES,101.0,266.4,SERRA,Ausência de reação do condutor,Colisão traseira,Com Vítimas Feridas,Pleno dia,Crescente,Nublado,Múltipla,Reta;Retorno Regulamentado,Sim,5.0,0.0,0.0,1.0,3.0,1.0,1.0,4.0,-20.19528126,-40.26923776,SPRF-ES,DEL02-ES,UOP01-DEL02-ES,2025-04-29 14:04:00,2025.0,4.0,14.0,tarde,True,1,grave,BR-101
688639.0,2025-05-02,sexta,09:20,ES,101.0,291.0,CARIACICA,Manobra de mudança de faixa,Colisão lateral mesmo sentido,Com Vítimas Feridas,Pleno dia,Decrescente,Céu Claro,Dupla,Reta,Não,4.0,0.0,2.0,0.0,1.0,1.0,2.0,3.0,-20.3032417,-40.3951811,SPRF-ES,DEL01-ES,UOP01-DEL01-ES,2025-05-02 09:20:00,2025.0,5.0,9.0,manha,True,0,moderado,BR-101
689475.0,2025-01-23,quinta,01:40,ES,101.0,271.2,SERRA,Conversão proibida,Colisão transversal,Com Vítimas Feridas,Plena Noite,Crescente,Céu Claro,Múltipla,Reta,Sim,2.0,0.0,0.0,1.0,1.0,0.0,1.0,2.0,-20.23267,-40.27658,SPRF-ES,DEL02-ES,UOP01-DEL02-ES,2025-01-23 01:40:00,2025.0,1.0,1.0,madrugada,True,1,grave,BR-101
689964.0,2025-05-09,sexta,08:15,ES,101.0,296.9,CARIACICA,Condutor deixou de manter distância do veículo da frente,Engavetamento,Com Vítimas Feridas,Pleno dia,Crescente,Nublado,Dupla,Curva,Sim,5.0,0.0,2.0,1.0,1.0,1.0,3.0,5.0,-20.34431868,-40.40925908,SPRF-ES,DEL01-ES,UOP01-DEL01-ES,2025-05-09 08:15:00,2025.0,5.0,8.0,manha,True,1,grave,BR-101
690884.0,2025-05-12,segunda,19:00,ES,101.0,267.8,SERRA,Condutor desrespeitou a iluminação vermelha do semáforo,Colisão transversal,Com Vítimas Feridas,Plena Noite,Crescente,Chuva,Múltipla,Reta,Não,2.0,0.0,1.0,0.0,1.0,0.0,1.0,2.0,-20.2071674,-40.2696285,SPRF-ES,DEL02-ES,UOP01-DEL02-ES,2025-05-12 19:00:00,2025.0,5.0,19.0,noite,True,0,moderado,BR-101
690950.0,2025-05-13,terca,07:45,ES,101.0,279.1,SERRA,Condutor deixou de manter distância do veículo da frente,Colisão traseira,Com Vítimas Feridas,Pleno dia,Decrescente,Garoa/Chuvisco,Dupla,Reta,Não,3.0,0.0,1.0,0.0,1.0,1.0,1.0,3.0,-20.04883604,-40.38668633,SPRF-ES,DEL02-ES,UOP01-DEL02-ES,2025-05-13 07:45:00,2025.0,5.0,7.0,manha,True,0,moderado,BR-101
691036.0,2025-05-13,terca,15:10,ES,101.0,270.3,SERRA,Condutor deixou de manter distância do veículo da frente,Colisão traseira,Com Vítimas Feridas,Pleno dia,Crescente,Nublado,Dupla,Reta,Sim,3.0,0.0,2.0,0.0,1.0,0.0,2.0,2.0,-20.22300754,-40.27019149,SPRF-ES,DEL02-ES,UOP01-DEL02-ES,2025-05-13 15:10:00,2025.0,5.0,15.0,tarde,True,0,moderado,BR-101
691214.0,2025-05-14,quarta,13:30,ES,101.0,294.6,CARIACICA,Reação tardia ou ineficiente do condutor,Colisão lateral mesmo sentido,Com Vítimas Feridas,Pleno dia,Decrescente,Céu Claro,Múltipla,Declive,Sim,5.0,0.0,1.0,0.0,3.0,1.0,1.0,5.0,-20.329888,-40.398898,SPRF-ES,DEL01-ES,UOP01-DEL01-ES,2025-05-14 13:30:00,2025.0,5.0,13.0,tarde,True,0,moderado,BR-101
691431.0,2025-05-15,quinta,14:00,ES,101.0,282.0,SERRA,Condutor deixou de manter distância do veículo da frente,Colisão traseira,Com Vítimas Feridas,Pleno dia,Decrescente,Sol,Dupla,Reta,Não,5.0,0.0,2.0,0.0,3.0,0.0,2.0,3.0,-20.22577477,-40.36231549,SPRF-ES,DEL01-ES,UOP01-DEL01-ES,2025-05-15 14:00:00,2025.0,5.0,14.0,tarde,True,0,moderado,BR-101
691651.0,2025-05-16,sexta,16:00,ES,101.0,282.0,CARIACICA,Manobra de mudança de faixa,Colisão traseira,Com Vítimas Feridas,Pleno dia,Decrescente,Céu Claro,Dupla,Curva,Não,2.0,0.0,1.0,0.0,0.0,1.0,1.0,2.0,-20.22668406,-40.36399484,SPRF-ES,DEL01-ES,UOP01-DEL01-ES,2025-05-16 16:00:00,2025.0,5.0,16.0,tarde,True,0,moderado,BR-101
692469.0,2025-05-20,terca,06:35,ES,101.0,276.3,SERRA,Desrespeitar a preferência no cruzamento,Colisão transversal,Com Vítimas Fatais,Pleno dia,Decrescente,Nublado,Dupla,Retorno Regulamentado,Não,2.0,1.0,0.0,0.0,1.0,0.0,0.0,2.0,-20.2091774,-40.3158721,SPRF-ES,DEL02-ES,UOP01-DEL02-ES,2025-05-20 06:35:00,2025.0,5.0,6.0,manha,True,1,fatal,BR-101
692578.0,2025-05-20,terca,17:30,ES,101.0,297.8,VIANA,Manobra de mudança de faixa,Colisão lateral mesmo sentido,Com Vítimas Feridas,Anoitecer,Decrescente,Céu Claro,Dupla,Reta,Sim,3.0,0.0,1.0,0.0,2.0,0.0,1.0,3.0,-20.35102005,-40.41308951,SPRF-ES,DEL01-ES,UOP01-DEL01-ES,2025-05-20 17:30:00,2025.0,5.0,17.0,tarde,True,0,moderado,BR-101
692685.0,2025-05-21,quarta,07:38,ES,101.0,262.0,SERRA,Manobra de mudança de faixa,Colisão lateral mesmo sentido,Com Vítimas Feridas,Pleno dia,Decrescente,Sol,Dupla,Reta;Aclive,Sim,4.0,0.0,1.0,0.0,2.0,1.0,1.0,3.0,-20.15893204,-40.27622475,SPRF-ES,DEL02-ES,UOP01-DEL02-ES,2025-05-21 07:38:00,2025.0,5.0,7.0,manha,True,0,moderado,BR-101
692690.0,2025-05-21,quarta,08:20,ES,101.0,289.9,CARIACICA,Manobra de mudança de faixa,Colisão lateral mesmo sentido,Com Vítimas Feridas,Pleno dia,Crescente,Céu Claro,Dupla,Reta;Aclive,Sim,2.0,0.0,1.0,0.0,0.0,1.0,1.0,2.0,-20.28985326,-40.39189529,SPRF-ES,DEL01-ES,UOP01-DEL01-ES,2025-05-21 08:20:00,2025.0,5.0,8.0,manha,True,0,moderado,BR-101
692735.0,2025-05-21,quarta,14:10,ES,101.0,292.0,CARIACICA,Manobra de mudança de faixa,Colisão traseira,Com Vítimas Feridas,Pleno dia,Decrescente,Sol,Dupla,Reta,Sim,6.0,0.0,2.0,3.0,1.0,0.0,5.0,2.0,-20.30636079,-40.39502597,SPRF-ES,DEL01-ES,UOP01-DEL01-ES,2025-05-21 14:10:00,2025.0,5.0,14.0,tarde,True,1,grave,BR-101
693158.0,2025-05-23,sexta,12:00,ES,101.0,299.0,VIANA,Condutor deixou de manter distância do veículo da frente,Colisão lateral sentido oposto,Com Vítimas Feridas,Pleno dia,Crescente,Sol,Múltipla,Interseção de Vias,Sim,2.0,0.0,0.0,1.0,1.0,0.0,1.0,2.0,-20.3556635,-40.41816163,SPRF-ES,DEL01-ES,UOP01-DEL01-ES,2025-05-23 12:00:00,2025.0,5.0,12.0,tarde,True,1,grave,BR-101
693911.0,2025-05-26,segunda,16:40,ES,101.0,265.7,SERRA,Condutor deixou de manter distância do veículo da frente,Engavetamento,Com Vítimas Feridas,Anoitecer,Crescente,Chuva,Múltipla,Aclive,Sim,6.0,0.0,2.0,0.0,3.0,2.0,2.0,5.0,-20.1882207,-40.2684512,SPRF-ES,DEL02-ES,UOP01-DEL02-ES,2025-05-26 16:40:00,2025.0,5.0,16.0,tarde,True,0,moderado,BR-101
694101.0,2025-05-27,terca,14:30,ES,101.0,270.0,SERRA,Manobra de mudança de faixa,Colisão lateral mesmo sentido,Com Vítimas Feridas,Pleno dia,Decrescente,Céu Claro,Dupla,Reta,Sim,2.0,0.0,1.0,0.0,0.0,1.0,1.0,2.0,-20.0488541,-40.3866988,SPRF-ES,DEL02-ES,UOP01-DEL02-ES,2025-05-27 14:30:00,2025.0,5.0,14.0,tarde,True,0,moderado,BR-101
694253.0,2025-05-28,quarta,12:10,ES,101.0,340.1,GUARAPARI,Mal súbito do condutor,Colisão traseira,Com Vítimas Feridas,Pleno dia,Crescente,Céu Claro,Dupla,Reta;Aclive,Não,3.0,0.0,0.0,1.0,1.0,1.0,1.0,3.0,-20.647547,-40.567375,SPRF-ES,DEL03-ES,UOP01-DEL03-ES,2025-05-28 12:10:00,2025.0,5.0,12.0,tarde,True,1,grave,BR-101
694728.0,2025-05-30,sexta,19:20,ES,101.0,278.0,SERRA,Demais falhas mecânicas ou elétricas,Colisão com objeto,Com Vítimas Feridas,Plena Noite,Decrescente,Nublado,Dupla,Reta,Sim,3.0,0.0,0.0,1.0,1.0,1.0,1.0,3.0,-20.2171155,-40.3302993,SPRF-ES,DEL02-ES,UOP01-DEL02-ES,2025-05-30 19:20:00,2025.0,5.0,19.0,noite,True,1,grave,BR-101
695393.0,2025-06-02,segunda,16:40,ES,101.0,289.8,CARIACICA,Ausência de reação do condutor,Colisão traseira,Com Vítimas Feridas,Pleno dia,Crescente,Céu Claro,Dupla,Reta;Aclive,Sim,2.0,0.0,1.0,0.0,1.0,0.0,1.0,2.0,-20.28693761,-40.39235187,SPRF-ES,DEL01-ES,UOP01-DEL01-ES,2025-06-02 16:40:00,2025.0,6.0,16.0,tarde,True,0,moderado,BR-101
695513.0,2025-06-03,terca,08:00,ES,101.0,268.1,SERRA,Entrada inopinada do pedestre,Atropelamento de Pedestre,Com Vítimas Feridas,Pleno dia,Crescente,Nublado,Múltipla,Reta,Sim,3.0,0.0,2.0,0.0,1.0,0.0,2.0,3.0,-20.210093,-40.269801,SPRF-ES,DEL02-ES,UOP01-DEL02-ES,2025-06-03 08:00:00,2025.0,6.0,8.0,manha,True,0,moderado,BR-101
695553.0,2025-06-03,terca,11:50,ES,101.0,285.0,CARIACICA,Demais falhas mecânicas ou elétricas,Incêndio,Sem Vítimas,Pleno dia,Crescente,Sol,Dupla,Reta;Declive,Não,1.0,0.0,0.0,0.0,1.0,0.0,0.0,1.0,-20.25414499,-40.37475586,SPRF-ES,DEL01-ES,UOP01-DEL01-ES,2025-06-03 11:50:00,2025.0,6.0,11.0,manha,True,0,baixo,BR-101
695708.0,2025-04-27,domingo,16:55,ES,101.0,361.0,GUARAPARI,Reação tardia ou ineficiente do condutor,Tombamento,Com Vítimas Fatais,Pleno dia,Crescente,Nublado,Simples,Declive;Curva,Não,34.0,2.0,25.0,3.0,2.0,3.0,28.0,6.0,-20.6580058,-40.6172825,SPRF-ES,DEL03-ES,UOP01-DEL03-ES,2025-04-27 16:55:00,2025.0,4.0,16.0,tarde,True,1,fatal,BR-101
695980.0,2025-06-05,quinta,08:40,ES,101.0,315.9,VILA VELHA,Ultrapassagem Indevida,Tombamento,Com Vítimas Feridas,Pleno dia,Crescente,Céu Claro,Dupla,Retorno Regulamentado,Não,3.0,0.0,1.0,0.0,1.0,1.0,1.0,3.0,-20.47619455,-40.4710242,SPRF-ES,DEL01-ES,UOP01-DEL01-ES,2025-06-05 08:40:00,2025.0,6.0,8.0,manha,True,0,moderado,BR-101
696126.0,2025-06-05,quinta,22:00,ES,101.0,280.3,SERRA,Reação tardia ou ineficiente do condutor,Colisão traseira,Com Vítimas Feridas,Plena Noite,Decrescente,Céu Claro,Dupla,Reta,Não,3.0,0.0,1.0,0.0,1.0,1.0,1.0,3.0,-20.2180495,-40.3505219,SPRF-ES,DEL02-ES,UOP01-DEL02-ES,2025-06-05 22:00:00,2025.0,6.0,22.0,noite,True,0,moderado,BR-101
696259.0,2025-05-13,terca,18:44,ES,101.0,278.9,SERRA,Manobra de mudança de faixa,Colisão lateral mesmo sentido,Com Vítimas Fatais,Plena Noite,Crescente,Garoa/Chuvisco,Dupla,Reta;Declive,Não,3.0,1.0,0.0,0.0,1.0,1.0,0.0,3.0,-20.04884377,-40.38640213,SPRF-ES,DEL02-ES,UOP01-DEL02-ES,2025-05-13 18:44:00,2025.0,5.0,18.0,noite,True,1,fatal,BR-101
696284.0,2025-05-29,quinta,15:19,ES,101.0,294.0,CARIACICA,Reação tardia ou ineficiente do condutor,Engavetamento,Com Vítimas Feridas,Pleno dia,Crescente,Nublado,Múltipla,Reta,Não,7.0,0.0,0.0,1.0,5.0,2.0,1.0,8.0,-20.325679,-40.396456,SPRF-ES,DEL01-ES,UOP01-DEL01-ES,2025-05-29 15:19:00,2025.0,5.0,15.0,tarde,True,1,grave,BR-101
696308.0,2025-06-06,sexta,18:58,ES,101.0,287.0,CARIACICA,Acessar a via sem observar a presença dos outros veículos,Colisão transversal,Com Vítimas Feridas,Plena Noite,Crescente,Nublado,Dupla,Reta,Sim,3.0,0.0,1.0,0.0,2.0,0.0,1.0,2.0,-20.264964,-40.38486,SPRF-ES,DEL01-ES,UOP01-DEL01-ES,2025-06-06 18:58:00,2025.0,6.0,18.0,noite,True,0,moderado,BR-101
696487.0,2025-06-07,sabado,11:40,ES,101.0,294.7,CARIACICA,Manobra de mudança de faixa,Colisão lateral mesmo sentido,Com Vítimas Feridas,Pleno dia,Crescente,Céu Claro,Dupla,Reta,Sim,2.0,0.0,1.0,0.0,1.0,0.0,1.0,2.0,-20.330668,-40.399523,SPRF-ES,DEL01-ES,UOP01-DEL01-ES,2025-06-07 11:40:00,2025.0,6.0,11.0,manha,True,0,moderado,BR-101
698001.0,2025-06-13,sexta,22:10,ES,262.0,27.9,VIANA,Ultrapassagem Indevida,Colisão frontal,Com Vítimas Feridas,Plena Noite,Crescente,Céu Claro,Simples,Curva,Não,8.0,0.0,5.0,1.0,2.0,0.0,6.0,3.0,-20.38508788,-40.55464458,SPRF-ES,DEL01-ES,UOP01-DEL01-ES,2025-06-13 22:10:00,2025.0,6.0,22.0,noite,True,1,grave,BR-262
698474.0,2025-06-16,segunda,08:20,ES,101.0,292.0,CARIACICA,Conversão proibida,Colisão transversal,Sem Vítimas,Pleno dia,Crescente,Céu Claro,Simples,Reta,Sim,2.0,0.0,0.0,0.0,2.0,0.0,0.0,2.0,-20.311765,-40.394838,SPRF-ES,DEL01-ES,UOP01-DEL01-ES,2025-06-16 08:20:00,2025.0,6.0,8.0,manha,True,0,baixo,BR-101
698672.0,2025-06-17,terca,08:30,ES,101.0,289.1,CARIACICA,Acessar a via sem observar a presença dos outros veículos,Colisão transversal,Com Vítimas Feridas,Pleno dia,Decrescente,Nublado,Dupla,Retorno Regulamentado;Reta,Não,2.0,0.0,0.0,1.0,1.0,0.0,1.0,2.0,-20.2802085,-40.3924459,SPRF-ES,DEL01-ES,UOP01-DEL01-ES,2025-06-17 08:30:00,2025.0,6.0,8.0,manha,True,1,grave,BR-101
698960.0,2025-06-18,quarta,15:50,ES,101.0,295.0,CARIACICA,Trafegar com motocicleta (ou similar) entre as faixas,Colisão traseira,Com Vítimas Feridas,Pleno dia,Decrescente,Nublado,Dupla,Reta,Não,3.0,0.0,0.0,1.0,2.0,0.0,1.0,3.0,-20.33092746,-40.39940953,SPRF-ES,DEL01-ES,UOP01-DEL01-ES,2025-06-18 15:50:00,2025.0,6.0,15.0,tarde,True,1,grave,BR-101
699122.0,2025-06-19,quinta,08:10,ES,101.0,304.0,VIANA,Objeto estático sobre o leito carroçável,Colisão com objeto,Com Vítimas Feridas,Pleno dia,Crescente,Nublado,Dupla,Reta,Sim,4.0,0.0,2.0,0.0,1.0,1.0,2.0,3.0,-20.382593,-40.45945,SPRF-ES,DEL01-ES,UOP01-DEL01-ES,2025-06-19 08:10:00,2025.0,6.0,8.0,manha,True,0,moderado,BR-101
699816.0,2025-06-22,domingo,18:00,ES,101.0,285.0,CARIACICA,Desrespeitar a preferência no cruzamento,Colisão transversal,Com Vítimas Feridas,Plena Noite,Crescente,Céu Claro,Dupla,Aclive;Reta;Retorno Regulamentado,Sim,2.0,0.0,1.0,0.0,1.0,0.0,1.0,2.0,-20.263947,-40.3782337,SPRF-ES,DEL01-ES,UOP01-DEL01-ES,2025-06-22 18:00:00,2025.0,6.0,18.0,noite,True,0,moderado,BR-101
700071.0,2025-06-23,segunda,18:00,ES,101.0,329.8,GUARAPARI,Conversão proibida,Colisão transversal,Com Vítimas Feridas,Plena Noite,Decrescente,Céu Claro,Dupla,Reta;Retorno Regulamentado,Não,5.0,0.0,1.0,0.0,4.0,0.0,1.0,2.0,-20.591389,-40.499247,SPRF-ES,DEL03-ES,UOP01-DEL03-ES,2025-06-23 18:00:00,2025.0,6.0,18.0,noite,True,0,moderado,BR-101
700162.0,2025-06-24,terca,08:10,ES,101.0,312.0,VILA VELHA,Reação tardia ou ineficiente do condutor,Colisão lateral mesmo sentido,Com Vítimas Feridas,Pleno dia,Decrescente,Céu Claro,Dupla,Reta,Não,2.0,0.0,1.0,0.0,1.0,0.0,1.0,2.0,-20.437771,-40.4595223,SPRF-ES,DEL01-ES,UOP01-DEL01-ES,2025-06-24 08:10:00,2025.0,6.0,8.0,manha,True,0,moderado,BR-101
700264.0,2025-06-24,terca,15:40,ES,101.0,230.0,FUNDAO,Condutor Dormindo,Colisão frontal,Com Vítimas Feridas,Pleno dia,Crescente,Céu Claro,Simples,Curva,Não,4.0,0.0,1.0,0.0,2.0,2.0,1.0,5.0,-19.98322683,-40.41366609,SPRF-ES,DEL02-ES,UOP01-DEL02-ES,2025-06-24 15:40:00,2025.0,6.0,15.0,tarde,True,0,moderado,BR-101
700584.0,2025-06-26,quinta,04:20,ES,101.0,8.6,SERRA,Reação tardia ou ineficiente do condutor,Colisão com objeto,Sem Vítimas,Plena Noite,Crescente,Céu Claro,Dupla,Curva,Não,1.0,0.0,0.0,0.0,1.0,0.0,0.0,1.0,-20.129867,-40.338686,SPRF-ES,DEL02-ES,UOP01-DEL02-ES,2025-06-26 04:20:00,2025.0,6.0,4.0,madrugada,True,0,baixo,BR-101
700586.0,2025-06-26,quinta,08:00,ES,101.0,314.1,VILA VELHA,Demais falhas mecânicas ou elétricas,Tombamento,Com Vítimas Feridas,Pleno dia,Decrescente,Céu Claro,Dupla,Reta,Não,2.0,0.0,1.0,0.0,0.0,1.0,1.0,2.0,-20.464522,-40.465338,SPRF-ES,DEL01-ES,UOP01-DEL01-ES,2025-06-26 08:00:00,2025.0,6.0,8.0,manha,True,0,moderado,BR-101
701739.0,2025-07-01,terca,07:50,ES,101.0,276.4,SERRA,Acessar a via sem observar a presença dos outros veículos,Colisão transversal,Com Vítimas Feridas,Pleno dia,Crescente,Sol,Dupla,Reta,Não,3.0,0.0,0.0,1.0,1.0,1.0,1.0,3.0,-20.20911167,-40.31606667,SPRF-ES,DEL02-ES,UOP01-DEL02-ES,2025-07-01 07:50:00,2025.0,7.0,7.0,manha,True,1,grave,BR-101
701932.0,2025-07-02,quarta,08:40,ES,101.0,277.8,SERRA,Ausência de reação do condutor,Colisão lateral mesmo sentido,Com Vítimas Feridas,Pleno dia,Crescente,Sol,Dupla,Reta,Não,6.0,0.0,0.0,2.0,3.0,1.0,2.0,5.0,-20.21002025,-40.31698466,SPRF-ES,DEL02-ES,UOP01-DEL02-ES,2025-07-02 08:40:00,2025.0,7.0,8.0,manha,True,1,grave,BR-101
702111.0,2025-07-03,quinta,07:02,ES,101.0,264.0,SERRA,Manobra de mudança de faixa,Tombamento,Com Vítimas Fatais,Pleno dia,Crescente,Chuva,Múltipla,Reta,Sim,3.0,1.0,1.0,0.0,0.0,1.0,1.0,2.0,-20.17465913,-40.26669413,SPRF-ES,DEL02-ES,UOP01-DEL02-ES,2025-07-03 07:02:00,2025.0,7.0,7.0,manha,True,1,fatal,BR-101
702667.0,2025-07-05,sabado,13:07,ES,101.0,242.7,SERRA,Condutor usando celular,Colisão frontal,Com Vítimas Fatais,Pleno dia,Crescente,Céu Claro,Simples,Curva,Não,3.0,1.0,0.0,1.0,0.0,3.0,1.0,5.0,-20.03757,-40.39311,SPRF-ES,DEL02-ES,UOP01-DEL02-ES,2025-07-05 13:07:00,2025.0,7.0,13.0,tarde,True,1,fatal,BR-101
702760.0,2025-07-05,sabado,20:10,ES,101.0,314.2,VILA VELHA,Velocidade Incompatível,Colisão com objeto,Com Vítimas Feridas,Plena Noite,Decrescente,Céu Claro,Dupla,Curva,Não,2.0,0.0,1.0,0.0,0.0,1.0,1.0,2.0,-20.46500915,-40.46546683,SPRF-ES,DEL01-ES,UOP01-DEL01-ES,2025-07-05 20:10:00,2025.0,7.0,20.0,noite,True,0,moderado,BR-101
703083.0,2025-07-07,segunda,07:50,ES,101.0,267.9,SERRA,Acessar a via sem observar a presença dos outros veículos,Colisão transversal,Com Vítimas Feridas,Pleno dia,Crescente,Céu Claro,Múltipla,Interseção de Vias,Sim,3.0,0.0,2.0,0.0,1.0,0.0,2.0,2.0,-20.2021626,-40.26913762,SPRF-ES,DEL02-ES,UOP01-DEL02-ES,2025-07-07 07:50:00,2025.0,7.0,7.0,manha,True,0,moderado,BR-101
703260.0,2025-07-07,segunda,21:30,ES,101.0,12.5,SERRA,Animais na Pista,Atropelamento de Animal,Sem Vítimas,Plena Noite,Crescente,Nublado,Dupla,Reta,Não,1.0,0.0,0.0,0.0,1.0,0.0,0.0,1.0,-20.154161,-40.3477242,SPRF-ES,DEL02-ES,UOP01-DEL02-ES,2025-07-07 21:30:00,2025.0,7.0,21.0,noite,True,0,baixo,BR-101
703511.0,2025-07-09,quarta,06:40,ES,101.0,298.2,VIANA,Acessar a via sem observar a presença dos outros veículos,Colisão lateral mesmo sentido,Com Vítimas Feridas,Pleno dia,Crescente,Nublado,Dupla,Reta,Sim,2.0,0.0,1.0,0.0,1.0,0.0,1.0,2.0,-20.354467,-40.416822,SPRF-ES,DEL01-ES,UOP01-DEL01-ES,2025-07-09 06:40:00,2025.0,7.0,6.0,manha,True,0,moderado,BR-101
703963.0,2025-07-11,sexta,07:15,ES,101.0,332.0,GUARAPARI,Condutor deixou de manter distância do veículo da frente,Colisão traseira,Com Vítimas Feridas,Amanhecer,Decrescente,Chuva,Dupla,Reta,Não,2.0,0.0,0.0,1.0,1.0,0.0,1.0,2.0,-20.606718,-40.507827,SPRF-ES,DEL03-ES,UOP01-DEL03-ES,2025-07-11 07:15:00,2025.0,7.0,7.0,manha,True,1,grave,BR-101
704552.0,2025-06-12,quinta,10:30,ES,101.0,269.0,SERRA,Ausência de reação do condutor,Colisão lateral mesmo sentido,Com Vítimas Feridas,Pleno dia,Crescente,Céu Claro,Dupla,Reta,Sim,4.0,0.0,0.0,1.0,1.0,2.0,1.0,4.0,-20.2216338,-40.2703312,SPRF-ES,DEL02-ES,UOP01-DEL02-ES,2025-06-12 10:30:00,2025.0,6.0,10.0,manha,True,1,grave,BR-101
704701.0,2025-07-14,segunda,09:30,ES,101.0,231.0,FUNDAO,Reação tardia ou ineficiente do condutor,Colisão traseira,Com Vítimas Feridas,Pleno dia,Decrescente,Céu Claro,Dupla,Curva,Sim,10.0,0.0,0.0,1.0,8.0,1.0,1.0,6.0,-19.94374081,-40.40621281,SPRF-ES,DEL02-ES,UOP01-DEL02-ES,2025-07-14 09:30:00,2025.0,7.0,9.0,manha,True,1,grave,BR-101
705083.0,2025-07-16,quarta,04:00,ES,101.0,273.0,SERRA,Ausência de reação do condutor,Colisão traseira,Com Vítimas Feridas,Plena Noite,Crescente,Céu Claro,Dupla,Reta,Sim,3.0,0.0,0.0,1.0,1.0,1.0,1.0,3.0,-20.21588308,-40.2808214,SPRF-ES,DEL02-ES,UOP01-DEL02-ES,2025-07-16 04:00:00,2025.0,7.0,4.0,madrugada,True,1,grave,BR-101
706025.0,2025-07-20,domingo,09:00,ES,101.0,0.0,GUARAPARI,Condutor Dormindo,Tombamento,Sem Vítimas,Pleno dia,Crescente,Sol,Dupla,Curva;Aclive,Não,3.0,0.0,0.0,0.0,1.0,2.0,0.0,2.0,-20.6585386,-40.6135151,SPRF-ES,DEL03-ES,UOP02-DEL03-ES,2025-07-20 09:00:00,2025.0,7.0,9.0,manha,True,0,baixo,BR-101
706528.0,2025-07-22,terca,18:00,ES,101.0,282.0,CARIACICA,Objeto estático sobre o leito carroçável,Colisão com objeto,Com Vítimas Feridas,Plena Noite,Crescente,Céu Claro,Dupla,Viaduto,Não,2.0,0.0,0.0,1.0,1.0,0.0,1.0,2.0,-20.2267744,-40.3643961,SPRF-ES,DEL01-ES,UOP01-DEL01-ES,2025-07-22 18:00:00,2025.0,7.0,18.0,noite,True,1,grave,BR-101
706797.0,2025-07-24,quinta,03:00,ES,101.0,272.4,SERRA,Condutor Dormindo,Saída de leito carroçável,Com Vítimas Feridas,Plena Noite,Crescente,Céu Claro,Múltipla,Reta,Sim,2.0,0.0,1.0,0.0,0.0,2.0,1.0,3.0,-20.2237503,-40.2876038,SPRF-ES,DEL02-ES,UOP01-DEL02-ES,2025-07-24 03:00:00,2025.0,7.0,3.0,madrugada,True,0,moderado,BR-101
706924.0,2025-07-24,quinta,17:00,ES,101.0,269.3,SERRA,Acessar a via sem observar a presença dos outros veículos,Colisão lateral mesmo sentido,Com Vítimas Feridas,Anoitecer,Decrescente,Céu Claro,Simples,Reta,Sim,2.0,0.0,1.0,0.0,1.0,0.0,1.0,2.0,-20.22075232,-40.27018563,SPRF-ES,DEL02-ES,UOP01-DEL02-ES,2025-07-24 17:00:00,2025.0,7.0,17.0,tarde,True,0,moderado,BR-101
707046.0,2025-07-25,sexta,08:50,ES,262.0,24.9,VIANA,Demais falhas mecânicas ou elétricas,Incêndio,Sem Vítimas,Pleno dia,Crescente,Céu Claro,Simples,Reta;Aclive,Não,1.0,0.0,0.0,0.0,1.0,0.0,0.0,1.0,-20.37904784,-40.5347965,SPRF-ES,DEL01-ES,UOP01-DEL01-ES,2025-07-25 08:50:00,2025.0,7.0,8.0,manha,True,0,baixo,BR-262
707185.0,2025-07-25,sexta,19:00,ES,101.0,278.8,SERRA,Condutor deixou de manter distância do veículo da frente,Colisão traseira,Com Vítimas Feridas,Plena Noite,Crescente,Céu Claro,Múltipla,Curva,Não,2.0,0.0,1.0,0.0,0.0,1.0,1.0,2.0,-20.218005,-40.339229,SPRF-ES,DEL02-ES,UOP01-DEL02-ES,2025-07-25 19:00:00,2025.0,7.0,19.0,noite,True,0,moderado,BR-101
707814.0,2025-07-28,segunda,09:37,ES,101.0,291.0,CARIACICA,Condutor deixou de manter distância do veículo da frente,Colisão traseira,Com Vítimas Feridas,Pleno dia,Decrescente,Sol,Dupla,Reta,Sim,2.0,0.0,1.0,0.0,1.0,0.0,1.0,2.0,-20.36576062,-40.37303925,SPRF-ES,DEL01-ES,UOP01-DEL01-ES,2025-07-28 09:37:00,2025.0,7.0,9.0,manha,True,0,moderado,BR-101
707845.0,2025-07-28,segunda,14:37,ES,101.0,344.0,GUARAPARI,Ausência de reação do condutor,Tombamento,Com Vítimas Feridas,Pleno dia,Crescente,Céu Claro,Dupla,Curva,Não,2.0,0.0,1.0,0.0,0.0,1.0,1.0,2.0,-20.65876971,-40.61394081,SPRF-ES,DEL03-ES,UOP01-DEL03-ES,2025-07-28 14:37:00,2025.0,7.0,14.0,tarde,True,0,moderado,BR-101
707980.0,2025-07-29,terca,07:30,ES,101.0,265.4,SERRA,Condutor deixou de manter distância do veículo da frente,Colisão lateral mesmo sentido,Com Vítimas Fatais,Pleno dia,Crescente,Céu Claro,Múltipla,Reta;Aclive,Sim,5.0,1.0,2.0,0.0,1.0,1.0,2.0,5.0,-20.185471,-40.267666,SPRF-ES,DEL02-ES,UOP01-DEL02-ES,2025-07-29 07:30:00,2025.0,7.0,7.0,manha,True,1,fatal,BR-101
709275.0,2025-08-04,segunda,03:49,ES,101.0,337.9,GUARAPARI,Condutor Dormindo,Saída de leito carroçável,Com Vítimas Feridas,Plena Noite,Decrescente,Céu Claro,Dupla,Reta,Não,2.0,0.0,1.0,0.0,0.0,1.0,1.0,2.0,-20.64008814,-40.54699659,SPRF-ES,DEL03-ES,UOP01-DEL03-ES,2025-08-04 03:49:00,2025.0,8.0,3.0,madrugada,True,0,moderado,BR-101
709306.0,2025-07-24,quinta,04:50,ES,101.0,260.6,SERRA,Ausência de reação do condutor,Saída de leito carroçável,Com Vítimas Feridas,Plena Noite,Crescente,Céu Claro,Dupla,Curva,Sim,2.0,0.0,0.0,1.0,0.0,1.0,1.0,2.0,-20.14709458,-40.28098404,SPRF-ES,DEL02-ES,UOP01-DEL02-ES,2025-07-24 04:50:00,2025.0,7.0,4.0,madrugada,True,1,grave,BR-101
709315.0,2025-08-04,segunda,07:30,ES,101.0,297.0,CARIACICA,Velocidade Incompatível,Colisão traseira,Com Vítimas Feridas,Pleno dia,Crescente,Céu Claro,Dupla,Reta,Não,2.0,0.0,0.0,1.0,1.0,0.0,1.0,2.0,-20.346398,-40.4109828,SPRF-ES,DEL01-ES,UOP01-DEL01-ES,2025-08-04 07:30:00,2025.0,8.0,7.0,manha,True,1,grave,BR-101
709673.0,2025-08-06,quarta,01:57,ES,101.0,329.0,GUARAPARI,Ausência de reação do condutor,Tombamento,Com Vítimas Feridas,Plena Noite,Crescente,Céu Claro,Dupla,Curva,Não,2.0,0.0,1.0,0.0,0.0,1.0,1.0,2.0,-20.58985126,-40.49787319,SPRF-ES,DEL03-ES,UOP01-DEL03-ES,2025-08-06 01:57:00,2025.0,8.0,1.0,madrugada,True,0,moderado,BR-101
710224.0,2025-08-08,sexta,13:32,ES,101.0,268.0,SERRA,Ausência de reação do condutor,Colisão traseira,Com Vítimas Feridas,Pleno dia,Crescente,Céu Claro,Múltipla,Interseção de Vias,Sim,3.0,0.0,1.0,0.0,1.0,1.0,1.0,3.0,-20.19350004,-40.26860386,SPRF-ES,DEL02-ES,UOP01-DEL02-ES,2025-08-08 13:32:00,2025.0,8.0,13.0,tarde,True,0,moderado,BR-101
711022.0,2025-08-11,segunda,14:30,ES,101.0,294.7,CARIACICA,Condutor deixou de manter distância do veículo da frente,Colisão traseira,Com Vítimas Feridas,Pleno dia,Crescente,Céu Claro,Dupla,Reta,Não,2.0,0.0,1.0,0.0,1.0,0.0,1.0,2.0,-20.32858392,-40.39806889,SPRF-ES,DEL01-ES,UOP01-DEL01-ES,2025-08-11 14:30:00,2025.0,8.0,14.0,tarde,True,0,moderado,BR-101
711057.0,2025-08-11,segunda,16:50,ES,101.0,299.8,VIANA,Condutor desrespeitou a iluminação vermelha do semáforo,Colisão lateral sentido oposto,Com Vítimas Feridas,Pleno dia,Crescente,Céu Claro,Múltipla,Viaduto,Sim,2.0,0.0,1.0,0.0,1.0,0.0,1.0,2.0,-20.357113,-40.429917,SPRF-ES,DEL01-ES,UOP01-DEL01-ES,2025-08-11 16:50:00,2025.0,8.0,16.0,tarde,True,0,moderado,BR-101
711432.0,2025-08-13,quarta,16:30,ES,101.0,297.6,VIANA,Reação tardia ou ineficiente do condutor,Colisão traseira,Com Vítimas Feridas,Pleno dia,Crescente,Céu Claro,Dupla,Reta,Sim,2.0,0.0,1.0,0.0,1.0,0.0,1.0,2.0,-20.35064302,-40.41293621,SPRF-ES,DEL01-ES,UOP01-DEL01-ES,2025-08-13 16:30:00,2025.0,8.0,16.0,tarde,True,0,moderado,BR-101
711804.0,2025-08-15,sexta,15:55,ES,101.0,298.8,VIANA,Velocidade Incompatível,Saída de leito carroçável,Com Vítimas Fatais,Pleno dia,Decrescente,Céu Claro,Múltipla,Aclive;Viaduto;Curva,Sim,3.0,1.0,0.0,0.0,0.0,2.0,0.0,3.0,-20.35825198,-40.42111443,SPRF-ES,DEL01-ES,UOP01-DEL01-ES,2025-08-15 15:55:00,2025.0,8.0,15.0,tarde,True,1,fatal,BR-101
711822.0,2025-08-15,sexta,16:10,ES,101.0,289.0,CARIACICA,Objeto estático sobre o leito carroçável,Colisão com objeto,Com Vítimas Feridas,Pleno dia,Crescente,Céu Claro,Dupla,Aclive;Reta,Sim,6.0,0.0,2.0,0.0,3.0,1.0,2.0,4.0,-20.281496,-40.393254,SPRF-ES,DEL01-ES,UOP01-DEL01-ES,2025-08-15 16:10:00,2025.0,8.0,16.0,tarde,True,0,moderado,BR-101
712389.0,2025-08-18,segunda,07:50,ES,101.0,286.7,CARIACICA,Trafegar com motocicleta (ou similar) entre as faixas,Colisão traseira,Com Vítimas Feridas,Pleno dia,Decrescente,Céu Claro,Dupla,Reta,Não,2.0,0.0,0.0,1.0,1.0,0.0,1.0,2.0,-20.263472,-40.38244,SPRF-ES,DEL01-ES,UOP01-DEL01-ES,2025-08-18 07:50:00,2025.0,8.0,7.0,manha,True,1,grave,BR-101
712686.0,2025-08-07,quinta,20:15,ES,101.0,341.9,GUARAPARI,Avarias e/ou desgaste excessivo no pneu,Saída de leito carroçável,Com Vítimas Feridas,Plena Noite,Crescente,Céu Claro,Dupla,Reta,Não,4.0,0.0,2.0,0.0,1.0,1.0,2.0,3.0,-20.6375918,-40.5423498,SPRF-ES,DEL03-ES,UOP01-DEL03-ES,2025-08-07 20:15:00,2025.0,8.0,20.0,noite,True,0,moderado,BR-101
712971.0,2025-06-05,quinta,19:00,ES,101.0,294.0,CARIACICA,Velocidade Incompatível,Colisão traseira,Com Vítimas Feridas,Plena Noite,Crescente,Céu Claro,Dupla,Declive;Curva,Não,5.0,0.0,0.0,1.0,3.0,1.0,1.0,4.0,-20.32407,-40.395329,SPRF-ES,DEL01-ES,UOP01-DEL01-ES,2025-06-05 19:00:00,2025.0,6.0,19.0,noite,True,1,grave,BR-101
713108.0,2025-08-21,quinta,18:06,ES,101.0,294.3,CARIACICA,Problema com o freio,Colisão traseira,Com Vítimas Feridas,Plena Noite,Crescente,Nublado,Dupla,Reta,Sim,5.0,0.0,1.0,1.0,2.0,1.0,2.0,4.0,-20.3294315,-40.3984085,SPRF-ES,DEL01-ES,UOP01-DEL01-ES,2025-08-21 18:06:00,2025.0,8.0,18.0,noite,True,1,grave,BR-101
713305.0,2025-08-22,sexta,17:20,ES,101.0,282.9,CARIACICA,Reação tardia ou ineficiente do condutor,Tombamento,Com Vítimas Feridas,Anoitecer,Crescente,Céu Claro,Dupla,Reta,Sim,2.0,0.0,1.0,0.0,1.0,0.0,1.0,2.0,-20.22729265,-40.36510913,SPRF-ES,DEL01-ES,UOP01-DEL01-ES,2025-08-22 17:20:00,2025.0,8.0,17.0,tarde,True,0,moderado,BR-101
714133.0,2025-08-26,terca,10:44,ES,101.0,268.0,SERRA,Ausência de reação do condutor,Colisão lateral mesmo sentido,Com Vítimas Feridas,Pleno dia,Crescente,Céu Claro,Dupla,Reta,Sim,2.0,0.0,1.0,0.0,1.0,0.0,1.0,2.0,-20.1547043,-40.269764,SPRF-ES,DEL02-ES,UOP01-DEL02-ES,2025-08-26 10:44:00,2025.0,8.0,10.0,manha,True,0,moderado,BR-101
714198.0,2025-08-26,terca,17:15,ES,101.0,280.6,SERRA,Acessar a via sem observar a presença dos outros veículos,Colisão transversal,Com Vítimas Feridas,Anoitecer,Crescente,Nublado,Dupla,Reta,Não,3.0,0.0,0.0,1.0,1.0,1.0,1.0,3.0,-20.21913333,-40.35536667,SPRF-ES,DEL02-ES,UOP01-DEL02-ES,2025-08-26 17:15:00,2025.0,8.0,17.0,tarde,True,1,grave,BR-101
714765.0,2025-08-29,sexta,14:50,ES,101.0,298.6,VIANA,Manobra de mudança de faixa,Colisão lateral mesmo sentido,Com Vítimas Feridas,Pleno dia,Decrescente,Céu Claro,Dupla,Reta;Retorno Regulamentado,Sim,2.0,0.0,1.0,0.0,1.0,0.0,1.0,2.0,-20.35702039,-40.41938424,SPRF-ES,DEL01-ES,UOP01-DEL01-ES,2025-08-29 14:50:00,2025.0,8.0,14.0,tarde,True,0,moderado,BR-101
714836.0,2025-06-03,terca,00:30,ES,101.0,295.3,CARIACICA,Condutor deixou de manter distância do veículo da frente,Colisão traseira,Com Vítimas Feridas,Plena Noite,Decrescente,Chuva,Dupla,Reta,Não,2.0,0.0,0.0,1.0,0.0,1.0,1.0,2.0,-20.33226236,-40.40030956,SPRF-ES,DEL01-ES,UOP01-DEL01-ES,2025-06-03 00:30:00,2025.0,6.0,0.0,madrugada,True,1,grave,BR-101
715496.0,2025-09-01,segunda,15:10,ES,101.0,1.0,SERRA,Reação tardia ou ineficiente do condutor,Tombamento,Com Vítimas Feridas,Pleno dia,Crescente,Chuva,Dupla,Curva,Não,2.0,0.0,1.0,0.0,0.0,1.0,1.0,2.0,-20.07018122,-40.36432743,SPRF-ES,DEL02-ES,UOP01-DEL02-ES,2025-09-01 15:10:00,2025.0,9.0,15.0,tarde,True,0,moderado,BR-101
715692.0,2025-03-19,quarta,05:40,ES,101.0,3.2,SERRA,Condutor Dormindo,Colisão traseira,Sem Vítimas,Amanhecer,Decrescente,Céu Claro,Simples,Reta,Não,3.0,0.0,0.0,0.0,2.0,4.0,0.0,6.0,-20.11136907,-40.34649567,SPRF-ES,DEL02-ES,UOP01-DEL02-ES,2025-03-19 05:40:00,2025.0,3.0,5.0,madrugada,True,0,baixo,BR-101
715724.0,2025-09-02,terca,19:40,ES,101.0,299.0,VIANA,Acumulo de água sobre o pavimento,Colisão com objeto,Sem Vítimas,Plena Noite,Crescente,Chuva,Dupla,Curva,Sim,1.0,0.0,0.0,0.0,1.0,0.0,0.0,1.0,-20.35783825,-40.42699551,SPRF-ES,DEL01-ES,UOP01-DEL01-ES,2025-09-02 19:40:00,2025.0,9.0,19.0,noite,True,0,baixo,BR-101
715770.0,2025-09-03,quarta,03:20,ES,101.0,330.5,GUARAPARI,Ausência de reação do condutor,Tombamento,Sem Vítimas,Plena Noite,Crescente,Céu Claro,Dupla,Curva,Não,2.0,0.0,0.0,0.0,1.0,1.0,0.0,2.0,-20.59532329,-40.50277124,SPRF-ES,DEL03-ES,UOP01-DEL03-ES,2025-09-03 03:20:00,2025.0,9.0,3.0,madrugada,True,0,baixo,BR-101
716674.0,2025-09-06,sabado,20:40,ES,101.0,303.0,VIANA,Condutor usando celular,Saída de leito carroçável,Sem Vítimas,Plena Noite,Crescente,Nublado,Múltipla,Reta,Sim,2.0,0.0,0.0,0.0,1.0,1.0,0.0,2.0,-20.3827311,-40.4596009,SPRF-ES,DEL01-ES,UOP01-DEL01-ES,2025-09-06 20:40:00,2025.0,9.0,20.0,noite,True,0,baixo,BR-101
717252.0,2025-09-09,terca,15:50,ES,101.0,262.8,SERRA,Falta de acostamento,Colisão lateral mesmo sentido,Com Vítimas Feridas,Pleno dia,Decrescente,Sol,Dupla,Reta,Sim,2.0,0.0,1.0,0.0,1.0,0.0,1.0,2.0,-20.1637356,-40.27451181,SPRF-ES,DEL02-ES,UOP01-DEL02-ES,2025-09-09 15:50:00,2025.0,9.0,15.0,tarde,True,0,moderado,BR-101
717362.0,2025-09-10,quarta,06:30,ES,101.0,14.8,SERRA,Reação tardia ou ineficiente do condutor,Tombamento,Com Vítimas Feridas,Pleno dia,Crescente,Céu Claro,Dupla,Reta,Não,1.0,0.0,1.0,0.0,0.0,0.0,1.0,1.0,-20.18072549,-40.3403306,SPRF-ES,DEL02-ES,UOP01-DEL02-ES,2025-09-10 06:30:00,2025.0,9.0,6.0,manha,True,0,moderado,BR-101
717488.0,2025-09-10,quarta,19:00,ES,101.0,16.7,SERRA,Ausência de reação do condutor,Colisão com objeto,Sem Vítimas,Plena Noite,Crescente,Céu Claro,Dupla,Curva,Não,2.0,0.0,0.0,0.0,1.0,1.0,0.0,2.0,-20.07971406,-40.36634445,SPRF-ES,DEL02-ES,UOP01-DEL02-ES,2025-09-10 19:00:00,2025.0,9.0,19.0,noite,True,0,baixo,BR-101
717505.0,2025-09-10,quarta,21:10,ES,101.0,315.0,VILA VELHA,Velocidade Incompatível,Tombamento,Com Vítimas Feridas,Plena Noite,Decrescente,Nublado,Dupla,Aclive;Curva,Não,2.0,0.0,1.0,0.0,0.0,1.0,1.0,2.0,-20.47643682,-40.47060582,SPRF-ES,DEL01-ES,UOP01-DEL01-ES,2025-09-10 21:10:00,2025.0,9.0,21.0,noite,True,0,moderado,BR-101
717639.0,2025-09-03,quarta,14:00,ES,101.0,281.0,SERRA,Acessar a via sem observar a presença dos outros veículos,Colisão traseira,Com Vítimas Feridas,Pleno dia,Crescente,Nublado,Dupla,Retorno Regulamentado;Reta,Não,6.0,0.0,1.0,0.0,5.0,0.0,1.0,2.0,-20.22191,-40.35798,SPRF-ES,DEL02-ES,UOP01-DEL02-ES,2025-09-03 14:00:00,2025.0,9.0,14.0,tarde,True,0,moderado,BR-101
717729.0,2025-09-12,sexta,00:00,ES,101.0,310.0,CARIACICA,Ingestão de álcool pelo condutor,Saída de leito carroçável,Com Vítimas Feridas,Plena Noite,Crescente,Céu Claro,Dupla,Curva,Não,1.0,0.0,1.0,0.0,0.0,0.0,1.0,1.0,-20.3372167,-40.384865,SPRF-ES,DEL01-ES,UOP01-DEL01-ES,2025-09-12 00:00:00,2025.0,9.0,0.0,madrugada,True,0,moderado,BR-101
718009.0,2025-09-13,sabado,05:15,ES,101.0,294.0,CARIACICA,Ausência de reação do condutor,Colisão com objeto,Com Vítimas Feridas,Amanhecer,Crescente,Chuva,Dupla,Reta,Não,2.0,0.0,1.0,0.0,1.0,0.0,1.0,1.0,-20.3226261,-40.3951829,SPRF-ES,DEL01-ES,UOP01-DEL01-ES,2025-09-13 05:15:00,2025.0,9.0,5.0,madrugada,True,0,moderado,BR-101
718848.0,2025-09-16,terca,18:50,ES,101.0,288.0,CARIACICA,Acessar a via sem observar a presença dos outros veículos,Colisão transversal,Com Vítimas Feridas,Plena Noite,Crescente,Céu Claro,Dupla,Interseção de Vias,Sim,3.0,0.0,0.0,1.0,1.0,1.0,1.0,3.0,-20.27330493,-40.39187908,SPRF-ES,DEL01-ES,UOP01-DEL01-ES,2025-09-16 18:50:00,2025.0,9.0,18.0,noite,True,1,grave,BR-101
718943.0,2025-09-17,quarta,10:00,ES,101.0,229.8,FUNDAO,Conversão proibida,Colisão transversal,Com Vítimas Feridas,Pleno dia,Crescente,Sol,Simples,Reta,Sim,4.0,0.0,1.0,1.0,1.0,2.0,2.0,4.0,-19.9349553,-40.4055385,SPRF-ES,DEL02-ES,UOP01-DEL02-ES,2025-09-17 10:00:00,2025.0,9.0,10.0,manha,True,1,grave,BR-101
719275.0,2025-09-18,quinta,21:56,ES,101.0,287.0,CARIACICA,Condutor deixou de manter distância do veículo da frente,Colisão lateral mesmo sentido,Com Vítimas Feridas,Plena Noite,Crescente,Céu Claro,Dupla,Reta,Sim,4.0,0.0,3.0,0.0,0.0,1.0,3.0,2.0,-20.266128,-40.386141,SPRF-ES,DEL01-ES,UOP01-DEL01-ES,2025-09-18 21:56:00,2025.0,9.0,21.0,noite,True,0,moderado,BR-101
719359.0,2025-09-19,sexta,11:40,ES,101.0,9.0,SERRA,Avarias e/ou desgaste excessivo no pneu,Colisão traseira,Com Vítimas Feridas,Pleno dia,Crescente,Chuva,Dupla,Reta,Não,6.0,0.0,1.0,1.0,3.0,1.0,2.0,4.0,-20.13582,-40.33955,SPRF-ES,DEL02-ES,UOP01-DEL02-ES,2025-09-19 11:40:00,2025.0,9.0,11.0,manha,True,1,grave,BR-101
720370.0,2025-09-23,terca,01:30,ES,101.0,299.9,VIANA,Acessar a via sem observar a presença dos outros veículos,Colisão transversal,Com Vítimas Feridas,Plena Noite,Crescente,Chuva,Dupla,Viaduto;Reta,Sim,2.0,0.0,0.0,1.0,1.0,0.0,1.0,2.0,-20.35722526,-40.43004436,SPRF-ES,DEL01-ES,UOP01-DEL01-ES,2025-09-23 01:30:00,2025.0,9.0,1.0,madrugada,True,1,grave,BR-101
720659.0,2025-09-24,quarta,16:15,ES,101.0,264.0,SERRA,Ausência de reação do condutor,Colisão traseira,Com Vítimas Feridas,Pleno dia,Crescente,Nublado,Múltipla,Reta,Sim,3.0,0.0,0.0,1.0,1.0,2.0,1.0,4.0,-20.17761881,-40.26561141,SPRF-ES,DEL02-ES,UOP01-DEL02-ES,2025-09-24 16:15:00,2025.0,9.0,16.0,tarde,True,1,grave,BR-101
720841.0,2025-09-25,quinta,17:00,ES,101.0,292.7,CARIACICA,Ausência de reação do condutor,Colisão lateral mesmo sentido,Com Vítimas Feridas,Pleno dia,Crescente,Nublado,Múltipla,Reta,Sim,2.0,0.0,0.0,1.0,0.0,1.0,1.0,2.0,-20.31286567,-40.39578438,SPRF-ES,DEL01-ES,UOP01-DEL01-ES,2025-09-25 17:00:00,2025.0,9.0,17.0,tarde,True,1,grave,BR-101
720973.0,2025-09-26,sexta,10:20,ES,101.0,302.6,VIANA,Manobra de mudança de faixa,Colisão lateral mesmo sentido,Com Vítimas Feridas,Pleno dia,Crescente,Nublado,Dupla,Reta,Sim,4.0,0.0,2.0,0.0,1.0,1.0,2.0,3.0,-20.373942,-40.442633,SPRF-ES,DEL01-ES,UOP01-DEL01-ES,2025-09-26 10:20:00,2025.0,9.0,10.0,manha,True,0,moderado,BR-101
721605.0,2025-09-29,segunda,06:09,ES,101.0,290.0,CARIACICA,Acessar a via sem observar a presença dos outros veículos,Colisão transversal,Com Vítimas Feridas,Pleno dia,Crescente,Céu Claro,Dupla,Declive;Retorno Regulamentado,Sim,4.0,0.0,0.0,1.0,1.0,2.0,1.0,4.0,-20.29395873,-40.39376736,SPRF-ES,DEL01-ES,UOP01-DEL01-ES,2025-09-29 06:09:00,2025.0,9.0,6.0,manha,True,1,grave,BR-101
721918.0,2025-09-30,terca,17:20,ES,101.0,270.4,SERRA,Reação tardia ou ineficiente do condutor,Colisão traseira,Com Vítimas Feridas,Anoitecer,Crescente,Nublado,Múltipla,Reta,Sim,5.0,0.0,1.0,2.0,2.0,0.0,3.0,4.0,-20.22775153,-40.27125986,SPRF-ES,DEL02-ES,UOP01-DEL02-ES,2025-09-30 17:20:00,2025.0,9.0,17.0,tarde,True,1,grave,BR-101
722204.0,2025-10-02,quinta,06:50,ES,262.0,30.0,VIANA,Demais falhas mecânicas ou elétricas,Incêndio,Sem Vítimas,Pleno dia,Decrescente,Céu Claro,Simples,Curva;Declive,Não,2.0,0.0,0.0,0.0,1.0,3.0,0.0,4.0,-20.38371,-40.50002,SPRF-ES,DEL01-ES,UOP01-DEL01-ES,2025-10-02 06:50:00,2025.0,10.0,6.0,manha,True,0,baixo,BR-262
722218.0,2025-10-02,quinta,10:14,ES,101.0,245.3,SERRA,Manobra de mudança de faixa,Colisão lateral mesmo sentido,Com Vítimas Feridas,Pleno dia,Decrescente,Céu Claro,Dupla,Reta;Em Obras,Não,4.0,0.0,3.0,0.0,1.0,0.0,3.0,2.0,-20.05802466,-40.3791068,SPRF-ES,DEL02-ES,UOP01-DEL02-ES,2025-10-02 10:14:00,2025.0,10.0,10.0,manha,True,0,moderado,BR-101
722386.0,2025-10-03,sexta,07:00,ES,101.0,290.3,CARIACICA,Manobra de mudança de faixa,Colisão lateral mesmo sentido,Com Vítimas Feridas,Pleno dia,Decrescente,Nublado,Dupla,Reta,Sim,2.0,0.0,1.0,0.0,0.0,1.0,1.0,2.0,-20.292215,-40.3921267,SPRF-ES,DEL01-ES,UOP01-DEL01-ES,2025-10-03 07:00:00,2025.0,10.0,7.0,manha,True,0,moderado,BR-101
722446.0,2025-08-14,quinta,19:45,ES,101.0,264.6,SERRA,Condutor desrespeitou a iluminação vermelha do semáforo,Colisão transversal,Com Vítimas Feridas,Pleno dia,Crescente,Nublado,Múltipla,Reta,Sim,4.0,0.0,1.0,0.0,0.0,3.0,1.0,3.0,-20.17860167,-40.26508333,SPRF-ES,DEL02-ES,UOP01-DEL02-ES,2025-08-14 19:45:00,2025.0,8.0,19.0,noite,True,0,moderado,BR-101
722709.0,2025-10-04,sabado,14:25,ES,101.0,337.0,GUARAPARI,Manobra de mudança de faixa,Colisão traseira,Com Vítimas Feridas,Pleno dia,Decrescente,Céu Claro,Dupla,Reta,Não,6.0,0.0,2.0,0.0,2.0,2.0,2.0,4.0,-20.638364,-40.543931,SPRF-ES,DEL03-ES,UOP01-DEL03-ES,2025-10-04 14:25:00,2025.0,10.0,14.0,tarde,True,0,moderado,BR-101
722942.0,2025-10-05,domingo,13:10,ES,101.0,255.4,SERRA,Condutor deixou de manter distância do veículo da frente,Colisão traseira,Com Vítimas Feridas,Pleno dia,Crescente,Nublado,Simples,Reta,Sim,4.0,0.0,2.0,0.0,1.0,1.0,2.0,3.0,-20.11733,-40.31448833,SPRF-ES,DEL02-ES,UOP01-DEL02-ES,2025-10-05 13:10:00,2025.0,10.0,13.0,tarde,True,0,moderado,BR-101
723405.0,2025-09-22,segunda,06:40,ES,101.0,270.0,SERRA,Manobra de mudança de faixa,Colisão lateral mesmo sentido,Com Vítimas Feridas,Pleno dia,Decrescente,Céu Claro,Dupla,Reta,Sim,4.0,0.0,1.0,0.0,0.0,3.0,1.0,3.0,-20.229059,-40.272121,SPRF-ES,DEL02-ES,UOP01-DEL02-ES,2025-09-22 06:40:00,2025.0,9.0,6.0,manha,True,0,moderado,BR-101
724959.0,2025-07-26,sabado,14:00,ES,101.0,259.0,SERRA,Ultrapassagem Indevida,Colisão frontal,Com Vítimas Feridas,Pleno dia,Crescente,Céu Claro,Simples,Reta,Não,2.0,0.0,1.0,0.0,1.0,0.0,1.0,2.0,-20.14223891,-40.29182919,SPRF-ES,DEL02-ES,UOP01-DEL02-ES,2025-07-26 14:00:00,2025.0,7.0,14.0,tarde,True,0,moderado,BR-101
725467.0,2025-10-16,quinta,19:47,ES,101.0,229.0,FUNDAO,Pedestre andava na pista,Atropelamento de Pedestre,Com Vítimas Feridas,Plena Noite,Decrescente,Céu Claro,Simples,Reta,Não,3.0,0.0,1.0,0.0,1.0,1.0,1.0,3.0,-19.93462494,-40.40380284,SPRF-ES,DEL02-ES,UOP01-DEL02-ES,2025-10-16 19:47:00,2025.0,10.0,19.0,noite,True,0,moderado,BR-101
725518.0,2025-10-17,sexta,04:50,ES,101.0,7.0,SERRA,Reação tardia ou ineficiente do condutor,Colisão com objeto,Sem Vítimas,Pleno dia,Crescente,Céu Claro,Dupla,Reta,Não,2.0,0.0,0.0,0.0,1.0,1.0,0.0,2.0,-20.124457,-40.34177,SPRF-ES,DEL02-ES,UOP01-DEL02-ES,2025-10-17 04:50:00,2025.0,10.0,4.0,madrugada,True,0,baixo,BR-101
725523.0,2025-10-17,sexta,06:27,ES,101.0,311.6,VILA VELHA,Ausência de reação do condutor,Colisão transversal,Com Vítimas Fatais,Pleno dia,Decrescente,Céu Claro,Dupla,Declive;Reta,Não,4.0,1.0,1.0,0.0,1.0,1.0,1.0,4.0,-20.439967,-40.459858,SPRF-ES,DEL01-ES,UOP01-DEL01-ES,2025-10-17 06:27:00,2025.0,10.0,6.0,manha,True,1,fatal,BR-101
725568.0,2025-10-17,sexta,09:59,ES,101.0,301.6,VIANA,Ausência de reação do condutor,Colisão traseira,Com Vítimas Feridas,Pleno dia,Crescente,Sol,Dupla,Curva,Sim,3.0,0.0,1.0,0.0,2.0,0.0,1.0,2.0,-20.365327,-40.443573,SPRF-ES,DEL01-ES,UOP01-DEL01-ES,2025-10-17 09:59:00,2025.0,10.0,9.0,manha,True,0,moderado,BR-101
725786.0,2025-10-18,sabado,04:30,ES,101.0,269.5,SERRA,Curva acentuada,Tombamento,Com Vítimas Feridas,Amanhecer,Crescente,Céu Claro,Dupla,Reta;Retorno Regulamentado,Sim,2.0,0.0,1.0,0.0,0.0,1.0,1.0,2.0,-20.22232595,-40.27037412,SPRF-ES,DEL02-ES,UOP01-DEL02-ES,2025-10-18 04:30:00,2025.0,10.0,4.0,madrugada,True,0,moderado,BR-101
726336.0,2025-10-20,segunda,12:48,ES,101.0,233.0,FUNDAO,Velocidade Incompatível,Colisão lateral mesmo sentido,Com Vítimas Feridas,Pleno dia,Crescente,Céu Claro,Simples,Declive;Reta,Não,3.0,0.0,0.0,1.0,1.0,1.0,1.0,3.0,-19.98486955,-40.41403961,SPRF-ES,DEL02-ES,UOP01-DEL02-ES,2025-10-20 12:48:00,2025.0,10.0,12.0,tarde,True,1,grave,BR-101
726338.0,2025-10-20,segunda,11:30,ES,101.0,268.0,SERRA,Manobra de mudança de faixa,Colisão lateral mesmo sentido,Com Vítimas Feridas,Pleno dia,Decrescente,Nublado,Múltipla,Reta,Não,2.0,0.0,1.0,0.0,1.0,0.0,1.0,2.0,-20.20120597,-40.2689491,SPRF-ES,DEL02-ES,UOP01-DEL02-ES,2025-10-20 11:30:00,2025.0,10.0,11.0,manha,True,0,moderado,BR-101
726454.0,2025-10-20,segunda,22:00,ES,101.0,318.0,VILA VELHA,Ausência de reação do condutor,Colisão traseira,Com Vítimas Feridas,Plena Noite,Crescente,Nublado,Dupla,Aclive;Reta,Não,3.0,0.0,2.0,0.0,1.0,0.0,2.0,2.0,-20.494267,-40.47653,SPRF-ES,DEL01-ES,UOP01-DEL01-ES,2025-10-20 22:00:00,2025.0,10.0,22.0,noite,True,0,moderado,BR-101
726713.0,2025-10-22,quarta,10:20,ES,101.0,270.0,SERRA,Pedestre cruzava a pista fora da faixa,Atropelamento de Pedestre,Com Vítimas Feridas,Pleno dia,Decrescente,Céu Claro,Dupla,Reta;Interseção de Vias,Sim,2.0,0.0,0.0,1.0,1.0,0.0,1.0,2.0,-20.22951292,-40.2728641,SPRF-ES,DEL02-ES,UOP01-DEL02-ES,2025-10-22 10:20:00,2025.0,10.0,10.0,manha,True,1,grave,BR-101
726771.0,2025-10-22,quarta,17:00,ES,101.0,278.2,SERRA,Ausência de reação do condutor,Tombamento,Com Vítimas Feridas,Pleno dia,Crescente,Nublado,Simples,Aclive;Curva;Retorno Regulamentado,Sim,2.0,0.0,1.0,0.0,0.0,1.0,1.0,2.0,-20.216985,-40.332365,SPRF-ES,DEL02-ES,UOP01-DEL02-ES,2025-10-22 17:00:00,2025.0,10.0,17.0,tarde,True,0,moderado,BR-101
726819.0,2025-10-22,quarta,18:00,ES,101.0,269.0,SERRA,Acessar a via sem observar a presença dos outros veículos,Colisão traseira,Com Vítimas Feridas,Plena Noite,Crescente,Garoa/Chuvisco,Dupla,Reta,Sim,3.0,0.0,1.0,0.0,2.0,0.0,1.0,3.0,-20.23232831,-40.27447343,SPRF-ES,DEL02-ES,UOP01-DEL02-ES,2025-10-22 18:00:00,2025.0,10.0,18.0,noite,True,0,moderado,BR-101
727050.0,2025-10-23,quinta,22:50,ES,101.0,293.6,CARIACICA,Velocidade Incompatível,Tombamento,Com Vítimas Feridas,Plena Noite,Crescente,Céu Claro,Múltipla,Curva,Sim,2.0,0.0,1.0,0.0,0.0,1.0,1.0,2.0,-20.320897,-40.3960111,SPRF-ES,DEL01-ES,UOP01-DEL01-ES,2025-10-23 22:50:00,2025.0,10.0,22.0,noite,True,0,moderado,BR-101
727634.0,2025-10-26,domingo,12:07,ES,101.0,277.9,SERRA,Acessar a via sem observar a presença dos outros veículos,Colisão transversal,Com Vítimas Feridas,Pleno dia,Decrescente,Nublado,Dupla,Retorno Regulamentado;Reta,Não,5.0,0.0,2.0,1.0,1.0,2.0,3.0,4.0,-20.21698132,-40.32943091,SPRF-ES,DEL02-ES,UOP01-DEL02-ES,2025-10-26 12:07:00,2025.0,10.0,12.0,tarde,True,1,grave,BR-101
727856.0,2025-10-27,segunda,08:00,ES,101.0,289.2,CARIACICA,Transitar no Acostamento,Colisão lateral mesmo sentido,Com Vítimas Feridas,Pleno dia,Decrescente,Sol,Dupla,Declive;Reta,Sim,2.0,0.0,1.0,0.0,1.0,0.0,1.0,2.0,-20.28326564,-40.39302774,SPRF-ES,DEL01-ES,UOP01-DEL01-ES,2025-10-27 08:00:00,2025.0,10.0,8.0,manha,True,0,moderado,BR-101
727870.0,2025-10-27,segunda,10:15,ES,101.0,298.0,VIANA,Trafegar com motocicleta (ou similar) entre as faixas,Colisão lateral mesmo sentido,Com Vítimas Feridas,Pleno dia,Crescente,Céu Claro,Dupla,Reta,Não,3.0,0.0,1.0,0.0,1.0,1.0,1.0,3.0,-20.35506438,-40.41743207,SPRF-ES,DEL01-ES,UOP01-DEL01-ES,2025-10-27 10:15:00,2025.0,10.0,10.0,manha,True,0,moderado,BR-101
728433.0,2025-10-30,quinta,06:10,ES,101.0,270.0,SERRA,Ausência de reação do condutor,Colisão traseira,Com Vítimas Feridas,Pleno dia,Decrescente,Céu Claro,Dupla,Reta,Sim,3.0,0.0,0.0,1.0,1.0,1.0,1.0,3.0,-20.2273485,-40.27108312,SPRF-ES,DEL02-ES,UOP01-DEL02-ES,2025-10-30 06:10:00,2025.0,10.0,6.0,manha,True,1,grave,BR-101
728546.0,2025-10-30,quinta,16:45,ES,101.0,297.5,CARIACICA,Acessar a via sem observar a presença dos outros veículos,Colisão com objeto,Com Vítimas Feridas,Anoitecer,Crescente,Céu Claro,Dupla,Reta,Não,2.0,0.0,1.0,0.0,1.0,0.0,1.0,2.0,-20.345801,-40.40498,SPRF-ES,DEL01-ES,UOP01-DEL01-ES,2025-10-30 16:45:00,2025.0,10.0,16.0,tarde,True,0,moderado,BR-101
728606.0,2025-10-30,quinta,22:30,ES,101.0,333.0,GUARAPARI,Entrada inopinada do pedestre,Atropelamento de Pedestre,Com Vítimas Feridas,Plena Noite,Decrescente,Chuva,Dupla,Curva,Não,2.0,0.0,0.0,1.0,1.0,0.0,1.0,2.0,-20.61517645,-40.51410047,SPRF-ES,DEL03-ES,UOP01-DEL03-ES,2025-10-30 22:30:00,2025.0,10.0,22.0,noite,True,1,grave,BR-101
729156.0,2025-11-02,domingo,12:55,ES,101.0,234.0,FUNDAO,Transitar na contramão,Colisão frontal,Com Vítimas Fatais,Pleno dia,Decrescente,Céu Claro,Simples,Curva,Não,5.0,2.0,1.0,1.0,0.0,1.0,2.0,3.0,-19.97149,-40.40853,SPRF-ES,DEL02-ES,UOP01-DEL02-ES,2025-11-02 12:55:00,2025.0,11.0,12.0,tarde,True,1,fatal,BR-101
729550.0,2025-11-04,terca,10:00,ES,101.0,266.5,SERRA,Ausência de reação do condutor,Colisão traseira,Com Vítimas Feridas,Pleno dia,Crescente,Nublado,Múltipla,Interseção de Vias,Sim,4.0,0.0,1.0,0.0,2.0,1.0,1.0,3.0,-20.1955469,-40.2688369,SPRF-ES,DEL02-ES,UOP01-DEL02-ES,2025-11-04 10:00:00,2025.0,11.0,10.0,manha,True,0,moderado,BR-101
731348.0,2025-11-12,quarta,15:35,ES,101.0,270.0,SERRA,Ausência de reação do condutor,Colisão traseira,Com Vítimas Feridas,Pleno dia,Crescente,Céu Claro,Dupla,Interseção de Vias,Não,3.0,0.0,1.0,0.0,1.0,2.0,1.0,4.0,-20.04885,-40.3866983,SPRF-ES,DEL02-ES,UOP01-DEL02-ES,2025-11-12 15:35:00,2025.0,11.0,15.0,tarde,True,0,moderado,BR-101
731644.0,2025-11-13,quinta,22:15,ES,101.0,270.0,SERRA,Ausência de reação do condutor,Colisão traseira,Com Vítimas Feridas,Pleno dia,Crescente,Céu Claro,Dupla,Reta,Sim,5.0,0.0,1.0,0.0,3.0,1.0,1.0,4.0,-20.22811024,-40.27088642,SPRF-ES,DEL02-ES,UOP01-DEL02-ES,2025-11-13 22:15:00,2025.0,11.0,22.0,noite,True,0,moderado,BR-101
731853.0,2025-11-14,sexta,18:30,ES,101.0,246.0,SERRA,Ausência de reação do condutor,Colisão com objeto,Com Vítimas Fatais,Plena Noite,Crescente,Céu Claro,Simples,Reta;Em Obras;Aclive,Não,5.0,1.0,0.0,1.0,2.0,1.0,1.0,3.0,-20.062595,-40.376755,SPRF-ES,DEL02-ES,UOP01-DEL02-ES,2025-11-14 18:30:00,2025.0,11.0,18.0,noite,True,1,fatal,BR-101
732280.0,2025-11-16,domingo,15:45,ES,262.0,28.0,VIANA,Faixas de trânsito com largura insuficiente,Queda de ocupante de veículo,Com Vítimas Feridas,Pleno dia,Decrescente,Céu Claro,Simples,Aclive;Curva,Não,3.0,0.0,1.0,1.0,0.0,1.0,2.0,2.0,-20.38532867,-40.55847947,SPRF-ES,DEL01-ES,UOP01-DEL01-ES,2025-11-16 15:45:00,2025.0,11.0,15.0,tarde,True,1,grave,BR-262
732768.0,2025-11-18,terca,16:10,ES,101.0,302.6,VIANA,Manobra de mudança de faixa,Colisão lateral mesmo sentido,Com Vítimas Feridas,Pleno dia,Decrescente,Céu Claro,Dupla,Curva,Não,3.0,0.0,2.0,0.0,0.0,1.0,2.0,2.0,-20.3751245,-40.44264793,SPRF-ES,DEL01-ES,UOP01-DEL01-ES,2025-11-18 16:10:00,2025.0,11.0,16.0,tarde,True,0,moderado,BR-101
732968.0,2025-11-19,quarta,14:40,ES,101.0,269.6,SERRA,Acessar a via sem observar a presença dos outros veículos,Colisão transversal,Com Vítimas Feridas,Pleno dia,Crescente,Nublado,Dupla,Interseção de Vias;Reta,Sim,4.0,0.0,1.0,0.0,2.0,1.0,1.0,3.0,-20.22304269,-40.26993206,SPRF-ES,DEL02-ES,UOP01-DEL02-ES,2025-11-19 14:40:00,2025.0,11.0,14.0,tarde,True,0,moderado,BR-101
733197.0,2025-11-20,quinta,15:30,ES,101.0,315.0,VILA VELHA,Velocidade Incompatível,Capotamento,Com Vítimas Feridas,Pleno dia,Decrescente,Céu Claro,Dupla,Curva,Não,2.0,0.0,0.0,1.0,0.0,1.0,1.0,2.0,-20.47627387,-40.47067513,SPRF-ES,DEL01-ES,UOP01-DEL01-ES,2025-11-20 15:30:00,2025.0,11.0,15.0,tarde,True,1,grave,BR-101
733538.0,2025-11-21,sexta,21:35,ES,447.0,15.6,VILA VELHA,Entrada inopinada do pedestre,Atropelamento de Pedestre,Com Vítimas Fatais,Plena Noite,Decrescente,Nublado,Dupla,Reta;Ponte,Sim,2.0,1.0,0.0,0.0,0.0,1.0,0.0,2.0,-20.338072,-40.327415,SPRF-ES,DEL01-ES,UOP01-DEL01-ES,2025-11-21 21:35:00,2025.0,11.0,21.0,noite,True,1,fatal,BR-447
734276.0,2025-11-25,terca,12:04,ES,101.0,296.0,CARIACICA,Entrada inopinada do pedestre,Colisão transversal,Com Vítimas Feridas,Pleno dia,Decrescente,Céu Claro,Dupla,Reta,Sim,3.0,0.0,0.0,1.0,1.0,1.0,1.0,3.0,-20.340795,-40.40415,SPRF-ES,DEL01-ES,UOP01-DEL01-ES,2025-11-25 12:04:00,2025.0,11.0,12.0,tarde,True,1,grave,BR-101
735600.0,2025-12-01,segunda,03:50,ES,101.0,270.5,SERRA,Condutor desrespeitou a iluminação vermelha do semáforo,Colisão transversal,Com Vítimas Feridas,Amanhecer,Decrescente,Céu Claro,Múltipla,Reta,Sim,4.0,0.0,3.0,0.0,0.0,1.0,3.0,3.0,-20.22970333,-40.2726,SPRF-ES,DEL02-ES,UOP01-DEL02-ES,2025-12-01 03:50:00,2025.0,12.0,3.0,madrugada,True,0,moderado,BR-101
735646.0,2025-12-01,segunda,09:19,ES,101.0,11.0,SERRA,Ausência de reação do condutor,Colisão traseira,Com Vítimas Feridas,Pleno dia,Crescente,Céu Claro,Dupla,Reta,Não,5.0,0.0,2.0,0.0,3.0,0.0,2.0,3.0,-20.15203898,-40.34684926,SPRF-ES,DEL02-ES,UOP01-DEL02-ES,2025-12-01 09:19:00,2025.0,12.0,9.0,manha,True,0,moderado,BR-101
736242.0,2025-12-03,quarta,23:10,ES,101.0,303.3,VIANA,Estacionar ou parar em local proibido,Colisão traseira,Com Vítimas Feridas,Plena Noite,Crescente,Chuva,Dupla,Reta,Sim,3.0,0.0,1.0,0.0,1.0,1.0,1.0,3.0,-20.3777702,-40.44848442,SPRF-ES,DEL01-ES,UOP01-DEL01-ES,2025-12-03 23:10:00,2025.0,12.0,23.0,noite,True,0,moderado,BR-101
736886.0,2025-12-06,sabado,18:45,ES,101.0,243.0,SERRA,Acessar a via sem observar a presença dos outros veículos,Colisão transversal,Com Vítimas Feridas,Plena Noite,Decrescente,Nublado,Simples,Reta;Em Obras,Não,2.0,0.0,1.0,0.0,1.0,0.0,1.0,2.0,-20.04814033,-40.38682955,SPRF-ES,DEL02-ES,UOP01-DEL02-ES,2025-12-06 18:45:00,2025.0,12.0,18.0,noite,True,0,moderado,BR-101
738020.0,2025-12-11,quinta,16:20,ES,101.0,276.2,SERRA,Acessar a via sem observar a presença dos outros veículos,Colisão transversal,Com Vítimas Feridas,Pleno dia,Crescente,Sol,Dupla,Retorno Regulamentado,Não,2.0,0.0,1.0,0.0,1.0,0.0,1.0,2.0,-20.20920745,-40.31581074,SPRF-ES,DEL02-ES,UOP01-DEL02-ES,2025-12-11 16:20:00,2025.0,12.0,16.0,tarde,True,0,moderado,BR-101
738128.0,2025-12-12,sexta,05:50,ES,101.0,315.0,VILA VELHA,Reação tardia ou ineficiente do condutor,Tombamento,Com Vítimas Feridas,Amanhecer,Crescente,Nublado,Dupla,Aclive;Curva,Não,2.0,0.0,2.0,0.0,0.0,0.0,2.0,1.0,-20.476867,-40.470719,SPRF-ES,DEL01-ES,UOP01-DEL01-ES,2025-12-12 05:50:00,2025.0,12.0,5.0,madrugada,True,0,moderado,BR-101
738970.0,2025-12-15,segunda,05:00,ES,101.0,315.9,VILA VELHA,Velocidade Incompatível,Tombamento,Com Vítimas Fatais,Amanhecer,Decrescente,Céu Claro,Múltipla,Curva;Declive,Não,1.0,1.0,0.0,0.0,0.0,0.0,0.0,1.0,-20.47830914,-40.47069426,SPRF-ES,DEL01-ES,UOP01-DEL01-ES,2025-12-15 05:00:00,2025.0,12.0,5.0,madrugada,True,1,fatal,BR-101
739473.0,2025-12-17,quarta,10:00,ES,101.0,263.0,SERRA,Reação tardia ou ineficiente do condutor,Colisão traseira,Com Vítimas Feridas,Pleno dia,Crescente,Céu Claro,Dupla,Reta,Sim,3.0,0.0,1.0,0.0,2.0,0.0,1.0,2.0,-20.17821939,-40.26548863,SPRF-ES,DEL02-ES,UOP01-DEL02-ES,2025-12-17 10:00:00,2025.0,12.0,10.0,manha,True,0,moderado,BR-101
739669.0,2025-12-18,quinta,08:30,ES,262.0,25.9,VIANA,Demais falhas mecânicas ou elétricas,Incêndio,Sem Vítimas,Pleno dia,Crescente,Céu Claro,Simples,Reta,Não,1.0,0.0,0.0,0.0,1.0,0.0,0.0,1.0,-20.3800904,-40.54263067,SPRF-ES,DEL01-ES,UOP01-DEL01-ES,2025-12-18 08:30:00,2025.0,12.0,8.0,manha,True,0,baixo,BR-262
739698.0,2025-12-18,quinta,09:30,ES,101.0,270.0,SERRA,Manobra de mudança de faixa,Colisão lateral mesmo sentido,Com Vítimas Feridas,Pleno dia,Decrescente,Sol,Múltipla,Reta,Sim,4.0,0.0,1.0,0.0,2.0,1.0,1.0,4.0,-20.04885,-40.3866983,SPRF-ES,DEL02-ES,UOP01-DEL02-ES,2025-12-18 09:30:00,2025.0,12.0,9.0,manha,True,0,moderado,BR-101
739808.0,2025-12-16,terca,19:20,ES,101.0,266.0,SERRA,Manobra de mudança de faixa,Colisão lateral mesmo sentido,Sem Vítimas,Pleno dia,Crescente,Céu Claro,Múltipla,Interseção de Vias;Reta,Não,5.0,0.0,0.0,0.0,4.0,2.0,0.0,4.0,-20.19588751,-40.26885308,SPRF-ES,DEL02-ES,UOP01-DEL02-ES,2025-12-16 19:20:00,2025.0,12.0,19.0,noite,True,0,baixo,BR-101
740731.0,2025-12-22,segunda,04:20,ES,101.0,296.0,CARIACICA,Acesso irregular,Colisão frontal,Com Vítimas Fatais,Plena Noite,Crescente,Céu Claro,Múltipla,Reta,Sim,4.0,1.0,0.0,0.0,1.0,2.0,0.0,4.0,-20.34241663,-40.4053645,SPRF-ES,DEL01-ES,UOP01-DEL01-ES,2025-12-22 04:20:00,2025.0,12.0,4.0,madrugada,True,1,fatal,BR-101
740838.0,2025-12-22,segunda,13:50,ES,101.0,288.5,CARIACICA,Velocidade Incompatível,Colisão com objeto,Com Vítimas Feridas,Pleno dia,Decrescente,Céu Claro,Dupla,Curva,Sim,5.0,0.0,0.0,3.0,1.0,1.0,3.0,3.0,-20.27532121,-40.39228678,SPRF-ES,DEL01-ES,UOP01-DEL01-ES,2025-12-22 13:50:00,2025.0,12.0,13.0,tarde,True,1,grave,BR-101
741100.0,2025-12-23,terca,14:30,ES,101.0,310.0,VIANA,Condutor deixou de manter distância do veículo da frente,Colisão traseira,Com Vítimas Feridas,Pleno dia,Decrescente,Sol,Dupla,Aclive;Curva,Não,4.0,0.0,2.0,0.0,1.0,1.0,2.0,3.0,-20.426109,-40.460255,SPRF-ES,DEL01-ES,UOP01-DEL01-ES,2025-12-23 14:30:00,2025.0,12.0,14.0,tarde,True,0,moderado,BR-101
742486.0,2025-12-30,terca,04:00,ES,101.0,296.0,CARIACICA,Velocidade Incompatível,Tombamento,Com Vítimas Feridas,Plena Noite,Decrescente,Céu Claro,Múltipla,Curva,Sim,2.0,0.0,1.0,0.0,0.0,8.0,1.0,9.0,-20.3420281,-40.40477514,SPRF-ES,DEL01-ES,UOP01-DEL01-ES,2025-12-30 04:00:00,2025.0,12.0,4.0,madrugada,True,0,moderado,BR-101
742602.0,2025-12-30,terca,15:50,ES,101.0,272.5,SERRA,Condutor deixou de manter distância do veículo da frente,Colisão traseira,Com Vítimas Feridas,Pleno dia,Crescente,Sol,Dupla,Reta,Não,4.0,0.0,1.0,0.0,3.0,0.0,1.0,3.0,-20.22334,-40.28807333,SPRF-ES,DEL02-ES,UOP01-DEL02-ES,2025-12-30 15:50:00,2025.0,12.0,15.0,tarde,True,0,moderado,BR-101
663061.0,2025-02-08,sabado,12:00,ES,101.0,294.6,CARIACICA,Condutor deixou de manter distância do veículo da frente,Colisão traseira,Com Vítimas Feridas,Pleno dia,Crescente,Sol,Múltipla,Viaduto;Declive;Reta,Sim,9.0,0.0,1.0,0.0,7.0,1.0,1.0,4.0,-20.32983151,-40.39897619,SPRF-ES,DEL01-ES,UOP01-DEL01-ES,2025-02-08 12:00:00,2025.0,2.0,12.0,tarde,True,0,moderado,BR-101
721813.0,2025-09-30,terca,06:10,ES,101.0,283.0,CARIACICA,Condutor deixou de manter distância do veículo da frente,Colisão traseira,Com Vítimas Feridas,Pleno dia,Crescente,Nublado,Dupla,Curva,Sim,5.0,0.0,1.0,1.0,2.0,1.0,2.0,5.0,-20.23463248,-40.36945009,SPRF-ES,DEL01-ES,UOP01-DEL01-ES,2025-09-30 06:10:00,2025.0,9.0,6.0,manha,True,1,grave,BR-101
732871.0,2025-11-19,quarta,06:45,ES,101.0,299.0,VIANA,Condutor deixou de manter distância do veículo da frente,Colisão traseira,Com Vítimas Feridas,Pleno dia,Decrescente,Chuva,Múltipla,Curva,Sim,2.0,0.0,1.0,0.0,0.0,1.0,1.0,2.0,-20.35866585,-40.42450847,SPRF-ES,DEL01-ES,UOP01-DEL01-ES,2025-11-19 06:45:00,2025.0,11.0,6.0,manha,True,0,moderado,BR-101
652623.0,2025-01-01,quarta,18:40,ES,101.0,288.3,CARIACICA,Demais falhas mecânicas ou elétricas,Colisão com objeto,Com Vítimas Feridas,Plena Noite,Crescente,Nublado,Dupla,Reta,Sim,1.0,0.0,1.0,0.0,0.0,0.0,1.0,1.0,-20.2738116,-40.39210439,SPRF-ES,DEL01-ES,UOP01-DEL01-ES,2025-01-01 18:40:00,2025.0,1.0,18.0,noite,True,0,moderado,BR-101
652877.0,2025-01-03,sexta,07:00,ES,101.0,294.0,CARIACICA,Reação tardia ou ineficiente do condutor,Colisão lateral mesmo sentido,Com Vítimas Feridas,Pleno dia,Crescente,Céu Claro,Múltipla,Reta,Sim,2.0,0.0,1.0,0.0,1.0,0.0,1.0,2.0,-20.32415948,-40.3952903,SPRF-ES,DEL01-ES,UOP01-DEL01-ES,2025-01-03 07:00:00,2025.0,1.0,7.0,manha,True,0,moderado,BR-101
653186.0,2025-01-04,sabado,17:55,ES,101.0,271.5,SERRA,Transitar na contramão,Colisão lateral sentido oposto,Com Vítimas Feridas,Anoitecer,Decrescente,Céu Claro,Dupla,Reta,Não,2.0,0.0,1.0,0.0,1.0,0.0,1.0,2.0,-20.23267,-40.27658,SPRF-ES,DEL02-ES,UOP01-DEL02-ES,2025-01-04 17:55:00,2025.0,1.0,17.0,tarde,True,0,moderado,BR-101
653407.0,2025-01-05,domingo,20:40,ES,101.0,256.2,SERRA,Acessar a via sem observar a presença dos outros veículos,Capotamento,Com Vítimas Feridas,Plena Noite,Decrescente,Chuva,Múltipla,Reta,Sim,1.0,0.0,0.0,1.0,0.0,0.0,1.0,1.0,-20.119123,-40.311005,SPRF-ES,DEL02-ES,UOP01-DEL02-ES,2025-01-05 20:40:00,2025.0,1.0,20.0,noite,True,1,grave,BR-101
653415.0,2025-01-05,domingo,22:48,ES,101.0,263.0,SERRA,Manobra de mudança de faixa,Colisão lateral mesmo sentido,Com Vítimas Feridas,Plena Noite,Crescente,Nublado,Dupla,Reta,Sim,4.0,0.0,3.0,0.0,1.0,0.0,3.0,2.0,-20.16554736,-40.27301648,SPRF-ES,DEL02-ES,UOP01-DEL02-ES,2025-01-05 22:48:00,2025.0,1.0,22.0,noite,True,0,moderado,BR-101
653573.0,2025-01-06,segunda,19:00,ES,101.0,265.9,SERRA,Manobra de mudança de faixa,Colisão lateral mesmo sentido,Com Vítimas Feridas,Plena Noite,Decrescente,Chuva,Múltipla,Reta,Sim,2.0,0.0,1.0,0.0,1.0,0.0,1.0,2.0,-20.1816849,-40.26536036,SPRF-ES,DEL02-ES,UOP01-DEL02-ES,2025-01-06 19:00:00,2025.0,1.0,19.0,noite,True,0,moderado,BR-101
653629.0,2025-01-07,terca,08:00,ES,101.0,295.0,CARIACICA,Manobra de mudança de faixa,Colisão traseira,Com Vítimas Feridas,Pleno dia,Crescente,Céu Claro,Dupla,Reta,Não,3.0,0.0,2.0,0.0,1.0,0.0,2.0,2.0,-20.33223667,-40.40004683,SPRF-ES,DEL01-ES,UOP01-DEL01-ES,2025-01-07 08:00:00,2025.0,1.0,8.0,manha,True,0,moderado,BR-101
653784.0,2025-01-08,quarta,06:58,ES,101.0,299.9,VIANA,Condutor usando celular,Colisão traseira,Com Vítimas Feridas,Pleno dia,Crescente,Nublado,Múltipla,Curva,Não,4.0,0.0,0.0,2.0,2.0,0.0,2.0,3.0,-20.358635,-40.432167,SPRF-ES,DEL01-ES,UOP01-DEL01-ES,2025-01-08 06:58:00,2025.0,1.0,6.0,manha,True,1,grave,BR-101
653801.0,2025-01-08,quarta,07:50,ES,101.0,267.1,SERRA,Manobra de mudança de faixa,Colisão lateral mesmo sentido,Com Vítimas Feridas,Pleno dia,Crescente,Céu Claro,Dupla,Reta,Sim,2.0,0.0,1.0,0.0,1.0,0.0,1.0,2.0,-20.19930999,-40.26884609,SPRF-ES,DEL02-ES,UOP01-DEL02-ES,2025-01-08 07:50:00,2025.0,1.0,7.0,manha,True,0,moderado,BR-101
653889.0,2025-01-08,quarta,18:31,ES,101.0,260.8,SERRA,Afundamento ou ondulação no pavimento,Queda de ocupante de veículo,Com Vítimas Feridas,Plena Noite,Decrescente,Chuva,Simples,Curva,Não,1.0,0.0,1.0,0.0,0.0,0.0,1.0,1.0,-20.14616415,-40.28836206,SPRF-ES,DEL02-ES,UOP01-DEL02-ES,2025-01-08 18:31:00,2025.0,1.0,18.0,noite,True,0,moderado,BR-101
653974.0,2025-01-09,quinta,07:00,ES,101.0,269.8,SERRA,Ausência de reação do condutor,Colisão traseira,Com Vítimas Feridas,Pleno dia,Crescente,Chuva,Dupla,Reta,Sim,2.0,0.0,1.0,0.0,1.0,0.0,1.0,2.0,-20.21740496,-40.26990578,SPRF-ES,DEL02-ES,UOP01-DEL02-ES,2025-01-09 07:00:00,2025.0,1.0,7.0,manha,True,0,moderado,BR-101
654029.0,2025-01-09,quinta,14:08,ES,262.0,0.5,CARIACICA,Avarias e/ou desgaste excessivo no pneu,Colisão com objeto,Com Vítimas Feridas,Pleno dia,Decrescente,Nublado,Dupla,Reta;Ponte,Sim,1.0,0.0,0.0,1.0,0.0,0.0,1.0,1.0,-20.320793,-40.353315,SPRF-ES,DEL01-ES,UOP01-DEL01-ES,2025-01-09 14:08:00,2025.0,1.0,14.0,tarde,True,1,grave,BR-262
654094.0,2025-01-09,quinta,20:20,ES,101.0,278.2,SERRA,Chuva,Tombamento,Com Vítimas Feridas,Plena Noite,Crescente,Céu Claro,Múltipla,Reta,Sim,2.0,0.0,0.0,2.0,0.0,0.0,2.0,1.0,-20.21698365,-40.32974606,SPRF-ES,DEL02-ES,UOP01-DEL02-ES,2025-01-09 20:20:00,2025.0,1.0,20.0,noite,True,1,grave,BR-101
654134.0,2025-01-09,quinta,21:47,ES,101.0,258.6,SERRA,Acumulo de água sobre o pavimento,Capotamento,Com Vítimas Feridas,Plena Noite,Decrescente,Nublado,Dupla,Reta,Sim,3.0,0.0,1.0,0.0,2.0,0.0,1.0,1.0,-20.13059888,-40.2961019,SPRF-ES,DEL02-ES,UOP01-DEL02-ES,2025-01-09 21:47:00,2025.0,1.0,21.0,noite,True,0,moderado,BR-101
654178.0,2025-01-10,sexta,08:30,ES,101.0,271.9,SERRA,Condutor deixou de manter distância do veículo da frente,Colisão lateral mesmo sentido,Com Vítimas Feridas,Pleno dia,Decrescente,Nublado,Múltipla,Reta;Aclive,Sim,2.0,0.0,1.0,0.0,1.0,0.0,1.0,2.0,-20.2266966,-40.2851416,SPRF-ES,DEL02-ES,UOP01-DEL02-ES,2025-01-10 08:30:00,2025.0,1.0,8.0,manha,True,0,moderado,BR-101
654188.0,2025-01-10,sexta,08:20,ES,101.0,269.8,SERRA,Reação tardia ou ineficiente do condutor,Colisão com objeto,Com Vítimas Feridas,Pleno dia,Crescente,Sol,Dupla,Reta,Sim,3.0,0.0,1.0,0.0,2.0,0.0,1.0,3.0,-20.21740496,-40.26990578,SPRF-ES,DEL02-ES,UOP01-DEL02-ES,2025-01-10 08:20:00,2025.0,1.0,8.0,manha,True,0,moderado,BR-101
654453.0,2025-01-11,sabado,15:30,ES,101.0,288.9,CARIACICA,Manobra de mudança de faixa,Colisão traseira,Com Vítimas Feridas,Pleno dia,Decrescente,Sol,Dupla,Reta,Sim,2.0,0.0,1.0,0.0,1.0,0.0,1.0,2.0,-20.27160351,-40.39091743,SPRF-ES,DEL01-ES,UOP01-DEL01-ES,2025-01-11 15:30:00,2025.0,1.0,15.0,tarde,True,0,moderado,BR-101
654538.0,2025-01-11,sabado,23:00,ES,262.0,1.0,CARIACICA,Velocidade Incompatível,Colisão traseira,Com Vítimas Feridas,Plena Noite,Crescente,Ignorado,Dupla,Reta;Ponte,Não,2.0,0.0,2.0,0.0,0.0,0.0,2.0,2.0,-20.32955204,-40.35492602,SPRF-ES,DEL01-ES,UOP01-DEL01-ES,2025-01-11 23:00:00,2025.0,1.0,23.0,noite,True,0,moderado,BR-262
654545.0,2025-01-12,domingo,00:45,ES,101.0,269.8,SERRA,Condutor desrespeitou a iluminação vermelha do semáforo,Colisão transversal,Com Vítimas Feridas,Plena Noite,Decrescente,Nublado,Múltipla,Reta,Sim,4.0,0.0,0.0,1.0,2.0,1.0,1.0,4.0,-20.21740496,-40.26990578,SPRF-ES,DEL02-ES,UOP01-DEL02-ES,2025-01-12 00:45:00,2025.0,1.0,0.0,madrugada,True,1,grave,BR-101
654664.0,2025-01-12,domingo,15:00,ES,101.0,273.2,SERRA,Frear bruscamente,Colisão traseira,Sem Vítimas,Pleno dia,Crescente,Céu Claro,Múltipla,Reta,Não,13.0,0.0,0.0,0.0,13.0,0.0,0.0,2.0,-20.22029207,-40.29048811,SPRF-ES,DEL02-ES,UOP01-DEL02-ES,2025-01-12 15:00:00,2025.0,1.0,15.0,tarde,True,0,baixo,BR-101
655086.0,2025-01-14,terca,16:45,ES,101.0,262.9,SERRA,Trafegar com motocicleta (ou similar) entre as faixas,Colisão lateral mesmo sentido,Com Vítimas Feridas,Pleno dia,Decrescente,Nublado,Dupla,Reta;Declive,Sim,2.0,0.0,1.0,0.0,1.0,0.0,1.0,2.0,-20.166139,-40.272574,SPRF-ES,DEL02-ES,UOP01-DEL02-ES,2025-01-14 16:45:00,2025.0,1.0,16.0,tarde,True,0,moderado,BR-101
655460.0,2025-01-16,quinta,15:35,ES,101.0,274.0,SERRA,Reação tardia ou ineficiente do condutor,Tombamento,Com Vítimas Feridas,Pleno dia,Decrescente,Céu Claro,Dupla,Reta,Não,2.0,0.0,1.0,0.0,1.0,0.0,1.0,1.0,-20.21288515,-40.29612219,SPRF-ES,DEL02-ES,UOP01-DEL02-ES,2025-01-16 15:35:00,2025.0,1.0,15.0,tarde,True,0,moderado,BR-101
655528.0,2025-01-16,quinta,23:30,ES,101.0,266.8,SERRA,Chuva,Queda de ocupante de veículo,Com Vítimas Feridas,Plena Noite,Decrescente,Chuva,Dupla,Reta,Sim,1.0,0.0,1.0,0.0,0.0,0.0,1.0,1.0,-20.190199,-40.26828891,SPRF-ES,DEL02-ES,UOP01-DEL02-ES,2025-01-16 23:30:00,2025.0,1.0,23.0,noite,True,0,moderado,BR-101
655558.0,2025-01-17,sexta,07:15,ES,101.0,270.2,SERRA,Acessar a via sem observar a presença dos outros veículos,Colisão transversal,Com Vítimas Feridas,Pleno dia,Crescente,Céu Claro,Dupla,Reta,Sim,2.0,0.0,1.0,0.0,1.0,0.0,1.0,2.0,-20.28166144,-40.24291992,SPRF-ES,DEL02-ES,UOP01-DEL02-ES,2025-01-17 07:15:00,2025.0,1.0,7.0,manha,True,0,moderado,BR-101
655719.0,2025-01-17,sexta,19:15,ES,101.0,256.0,SERRA,Acesso irregular,Colisão transversal,Com Vítimas Feridas,Plena Noite,Crescente,Céu Claro,Simples,Aclive,Sim,3.0,0.0,1.0,0.0,1.0,1.0,1.0,3.0,-20.119123,-40.311005,SPRF-ES,DEL02-ES,UOP01-DEL02-ES,2025-01-17 19:15:00,2025.0,1.0,19.0,noite,True,0,moderado,BR-101
655852.0,2025-01-18,sabado,15:40,ES,101.0,329.3,GUARAPARI,Condutor deixou de manter distância do veículo da frente,Colisão traseira,Com Vítimas Feridas,Pleno dia,Crescente,Céu Claro,Dupla,Reta,Não,6.0,0.0,0.0,1.0,5.0,0.0,1.0,2.0,-20.58543019,-40.49702183,SPRF-ES,DEL03-ES,UOP01-DEL03-ES,2025-01-18 15:40:00,2025.0,1.0,15.0,tarde,True,1,grave,BR-101
656115.0,2025-01-19,domingo,18:54,ES,101.0,274.4,SERRA,Demais falhas mecânicas ou elétricas,Incêndio,Sem Vítimas,Plena Noite,Decrescente,Céu Claro,Simples,Reta,Não,1.0,0.0,0.0,0.0,1.0,0.0,0.0,1.0,-20.21288515,-40.29612219,SPRF-ES,DEL02-ES,UOP01-DEL02-ES,2025-01-19 18:54:00,2025.0,1.0,18.0,noite,True,0,baixo,BR-101
656170.0,2025-01-20,segunda,05:51,ES,262.0,18.0,VIANA,Pedestre cruzava a pista fora da faixa,Atropelamento de Pedestre,Com Vítimas Feridas,Pleno dia,Decrescente,Sol,Simples,Reta,Sim,2.0,0.0,1.0,0.0,1.0,0.0,1.0,2.0,-20.39137228,-40.48080285,SPRF-ES,DEL01-ES,UOP01-DEL01-ES,2025-01-20 05:51:00,2025.0,1.0,5.0,madrugada,True,0,moderado,BR-262
656240.0,2025-01-20,segunda,11:45,ES,101.0,258.0,SERRA,Velocidade Incompatível,Colisão traseira,Com Vítimas Feridas,Pleno dia,Decrescente,Sol,Dupla,Reta;Aclive,Sim,2.0,0.0,1.0,0.0,1.0,0.0,1.0,2.0,-20.13059888,-40.2961019,SPRF-ES,DEL02-ES,UOP01-DEL02-ES,2025-01-20 11:45:00,2025.0,1.0,11.0,manha,True,0,moderado,BR-101
656435.0,2025-01-21,terca,06:30,ES,101.0,265.0,SERRA,Reação tardia ou ineficiente do condutor,Tombamento,Com Vítimas Feridas,Pleno dia,Crescente,Sol,Dupla,Reta,Sim,2.0,0.0,2.0,0.0,0.0,0.0,2.0,1.0,-20.1816849,-40.26536036,SPRF-ES,DEL02-ES,UOP01-DEL02-ES,2025-01-21 06:30:00,2025.0,1.0,6.0,manha,True,0,moderado,BR-101
656444.0,2025-01-21,terca,10:15,ES,101.0,288.0,CARIACICA,Ausência de reação do condutor,Colisão transversal,Com Vítimas Fatais,Pleno dia,Crescente,Céu Claro,Dupla,Reta;Retorno Regulamentado,Sim,3.0,1.0,0.0,0.0,2.0,0.0,0.0,3.0,-20.27160351,-40.39091743,SPRF-ES,DEL01-ES,UOP01-DEL01-ES,2025-01-21 10:15:00,2025.0,1.0,10.0,manha,True,1,fatal,BR-101
656659.0,2025-01-22,quarta,14:15,ES,101.0,280.9,SERRA,Pista esburacada,Tombamento,Com Vítimas Feridas,Pleno dia,Crescente,Céu Claro,Simples,Reta,Não,1.0,0.0,1.0,0.0,0.0,0.0,1.0,1.0,-20.21828666,-40.34895595,SPRF-ES,DEL02-ES,UOP01-DEL02-ES,2025-01-22 14:15:00,2025.0,1.0,14.0,tarde,True,0,moderado,BR-101
656874.0,2025-01-23,quinta,16:10,ES,101.0,301.9,VIANA,Demais falhas mecânicas ou elétricas,Tombamento,Com Vítimas Feridas,Pleno dia,Crescente,Céu Claro,Dupla,Curva,Sim,2.0,0.0,2.0,0.0,0.0,0.0,2.0,1.0,-20.36278187,-40.4401343,SPRF-ES,DEL01-ES,UOP01-DEL01-ES,2025-01-23 16:10:00,2025.0,1.0,16.0,tarde,True,0,moderado,BR-101
656934.0,2025-01-23,quinta,22:00,ES,101.0,266.3,SERRA,Acessar a via sem observar a presença dos outros veículos,Colisão transversal,Com Vítimas Feridas,Plena Noite,Crescente,Garoa/Chuvisco,Dupla,Reta,Sim,2.0,0.0,1.0,0.0,1.0,0.0,1.0,2.0,-20.190199,-40.26828891,SPRF-ES,DEL02-ES,UOP01-DEL02-ES,2025-01-23 22:00:00,2025.0,1.0,22.0,noite,True,0,moderado,BR-101
656945.0,2025-01-23,quinta,23:30,ES,101.0,289.4,CARIACICA,Reação tardia ou ineficiente do condutor,Colisão traseira,Com Vítimas Feridas,Plena Noite,Crescente,Céu Claro,Dupla,Aclive,Sim,3.0,0.0,1.0,0.0,0.0,2.0,1.0,2.0,-20.28029304,-40.39302931,SPRF-ES,DEL01-ES,UOP01-DEL01-ES,2025-01-23 23:30:00,2025.0,1.0,23.0,noite,True,0,moderado,BR-101
657049.0,2025-01-24,sexta,17:08,ES,101.0,242.0,SERRA,Ausência de reação do condutor,Tombamento,Com Vítimas Feridas,Pleno dia,Crescente,Céu Claro,Múltipla,Curva,Não,1.0,0.0,1.0,0.0,0.0,0.0,1.0,1.0,-20.0321348,-40.39675773,SPRF-ES,DEL02-ES,UOP01-DEL02-ES,2025-01-24 17:08:00,2025.0,1.0,17.0,tarde,True,0,moderado,BR-101
657052.0,2025-01-24,sexta,17:00,ES,101.0,6.9,SERRA,Ingestão de álcool pelo condutor,Colisão traseira,Sem Vítimas,Pleno dia,Decrescente,Céu Claro,Simples,Reta,Não,5.0,0.0,0.0,0.0,5.0,0.0,0.0,2.0,-20.129093,-40.308125,SPRF-ES,DEL02-ES,UOP01-DEL02-ES,2025-01-24 17:00:00,2025.0,1.0,17.0,tarde,True,0,baixo,BR-101
657097.0,2025-01-24,sexta,21:00,ES,101.0,266.3,SERRA,Frear bruscamente,Colisão traseira,Com Vítimas Feridas,Plena Noite,Decrescente,Céu Claro,Dupla,Reta,Não,2.0,0.0,1.0,0.0,0.0,1.0,1.0,2.0,-20.190199,-40.26828891,SPRF-ES,DEL02-ES,UOP01-DEL02-ES,2025-01-24 21:00:00,2025.0,1.0,21.0,noite,True,0,moderado,BR-101
657137.0,2025-01-25,sabado,01:05,ES,101.0,282.5,CARIACICA,Avarias e/ou desgaste excessivo no pneu,Queda de ocupante de veículo,Com Vítimas Feridas,Plena Noite,Crescente,Céu Claro,Dupla,Ponte;Reta,Não,2.0,0.0,1.0,0.0,1.0,0.0,1.0,1.0,-20.22694,-40.36458,SPRF-ES,DEL01-ES,UOP01-DEL01-ES,2025-01-25 01:05:00,2025.0,1.0,1.0,madrugada,True,0,moderado,BR-101
657214.0,2025-01-25,sabado,10:52,ES,101.0,321.0,GUARAPARI,Avarias e/ou desgaste excessivo no pneu,Tombamento,Com Vítimas Feridas,Pleno dia,Decrescente,Céu Claro,Dupla,Reta,Sim,2.0,0.0,2.0,0.0,0.0,0.0,2.0,1.0,-20.520908,-40.478306,SPRF-ES,DEL03-ES,UOP01-DEL03-ES,2025-01-25 10:52:00,2025.0,1.0,10.0,manha,True,0,moderado,BR-101
657317.0,2025-01-25,sabado,20:00,ES,101.0,258.0,SERRA,Manobra de mudança de faixa,Colisão lateral mesmo sentido,Com Vítimas Feridas,Plena Noite,Decrescente,Céu Claro,Dupla,Reta;Declive,Sim,2.0,0.0,1.0,0.0,1.0,0.0,1.0,2.0,-20.13059888,-40.2961019,SPRF-ES,DEL02-ES,UOP01-DEL02-ES,2025-01-25 20:00:00,2025.0,1.0,20.0,noite,True,0,moderado,BR-101
657561.0,2025-01-26,domingo,21:15,ES,101.0,331.9,GUARAPARI,Transitar no Acostamento,Atropelamento de Pedestre,Com Vítimas Fatais,Plena Noite,Crescente,Nublado,Dupla,Reta,Não,2.0,1.0,0.0,0.0,0.0,1.0,0.0,2.0,-20.60149301,-40.50248706,SPRF-ES,DEL03-ES,UOP01-DEL03-ES,2025-01-26 21:15:00,2025.0,1.0,21.0,noite,True,1,fatal,BR-101
657617.0,2025-01-27,segunda,05:40,ES,101.0,267.9,SERRA,Condutor deixou de manter distância do veículo da frente,Colisão traseira,Com Vítimas Feridas,Amanhecer,Crescente,Céu Claro,Dupla,Reta,Sim,2.0,0.0,1.0,0.0,0.0,1.0,1.0,2.0,-20.19930999,-40.26884609,SPRF-ES,DEL02-ES,UOP01-DEL02-ES,2025-01-27 05:40:00,2025.0,1.0,5.0,madrugada,True,0,moderado,BR-101
657635.0,2025-01-27,segunda,06:50,ES,101.0,268.0,SERRA,Condutor deixou de manter distância do veículo da frente,Colisão traseira,Com Vítimas Feridas,Pleno dia,Decrescente,Céu Claro,Dupla,Reta,Sim,2.0,0.0,1.0,0.0,1.0,0.0,1.0,2.0,-20.20842,-40.269405,SPRF-ES,DEL02-ES,UOP01-DEL02-ES,2025-01-27 06:50:00,2025.0,1.0,6.0,manha,True,0,moderado,BR-101
657672.0,2025-01-27,segunda,12:30,ES,101.0,270.3,SERRA,Ausência de reação do condutor,Colisão traseira,Com Vítimas Feridas,Pleno dia,Decrescente,Sol,Dupla,Reta,Sim,2.0,0.0,1.0,0.0,1.0,0.0,1.0,2.0,-20.22662056,-40.27075088,SPRF-ES,DEL02-ES,UOP01-DEL02-ES,2025-01-27 12:30:00,2025.0,1.0,12.0,tarde,True,0,moderado,BR-101
657824.0,2025-01-28,terca,07:37,ES,101.0,267.0,SERRA,Demais falhas mecânicas ou elétricas,Queda de ocupante de veículo,Com Vítimas Feridas,Pleno dia,Crescente,Céu Claro,Dupla,Reta,Sim,2.0,0.0,1.0,0.0,0.0,1.0,1.0,2.0,-20.19930999,-40.26884609,SPRF-ES,DEL02-ES,UOP01-DEL02-ES,2025-01-28 07:37:00,2025.0,1.0,7.0,manha,True,0,moderado,BR-101
657878.0,2025-01-28,terca,12:55,ES,101.0,304.0,VIANA,Ausência de reação do condutor,Colisão traseira,Com Vítimas Feridas,Pleno dia,Crescente,Sol,Dupla,Reta,Não,2.0,0.0,1.0,0.0,1.0,0.0,1.0,2.0,-20.3800645,-40.45431391,SPRF-ES,DEL01-ES,UOP01-DEL01-ES,2025-01-28 12:55:00,2025.0,1.0,12.0,tarde,True,0,moderado,BR-101
657907.0,2025-01-28,terca,15:10,ES,101.0,283.0,CARIACICA,Transitar na contramão,Colisão frontal,Com Vítimas Feridas,Pleno dia,Decrescente,Céu Claro,Simples,Curva;Retorno Regulamentado,Sim,3.0,0.0,0.0,1.0,2.0,0.0,1.0,2.0,-20.23074547,-40.3673047,SPRF-ES,DEL01-ES,UOP01-DEL01-ES,2025-01-28 15:10:00,2025.0,1.0,15.0,tarde,True,1,grave,BR-101
658149.0,2025-01-30,quinta,05:50,ES,101.0,292.0,CARIACICA,Desrespeitar a preferência no cruzamento,Colisão transversal,Com Vítimas Feridas,Pleno dia,Decrescente,Céu Claro,Simples,Reta,Sim,3.0,0.0,0.0,2.0,1.0,0.0,2.0,2.0,-20.30650512,-40.39488717,SPRF-ES,DEL01-ES,UOP01-DEL01-ES,2025-01-30 05:50:00,2025.0,1.0,5.0,madrugada,True,1,grave,BR-101
658172.0,2025-01-30,quinta,07:35,ES,101.0,287.9,CARIACICA,Transitar no Acostamento,Colisão transversal,Com Vítimas Feridas,Pleno dia,Decrescente,Sol,Dupla,Reta,Sim,2.0,0.0,1.0,0.0,1.0,0.0,1.0,2.0,-20.26493528,-40.38471702,SPRF-ES,DEL01-ES,UOP01-DEL01-ES,2025-01-30 07:35:00,2025.0,1.0,7.0,manha,True,0,moderado,BR-101
658173.0,2025-01-30,quinta,08:20,ES,101.0,279.5,SERRA,Condutor deixou de manter distância do veículo da frente,Colisão traseira,Com Vítimas Feridas,Pleno dia,Decrescente,Céu Claro,Dupla,Reta,Sim,2.0,0.0,0.0,1.0,0.0,1.0,1.0,2.0,-20.2184297,-40.3447046,SPRF-ES,DEL02-ES,UOP01-DEL02-ES,2025-01-30 08:20:00,2025.0,1.0,8.0,manha,True,1,grave,BR-101
658196.0,2025-01-30,quinta,11:05,ES,101.0,295.0,CARIACICA,Ausência de reação do condutor,Colisão traseira,Sem Vítimas,Pleno dia,Crescente,Céu Claro,Simples,Reta,Sim,2.0,0.0,0.0,0.0,2.0,0.0,0.0,2.0,-20.33223667,-40.40004683,SPRF-ES,DEL01-ES,UOP01-DEL01-ES,2025-01-30 11:05:00,2025.0,1.0,11.0,manha,True,0,baixo,BR-101
658231.0,2025-01-30,quinta,13:30,ES,101.0,270.8,SERRA,Demais falhas mecânicas ou elétricas,Tombamento,Com Vítimas Feridas,Pleno dia,Crescente,Sol,Múltipla,Reta,Sim,2.0,0.0,2.0,0.0,0.0,0.0,2.0,1.0,-20.23173793,-40.27412653,SPRF-ES,DEL02-ES,UOP01-DEL02-ES,2025-01-30 13:30:00,2025.0,1.0,13.0,tarde,True,0,moderado,BR-101
658247.0,2025-01-30,quinta,15:10,ES,0.0,0.0,VILA VELHA,Curva acentuada,Colisão com objeto,Sem Vítimas,Pleno dia,Não Informado,Céu Claro,Simples,Curva,Sim,6.0,0.0,0.0,0.0,6.0,0.0,0.0,2.0,-20.48693316,-40.35321604,SPRF-ES,DEL01-ES,UOP01-DEL01-ES,2025-01-30 15:10:00,2025.0,1.0,15.0,tarde,True,0,baixo,BR-0
658446.0,2025-01-31,sexta,16:00,ES,101.0,267.1,SERRA,Velocidade Incompatível,Colisão traseira,Com Vítimas Feridas,Pleno dia,Decrescente,Sol,Múltipla,Reta,Sim,2.0,0.0,1.0,0.0,1.0,0.0,1.0,2.0,-20.19930999,-40.26884609,SPRF-ES,DEL02-ES,UOP01-DEL02-ES,2025-01-31 16:00:00,2025.0,1.0,16.0,tarde,True,0,moderado,BR-101
658469.0,2025-01-31,sexta,18:20,ES,101.0,266.9,SERRA,Ausência de reação do condutor,Colisão lateral mesmo sentido,Com Vítimas Feridas,Anoitecer,Decrescente,Céu Claro,Dupla,Reta,Sim,2.0,0.0,1.0,0.0,1.0,0.0,1.0,2.0,-20.190199,-40.26828891,SPRF-ES,DEL02-ES,UOP01-DEL02-ES,2025-01-31 18:20:00,2025.0,1.0,18.0,noite,True,0,moderado,BR-101
658484.0,2025-01-31,sexta,19:57,ES,101.0,268.0,SERRA,Ausência de reação do condutor,Saída de leito carroçável,Com Vítimas Feridas,Plena Noite,Crescente,Céu Claro,Dupla,Reta,Sim,1.0,0.0,1.0,0.0,0.0,0.0,1.0,1.0,-20.20842,-40.269405,SPRF-ES,DEL02-ES,UOP01-DEL02-ES,2025-01-31 19:57:00,2025.0,1.0,19.0,noite,True,0,moderado,BR-101
658747.0,2025-02-02,domingo,05:00,ES,101.0,262.4,SERRA,Ausência de reação do condutor,Colisão com objeto,Com Vítimas Feridas,Amanhecer,Crescente,Sol,Dupla,Reta,Sim,2.0,0.0,1.0,0.0,1.0,0.0,1.0,1.0,-20.1572331,-40.27678329,SPRF-ES,DEL02-ES,UOP01-DEL02-ES,2025-02-02 05:00:00,2025.0,2.0,5.0,madrugada,True,0,moderado,BR-101
659007.0,2025-02-03,segunda,09:00,ES,262.0,18.9,VIANA,Acessar a via sem observar a presença dos outros veículos,Colisão transversal,Com Vítimas Feridas,Pleno dia,Crescente,Sol,Simples,Reta,Sim,2.0,0.0,1.0,0.0,1.0,0.0,1.0,2.0,-20.39137228,-40.48080285,SPRF-ES,DEL01-ES,UOP01-DEL01-ES,2025-02-03 09:00:00,2025.0,2.0,9.0,manha,True,0,moderado,BR-262
659022.0,2025-02-03,segunda,10:25,ES,101.0,284.0,CARIACICA,Ausência de reação do condutor,Saída de leito carroçável,Com Vítimas Feridas,Pleno dia,Decrescente,Sol,Dupla,Curva,Sim,2.0,0.0,1.0,0.0,1.0,0.0,1.0,1.0,-20.24334991,-40.3696926,SPRF-ES,DEL01-ES,UOP01-DEL01-ES,2025-02-03 10:25:00,2025.0,2.0,10.0,manha,True,0,moderado,BR-101
659120.0,2025-02-03,segunda,19:45,ES,101.0,260.8,SERRA,Transitar na contramão,Colisão frontal,Com Vítimas Feridas,Plena Noite,Crescente,Céu Claro,Simples,Curva;Declive,Sim,3.0,0.0,3.0,0.0,0.0,0.0,3.0,2.0,-20.14616415,-40.28836206,SPRF-ES,DEL02-ES,UOP01-DEL02-ES,2025-02-03 19:45:00,2025.0,2.0,19.0,noite,True,0,moderado,BR-101
659186.0,2025-02-04,terca,08:30,ES,101.0,267.9,SERRA,Manobra de mudança de faixa,Colisão lateral mesmo sentido,Com Vítimas Feridas,Pleno dia,Crescente,Sol,Múltipla,Interseção de Vias,Sim,2.0,0.0,1.0,0.0,0.0,1.0,1.0,2.0,-20.19930999,-40.26884609,SPRF-ES,DEL02-ES,UOP01-DEL02-ES,2025-02-04 08:30:00,2025.0,2.0,8.0,manha,True,0,moderado,BR-101
659206.0,2025-02-04,terca,10:50,ES,101.0,270.7,SERRA,Ultrapassagem Indevida,Colisão lateral mesmo sentido,Com Vítimas Feridas,Pleno dia,Decrescente,Céu Claro,Dupla,Reta,Sim,2.0,0.0,1.0,0.0,0.0,1.0,1.0,2.0,-20.22662056,-40.27075088,SPRF-ES,DEL02-ES,UOP01-DEL02-ES,2025-02-04 10:50:00,2025.0,2.0,10.0,manha,True,0,moderado,BR-101
659357.0,2025-01-08,quarta,20:30,ES,101.0,315.4,VILA VELHA,Pedestre andava na pista,Atropelamento de Pedestre,Com Vítimas Fatais,Plena Noite,Crescente,Chuva,Dupla,Reta;Declive,Não,2.0,1.0,0.0,0.0,0.0,1.0,0.0,2.0,-20.46976694,-40.46795209,SPRF-ES,DEL01-ES,UOP01-DEL01-ES,2025-01-08 20:30:00,2025.0,1.0,20.0,noite,True,1,fatal,BR-101
659594.0,2025-02-06,quinta,13:30,ES,101.0,247.9,SERRA,Demais falhas mecânicas ou elétricas,Incêndio,Sem Vítimas,Pleno dia,Decrescente,Sol,Simples,Curva,Não,1.0,0.0,0.0,0.0,1.0,0.0,0.0,1.0,-20.06746339,-40.37085006,SPRF-ES,DEL02-ES,UOP01-DEL02-ES,2025-02-06 13:30:00,2025.0,2.0,13.0,tarde,True,0,baixo,BR-101
659596.0,2025-02-06,quinta,13:40,ES,101.0,296.9,VIANA,Condutor deixou de manter distância do veículo da frente,Colisão traseira,Com Vítimas Feridas,Pleno dia,Crescente,Céu Claro,Múltipla,Curva,Sim,2.0,0.0,1.0,0.0,1.0,0.0,1.0,2.0,-20.35374444,-40.4156433,SPRF-ES,DEL01-ES,UOP01-DEL01-ES,2025-02-06 13:40:00,2025.0,2.0,13.0,tarde,True,0,moderado,BR-101
659624.0,2025-02-06,quinta,15:29,ES,101.0,297.7,CARIACICA,Condutor deixou de manter distância do veículo da frente,Colisão lateral mesmo sentido,Com Vítimas Feridas,Pleno dia,Crescente,Céu Claro,Dupla,Reta,Sim,3.0,0.0,2.0,0.0,1.0,0.0,2.0,2.0,-20.35100457,-40.41328311,SPRF-ES,DEL01-ES,UOP01-DEL01-ES,2025-02-06 15:29:00,2025.0,2.0,15.0,tarde,True,0,moderado,BR-101
659765.0,2025-01-03,sexta,19:40,ES,101.0,289.6,CARIACICA,Manobra de mudança de faixa,Colisão lateral mesmo sentido,Com Vítimas Feridas,Plena Noite,Decrescente,Nublado,Dupla,Aclive,Sim,2.0,0.0,1.0,0.0,1.0,0.0,1.0,2.0,-20.28029304,-40.39302931,SPRF-ES,DEL01-ES,UOP01-DEL01-ES,2025-01-03 19:40:00,2025.0,1.0,19.0,noite,True,0,moderado,BR-101
659849.0,2025-02-07,sexta,16:30,ES,101.0,266.0,SERRA,Reação tardia ou ineficiente do condutor,Tombamento,Com Vítimas Feridas,Pleno dia,Decrescente,Céu Claro,Dupla,Reta,Sim,2.0,0.0,1.0,0.0,0.0,1.0,1.0,2.0,-20.190199,-40.26828891,SPRF-ES,DEL02-ES,UOP01-DEL02-ES,2025-02-07 16:30:00,2025.0,2.0,16.0,tarde,True,0,moderado,BR-101
659988.0,2025-02-08,sabado,08:10,ES,101.0,277.8,SERRA,Ultrapassagem Indevida,Colisão lateral mesmo sentido,Com Vítimas Feridas,Pleno dia,Crescente,Sol,Dupla,Reta,Não,2.0,0.0,1.0,0.0,1.0,0.0,1.0,2.0,-20.21307738,-40.32125972,SPRF-ES,DEL02-ES,UOP01-DEL02-ES,2025-02-08 08:10:00,2025.0,2.0,8.0,manha,True,0,moderado,BR-101
660083.0,2025-02-08,sabado,15:50,ES,262.0,0.9,CARIACICA,Reação tardia ou ineficiente do condutor,Colisão traseira,Com Vítimas Feridas,Pleno dia,Crescente,Sol,Dupla,Ponte;Reta,Sim,2.0,0.0,1.0,1.0,0.0,0.0,2.0,2.0,-20.320793,-40.353315,SPRF-ES,DEL01-ES,UOP01-DEL01-ES,2025-02-08 15:50:00,2025.0,2.0,15.0,tarde,True,1,grave,BR-262
660260.0,2025-02-09,domingo,12:30,ES,101.0,275.0,SERRA,Reação tardia ou ineficiente do condutor,Queda de ocupante de veículo,Com Vítimas Feridas,Pleno dia,Decrescente,Céu Claro,Dupla,Reta,Não,1.0,0.0,1.0,0.0,0.0,0.0,1.0,1.0,-20.20828089,-40.30388897,SPRF-ES,DEL02-ES,UOP01-DEL02-ES,2025-02-09 12:30:00,2025.0,2.0,12.0,tarde,True,0,moderado,BR-101
660306.0,2025-02-09,domingo,17:00,ES,101.0,350.1,GUARAPARI,Ausência de reação do condutor,Capotamento,Com Vítimas Feridas,Pleno dia,Crescente,Sol,Dupla,Curva,Não,2.0,0.0,2.0,0.0,0.0,0.0,2.0,1.0,-20.665676,-40.655926,SPRF-ES,DEL03-ES,UOP01-DEL03-ES,2025-02-09 17:00:00,2025.0,2.0,17.0,tarde,True,0,moderado,BR-101
660314.0,2025-02-09,domingo,17:30,ES,101.0,260.0,SERRA,Ausência de reação do condutor,Queda de ocupante de veículo,Com Vítimas Feridas,Plena Noite,Crescente,Céu Claro,Simples,Reta,Não,1.0,0.0,1.0,0.0,0.0,0.0,1.0,1.0,-20.14616415,-40.28836206,SPRF-ES,DEL02-ES,UOP01-DEL02-ES,2025-02-09 17:30:00,2025.0,2.0,17.0,tarde,True,0,moderado,BR-101
660332.0,2025-02-09,domingo,18:00,ES,101.0,270.0,SERRA,Conversão proibida,Colisão transversal,Com Vítimas Feridas,Anoitecer,Decrescente,Céu Claro,Múltipla,Reta;Interseção de Vias,Sim,4.0,0.0,1.0,0.0,2.0,1.0,1.0,3.0,-20.22662056,-40.27075088,SPRF-ES,DEL02-ES,UOP01-DEL02-ES,2025-02-09 18:00:00,2025.0,2.0,18.0,noite,True,0,moderado,BR-101
660345.0,2025-02-09,domingo,19:00,ES,101.0,231.0,FUNDAO,Velocidade Incompatível,Colisão traseira,Com Vítimas Feridas,Pleno dia,Decrescente,Céu Claro,Simples,Reta,Não,3.0,0.0,2.0,0.0,0.0,1.0,2.0,2.0,-19.94425773,-40.40662323,SPRF-ES,DEL02-ES,UOP01-DEL02-ES,2025-02-09 19:00:00,2025.0,2.0,19.0,noite,True,0,moderado,BR-101
660504.0,2025-02-10,segunda,12:30,ES,101.0,319.7,VILA VELHA,Demais falhas mecânicas ou elétricas,Tombamento,Com Vítimas Feridas,Pleno dia,Decrescente,Céu Claro,Dupla,Aclive,Não,1.0,0.0,1.0,0.0,0.0,0.0,1.0,1.0,-20.50358302,-40.47483522,SPRF-ES,DEL03-ES,UOP01-DEL03-ES,2025-02-10 12:30:00,2025.0,2.0,12.0,tarde,True,0,moderado,BR-101
660663.0,2025-02-11,terca,08:25,ES,101.0,285.2,CARIACICA,Ausência de reação do condutor,Colisão traseira,Com Vítimas Feridas,Pleno dia,Decrescente,Céu Claro,Dupla,Reta,Sim,2.0,0.0,1.0,0.0,1.0,0.0,1.0,2.0,-20.25148171,-40.37270066,SPRF-ES,DEL01-ES,UOP01-DEL01-ES,2025-02-11 08:25:00,2025.0,2.0,8.0,manha,True,0,moderado,BR-101
660720.0,2025-02-11,terca,14:20,ES,101.0,296.0,CARIACICA,Acumulo de areia ou detritos sobre o pavimento,Queda de ocupante de veículo,Com Vítimas Feridas,Pleno dia,Crescente,Céu Claro,Simples,Reta,Não,1.0,0.0,1.0,0.0,0.0,0.0,1.0,1.0,-20.34029997,-40.40405712,SPRF-ES,DEL01-ES,UOP01-DEL01-ES,2025-02-11 14:20:00,2025.0,2.0,14.0,tarde,True,0,moderado,BR-101
660839.0,2025-02-12,quarta,04:30,ES,101.0,262.2,SERRA,Reação tardia ou ineficiente do condutor,Tombamento,Com Vítimas Feridas,Amanhecer,Decrescente,Céu Claro,Dupla,Reta;Declive,Sim,1.0,0.0,1.0,0.0,0.0,0.0,1.0,1.0,-20.1615273,-40.2752806,SPRF-ES,DEL02-ES,UOP01-DEL02-ES,2025-02-12 04:30:00,2025.0,2.0,4.0,madrugada,True,0,moderado,BR-101
660854.0,2025-02-12,quarta,07:45,ES,101.0,265.0,SERRA,Ausência de reação do condutor,Colisão lateral mesmo sentido,Com Vítimas Feridas,Pleno dia,Crescente,Céu Claro,Dupla,Reta,Não,2.0,0.0,0.0,1.0,1.0,0.0,1.0,2.0,-20.1816849,-40.26536036,SPRF-ES,DEL02-ES,UOP01-DEL02-ES,2025-02-12 07:45:00,2025.0,2.0,7.0,manha,True,1,grave,BR-101
660864.0,2025-02-12,quarta,07:57,ES,101.0,297.0,VIANA,Condutor deixou de manter distância do veículo da frente,Colisão traseira,Com Vítimas Feridas,Pleno dia,Crescente,Céu Claro,Múltipla,Reta,Sim,3.0,0.0,1.0,0.0,2.0,0.0,1.0,3.0,-20.34529844,-40.41026774,SPRF-ES,DEL01-ES,UOP01-DEL01-ES,2025-02-12 07:57:00,2025.0,2.0,7.0,manha,True,0,moderado,BR-101
660877.0,2025-02-12,quarta,09:00,ES,101.0,278.9,SERRA,Condutor Dormindo,Saída de leito carroçável,Com Vítimas Feridas,Pleno dia,Decrescente,Céu Claro,Dupla,Curva;Declive,Não,2.0,0.0,1.0,0.0,1.0,0.0,1.0,1.0,-20.21698365,-40.32974606,SPRF-ES,DEL02-ES,UOP01-DEL02-ES,2025-02-12 09:00:00,2025.0,2.0,9.0,manha,True,0,moderado,BR-101
660959.0,2025-02-12,quarta,15:15,ES,101.0,259.0,SERRA,Velocidade Incompatível,Saída de leito carroçável,Com Vítimas Feridas,Pleno dia,Decrescente,Sol,Simples,Curva;Declive,Sim,2.0,0.0,2.0,0.0,0.0,0.0,2.0,1.0,-20.13930636,-40.29233694,SPRF-ES,DEL02-ES,UOP01-DEL02-ES,2025-02-12 15:15:00,2025.0,2.0,15.0,tarde,True,0,moderado,BR-101
660967.0,2025-02-12,quarta,18:30,ES,101.0,262.0,SERRA,Condutor deixou de manter distância do veículo da frente,Colisão traseira,Com Vítimas Feridas,Plena Noite,Crescente,Nublado,Dupla,Reta,Não,2.0,0.0,0.0,1.0,1.0,0.0,1.0,2.0,-20.1572331,-40.27678329,SPRF-ES,DEL02-ES,UOP01-DEL02-ES,2025-02-12 18:30:00,2025.0,2.0,18.0,noite,True,1,grave,BR-101
661000.0,2025-02-12,quarta,21:40,ES,101.0,269.0,SERRA,Reação tardia ou ineficiente do condutor,Queda de ocupante de veículo,Com Vítimas Feridas,Plena Noite,Crescente,Céu Claro,Dupla,Reta,Sim,1.0,0.0,1.0,0.0,0.0,0.0,1.0,1.0,-20.21740496,-40.26990578,SPRF-ES,DEL02-ES,UOP01-DEL02-ES,2025-02-12 21:40:00,2025.0,2.0,21.0,noite,True,0,moderado,BR-101
661001.0,2025-02-12,quarta,21:35,ES,101.0,270.0,SERRA,Condutor desrespeitou a iluminação vermelha do semáforo,Colisão transversal,Com Vítimas Feridas,Plena Noite,Decrescente,Céu Claro,Dupla,Interseção de Vias,Sim,3.0,0.0,0.0,2.0,0.0,1.0,2.0,2.0,-20.22662056,-40.27075088,SPRF-ES,DEL02-ES,UOP01-DEL02-ES,2025-02-12 21:35:00,2025.0,2.0,21.0,noite,True,1,grave,BR-101
661164.0,2025-02-13,quinta,18:20,ES,101.0,263.0,SERRA,Reação tardia ou ineficiente do condutor,Queda de ocupante de veículo,Com Vítimas Feridas,Anoitecer,Decrescente,Céu Claro,Dupla,Reta,Sim,1.0,0.0,1.0,0.0,0.0,0.0,1.0,1.0,-20.16554736,-40.27301648,SPRF-ES,DEL02-ES,UOP01-DEL02-ES,2025-02-13 18:20:00,2025.0,2.0,18.0,noite,True,0,moderado,BR-101
661230.0,2025-02-14,sexta,07:20,ES,101.0,285.1,CARIACICA,Acessar a via sem observar a presença dos outros veículos,Colisão transversal,Com Vítimas Feridas,Pleno dia,Crescente,Céu Claro,Simples,Retorno Regulamentado,Sim,2.0,0.0,0.0,1.0,1.0,0.0,1.0,2.0,-20.25148171,-40.37270066,SPRF-ES,DEL01-ES,UOP01-DEL01-ES,2025-02-14 07:20:00,2025.0,2.0,7.0,manha,True,1,grave,BR-101
661309.0,2025-02-14,sexta,14:30,ES,101.0,299.7,VIANA,Acessar a via sem observar a presença dos outros veículos,Atropelamento de Pedestre,Com Vítimas Feridas,Pleno dia,Crescente,Céu Claro,Múltipla,Reta,Sim,2.0,0.0,0.0,1.0,1.0,0.0,1.0,2.0,-20.35860628,-40.42327504,SPRF-ES,DEL01-ES,UOP01-DEL01-ES,2025-02-14 14:30:00,2025.0,2.0,14.0,tarde,True,1,grave,BR-101
661329.0,2025-02-14,sexta,15:50,ES,101.0,293.0,CARIACICA,Conversão proibida,Colisão lateral mesmo sentido,Com Vítimas Feridas,Pleno dia,Decrescente,Céu Claro,Dupla,Em Obras;Reta,Sim,3.0,0.0,3.0,0.0,0.0,0.0,3.0,2.0,-20.31413276,-40.39536023,SPRF-ES,DEL01-ES,UOP01-DEL01-ES,2025-02-14 15:50:00,2025.0,2.0,15.0,tarde,True,0,moderado,BR-101
661381.0,2025-02-14,sexta,20:00,ES,101.0,308.0,VIANA,Reação tardia ou ineficiente do condutor,Saída de leito carroçável,Com Vítimas Feridas,Plena Noite,Decrescente,Céu Claro,Dupla,Reta,Não,3.0,0.0,2.0,1.0,0.0,0.0,3.0,1.0,-20.40809191,-40.45835336,SPRF-ES,DEL01-ES,UOP01-DEL01-ES,2025-02-14 20:00:00,2025.0,2.0,20.0,noite,True,1,grave,BR-101
661448.0,2025-02-15,sabado,02:20,ES,101.0,327.3,GUARAPARI,Ausência de reação do condutor,Colisão com objeto,Com Vítimas Feridas,Plena Noite,Decrescente,Céu Claro,Dupla,Reta,Não,1.0,0.0,0.0,1.0,0.0,0.0,1.0,1.0,-20.57231099,-40.48455601,SPRF-ES,DEL03-ES,UOP01-DEL03-ES,2025-02-15 02:20:00,2025.0,2.0,2.0,madrugada,True,1,grave,BR-101
661487.0,2025-02-15,sabado,07:40,ES,101.0,270.5,SERRA,Faixas de trânsito com largura insuficiente,Colisão lateral mesmo sentido,Sem Vítimas,Pleno dia,Crescente,Céu Claro,Simples,Reta,Sim,2.0,0.0,0.0,0.0,2.0,0.0,0.0,2.0,-20.22662056,-40.27075088,SPRF-ES,DEL02-ES,UOP01-DEL02-ES,2025-02-15 07:40:00,2025.0,2.0,7.0,manha,True,0,baixo,BR-101
661549.0,2025-02-15,sabado,14:20,ES,101.0,299.5,VIANA,Desrespeitar a preferência no cruzamento,Colisão transversal,Com Vítimas Feridas,Pleno dia,Crescente,Sol,Múltipla,Interseção de Vias,Sim,2.0,0.0,1.0,0.0,1.0,0.0,1.0,2.0,-20.35860628,-40.42327504,SPRF-ES,DEL01-ES,UOP01-DEL01-ES,2025-02-15 14:20:00,2025.0,2.0,14.0,tarde,True,0,moderado,BR-101
661695.0,2025-02-16,domingo,08:00,ES,101.0,282.0,CARIACICA,Reação tardia ou ineficiente do condutor,Colisão lateral sentido oposto,Com Vítimas Feridas,Pleno dia,Crescente,Céu Claro,Dupla,Retorno Regulamentado,Sim,2.0,0.0,1.0,0.0,0.0,1.0,1.0,2.0,-20.23066465,-40.36692012,SPRF-ES,DEL01-ES,UOP01-DEL01-ES,2025-02-16 08:00:00,2025.0,2.0,8.0,manha,True,0,moderado,BR-101
661731.0,2025-02-16,domingo,11:51,ES,262.0,22.9,VIANA,Velocidade Incompatível,Tombamento,Com Vítimas Feridas,Pleno dia,Crescente,Sol,Simples,Aclive;Curva,Sim,1.0,0.0,1.0,0.0,0.0,0.0,1.0,1.0,-20.37976169,-40.52199585,SPRF-ES,DEL01-ES,UOP01-DEL01-ES,2025-02-16 11:51:00,2025.0,2.0,11.0,manha,True,0,moderado,BR-262
661733.0,2025-02-16,domingo,12:30,ES,101.0,303.5,VIANA,Avarias e/ou desgaste excessivo no pneu,Saída de leito carroçável,Com Vítimas Feridas,Pleno dia,Decrescente,Sol,Dupla,Reta,Sim,3.0,0.0,1.0,0.0,2.0,0.0,1.0,1.0,-20.37695747,-40.44527144,SPRF-ES,DEL01-ES,UOP01-DEL01-ES,2025-02-16 12:30:00,2025.0,2.0,12.0,tarde,True,0,moderado,BR-101
661965.0,2025-02-17,segunda,11:00,ES,101.0,239.5,FUNDAO,Acessar a via sem observar a presença dos outros veículos,Colisão traseira,Com Vítimas Feridas,Pleno dia,Crescente,Sol,Dupla,Reta,Sim,2.0,0.0,1.0,0.0,1.0,0.0,1.0,2.0,-20.00782494,-40.40790907,SPRF-ES,DEL02-ES,UOP01-DEL02-ES,2025-02-17 11:00:00,2025.0,2.0,11.0,manha,True,0,moderado,BR-101
662004.0,2025-02-17,segunda,15:05,ES,101.0,270.0,SERRA,Condutor deixou de manter distância do veículo da frente,Colisão traseira,Com Vítimas Feridas,Pleno dia,Crescente,Céu Claro,Múltipla,Reta,Sim,2.0,0.0,1.0,0.0,1.0,0.0,1.0,2.0,-20.22,-40.27,SPRF-ES,DEL02-ES,UOP01-DEL02-ES,2025-02-17 15:05:00,2025.0,2.0,15.0,tarde,True,0,moderado,BR-101
662128.0,2025-02-10,segunda,13:50,ES,101.0,265.0,SERRA,Ausência de reação do condutor,Colisão com objeto,Com Vítimas Feridas,Pleno dia,Decrescente,Céu Claro,Dupla,Declive,Sim,1.0,0.0,1.0,0.0,0.0,0.0,1.0,1.0,-20.1816849,-40.26536036,SPRF-ES,DEL02-ES,UOP01-DEL02-ES,2025-02-10 13:50:00,2025.0,2.0,13.0,tarde,True,0,moderado,BR-101
662224.0,2025-02-18,terca,17:02,ES,101.0,269.0,SERRA,Ausência de reação do condutor,Colisão traseira,Sem Vítimas,Anoitecer,Decrescente,Céu Claro,Dupla,Reta,Sim,3.0,0.0,0.0,0.0,1.0,2.0,0.0,3.0,-20.21740496,-40.26990578,SPRF-ES,DEL02-ES,UOP01-DEL02-ES,2025-02-18 17:02:00,2025.0,2.0,17.0,tarde,True,0,baixo,BR-101
662379.0,2025-02-19,quarta,15:00,ES,101.0,282.4,CARIACICA,Reação tardia ou ineficiente do condutor,Queda de ocupante de veículo,Com Vítimas Feridas,Pleno dia,Crescente,Céu Claro,Dupla,Reta,Sim,1.0,0.0,1.0,0.0,0.0,0.0,1.0,1.0,-20.22694,-40.36458,SPRF-ES,DEL01-ES,UOP01-DEL01-ES,2025-02-19 15:00:00,2025.0,2.0,15.0,tarde,True,0,moderado,BR-101
662425.0,2025-02-19,quarta,19:00,ES,101.0,269.6,SERRA,Transitar na contramão,Colisão lateral sentido oposto,Com Vítimas Feridas,Plena Noite,Crescente,Céu Claro,Múltipla,Interseção de Vias;Reta,Sim,2.0,0.0,1.0,0.0,1.0,0.0,1.0,2.0,-20.21740496,-40.26990578,SPRF-ES,DEL02-ES,UOP01-DEL02-ES,2025-02-19 19:00:00,2025.0,2.0,19.0,noite,True,0,moderado,BR-101
662526.0,2025-02-20,quinta,07:40,ES,101.0,269.0,SERRA,Ausência de reação do condutor,Colisão lateral mesmo sentido,Com Vítimas Feridas,Pleno dia,Crescente,Sol,Dupla,Reta,Sim,3.0,0.0,1.0,0.0,0.0,2.0,1.0,3.0,-20.21740496,-40.26990578,SPRF-ES,DEL02-ES,UOP01-DEL02-ES,2025-02-20 07:40:00,2025.0,2.0,7.0,manha,True,0,moderado,BR-101
662530.0,2025-02-20,quinta,09:30,ES,101.0,267.0,SERRA,Reação tardia ou ineficiente do condutor,Colisão com objeto,Com Vítimas Feridas,Pleno dia,Decrescente,Céu Claro,Dupla,Reta,Sim,1.0,0.0,1.0,0.0,0.0,0.0,1.0,1.0,-20.19930999,-40.26884609,SPRF-ES,DEL02-ES,UOP01-DEL02-ES,2025-02-20 09:30:00,2025.0,2.0,9.0,manha,True,0,moderado,BR-101
662628.0,2025-02-20,quinta,22:45,ES,262.0,14.0,VIANA,Acumulo de areia ou detritos sobre o pavimento,Queda de ocupante de veículo,Com Vítimas Feridas,Plena Noite,Crescente,Céu Claro,Simples,Reta,Não,2.0,0.0,2.0,0.0,0.0,0.0,2.0,1.0,-20.37037726,-40.46264648,SPRF-ES,DEL01-ES,UOP01-DEL01-ES,2025-02-20 22:45:00,2025.0,2.0,22.0,noite,True,0,moderado,BR-262
662710.0,2025-02-21,sexta,13:06,ES,101.0,286.8,CARIACICA,Reação tardia ou ineficiente do condutor,Queda de ocupante de veículo,Com Vítimas Feridas,Pleno dia,Decrescente,Céu Claro,Dupla,Reta,Sim,1.0,0.0,0.0,1.0,0.0,0.0,1.0,1.0,-20.2649997,-40.38474977,SPRF-ES,DEL01-ES,UOP01-DEL01-ES,2025-02-21 13:06:00,2025.0,2.0,13.0,tarde,True,1,grave,BR-101
662714.0,2025-02-21,sexta,13:45,ES,101.0,327.0,GUARAPARI,Ausência de reação do condutor,Colisão com objeto,Com Vítimas Feridas,Pleno dia,Decrescente,Céu Claro,Dupla,Reta,Não,1.0,0.0,1.0,0.0,0.0,0.0,1.0,1.0,-20.53282676,-40.48427582,SPRF-ES,DEL03-ES,UOP01-DEL03-ES,2025-02-21 13:45:00,2025.0,2.0,13.0,tarde,True,0,moderado,BR-101
662765.0,2025-02-21,sexta,18:00,ES,101.0,279.2,SERRA,Demais falhas mecânicas ou elétricas,Colisão lateral mesmo sentido,Com Vítimas Feridas,Anoitecer,Decrescente,Céu Claro,Dupla,Reta,Não,2.0,0.0,1.0,0.0,1.0,0.0,1.0,2.0,-20.21834819,-40.33939362,SPRF-ES,DEL02-ES,UOP01-DEL02-ES,2025-02-21 18:00:00,2025.0,2.0,18.0,noite,True,0,moderado,BR-101
662882.0,2025-02-22,sabado,09:05,ES,101.0,266.7,SERRA,Manobra de mudança de faixa,Tombamento,Com Vítimas Feridas,Pleno dia,Decrescente,Céu Claro,Dupla,Reta,Sim,1.0,0.0,0.0,1.0,0.0,0.0,1.0,1.0,-20.19446565,-40.26849747,SPRF-ES,DEL02-ES,UOP01-DEL02-ES,2025-02-22 09:05:00,2025.0,2.0,9.0,manha,True,1,grave,BR-101
662997.0,2025-02-22,sabado,19:44,ES,101.0,253.0,SERRA,Acessar a via sem observar a presença dos outros veículos,Colisão frontal,Sem Vítimas,Plena Noite,Crescente,Ignorado,Simples,Reta,Não,2.0,0.0,0.0,0.0,2.0,0.0,0.0,2.0,-20.10449153,-40.33268452,SPRF-ES,DEL02-ES,UOP01-DEL02-ES,2025-02-22 19:44:00,2025.0,2.0,19.0,noite,True,0,baixo,BR-101
663000.0,2025-02-22,sabado,20:12,ES,101.0,261.2,SERRA,Retorno proibido,Colisão transversal,Com Vítimas Feridas,Plena Noite,Decrescente,Céu Claro,Dupla,Reta,Sim,2.0,0.0,0.0,1.0,1.0,0.0,1.0,2.0,-20.15022357,-40.27900749,SPRF-ES,DEL02-ES,UOP01-DEL02-ES,2025-02-22 20:12:00,2025.0,2.0,20.0,noite,True,1,grave,BR-101
663005.0,2025-02-22,sabado,19:40,ES,101.0,296.0,CARIACICA,Reação tardia ou ineficiente do condutor,Colisão traseira,Sem Vítimas,Plena Noite,Decrescente,Nublado,Múltipla,Reta,Sim,4.0,0.0,0.0,0.0,4.0,0.0,0.0,4.0,-20.34374309,-40.40738298,SPRF-ES,DEL01-ES,UOP01-DEL01-ES,2025-02-22 19:40:00,2025.0,2.0,19.0,noite,True,0,baixo,BR-101
663007.0,2025-02-22,sabado,20:36,ES,101.0,256.0,SERRA,Velocidade Incompatível,Colisão transversal,Com Vítimas Feridas,Plena Noite,Decrescente,Céu Claro,Simples,Declive;Reta,Sim,2.0,0.0,0.0,1.0,1.0,0.0,1.0,2.0,-20.12205432,-40.30606227,SPRF-ES,DEL02-ES,UOP01-DEL02-ES,2025-02-22 20:36:00,2025.0,2.0,20.0,noite,True,1,grave,BR-101
663060.0,2025-02-23,domingo,01:30,ES,101.0,262.3,SERRA,Manobra de mudança de faixa,Tombamento,Com Vítimas Feridas,Plena Noite,Crescente,Céu Claro,Dupla,Reta,Sim,1.0,0.0,0.0,1.0,0.0,0.0,1.0,1.0,-20.17287558,-40.26772499,SPRF-ES,DEL02-ES,UOP01-DEL02-ES,2025-02-23 01:30:00,2025.0,2.0,1.0,madrugada,True,1,grave,BR-101
663164.0,2025-02-23,domingo,13:50,ES,101.0,270.5,SERRA,Reação tardia ou ineficiente do condutor,Colisão transversal,Com Vítimas Feridas,Pleno dia,Decrescente,Céu Claro,Dupla,Interseção de Vias,Sim,3.0,0.0,2.0,0.0,1.0,0.0,2.0,2.0,-20.230717,-40.273077,SPRF-ES,DEL02-ES,UOP01-DEL02-ES,2025-02-23 13:50:00,2025.0,2.0,13.0,tarde,True,0,moderado,BR-101
663333.0,2025-02-24,segunda,07:20,ES,101.0,275.1,SERRA,Demais falhas mecânicas ou elétricas,Queda de ocupante de veículo,Com Vítimas Feridas,Pleno dia,Decrescente,Nublado,Dupla,Reta,Não,2.0,0.0,1.0,0.0,1.0,0.0,1.0,1.0,-20.207886,-40.3059966,SPRF-ES,DEL02-ES,UOP01-DEL02-ES,2025-02-24 07:20:00,2025.0,2.0,7.0,manha,True,0,moderado,BR-101
663336.0,2025-02-24,segunda,08:00,ES,101.0,297.0,VIANA,Chuva,Queda de ocupante de veículo,Com Vítimas Feridas,Pleno dia,Decrescente,Céu Claro,Dupla,Reta,Não,1.0,0.0,1.0,0.0,0.0,0.0,1.0,1.0,-20.35066256,-40.4129076,SPRF-ES,DEL01-ES,UOP01-DEL01-ES,2025-02-24 08:00:00,2025.0,2.0,8.0,manha,True,0,moderado,BR-101
663407.0,2025-02-24,segunda,13:15,ES,101.0,290.0,CARIACICA,Ausência de reação do condutor,Colisão com objeto,Com Vítimas Feridas,Pleno dia,Crescente,Céu Claro,Múltipla,Reta,Não,1.0,0.0,0.0,1.0,0.0,0.0,1.0,1.0,-20.31934019,-40.39518356,SPRF-ES,DEL01-ES,UOP01-DEL01-ES,2025-02-24 13:15:00,2025.0,2.0,13.0,tarde,True,1,grave,BR-101
663765.0,2025-02-26,quarta,08:50,ES,101.0,335.0,GUARAPARI,Acumulo de óleo sobre o pavimento,Tombamento,Com Vítimas Feridas,Pleno dia,Decrescente,Sol,Simples,Aclive;Viaduto;Curva,Não,1.0,0.0,1.0,0.0,0.0,0.0,1.0,1.0,-20.52434115,-40.47863781,SPRF-ES,DEL03-ES,UOP01-DEL03-ES,2025-02-26 08:50:00,2025.0,2.0,8.0,manha,True,0,moderado,BR-101
663790.0,2025-02-26,quarta,09:30,ES,262.0,0.9,CARIACICA,Ausência de reação do condutor,Colisão com objeto,Com Vítimas Feridas,Pleno dia,Crescente,Céu Claro,Dupla,Reta,Não,1.0,0.0,0.0,1.0,0.0,0.0,1.0,1.0,-20.33023865,-40.35482168,SPRF-ES,DEL01-ES,UOP01-DEL01-ES,2025-02-26 09:30:00,2025.0,2.0,9.0,manha,True,1,grave,BR-262
663854.0,2025-02-26,quarta,16:20,ES,101.0,236.9,FUNDAO,Ultrapassagem Indevida,Colisão lateral sentido oposto,Com Vítimas Feridas,Pleno dia,Decrescente,Céu Claro,Simples,Reta,Não,3.0,0.0,1.0,0.0,2.0,0.0,1.0,2.0,-20.01252593,-40.40576443,SPRF-ES,DEL02-ES,UOP01-DEL02-ES,2025-02-26 16:20:00,2025.0,2.0,16.0,tarde,True,0,moderado,BR-101
663859.0,2025-02-26,quarta,17:30,ES,101.0,288.9,CARIACICA,Desrespeitar a preferência no cruzamento,Colisão transversal,Com Vítimas Feridas,Pleno dia,Decrescente,Céu Claro,Dupla,Reta;Retorno Regulamentado,Sim,2.0,0.0,0.0,1.0,1.0,0.0,1.0,2.0,-20.27905829,-40.39274454,SPRF-ES,DEL01-ES,UOP01-DEL01-ES,2025-02-26 17:30:00,2025.0,2.0,17.0,tarde,True,1,grave,BR-101
663948.0,2025-02-27,quinta,06:40,ES,101.0,290.7,CARIACICA,Trafegar com motocicleta (ou similar) entre as faixas,Tombamento,Com Vítimas Feridas,Pleno dia,Crescente,Céu Claro,Dupla,Retorno Regulamentado;Interseção de Vias;Reta,Sim,1.0,0.0,1.0,0.0,0.0,0.0,1.0,1.0,-20.29380473,-40.39307205,SPRF-ES,DEL01-ES,UOP01-DEL01-ES,2025-02-27 06:40:00,2025.0,2.0,6.0,manha,True,0,moderado,BR-101
663973.0,2025-02-27,quinta,09:00,ES,101.0,262.1,SERRA,Reação tardia ou ineficiente do condutor,Engavetamento,Com Vítimas Feridas,Pleno dia,Decrescente,Sol,Dupla,Retorno Regulamentado;Aclive;Reta,Sim,3.0,0.0,1.0,0.0,2.0,0.0,1.0,3.0,-20.1596343,-40.2759383,SPRF-ES,DEL02-ES,UOP01-DEL02-ES,2025-02-27 09:00:00,2025.0,2.0,9.0,manha,True,0,moderado,BR-101
664009.0,2025-02-27,quinta,12:50,ES,101.0,260.4,SERRA,Reação tardia ou ineficiente do condutor,Tombamento,Com Vítimas Feridas,Pleno dia,Decrescente,Céu Claro,Simples,Curva,Não,2.0,0.0,2.0,0.0,0.0,0.0,2.0,1.0,-20.1464183,-40.2823853,SPRF-ES,DEL02-ES,UOP01-DEL02-ES,2025-02-27 12:50:00,2025.0,2.0,12.0,tarde,True,0,moderado,BR-101
664010.0,2025-02-27,quinta,13:00,ES,101.0,266.0,SERRA,Ausência de reação do condutor,Colisão traseira,Com Vítimas Feridas,Pleno dia,Crescente,Céu Claro,Dupla,Reta,Sim,2.0,0.0,0.0,1.0,1.0,0.0,1.0,2.0,-20.195578,-40.268852,SPRF-ES,DEL02-ES,UOP01-DEL02-ES,2025-02-27 13:00:00,2025.0,2.0,13.0,tarde,True,1,grave,BR-101
664181.0,2025-02-28,sexta,09:30,ES,101.0,2.0,SERRA,Chuva,Saída de leito carroçável,Sem Vítimas,Pleno dia,Crescente,Garoa/Chuvisco,Dupla,Reta,Não,2.0,0.0,0.0,0.0,2.0,0.0,0.0,1.0,-20.0488573,-40.3866917,SPRF-ES,DEL04-ES,UOP02-DEL04-ES,2025-02-28 09:30:00,2025.0,2.0,9.0,manha,True,0,baixo,BR-101
664243.0,2025-02-28,sexta,14:50,ES,101.0,269.0,SERRA,Trafegar com motocicleta (ou similar) entre as faixas,Colisão lateral mesmo sentido,Com Vítimas Feridas,Pleno dia,Decrescente,Céu Claro,Dupla,Reta,Sim,2.0,0.0,1.0,0.0,1.0,0.0,1.0,2.0,-20.0488766,-40.3867382,SPRF-ES,DEL02-ES,UOP01-DEL02-ES,2025-02-28 14:50:00,2025.0,2.0,14.0,tarde,True,0,moderado,BR-101
664413.0,2025-03-01,sabado,06:00,ES,101.0,249.7,SERRA,Ausência de reação do condutor,Colisão frontal,Com Vítimas Feridas,Amanhecer,Crescente,Nublado,Simples,Reta,Sim,5.0,0.0,0.0,2.0,3.0,0.0,2.0,3.0,-20.0783513,-40.3514725,SPRF-ES,DEL02-ES,UOP01-DEL02-ES,2025-03-01 06:00:00,2025.0,3.0,6.0,manha,True,1,grave,BR-101
664525.0,2025-02-05,quarta,15:50,ES,101.0,263.0,SERRA,Manobra de mudança de faixa,Colisão lateral mesmo sentido,Com Vítimas Feridas,Pleno dia,Crescente,Céu Claro,Dupla,Reta,Sim,2.0,0.0,1.0,0.0,1.0,0.0,1.0,2.0,-20.16554736,-40.27301648,SPRF-ES,DEL02-ES,UOP01-DEL02-ES,2025-02-05 15:50:00,2025.0,2.0,15.0,tarde,True,0,moderado,BR-101
664828.0,2025-01-05,domingo,20:30,ES,101.0,258.8,SERRA,Pista Escorregadia,Capotamento,Com Vítimas Feridas,Pleno dia,Crescente,Chuva,Dupla,Reta,Sim,1.0,0.0,1.0,0.0,0.0,0.0,1.0,1.0,-20.13847031,-40.29231548,SPRF-ES,DEL02-ES,UOP01-DEL02-ES,2025-01-05 20:30:00,2025.0,1.0,20.0,noite,True,0,moderado,BR-101
664835.0,2025-01-06,segunda,05:50,ES,101.0,281.0,SERRA,Ausência de reação do condutor,Colisão lateral mesmo sentido,Com Vítimas Feridas,Amanhecer,Decrescente,Céu Claro,Dupla,Viaduto,Não,2.0,0.0,0.0,1.0,0.0,1.0,1.0,2.0,-20.22112792,-40.35720552,SPRF-ES,DEL02-ES,UOP01-DEL02-ES,2025-01-06 05:50:00,2025.0,1.0,5.0,madrugada,True,1,grave,BR-101
664952.0,2025-01-15,quarta,12:10,ES,101.0,259.0,SERRA,Ausência de reação do condutor,Colisão com objeto,Com Vítimas Fatais,Pleno dia,Crescente,Nublado,Simples,Declive;Reta,Não,1.0,1.0,0.0,0.0,0.0,0.0,0.0,1.0,-20.138397,-40.292213,SPRF-ES,DEL02-ES,UOP01-DEL02-ES,2025-01-15 12:10:00,2025.0,1.0,12.0,tarde,True,1,fatal,BR-101
665103.0,2025-03-04,terca,11:00,ES,101.0,278.9,SERRA,Ausência de reação do condutor,Saída de leito carroçável,Com Vítimas Feridas,Pleno dia,Crescente,Chuva,Simples,Curva;Aclive;Viaduto,Não,2.0,0.0,2.0,0.0,0.0,0.0,2.0,1.0,-20.21726296,-40.33709049,SPRF-ES,DEL02-ES,UOP01-DEL02-ES,2025-03-04 11:00:00,2025.0,3.0,11.0,manha,True,0,moderado,BR-101
665148.0,2025-03-04,terca,16:18,ES,101.0,269.0,FUNDAO,Condutor desrespeitou a iluminação vermelha do semáforo,Colisão transversal,Com Vítimas Feridas,Pleno dia,Decrescente,Garoa/Chuvisco,Dupla,Reta,Sim,3.0,0.0,0.0,1.0,2.0,0.0,1.0,2.0,-20.0245248,-40.1965056,SPRF-ES,DEL02-ES,UOP01-DEL02-ES,2025-03-04 16:18:00,2025.0,3.0,16.0,tarde,True,1,grave,BR-101
665264.0,2025-03-05,quarta,08:00,ES,101.0,293.0,CARIACICA,Frear bruscamente,Tombamento,Com Vítimas Feridas,Pleno dia,Decrescente,Céu Claro,Dupla,Aclive;Reta,Sim,1.0,0.0,1.0,0.0,0.0,0.0,1.0,1.0,-20.31608634,-40.39554259,SPRF-ES,DEL01-ES,UOP01-DEL01-ES,2025-03-05 08:00:00,2025.0,3.0,8.0,manha,True,0,moderado,BR-101
665442.0,2025-03-06,quinta,07:42,ES,101.0,276.0,SERRA,Animais na Pista,Colisão frontal,Com Vítimas Feridas,Pleno dia,Decrescente,Céu Claro,Dupla,Reta,Não,2.0,0.0,2.0,0.0,0.0,0.0,2.0,2.0,-20.2091426,-40.3077458,SPRF-ES,DEL02-ES,UOP01-DEL02-ES,2025-03-06 07:42:00,2025.0,3.0,7.0,manha,True,0,moderado,BR-101
665460.0,2025-03-06,quinta,08:59,ES,101.0,267.8,SERRA,Trafegar com motocicleta (ou similar) entre as faixas,Colisão lateral mesmo sentido,Com Vítimas Feridas,Pleno dia,Crescente,Céu Claro,Múltipla,Reta,Sim,2.0,0.0,0.0,1.0,1.0,0.0,1.0,2.0,-20.048846,-40.386408,SPRF-ES,DEL02-ES,UOP01-DEL02-ES,2025-03-06 08:59:00,2025.0,3.0,8.0,manha,True,1,grave,BR-101
665467.0,2025-03-06,quinta,08:00,ES,101.0,268.7,SERRA,Manobra de mudança de faixa,Colisão lateral mesmo sentido,Com Vítimas Feridas,Pleno dia,Crescente,Céu Claro,Múltipla,Reta,Não,2.0,0.0,1.0,0.0,1.0,0.0,1.0,2.0,-20.21026189,-40.26943177,SPRF-ES,DEL02-ES,UOP01-DEL02-ES,2025-03-06 08:00:00,2025.0,3.0,8.0,manha,True,0,moderado,BR-101
665503.0,2025-03-06,quinta,12:27,ES,262.0,19.0,VIANA,Acesso irregular,Colisão transversal,Com Vítimas Feridas,Pleno dia,Crescente,Céu Claro,Simples,Reta,Sim,2.0,0.0,0.0,1.0,1.0,0.0,1.0,2.0,-20.39245272,-40.48893213,SPRF-ES,DEL01-ES,UOP01-DEL01-ES,2025-03-06 12:27:00,2025.0,3.0,12.0,tarde,True,1,grave,BR-262
665545.0,2025-03-06,quinta,16:40,ES,101.0,260.0,SERRA,Manobra de mudança de faixa,Tombamento,Com Vítimas Feridas,Pleno dia,Decrescente,Céu Claro,Dupla,Aclive;Reta,Sim,1.0,0.0,1.0,0.0,0.0,0.0,1.0,1.0,-20.14643123,-40.28737982,SPRF-ES,DEL02-ES,UOP01-DEL02-ES,2025-03-06 16:40:00,2025.0,3.0,16.0,tarde,True,0,moderado,BR-101
665775.0,2025-03-07,sexta,17:20,ES,101.0,296.9,CARIACICA,Avarias e/ou desgaste excessivo no pneu,Tombamento,Com Vítimas Feridas,Pleno dia,Decrescente,Céu Claro,Dupla,Reta,Sim,2.0,0.0,2.0,0.0,0.0,0.0,2.0,1.0,-20.344795,-40.409725,SPRF-ES,DEL01-ES,UOP01-DEL01-ES,2025-03-07 17:20:00,2025.0,3.0,17.0,tarde,True,0,moderado,BR-101
665817.0,2025-03-07,sexta,20:41,ES,101.0,291.7,CARIACICA,Frear bruscamente,Colisão traseira,Com Vítimas Feridas,Plena Noite,Decrescente,Céu Claro,Dupla,Reta,Não,2.0,0.0,1.0,0.0,0.0,1.0,1.0,2.0,-20.3048807,-40.39483925,SPRF-ES,DEL01-ES,UOP01-DEL01-ES,2025-03-07 20:41:00,2025.0,3.0,20.0,noite,True,0,moderado,BR-101
665906.0,2025-03-08,sabado,09:04,ES,101.0,269.0,SERRA,Condutor desrespeitou a iluminação vermelha do semáforo,Colisão transversal,Com Vítimas Feridas,Pleno dia,Crescente,Nublado,Simples,Reta,Não,3.0,0.0,0.0,1.0,2.0,0.0,1.0,2.0,-20.054016,-40.3800064,SPRF-ES,DEL02-ES,UOP01-DEL02-ES,2025-03-08 09:04:00,2025.0,3.0,9.0,manha,True,1,grave,BR-101
665972.0,2025-03-08,sabado,16:15,ES,101.0,288.0,CARIACICA,Demais falhas mecânicas ou elétricas,Incêndio,Sem Vítimas,Pleno dia,Crescente,Céu Claro,Dupla,Reta,Sim,1.0,0.0,0.0,0.0,1.0,0.0,0.0,1.0,-20.27631767,-40.39238821,SPRF-ES,DEL01-ES,UOP01-DEL01-ES,2025-03-08 16:15:00,2025.0,3.0,16.0,tarde,True,0,baixo,BR-101
665982.0,2025-03-08,sabado,17:15,ES,101.0,314.0,VILA VELHA,Reação tardia ou ineficiente do condutor,Queda de ocupante de veículo,Com Vítimas Feridas,Pleno dia,Decrescente,Céu Claro,Dupla,Reta,Não,1.0,0.0,1.0,0.0,0.0,0.0,1.0,1.0,-20.4625531,-40.4651956,SPRF-ES,DEL01-ES,UOP01-DEL01-ES,2025-03-08 17:15:00,2025.0,3.0,17.0,tarde,True,0,moderado,BR-101
666128.0,2025-03-09,domingo,10:45,ES,101.0,288.2,CARIACICA,Reação tardia ou ineficiente do condutor,Tombamento,Com Vítimas Feridas,Pleno dia,Decrescente,Céu Claro,Dupla,Reta,Sim,2.0,0.0,2.0,0.0,0.0,0.0,2.0,1.0,-20.27436921,-40.39206851,SPRF-ES,DEL01-ES,UOP01-DEL01-ES,2025-03-09 10:45:00,2025.0,3.0,10.0,manha,True,0,moderado,BR-101
666165.0,2025-03-09,domingo,14:45,ES,101.0,270.0,SERRA,Desrespeitar a preferência no cruzamento,Colisão transversal,Com Vítimas Feridas,Pleno dia,Decrescente,Céu Claro,Dupla,Interseção de Vias,Sim,2.0,0.0,0.0,1.0,1.0,0.0,1.0,2.0,-20.22207531,-40.27021162,SPRF-ES,DEL02-ES,UOP01-DEL02-ES,2025-03-09 14:45:00,2025.0,3.0,14.0,tarde,True,1,grave,BR-101
666175.0,2025-03-09,domingo,17:15,ES,101.0,265.5,SERRA,Manobra de mudança de faixa,Colisão lateral mesmo sentido,Com Vítimas Feridas,Anoitecer,Decrescente,Céu Claro,Dupla,Reta,Sim,4.0,0.0,1.0,0.0,1.0,2.0,1.0,3.0,-20.188112,-40.268147,SPRF-ES,DEL02-ES,UOP01-DEL02-ES,2025-03-09 17:15:00,2025.0,3.0,17.0,tarde,True,0,moderado,BR-101
666257.0,2025-03-09,domingo,21:55,ES,101.0,308.2,VIANA,Acessar a via sem observar a presença dos outros veículos,Atropelamento de Pedestre,Com Vítimas Feridas,Plena Noite,Crescente,Céu Claro,Múltipla,Reta,Sim,3.0,0.0,0.0,1.0,0.0,2.0,1.0,2.0,-20.4194822,-40.4578394,SPRF-ES,DEL01-ES,UOP01-DEL01-ES,2025-03-09 21:55:00,2025.0,3.0,21.0,noite,True,1,grave,BR-101
666313.0,2025-03-10,segunda,07:30,ES,101.0,263.9,SERRA,Retorno proibido,Colisão traseira,Com Vítimas Feridas,Pleno dia,Crescente,Sol,Dupla,Aclive;Interseção de Vias;Reta,Sim,3.0,0.0,1.0,1.0,0.0,1.0,2.0,2.0,-20.17318412,-40.26727312,SPRF-ES,DEL02-ES,UOP01-DEL02-ES,2025-03-10 07:30:00,2025.0,3.0,7.0,manha,True,1,grave,BR-101
666639.0,2025-03-11,terca,18:57,ES,101.0,270.0,SERRA,Reação tardia ou ineficiente do condutor,Colisão lateral mesmo sentido,Com Vítimas Feridas,Plena Noite,Decrescente,Céu Claro,Múltipla,Reta,Sim,2.0,0.0,1.0,0.0,1.0,0.0,1.0,2.0,-20.230644,-40.273011,SPRF-ES,DEL02-ES,UOP01-DEL02-ES,2025-03-11 18:57:00,2025.0,3.0,18.0,noite,True,0,moderado,BR-101
666660.0,2025-03-11,terca,22:40,ES,101.0,273.4,SERRA,Transitar na contramão,Colisão frontal,Com Vítimas Feridas,Plena Noite,Decrescente,Céu Claro,Múltipla,Reta;Declive,Não,2.0,0.0,0.0,1.0,0.0,1.0,1.0,2.0,-20.21683,-40.29342,SPRF-ES,DEL02-ES,UOP01-DEL02-ES,2025-03-11 22:40:00,2025.0,3.0,22.0,noite,True,1,grave,BR-101
666687.0,2025-03-12,quarta,07:14,ES,447.0,14.0,VILA VELHA,Falta de acostamento,Colisão lateral mesmo sentido,Com Vítimas Fatais,Pleno dia,Decrescente,Céu Claro,Dupla,Reta,Sim,2.0,1.0,0.0,0.0,1.0,0.0,0.0,2.0,-20.3520306,-40.33355713,SPRF-ES,DEL01-ES,UOP01-DEL01-ES,2025-03-12 07:14:00,2025.0,3.0,7.0,manha,True,1,fatal,BR-447
666750.0,2025-03-12,quarta,12:41,ES,101.0,297.0,CARIACICA,Ausência de reação do condutor,Tombamento,Com Vítimas Feridas,Pleno dia,Crescente,Céu Claro,Dupla,Reta,Sim,1.0,0.0,1.0,0.0,0.0,0.0,1.0,1.0,-20.348363,-40.411917,SPRF-ES,DEL01-ES,UOP01-DEL01-ES,2025-03-12 12:41:00,2025.0,3.0,12.0,tarde,True,0,moderado,BR-101
666937.0,2025-03-13,quinta,11:35,ES,262.0,30.5,VIANA,Manobra de mudança de faixa,Colisão lateral mesmo sentido,Com Vítimas Feridas,Pleno dia,Crescente,Céu Claro,Dupla,Curva,Não,3.0,0.0,1.0,0.0,2.0,0.0,1.0,3.0,-20.37925261,-40.53523242,SPRF-ES,DEL01-ES,UOP01-DEL01-ES,2025-03-13 11:35:00,2025.0,3.0,11.0,manha,True,0,moderado,BR-262
666996.0,2025-03-13,quinta,17:40,ES,101.0,211.2,SERRA,Desrespeitar a preferência no cruzamento,Colisão frontal,Com Vítimas Feridas,Anoitecer,Crescente,Nublado,Simples,Reta,Sim,2.0,0.0,0.0,1.0,1.0,0.0,1.0,2.0,-20.0488509,-40.3866993,SPRF-ES,DEL02-ES,UOP01-DEL02-ES,2025-03-13 17:40:00,2025.0,3.0,17.0,tarde,True,1,grave,BR-101
667027.0,2025-03-13,quinta,19:41,ES,101.0,266.0,SERRA,Entrada inopinada do pedestre,Atropelamento de Pedestre,Com Vítimas Feridas,Plena Noite,Crescente,Céu Claro,Dupla,Reta,Sim,3.0,0.0,1.0,0.0,2.0,0.0,1.0,3.0,-20.1969,-40.2684,SPRF-ES,DEL02-ES,UOP01-DEL02-ES,2025-03-13 19:41:00,2025.0,3.0,19.0,noite,True,0,moderado,BR-101
667047.0,2025-03-13,quinta,19:15,ES,101.0,293.9,CARIACICA,Condutor deixou de manter distância do veículo da frente,Colisão lateral mesmo sentido,Com Vítimas Feridas,Pleno dia,Crescente,Céu Claro,Dupla,Reta;Viaduto,Sim,3.0,0.0,2.0,0.0,1.0,0.0,2.0,2.0,-20.322713,-40.39506245,SPRF-ES,DEL01-ES,UOP01-DEL01-ES,2025-03-13 19:15:00,2025.0,3.0,19.0,noite,True,0,moderado,BR-101
667107.0,2025-03-14,sexta,07:05,ES,101.0,233.0,FUNDAO,Manobra de mudança de faixa,Tombamento,Com Vítimas Feridas,Pleno dia,Decrescente,Céu Claro,Simples,Reta,Não,1.0,0.0,1.0,0.0,0.0,0.0,1.0,1.0,-19.95006878,-40.40934324,SPRF-ES,DEL02-ES,UOP01-DEL02-ES,2025-03-14 07:05:00,2025.0,3.0,7.0,manha,True,0,moderado,BR-101
667111.0,2025-03-14,sexta,07:20,ES,101.0,279.3,SERRA,Condutor deixou de manter distância do veículo da frente,Colisão traseira,Com Vítimas Feridas,Pleno dia,Decrescente,Céu Claro,Múltipla,Reta,Não,3.0,0.0,2.0,0.0,1.0,0.0,2.0,2.0,-20.21823157,-40.3393887,SPRF-ES,DEL02-ES,UOP01-DEL02-ES,2025-03-14 07:20:00,2025.0,3.0,7.0,manha,True,0,moderado,BR-101
667146.0,2025-03-14,sexta,09:56,ES,101.0,285.0,CARIACICA,Pedestre cruzava a pista fora da faixa,Atropelamento de Pedestre,Com Vítimas Feridas,Pleno dia,Decrescente,Céu Claro,Múltipla,Aclive;Reta,Sim,2.0,0.0,1.0,1.0,0.0,0.0,2.0,2.0,-20.31527463,-40.395509,SPRF-ES,DEL01-ES,UOP01-DEL01-ES,2025-03-14 09:56:00,2025.0,3.0,9.0,manha,True,1,grave,BR-101
667157.0,2025-03-14,sexta,10:40,ES,101.0,290.5,CARIACICA,Acessar a via sem observar a presença dos outros veículos,Colisão transversal,Com Vítimas Feridas,Pleno dia,Crescente,Céu Claro,Dupla,Reta,Sim,3.0,0.0,0.0,2.0,1.0,0.0,2.0,2.0,-20.29389209,-40.39285994,SPRF-ES,DEL01-ES,UOP01-DEL01-ES,2025-03-14 10:40:00,2025.0,3.0,10.0,manha,True,1,grave,BR-101
667205.0,2025-03-14,sexta,15:13,ES,101.0,278.2,SERRA,Manobra de mudança de faixa,Tombamento,Com Vítimas Feridas,Pleno dia,Crescente,Céu Claro,Simples,Interseção de Vias,Sim,1.0,0.0,0.0,1.0,0.0,0.0,1.0,1.0,-20.054016,-40.3800064,SPRF-ES,DEL02-ES,UOP01-DEL02-ES,2025-03-14 15:13:00,2025.0,3.0,15.0,tarde,True,1,grave,BR-101
667260.0,2025-03-14,sexta,19:34,ES,101.0,269.0,SERRA,Acessar a via sem observar a presença dos outros veículos,Colisão transversal,Com Vítimas Feridas,Plena Noite,Crescente,Nublado,Múltipla,Reta;Interseção de Vias,Sim,2.0,0.0,1.0,0.0,1.0,0.0,1.0,2.0,-20.20620719,-40.26934736,SPRF-ES,DEL02-ES,UOP01-DEL02-ES,2025-03-14 19:34:00,2025.0,3.0,19.0,noite,True,0,moderado,BR-101
667271.0,2025-03-14,sexta,20:57,ES,101.0,262.0,SERRA,Reação tardia ou ineficiente do condutor,Tombamento,Com Vítimas Feridas,Plena Noite,Crescente,Céu Claro,Simples,Reta,Não,1.0,0.0,1.0,0.0,0.0,0.0,1.0,1.0,-20.15744099,-40.27716398,SPRF-ES,DEL02-ES,UOP01-DEL02-ES,2025-03-14 20:57:00,2025.0,3.0,20.0,noite,True,0,moderado,BR-101
667515.0,2025-03-15,sabado,23:26,ES,101.0,300.2,VIANA,Condutor Dormindo,Capotamento,Com Vítimas Feridas,Plena Noite,Decrescente,Céu Claro,Dupla,Reta,Sim,1.0,0.0,1.0,0.0,0.0,0.0,1.0,1.0,-20.359502,-40.433562,SPRF-ES,DEL01-ES,UOP01-DEL01-ES,2025-03-15 23:26:00,2025.0,3.0,23.0,noite,True,0,moderado,BR-101
667552.0,2025-03-16,domingo,06:30,ES,101.0,243.0,SERRA,Ultrapassagem Indevida,Colisão lateral mesmo sentido,Com Vítimas Feridas,Pleno dia,Decrescente,Céu Claro,Simples,Reta,Não,2.0,0.0,1.0,0.0,0.0,1.0,1.0,2.0,-20.0488468,-40.3867006,SPRF-ES,DEL02-ES,UOP01-DEL02-ES,2025-03-16 06:30:00,2025.0,3.0,6.0,manha,True,0,moderado,BR-101
667578.0,2025-03-16,domingo,09:56,ES,101.0,308.0,VIANA,Avarias e/ou desgaste excessivo no pneu,Queda de ocupante de veículo,Com Vítimas Feridas,Pleno dia,Crescente,Céu Claro,Dupla,Reta,Não,2.0,0.0,1.0,1.0,0.0,0.0,2.0,1.0,-20.414173,-40.459802,SPRF-ES,DEL01-ES,UOP01-DEL01-ES,2025-03-16 09:56:00,2025.0,3.0,9.0,manha,True,1,grave,BR-101
667643.0,2025-03-16,domingo,15:54,ES,262.0,19.0,VIANA,Reação tardia ou ineficiente do condutor,Colisão lateral mesmo sentido,Com Vítimas Feridas,Pleno dia,Crescente,Céu Claro,Simples,Reta,Não,3.0,0.0,1.0,1.0,1.0,0.0,2.0,2.0,-20.387477,-40.494995,SPRF-ES,DEL01-ES,UOP01-DEL01-ES,2025-03-16 15:54:00,2025.0,3.0,15.0,tarde,True,1,grave,BR-262
667790.0,2025-03-17,segunda,07:40,ES,101.0,307.0,VIANA,Velocidade Incompatível,Colisão lateral mesmo sentido,Com Vítimas Feridas,Pleno dia,Decrescente,Chuva,Dupla,Reta,Não,2.0,0.0,0.0,1.0,1.0,0.0,1.0,2.0,-20.39960543,-40.4561125,SPRF-ES,DEL01-ES,UOP01-DEL01-ES,2025-03-17 07:40:00,2025.0,3.0,7.0,manha,True,1,grave,BR-101
667825.0,2025-03-17,segunda,10:30,ES,101.0,256.2,SERRA,Manobra de mudança de faixa,Colisão lateral mesmo sentido,Com Vítimas Feridas,Pleno dia,Decrescente,Nublado,Múltipla,Reta,Sim,2.0,0.0,1.0,0.0,0.0,1.0,1.0,2.0,-20.122913,-40.305058,SPRF-ES,DEL02-ES,UOP01-DEL02-ES,2025-03-17 10:30:00,2025.0,3.0,10.0,manha,True,0,moderado,BR-101
667987.0,2025-03-18,terca,08:15,ES,101.0,289.0,CARIACICA,Acessar a via sem observar a presença dos outros veículos,Colisão lateral mesmo sentido,Com Vítimas Feridas,Pleno dia,Decrescente,Céu Claro,Dupla,Reta;Declive,Sim,3.0,0.0,1.0,0.0,2.0,0.0,1.0,2.0,-20.28651204,-40.39260864,SPRF-ES,DEL01-ES,UOP01-DEL01-ES,2025-03-18 08:15:00,2025.0,3.0,8.0,manha,True,0,moderado,BR-101
668024.0,2025-03-18,terca,12:00,ES,101.0,268.0,SERRA,Acessar a via sem observar a presença dos outros veículos,Colisão transversal,Com Vítimas Feridas,Pleno dia,Decrescente,Céu Claro,Dupla,Curva,Sim,2.0,0.0,1.0,0.0,1.0,0.0,1.0,2.0,-20.21617179,-40.26969007,SPRF-ES,DEL02-ES,UOP01-DEL02-ES,2025-03-18 12:00:00,2025.0,3.0,12.0,tarde,True,0,moderado,BR-101
668244.0,2025-03-03,segunda,18:10,ES,262.0,34.0,VIANA,Pista Escorregadia,Saída de leito carroçável,Com Vítimas Feridas,Plena Noite,Crescente,Chuva,Simples,Curva,Não,3.0,0.0,1.0,0.0,2.0,0.0,1.0,3.0,-20.3827789,-40.4596498,SPRF-ES,DEL01-ES,UOP01-DEL01-ES,2025-03-03 18:10:00,2025.0,3.0,18.0,noite,True,0,moderado,BR-262
668354.0,2025-03-20,quinta,04:00,ES,447.0,14.0,CARIACICA,Velocidade Incompatível,Capotamento,Sem Vítimas,Plena Noite,Crescente,Garoa/Chuvisco,Simples,Reta,Sim,1.0,0.0,0.0,0.0,0.0,1.0,0.0,1.0,-20.34802,-40.331815,SPRF-ES,DEL01-ES,UOP01-DEL01-ES,2025-03-20 04:00:00,2025.0,3.0,4.0,madrugada,True,0,baixo,BR-447
668392.0,2025-03-20,quinta,08:00,ES,101.0,299.0,VIANA,Reação tardia ou ineficiente do condutor,Capotamento,Sem Vítimas,Pleno dia,Crescente,Nublado,Dupla,Reta,Sim,1.0,0.0,0.0,0.0,0.0,1.0,0.0,1.0,-20.35724567,-40.42843759,SPRF-ES,DEL01-ES,UOP01-DEL01-ES,2025-03-20 08:00:00,2025.0,3.0,8.0,manha,True,0,baixo,BR-101
668409.0,2025-01-08,quarta,15:35,ES,101.0,7.1,SERRA,Acumulo de água sobre o pavimento,Colisão com objeto,Com Vítimas Feridas,Pleno dia,Crescente,Chuva,Dupla,Reta,Não,2.0,0.0,1.0,1.0,0.0,0.0,2.0,1.0,-20.129093,-40.308125,SPRF-ES,DEL02-ES,UOP01-DEL02-ES,2025-01-08 15:35:00,2025.0,1.0,15.0,tarde,True,1,grave,BR-101
668622.0,2025-03-21,sexta,10:30,ES,101.0,347.6,GUARAPARI,Pedestre andava na pista,Atropelamento de Pedestre,Com Vítimas Feridas,Pleno dia,Crescente,Nublado,Dupla,Reta,Não,4.0,0.0,1.0,0.0,0.0,3.0,1.0,2.0,-20.65219,-40.62928,SPRF-ES,DEL03-ES,UOP01-DEL03-ES,2025-03-21 10:30:00,2025.0,3.0,10.0,manha,True,0,moderado,BR-101
668751.0,2025-03-22,sabado,01:10,ES,101.0,262.3,SERRA,Ausência de reação do condutor,Colisão com objeto,Com Vítimas Feridas,Plena Noite,Decrescente,Céu Claro,Dupla,Reta,Sim,1.0,0.0,1.0,0.0,0.0,0.0,1.0,1.0,-20.16097054,-40.27558647,SPRF-ES,DEL02-ES,UOP01-DEL02-ES,2025-03-22 01:10:00,2025.0,3.0,1.0,madrugada,True,0,moderado,BR-101
668774.0,2025-03-22,sabado,06:00,ES,101.0,245.6,SERRA,Manobra de mudança de faixa,Tombamento,Com Vítimas Feridas,Amanhecer,Crescente,Céu Claro,Simples,Reta,Sim,1.0,0.0,0.0,1.0,0.0,0.0,1.0,1.0,-20.0488473,-40.3867012,SPRF-ES,DEL02-ES,UOP01-DEL02-ES,2025-03-22 06:00:00,2025.0,3.0,6.0,manha,True,1,grave,BR-101
669124.0,2025-03-23,domingo,20:00,ES,101.0,257.6,SERRA,Reação tardia ou ineficiente do condutor,Colisão transversal,Com Vítimas Feridas,Plena Noite,Crescente,Céu Claro,Dupla,Curva;Interseção de Vias,Sim,3.0,0.0,1.0,2.0,0.0,0.0,3.0,2.0,-20.12843,-40.299102,SPRF-ES,DEL02-ES,UOP01-DEL02-ES,2025-03-23 20:00:00,2025.0,3.0,20.0,noite,True,1,grave,BR-101
669152.0,2025-03-23,domingo,21:30,ES,101.0,257.0,SERRA,Ingestão de álcool pelo condutor,Saída de leito carroçável,Sem Vítimas,Plena Noite,Decrescente,Céu Claro,Dupla,Reta;Aclive,Não,1.0,0.0,0.0,0.0,1.0,0.0,0.0,1.0,-20.129535,-40.297318,SPRF-ES,DEL02-ES,UOP01-DEL02-ES,2025-03-23 21:30:00,2025.0,3.0,21.0,noite,True,0,baixo,BR-101
669215.0,2025-03-24,segunda,08:00,ES,101.0,260.9,SERRA,Condutor deixou de manter distância do veículo da frente,Colisão traseira,Com Vítimas Feridas,Pleno dia,Crescente,Céu Claro,Dupla,Reta,Não,2.0,0.0,1.0,0.0,1.0,0.0,1.0,2.0,-20.048852,-40.3867003,SPRF-ES,DEL02-ES,UOP01-DEL02-ES,2025-03-24 08:00:00,2025.0,3.0,8.0,manha,True,0,moderado,BR-101
669292.0,2025-03-24,segunda,12:40,ES,101.0,281.0,CARIACICA,Acessar a via sem observar a presença dos outros veículos,Colisão frontal,Com Vítimas Feridas,Pleno dia,Crescente,Céu Claro,Simples,Reta;Interseção de Vias,Sim,2.0,0.0,1.0,0.0,1.0,0.0,1.0,2.0,-20.227768,-40.366113,SPRF-ES,DEL02-ES,UOP01-DEL02-ES,2025-03-24 12:40:00,2025.0,3.0,12.0,tarde,True,0,moderado,BR-101
669353.0,2025-03-24,segunda,18:20,ES,101.0,289.0,CARIACICA,Condutor deixou de manter distância do veículo da frente,Colisão lateral mesmo sentido,Com Vítimas Feridas,Plena Noite,Crescente,Céu Claro,Dupla,Reta,Não,2.0,0.0,0.0,1.0,1.0,0.0,1.0,2.0,-20.28570697,-40.39260864,SPRF-ES,DEL01-ES,UOP01-DEL01-ES,2025-03-24 18:20:00,2025.0,3.0,18.0,noite,True,1,grave,BR-101
669373.0,2025-03-24,segunda,20:38,ES,101.0,314.0,VILA VELHA,Reação tardia ou ineficiente do condutor,Queda de ocupante de veículo,Com Vítimas Feridas,Plena Noite,Decrescente,Ignorado,Dupla,Reta,Não,1.0,0.0,1.0,0.0,0.0,0.0,1.0,1.0,-20.46473,-40.46539,SPRF-ES,DEL01-ES,UOP01-DEL01-ES,2025-03-24 20:38:00,2025.0,3.0,20.0,noite,True,0,moderado,BR-101
669431.0,2025-03-25,terca,08:00,ES,101.0,269.6,SERRA,Acessar a via sem observar a presença dos outros veículos,Atropelamento de Pedestre,Com Vítimas Feridas,Pleno dia,Decrescente,Sol,Múltipla,Reta,Sim,2.0,0.0,1.0,0.0,1.0,0.0,1.0,2.0,-20.223273,-40.270356,SPRF-ES,DEL02-ES,UOP01-DEL02-ES,2025-03-25 08:00:00,2025.0,3.0,8.0,manha,True,0,moderado,BR-101
669522.0,2025-03-25,terca,18:00,ES,101.0,286.5,CARIACICA,Reação tardia ou ineficiente do condutor,Tombamento,Com Vítimas Feridas,Anoitecer,Crescente,Céu Claro,Dupla,Reta,Sim,2.0,0.0,2.0,0.0,0.0,0.0,2.0,1.0,-20.25546261,-40.37550319,SPRF-ES,DEL01-ES,UOP01-DEL01-ES,2025-03-25 18:00:00,2025.0,3.0,18.0,noite,True,0,moderado,BR-101
669539.0,2025-03-25,terca,17:00,ES,101.0,264.0,SERRA,Reação tardia ou ineficiente do condutor,Colisão traseira,Com Vítimas Feridas,Anoitecer,Decrescente,Céu Claro,Dupla,Reta,Não,3.0,0.0,1.0,0.0,2.0,0.0,1.0,2.0,-20.176899,-40.265692,SPRF-ES,DEL02-ES,UOP01-DEL02-ES,2025-03-25 17:00:00,2025.0,3.0,17.0,tarde,True,0,moderado,BR-101
669581.0,2025-03-25,terca,22:00,ES,101.0,306.5,VIANA,Demais falhas mecânicas ou elétricas,Incêndio,Sem Vítimas,Plena Noite,Decrescente,Nublado,Dupla,Reta,Não,1.0,0.0,0.0,0.0,1.0,0.0,0.0,1.0,-20.39658675,-40.45781541,SPRF-ES,DEL01-ES,UOP01-DEL01-ES,2025-03-25 22:00:00,2025.0,3.0,22.0,noite,True,0,baixo,BR-101
669590.0,2025-03-26,quarta,00:30,ES,101.0,270.4,SERRA,Acesso irregular,Colisão frontal,Sem Vítimas,Plena Noite,Crescente,Céu Claro,Múltipla,Interseção de Vias,Sim,2.0,0.0,0.0,0.0,2.0,0.0,0.0,2.0,-20.04885,-40.3866983,SPRF-ES,DEL02-ES,UOP01-DEL02-ES,2025-03-26 00:30:00,2025.0,3.0,0.0,madrugada,True,0,baixo,BR-101
670039.0,2025-03-28,sexta,06:40,ES,262.0,0.8,CARIACICA,Condutor deixou de manter distância do veículo da frente,Colisão traseira,Com Vítimas Feridas,Pleno dia,Decrescente,Sol,Dupla,Reta;Ponte;Interseção de Vias,Sim,2.0,0.0,1.0,0.0,1.0,0.0,1.0,2.0,-20.3300629,-40.354654,SPRF-ES,DEL01-ES,UOP01-DEL01-ES,2025-03-28 06:40:00,2025.0,3.0,6.0,manha,True,0,moderado,BR-262
670051.0,2025-03-28,sexta,08:40,ES,101.0,300.0,VIANA,Acumulo de areia ou detritos sobre o pavimento,Tombamento,Com Vítimas Feridas,Pleno dia,Decrescente,Céu Claro,Múltipla,Viaduto,Sim,2.0,0.0,1.0,0.0,1.0,0.0,1.0,1.0,-20.36888318,-40.44385845,SPRF-ES,DEL01-ES,UOP01-DEL01-ES,2025-03-28 08:40:00,2025.0,3.0,8.0,manha,True,0,moderado,BR-101
670095.0,2025-03-28,sexta,11:40,ES,101.0,295.6,CARIACICA,Reação tardia ou ineficiente do condutor,Queda de ocupante de veículo,Com Vítimas Feridas,Pleno dia,Crescente,Céu Claro,Múltipla,Reta,Sim,1.0,0.0,1.0,0.0,0.0,0.0,1.0,1.0,-20.33628185,-40.40247029,SPRF-ES,DEL01-ES,UOP01-DEL01-ES,2025-03-28 11:40:00,2025.0,3.0,11.0,manha,True,0,moderado,BR-101
670106.0,2025-03-28,sexta,13:30,ES,101.0,292.8,CARIACICA,Acesso irregular,Colisão lateral mesmo sentido,Com Vítimas Feridas,Pleno dia,Crescente,Sol,Múltipla,Reta,Sim,3.0,0.0,2.0,0.0,1.0,0.0,2.0,2.0,-20.311744,-40.395167,SPRF-ES,DEL01-ES,UOP01-DEL01-ES,2025-03-28 13:30:00,2025.0,3.0,13.0,tarde,True,0,moderado,BR-101
670127.0,2025-03-28,sexta,17:40,ES,101.0,283.0,CARIACICA,Reação tardia ou ineficiente do condutor,Tombamento,Com Vítimas Feridas,Anoitecer,Crescente,Céu Claro,Múltipla,Reta,Sim,2.0,0.0,1.0,1.0,0.0,0.0,2.0,1.0,-20.242584,-40.369826,SPRF-ES,DEL01-ES,UOP01-DEL01-ES,2025-03-28 17:40:00,2025.0,3.0,17.0,tarde,True,1,grave,BR-101
670179.0,2025-03-28,sexta,21:20,ES,101.0,241.0,SERRA,Transitar na contramão,Colisão frontal,Com Vítimas Feridas,Plena Noite,Crescente,Céu Claro,Simples,Reta,Não,2.0,0.0,0.0,1.0,1.0,0.0,1.0,2.0,-20.02616333,-40.39835,SPRF-ES,DEL02-ES,UOP01-DEL02-ES,2025-03-28 21:20:00,2025.0,3.0,21.0,noite,True,1,grave,BR-101
670332.0,2025-03-29,sabado,15:43,ES,101.0,281.9,SERRA,Demais falhas mecânicas ou elétricas,Tombamento,Com Vítimas Feridas,Pleno dia,Crescente,Sol,Dupla,Reta,Não,2.0,0.0,2.0,0.0,0.0,0.0,2.0,1.0,-20.226233,-40.363418,SPRF-ES,DEL02-ES,UOP01-DEL02-ES,2025-03-29 15:43:00,2025.0,3.0,15.0,tarde,True,0,moderado,BR-101
670380.0,2025-03-29,sabado,19:35,ES,101.0,288.9,CARIACICA,Reação tardia ou ineficiente do condutor,Colisão traseira,Com Vítimas Feridas,Plena Noite,Decrescente,Céu Claro,Dupla,Reta,Sim,3.0,0.0,0.0,2.0,1.0,0.0,2.0,2.0,-20.278582,-40.392597,SPRF-ES,DEL01-ES,UOP01-DEL01-ES,2025-03-29 19:35:00,2025.0,3.0,19.0,noite,True,1,grave,BR-101
670601.0,2025-03-30,domingo,21:00,ES,101.0,280.6,SERRA,Condutor Dormindo,Capotamento,Com Vítimas Feridas,Plena Noite,Crescente,Céu Claro,Dupla,Reta,Não,3.0,0.0,3.0,0.0,0.0,0.0,3.0,1.0,-20.21838846,-40.34145355,SPRF-ES,DEL02-ES,UOP01-DEL02-ES,2025-03-30 21:00:00,2025.0,3.0,21.0,noite,True,0,moderado,BR-101
670694.0,2025-03-31,segunda,08:55,ES,101.0,260.7,SERRA,Condutor deixou de manter distância do veículo da frente,Colisão traseira,Com Vítimas Feridas,Pleno dia,Crescente,Céu Claro,Dupla,Curva,Sim,2.0,0.0,1.0,0.0,1.0,0.0,1.0,2.0,-20.1465779,-40.2821566,SPRF-ES,DEL02-ES,UOP01-DEL02-ES,2025-03-31 08:55:00,2025.0,3.0,8.0,manha,True,0,moderado,BR-101
670729.0,2025-03-31,segunda,11:30,ES,101.0,260.7,SERRA,Reação tardia ou ineficiente do condutor,Tombamento,Com Vítimas Feridas,Pleno dia,Crescente,Céu Claro,Simples,Curva,Não,1.0,0.0,1.0,0.0,0.0,0.0,1.0,1.0,-20.148073,-40.280028,SPRF-ES,DEL02-ES,UOP01-DEL02-ES,2025-03-31 11:30:00,2025.0,3.0,11.0,manha,True,0,moderado,BR-101
670926.0,2025-04-01,terca,14:44,ES,101.0,288.4,CARIACICA,Ausência de reação do condutor,Saída de leito carroçável,Com Vítimas Feridas,Pleno dia,Crescente,Sol,Dupla,Reta,Sim,2.0,0.0,2.0,0.0,0.0,0.0,2.0,1.0,-20.274991,-40.392349,SPRF-ES,DEL01-ES,UOP01-DEL01-ES,2025-04-01 14:44:00,2025.0,4.0,14.0,tarde,True,0,moderado,BR-101
670970.0,2025-04-01,terca,18:36,ES,101.0,292.5,CARIACICA,Desrespeitar a preferência no cruzamento,Colisão transversal,Com Vítimas Feridas,Plena Noite,Crescente,Nublado,Dupla,Reta;Retorno Regulamentado,Sim,2.0,0.0,1.0,0.0,1.0,0.0,1.0,2.0,-20.30610061,-40.39505151,SPRF-ES,DEL01-ES,UOP01-DEL01-ES,2025-04-01 18:36:00,2025.0,4.0,18.0,noite,True,0,moderado,BR-101
671070.0,2025-04-02,quarta,10:50,ES,101.0,270.0,SERRA,Acumulo de areia ou detritos sobre o pavimento,Queda de ocupante de veículo,Com Vítimas Feridas,Pleno dia,Crescente,Céu Claro,Dupla,Curva,Sim,1.0,0.0,1.0,0.0,0.0,0.0,1.0,1.0,-20.0488586,-40.386697,SPRF-ES,DEL02-ES,UOP01-DEL02-ES,2025-04-02 10:50:00,2025.0,4.0,10.0,manha,True,0,moderado,BR-101
671083.0,2025-04-02,quarta,12:50,ES,101.0,254.0,SERRA,Ausência de reação do condutor,Colisão com objeto,Com Vítimas Feridas,Pleno dia,Decrescente,Céu Claro,Simples,Reta,Sim,1.0,0.0,1.0,0.0,0.0,0.0,1.0,1.0,-20.112009,-40.325225,SPRF-ES,DEL02-ES,UOP01-DEL02-ES,2025-04-02 12:50:00,2025.0,4.0,12.0,tarde,True,0,moderado,BR-101
671103.0,2025-04-02,quarta,15:20,ES,101.0,266.5,SERRA,Ausência de reação do condutor,Colisão lateral sentido oposto,Com Vítimas Feridas,Pleno dia,Decrescente,Sol,Múltipla,Reta,Sim,2.0,0.0,0.0,1.0,1.0,0.0,1.0,2.0,-20.195745,-40.268515,SPRF-ES,DEL02-ES,UOP01-DEL02-ES,2025-04-02 15:20:00,2025.0,4.0,15.0,tarde,True,1,grave,BR-101
671149.0,2025-04-02,quarta,18:25,ES,101.0,295.1,CARIACICA,Entrada inopinada do pedestre,Atropelamento de Pedestre,Com Vítimas Feridas,Plena Noite,Decrescente,Céu Claro,Dupla,Reta,Sim,2.0,0.0,0.0,1.0,1.0,0.0,1.0,2.0,-20.3334435,-40.4010046,SPRF-ES,DEL01-ES,UOP01-DEL01-ES,2025-04-02 18:25:00,2025.0,4.0,18.0,noite,True,1,grave,BR-101
671154.0,2025-04-02,quarta,19:20,ES,101.0,266.6,SERRA,Pedestre andava na pista,Queda de ocupante de veículo,Com Vítimas Feridas,Plena Noite,Crescente,Céu Claro,Múltipla,Reta,Sim,1.0,0.0,1.0,0.0,0.0,0.0,1.0,1.0,-20.048857,-40.3867007,SPRF-ES,DEL02-ES,UOP01-DEL02-ES,2025-04-02 19:20:00,2025.0,4.0,19.0,noite,True,0,moderado,BR-101
671187.0,2025-04-02,quarta,22:10,ES,101.0,267.9,SERRA,Acessar a via sem observar a presença dos outros veículos,Colisão lateral mesmo sentido,Com Vítimas Feridas,Plena Noite,Crescente,Céu Claro,Múltipla,Reta,Sim,3.0,0.0,2.0,0.0,1.0,0.0,2.0,2.0,-20.20706,-40.269677,SPRF-ES,DEL02-ES,UOP01-DEL02-ES,2025-04-02 22:10:00,2025.0,4.0,22.0,noite,True,0,moderado,BR-101
671306.0,2025-04-03,quinta,15:00,ES,101.0,267.9,SERRA,Ausência de reação do condutor,Colisão traseira,Com Vítimas Feridas,Pleno dia,Decrescente,Céu Claro,Dupla,Reta,Sim,2.0,0.0,1.0,0.0,1.0,0.0,1.0,2.0,-20.2063692,-40.26911728,SPRF-ES,DEL02-ES,UOP01-DEL02-ES,2025-04-03 15:00:00,2025.0,4.0,15.0,tarde,True,0,moderado,BR-101
671342.0,2025-04-03,quinta,18:35,ES,101.0,259.5,SERRA,Velocidade Incompatível,Colisão traseira,Com Vítimas Feridas,Anoitecer,Decrescente,Ignorado,Dupla,Curva,Não,2.0,0.0,1.0,0.0,1.0,0.0,1.0,2.0,-20.14636266,-40.28823607,SPRF-ES,DEL02-ES,UOP01-DEL02-ES,2025-04-03 18:35:00,2025.0,4.0,18.0,noite,True,0,moderado,BR-101
671507.0,2025-04-04,sexta,13:45,ES,101.0,267.1,SERRA,Ausência de reação do condutor,Colisão traseira,Com Vítimas Feridas,Pleno dia,Crescente,Céu Claro,Múltipla,Reta,Sim,2.0,0.0,1.0,0.0,0.0,1.0,1.0,2.0,-20.20097028,-40.26926994,SPRF-ES,DEL02-ES,UOP01-DEL02-ES,2025-04-04 13:45:00,2025.0,4.0,13.0,tarde,True,0,moderado,BR-101
671527.0,2025-04-04,sexta,16:00,ES,101.0,268.5,SERRA,Pedestre cruzava a pista fora da faixa,Atropelamento de Pedestre,Com Vítimas Feridas,Pleno dia,Crescente,Sol,Múltipla,Reta,Sim,2.0,0.0,2.0,0.0,0.0,0.0,2.0,2.0,-20.21476333,-40.26998833,SPRF-ES,DEL02-ES,UOP01-DEL02-ES,2025-04-04 16:00:00,2025.0,4.0,16.0,tarde,True,0,moderado,BR-101
671694.0,2025-04-05,sabado,07:35,ES,101.0,270.7,SERRA,Condutor deixou de manter distância do veículo da frente,Colisão traseira,Com Vítimas Feridas,Pleno dia,Crescente,Nublado,Dupla,Curva,Sim,2.0,0.0,0.0,1.0,1.0,0.0,1.0,2.0,-20.23250385,-40.2762961,SPRF-ES,DEL02-ES,UOP01-DEL02-ES,2025-04-05 07:35:00,2025.0,4.0,7.0,manha,True,1,grave,BR-101
671715.0,2025-04-05,sabado,10:13,ES,101.0,297.0,CARIACICA,Acesso irregular,Colisão lateral mesmo sentido,Com Vítimas Feridas,Pleno dia,Decrescente,Céu Claro,Dupla,Curva;Aclive;Interseção de Vias,Sim,3.0,0.0,1.0,1.0,1.0,0.0,2.0,2.0,-20.345774,-40.410576,SPRF-ES,DEL01-ES,UOP01-DEL01-ES,2025-04-05 10:13:00,2025.0,4.0,10.0,manha,True,1,grave,BR-101
671914.0,2025-04-06,domingo,07:00,ES,101.0,267.0,SERRA,Ausência de reação do condutor,Colisão traseira,Com Vítimas Feridas,Pleno dia,Crescente,Garoa/Chuvisco,Múltipla,Reta,Sim,3.0,0.0,0.0,2.0,1.0,0.0,2.0,2.0,-20.205417,-40.269545,SPRF-ES,DEL02-ES,UOP01-DEL02-ES,2025-04-06 07:00:00,2025.0,4.0,7.0,manha,True,1,grave,BR-101
671955.0,2025-04-06,domingo,13:30,ES,101.0,268.2,SERRA,Condutor deixou de manter distância do veículo da frente,Colisão traseira,Com Vítimas Feridas,Pleno dia,Crescente,Céu Claro,Múltipla,Reta,Sim,3.0,0.0,1.0,0.0,2.0,0.0,1.0,2.0,-20.0488865,-40.3867121,SPRF-ES,DEL02-ES,UOP01-DEL02-ES,2025-04-06 13:30:00,2025.0,4.0,13.0,tarde,True,0,moderado,BR-101
672104.0,2025-04-07,segunda,06:45,ES,101.0,336.0,GUARAPARI,Chuva,Saída de leito carroçável,Com Vítimas Feridas,Amanhecer,Decrescente,Chuva,Dupla,Aclive;Reta,Não,2.0,0.0,1.0,0.0,1.0,0.0,1.0,1.0,-20.6635008,-40.6061056,SPRF-ES,DEL03-ES,UOP01-DEL03-ES,2025-04-07 06:45:00,2025.0,4.0,6.0,manha,True,0,moderado,BR-101
672142.0,2025-04-07,segunda,08:20,ES,101.0,267.6,SERRA,Manobra de mudança de faixa,Colisão lateral mesmo sentido,Com Vítimas Feridas,Pleno dia,Crescente,Chuva,Dupla,Reta,Sim,3.0,0.0,1.0,0.0,2.0,0.0,1.0,2.0,-20.20282998,-40.26916589,SPRF-ES,DEL02-ES,UOP01-DEL02-ES,2025-04-07 08:20:00,2025.0,4.0,8.0,manha,True,0,moderado,BR-101
672146.0,2025-04-07,segunda,08:50,ES,101.0,335.4,GUARAPARI,Chuva,Saída de leito carroçável,Com Vítimas Feridas,Pleno dia,Decrescente,Chuva,Dupla,Aclive;Curva,Não,2.0,0.0,1.0,0.0,1.0,0.0,1.0,1.0,-20.62941055,-40.53711534,SPRF-ES,DEL03-ES,UOP01-DEL03-ES,2025-04-07 08:50:00,2025.0,4.0,8.0,manha,True,0,moderado,BR-101
672325.0,2025-04-08,terca,08:55,ES,101.0,269.2,SERRA,Manobra de mudança de faixa,Colisão lateral mesmo sentido,Com Vítimas Feridas,Pleno dia,Crescente,Sol,Múltipla,Reta,Sim,2.0,0.0,2.0,0.0,0.0,0.0,2.0,2.0,-20.22002047,-40.2702665,SPRF-ES,DEL02-ES,UOP01-DEL02-ES,2025-04-08 08:55:00,2025.0,4.0,8.0,manha,True,0,moderado,BR-101
672402.0,2025-04-08,terca,17:10,ES,101.0,287.0,CARIACICA,Acessar a via sem observar a presença dos outros veículos,Colisão transversal,Com Vítimas Feridas,Anoitecer,Crescente,Céu Claro,Dupla,Reta,Sim,2.0,0.0,1.0,0.0,1.0,0.0,1.0,2.0,-20.25231936,-40.37333965,SPRF-ES,DEL01-ES,UOP01-DEL01-ES,2025-04-08 17:10:00,2025.0,4.0,17.0,tarde,True,0,moderado,BR-101
672526.0,2025-04-09,quarta,09:20,ES,0.0,0.0,VITORIA,Condutor deixou de manter distância do veículo da frente,Colisão traseira,Sem Vítimas,Pleno dia,Não Informado,Céu Claro,Dupla,Reta,Sim,2.0,0.0,0.0,0.0,2.0,0.0,0.0,2.0,-20.28727685,-40.30412793,SPRF-ES,DEL02-ES,UOP01-DEL02-ES,2025-04-09 09:20:00,2025.0,4.0,9.0,manha,True,0,baixo,BR-0
672693.0,2025-04-10,quinta,08:00,ES,101.0,288.5,CARIACICA,Trafegar com motocicleta (ou similar) entre as faixas,Colisão traseira,Com Vítimas Feridas,Pleno dia,Decrescente,Céu Claro,Dupla,Reta,Sim,2.0,0.0,0.0,1.0,1.0,0.0,1.0,2.0,-20.2667107,-40.38679177,SPRF-ES,DEL01-ES,UOP01-DEL01-ES,2025-04-10 08:00:00,2025.0,4.0,8.0,manha,True,1,grave,BR-101
672701.0,2025-04-10,quinta,08:30,ES,101.0,268.0,SERRA,Pedestre cruzava a pista fora da faixa,Atropelamento de Pedestre,Com Vítimas Feridas,Pleno dia,Crescente,Céu Claro,Dupla,Reta,Sim,2.0,0.0,1.0,0.0,1.0,0.0,1.0,2.0,-20.21641,-40.27012,SPRF-ES,DEL02-ES,UOP01-DEL02-ES,2025-04-10 08:30:00,2025.0,4.0,8.0,manha,True,0,moderado,BR-101
672858.0,2025-04-11,sexta,04:20,ES,262.0,20.0,VIANA,Reação tardia ou ineficiente do condutor,Colisão com objeto,Sem Vítimas,Plena Noite,Crescente,Nublado,Simples,Reta;Ponte,Não,2.0,0.0,0.0,0.0,2.0,0.0,0.0,1.0,-20.381129,-40.504147,SPRF-ES,DEL01-ES,UOP01-DEL01-ES,2025-04-11 04:20:00,2025.0,4.0,4.0,madrugada,True,0,baixo,BR-262
672906.0,2025-04-11,sexta,09:30,ES,101.0,271.0,SERRA,Ausência de reação do condutor,Queda de ocupante de veículo,Com Vítimas Feridas,Pleno dia,Crescente,Céu Claro,Dupla,Reta,Não,1.0,0.0,1.0,0.0,0.0,0.0,1.0,1.0,-20.23030821,-40.28102875,SPRF-ES,DEL02-ES,UOP01-DEL02-ES,2025-04-11 09:30:00,2025.0,4.0,9.0,manha,True,0,moderado,BR-101
672927.0,2025-04-11,sexta,11:20,ES,101.0,298.0,VIANA,Reação tardia ou ineficiente do condutor,Colisão lateral mesmo sentido,Com Vítimas Feridas,Pleno dia,Crescente,Céu Claro,Dupla,Reta,Não,2.0,0.0,1.0,0.0,0.0,1.0,1.0,2.0,-20.357507,-40.426507,SPRF-ES,DEL01-ES,UOP01-DEL01-ES,2025-04-11 11:20:00,2025.0,4.0,11.0,manha,True,0,moderado,BR-101
672976.0,2025-04-11,sexta,17:05,ES,101.0,267.7,SERRA,Manobra de mudança de faixa,Colisão lateral mesmo sentido,Com Vítimas Feridas,Pleno dia,Decrescente,Céu Claro,Dupla,Reta,Sim,2.0,0.0,1.0,0.0,1.0,0.0,1.0,2.0,-20.19848,-40.26808,SPRF-ES,DEL02-ES,UOP01-DEL02-ES,2025-04-11 17:05:00,2025.0,4.0,17.0,tarde,True,0,moderado,BR-101
673676.0,2025-04-14,segunda,14:40,ES,101.0,300.8,VIANA,Acumulo de areia ou detritos sobre o pavimento,Tombamento,Com Vítimas Feridas,Pleno dia,Decrescente,Nublado,Dupla,Curva,Sim,1.0,0.0,1.0,0.0,0.0,0.0,1.0,1.0,-20.36291413,-40.4376483,SPRF-ES,DEL01-ES,UOP01-DEL01-ES,2025-04-14 14:40:00,2025.0,4.0,14.0,tarde,True,0,moderado,BR-101
673697.0,2025-04-14,segunda,16:15,ES,101.0,254.0,SERRA,Ausência de reação do condutor,Colisão traseira,Com Vítimas Feridas,Pleno dia,Decrescente,Céu Claro,Simples,Em Obras;Reta,Sim,2.0,0.0,1.0,0.0,1.0,0.0,1.0,2.0,-20.11139198,-40.327034,SPRF-ES,DEL02-ES,UOP01-DEL02-ES,2025-04-14 16:15:00,2025.0,4.0,16.0,tarde,True,0,moderado,BR-101
673797.0,2025-04-15,terca,08:50,ES,101.0,296.0,CARIACICA,Conversão proibida,Colisão lateral mesmo sentido,Com Vítimas Feridas,Pleno dia,Crescente,Céu Claro,Dupla,Curva,Não,3.0,0.0,2.0,0.0,1.0,0.0,2.0,2.0,-20.34352039,-40.40486097,SPRF-ES,DEL01-ES,UOP01-DEL01-ES,2025-04-15 08:50:00,2025.0,4.0,8.0,manha,True,0,moderado,BR-101
685511.0,2025-04-17,quinta,18:47,ES,101.0,233.0,SERRA,Velocidade Incompatível,Colisão traseira,Com Vítimas Feridas,Plena Noite,Decrescente,Garoa/Chuvisco,Dupla,Reta,Não,4.0,0.0,1.0,0.0,3.0,0.0,1.0,2.0,-20.0409088,-40.38656,SPRF-ES,DEL02-ES,UOP01-DEL02-ES,2025-04-17 18:47:00,2025.0,4.0,18.0,noite,True,0,moderado,BR-101
685576.0,2025-04-17,quinta,23:00,ES,101.0,269.7,SERRA,Reação tardia ou ineficiente do condutor,Engavetamento,Com Vítimas Feridas,Plena Noite,Decrescente,Nublado,Dupla,Reta,Sim,5.0,0.0,1.0,0.0,4.0,0.0,1.0,3.0,-20.224463,-40.270198,SPRF-ES,DEL02-ES,UOP01-DEL02-ES,2025-04-17 23:00:00,2025.0,4.0,23.0,noite,True,0,moderado,BR-101
685622.0,2025-04-18,sexta,03:30,ES,101.0,283.0,CARIACICA,Condutor Dormindo,Saída de leito carroçável,Com Vítimas Feridas,Plena Noite,Decrescente,Céu Claro,Múltipla,Reta,Sim,4.0,0.0,3.0,0.0,1.0,0.0,3.0,1.0,-20.2334214,-40.36909103,SPRF-ES,DEL01-ES,UOP01-DEL01-ES,2025-04-18 03:30:00,2025.0,4.0,3.0,madrugada,True,0,moderado,BR-101
686028.0,2025-04-17,quinta,04:45,ES,101.0,283.0,CARIACICA,Acumulo de água sobre o pavimento,Saída de leito carroçável,Com Vítimas Feridas,Plena Noite,Decrescente,Chuva,Dupla,Reta,Não,1.0,0.0,1.0,0.0,0.0,0.0,1.0,1.0,-20.25235585,-40.37246794,SPRF-ES,DEL01-ES,UOP01-DEL01-ES,2025-04-17 04:45:00,2025.0,4.0,4.0,madrugada,True,0,moderado,BR-101
686200.0,2025-04-20,domingo,13:00,ES,101.0,266.1,SERRA,Reação tardia ou ineficiente do condutor,Queda de ocupante de veículo,Com Vítimas Feridas,Pleno dia,Crescente,Céu Claro,Múltipla,Reta,Sim,1.0,0.0,1.0,0.0,0.0,0.0,1.0,1.0,-20.19214333,-40.26803,SPRF-ES,DEL02-ES,UOP01-DEL02-ES,2025-04-20 13:00:00,2025.0,4.0,13.0,tarde,True,0,moderado,BR-101
686203.0,2025-04-16,quarta,22:40,ES,101.0,266.0,SERRA,Trafegar com motocicleta (ou similar) entre as faixas,Colisão lateral mesmo sentido,Sem Vítimas,Plena Noite,Crescente,Garoa/Chuvisco,Dupla,Interseção de Vias;Curva,Sim,2.0,0.0,0.0,0.0,2.0,0.0,0.0,2.0,-20.18744168,-40.26826713,SPRF-ES,DEL02-ES,UOP01-DEL02-ES,2025-04-16 22:40:00,2025.0,4.0,22.0,noite,True,0,baixo,BR-101
686208.0,2025-04-20,domingo,14:00,ES,101.0,270.0,SERRA,Ausência de reação do condutor,Colisão traseira,Com Vítimas Feridas,Pleno dia,Crescente,Céu Claro,Dupla,Reta,Sim,2.0,0.0,0.0,1.0,1.0,0.0,1.0,2.0,-20.227855,-40.271222,SPRF-ES,DEL02-ES,UOP01-DEL02-ES,2025-04-20 14:00:00,2025.0,4.0,14.0,tarde,True,1,grave,BR-101
686724.0,2025-04-22,terca,15:40,ES,101.0,296.1,CARIACICA,Ausência de reação do condutor,Queda de ocupante de veículo,Com Vítimas Feridas,Pleno dia,Decrescente,Céu Claro,Dupla,Curva,Sim,1.0,0.0,1.0,0.0,0.0,0.0,1.0,1.0,-20.34254661,-40.40159321,SPRF-ES,DEL01-ES,UOP01-DEL01-ES,2025-04-22 15:40:00,2025.0,4.0,15.0,tarde,True,0,moderado,BR-101
686747.0,2025-04-22,terca,17:09,ES,101.0,265.0,SERRA,Acumulo de areia ou detritos sobre o pavimento,Queda de ocupante de veículo,Sem Vítimas,Anoitecer,Crescente,Céu Claro,Dupla,Curva,Sim,1.0,0.0,0.0,0.0,0.0,1.0,0.0,1.0,-20.1824,-40.2655,SPRF-ES,DEL02-ES,UOP01-DEL02-ES,2025-04-22 17:09:00,2025.0,4.0,17.0,tarde,True,0,baixo,BR-101
686748.0,2025-04-22,terca,17:18,ES,101.0,269.0,SERRA,Ausência de reação do condutor,Colisão traseira,Com Vítimas Feridas,Anoitecer,Crescente,Nublado,Múltipla,Reta,Sim,2.0,0.0,1.0,0.0,1.0,0.0,1.0,2.0,-20.21701001,-40.2699101,SPRF-ES,DEL02-ES,UOP01-DEL02-ES,2025-04-22 17:18:00,2025.0,4.0,17.0,tarde,True,0,moderado,BR-101
686841.0,2025-04-23,quarta,09:20,ES,101.0,269.9,SERRA,Entrada inopinada do pedestre,Atropelamento de Pedestre,Com Vítimas Feridas,Pleno dia,Crescente,Céu Claro,Múltipla,Reta,Sim,2.0,0.0,0.0,1.0,1.0,0.0,1.0,2.0,-20.0488452,-40.38640393,SPRF-ES,DEL02-ES,UOP01-DEL02-ES,2025-04-23 09:20:00,2025.0,4.0,9.0,manha,True,1,grave,BR-101
686927.0,2025-04-23,quarta,18:45,ES,101.0,311.9,VILA VELHA,Acessar a via sem observar a presença dos outros veículos,Atropelamento de Pedestre,Com Vítimas Fatais,Plena Noite,Crescente,Céu Claro,Dupla,Reta,Não,2.0,1.0,0.0,0.0,1.0,0.0,0.0,2.0,-20.443068,-40.46019,SPRF-ES,DEL01-ES,UOP01-DEL01-ES,2025-04-23 18:45:00,2025.0,4.0,18.0,noite,True,1,fatal,BR-101
686932.0,2025-04-23,quarta,19:00,ES,101.0,263.1,SERRA,Demais falhas mecânicas ou elétricas,Eventos atípicos,Com Vítimas Feridas,Plena Noite,Crescente,Nublado,Dupla,Reta,Sim,1.0,0.0,1.0,0.0,0.0,0.0,1.0,1.0,-20.12509291,-40.34179688,SPRF-ES,DEL02-ES,UOP01-DEL02-ES,2025-04-23 19:00:00,2025.0,4.0,19.0,noite,True,0,moderado,BR-101
687068.0,2025-04-24,quinta,15:30,ES,101.0,265.0,SERRA,Pista esburacada,Tombamento,Com Vítimas Feridas,Pleno dia,Crescente,Nublado,Múltipla,Reta,Sim,2.0,0.0,1.0,1.0,0.0,0.0,2.0,1.0,-20.18240833,-40.26541,SPRF-ES,DEL02-ES,UOP01-DEL02-ES,2025-04-24 15:30:00,2025.0,4.0,15.0,tarde,True,1,grave,BR-101
687174.0,2025-04-25,sexta,06:10,ES,101.0,267.8,SERRA,Condutor desrespeitou a iluminação vermelha do semáforo,Colisão transversal,Com Vítimas Feridas,Pleno dia,Crescente,Nublado,Múltipla,Reta;Interseção de Vias,Sim,3.0,0.0,0.0,1.0,2.0,0.0,1.0,2.0,-20.20453,-40.26744,SPRF-ES,DEL02-ES,UOP01-DEL02-ES,2025-04-25 06:10:00,2025.0,4.0,6.0,manha,True,1,grave,BR-101
687222.0,2025-04-25,sexta,12:00,ES,101.0,268.8,SERRA,Acessar a via sem observar a presença dos outros veículos,Atropelamento de Pedestre,Com Vítimas Feridas,Pleno dia,Crescente,Céu Claro,Dupla,Reta,Não,2.0,0.0,0.0,1.0,1.0,0.0,1.0,2.0,-20.2147571,-40.27002007,SPRF-ES,DEL02-ES,UOP01-DEL02-ES,2025-04-25 12:00:00,2025.0,4.0,12.0,tarde,True,1,grave,BR-101
687287.0,2025-04-25,sexta,18:10,ES,101.0,298.5,VIANA,Ausência de reação do condutor,Colisão traseira,Com Vítimas Feridas,Plena Noite,Crescente,Nublado,Simples,Reta,Sim,2.0,0.0,0.0,1.0,1.0,0.0,1.0,2.0,-20.356822,-40.41918,SPRF-ES,DEL01-ES,UOP01-DEL01-ES,2025-04-25 18:10:00,2025.0,4.0,18.0,noite,True,1,grave,BR-101
687316.0,2025-04-25,sexta,20:15,ES,101.0,292.0,CARIACICA,Condutor deixou de manter distância do veículo da frente,Colisão traseira,Com Vítimas Feridas,Plena Noite,Decrescente,Chuva,Dupla,Reta;Declive,Sim,2.0,0.0,2.0,0.0,0.0,0.0,2.0,1.0,-20.307885,-40.394741,SPRF-ES,DEL01-ES,UOP01-DEL01-ES,2025-04-25 20:15:00,2025.0,4.0,20.0,noite,True,0,moderado,BR-101
687330.0,2025-04-25,sexta,21:10,ES,101.0,325.0,GUARAPARI,Chuva,Queda de ocupante de veículo,Com Vítimas Feridas,Plena Noite,Crescente,Chuva,Dupla,Reta,Não,2.0,0.0,2.0,0.0,0.0,0.0,2.0,1.0,-20.55633551,-40.48060656,SPRF-ES,DEL03-ES,UOP01-DEL03-ES,2025-04-25 21:10:00,2025.0,4.0,21.0,noite,True,0,moderado,BR-101
687382.0,2025-04-26,sabado,05:20,ES,101.0,292.8,CARIACICA,Reação tardia ou ineficiente do condutor,Queda de ocupante de veículo,Com Vítimas Feridas,Amanhecer,Decrescente,Céu Claro,Múltipla,Reta,Sim,1.0,0.0,1.0,0.0,0.0,0.0,1.0,1.0,-20.32494571,-40.39555618,SPRF-ES,DEL01-ES,UOP01-DEL01-ES,2025-04-26 05:20:00,2025.0,4.0,5.0,madrugada,True,0,moderado,BR-101
687588.0,2025-04-27,domingo,02:30,ES,101.0,255.0,SERRA,Reação tardia ou ineficiente do condutor,Colisão lateral mesmo sentido,Com Vítimas Feridas,Plena Noite,Crescente,Céu Claro,Simples,Reta,Sim,2.0,0.0,2.0,0.0,0.0,0.0,2.0,2.0,-20.118736,-40.311946,SPRF-ES,DEL02-ES,UOP01-DEL02-ES,2025-04-27 02:30:00,2025.0,4.0,2.0,madrugada,True,0,moderado,BR-101
687643.0,2025-02-22,sabado,22:40,ES,101.0,257.3,SERRA,Pedestre andava na pista,Atropelamento de Pedestre,Com Vítimas Feridas,Plena Noite,Decrescente,Ignorado,Dupla,Rotatória,Não,2.0,0.0,0.0,1.0,0.0,1.0,1.0,2.0,-20.12832782,-40.29915935,SPRF-ES,DEL02-ES,UOP01-DEL02-ES,2025-02-22 22:40:00,2025.0,2.0,22.0,noite,True,1,grave,BR-101
687825.0,2025-04-28,segunda,09:45,ES,101.0,270.8,SERRA,Manobra de mudança de faixa,Colisão lateral mesmo sentido,Com Vítimas Feridas,Pleno dia,Crescente,Nublado,Múltipla,Curva,Sim,6.0,0.0,2.0,2.0,2.0,0.0,4.0,2.0,-20.232365,-40.2745916,SPRF-ES,DEL02-ES,UOP01-DEL02-ES,2025-04-28 09:45:00,2025.0,4.0,9.0,manha,True,1,grave,BR-101
687834.0,2025-04-28,segunda,10:15,ES,101.0,14.9,SERRA,Demais falhas mecânicas ou elétricas,Tombamento,Com Vítimas Feridas,Pleno dia,Decrescente,Céu Claro,Dupla,Reta,Não,1.0,0.0,1.0,0.0,0.0,0.0,1.0,1.0,-20.18372,-40.339705,SPRF-ES,DEL02-ES,UOP01-DEL02-ES,2025-04-28 10:15:00,2025.0,4.0,10.0,manha,True,0,moderado,BR-101
688023.0,2025-04-29,terca,09:40,ES,101.0,296.0,CARIACICA,Ausência de reação do condutor,Colisão traseira,Com Vítimas Feridas,Pleno dia,Decrescente,Nublado,Dupla,Aclive;Curva;Viaduto,Sim,2.0,0.0,0.0,1.0,1.0,0.0,1.0,2.0,-20.343261,-40.405925,SPRF-ES,DEL01-ES,UOP01-DEL01-ES,2025-04-29 09:40:00,2025.0,4.0,9.0,manha,True,1,grave,BR-101
688095.0,2025-04-29,terca,17:10,ES,101.0,285.1,CARIACICA,Acesso irregular,Colisão transversal,Com Vítimas Feridas,Anoitecer,Crescente,Céu Claro,Dupla,Reta;Declive;Interseção de Vias,Sim,2.0,0.0,1.0,1.0,0.0,0.0,2.0,2.0,-20.25205,-40.37313,SPRF-ES,DEL01-ES,UOP01-DEL01-ES,2025-04-29 17:10:00,2025.0,4.0,17.0,tarde,True,1,grave,BR-101
688194.0,2025-04-30,quarta,09:00,ES,101.0,280.8,SERRA,Afundamento ou ondulação no pavimento,Tombamento,Com Vítimas Feridas,Pleno dia,Decrescente,Nublado,Dupla,Reta;Aclive,Não,1.0,0.0,0.0,1.0,0.0,0.0,1.0,1.0,-20.22162017,-40.35751462,SPRF-ES,DEL02-ES,UOP01-DEL02-ES,2025-04-30 09:00:00,2025.0,4.0,9.0,manha,True,1,grave,BR-101
688276.0,2025-04-30,quarta,16:15,ES,101.0,280.0,SERRA,Manobra de mudança de faixa,Colisão lateral mesmo sentido,Com Vítimas Feridas,Pleno dia,Decrescente,Nublado,Dupla,Reta,Não,2.0,0.0,1.0,0.0,1.0,0.0,1.0,2.0,-20.217756,-40.352636,SPRF-ES,DEL02-ES,UOP01-DEL02-ES,2025-04-30 16:15:00,2025.0,4.0,16.0,tarde,True,0,moderado,BR-101
688283.0,2025-04-30,quarta,17:00,ES,101.0,295.2,CARIACICA,Manobra de mudança de faixa,Colisão lateral mesmo sentido,Com Vítimas Feridas,Anoitecer,Crescente,Nublado,Múltipla,Reta,Sim,2.0,0.0,1.0,0.0,1.0,0.0,1.0,2.0,-20.3341961,-40.4015379,SPRF-ES,DEL01-ES,UOP01-DEL01-ES,2025-04-30 17:00:00,2025.0,4.0,17.0,tarde,True,0,moderado,BR-101
688420.0,2025-05-01,quinta,06:40,ES,101.0,232.2,FUNDAO,Ultrapassagem Indevida,Colisão frontal,Com Vítimas Feridas,Pleno dia,Crescente,Céu Claro,Simples,Reta,Não,5.0,0.0,3.0,0.0,2.0,0.0,3.0,2.0,-19.95487046,-40.41010004,SPRF-ES,DEL02-ES,UOP01-DEL02-ES,2025-05-01 06:40:00,2025.0,5.0,6.0,manha,True,0,moderado,BR-101
688438.0,2025-04-03,quinta,10:25,ES,101.0,264.9,SERRA,Condutor deixou de manter distância do veículo da frente,Colisão traseira,Com Vítimas Feridas,Pleno dia,Crescente,Céu Claro,Dupla,Reta,Sim,2.0,0.0,1.0,0.0,1.0,0.0,1.0,2.0,-20.048847,-40.3866996,SPRF-ES,DEL02-ES,UOP01-DEL02-ES,2025-04-03 10:25:00,2025.0,4.0,10.0,manha,True,0,moderado,BR-101
688489.0,2025-05-01,quinta,14:40,ES,262.0,21.0,VIANA,Condutor Dormindo,Colisão frontal,Com Vítimas Feridas,Pleno dia,Crescente,Céu Claro,Simples,Reta;Declive,Não,6.0,0.0,6.0,0.0,0.0,0.0,6.0,2.0,-20.375805,-40.512829,SPRF-ES,DEL01-ES,UOP01-DEL01-ES,2025-05-01 14:40:00,2025.0,5.0,14.0,tarde,True,0,moderado,BR-262
688495.0,2025-05-01,quinta,14:50,ES,101.0,311.0,VILA VELHA,Demais falhas mecânicas ou elétricas,Incêndio,Sem Vítimas,Pleno dia,Decrescente,Céu Claro,Dupla,Reta,Não,1.0,0.0,0.0,0.0,1.0,0.0,0.0,1.0,-20.4363702,-40.45934558,SPRF-ES,DEL01-ES,UOP01-DEL01-ES,2025-05-01 14:50:00,2025.0,5.0,14.0,tarde,True,0,baixo,BR-101
688605.0,2025-05-02,sexta,06:49,ES,101.0,270.0,SERRA,Reação tardia ou ineficiente do condutor,Colisão traseira,Com Vítimas Feridas,Pleno dia,Crescente,Céu Claro,Dupla,Reta,Sim,2.0,0.0,1.0,0.0,1.0,0.0,1.0,2.0,-20.228275,-40.271729,SPRF-ES,DEL02-ES,UOP01-DEL02-ES,2025-05-02 06:49:00,2025.0,5.0,6.0,manha,True,0,moderado,BR-101
688611.0,2025-05-02,sexta,07:50,ES,101.0,264.8,SERRA,Reação tardia ou ineficiente do condutor,Tombamento,Com Vítimas Feridas,Pleno dia,Crescente,Sol,Múltipla,Curva,Sim,1.0,0.0,0.0,1.0,0.0,0.0,1.0,1.0,-20.18065333,-40.26532167,SPRF-ES,DEL02-ES,UOP01-DEL02-ES,2025-05-02 07:50:00,2025.0,5.0,7.0,manha,True,1,grave,BR-101
688642.0,2025-05-02,sexta,10:15,ES,262.0,27.3,VIANA,Velocidade Incompatível,Tombamento,Com Vítimas Feridas,Pleno dia,Decrescente,Céu Claro,Simples,Curva,Não,1.0,0.0,0.0,1.0,0.0,0.0,1.0,1.0,-20.385803,-40.553105,SPRF-ES,DEL01-ES,UOP01-DEL01-ES,2025-05-02 10:15:00,2025.0,5.0,10.0,manha,True,1,grave,BR-262
688694.0,2025-05-02,sexta,16:55,ES,101.0,266.3,SERRA,Reação tardia ou ineficiente do condutor,Tombamento,Com Vítimas Feridas,Pleno dia,Crescente,Céu Claro,Múltipla,Reta;Interseção de Vias,Sim,2.0,0.0,2.0,0.0,0.0,0.0,2.0,1.0,-20.19353927,-40.26839018,SPRF-ES,DEL02-ES,UOP01-DEL02-ES,2025-05-02 16:55:00,2025.0,5.0,16.0,tarde,True,0,moderado,BR-101
688837.0,2025-05-03,sabado,10:35,ES,101.0,281.0,SERRA,Velocidade Incompatível,Saída de leito carroçável,Com Vítimas Feridas,Pleno dia,Crescente,Céu Claro,Dupla,Curva,Não,1.0,0.0,0.0,1.0,0.0,0.0,1.0,1.0,-20.037632,-40.1965056,SPRF-ES,DEL02-ES,UOP01-DEL02-ES,2025-05-03 10:35:00,2025.0,5.0,10.0,manha,True,1,grave,BR-101
689089.0,2025-05-04,domingo,17:40,ES,101.0,275.5,SERRA,Ausência de reação do condutor,Saída de leito carroçável,Com Vítimas Feridas,Anoitecer,Crescente,Nublado,Dupla,Curva,Não,3.0,0.0,2.0,0.0,1.0,0.0,2.0,1.0,-20.2095924,-40.2989186,SPRF-ES,DEL02-ES,UOP01-DEL02-ES,2025-05-04 17:40:00,2025.0,5.0,17.0,tarde,True,0,moderado,BR-101
689145.0,2025-05-04,domingo,22:10,ES,101.0,278.0,SERRA,Reação tardia ou ineficiente do condutor,Colisão com objeto,Com Vítimas Feridas,Plena Noite,Crescente,Céu Claro,Dupla,Reta,Não,3.0,0.0,1.0,0.0,2.0,0.0,1.0,1.0,-20.218008,-40.33775,SPRF-ES,DEL02-ES,UOP01-DEL02-ES,2025-05-04 22:10:00,2025.0,5.0,22.0,noite,True,0,moderado,BR-101
689233.0,2025-05-05,segunda,09:55,ES,101.0,338.7,GUARAPARI,Avarias e/ou desgaste excessivo no pneu,Tombamento,Com Vítimas Feridas,Pleno dia,Crescente,Chuva,Dupla,Curva,Não,1.0,0.0,1.0,0.0,0.0,0.0,1.0,1.0,-20.64378,-40.55548,SPRF-ES,DEL03-ES,UOP01-DEL03-ES,2025-05-05 09:55:00,2025.0,5.0,9.0,manha,True,0,moderado,BR-101
689510.0,2025-05-06,terca,18:20,ES,101.0,288.0,CARIACICA,Avarias e/ou desgaste excessivo no pneu,Queda de ocupante de veículo,Com Vítimas Feridas,Plena Noite,Decrescente,Céu Claro,Dupla,Reta;Declive,Sim,2.0,0.0,0.0,1.0,1.0,0.0,1.0,1.0,-20.276634,-40.392539,SPRF-ES,DEL01-ES,UOP01-DEL01-ES,2025-05-06 18:20:00,2025.0,5.0,18.0,noite,True,1,grave,BR-101
689515.0,2025-05-06,terca,18:20,ES,101.0,266.2,SERRA,Trafegar com motocicleta (ou similar) entre as faixas,Tombamento,Com Vítimas Feridas,Plena Noite,Decrescente,Nublado,Múltipla,Reta,Sim,2.0,0.0,2.0,0.0,0.0,0.0,2.0,1.0,-20.1927205,-40.2684606,SPRF-ES,DEL02-ES,UOP01-DEL02-ES,2025-05-06 18:20:00,2025.0,5.0,18.0,noite,True,0,moderado,BR-101
689525.0,2025-05-06,terca,18:50,ES,101.0,264.6,SERRA,Condutor desrespeitou a iluminação vermelha do semáforo,Colisão transversal,Com Vítimas Feridas,Plena Noite,Crescente,Chuva,Múltipla,Reta,Sim,2.0,0.0,1.0,0.0,1.0,0.0,1.0,2.0,-20.17882667,-40.26541,SPRF-ES,DEL02-ES,UOP01-DEL02-ES,2025-05-06 18:50:00,2025.0,5.0,18.0,noite,True,0,moderado,BR-101
689636.0,2025-05-07,quarta,13:50,ES,101.0,298.0,VIANA,Manobra de mudança de faixa,Colisão lateral mesmo sentido,Com Vítimas Feridas,Pleno dia,Crescente,Céu Claro,Simples,Reta,Sim,2.0,0.0,0.0,1.0,1.0,0.0,1.0,2.0,-20.3827417,-40.4596019,SPRF-ES,DEL01-ES,UOP01-DEL01-ES,2025-05-07 13:50:00,2025.0,5.0,13.0,tarde,True,1,grave,BR-101
689680.0,2025-05-07,quarta,16:30,ES,101.0,290.0,CARIACICA,Reação tardia ou ineficiente do condutor,Colisão traseira,Com Vítimas Feridas,Pleno dia,Crescente,Nublado,Dupla,Reta,Sim,2.0,0.0,1.0,0.0,1.0,0.0,1.0,2.0,-20.29356942,-40.39275885,SPRF-ES,DEL01-ES,UOP01-DEL01-ES,2025-05-07 16:30:00,2025.0,5.0,16.0,tarde,True,0,moderado,BR-101
689809.0,2025-05-08,quinta,12:30,ES,101.0,232.0,FUNDAO,Mal súbito do condutor,Colisão traseira,Com Vítimas Feridas,Pleno dia,Crescente,Chuva,Simples,Reta,Não,2.0,0.0,2.0,0.0,0.0,0.0,2.0,2.0,-19.960886,-40.406994,SPRF-ES,DEL02-ES,UOP01-DEL02-ES,2025-05-08 12:30:00,2025.0,5.0,12.0,tarde,True,0,moderado,BR-101
689845.0,2025-05-08,quinta,16:00,ES,101.0,295.2,CARIACICA,Desrespeitar a preferência no cruzamento,Colisão transversal,Com Vítimas Feridas,Pleno dia,Crescente,Nublado,Múltipla,Interseção de Vias;Reta,Sim,2.0,0.0,1.0,0.0,1.0,0.0,1.0,2.0,-20.33479295,-40.4015979,SPRF-ES,DEL01-ES,UOP01-DEL01-ES,2025-05-08 16:00:00,2025.0,5.0,16.0,tarde,True,0,moderado,BR-101
689918.0,2025-05-08,quinta,21:00,ES,262.0,48.0,VIANA,Transitar na contramão,Colisão lateral sentido oposto,Sem Vítimas,Plena Noite,Crescente,Céu Claro,Simples,Reta,Não,2.0,0.0,0.0,0.0,1.0,1.0,0.0,2.0,-20.3827398,-40.4596022,SPRF-ES,DEL01-ES,UOP01-DEL01-ES,2025-05-08 21:00:00,2025.0,5.0,21.0,noite,True,0,baixo,BR-262
689940.0,2025-05-09,sexta,07:00,ES,101.0,295.6,CARIACICA,Desrespeitar a preferência no cruzamento,Colisão frontal,Com Vítimas Feridas,Pleno dia,Crescente,Céu Claro,Múltipla,Interseção de Vias,Sim,2.0,0.0,1.0,0.0,1.0,0.0,1.0,2.0,-20.330171,-40.3987397,SPRF-ES,DEL01-ES,UOP01-DEL01-ES,2025-05-09 07:00:00,2025.0,5.0,7.0,manha,True,0,moderado,BR-101
689954.0,2025-05-09,sexta,07:30,ES,101.0,290.7,CARIACICA,Manobra de mudança de faixa,Colisão lateral mesmo sentido,Com Vítimas Feridas,Pleno dia,Crescente,Céu Claro,Dupla,Reta,Sim,3.0,0.0,1.0,1.0,1.0,0.0,2.0,2.0,-20.29578,-40.393613,SPRF-ES,DEL01-ES,UOP01-DEL01-ES,2025-05-09 07:30:00,2025.0,5.0,7.0,manha,True,1,grave,BR-101
689978.0,2025-05-09,sexta,08:21,ES,101.0,268.5,SERRA,Acessar a via sem observar a presença dos outros veículos,Atropelamento de Pedestre,Sem Vítimas,Pleno dia,Crescente,Sol,Múltipla,Reta,Sim,2.0,0.0,0.0,0.0,1.0,1.0,0.0,2.0,-20.21232,-40.2698417,SPRF-ES,DEL02-ES,UOP01-DEL02-ES,2025-05-09 08:21:00,2025.0,5.0,8.0,manha,True,0,baixo,BR-101
690004.0,2025-05-09,sexta,11:25,ES,0.0,0.0,VITORIA,Reação tardia ou ineficiente do condutor,Colisão transversal,Sem Vítimas,Pleno dia,Não Informado,Céu Claro,Simples,Interseção de Vias,Sim,2.0,0.0,0.0,0.0,2.0,0.0,0.0,2.0,-20.30985721,-40.31447053,SPRF-ES,,,2025-05-09 11:25:00,2025.0,5.0,11.0,manha,True,0,baixo,BR-0
690032.0,2025-05-09,sexta,13:50,ES,101.0,264.0,SERRA,Condutor deixou de manter distância do veículo da frente,Colisão traseira,Com Vítimas Feridas,Plena Noite,Decrescente,Céu Claro,Dupla,Reta,Sim,2.0,0.0,1.0,0.0,1.0,0.0,1.0,2.0,-20.1772261,-40.265721,SPRF-ES,DEL02-ES,UOP01-DEL02-ES,2025-05-09 13:50:00,2025.0,5.0,13.0,tarde,True,0,moderado,BR-101
690049.0,2025-05-09,sexta,16:20,ES,101.0,303.4,VIANA,Entrada inopinada do pedestre,Atropelamento de Pedestre,Com Vítimas Fatais,Pleno dia,Decrescente,Céu Claro,Dupla,Reta,Sim,3.0,2.0,0.0,0.0,0.0,1.0,0.0,2.0,-20.37810151,-40.44887066,SPRF-ES,DEL01-ES,UOP01-DEL01-ES,2025-05-09 16:20:00,2025.0,5.0,16.0,tarde,True,1,fatal,BR-101
690181.0,2025-05-10,sabado,01:20,ES,101.0,269.8,SERRA,Condutor desrespeitou a iluminação vermelha do semáforo,Colisão transversal,Com Vítimas Feridas,Plena Noite,Decrescente,Nublado,Múltipla,Interseção de Vias,Sim,4.0,0.0,1.0,1.0,2.0,0.0,2.0,2.0,-20.21232,-40.2698417,SPRF-ES,DEL02-ES,UOP01-DEL02-ES,2025-05-10 01:20:00,2025.0,5.0,1.0,madrugada,True,1,grave,BR-101
690341.0,2025-05-10,sabado,17:00,ES,101.0,262.0,SERRA,Condutor desrespeitou a iluminação vermelha do semáforo,Colisão transversal,Sem Vítimas,Pleno dia,Crescente,Céu Claro,Dupla,Retorno Regulamentado,Sim,2.0,0.0,0.0,0.0,2.0,0.0,0.0,2.0,-20.16678641,-40.27208598,SPRF-ES,DEL02-ES,UOP01-DEL02-ES,2025-05-10 17:00:00,2025.0,5.0,17.0,tarde,True,0,baixo,BR-101
690353.0,2025-05-10,sabado,18:05,ES,101.0,304.4,VIANA,Condutor deixou de manter distância do veículo da frente,Colisão traseira,Com Vítimas Feridas,Plena Noite,Decrescente,Céu Claro,Dupla,Reta;Viaduto,Sim,3.0,0.0,2.0,0.0,1.0,0.0,2.0,2.0,-20.382732,-40.459658,SPRF-ES,DEL01-ES,UOP01-DEL01-ES,2025-05-10 18:05:00,2025.0,5.0,18.0,noite,True,0,moderado,BR-101
690383.0,2025-05-10,sabado,20:00,ES,101.0,331.8,GUARAPARI,Reação tardia ou ineficiente do condutor,Colisão com objeto,Com Vítimas Feridas,Plena Noite,Crescente,Céu Claro,Dupla,Curva,Não,1.0,0.0,1.0,0.0,0.0,0.0,1.0,1.0,-20.606,-40.506,SPRF-ES,DEL03-ES,UOP01-DEL03-ES,2025-05-10 20:00:00,2025.0,5.0,20.0,noite,True,0,moderado,BR-101
690500.0,2025-05-11,domingo,06:40,ES,101.0,288.0,CARIACICA,Ausência de reação do condutor,Colisão com objeto,Sem Vítimas,Amanhecer,Decrescente,Céu Claro,Dupla,Reta,Sim,1.0,0.0,0.0,0.0,1.0,0.0,0.0,1.0,-20.26962672,-40.38980265,SPRF-ES,DEL01-ES,UOP01-DEL01-ES,2025-05-11 06:40:00,2025.0,5.0,6.0,manha,True,0,baixo,BR-101
690650.0,2025-05-11,domingo,18:00,ES,101.0,327.0,GUARAPARI,Chuva,Queda de ocupante de veículo,Com Vítimas Feridas,Plena Noite,Crescente,Chuva,Dupla,Reta,Não,2.0,0.0,2.0,0.0,0.0,0.0,2.0,1.0,-20.5732622,-40.4852525,SPRF-ES,DEL03-ES,UOP01-DEL03-ES,2025-05-11 18:00:00,2025.0,5.0,18.0,noite,True,0,moderado,BR-101
690892.0,2025-05-12,segunda,19:20,ES,101.0,229.6,FUNDAO,Pedestre cruzava a pista fora da faixa,Atropelamento de Pedestre,Com Vítimas Feridas,Plena Noite,Crescente,Chuva,Múltipla,Reta,Sim,2.0,0.0,1.0,0.0,0.0,1.0,1.0,2.0,-19.93429833,-40.40494167,SPRF-ES,DEL02-ES,UOP01-DEL02-ES,2025-05-12 19:20:00,2025.0,5.0,19.0,noite,True,0,moderado,BR-101
690979.0,2025-05-13,terca,09:20,ES,101.0,262.1,SERRA,Acessar a via sem observar a presença dos outros veículos,Colisão lateral mesmo sentido,Com Vítimas Feridas,Pleno dia,Crescente,Céu Claro,Dupla,Reta,Sim,4.0,0.0,0.0,1.0,3.0,0.0,1.0,2.0,-20.04884974,-40.38639807,SPRF-ES,DEL02-ES,UOP01-DEL02-ES,2025-05-13 09:20:00,2025.0,5.0,9.0,manha,True,1,grave,BR-101
691025.0,2025-05-13,terca,14:00,ES,101.0,267.5,SERRA,Manobra de mudança de faixa,Saída de leito carroçável,Com Vítimas Feridas,Pleno dia,Decrescente,Sol,Múltipla,Reta,Sim,2.0,0.0,1.0,0.0,1.0,0.0,1.0,1.0,-20.2049518,-40.26888,SPRF-ES,DEL02-ES,UOP01-DEL02-ES,2025-05-13 14:00:00,2025.0,5.0,14.0,tarde,True,0,moderado,BR-101
691094.0,2025-05-13,terca,19:40,ES,101.0,257.5,SERRA,Acessar a via sem observar a presença dos outros veículos,Colisão transversal,Com Vítimas Feridas,Pleno dia,Crescente,Nublado,Dupla,Reta,Sim,2.0,0.0,0.0,1.0,1.0,0.0,1.0,2.0,-20.12848049,-40.29900802,SPRF-ES,DEL02-ES,UOP01-DEL02-ES,2025-05-13 19:40:00,2025.0,5.0,19.0,noite,True,1,grave,BR-101
691154.0,2025-05-14,quarta,07:28,ES,101.0,322.0,GUARAPARI,Demais falhas mecânicas ou elétricas,Incêndio,Sem Vítimas,Pleno dia,Crescente,Nublado,Dupla,Reta,Não,1.0,0.0,0.0,0.0,1.0,0.0,0.0,1.0,-20.52694351,-40.48180668,SPRF-ES,DEL03-ES,UOP01-DEL03-ES,2025-05-14 07:28:00,2025.0,5.0,7.0,manha,True,0,baixo,BR-101
691238.0,2025-05-14,quarta,15:30,ES,101.0,266.5,SERRA,Condutor desrespeitou a iluminação vermelha do semáforo,Colisão transversal,Com Vítimas Feridas,Anoitecer,Crescente,Chuva,Múltipla,Reta,Não,2.0,0.0,1.0,1.0,0.0,0.0,2.0,2.0,-20.19551333,-40.26872333,SPRF-ES,DEL02-ES,UOP01-DEL02-ES,2025-05-14 15:30:00,2025.0,5.0,15.0,tarde,True,1,grave,BR-101
691372.0,2025-05-15,quinta,08:35,ES,101.0,252.3,SERRA,Animais na Pista,Tombamento,Com Vítimas Feridas,Pleno dia,Crescente,Céu Claro,Simples,Reta,Não,1.0,0.0,0.0,1.0,0.0,0.0,1.0,1.0,-20.0999583,-40.337041,SPRF-ES,DEL02-ES,UOP01-DEL02-ES,2025-05-15 08:35:00,2025.0,5.0,8.0,manha,True,1,grave,BR-101
691405.0,2025-05-15,quinta,10:50,ES,101.0,289.0,CARIACICA,Ausência de reação do condutor,Queda de ocupante de veículo,Com Vítimas Feridas,Pleno dia,Decrescente,Céu Claro,Dupla,Reta,Sim,1.0,0.0,1.0,0.0,0.0,0.0,1.0,1.0,-20.270987,-40.3905461,SPRF-ES,DEL01-ES,UOP01-DEL01-ES,2025-05-15 10:50:00,2025.0,5.0,10.0,manha,True,0,moderado,BR-101
691450.0,2025-05-15,quinta,16:20,ES,101.0,255.0,SERRA,Reação tardia ou ineficiente do condutor,Colisão traseira,Com Vítimas Feridas,Pleno dia,Crescente,Céu Claro,Simples,Reta,Não,2.0,0.0,1.0,0.0,1.0,0.0,1.0,2.0,-20.048857,-40.3866912,SPRF-ES,DEL02-ES,UOP01-DEL02-ES,2025-05-15 16:20:00,2025.0,5.0,16.0,tarde,True,0,moderado,BR-101
691501.0,2025-05-15,quinta,20:20,ES,101.0,265.0,SERRA,Deficiência do Sistema de Iluminação/Sinalização,Atropelamento de Pedestre,Com Vítimas Feridas,Plena Noite,Crescente,Chuva,Dupla,Reta,Sim,3.0,0.0,2.0,0.0,0.0,1.0,2.0,2.0,-20.18178891,-40.26542191,SPRF-ES,DEL02-ES,UOP01-DEL02-ES,2025-05-15 20:20:00,2025.0,5.0,20.0,noite,True,0,moderado,BR-101
691592.0,2025-05-16,sexta,08:30,ES,101.0,299.2,VIANA,Reação tardia ou ineficiente do condutor,Colisão lateral mesmo sentido,Com Vítimas Feridas,Pleno dia,Crescente,Nublado,Múltipla,Reta,Sim,2.0,0.0,1.0,0.0,1.0,0.0,1.0,2.0,-20.35814639,-40.42076111,SPRF-ES,DEL01-ES,UOP01-DEL01-ES,2025-05-16 08:30:00,2025.0,5.0,8.0,manha,True,0,moderado,BR-101
691613.0,2025-05-16,sexta,12:45,ES,101.0,270.6,SERRA,Condutor desrespeitou a iluminação vermelha do semáforo,Colisão transversal,Com Vítimas Feridas,Pleno dia,Decrescente,Céu Claro,Múltipla,Interseção de Vias,Sim,4.0,0.0,2.0,1.0,1.0,0.0,3.0,2.0,-20.23085183,-40.27316451,SPRF-ES,DEL02-ES,UOP01-DEL02-ES,2025-05-16 12:45:00,2025.0,5.0,12.0,tarde,True,1,grave,BR-101
691755.0,2025-05-17,sabado,03:00,ES,101.0,295.0,CARIACICA,Velocidade Incompatível,Capotamento,Com Vítimas Feridas,Plena Noite,Decrescente,Nublado,Dupla,Reta,Sim,1.0,0.0,0.0,1.0,0.0,0.0,1.0,1.0,-20.33691812,-40.40232253,SPRF-ES,DEL01-ES,UOP01-DEL01-ES,2025-05-17 03:00:00,2025.0,5.0,3.0,madrugada,True,1,grave,BR-101
691805.0,2025-05-17,sabado,09:00,ES,101.0,270.7,SERRA,Velocidade Incompatível,Colisão com objeto,Com Vítimas Feridas,Pleno dia,Crescente,Nublado,Múltipla,Curva,Sim,1.0,0.0,1.0,0.0,0.0,0.0,1.0,1.0,-20.23272427,-40.2755785,SPRF-ES,DEL02-ES,UOP01-DEL02-ES,2025-05-17 09:00:00,2025.0,5.0,9.0,manha,True,0,moderado,BR-101
691853.0,2025-05-17,sabado,14:00,ES,101.0,269.9,SERRA,Manobra de mudança de faixa,Colisão lateral mesmo sentido,Com Vítimas Feridas,Pleno dia,Decrescente,Céu Claro,Dupla,Reta,Sim,2.0,0.0,1.0,0.0,1.0,0.0,1.0,2.0,-20.0488618,-40.3866904,SPRF-ES,DEL02-ES,UOP01-DEL02-ES,2025-05-17 14:00:00,2025.0,5.0,14.0,tarde,True,0,moderado,BR-101
691894.0,2025-05-17,sabado,16:51,ES,101.0,270.4,SERRA,Condutor desrespeitou a iluminação vermelha do semáforo,Colisão transversal,Com Vítimas Feridas,Pleno dia,Decrescente,Céu Claro,Múltipla,Reta,Sim,5.0,0.0,0.0,1.0,4.0,0.0,1.0,2.0,-20.0488623,-40.386691,SPRF-ES,DEL02-ES,UOP01-DEL02-ES,2025-05-17 16:51:00,2025.0,5.0,16.0,tarde,True,1,grave,BR-101
691968.0,2025-05-17,sabado,22:00,ES,101.0,265.4,SERRA,Entrada inopinada do pedestre,Atropelamento de Pedestre,Com Vítimas Feridas,Plena Noite,Decrescente,Nublado,Múltipla,Declive;Reta,Sim,4.0,0.0,1.0,0.0,1.0,2.0,1.0,2.0,-20.20495438,-40.26906983,SPRF-ES,DEL02-ES,UOP01-DEL02-ES,2025-05-17 22:00:00,2025.0,5.0,22.0,noite,True,0,moderado,BR-101
692056.0,2025-05-18,domingo,10:00,ES,101.0,344.7,GUARAPARI,Reação tardia ou ineficiente do condutor,Colisão com objeto,Com Vítimas Feridas,Pleno dia,Decrescente,Nublado,Dupla,Reta,Não,1.0,0.0,1.0,0.0,0.0,0.0,1.0,1.0,-20.66136735,-40.60512543,SPRF-ES,DEL03-ES,UOP01-DEL03-ES,2025-05-18 10:00:00,2025.0,5.0,10.0,manha,True,0,moderado,BR-101
692148.0,2025-05-18,domingo,19:30,ES,101.0,265.2,SERRA,Reação tardia ou ineficiente do condutor,Engavetamento,Com Vítimas Feridas,Plena Noite,Crescente,Céu Claro,Dupla,Reta,Sim,6.0,0.0,2.0,0.0,4.0,0.0,2.0,3.0,-20.18479,-40.26783,SPRF-ES,DEL02-ES,UOP01-DEL02-ES,2025-05-18 19:30:00,2025.0,5.0,19.0,noite,True,0,moderado,BR-101
692265.0,2025-05-19,segunda,07:15,ES,101.0,245.9,SERRA,Demais falhas mecânicas ou elétricas,Incêndio,Sem Vítimas,Pleno dia,Crescente,Nublado,Dupla,Reta,Não,1.0,0.0,0.0,0.0,1.0,0.0,0.0,1.0,-20.0488636,-40.3866951,SPRF-ES,DEL02-ES,UOP01-DEL02-ES,2025-05-19 07:15:00,2025.0,5.0,7.0,manha,True,0,baixo,BR-101
692482.0,2025-05-20,terca,08:20,ES,101.0,288.0,CARIACICA,Manobra de mudança de faixa,Colisão lateral mesmo sentido,Com Vítimas Feridas,Pleno dia,Decrescente,Sol,Dupla,Reta;Declive,Sim,2.0,0.0,0.0,1.0,1.0,0.0,1.0,2.0,-20.27164276,-40.39123535,SPRF-ES,DEL01-ES,UOP01-DEL01-ES,2025-05-20 08:20:00,2025.0,5.0,8.0,manha,True,1,grave,BR-101
692551.0,2025-05-20,terca,15:00,ES,101.0,282.9,CARIACICA,Pista esburacada,Colisão com objeto,Com Vítimas Feridas,Pleno dia,Decrescente,Céu Claro,Múltipla,Retorno Regulamentado;Reta,Não,2.0,0.0,0.0,1.0,0.0,1.0,1.0,2.0,-20.23265836,-40.36839215,SPRF-ES,DEL01-ES,UOP01-DEL01-ES,2025-05-20 15:00:00,2025.0,5.0,15.0,tarde,True,1,grave,BR-101
692780.0,2025-05-21,quarta,17:26,ES,101.0,263.1,SERRA,Manobra de mudança de faixa,Colisão lateral mesmo sentido,Com Vítimas Feridas,Pleno dia,Decrescente,Céu Claro,Simples,Reta,Sim,2.0,0.0,1.0,0.0,1.0,0.0,1.0,2.0,-20.17453061,-40.2669688,SPRF-ES,DEL02-ES,UOP01-DEL02-ES,2025-05-21 17:26:00,2025.0,5.0,17.0,tarde,True,0,moderado,BR-101
692783.0,2025-05-21,quarta,17:30,ES,101.0,263.1,SERRA,Manobra de mudança de faixa,Colisão lateral mesmo sentido,Com Vítimas Feridas,Anoitecer,Decrescente,Nublado,Dupla,Reta,Sim,3.0,0.0,1.0,1.0,1.0,0.0,2.0,2.0,-20.16776216,-40.27132315,SPRF-ES,DEL02-ES,UOP01-DEL02-ES,2025-05-21 17:30:00,2025.0,5.0,17.0,tarde,True,1,grave,BR-101
692858.0,2025-05-22,quinta,01:00,ES,101.0,279.0,SERRA,Ausência de reação do condutor,Saída de leito carroçável,Com Vítimas Feridas,Plena Noite,Crescente,Céu Claro,Dupla,Reta,Não,1.0,0.0,0.0,1.0,0.0,0.0,1.0,1.0,-20.21737431,-40.3303037,SPRF-ES,DEL02-ES,UOP01-DEL02-ES,2025-05-22 01:00:00,2025.0,5.0,1.0,madrugada,True,1,grave,BR-101
692945.0,2025-05-22,quinta,13:08,ES,101.0,289.7,CARIACICA,Manobra de mudança de faixa,Tombamento,Com Vítimas Feridas,Pleno dia,Decrescente,Céu Claro,Dupla,Reta,Não,1.0,0.0,0.0,1.0,0.0,0.0,1.0,1.0,-20.291155,-40.391728,SPRF-ES,DEL01-ES,UOP01-DEL01-ES,2025-05-22 13:08:00,2025.0,5.0,13.0,tarde,True,1,grave,BR-101
692961.0,2025-05-22,quinta,14:50,ES,101.0,294.7,CARIACICA,Manobra de mudança de faixa,Colisão lateral mesmo sentido,Com Vítimas Feridas,Pleno dia,Decrescente,Céu Claro,Múltipla,Reta,Sim,3.0,0.0,2.0,0.0,1.0,0.0,2.0,2.0,-20.330453,-40.399162,SPRF-ES,DEL01-ES,UOP01-DEL01-ES,2025-05-22 14:50:00,2025.0,5.0,14.0,tarde,True,0,moderado,BR-101
692972.0,2025-05-22,quinta,15:40,ES,101.0,337.8,GUARAPARI,Acessar a via sem observar a presença dos outros veículos,Tombamento,Com Vítimas Feridas,Pleno dia,Crescente,Nublado,Dupla,Reta,Não,1.0,0.0,0.0,1.0,0.0,0.0,1.0,1.0,-20.6063591,-40.50693154,SPRF-ES,DEL03-ES,UOP01-DEL03-ES,2025-05-22 15:40:00,2025.0,5.0,15.0,tarde,True,1,grave,BR-101
692981.0,2025-05-22,quinta,16:00,ES,101.0,10.5,SERRA,Demais falhas mecânicas ou elétricas,Incêndio,Sem Vítimas,Pleno dia,Crescente,Nublado,Dupla,Reta,Não,1.0,0.0,0.0,0.0,1.0,0.0,0.0,1.0,-20.14814211,-40.34507811,SPRF-ES,DEL02-ES,UOP01-DEL02-ES,2025-05-22 16:00:00,2025.0,5.0,16.0,tarde,True,0,baixo,BR-101
693042.0,2025-04-14,segunda,15:10,ES,101.0,264.0,SERRA,Semáforo com defeito,Colisão transversal,Com Vítimas Feridas,Pleno dia,Crescente,Nublado,Múltipla,Interseção de Vias,Sim,2.0,0.0,0.0,1.0,1.0,0.0,1.0,2.0,-20.17698542,-40.2658784,SPRF-ES,DEL02-ES,UOP01-DEL02-ES,2025-04-14 15:10:00,2025.0,4.0,15.0,tarde,True,1,grave,BR-101
693044.0,2025-05-22,quinta,21:10,ES,101.0,270.2,SERRA,Reação tardia ou ineficiente do condutor,Colisão transversal,Com Vítimas Feridas,Plena Noite,Crescente,Céu Claro,Dupla,Interseção de Vias,Sim,3.0,0.0,1.0,0.0,2.0,0.0,1.0,2.0,-20.230815,-40.273087,SPRF-ES,DEL02-ES,UOP01-DEL02-ES,2025-05-22 21:10:00,2025.0,5.0,21.0,noite,True,0,moderado,BR-101
693098.0,2025-05-23,sexta,06:30,ES,101.0,284.0,CARIACICA,Ausência de reação do condutor,Queda de ocupante de veículo,Com Vítimas Feridas,Pleno dia,Crescente,Céu Claro,Dupla,Aclive;Curva,Não,2.0,0.0,2.0,0.0,0.0,0.0,2.0,1.0,-20.2473824,-40.3706038,SPRF-ES,DEL01-ES,UOP01-DEL01-ES,2025-05-23 06:30:00,2025.0,5.0,6.0,manha,True,0,moderado,BR-101
693105.0,2025-05-23,sexta,08:10,ES,101.0,268.0,SERRA,Ausência de reação do condutor,Colisão traseira,Com Vítimas Feridas,Pleno dia,Crescente,Céu Claro,Dupla,Reta,Sim,3.0,0.0,2.0,0.0,1.0,0.0,2.0,2.0,-20.21692066,-40.27014792,SPRF-ES,DEL02-ES,UOP01-DEL02-ES,2025-05-23 08:10:00,2025.0,5.0,8.0,manha,True,0,moderado,BR-101
693166.0,2025-05-23,sexta,13:35,ES,101.0,259.2,SERRA,Retorno proibido,Colisão transversal,Com Vítimas Feridas,Pleno dia,Decrescente,Céu Claro,Dupla,Reta;Declive,Sim,2.0,0.0,0.0,1.0,1.0,0.0,1.0,2.0,-20.140411,-40.2923,SPRF-ES,DEL02-ES,UOP01-DEL02-ES,2025-05-23 13:35:00,2025.0,5.0,13.0,tarde,True,1,grave,BR-101
693259.0,2025-05-23,sexta,19:30,ES,262.0,21.0,VIANA,Ausência de reação do condutor,Tombamento,Com Vítimas Feridas,Plena Noite,Crescente,Céu Claro,Simples,Reta,Não,1.0,0.0,1.0,0.0,0.0,0.0,1.0,1.0,-20.3805859,-40.505194,SPRF-ES,DEL01-ES,UOP01-DEL01-ES,2025-05-23 19:30:00,2025.0,5.0,19.0,noite,True,0,moderado,BR-262
693344.0,2025-05-24,sabado,07:20,ES,101.0,272.0,SERRA,Acumulo de água sobre o pavimento,Queda de ocupante de veículo,Com Vítimas Feridas,Pleno dia,Crescente,Chuva,Dupla,Reta,Não,1.0,0.0,1.0,0.0,0.0,0.0,1.0,1.0,-20.22724888,-40.28426988,SPRF-ES,DEL02-ES,UOP01-DEL02-ES,2025-05-24 07:20:00,2025.0,5.0,7.0,manha,True,0,moderado,BR-101
693493.0,2025-05-24,sabado,17:40,ES,101.0,255.0,SERRA,Reação tardia ou ineficiente do condutor,Atropelamento de Pedestre,Com Vítimas Feridas,Anoitecer,Crescente,Chuva,Simples,Reta,Sim,2.0,0.0,0.0,1.0,0.0,1.0,1.0,2.0,-20.117527,-40.314354,SPRF-ES,DEL02-ES,UOP01-DEL02-ES,2025-05-24 17:40:00,2025.0,5.0,17.0,tarde,True,1,grave,BR-101
693655.0,2025-05-09,sexta,11:25,ES,101.0,265.5,SERRA,Condutor desrespeitou a iluminação vermelha do semáforo,Colisão transversal,Com Vítimas Feridas,Pleno dia,Crescente,Céu Claro,Múltipla,Reta,Sim,2.0,0.0,2.0,0.0,0.0,0.0,2.0,2.0,-20.1906852,-40.26840712,SPRF-ES,DEL02-ES,UOP01-DEL02-ES,2025-05-09 11:25:00,2025.0,5.0,11.0,manha,True,0,moderado,BR-101
693671.0,2025-05-25,domingo,17:56,ES,101.0,271.0,SERRA,Condutor deixou de manter distância do veículo da frente,Colisão traseira,Com Vítimas Feridas,Anoitecer,Decrescente,Céu Claro,Dupla,Reta,Sim,3.0,0.0,1.0,0.0,1.0,1.0,1.0,2.0,-20.23044915,-40.28023481,SPRF-ES,DEL02-ES,UOP01-DEL02-ES,2025-05-25 17:56:00,2025.0,5.0,17.0,tarde,True,0,moderado,BR-101
693730.0,2025-05-25,domingo,23:55,ES,101.0,304.8,VIANA,Ausência de reação do condutor,Tombamento,Com Vítimas Feridas,Plena Noite,Crescente,Chuva,Dupla,Reta,Sim,1.0,0.0,1.0,0.0,0.0,0.0,1.0,1.0,-20.38267822,-40.45925617,SPRF-ES,DEL01-ES,UOP01-DEL01-ES,2025-05-25 23:55:00,2025.0,5.0,23.0,noite,True,0,moderado,BR-101
693847.0,2025-05-18,domingo,20:30,ES,101.0,255.5,SERRA,Condutor desrespeitou a iluminação vermelha do semáforo,Colisão transversal,Com Vítimas Feridas,Plena Noite,Crescente,Céu Claro,Simples,Interseção de Vias,Sim,4.0,0.0,3.0,0.0,0.0,1.0,3.0,3.0,-20.11732584,-40.31478167,SPRF-ES,DEL02-ES,UOP01-DEL02-ES,2025-05-18 20:30:00,2025.0,5.0,20.0,noite,True,0,moderado,BR-101
693949.0,2025-05-14,quarta,17:20,ES,101.0,270.0,SERRA,Reação tardia ou ineficiente do condutor,Colisão traseira,Com Vítimas Feridas,Anoitecer,Decrescente,Chuva,Múltipla,Reta,Sim,2.0,0.0,1.0,0.0,1.0,0.0,1.0,2.0,-20.229368,-40.272189,SPRF-ES,DEL02-ES,UOP01-DEL02-ES,2025-05-14 17:20:00,2025.0,5.0,17.0,tarde,True,0,moderado,BR-101
694149.0,2025-05-27,terca,22:15,ES,101.0,251.9,SERRA,Reação tardia ou ineficiente do condutor,Colisão com objeto,Com Vítimas Feridas,Plena Noite,Decrescente,Céu Claro,Simples,Reta,Não,1.0,0.0,1.0,0.0,0.0,0.0,1.0,1.0,-20.09685719,-40.33920818,SPRF-ES,DEL02-ES,UOP01-DEL02-ES,2025-05-27 22:15:00,2025.0,5.0,22.0,noite,True,0,moderado,BR-101
694167.0,2025-05-28,quarta,02:40,ES,101.0,265.0,SERRA,Ausência de reação do condutor,Capotamento,Com Vítimas Feridas,Plena Noite,Decrescente,Ignorado,Dupla,Reta,Sim,1.0,0.0,0.0,1.0,0.0,0.0,1.0,1.0,-20.18453806,-40.26700526,SPRF-ES,DEL02-ES,UOP01-DEL02-ES,2025-05-28 02:40:00,2025.0,5.0,2.0,madrugada,True,1,grave,BR-101
694317.0,2025-05-28,quarta,18:00,ES,101.0,264.0,SERRA,Ausência de reação do condutor,Colisão traseira,Com Vítimas Feridas,Anoitecer,Decrescente,Chuva,Múltipla,Interseção de Vias,Sim,2.0,0.0,0.0,1.0,1.0,0.0,1.0,2.0,-20.17804445,-40.26562982,SPRF-ES,DEL02-ES,UOP01-DEL02-ES,2025-05-28 18:00:00,2025.0,5.0,18.0,noite,True,1,grave,BR-101
694482.0,2025-05-29,quinta,17:20,ES,101.0,287.3,CARIACICA,Manobra de mudança de faixa,Colisão lateral mesmo sentido,Com Vítimas Feridas,Anoitecer,Crescente,Nublado,Dupla,Reta,Sim,2.0,0.0,1.0,0.0,1.0,0.0,1.0,2.0,-20.26685007,-40.386986,SPRF-ES,DEL01-ES,UOP01-DEL01-ES,2025-05-29 17:20:00,2025.0,5.0,17.0,tarde,True,0,moderado,BR-101
694663.0,2025-05-30,sexta,14:40,ES,101.0,264.4,SERRA,Retorno proibido,Colisão transversal,Com Vítimas Feridas,Pleno dia,Decrescente,Nublado,Dupla,Reta,Não,3.0,0.0,0.0,1.0,2.0,0.0,1.0,2.0,-20.176,-40.265,SPRF-ES,DEL02-ES,UOP01-DEL02-ES,2025-05-30 14:40:00,2025.0,5.0,14.0,tarde,True,1,grave,BR-101
694682.0,2025-05-30,sexta,16:30,ES,101.0,271.0,SERRA,Acessar a via sem observar a presença dos outros veículos,Colisão transversal,Com Vítimas Feridas,Pleno dia,Crescente,Céu Claro,Múltipla,Reta,Sim,3.0,0.0,2.0,0.0,1.0,0.0,2.0,2.0,-20.231522,-40.278382,SPRF-ES,DEL02-ES,UOP01-DEL02-ES,2025-05-30 16:30:00,2025.0,5.0,16.0,tarde,True,0,moderado,BR-101
694827.0,2025-05-31,sabado,06:42,ES,101.0,342.5,GUARAPARI,Velocidade Incompatível,Saída de leito carroçável,Sem Vítimas,Pleno dia,Crescente,Chuva,Dupla,Curva;Aclive,Não,1.0,0.0,0.0,0.0,1.0,0.0,0.0,1.0,-20.65842407,-40.58503501,SPRF-ES,DEL03-ES,UOP01-DEL03-ES,2025-05-31 06:42:00,2025.0,5.0,6.0,manha,True,0,baixo,BR-101
694851.0,2025-05-31,sabado,08:47,ES,101.0,259.4,SERRA,Acesso irregular,Atropelamento de Pedestre,Com Vítimas Fatais,Pleno dia,Crescente,Céu Claro,Dupla,Reta,Sim,2.0,1.0,0.0,0.0,1.0,0.0,0.0,2.0,-20.0369655,-40.4089556,SPRF-ES,DEL02-ES,UOP01-DEL02-ES,2025-05-31 08:47:00,2025.0,5.0,8.0,manha,True,1,fatal,BR-101
694869.0,2025-05-31,sabado,06:10,ES,101.0,280.0,SERRA,Manobra de mudança de faixa,Colisão com objeto,Sem Vítimas,Pleno dia,Crescente,Céu Claro,Simples,Reta,Não,1.0,0.0,0.0,0.0,0.0,1.0,0.0,1.0,-20.2214658,-40.3580904,SPRF-ES,DEL02-ES,UOP01-DEL02-ES,2025-05-31 06:10:00,2025.0,5.0,6.0,manha,True,0,baixo,BR-101
694891.0,2025-05-31,sabado,12:55,ES,101.0,289.8,CARIACICA,Velocidade Incompatível,Saída de leito carroçável,Com Vítimas Feridas,Pleno dia,Decrescente,Nublado,Simples,Reta;Declive,Não,2.0,0.0,2.0,0.0,0.0,0.0,2.0,1.0,-20.28480583,-40.39270369,SPRF-ES,DEL01-ES,UOP01-DEL01-ES,2025-05-31 12:55:00,2025.0,5.0,12.0,tarde,True,0,moderado,BR-101
694920.0,2025-05-31,sabado,15:30,ES,101.0,333.0,GUARAPARI,Avarias e/ou desgaste excessivo no pneu,Queda de ocupante de veículo,Com Vítimas Feridas,Pleno dia,Crescente,Nublado,Dupla,Reta,Não,2.0,0.0,2.0,0.0,0.0,0.0,2.0,1.0,-20.6149111,-40.5152516,SPRF-ES,DEL03-ES,UOP01-DEL03-ES,2025-05-31 15:30:00,2025.0,5.0,15.0,tarde,True,0,moderado,BR-101
695019.0,2025-05-31,sabado,22:10,ES,101.0,264.0,SERRA,Ausência de reação do condutor,Queda de ocupante de veículo,Com Vítimas Feridas,Plena Noite,Crescente,Céu Claro,Múltipla,Reta,Sim,1.0,0.0,1.0,0.0,0.0,0.0,1.0,1.0,-20.18374253,-40.26641518,SPRF-ES,DEL02-ES,UOP01-DEL02-ES,2025-05-31 22:10:00,2025.0,5.0,22.0,noite,True,0,moderado,BR-101
695148.0,2025-03-05,quarta,20:30,ES,101.0,298.0,VIANA,Ausência de reação do condutor,Queda de ocupante de veículo,Com Vítimas Feridas,Plena Noite,Decrescente,Ignorado,Dupla,Curva,Não,1.0,0.0,0.0,1.0,0.0,0.0,1.0,1.0,-20.354248,-40.41616,SPRF-ES,DEL01-ES,UOP01-DEL01-ES,2025-03-05 20:30:00,2025.0,3.0,20.0,noite,True,1,grave,BR-101
695320.0,2025-06-02,segunda,07:40,ES,101.0,294.7,CARIACICA,Ausência de reação do condutor,Colisão lateral mesmo sentido,Com Vítimas Feridas,Pleno dia,Crescente,Céu Claro,Dupla,Reta,Sim,2.0,0.0,1.0,0.0,0.0,1.0,1.0,2.0,-20.32902159,-40.39848089,SPRF-ES,DEL01-ES,UOP01-DEL01-ES,2025-06-02 07:40:00,2025.0,6.0,7.0,manha,True,0,moderado,BR-101
695358.0,2025-06-02,segunda,13:15,ES,101.0,265.8,SERRA,Reação tardia ou ineficiente do condutor,Colisão lateral mesmo sentido,Com Vítimas Feridas,Pleno dia,Decrescente,Nublado,Múltipla,Reta,Sim,2.0,0.0,2.0,0.0,0.0,0.0,2.0,2.0,-20.1880472,-40.2687369,SPRF-ES,DEL02-ES,UOP01-DEL02-ES,2025-06-02 13:15:00,2025.0,6.0,13.0,tarde,True,0,moderado,BR-101
695484.0,2025-06-03,terca,02:00,ES,101.0,265.0,SERRA,Entrada inopinada do pedestre,Atropelamento de Pedestre,Com Vítimas Feridas,Plena Noite,Crescente,Chuva,Dupla,Reta,Sim,2.0,0.0,0.0,1.0,1.0,0.0,1.0,2.0,-20.18679475,-40.26808083,SPRF-ES,DEL02-ES,UOP01-DEL02-ES,2025-06-03 02:00:00,2025.0,6.0,2.0,madrugada,True,1,grave,BR-101
695600.0,2025-06-03,terca,17:00,ES,101.0,266.0,SERRA,Manobra de mudança de faixa,Colisão lateral mesmo sentido,Com Vítimas Feridas,Anoitecer,Decrescente,Nublado,Dupla,Reta,Sim,2.0,0.0,1.0,0.0,1.0,0.0,1.0,2.0,-20.194865,-40.268418,SPRF-ES,DEL02-ES,UOP01-DEL02-ES,2025-06-03 17:00:00,2025.0,6.0,17.0,tarde,True,0,moderado,BR-101
695660.0,2025-06-03,terca,18:55,ES,101.0,267.8,SERRA,Manobra de mudança de faixa,Colisão traseira,Sem Vítimas,Plena Noite,Decrescente,Chuva,Múltipla,Reta,Sim,2.0,0.0,0.0,0.0,2.0,0.0,0.0,2.0,-20.2066465,-40.2691885,SPRF-ES,DEL02-ES,UOP01-DEL02-ES,2025-06-03 18:55:00,2025.0,6.0,18.0,noite,True,0,baixo,BR-101
695705.0,2025-06-04,quarta,05:55,ES,101.0,265.7,SERRA,Ausência de reação do condutor,Colisão lateral mesmo sentido,Com Vítimas Feridas,Amanhecer,Crescente,Ignorado,Dupla,Reta,Sim,2.0,0.0,1.0,0.0,1.0,0.0,1.0,2.0,-20.196453,-40.268785,SPRF-ES,DEL02-ES,UOP01-DEL02-ES,2025-06-04 05:55:00,2025.0,6.0,5.0,madrugada,True,0,moderado,BR-101
695748.0,2025-06-04,quarta,08:35,ES,101.0,297.8,CARIACICA,Manobra de mudança de faixa,Colisão lateral mesmo sentido,Com Vítimas Feridas,Pleno dia,Crescente,Sol,Dupla,Reta,Sim,3.0,0.0,2.0,0.0,1.0,0.0,2.0,2.0,-20.34842595,-40.41178107,SPRF-ES,DEL01-ES,UOP01-DEL01-ES,2025-06-04 08:35:00,2025.0,6.0,8.0,manha,True,0,moderado,BR-101
695805.0,2025-06-04,quarta,14:40,ES,262.0,0.7,CARIACICA,Reação tardia ou ineficiente do condutor,Colisão traseira,Com Vítimas Feridas,Pleno dia,Decrescente,Céu Claro,Dupla,Ponte,Não,2.0,0.0,1.0,0.0,1.0,0.0,1.0,2.0,-20.32699,-40.35472,SPRF-ES,DEL01-ES,UOP01-DEL01-ES,2025-06-04 14:40:00,2025.0,6.0,14.0,tarde,True,0,moderado,BR-262
695829.0,2025-04-05,sabado,18:15,ES,101.0,285.1,CARIACICA,Pedestre cruzava a pista fora da faixa,Atropelamento de Pedestre,Com Vítimas Feridas,Plena Noite,Crescente,Nublado,Dupla,Reta,Sim,2.0,0.0,0.0,1.0,1.0,0.0,1.0,2.0,-20.253721,-40.374341,SPRF-ES,DEL01-ES,UOP01-DEL01-ES,2025-04-05 18:15:00,2025.0,4.0,18.0,noite,True,1,grave,BR-101
696072.0,2025-06-05,quinta,18:09,ES,101.0,264.0,SERRA,Reação tardia ou ineficiente do condutor,Colisão lateral mesmo sentido,Com Vítimas Feridas,Plena Noite,Decrescente,Céu Claro,Dupla,Reta,Sim,2.0,0.0,0.0,1.0,0.0,1.0,1.0,2.0,-20.179607,-40.265201,SPRF-ES,DEL02-ES,UOP01-DEL02-ES,2025-06-05 18:09:00,2025.0,6.0,18.0,noite,True,1,grave,BR-101
696080.0,2025-06-05,quinta,18:00,ES,262.0,26.9,VIANA,Manobra de mudança de faixa,Colisão lateral mesmo sentido,Com Vítimas Feridas,Anoitecer,Decrescente,Nublado,Simples,Curva,Não,2.0,0.0,1.0,0.0,0.0,1.0,1.0,2.0,-20.38294909,-40.55124521,SPRF-ES,DEL01-ES,UOP01-DEL01-ES,2025-06-05 18:00:00,2025.0,6.0,18.0,noite,True,0,moderado,BR-262
696104.0,2025-06-05,quinta,20:15,ES,101.0,259.0,SERRA,Ausência de reação do condutor,Queda de ocupante de veículo,Com Vítimas Fatais,Plena Noite,Decrescente,Nublado,Dupla,Reta,Sim,3.0,2.0,0.0,0.0,1.0,0.0,0.0,2.0,-20.13930636,-40.29233694,SPRF-ES,DEL02-ES,UOP01-DEL02-ES,2025-06-05 20:15:00,2025.0,6.0,20.0,noite,True,1,fatal,BR-101
696138.0,2025-06-06,sexta,03:00,ES,101.0,264.0,SERRA,Ingestão de álcool pelo condutor,Colisão com objeto,Sem Vítimas,Plena Noite,Crescente,Céu Claro,Múltipla,Interseção de Vias,Sim,1.0,0.0,0.0,0.0,1.0,0.0,0.0,1.0,-20.17789511,-40.26540667,SPRF-ES,DEL02-ES,UOP01-DEL02-ES,2025-06-06 03:00:00,2025.0,6.0,3.0,madrugada,True,0,baixo,BR-101
696366.0,2025-06-06,sexta,22:50,ES,101.0,269.0,SERRA,Manobra de mudança de faixa,Tombamento,Com Vítimas Feridas,Pleno dia,Decrescente,Céu Claro,Dupla,Reta,Sim,1.0,0.0,1.0,0.0,0.0,0.0,1.0,1.0,-20.21919388,-40.27021408,SPRF-ES,DEL02-ES,UOP01-DEL02-ES,2025-06-06 22:50:00,2025.0,6.0,22.0,noite,True,0,moderado,BR-101
696429.0,2025-06-07,sabado,06:45,ES,101.0,252.9,SERRA,Acessar a via sem observar a presença dos outros veículos,Tombamento,Com Vítimas Feridas,Pleno dia,Crescente,Céu Claro,Simples,Reta;Interseção de Vias,Não,1.0,0.0,0.0,1.0,0.0,0.0,1.0,1.0,-20.10481,-40.33258,SPRF-ES,DEL02-ES,UOP01-DEL02-ES,2025-06-07 06:45:00,2025.0,6.0,6.0,manha,True,1,grave,BR-101
696445.0,2025-06-07,sabado,08:30,ES,101.0,264.2,SERRA,Manobra de mudança de faixa,Colisão lateral mesmo sentido,Com Vítimas Feridas,Pleno dia,Crescente,Céu Claro,Dupla,Reta,Não,2.0,0.0,0.0,1.0,1.0,0.0,1.0,2.0,-20.17582,-40.26622,SPRF-ES,DEL02-ES,UOP01-DEL02-ES,2025-06-07 08:30:00,2025.0,6.0,8.0,manha,True,1,grave,BR-101
696481.0,2025-06-07,sabado,08:30,ES,101.0,13.0,SERRA,Reação tardia ou ineficiente do condutor,Tombamento,Sem Vítimas,Pleno dia,Crescente,Céu Claro,Dupla,Reta,Não,1.0,0.0,0.0,0.0,0.0,1.0,0.0,1.0,-20.170852,-40.347757,SPRF-ES,DEL02-ES,UOP01-DEL02-ES,2025-06-07 08:30:00,2025.0,6.0,8.0,manha,True,0,baixo,BR-101
696539.0,2025-06-07,sabado,16:30,ES,101.0,282.4,CARIACICA,Avarias e/ou desgaste excessivo no pneu,Queda de ocupante de veículo,Com Vítimas Feridas,Pleno dia,Decrescente,Nublado,Dupla,Reta,Não,2.0,0.0,1.0,0.0,1.0,0.0,1.0,1.0,-20.22700071,-40.36444394,SPRF-ES,DEL01-ES,UOP01-DEL01-ES,2025-06-07 16:30:00,2025.0,6.0,16.0,tarde,True,0,moderado,BR-101
696559.0,2025-06-07,sabado,17:30,ES,101.0,14.0,SERRA,Avarias e/ou desgaste excessivo no pneu,Tombamento,Com Vítimas Feridas,Anoitecer,Crescente,Céu Claro,Dupla,Curva,Não,2.0,0.0,1.0,1.0,0.0,0.0,2.0,1.0,-20.20632,-40.333585,SPRF-ES,DEL02-ES,UOP01-DEL02-ES,2025-06-07 17:30:00,2025.0,6.0,17.0,tarde,True,1,grave,BR-101
696690.0,2025-06-08,domingo,05:00,ES,101.0,289.8,CARIACICA,Reação tardia ou ineficiente do condutor,Saída de leito carroçável,Sem Vítimas,Plena Noite,Decrescente,Nublado,Dupla,Reta;Declive,Sim,1.0,0.0,0.0,0.0,1.0,0.0,0.0,1.0,-20.2873756,-40.3919448,SPRF-ES,DEL01-ES,UOP01-DEL01-ES,2025-06-08 05:00:00,2025.0,6.0,5.0,madrugada,True,0,baixo,BR-101
696988.0,2025-06-09,segunda,12:00,ES,101.0,290.7,CARIACICA,Manobra de mudança de faixa,Colisão lateral mesmo sentido,Com Vítimas Feridas,Pleno dia,Crescente,Céu Claro,Dupla,Reta,Sim,3.0,0.0,0.0,2.0,1.0,0.0,2.0,2.0,-20.29494211,-40.39327383,SPRF-ES,DEL01-ES,UOP01-DEL01-ES,2025-06-09 12:00:00,2025.0,6.0,12.0,tarde,True,1,grave,BR-101
696991.0,2025-06-09,segunda,12:00,ES,101.0,266.9,SERRA,Reação tardia ou ineficiente do condutor,Queda de ocupante de veículo,Com Vítimas Feridas,Pleno dia,Crescente,Céu Claro,Dupla,Reta,Sim,1.0,0.0,1.0,0.0,0.0,0.0,1.0,1.0,-20.129886,-40.296982,SPRF-ES,DEL02-ES,UOP01-DEL02-ES,2025-06-09 12:00:00,2025.0,6.0,12.0,tarde,True,0,moderado,BR-101
697102.0,2025-06-09,segunda,19:30,ES,101.0,294.7,CARIACICA,Condutor desrespeitou a iluminação vermelha do semáforo,Colisão lateral mesmo sentido,Sem Vítimas,Plena Noite,Decrescente,Nublado,Múltipla,Interseção de Vias,Sim,2.0,0.0,0.0,0.0,2.0,0.0,0.0,2.0,-20.32992924,-40.39880991,SPRF-ES,DEL01-ES,UOP01-DEL01-ES,2025-06-09 19:30:00,2025.0,6.0,19.0,noite,True,0,baixo,BR-101
697148.0,2025-06-10,terca,05:40,ES,101.0,274.0,VITORIA,Demais falhas mecânicas ou elétricas,Queda de ocupante de veículo,Com Vítimas Feridas,Amanhecer,Decrescente,Nublado,Dupla,Reta,Não,2.0,0.0,2.0,0.0,0.0,0.0,2.0,1.0,-20.2604544,-40.2784256,SPRF-ES,DEL02-ES,UOP01-DEL02-ES,2025-06-10 05:40:00,2025.0,6.0,5.0,madrugada,True,0,moderado,BR-101
697154.0,2025-06-10,terca,07:20,ES,101.0,268.9,SERRA,Manobra de mudança de faixa,Colisão lateral mesmo sentido,Com Vítimas Feridas,Pleno dia,Crescente,Nublado,Dupla,Reta,Sim,2.0,0.0,1.0,0.0,0.0,1.0,1.0,2.0,-20.22076653,-40.27025521,SPRF-ES,DEL02-ES,UOP01-DEL02-ES,2025-06-10 07:20:00,2025.0,6.0,7.0,manha,True,0,moderado,BR-101
697177.0,2025-06-10,terca,09:00,ES,101.0,269.4,SERRA,Condutor deixou de manter distância do veículo da frente,Colisão traseira,Com Vítimas Feridas,Pleno dia,Decrescente,Céu Claro,Múltipla,Reta,Não,2.0,0.0,1.0,0.0,1.0,0.0,1.0,2.0,-20.22176196,-40.2701962,SPRF-ES,DEL02-ES,UOP01-DEL02-ES,2025-06-10 09:00:00,2025.0,6.0,9.0,manha,True,0,moderado,BR-101
697185.0,2025-06-10,terca,09:52,ES,101.0,268.7,SERRA,Trafegar com motocicleta (ou similar) entre as faixas,Tombamento,Com Vítimas Feridas,Pleno dia,Crescente,Céu Claro,Múltipla,Reta,Sim,1.0,0.0,0.0,1.0,0.0,0.0,1.0,1.0,-20.0488571,-40.3866823,SPRF-ES,DEL02-ES,UOP01-DEL02-ES,2025-06-10 09:52:00,2025.0,6.0,9.0,manha,True,1,grave,BR-101
697203.0,2025-06-10,terca,11:43,ES,101.0,269.5,SERRA,Ausência de reação do condutor,Colisão traseira,Com Vítimas Feridas,Pleno dia,Decrescente,Sol,Múltipla,Reta;Interseção de Vias,Sim,2.0,0.0,1.0,0.0,1.0,0.0,1.0,2.0,-20.22198245,-40.2702551,SPRF-ES,DEL02-ES,UOP01-DEL02-ES,2025-06-10 11:43:00,2025.0,6.0,11.0,manha,True,0,moderado,BR-101
697212.0,2025-06-10,terca,08:00,ES,101.0,296.0,CARIACICA,Acessar a via sem observar a presença dos outros veículos,Colisão traseira,Com Vítimas Feridas,Pleno dia,Crescente,Chuva,Dupla,Curva;Retorno Regulamentado;Viaduto,Sim,5.0,0.0,2.0,0.0,3.0,0.0,2.0,3.0,-20.34169572,-40.40556084,SPRF-ES,DEL01-ES,UOP01-DEL01-ES,2025-06-10 08:00:00,2025.0,6.0,8.0,manha,True,0,moderado,BR-101
697357.0,2025-06-11,quarta,07:10,ES,101.0,267.9,SERRA,Ausência de reação do condutor,Tombamento,Com Vítimas Feridas,Pleno dia,Crescente,Nublado,Múltipla,Reta,Sim,1.0,0.0,1.0,0.0,0.0,0.0,1.0,1.0,-20.207284,-40.269528,SPRF-ES,DEL02-ES,UOP01-DEL02-ES,2025-06-11 07:10:00,2025.0,6.0,7.0,manha,True,0,moderado,BR-101
697432.0,2025-06-11,quarta,14:19,ES,101.0,287.0,CARIACICA,Velocidade Incompatível,Colisão traseira,Com Vítimas Feridas,Pleno dia,Decrescente,Garoa/Chuvisco,Dupla,Retorno Regulamentado,Sim,3.0,0.0,1.0,1.0,1.0,0.0,2.0,2.0,-20.26612129,-40.38619341,SPRF-ES,DEL01-ES,UOP01-DEL01-ES,2025-06-11 14:19:00,2025.0,6.0,14.0,tarde,True,1,grave,BR-101
697488.0,2025-06-11,quarta,19:00,ES,101.0,290.6,CARIACICA,Manobra de mudança de faixa,Colisão traseira,Com Vítimas Feridas,Plena Noite,Decrescente,Nublado,Dupla,Reta;Retorno Regulamentado,Não,3.0,0.0,2.0,0.0,1.0,0.0,2.0,2.0,-20.294183,-40.393092,SPRF-ES,DEL01-ES,UOP01-DEL01-ES,2025-06-11 19:00:00,2025.0,6.0,19.0,noite,True,0,moderado,BR-101
697492.0,2025-06-11,quarta,19:50,ES,101.0,305.1,VIANA,Chuva,Saída de leito carroçável,Com Vítimas Feridas,Plena Noite,Decrescente,Chuva,Múltipla,Reta,Não,1.0,0.0,1.0,0.0,0.0,0.0,1.0,1.0,-20.38654947,-40.46307564,SPRF-ES,DEL01-ES,UOP01-DEL01-ES,2025-06-11 19:50:00,2025.0,6.0,19.0,noite,True,0,moderado,BR-101
697513.0,2025-06-11,quarta,21:29,ES,101.0,296.9,CARIACICA,Ausência de reação do condutor,Tombamento,Com Vítimas Feridas,Plena Noite,Crescente,Nublado,Dupla,Reta,Sim,2.0,0.0,1.0,0.0,1.0,0.0,1.0,1.0,-20.34577373,-40.41070819,SPRF-ES,DEL01-ES,UOP01-DEL01-ES,2025-06-11 21:29:00,2025.0,6.0,21.0,noite,True,0,moderado,BR-101
697604.0,2025-06-12,quinta,09:50,ES,101.0,8.0,SERRA,Ausência de reação do condutor,Queda de ocupante de veículo,Com Vítimas Feridas,Pleno dia,Crescente,Céu Claro,Dupla,Reta,Não,1.0,0.0,0.0,1.0,0.0,0.0,1.0,1.0,-20.04887441,-40.3865193,SPRF-ES,DEL02-ES,UOP01-DEL02-ES,2025-06-12 09:50:00,2025.0,6.0,9.0,manha,True,1,grave,BR-101
697658.0,2025-06-12,quinta,15:30,ES,262.0,20.0,VIANA,Condutor desrespeitou a iluminação vermelha do semáforo,Colisão transversal,Com Vítimas Feridas,Pleno dia,Crescente,Céu Claro,Simples,Reta,Sim,2.0,0.0,1.0,0.0,1.0,0.0,1.0,2.0,-20.3885841,-40.4949076,SPRF-ES,DEL01-ES,UOP01-DEL01-ES,2025-06-12 15:30:00,2025.0,6.0,15.0,tarde,True,0,moderado,BR-262
697741.0,2025-06-12,quinta,20:55,ES,262.0,18.0,VIANA,Ausência de reação do condutor,Tombamento,Com Vítimas Feridas,Plena Noite,Crescente,Céu Claro,Simples,Reta,Sim,1.0,0.0,1.0,0.0,0.0,0.0,1.0,1.0,-20.38815306,-40.47669975,SPRF-ES,DEL01-ES,UOP01-DEL01-ES,2025-06-12 20:55:00,2025.0,6.0,20.0,noite,True,0,moderado,BR-262
697942.0,2025-06-13,sexta,18:20,ES,101.0,266.2,SERRA,Pedestre cruzava a pista fora da faixa,Atropelamento de Pedestre,Com Vítimas Fatais,Plena Noite,Crescente,Nublado,Dupla,Reta,Sim,2.0,1.0,1.0,0.0,0.0,0.0,1.0,2.0,-20.04889234,-40.38647665,SPRF-ES,DEL02-ES,UOP01-DEL02-ES,2025-06-13 18:20:00,2025.0,6.0,18.0,noite,True,1,fatal,BR-101
698018.0,2025-06-13,sexta,23:30,ES,101.0,260.6,SERRA,Acesso irregular,Colisão transversal,Com Vítimas Feridas,Plena Noite,Decrescente,Céu Claro,Dupla,Curva,Não,2.0,0.0,0.0,1.0,1.0,0.0,1.0,2.0,-20.14718146,-40.28093577,SPRF-ES,DEL02-ES,UOP01-DEL02-ES,2025-06-13 23:30:00,2025.0,6.0,23.0,noite,True,1,grave,BR-101
698085.0,2025-06-14,sabado,12:00,ES,101.0,281.0,SERRA,Reação tardia ou ineficiente do condutor,Tombamento,Com Vítimas Feridas,Pleno dia,Crescente,Céu Claro,Dupla,Reta,Não,2.0,0.0,2.0,0.0,0.0,0.0,2.0,1.0,-20.22353411,-40.36114296,SPRF-ES,DEL02-ES,UOP01-DEL02-ES,2025-06-14 12:00:00,2025.0,6.0,12.0,tarde,True,0,moderado,BR-101
698093.0,2025-06-14,sabado,13:30,ES,101.0,289.9,CARIACICA,Manobra de mudança de faixa,Colisão lateral mesmo sentido,Com Vítimas Feridas,Pleno dia,Crescente,Nublado,Dupla,Reta,Não,2.0,0.0,1.0,0.0,0.0,1.0,1.0,2.0,-20.28341071,-40.39319706,SPRF-ES,DEL01-ES,UOP01-DEL01-ES,2025-06-14 13:30:00,2025.0,6.0,13.0,tarde,True,0,moderado,BR-101
698099.0,2025-06-14,sabado,14:20,ES,101.0,267.5,SERRA,Condutor deixou de manter distância do veículo da frente,Colisão traseira,Com Vítimas Feridas,Pleno dia,Decrescente,Céu Claro,Múltipla,Reta,Sim,2.0,0.0,1.0,0.0,1.0,0.0,1.0,2.0,-20.19987382,-40.26886135,SPRF-ES,DEL02-ES,UOP01-DEL02-ES,2025-06-14 14:20:00,2025.0,6.0,14.0,tarde,True,0,moderado,BR-101
698112.0,2025-06-14,sabado,16:00,ES,101.0,262.1,SERRA,Trafegar com motocicleta (ou similar) entre as faixas,Queda de ocupante de veículo,Com Vítimas Feridas,Pleno dia,Decrescente,Céu Claro,Dupla,Reta,Sim,2.0,0.0,1.0,1.0,0.0,0.0,2.0,1.0,-20.04888827,-40.38647878,SPRF-ES,DEL02-ES,UOP01-DEL02-ES,2025-06-14 16:00:00,2025.0,6.0,16.0,tarde,True,1,grave,BR-101
698283.0,2025-06-15,domingo,12:25,ES,101.0,270.6,SERRA,Conversão proibida,Colisão traseira,Com Vítimas Feridas,Pleno dia,Decrescente,Nublado,Múltipla,Reta,Não,3.0,0.0,1.0,0.0,2.0,0.0,1.0,2.0,-20.23076167,-40.27322667,SPRF-ES,DEL02-ES,UOP01-DEL02-ES,2025-06-15 12:25:00,2025.0,6.0,12.0,tarde,True,0,moderado,BR-101
698300.0,2025-06-15,domingo,14:15,ES,101.0,260.1,SERRA,Condutor deixou de manter distância do veículo da frente,Colisão traseira,Com Vítimas Feridas,Pleno dia,Decrescente,Céu Claro,Simples,Reta;Aclive,Não,3.0,0.0,1.0,0.0,2.0,0.0,1.0,2.0,-20.146443,-40.285803,SPRF-ES,DEL02-ES,UOP01-DEL02-ES,2025-06-15 14:15:00,2025.0,6.0,14.0,tarde,True,0,moderado,BR-101
698311.0,2025-06-15,domingo,15:00,ES,101.0,308.6,VIANA,Ausência de reação do condutor,Colisão transversal,Com Vítimas Fatais,Pleno dia,Crescente,Céu Claro,Dupla,Reta,Não,3.0,1.0,0.0,0.0,2.0,0.0,0.0,2.0,-20.4102156,-40.4581576,SPRF-ES,DEL01-ES,UOP01-DEL01-ES,2025-06-15 15:00:00,2025.0,6.0,15.0,tarde,True,1,fatal,BR-101
698410.0,2025-06-16,segunda,00:00,ES,101.0,266.7,SERRA,Demais falhas mecânicas ou elétricas,Tombamento,Com Vítimas Feridas,Plena Noite,Crescente,Nublado,Múltipla,Reta,Sim,2.0,0.0,0.0,2.0,0.0,0.0,2.0,1.0,-20.197344,-40.268765,SPRF-ES,DEL02-ES,UOP01-DEL02-ES,2025-06-16 00:00:00,2025.0,6.0,0.0,madrugada,True,1,grave,BR-101
698507.0,2025-06-16,segunda,12:00,ES,101.0,296.0,CARIACICA,Ausência de reação do condutor,Queda de ocupante de veículo,Com Vítimas Feridas,Pleno dia,Crescente,Céu Claro,Dupla,Curva,Sim,1.0,0.0,1.0,0.0,0.0,0.0,1.0,1.0,-20.34305,-40.406438,SPRF-ES,DEL01-ES,UOP01-DEL01-ES,2025-06-16 12:00:00,2025.0,6.0,12.0,tarde,True,0,moderado,BR-101
698546.0,2025-06-16,segunda,15:30,ES,101.0,282.2,CARIACICA,Avarias e/ou desgaste excessivo no pneu,Queda de ocupante de veículo,Com Vítimas Feridas,Pleno dia,Decrescente,Nublado,Dupla,Reta,Sim,2.0,0.0,2.0,0.0,0.0,0.0,2.0,1.0,-20.22997223,-40.36681652,SPRF-ES,DEL01-ES,UOP01-DEL01-ES,2025-06-16 15:30:00,2025.0,6.0,15.0,tarde,True,0,moderado,BR-101
698577.0,2025-06-16,segunda,18:00,ES,101.0,269.4,SERRA,Acumulo de óleo sobre o pavimento,Queda de ocupante de veículo,Com Vítimas Feridas,Plena Noite,Crescente,Céu Claro,Dupla,Reta,Não,1.0,0.0,0.0,1.0,0.0,0.0,1.0,1.0,-20.0488644,-40.3866806,SPRF-ES,DEL02-ES,UOP01-DEL02-ES,2025-06-16 18:00:00,2025.0,6.0,18.0,noite,True,1,grave,BR-101
698580.0,2025-06-16,segunda,18:10,ES,101.0,285.0,CARIACICA,Pedestre cruzava a pista fora da faixa,Atropelamento de Pedestre,Com Vítimas Feridas,Plena Noite,Crescente,Céu Claro,Múltipla,Reta,Não,2.0,0.0,0.0,1.0,1.0,0.0,1.0,2.0,-20.253575,-40.373956,SPRF-ES,DEL01-ES,UOP01-DEL01-ES,2025-06-16 18:10:00,2025.0,6.0,18.0,noite,True,1,grave,BR-101
698591.0,2025-06-16,segunda,18:30,ES,101.0,270.0,SERRA,Ausência de reação do condutor,Colisão lateral mesmo sentido,Com Vítimas Feridas,Plena Noite,Decrescente,Céu Claro,Dupla,Reta,Sim,3.0,0.0,0.0,2.0,1.0,0.0,2.0,2.0,-20.22378325,-40.2703618,SPRF-ES,DEL02-ES,UOP01-DEL02-ES,2025-06-16 18:30:00,2025.0,6.0,18.0,noite,True,1,grave,BR-101
698601.0,2025-06-16,segunda,20:20,ES,101.0,296.0,CARIACICA,Animais na Pista,Atropelamento de Animal,Com Vítimas Feridas,Plena Noite,Crescente,Céu Claro,Dupla,Curva;Declive,Sim,1.0,0.0,1.0,0.0,0.0,0.0,1.0,1.0,-20.34234973,-40.40584028,SPRF-ES,DEL01-ES,UOP01-DEL01-ES,2025-06-16 20:20:00,2025.0,6.0,20.0,noite,True,0,moderado,BR-101
698671.0,2025-06-17,terca,08:30,ES,101.0,289.8,CARIACICA,Ausência de reação do condutor,Tombamento,Com Vítimas Feridas,Pleno dia,Decrescente,Céu Claro,Dupla,Reta,Sim,1.0,0.0,1.0,0.0,0.0,0.0,1.0,1.0,-20.2856396,-40.39245266,SPRF-ES,DEL01-ES,UOP01-DEL01-ES,2025-06-17 08:30:00,2025.0,6.0,8.0,manha,True,0,moderado,BR-101
698860.0,2025-06-18,quarta,06:30,ES,101.0,268.0,SERRA,Ausência de reação do condutor,Colisão traseira,Com Vítimas Feridas,Pleno dia,Crescente,Céu Claro,Múltipla,Reta,Sim,2.0,0.0,0.0,1.0,0.0,1.0,1.0,2.0,-20.21091801,-40.26978493,SPRF-ES,DEL02-ES,UOP01-DEL02-ES,2025-06-18 06:30:00,2025.0,6.0,6.0,manha,True,1,grave,BR-101
698977.0,2025-06-18,quarta,16:00,ES,101.0,239.9,SERRA,Falta de elemento de contenção que evite a saída do leito carroçável,Capotamento,Sem Vítimas,Pleno dia,Decrescente,Céu Claro,Simples,Reta,Não,1.0,0.0,0.0,0.0,0.0,1.0,0.0,1.0,-20.02819355,-40.39878845,SPRF-ES,DEL02-ES,UOP01-DEL02-ES,2025-06-18 16:00:00,2025.0,6.0,16.0,tarde,True,0,baixo,BR-101
698983.0,2025-06-18,quarta,18:00,ES,101.0,259.0,SERRA,Ausência de reação do condutor,Tombamento,Com Vítimas Feridas,Plena Noite,Decrescente,Céu Claro,Simples,Reta,Não,1.0,0.0,1.0,0.0,0.0,0.0,1.0,1.0,-20.13230003,-40.29399557,SPRF-ES,DEL02-ES,UOP01-DEL02-ES,2025-06-18 18:00:00,2025.0,6.0,18.0,noite,True,0,moderado,BR-101
699124.0,2025-06-19,quinta,08:25,ES,101.0,292.0,CARIACICA,Acessar a via sem observar a presença dos outros veículos,Colisão com objeto,Sem Vítimas,Pleno dia,Decrescente,Céu Claro,Simples,Reta,Sim,2.0,0.0,0.0,0.0,1.0,1.0,0.0,2.0,-20.30675,-40.395132,SPRF-ES,DEL01-ES,UOP01-DEL01-ES,2025-06-19 08:25:00,2025.0,6.0,8.0,manha,True,0,baixo,BR-101
699196.0,2025-06-19,quinta,16:20,ES,101.0,299.9,VIANA,Condutor desrespeitou a iluminação vermelha do semáforo,Colisão transversal,Com Vítimas Feridas,Pleno dia,Crescente,Céu Claro,Múltipla,Declive;Reta,Sim,4.0,0.0,3.0,0.0,1.0,0.0,3.0,2.0,-20.3571773,-40.43008447,SPRF-ES,DEL01-ES,UOP01-DEL01-ES,2025-06-19 16:20:00,2025.0,6.0,16.0,tarde,True,0,moderado,BR-101
699314.0,2025-06-20,sexta,08:30,ES,101.0,288.3,CARIACICA,Ausência de reação do condutor,Queda de ocupante de veículo,Com Vítimas Feridas,Pleno dia,Decrescente,Céu Claro,Dupla,Reta,Sim,1.0,0.0,1.0,0.0,0.0,0.0,1.0,1.0,-20.2728368,-40.39127214,SPRF-ES,DEL01-ES,UOP01-DEL01-ES,2025-06-20 08:30:00,2025.0,6.0,8.0,manha,True,0,moderado,BR-101
699411.0,2025-06-20,sexta,17:10,ES,101.0,300.1,VIANA,Reação tardia ou ineficiente do condutor,Colisão traseira,Com Vítimas Feridas,Anoitecer,Crescente,Céu Claro,Múltipla,Declive;Interseção de Vias,Sim,3.0,0.0,0.0,1.0,2.0,0.0,1.0,2.0,-20.35945765,-40.43340984,SPRF-ES,DEL01-ES,UOP01-DEL01-ES,2025-06-20 17:10:00,2025.0,6.0,17.0,tarde,True,1,grave,BR-101
699576.0,2025-06-21,sabado,16:18,ES,101.0,282.4,CARIACICA,Manobra de mudança de faixa,Queda de ocupante de veículo,Com Vítimas Feridas,Pleno dia,Crescente,Céu Claro,Dupla,Reta,Sim,2.0,0.0,1.0,0.0,1.0,0.0,1.0,2.0,-20.2304138,-40.3672913,SPRF-ES,DEL01-ES,UOP01-DEL01-ES,2025-06-21 16:18:00,2025.0,6.0,16.0,tarde,True,0,moderado,BR-101
699599.0,2025-06-09,segunda,08:00,ES,101.0,276.9,SERRA,Carga excessiva e/ou mal acondicionada,Derramamento de carga,Com Vítimas Feridas,Pleno dia,Decrescente,Sol,Dupla,Reta,Sim,3.0,0.0,1.0,0.0,1.0,1.0,1.0,3.0,-20.2128425,-40.3208445,SPRF-ES,DEL02-ES,UOP01-DEL02-ES,2025-06-09 08:00:00,2025.0,6.0,8.0,manha,True,0,moderado,BR-101
699693.0,2025-06-22,domingo,06:00,ES,101.0,280.5,SERRA,Demais falhas mecânicas ou elétricas,Queda de ocupante de veículo,Com Vítimas Feridas,Amanhecer,Decrescente,Nublado,Dupla,Reta,Não,1.0,0.0,1.0,0.0,0.0,0.0,1.0,1.0,-20.04888867,-40.38648021,SPRF-ES,DEL02-ES,UOP01-DEL02-ES,2025-06-22 06:00:00,2025.0,6.0,6.0,manha,True,0,moderado,BR-101
699752.0,2025-06-22,domingo,13:30,ES,101.0,335.6,GUARAPARI,Reação tardia ou ineficiente do condutor,Colisão transversal,Com Vítimas Feridas,Pleno dia,Crescente,Céu Claro,Dupla,Curva,Não,3.0,0.0,1.0,0.0,2.0,0.0,1.0,2.0,-20.62791666,-40.53403166,SPRF-ES,DEL03-ES,UOP01-DEL03-ES,2025-06-22 13:30:00,2025.0,6.0,13.0,tarde,True,0,moderado,BR-101
699768.0,2025-06-22,domingo,14:30,ES,101.0,301.0,VIANA,Velocidade Incompatível,Capotamento,Com Vítimas Feridas,Pleno dia,Crescente,Céu Claro,Simples,Declive;Curva,Não,2.0,0.0,1.0,0.0,1.0,0.0,1.0,1.0,-20.36924731,-40.44430939,SPRF-ES,DEL01-ES,UOP01-DEL01-ES,2025-06-22 14:30:00,2025.0,6.0,14.0,tarde,True,0,moderado,BR-101
699819.0,2025-06-22,domingo,17:55,ES,101.0,240.6,SERRA,Entrada inopinada do pedestre,Atropelamento de Pedestre,Com Vítimas Fatais,Anoitecer,Crescente,Céu Claro,Dupla,Reta,Não,2.0,1.0,0.0,0.0,1.0,0.0,0.0,2.0,-20.03132299,-40.39736941,SPRF-ES,DEL02-ES,UOP01-DEL02-ES,2025-06-22 17:55:00,2025.0,6.0,17.0,tarde,True,1,fatal,BR-101
699935.0,2025-06-23,segunda,08:34,ES,101.0,284.6,CARIACICA,Afundamento ou ondulação no pavimento,Tombamento,Com Vítimas Feridas,Pleno dia,Decrescente,Céu Claro,Simples,Declive,Sim,2.0,0.0,1.0,1.0,0.0,0.0,2.0,1.0,-20.24802,-40.370447,SPRF-ES,DEL01-ES,UOP01-DEL01-ES,2025-06-23 08:34:00,2025.0,6.0,8.0,manha,True,1,grave,BR-101
699997.0,2025-06-23,segunda,13:00,ES,101.0,257.6,SERRA,Acessar a via sem observar a presença dos outros veículos,Colisão transversal,Com Vítimas Feridas,Pleno dia,Decrescente,Sol,Dupla,Rotatória,Sim,2.0,0.0,0.0,1.0,1.0,0.0,1.0,2.0,-20.12782145,-40.29941549,SPRF-ES,DEL02-ES,UOP01-DEL02-ES,2025-06-23 13:00:00,2025.0,6.0,13.0,tarde,True,1,grave,BR-101
700019.0,2025-06-23,segunda,14:40,ES,101.0,256.9,SERRA,Velocidade Incompatível,Colisão lateral mesmo sentido,Com Vítimas Feridas,Pleno dia,Crescente,Céu Claro,Múltipla,Reta;Declive,Sim,4.0,0.0,2.0,0.0,2.0,0.0,2.0,2.0,-20.12534476,-40.30265808,SPRF-ES,DEL02-ES,UOP01-DEL02-ES,2025-06-23 14:40:00,2025.0,6.0,14.0,tarde,True,0,moderado,BR-101
700043.0,2025-06-23,segunda,17:15,ES,101.0,270.6,SERRA,Acessar a via sem observar a presença dos outros veículos,Colisão transversal,Com Vítimas Feridas,Anoitecer,Crescente,Céu Claro,Múltipla,Reta,Sim,2.0,0.0,1.0,0.0,1.0,0.0,1.0,2.0,-20.230926,-40.27346,SPRF-ES,DEL02-ES,UOP01-DEL02-ES,2025-06-23 17:15:00,2025.0,6.0,17.0,tarde,True,0,moderado,BR-101
700098.0,2025-06-23,segunda,21:10,ES,101.0,270.2,SERRA,Condutor desrespeitou a iluminação vermelha do semáforo,Colisão transversal,Com Vítimas Feridas,Plena Noite,Crescente,Céu Claro,Múltipla,Reta,Não,2.0,0.0,1.0,0.0,1.0,0.0,1.0,2.0,-20.23091223,-40.2733469,SPRF-ES,DEL02-ES,UOP01-DEL02-ES,2025-06-23 21:10:00,2025.0,6.0,21.0,noite,True,0,moderado,BR-101
700248.0,2025-06-24,terca,14:50,ES,101.0,295.0,CARIACICA,Ausência de reação do condutor,Colisão lateral mesmo sentido,Com Vítimas Feridas,Pleno dia,Crescente,Sol,Dupla,Em Obras,Não,2.0,0.0,1.0,0.0,1.0,0.0,1.0,2.0,-20.3318546,-40.3999901,SPRF-ES,DEL01-ES,UOP01-DEL01-ES,2025-06-24 14:50:00,2025.0,6.0,14.0,tarde,True,0,moderado,BR-101
700360.0,2025-06-25,quarta,06:50,ES,101.0,262.7,SERRA,Condutor deixou de manter distância do veículo da frente,Colisão traseira,Com Vítimas Feridas,Pleno dia,Decrescente,Céu Claro,Dupla,Reta,Não,3.0,0.0,2.0,0.0,0.0,1.0,2.0,3.0,-20.16054717,-40.27570583,SPRF-ES,DEL02-ES,UOP01-DEL02-ES,2025-06-25 06:50:00,2025.0,6.0,6.0,manha,True,0,moderado,BR-101
700399.0,2025-06-25,quarta,10:00,ES,101.0,269.3,SERRA,Manobra de mudança de faixa,Colisão lateral mesmo sentido,Com Vítimas Feridas,Pleno dia,Crescente,Nublado,Múltipla,Reta,Sim,2.0,0.0,1.0,0.0,1.0,0.0,1.0,2.0,-20.2205119,-40.2704562,SPRF-ES,DEL02-ES,UOP01-DEL02-ES,2025-06-25 10:00:00,2025.0,6.0,10.0,manha,True,0,moderado,BR-101
700460.0,2025-06-25,quarta,17:55,ES,101.0,283.1,CARIACICA,Manobra de mudança de faixa,Colisão lateral mesmo sentido,Com Vítimas Feridas,Anoitecer,Crescente,Nublado,Dupla,Reta,Sim,3.0,0.0,1.0,0.0,1.0,1.0,1.0,3.0,-20.23517757,-40.36965815,SPRF-ES,DEL01-ES,UOP01-DEL01-ES,2025-06-25 17:55:00,2025.0,6.0,17.0,tarde,True,0,moderado,BR-101
700522.0,2025-06-25,quarta,22:00,ES,101.0,17.9,SERRA,Condutor deixou de manter distância do veículo da frente,Colisão traseira,Com Vítimas Feridas,Plena Noite,Crescente,Céu Claro,Dupla,Reta,Não,3.0,0.0,1.0,0.0,1.0,1.0,1.0,2.0,-20.215975,-40.334882,SPRF-ES,DEL02-ES,UOP01-DEL02-ES,2025-06-25 22:00:00,2025.0,6.0,22.0,noite,True,0,moderado,BR-101
700558.0,2025-06-26,quinta,07:06,ES,101.0,335.0,GUARAPARI,Acumulo de areia ou detritos sobre o pavimento,Queda de ocupante de veículo,Com Vítimas Feridas,Pleno dia,Decrescente,Céu Claro,Simples,Curva,Sim,1.0,0.0,1.0,0.0,0.0,0.0,1.0,1.0,-20.62744994,-40.52738118,SPRF-ES,DEL03-ES,UOP01-DEL03-ES,2025-06-26 07:06:00,2025.0,6.0,7.0,manha,True,0,moderado,BR-101
700625.0,2025-06-26,quinta,13:15,ES,101.0,281.0,SERRA,Demais falhas mecânicas ou elétricas,Tombamento,Com Vítimas Feridas,Pleno dia,Crescente,Céu Claro,Simples,Reta,Não,2.0,0.0,2.0,0.0,0.0,0.0,2.0,1.0,-20.21891645,-40.35015663,SPRF-ES,DEL02-ES,UOP01-DEL02-ES,2025-06-26 13:15:00,2025.0,6.0,13.0,tarde,True,0,moderado,BR-101
700672.0,2025-06-26,quinta,15:00,ES,101.0,14.9,SERRA,Reação tardia ou ineficiente do condutor,Colisão traseira,Com Vítimas Feridas,Pleno dia,Crescente,Céu Claro,Dupla,Reta,Não,3.0,0.0,1.0,1.0,1.0,0.0,2.0,3.0,-20.210955,-40.334542,SPRF-ES,DEL02-ES,UOP01-DEL02-ES,2025-06-26 15:00:00,2025.0,6.0,15.0,tarde,True,1,grave,BR-101
700689.0,2025-06-26,quinta,17:45,ES,101.0,301.0,VIANA,Pedestre andava na pista,Atropelamento de Pedestre,Com Vítimas Feridas,Plena Noite,Decrescente,Céu Claro,Dupla,Reta,Sim,2.0,0.0,1.0,0.0,1.0,0.0,1.0,2.0,-20.3610942,-40.4361423,SPRF-ES,DEL01-ES,UOP01-DEL01-ES,2025-06-26 17:45:00,2025.0,6.0,17.0,tarde,True,0,moderado,BR-101
700698.0,2025-06-26,quinta,18:00,ES,101.0,298.0,VIANA,Objeto estático sobre o leito carroçável,Colisão com objeto,Com Vítimas Feridas,Pleno dia,Crescente,Céu Claro,Dupla,Reta;Viaduto,Sim,1.0,0.0,1.0,0.0,0.0,0.0,1.0,1.0,-20.3547459,-40.4168813,SPRF-ES,DEL01-ES,UOP01-DEL01-ES,2025-06-26 18:00:00,2025.0,6.0,18.0,noite,True,0,moderado,BR-101
700716.0,2025-06-26,quinta,19:34,ES,101.0,271.5,SERRA,Condutor desrespeitou a iluminação vermelha do semáforo,Colisão transversal,Com Vítimas Feridas,Plena Noite,Crescente,Céu Claro,Simples,Reta,Não,2.0,0.0,0.0,1.0,1.0,0.0,1.0,2.0,-20.22702858,-40.28503696,SPRF-ES,DEL02-ES,UOP01-DEL02-ES,2025-06-26 19:34:00,2025.0,6.0,19.0,noite,True,1,grave,BR-101
700725.0,2025-06-26,quinta,21:00,ES,101.0,262.2,SERRA,Reação tardia ou ineficiente do condutor,Colisão transversal,Com Vítimas Feridas,Plena Noite,Crescente,Céu Claro,Dupla,Reta,Não,5.0,0.0,1.0,0.0,4.0,0.0,1.0,2.0,-20.160828,-40.27547,SPRF-ES,DEL02-ES,UOP01-DEL02-ES,2025-06-26 21:00:00,2025.0,6.0,21.0,noite,True,0,moderado,BR-101
700780.0,2025-06-27,sexta,05:50,ES,101.0,298.0,VIANA,Animais na Pista,Atropelamento de Animal,Com Vítimas Feridas,Amanhecer,Decrescente,Nublado,Simples,Reta,Sim,2.0,0.0,0.0,2.0,0.0,0.0,2.0,1.0,-20.3554354,-40.4168915,SPRF-ES,DEL01-ES,UOP01-DEL01-ES,2025-06-27 05:50:00,2025.0,6.0,5.0,madrugada,True,1,grave,BR-101
701042.0,2025-06-28,sabado,06:00,ES,101.0,267.0,SERRA,Manobra de mudança de faixa,Colisão lateral mesmo sentido,Com Vítimas Feridas,Pleno dia,Crescente,Sol,Múltipla,Reta,Sim,3.0,0.0,2.0,0.0,0.0,1.0,2.0,2.0,-20.2050693,-40.26933342,SPRF-ES,DEL02-ES,UOP01-DEL02-ES,2025-06-28 06:00:00,2025.0,6.0,6.0,manha,True,0,moderado,BR-101
701080.0,2025-06-28,sabado,11:56,ES,101.0,266.0,SERRA,Ausência de reação do condutor,Queda de ocupante de veículo,Com Vítimas Feridas,Pleno dia,Crescente,Sol,Dupla,Reta,Sim,1.0,0.0,0.0,1.0,0.0,0.0,1.0,1.0,-20.1932524,-40.2682186,SPRF-ES,DEL02-ES,UOP01-DEL02-ES,2025-06-28 11:56:00,2025.0,6.0,11.0,manha,True,1,grave,BR-101
701155.0,2025-06-28,sabado,19:07,ES,101.0,256.0,SERRA,Acessar a via sem observar a presença dos outros veículos,Atropelamento de Pedestre,Com Vítimas Feridas,Plena Noite,Crescente,Céu Claro,Simples,Reta,Sim,3.0,0.0,2.0,0.0,1.0,0.0,2.0,2.0,-20.0488693,-40.3866778,SPRF-ES,DEL02-ES,UOP01-DEL02-ES,2025-06-28 19:07:00,2025.0,6.0,19.0,noite,True,0,moderado,BR-101
701165.0,2025-06-28,sabado,19:20,ES,101.0,262.0,SERRA,Acessar a via sem observar a presença dos outros veículos,Colisão traseira,Sem Vítimas,Plena Noite,Decrescente,Céu Claro,Dupla,Reta,Não,2.0,0.0,0.0,0.0,2.0,0.0,0.0,2.0,-20.160472,-40.275685,SPRF-ES,DEL02-ES,UOP01-DEL02-ES,2025-06-28 19:20:00,2025.0,6.0,19.0,noite,True,0,baixo,BR-101
701220.0,2025-06-29,domingo,00:10,ES,101.0,258.5,SERRA,Condutor deixou de manter distância do veículo da frente,Colisão traseira,Com Vítimas Feridas,Plena Noite,Decrescente,Céu Claro,Dupla,Reta,Sim,3.0,0.0,2.0,0.0,0.0,1.0,2.0,2.0,-20.13689998,-40.29217511,SPRF-ES,DEL02-ES,UOP01-DEL02-ES,2025-06-29 00:10:00,2025.0,6.0,0.0,madrugada,True,0,moderado,BR-101
701249.0,2025-06-29,domingo,04:38,ES,101.0,233.0,FUNDAO,Condutor deixou de manter distância do veículo da frente,Colisão traseira,Com Vítimas Feridas,Plena Noite,Decrescente,Nublado,Simples,Reta,Não,4.0,0.0,2.0,0.0,0.0,2.0,2.0,2.0,-19.96177,-40.40434,SPRF-ES,DEL02-ES,UOP01-DEL02-ES,2025-06-29 04:38:00,2025.0,6.0,4.0,madrugada,True,0,moderado,BR-101
701292.0,2025-06-29,domingo,09:30,ES,101.0,266.1,SERRA,Condutor desrespeitou a iluminação vermelha do semáforo,Colisão transversal,Com Vítimas Feridas,Pleno dia,Crescente,Sol,Dupla,Retorno Regulamentado,Sim,3.0,0.0,1.0,0.0,2.0,0.0,1.0,2.0,-20.2244,-40.273,SPRF-ES,DEL02-ES,UOP01-DEL02-ES,2025-06-29 09:30:00,2025.0,6.0,9.0,manha,True,0,moderado,BR-101
701330.0,2025-06-29,domingo,14:35,ES,101.0,292.0,CARIACICA,Ingestão de álcool pelo condutor,Colisão traseira,Com Vítimas Feridas,Pleno dia,Crescente,Sol,Dupla,Declive;Reta,Sim,2.0,0.0,1.0,0.0,1.0,0.0,1.0,2.0,-20.306112,-40.395107,SPRF-ES,DEL01-ES,UOP01-DEL01-ES,2025-06-29 14:35:00,2025.0,6.0,14.0,tarde,True,0,moderado,BR-101
701357.0,2025-06-29,domingo,17:00,ES,101.0,266.0,SERRA,Ausência de reação do condutor,Colisão traseira,Com Vítimas Feridas,Pleno dia,Decrescente,Céu Claro,Múltipla,Reta,Não,2.0,0.0,1.0,0.0,1.0,0.0,1.0,2.0,-20.19649061,-40.26859313,SPRF-ES,DEL02-ES,UOP01-DEL02-ES,2025-06-29 17:00:00,2025.0,6.0,17.0,tarde,True,0,moderado,BR-101
701388.0,2025-06-29,domingo,18:55,ES,101.0,264.9,SERRA,Condutor desrespeitou a iluminação vermelha do semáforo,Atropelamento de Pedestre,Com Vítimas Feridas,Plena Noite,Crescente,Céu Claro,Múltipla,Reta,Sim,2.0,0.0,1.0,0.0,1.0,0.0,1.0,2.0,-20.1822104,-40.2656856,SPRF-ES,DEL02-ES,UOP01-DEL02-ES,2025-06-29 18:55:00,2025.0,6.0,18.0,noite,True,0,moderado,BR-101
701391.0,2025-06-29,domingo,19:00,ES,101.0,267.9,SERRA,Ausência de reação do condutor,Colisão traseira,Com Vítimas Feridas,Plena Noite,Crescente,Céu Claro,Dupla,Reta,Não,2.0,0.0,1.0,0.0,0.0,1.0,1.0,2.0,-20.205374,-40.269542,SPRF-ES,DEL02-ES,UOP01-DEL02-ES,2025-06-29 19:00:00,2025.0,6.0,19.0,noite,True,0,moderado,BR-101
701394.0,2025-06-29,domingo,18:00,ES,101.0,305.7,VIANA,Ausência de reação do condutor,Atropelamento de Pedestre,Com Vítimas Feridas,Plena Noite,Decrescente,Céu Claro,Dupla,Reta,Não,2.0,0.0,0.0,1.0,0.0,1.0,1.0,2.0,-20.39097441,-40.46310425,SPRF-ES,DEL01-ES,UOP01-DEL01-ES,2025-06-29 18:00:00,2025.0,6.0,18.0,noite,True,1,grave,BR-101
701402.0,2025-06-29,domingo,20:10,ES,101.0,269.1,SERRA,Ausência de reação do condutor,Colisão traseira,Com Vítimas Feridas,Plena Noite,Crescente,Céu Claro,Dupla,Interseção de Vias,Sim,2.0,0.0,1.0,0.0,1.0,0.0,1.0,2.0,-20.04887489,-40.38651095,SPRF-ES,DEL02-ES,UOP01-DEL02-ES,2025-06-29 20:10:00,2025.0,6.0,20.0,noite,True,0,moderado,BR-101
701509.0,2025-06-30,segunda,07:47,ES,101.0,262.0,SERRA,Condutor desrespeitou a iluminação vermelha do semáforo,Colisão transversal,Com Vítimas Feridas,Pleno dia,Crescente,Céu Claro,Dupla,Reta;Retorno Regulamentado,Sim,2.0,0.0,0.0,1.0,1.0,0.0,1.0,2.0,-20.15941505,-40.27609197,SPRF-ES,DEL02-ES,UOP01-DEL02-ES,2025-06-30 07:47:00,2025.0,6.0,7.0,manha,True,1,grave,BR-101
701516.0,2025-06-30,segunda,08:00,ES,101.0,298.0,VIANA,Condutor deixou de manter distância do veículo da frente,Colisão traseira,Com Vítimas Feridas,Pleno dia,Crescente,Céu Claro,Dupla,Reta,Não,2.0,0.0,0.0,1.0,1.0,0.0,1.0,2.0,-20.35785519,-40.42080657,SPRF-ES,DEL01-ES,UOP01-DEL01-ES,2025-06-30 08:00:00,2025.0,6.0,8.0,manha,True,1,grave,BR-101
701551.0,2025-06-30,segunda,10:30,ES,101.0,296.0,CARIACICA,Ingestão de álcool pelo condutor,Colisão com objeto,Com Vítimas Feridas,Pleno dia,Crescente,Céu Claro,Dupla,Declive;Curva,Não,1.0,0.0,1.0,0.0,0.0,0.0,1.0,1.0,-20.34255516,-40.4051532,SPRF-ES,DEL01-ES,UOP01-DEL01-ES,2025-06-30 10:30:00,2025.0,6.0,10.0,manha,True,0,moderado,BR-101
701562.0,2025-06-30,segunda,13:10,ES,0.0,0.0,CARIACICA,Reação tardia ou ineficiente do condutor,Colisão transversal,Sem Vítimas,Pleno dia,Não Informado,Sol,Dupla,Reta,Sim,2.0,0.0,0.0,0.0,1.0,1.0,0.0,2.0,-20.33532091,-40.37543631,SPRF-ES,DEL01-ES,UOP01-DEL01-ES,2025-06-30 13:10:00,2025.0,6.0,13.0,tarde,True,0,baixo,BR-0
701612.0,2025-06-30,segunda,17:20,ES,101.0,288.3,CARIACICA,Ausência de reação do condutor,Colisão lateral mesmo sentido,Com Vítimas Feridas,Pleno dia,Crescente,Nublado,Dupla,Reta,Não,2.0,0.0,0.0,1.0,1.0,0.0,1.0,2.0,-20.27616,-40.391613,SPRF-ES,DEL01-ES,UOP01-DEL01-ES,2025-06-30 17:20:00,2025.0,6.0,17.0,tarde,True,1,grave,BR-101
701724.0,2025-07-01,terca,07:09,ES,101.0,295.2,CARIACICA,Manobra de mudança de faixa,Colisão lateral mesmo sentido,Com Vítimas Feridas,Pleno dia,Decrescente,Céu Claro,Múltipla,Reta;Declive,Sim,2.0,0.0,1.0,0.0,1.0,0.0,1.0,2.0,-20.335002,-40.400952,SPRF-ES,DEL01-ES,UOP01-DEL01-ES,2025-07-01 07:09:00,2025.0,7.0,7.0,manha,True,0,moderado,BR-101
701726.0,2025-07-01,terca,07:07,ES,101.0,270.2,SERRA,Ausência de reação do condutor,Colisão com objeto,Com Vítimas Feridas,Pleno dia,Decrescente,Céu Claro,Dupla,Reta,Sim,3.0,0.0,1.0,0.0,1.0,1.0,1.0,3.0,-20.228948,-40.272239,SPRF-ES,DEL02-ES,UOP01-DEL02-ES,2025-07-01 07:07:00,2025.0,7.0,7.0,manha,True,0,moderado,BR-101
701923.0,2025-07-02,quarta,08:10,ES,101.0,265.9,SERRA,Reação tardia ou ineficiente do condutor,Colisão lateral mesmo sentido,Com Vítimas Feridas,Pleno dia,Crescente,Céu Claro,Dupla,Reta,Sim,3.0,0.0,1.0,0.0,2.0,0.0,1.0,2.0,-20.054016,-40.3767296,SPRF-ES,DEL02-ES,UOP01-DEL02-ES,2025-07-02 08:10:00,2025.0,7.0,8.0,manha,True,0,moderado,BR-101
702064.0,2025-07-02,quarta,21:00,ES,101.0,297.8,VIANA,Demais falhas mecânicas ou elétricas,Queda de ocupante de veículo,Com Vítimas Feridas,Plena Noite,Crescente,Ignorado,Dupla,Reta,Sim,1.0,0.0,1.0,0.0,0.0,0.0,1.0,1.0,-20.3508415,-40.414221,SPRF-ES,DEL01-ES,UOP01-DEL01-ES,2025-07-02 21:00:00,2025.0,7.0,21.0,noite,True,0,moderado,BR-101
702078.0,2025-06-16,segunda,06:30,ES,101.0,267.0,SERRA,Conversão proibida,Colisão lateral mesmo sentido,Com Vítimas Feridas,Amanhecer,Crescente,Céu Claro,Dupla,Reta,Sim,2.0,0.0,1.0,0.0,1.0,0.0,1.0,2.0,-20.2130726,-40.26987076,SPRF-ES,DEL02-ES,UOP01-DEL02-ES,2025-06-16 06:30:00,2025.0,6.0,6.0,manha,True,0,moderado,BR-101
702125.0,2025-07-03,quinta,07:15,ES,101.0,263.1,SERRA,Condutor deixou de manter distância do veículo da frente,Colisão traseira,Com Vítimas Feridas,Pleno dia,Crescente,Chuva,Dupla,Reta,Sim,2.0,0.0,1.0,0.0,1.0,0.0,1.0,2.0,-20.16703657,-40.27190745,SPRF-ES,DEL02-ES,UOP01-DEL02-ES,2025-07-03 07:15:00,2025.0,7.0,7.0,manha,True,0,moderado,BR-101
702168.0,2025-07-03,quinta,12:30,ES,101.0,255.9,SERRA,Chuva,Saída de leito carroçável,Sem Vítimas,Pleno dia,Crescente,Chuva,Simples,Reta,Sim,1.0,0.0,0.0,0.0,1.0,0.0,0.0,1.0,-20.1198544,-40.3096446,SPRF-ES,DEL02-ES,UOP01-DEL02-ES,2025-07-03 12:30:00,2025.0,7.0,12.0,tarde,True,0,baixo,BR-101
702435.0,2025-07-04,sexta,16:00,ES,101.0,256.0,SERRA,Transitar no Acostamento,Queda de ocupante de veículo,Com Vítimas Feridas,Pleno dia,Decrescente,Céu Claro,Simples,Reta,Sim,1.0,0.0,1.0,0.0,0.0,0.0,1.0,1.0,-20.04886866,-40.38653706,SPRF-ES,DEL02-ES,UOP01-DEL02-ES,2025-07-04 16:00:00,2025.0,7.0,16.0,tarde,True,0,moderado,BR-101
702635.0,2025-07-05,sabado,10:30,ES,101.0,265.8,SERRA,Ausência de reação do condutor,Colisão traseira,Com Vítimas Feridas,Pleno dia,Decrescente,Céu Claro,Dupla,Reta,Sim,2.0,0.0,1.0,0.0,1.0,0.0,1.0,2.0,-20.18824,-40.268035,SPRF-ES,DEL02-ES,UOP01-DEL02-ES,2025-07-05 10:30:00,2025.0,7.0,10.0,manha,True,0,moderado,BR-101
702687.0,2025-07-05,sabado,13:35,ES,101.0,253.7,SERRA,Reação tardia ou ineficiente do condutor,Saída de leito carroçável,Sem Vítimas,Pleno dia,Crescente,Céu Claro,Simples,Reta,Não,1.0,0.0,0.0,0.0,0.0,1.0,0.0,1.0,-20.109502,-40.328113,SPRF-ES,DEL02-ES,UOP01-DEL02-ES,2025-07-05 13:35:00,2025.0,7.0,13.0,tarde,True,0,baixo,BR-101
702704.0,2025-07-05,sabado,15:50,ES,101.0,264.3,SERRA,Reação tardia ou ineficiente do condutor,Colisão transversal,Com Vítimas Feridas,Pleno dia,Crescente,Céu Claro,Múltipla,Interseção de Vias,Sim,4.0,0.0,1.0,2.0,1.0,0.0,3.0,3.0,-20.178604,-40.265467,SPRF-ES,DEL02-ES,UOP01-DEL02-ES,2025-07-05 15:50:00,2025.0,7.0,15.0,tarde,True,1,grave,BR-101
702714.0,2025-07-05,sabado,17:00,ES,101.0,236.2,FUNDAO,Conversão proibida,Colisão transversal,Com Vítimas Feridas,Anoitecer,Decrescente,Céu Claro,Simples,Curva,Não,3.0,0.0,2.0,0.0,1.0,0.0,2.0,2.0,-19.9899069,-40.4134209,SPRF-ES,DEL02-ES,UOP01-DEL02-ES,2025-07-05 17:00:00,2025.0,7.0,17.0,tarde,True,0,moderado,BR-101
702939.0,2025-07-06,domingo,15:49,ES,101.0,259.0,SERRA,Conversão proibida,Colisão transversal,Com Vítimas Feridas,Pleno dia,Decrescente,Céu Claro,Dupla,Reta,Sim,2.0,0.0,1.0,0.0,1.0,0.0,1.0,2.0,-20.138375,-40.292264,SPRF-ES,DEL02-ES,UOP01-DEL02-ES,2025-07-06 15:49:00,2025.0,7.0,15.0,tarde,True,0,moderado,BR-101
703072.0,2025-07-07,segunda,05:27,ES,101.0,264.0,SERRA,Condutor desrespeitou a iluminação vermelha do semáforo,Colisão transversal,Com Vítimas Feridas,Pleno dia,Decrescente,Céu Claro,Múltipla,Interseção de Vias,Sim,3.0,0.0,1.0,0.0,2.0,0.0,1.0,2.0,-20.178502,-40.265286,SPRF-ES,DEL02-ES,UOP01-DEL02-ES,2025-07-07 05:27:00,2025.0,7.0,5.0,madrugada,True,0,moderado,BR-101
703167.0,2025-07-07,segunda,14:17,ES,101.0,335.0,GUARAPARI,Condutor Dormindo,Saída de leito carroçável,Com Vítimas Feridas,Pleno dia,Crescente,Céu Claro,Dupla,Reta;Declive,Não,1.0,0.0,1.0,0.0,0.0,0.0,1.0,1.0,-20.6281024,-40.5331143,SPRF-ES,DEL03-ES,UOP01-DEL03-ES,2025-07-07 14:17:00,2025.0,7.0,14.0,tarde,True,0,moderado,BR-101
703170.0,2025-07-07,segunda,14:45,ES,101.0,293.2,CARIACICA,Pista Escorregadia,Tombamento,Com Vítimas Feridas,Pleno dia,Decrescente,Céu Claro,Múltipla,Reta,Sim,1.0,0.0,1.0,0.0,0.0,0.0,1.0,1.0,-20.316122,-40.3954811,SPRF-ES,DEL01-ES,UOP01-DEL01-ES,2025-07-07 14:45:00,2025.0,7.0,14.0,tarde,True,0,moderado,BR-101
703300.0,2025-06-14,sabado,18:00,ES,101.0,270.4,SERRA,Ausência de reação do condutor,Colisão traseira,Com Vítimas Feridas,Plena Noite,Decrescente,Céu Claro,Simples,Reta,Não,5.0,0.0,1.0,0.0,2.0,2.0,1.0,4.0,-20.22967735,-40.2719907,SPRF-ES,DEL02-ES,UOP01-DEL02-ES,2025-06-14 18:00:00,2025.0,6.0,18.0,noite,True,0,moderado,BR-101
703517.0,2025-07-09,quarta,07:04,ES,101.0,320.8,GUARAPARI,Manobra de mudança de faixa,Colisão lateral mesmo sentido,Com Vítimas Feridas,Pleno dia,Crescente,Céu Claro,Múltipla,Reta,Não,2.0,0.0,0.0,1.0,1.0,0.0,1.0,2.0,-20.518841,-40.4783309,SPRF-ES,DEL03-ES,UOP01-DEL03-ES,2025-07-09 07:04:00,2025.0,7.0,7.0,manha,True,1,grave,BR-101
703548.0,2025-07-09,quarta,08:45,ES,101.0,262.1,SERRA,Condutor desrespeitou a iluminação vermelha do semáforo,Colisão transversal,Com Vítimas Fatais,Pleno dia,Crescente,Chuva,Múltipla,Interseção de Vias;Retorno Regulamentado;Reta,Sim,3.0,1.0,1.0,0.0,1.0,0.0,1.0,2.0,-20.1594149,-40.2761924,SPRF-ES,DEL02-ES,UOP01-DEL02-ES,2025-07-09 08:45:00,2025.0,7.0,8.0,manha,True,1,fatal,BR-101
703582.0,2025-07-09,quarta,12:40,ES,101.0,266.4,SERRA,Desrespeitar a preferência no cruzamento,Colisão transversal,Com Vítimas Feridas,Pleno dia,Crescente,Céu Claro,Múltipla,Interseção de Vias,Sim,2.0,0.0,1.0,0.0,1.0,0.0,1.0,2.0,-20.19357,-40.26849,SPRF-ES,DEL02-ES,UOP01-DEL02-ES,2025-07-09 12:40:00,2025.0,7.0,12.0,tarde,True,0,moderado,BR-101
703665.0,2025-07-09,quarta,19:35,ES,101.0,306.0,VIANA,Ausência de reação do condutor,Colisão frontal,Com Vítimas Feridas,Plena Noite,Decrescente,Nublado,Dupla,Reta,Não,2.0,0.0,1.0,0.0,1.0,0.0,1.0,2.0,-20.39556767,-40.45908158,SPRF-ES,DEL01-ES,UOP01-DEL01-ES,2025-07-09 19:35:00,2025.0,7.0,19.0,noite,True,0,moderado,BR-101
703762.0,2025-07-10,quinta,08:40,ES,101.0,270.0,SERRA,Manobra de mudança de faixa,Colisão lateral mesmo sentido,Com Vítimas Feridas,Pleno dia,Crescente,Nublado,Dupla,Reta,Sim,2.0,0.0,1.0,0.0,1.0,0.0,1.0,2.0,-20.22608585,-40.27072194,SPRF-ES,DEL02-ES,UOP01-DEL02-ES,2025-07-10 08:40:00,2025.0,7.0,8.0,manha,True,0,moderado,BR-101
703767.0,2025-06-16,segunda,01:20,ES,101.0,291.1,CARIACICA,Transitar na contramão,Colisão frontal,Com Vítimas Feridas,Plena Noite,Decrescente,Céu Claro,Dupla,Reta,Não,3.0,0.0,0.0,2.0,1.0,0.0,2.0,2.0,-20.29190589,-40.39200783,SPRF-ES,DEL01-ES,UOP01-DEL01-ES,2025-06-16 01:20:00,2025.0,6.0,1.0,madrugada,True,1,grave,BR-101
703777.0,2025-06-24,terca,18:20,ES,101.0,266.2,SERRA,Reação tardia ou ineficiente do condutor,Colisão traseira,Com Vítimas Feridas,Plena Noite,Decrescente,Nublado,Simples,Reta,Não,3.0,0.0,2.0,0.0,0.0,1.0,2.0,2.0,-20.192634,-40.26846,SPRF-ES,DEL02-ES,UOP01-DEL02-ES,2025-06-24 18:20:00,2025.0,6.0,18.0,noite,True,0,moderado,BR-101
703869.0,2025-07-10,quinta,18:10,ES,262.0,0.3,VITORIA,Pista esburacada,Tombamento,Com Vítimas Feridas,Plena Noite,Crescente,Céu Claro,Dupla,Reta;Ponte,Sim,2.0,0.0,2.0,0.0,0.0,0.0,2.0,1.0,-20.3219121,-40.3538621,SPRF-ES,DEL01-ES,UOP01-DEL01-ES,2025-07-10 18:10:00,2025.0,7.0,18.0,noite,True,0,moderado,BR-262
703958.0,2025-07-11,sexta,06:50,ES,101.0,290.1,CARIACICA,Acostamento em desnível,Colisão lateral mesmo sentido,Com Vítimas Feridas,Pleno dia,Decrescente,Nublado,Dupla,Curva,Não,2.0,0.0,0.0,1.0,1.0,0.0,1.0,2.0,-20.2908053,-40.3917302,SPRF-ES,DEL01-ES,UOP01-DEL01-ES,2025-07-11 06:50:00,2025.0,7.0,6.0,manha,True,1,grave,BR-101
704017.0,2025-07-11,sexta,12:00,ES,101.0,269.5,SERRA,Acessar a via sem observar a presença dos outros veículos,Atropelamento de Pedestre,Com Vítimas Feridas,Pleno dia,Crescente,Garoa/Chuvisco,Dupla,Interseção de Vias,Sim,2.0,0.0,1.0,0.0,1.0,0.0,1.0,2.0,-20.22174203,-40.27035266,SPRF-ES,DEL02-ES,UOP01-DEL02-ES,2025-07-11 12:00:00,2025.0,7.0,12.0,tarde,True,0,moderado,BR-101
704124.0,2025-07-11,sexta,20:00,ES,101.0,271.3,SERRA,Condutor desrespeitou a iluminação vermelha do semáforo,Colisão transversal,Com Vítimas Feridas,Plena Noite,Crescente,Chuva,Múltipla,Interseção de Vias,Sim,3.0,0.0,1.0,0.0,1.0,1.0,1.0,3.0,-20.2196142,-40.29093862,SPRF-ES,DEL02-ES,UOP01-DEL02-ES,2025-07-11 20:00:00,2025.0,7.0,20.0,noite,True,0,moderado,BR-101
704394.0,2025-06-02,segunda,07:00,ES,101.0,267.9,SERRA,Condutor desrespeitou a iluminação vermelha do semáforo,Colisão transversal,Sem Vítimas,Pleno dia,Crescente,Céu Claro,Simples,Reta,Sim,1.0,0.0,0.0,0.0,0.0,1.0,0.0,1.0,-20.19810692,-40.26855532,SPRF-ES,DEL02-ES,UOP01-DEL02-ES,2025-06-02 07:00:00,2025.0,6.0,7.0,manha,True,0,baixo,BR-101
704582.0,2025-07-13,domingo,20:00,ES,101.0,230.2,FUNDAO,Entrada inopinada do pedestre,Atropelamento de Pedestre,Com Vítimas Feridas,Plena Noite,Decrescente,Céu Claro,Simples,Reta,Sim,3.0,0.0,1.0,0.0,1.0,1.0,1.0,2.0,-19.9382946,-40.40656686,SPRF-ES,DEL02-ES,UOP01-DEL02-ES,2025-07-13 20:00:00,2025.0,7.0,20.0,noite,True,0,moderado,BR-101
704822.0,2025-06-04,quarta,05:56,ES,101.0,274.0,SERRA,Ausência de reação do condutor,Colisão frontal,Com Vítimas Fatais,Amanhecer,Crescente,Céu Claro,Simples,Reta,Não,2.0,1.0,1.0,0.0,0.0,0.0,1.0,2.0,-20.0488604,-40.3866836,SPRF-ES,DEL02-ES,UOP01-DEL02-ES,2025-06-04 05:56:00,2025.0,6.0,5.0,madrugada,True,1,fatal,BR-101
704865.0,2025-07-15,terca,06:20,ES,101.0,263.9,SERRA,Condutor desrespeitou a iluminação vermelha do semáforo,Colisão transversal,Com Vítimas Feridas,Pleno dia,Crescente,Céu Claro,Múltipla,Interseção de Vias,Sim,3.0,0.0,2.0,0.0,1.0,0.0,2.0,2.0,-20.17328657,-40.26736383,SPRF-ES,DEL02-ES,UOP01-DEL02-ES,2025-07-15 06:20:00,2025.0,7.0,6.0,manha,True,0,moderado,BR-101
704877.0,2025-07-15,terca,08:20,ES,101.0,270.0,SERRA,Conversão proibida,Colisão lateral mesmo sentido,Com Vítimas Feridas,Pleno dia,Decrescente,Céu Claro,Múltipla,Reta;Interseção de Vias,Sim,2.0,0.0,2.0,0.0,0.0,0.0,2.0,2.0,-20.21368087,-40.26965261,SPRF-ES,DEL02-ES,UOP01-DEL02-ES,2025-07-15 08:20:00,2025.0,7.0,8.0,manha,True,0,moderado,BR-101
704901.0,2025-07-15,terca,09:45,ES,101.0,264.0,SERRA,Reação tardia ou ineficiente do condutor,Colisão traseira,Com Vítimas Feridas,Pleno dia,Crescente,Nublado,Múltipla,Reta,Sim,2.0,0.0,1.0,0.0,1.0,0.0,1.0,2.0,-20.1767759,-40.2660588,SPRF-ES,DEL02-ES,UOP01-DEL02-ES,2025-07-15 09:45:00,2025.0,7.0,9.0,manha,True,0,moderado,BR-101
704989.0,2025-07-15,terca,17:45,ES,101.0,298.1,VIANA,Ausência de reação do condutor,Colisão traseira,Com Vítimas Feridas,Anoitecer,Decrescente,Céu Claro,Dupla,Interseção de Vias,Sim,3.0,0.0,1.0,0.0,2.0,0.0,1.0,3.0,-20.3547929,-40.4150631,SPRF-ES,DEL01-ES,UOP01-DEL01-ES,2025-07-15 17:45:00,2025.0,7.0,17.0,tarde,True,0,moderado,BR-101
705092.0,2025-07-16,quarta,06:25,ES,101.0,290.7,CARIACICA,Acessar a via sem observar a presença dos outros veículos,Colisão transversal,Com Vítimas Fatais,Pleno dia,Decrescente,Céu Claro,Dupla,Reta,Sim,2.0,1.0,0.0,0.0,1.0,0.0,0.0,2.0,-20.29417999,-40.39407594,SPRF-ES,DEL01-ES,UOP01-DEL01-ES,2025-07-16 06:25:00,2025.0,7.0,6.0,manha,True,1,fatal,BR-101
705129.0,2025-07-16,quarta,09:20,ES,101.0,290.0,CARIACICA,Conversão proibida,Colisão transversal,Com Vítimas Feridas,Pleno dia,Crescente,Céu Claro,Dupla,Curva;Retorno Regulamentado;Aclive,Não,3.0,0.0,2.0,0.0,1.0,0.0,2.0,2.0,-20.2960054,-40.3868236,SPRF-ES,DEL01-ES,UOP01-DEL01-ES,2025-07-16 09:20:00,2025.0,7.0,9.0,manha,True,0,moderado,BR-101
705181.0,2025-07-16,quarta,15:30,ES,101.0,265.7,SERRA,Ausência de reação do condutor,Colisão lateral mesmo sentido,Com Vítimas Feridas,Pleno dia,Decrescente,Céu Claro,Simples,Reta,Não,2.0,0.0,1.0,0.0,1.0,0.0,1.0,2.0,-20.19027243,-40.2682689,SPRF-ES,DEL02-ES,UOP01-DEL02-ES,2025-07-16 15:30:00,2025.0,7.0,15.0,tarde,True,0,moderado,BR-101
705289.0,2025-07-17,quinta,09:00,ES,101.0,270.0,SERRA,Velocidade Incompatível,Queda de ocupante de veículo,Com Vítimas Feridas,Pleno dia,Crescente,Sol,Múltipla,Reta,Sim,2.0,0.0,1.0,0.0,1.0,0.0,1.0,1.0,-20.22096578,-40.27038574,SPRF-ES,DEL02-ES,UOP01-DEL02-ES,2025-07-17 09:00:00,2025.0,7.0,9.0,manha,True,0,moderado,BR-101
705363.0,2025-07-17,quinta,15:20,ES,101.0,241.4,SERRA,Conversão proibida,Colisão transversal,Com Vítimas Feridas,Pleno dia,Decrescente,Céu Claro,Simples,Retorno Regulamentado;Reta,Não,2.0,0.0,0.0,1.0,1.0,0.0,1.0,2.0,-20.02778,-40.398021,SPRF-ES,DEL02-ES,UOP01-DEL02-ES,2025-07-17 15:20:00,2025.0,7.0,15.0,tarde,True,1,grave,BR-101
705440.0,2025-07-17,quinta,22:50,ES,101.0,296.0,CARIACICA,Ausência de reação do condutor,Capotamento,Sem Vítimas,Plena Noite,Crescente,Céu Claro,Simples,Curva,Sim,1.0,0.0,0.0,0.0,0.0,1.0,0.0,1.0,-20.330719,-40.373472,SPRF-ES,DEL01-ES,UOP01-DEL01-ES,2025-07-17 22:50:00,2025.0,7.0,22.0,noite,True,0,baixo,BR-101
705629.0,2025-07-18,sexta,21:00,ES,101.0,270.0,SERRA,Acessar a via sem observar a presença dos outros veículos,Colisão transversal,Com Vítimas Feridas,Plena Noite,Crescente,Céu Claro,Dupla,Reta,Sim,2.0,0.0,0.0,1.0,1.0,0.0,1.0,2.0,-20.2265372,-40.2707054,SPRF-ES,DEL02-ES,UOP01-DEL02-ES,2025-07-18 21:00:00,2025.0,7.0,21.0,noite,True,1,grave,BR-101
705772.0,2025-07-19,sabado,11:15,ES,101.0,268.7,SERRA,Ingestão de álcool pelo condutor,Colisão lateral mesmo sentido,Sem Vítimas,Pleno dia,Crescente,Céu Claro,Múltipla,Reta,Sim,2.0,0.0,0.0,0.0,1.0,1.0,0.0,2.0,-20.21415,-40.26961,SPRF-ES,DEL02-ES,UOP01-DEL02-ES,2025-07-19 11:15:00,2025.0,7.0,11.0,manha,True,0,baixo,BR-101
705814.0,2025-07-19,sabado,15:40,ES,101.0,264.2,SERRA,Condutor deixou de manter distância do veículo da frente,Colisão traseira,Com Vítimas Feridas,Pleno dia,Crescente,Nublado,Múltipla,Reta,Sim,5.0,0.0,1.0,1.0,1.0,2.0,2.0,3.0,-20.17207897,-40.26804076,SPRF-ES,DEL02-ES,UOP01-DEL02-ES,2025-07-19 15:40:00,2025.0,7.0,15.0,tarde,True,1,grave,BR-101
705827.0,2025-07-19,sabado,16:05,ES,101.0,288.2,CARIACICA,Pedestre cruzava a pista fora da faixa,Atropelamento de Pedestre,Com Vítimas Feridas,Pleno dia,Decrescente,Nublado,Dupla,Reta,Sim,2.0,0.0,0.0,1.0,1.0,0.0,1.0,2.0,-20.2738388,-40.39201705,SPRF-ES,DEL01-ES,UOP01-DEL01-ES,2025-07-19 16:05:00,2025.0,7.0,16.0,tarde,True,1,grave,BR-101
705917.0,2025-07-19,sabado,21:40,ES,101.0,257.8,SERRA,Ingestão de substâncias psicoativas pelo condutor,Colisão lateral mesmo sentido,Com Vítimas Feridas,Plena Noite,Decrescente,Céu Claro,Dupla,Aclive;Reta,Sim,3.0,0.0,1.0,0.0,1.0,1.0,1.0,2.0,-20.1342461,-40.2976538,SPRF-ES,DEL02-ES,UOP01-DEL02-ES,2025-07-19 21:40:00,2025.0,7.0,21.0,noite,True,0,moderado,BR-101
705961.0,2025-07-20,domingo,04:30,ES,101.0,296.1,CARIACICA,Velocidade Incompatível,Saída de leito carroçável,Com Vítimas Feridas,Plena Noite,Decrescente,Nublado,Múltipla,Curva,Sim,1.0,0.0,1.0,0.0,0.0,0.0,1.0,1.0,-20.34087468,-40.4041636,SPRF-ES,DEL01-ES,UOP01-DEL01-ES,2025-07-20 04:30:00,2025.0,7.0,4.0,madrugada,True,0,moderado,BR-101
705999.0,2025-07-20,domingo,09:35,ES,101.0,264.5,SERRA,Ausência de reação do condutor,Colisão lateral mesmo sentido,Com Vítimas Feridas,Pleno dia,Crescente,Céu Claro,Dupla,Reta,Sim,3.0,0.0,1.0,1.0,0.0,1.0,2.0,2.0,-20.17651907,-40.26599618,SPRF-ES,DEL02-ES,UOP01-DEL02-ES,2025-07-20 09:35:00,2025.0,7.0,9.0,manha,True,1,grave,BR-101
706088.0,2025-07-20,domingo,19:27,ES,447.0,14.0,VILA VELHA,Pedestre cruzava a pista fora da faixa,Atropelamento de Pedestre,Com Vítimas Feridas,Plena Noite,Crescente,Céu Claro,Simples,Reta,Sim,3.0,0.0,1.0,0.0,1.0,1.0,1.0,2.0,-20.340489,-40.327832,SPRF-ES,DEL01-ES,UOP01-DEL01-ES,2025-07-20 19:27:00,2025.0,7.0,19.0,noite,True,0,moderado,BR-447
706217.0,2025-07-21,segunda,08:50,ES,101.0,292.1,CARIACICA,Acessar a via sem observar a presença dos outros veículos,Colisão transversal,Com Vítimas Feridas,Pleno dia,Decrescente,Céu Claro,Dupla,Interseção de Vias,Sim,3.0,0.0,0.0,1.0,1.0,1.0,1.0,2.0,-20.30785364,-40.39462566,SPRF-ES,DEL01-ES,UOP01-DEL01-ES,2025-07-21 08:50:00,2025.0,7.0,8.0,manha,True,1,grave,BR-101
706272.0,2025-07-21,segunda,11:40,ES,101.0,270.0,SERRA,Pedestre cruzava a pista fora da faixa,Atropelamento de Pedestre,Com Vítimas Feridas,Pleno dia,Crescente,Céu Claro,Dupla,Curva,Sim,2.0,0.0,0.0,1.0,1.0,0.0,1.0,2.0,-20.2262056,-40.2709164,SPRF-ES,DEL02-ES,UOP01-DEL02-ES,2025-07-21 11:40:00,2025.0,7.0,11.0,manha,True,1,grave,BR-101
706286.0,2025-07-21,segunda,15:40,ES,101.0,228.6,FUNDAO,Acessar a via sem observar a presença dos outros veículos,Colisão transversal,Sem Vítimas,Pleno dia,Decrescente,Nublado,Simples,Reta,Não,2.0,0.0,0.0,0.0,2.0,0.0,0.0,2.0,-19.924132,-40.4065605,SPRF-ES,DEL02-ES,UOP01-DEL02-ES,2025-07-21 15:40:00,2025.0,7.0,15.0,tarde,True,0,baixo,BR-101
706353.0,2025-07-21,segunda,22:00,ES,101.0,18.5,SERRA,Reação tardia ou ineficiente do condutor,Colisão com objeto,Com Vítimas Feridas,Plena Noite,Decrescente,Céu Claro,Dupla,Curva,Não,1.0,0.0,0.0,1.0,0.0,0.0,1.0,1.0,-20.217911,-40.33605,SPRF-ES,DEL02-ES,UOP01-DEL02-ES,2025-07-21 22:00:00,2025.0,7.0,22.0,noite,True,1,grave,BR-101
706389.0,2025-07-22,terca,07:00,ES,101.0,265.5,SERRA,Condutor deixou de manter distância do veículo da frente,Colisão traseira,Com Vítimas Feridas,Pleno dia,Crescente,Céu Claro,Dupla,Reta,Sim,2.0,0.0,1.0,0.0,1.0,0.0,1.0,2.0,-20.18813439,-40.26843381,SPRF-ES,DEL02-ES,UOP01-DEL02-ES,2025-07-22 07:00:00,2025.0,7.0,7.0,manha,True,0,moderado,BR-101
706633.0,2025-07-23,quarta,07:40,ES,101.0,290.3,CARIACICA,Avarias e/ou desgaste excessivo no pneu,Tombamento,Com Vítimas Feridas,Pleno dia,Crescente,Céu Claro,Dupla,Reta,Sim,2.0,0.0,2.0,0.0,0.0,0.0,2.0,1.0,-20.29406848,-40.39324936,SPRF-ES,DEL01-ES,UOP01-DEL01-ES,2025-07-23 07:40:00,2025.0,7.0,7.0,manha,True,0,moderado,BR-101
706735.0,2025-07-23,quarta,18:20,ES,101.0,260.5,SERRA,Condutor deixou de manter distância do veículo da frente,Colisão traseira,Com Vítimas Feridas,Anoitecer,Crescente,Ignorado,Dupla,Curva,Não,3.0,0.0,1.0,0.0,2.0,0.0,1.0,2.0,-20.14704296,-40.28123975,SPRF-ES,DEL02-ES,UOP01-DEL02-ES,2025-07-23 18:20:00,2025.0,7.0,18.0,noite,True,0,moderado,BR-101
706801.0,2025-07-24,quinta,03:30,ES,101.0,302.6,VIANA,Velocidade Incompatível,Saída de leito carroçável,Com Vítimas Feridas,Plena Noite,Decrescente,Céu Claro,Dupla,Curva,Sim,1.0,0.0,1.0,0.0,0.0,0.0,1.0,1.0,-20.37560324,-40.44286108,SPRF-ES,DEL01-ES,UOP01-DEL01-ES,2025-07-24 03:30:00,2025.0,7.0,3.0,madrugada,True,0,moderado,BR-101
706834.0,2025-07-24,quinta,08:25,ES,101.0,296.8,CARIACICA,Manobra de mudança de faixa,Colisão com objeto,Com Vítimas Feridas,Pleno dia,Crescente,Céu Claro,Múltipla,Curva,Sim,1.0,0.0,1.0,0.0,0.0,0.0,1.0,1.0,-20.343869,-40.408154,SPRF-ES,DEL01-ES,UOP01-DEL01-ES,2025-07-24 08:25:00,2025.0,7.0,8.0,manha,True,0,moderado,BR-101
706923.0,2025-07-24,quinta,17:30,ES,101.0,290.8,CARIACICA,Desrespeitar a preferência no cruzamento,Colisão transversal,Com Vítimas Feridas,Anoitecer,Decrescente,Céu Claro,Dupla,Reta;Aclive,Sim,2.0,0.0,0.0,1.0,1.0,0.0,1.0,2.0,-20.29572166,-40.39364934,SPRF-ES,DEL01-ES,UOP01-DEL01-ES,2025-07-24 17:30:00,2025.0,7.0,17.0,tarde,True,1,grave,BR-101
707152.0,2025-07-25,sexta,16:45,ES,101.0,254.8,SERRA,Condutor deixou de manter distância do veículo da frente,Colisão traseira,Com Vítimas Feridas,Pleno dia,Crescente,Céu Claro,Simples,Aclive;Reta,Sim,2.0,0.0,1.0,0.0,1.0,0.0,1.0,2.0,-20.114917,-40.319548,SPRF-ES,DEL02-ES,UOP01-DEL02-ES,2025-07-25 16:45:00,2025.0,7.0,16.0,tarde,True,0,moderado,BR-101
707160.0,2025-07-25,sexta,17:40,ES,101.0,270.4,SERRA,Manobra de mudança de faixa,Colisão lateral mesmo sentido,Com Vítimas Feridas,Plena Noite,Decrescente,Céu Claro,Dupla,Reta,Sim,3.0,0.0,2.0,0.0,1.0,0.0,2.0,2.0,-20.231971,-40.273888,SPRF-ES,DEL02-ES,UOP01-DEL02-ES,2025-07-25 17:40:00,2025.0,7.0,17.0,tarde,True,0,moderado,BR-101
707355.0,2025-07-26,sabado,13:40,ES,101.0,239.0,FUNDAO,Ingestão de álcool pelo condutor,Colisão traseira,Com Vítimas Feridas,Pleno dia,Decrescente,Céu Claro,Dupla,Reta,Não,6.0,0.0,2.0,1.0,3.0,0.0,3.0,4.0,-20.01375833,-40.40522575,SPRF-ES,DEL02-ES,UOP01-DEL02-ES,2025-07-26 13:40:00,2025.0,7.0,13.0,tarde,True,1,grave,BR-101
707374.0,2025-07-26,sabado,15:40,ES,101.0,251.0,SERRA,Reação tardia ou ineficiente do condutor,Tombamento,Com Vítimas Feridas,Pleno dia,Decrescente,Céu Claro,Simples,Reta;Aclive,Não,1.0,0.0,1.0,0.0,0.0,0.0,1.0,1.0,-20.0852763,-40.3452301,SPRF-ES,DEL02-ES,UOP01-DEL02-ES,2025-07-26 15:40:00,2025.0,7.0,15.0,tarde,True,0,moderado,BR-101
707426.0,2025-07-26,sabado,19:45,ES,101.0,294.8,CARIACICA,Reação tardia ou ineficiente do condutor,Colisão com objeto,Com Vítimas Feridas,Plena Noite,Decrescente,Nublado,Múltipla,Declive;Reta,Sim,1.0,0.0,1.0,0.0,0.0,0.0,1.0,1.0,-20.33093023,-40.39923833,SPRF-ES,DEL01-ES,UOP01-DEL01-ES,2025-07-26 19:45:00,2025.0,7.0,19.0,noite,True,0,moderado,BR-101
707493.0,2025-07-27,domingo,03:30,ES,101.0,338.5,GUARAPARI,Afundamento ou ondulação no pavimento,Colisão com objeto,Com Vítimas Feridas,Plena Noite,Decrescente,Céu Claro,Dupla,Curva,Não,2.0,0.0,2.0,0.0,0.0,0.0,2.0,1.0,-20.64374884,-40.55453897,SPRF-ES,DEL03-ES,UOP01-DEL03-ES,2025-07-27 03:30:00,2025.0,7.0,3.0,madrugada,True,0,moderado,BR-101
707529.0,2025-07-27,domingo,08:10,ES,101.0,243.0,SERRA,Demais falhas mecânicas ou elétricas,Incêndio,Sem Vítimas,Pleno dia,Crescente,Céu Claro,Simples,Reta,Não,4.0,0.0,0.0,0.0,4.0,0.0,0.0,1.0,-20.0442,-40.3897,SPRF-ES,DEL02-ES,UOP01-DEL02-ES,2025-07-27 08:10:00,2025.0,7.0,8.0,manha,True,0,baixo,BR-101
707718.0,2025-07-27,domingo,23:00,ES,101.0,298.0,VIANA,Objeto estático sobre o leito carroçável,Queda de ocupante de veículo,Com Vítimas Feridas,Plena Noite,Crescente,Céu Claro,Dupla,Reta,Sim,2.0,0.0,1.0,1.0,0.0,0.0,2.0,1.0,-20.351398,-40.413696,SPRF-ES,DEL01-ES,UOP01-DEL01-ES,2025-07-27 23:00:00,2025.0,7.0,23.0,noite,True,1,grave,BR-101
707757.0,2025-07-28,segunda,07:21,ES,101.0,290.8,CARIACICA,Acessar a via sem observar a presença dos outros veículos,Colisão transversal,Com Vítimas Feridas,Pleno dia,Crescente,Céu Claro,Dupla,Reta;Retorno Regulamentado,Sim,2.0,0.0,1.0,0.0,1.0,0.0,1.0,2.0,-20.295806,-40.393701,SPRF-ES,DEL01-ES,UOP01-DEL01-ES,2025-07-28 07:21:00,2025.0,7.0,7.0,manha,True,0,moderado,BR-101
707789.0,2025-07-28,segunda,09:30,ES,101.0,267.1,SERRA,Manobra de mudança de faixa,Queda de ocupante de veículo,Com Vítimas Feridas,Pleno dia,Crescente,Céu Claro,Múltipla,Reta,Sim,1.0,0.0,1.0,0.0,0.0,0.0,1.0,1.0,-20.19859505,-40.26896864,SPRF-ES,DEL02-ES,UOP01-DEL02-ES,2025-07-28 09:30:00,2025.0,7.0,9.0,manha,True,0,moderado,BR-101
707793.0,2025-07-28,segunda,09:37,ES,101.0,294.0,CARIACICA,Entrada inopinada do pedestre,Atropelamento de Pedestre,Com Vítimas Feridas,Pleno dia,Decrescente,Céu Claro,Dupla,Reta,Sim,2.0,0.0,0.0,1.0,1.0,0.0,1.0,2.0,-20.3296923,-40.3997527,SPRF-ES,DEL01-ES,UOP01-DEL01-ES,2025-07-28 09:37:00,2025.0,7.0,9.0,manha,True,1,grave,BR-101
707796.0,2025-07-28,segunda,10:29,ES,101.0,292.9,CARIACICA,Ausência de reação do condutor,Colisão traseira,Com Vítimas Feridas,Pleno dia,Decrescente,Céu Claro,Dupla,Declive,Sim,4.0,0.0,1.0,0.0,3.0,0.0,1.0,4.0,-20.31855038,-40.39638519,SPRF-ES,DEL01-ES,UOP01-DEL01-ES,2025-07-28 10:29:00,2025.0,7.0,10.0,manha,True,0,moderado,BR-101
707891.0,2025-07-28,segunda,17:45,ES,101.0,297.0,CARIACICA,Condutor deixou de manter distância do veículo da frente,Colisão traseira,Com Vítimas Feridas,Plena Noite,Crescente,Céu Claro,Dupla,Reta,Sim,2.0,0.0,1.0,0.0,0.0,1.0,1.0,2.0,-20.34817903,-40.41180575,SPRF-ES,DEL01-ES,UOP01-DEL01-ES,2025-07-28 17:45:00,2025.0,7.0,17.0,tarde,True,0,moderado,BR-101
707968.0,2025-07-29,terca,06:00,ES,262.0,25.0,VIANA,Condutor deixou de manter distância do veículo da frente,Colisão traseira,Com Vítimas Feridas,Pleno dia,Crescente,Céu Claro,Simples,Reta,Não,2.0,0.0,1.0,0.0,1.0,0.0,1.0,2.0,-20.379485,-40.537222,SPRF-ES,DEL01-ES,UOP01-DEL01-ES,2025-07-29 06:00:00,2025.0,7.0,6.0,manha,True,0,moderado,BR-262
708248.0,2025-07-30,quarta,16:45,ES,101.0,287.4,CARIACICA,Acessar a via sem observar a presença dos outros veículos,Colisão lateral mesmo sentido,Com Vítimas Feridas,Pleno dia,Crescente,Céu Claro,Dupla,Reta,Sim,3.0,0.0,2.0,0.0,0.0,1.0,2.0,2.0,-20.267112,-40.387315,SPRF-ES,DEL01-ES,UOP01-DEL01-ES,2025-07-30 16:45:00,2025.0,7.0,16.0,tarde,True,0,moderado,BR-101
708271.0,2025-07-30,quarta,18:50,ES,101.0,264.0,SERRA,Acesso irregular,Colisão transversal,Com Vítimas Feridas,Anoitecer,Decrescente,Céu Claro,Dupla,Reta,Não,2.0,0.0,1.0,0.0,0.0,1.0,1.0,2.0,-20.178088,-40.265524,SPRF-ES,DEL02-ES,UOP01-DEL02-ES,2025-07-30 18:50:00,2025.0,7.0,18.0,noite,True,0,moderado,BR-101
708319.0,2025-07-30,quarta,22:39,ES,101.0,240.0,SERRA,Reação tardia ou ineficiente do condutor,Colisão frontal,Com Vítimas Feridas,Pleno dia,Decrescente,Chuva,Dupla,Reta,Não,2.0,0.0,0.0,1.0,1.0,0.0,1.0,2.0,-20.054016,-40.3800064,SPRF-ES,DEL02-ES,UOP01-DEL02-ES,2025-07-30 22:39:00,2025.0,7.0,22.0,noite,True,1,grave,BR-101
708572.0,2025-08-01,sexta,07:40,ES,101.0,278.8,SERRA,Ausência de reação do condutor,Colisão traseira,Com Vítimas Feridas,Pleno dia,Decrescente,Céu Claro,Dupla,Interseção de Vias,Sim,2.0,0.0,1.0,0.0,1.0,0.0,1.0,2.0,-20.04888027,-40.38652411,SPRF-ES,DEL02-ES,UOP01-DEL02-ES,2025-08-01 07:40:00,2025.0,8.0,7.0,manha,True,0,moderado,BR-101
708603.0,2025-07-09,quarta,13:39,ES,101.0,288.4,CARIACICA,Acessar a via sem observar a presença dos outros veículos,Colisão transversal,Com Vítimas Feridas,Pleno dia,Decrescente,Nublado,Dupla,Retorno Regulamentado;Interseção de Vias;Reta,Sim,2.0,0.0,0.0,1.0,1.0,0.0,1.0,2.0,-20.274515,-40.392152,SPRF-ES,DEL01-ES,UOP01-DEL01-ES,2025-07-09 13:39:00,2025.0,7.0,13.0,tarde,True,1,grave,BR-101
708694.0,2025-08-01,sexta,18:20,ES,101.0,284.5,CARIACICA,Manobra de mudança de faixa,Colisão lateral mesmo sentido,Com Vítimas Feridas,Plena Noite,Crescente,Nublado,Dupla,Reta,Sim,2.0,0.0,1.0,0.0,1.0,0.0,1.0,2.0,-20.2506968,-40.3703938,SPRF-ES,DEL01-ES,UOP01-DEL01-ES,2025-08-01 18:20:00,2025.0,8.0,18.0,noite,True,0,moderado,BR-101
708735.0,2025-08-01,sexta,18:40,ES,101.0,253.7,SERRA,Animais na Pista,Atropelamento de Animal,Com Vítimas Feridas,Plena Noite,Decrescente,Nublado,Simples,Reta,Não,1.0,0.0,1.0,0.0,0.0,0.0,1.0,1.0,-20.10808697,-40.32925862,SPRF-ES,DEL02-ES,UOP01-DEL02-ES,2025-08-01 18:40:00,2025.0,8.0,18.0,noite,True,0,moderado,BR-101
709320.0,2025-08-04,segunda,07:45,ES,101.0,294.8,CARIACICA,Velocidade Incompatível,Tombamento,Com Vítimas Feridas,Pleno dia,Crescente,Céu Claro,Múltipla,Reta,Sim,1.0,0.0,1.0,0.0,0.0,0.0,1.0,1.0,-20.33035781,-40.39916849,SPRF-ES,DEL01-ES,UOP01-DEL01-ES,2025-08-04 07:45:00,2025.0,8.0,7.0,manha,True,0,moderado,BR-101
709330.0,2025-08-04,segunda,07:20,ES,101.0,291.6,CARIACICA,Manobra de mudança de faixa,Colisão lateral mesmo sentido,Com Vítimas Feridas,Pleno dia,Decrescente,Céu Claro,Dupla,Reta,Sim,2.0,0.0,1.0,0.0,1.0,0.0,1.0,2.0,-20.30093861,-40.3952229,SPRF-ES,DEL01-ES,UOP01-DEL01-ES,2025-08-04 07:20:00,2025.0,8.0,7.0,manha,True,0,moderado,BR-101
709490.0,2025-08-05,terca,03:40,ES,101.0,267.8,SERRA,Ingestão de álcool pelo condutor,Saída de leito carroçável,Sem Vítimas,Plena Noite,Decrescente,Céu Claro,Múltipla,Interseção de Vias,Sim,1.0,0.0,0.0,0.0,1.0,0.0,0.0,1.0,-20.2065946,-40.2691459,SPRF-ES,DEL02-ES,UOP01-DEL02-ES,2025-08-05 03:40:00,2025.0,8.0,3.0,madrugada,True,0,baixo,BR-101
709503.0,2025-08-05,terca,07:41,ES,101.0,16.1,SERRA,Sinalização mal posicionada,Colisão traseira,Com Vítimas Feridas,Pleno dia,Crescente,Céu Claro,Dupla,Curva,Não,4.0,0.0,0.0,2.0,2.0,0.0,2.0,2.0,-20.0488657,-40.3866812,SPRF-ES,DEL02-ES,UOP01-DEL02-ES,2025-08-05 07:41:00,2025.0,8.0,7.0,manha,True,1,grave,BR-101
710037.0,2025-08-07,quinta,17:45,ES,101.0,266.0,SERRA,Manobra de mudança de faixa,Colisão lateral mesmo sentido,Com Vítimas Feridas,Anoitecer,Decrescente,Céu Claro,Dupla,Reta,Sim,2.0,0.0,0.0,1.0,1.0,0.0,1.0,2.0,-20.13173474,-40.29644967,SPRF-ES,DEL02-ES,UOP01-DEL02-ES,2025-08-07 17:45:00,2025.0,8.0,17.0,tarde,True,1,grave,BR-101
710080.0,2025-08-07,quinta,20:45,ES,101.0,285.0,CARIACICA,Ausência de reação do condutor,Colisão transversal,Com Vítimas Feridas,Plena Noite,Crescente,Céu Claro,Dupla,Reta;Retorno Regulamentado,Sim,2.0,0.0,1.0,0.0,1.0,0.0,1.0,2.0,-20.251689,-40.3737594,SPRF-ES,DEL01-ES,UOP01-DEL01-ES,2025-08-07 20:45:00,2025.0,8.0,20.0,noite,True,0,moderado,BR-101
710148.0,2025-08-08,sexta,07:00,ES,101.0,277.1,SERRA,Reação tardia ou ineficiente do condutor,Colisão traseira,Com Vítimas Feridas,Pleno dia,Decrescente,Céu Claro,Simples,Reta,Sim,2.0,0.0,1.0,0.0,1.0,0.0,1.0,2.0,-20.217039,-40.328454,SPRF-ES,DEL02-ES,UOP01-DEL02-ES,2025-08-08 07:00:00,2025.0,8.0,7.0,manha,True,0,moderado,BR-101
710203.0,2025-07-17,quinta,16:00,ES,101.0,262.2,SERRA,Reação tardia ou ineficiente do condutor,Colisão lateral mesmo sentido,Com Vítimas Feridas,Pleno dia,Decrescente,Céu Claro,Dupla,Retorno Regulamentado;Reta,Sim,3.0,0.0,2.0,0.0,1.0,0.0,2.0,2.0,-20.159866,-40.27573,SPRF-ES,DEL02-ES,UOP01-DEL02-ES,2025-07-17 16:00:00,2025.0,7.0,16.0,tarde,True,0,moderado,BR-101
710452.0,2025-08-09,sabado,10:30,ES,101.0,261.0,SERRA,Ultrapassagem Indevida,Colisão traseira,Com Vítimas Feridas,Pleno dia,Decrescente,Céu Claro,Simples,Curva;Aclive,Sim,2.0,0.0,1.0,0.0,0.0,1.0,1.0,2.0,-20.16099306,-40.27539975,SPRF-ES,DEL02-ES,UOP01-DEL02-ES,2025-08-09 10:30:00,2025.0,8.0,10.0,manha,True,0,moderado,BR-101
710476.0,2025-08-09,sabado,12:40,ES,101.0,257.0,SERRA,Manobra de mudança de faixa,Colisão lateral mesmo sentido,Com Vítimas Feridas,Pleno dia,Decrescente,Céu Claro,Dupla,Reta,Não,2.0,0.0,0.0,1.0,1.0,0.0,1.0,2.0,-20.13130033,-40.29531777,SPRF-ES,DEL02-ES,UOP01-DEL02-ES,2025-08-09 12:40:00,2025.0,8.0,12.0,tarde,True,1,grave,BR-101
710509.0,2025-08-09,sabado,15:09,ES,101.0,262.1,SERRA,Acessar a via sem observar a presença dos outros veículos,Colisão traseira,Com Vítimas Feridas,Pleno dia,Decrescente,Sol,Dupla,Interseção de Vias;Reta;Aclive,Sim,4.0,0.0,1.0,0.0,3.0,0.0,1.0,2.0,-20.15995493,-40.27592182,SPRF-ES,DEL02-ES,UOP01-DEL02-ES,2025-08-09 15:09:00,2025.0,8.0,15.0,tarde,True,0,moderado,BR-101
710569.0,2025-08-09,sabado,19:10,ES,101.0,230.4,FUNDAO,Manobra de mudança de faixa,Colisão traseira,Com Vítimas Feridas,Plena Noite,Crescente,Céu Claro,Simples,Curva,Sim,3.0,0.0,2.0,0.0,1.0,0.0,2.0,2.0,-19.94204645,-40.40634155,SPRF-ES,DEL02-ES,UOP01-DEL02-ES,2025-08-09 19:10:00,2025.0,8.0,19.0,noite,True,0,moderado,BR-101
710590.0,2025-08-09,sabado,20:25,ES,101.0,263.0,SERRA,Afundamento ou ondulação no pavimento,Queda de ocupante de veículo,Com Vítimas Feridas,Plena Noite,Crescente,Céu Claro,Dupla,Reta,Sim,1.0,0.0,1.0,0.0,0.0,0.0,1.0,1.0,-20.17343401,-40.267219,SPRF-ES,DEL02-ES,UOP01-DEL02-ES,2025-08-09 20:25:00,2025.0,8.0,20.0,noite,True,0,moderado,BR-101
710678.0,2025-08-10,domingo,04:58,ES,101.0,266.0,SERRA,Acessar a via sem observar a presença dos outros veículos,Colisão transversal,Com Vítimas Feridas,Amanhecer,Decrescente,Nublado,Dupla,Reta,Sim,2.0,0.0,1.0,0.0,1.0,0.0,1.0,2.0,-20.19318516,-40.26866198,SPRF-ES,DEL02-ES,UOP01-DEL02-ES,2025-08-10 04:58:00,2025.0,8.0,4.0,madrugada,True,0,moderado,BR-101
710701.0,2025-08-10,domingo,07:00,ES,101.0,232.8,FUNDAO,Reação tardia ou ineficiente do condutor,Tombamento,Com Vítimas Feridas,Pleno dia,Decrescente,Nublado,Simples,Reta,Não,1.0,0.0,1.0,0.0,0.0,0.0,1.0,1.0,-19.96819603,-40.40678144,SPRF-ES,DEL02-ES,UOP01-DEL02-ES,2025-08-10 07:00:00,2025.0,8.0,7.0,manha,True,0,moderado,BR-101
710883.0,2025-08-10,domingo,22:00,ES,101.0,296.7,CARIACICA,Reação tardia ou ineficiente do condutor,Colisão com objeto,Com Vítimas Feridas,Plena Noite,Decrescente,Céu Claro,Simples,Reta,Sim,1.0,0.0,1.0,0.0,0.0,0.0,1.0,1.0,-20.3437483,-40.40643811,SPRF-ES,DEL01-ES,UOP01-DEL01-ES,2025-08-10 22:00:00,2025.0,8.0,22.0,noite,True,0,moderado,BR-101
710888.0,2025-08-10,domingo,23:10,ES,101.0,296.7,CARIACICA,Reação tardia ou ineficiente do condutor,Colisão lateral mesmo sentido,Com Vítimas Feridas,Plena Noite,Decrescente,Céu Claro,Dupla,Reta,Sim,3.0,0.0,1.0,0.0,1.0,1.0,1.0,2.0,-20.34395751,-40.40776698,SPRF-ES,DEL01-ES,UOP01-DEL01-ES,2025-08-10 23:10:00,2025.0,8.0,23.0,noite,True,0,moderado,BR-101
710938.0,2025-08-11,segunda,06:33,ES,101.0,264.0,SERRA,Demais falhas mecânicas ou elétricas,Incêndio,Sem Vítimas,Pleno dia,Crescente,Céu Claro,Simples,Reta,Sim,1.0,0.0,0.0,0.0,1.0,0.0,0.0,1.0,-20.0488669,-40.3866817,SPRF-ES,DEL02-ES,UOP01-DEL02-ES,2025-08-11 06:33:00,2025.0,8.0,6.0,manha,True,0,baixo,BR-101
711083.0,2025-08-11,segunda,18:00,ES,101.0,282.2,CARIACICA,Acumulo de areia ou detritos sobre o pavimento,Queda de ocupante de veículo,Com Vítimas Feridas,Plena Noite,Decrescente,Céu Claro,Múltipla,Aclive,Sim,1.0,0.0,1.0,0.0,0.0,0.0,1.0,1.0,-20.22835175,-40.36567926,SPRF-ES,DEL01-ES,UOP01-DEL01-ES,2025-08-11 18:00:00,2025.0,8.0,18.0,noite,True,0,moderado,BR-101
711098.0,2025-08-11,segunda,18:57,ES,101.0,268.9,SERRA,Ausência de reação do condutor,Tombamento,Com Vítimas Feridas,Pleno dia,Crescente,Céu Claro,Dupla,Reta,Sim,2.0,0.0,2.0,0.0,0.0,0.0,2.0,1.0,-20.21672832,-40.2701059,SPRF-ES,DEL02-ES,UOP01-DEL02-ES,2025-08-11 18:57:00,2025.0,8.0,18.0,noite,True,0,moderado,BR-101
711200.0,2025-08-12,terca,10:15,ES,101.0,289.3,CARIACICA,Ausência de reação do condutor,Tombamento,Com Vítimas Feridas,Pleno dia,Crescente,Céu Claro,Dupla,Reta,Sim,1.0,0.0,0.0,1.0,0.0,0.0,1.0,1.0,-20.27777682,-40.39279461,SPRF-ES,DEL01-ES,UOP01-DEL01-ES,2025-08-12 10:15:00,2025.0,8.0,10.0,manha,True,1,grave,BR-101
711244.0,2025-08-12,terca,15:06,ES,101.0,255.5,SERRA,Condutor desrespeitou a iluminação vermelha do semáforo,Colisão transversal,Com Vítimas Feridas,Pleno dia,Decrescente,Nublado,Simples,Reta,Sim,5.0,0.0,3.0,0.0,2.0,0.0,3.0,2.0,-20.1172859,-40.314724,SPRF-ES,DEL02-ES,UOP01-DEL02-ES,2025-08-12 15:06:00,2025.0,8.0,15.0,tarde,True,0,moderado,BR-101
711248.0,2025-08-12,terca,16:00,ES,101.0,268.9,SERRA,Manobra de mudança de faixa,Colisão lateral mesmo sentido,Com Vítimas Feridas,Pleno dia,Decrescente,Nublado,Múltipla,Reta,Sim,3.0,0.0,2.0,0.0,1.0,0.0,2.0,2.0,-20.22467144,-40.27042508,SPRF-ES,DEL02-ES,UOP01-DEL02-ES,2025-08-12 16:00:00,2025.0,8.0,16.0,tarde,True,0,moderado,BR-101
711262.0,2025-08-12,terca,17:30,ES,101.0,298.5,VIANA,Manobra de mudança de faixa,Colisão lateral mesmo sentido,Com Vítimas Feridas,Anoitecer,Crescente,Nublado,Múltipla,Viaduto;Reta,Sim,2.0,0.0,1.0,0.0,1.0,0.0,1.0,2.0,-20.35728134,-40.41977406,SPRF-ES,DEL01-ES,UOP01-DEL01-ES,2025-08-12 17:30:00,2025.0,8.0,17.0,tarde,True,0,moderado,BR-101
711507.0,2025-08-14,quinta,00:02,ES,101.0,267.1,SERRA,Ausência de reação do condutor,Saída de leito carroçável,Sem Vítimas,Plena Noite,Decrescente,Nublado,Dupla,Reta,Sim,1.0,0.0,0.0,0.0,0.0,1.0,0.0,1.0,-20.20028783,-40.26847482,SPRF-ES,DEL02-ES,UOP01-DEL02-ES,2025-08-14 00:02:00,2025.0,8.0,0.0,madrugada,True,0,baixo,BR-101
711533.0,2025-08-14,quinta,07:20,ES,262.0,17.7,VIANA,Retorno proibido,Colisão transversal,Com Vítimas Feridas,Pleno dia,Crescente,Céu Claro,Simples,Reta,Sim,2.0,0.0,1.0,0.0,1.0,0.0,1.0,2.0,-20.39007,-40.478578,SPRF-ES,DEL01-ES,UOP01-DEL01-ES,2025-08-14 07:20:00,2025.0,8.0,7.0,manha,True,0,moderado,BR-262
711566.0,2025-08-14,quinta,10:05,ES,101.0,289.0,CARIACICA,Ausência de reação do condutor,Tombamento,Com Vítimas Feridas,Pleno dia,Crescente,Sol,Dupla,Aclive;Reta,Sim,2.0,0.0,1.0,0.0,1.0,0.0,1.0,1.0,-20.2957936,-40.3957834,SPRF-ES,DEL01-ES,UOP01-DEL01-ES,2025-08-14 10:05:00,2025.0,8.0,10.0,manha,True,0,moderado,BR-101
711708.0,2025-08-15,sexta,06:32,ES,101.0,255.0,SERRA,Acesso irregular,Colisão transversal,Com Vítimas Feridas,Amanhecer,Decrescente,Céu Claro,Simples,Reta,Não,2.0,0.0,1.0,0.0,1.0,0.0,1.0,2.0,-20.11813,-40.313117,SPRF-ES,DEL02-ES,UOP01-DEL02-ES,2025-08-15 06:32:00,2025.0,8.0,6.0,manha,True,0,moderado,BR-101
711877.0,2025-08-15,sexta,20:30,ES,101.0,298.5,VIANA,Reação tardia ou ineficiente do condutor,Colisão lateral mesmo sentido,Com Vítimas Feridas,Plena Noite,Decrescente,Céu Claro,Múltipla,Viaduto,Sim,5.0,0.0,4.0,0.0,1.0,0.0,4.0,3.0,-20.35743537,-40.41966677,SPRF-ES,DEL01-ES,UOP01-DEL01-ES,2025-08-15 20:30:00,2025.0,8.0,20.0,noite,True,0,moderado,BR-101
712056.0,2025-08-16,sabado,18:00,ES,101.0,255.0,SERRA,Ingestão de álcool pelo condutor,Colisão transversal,Com Vítimas Feridas,Plena Noite,Crescente,Céu Claro,Simples,Reta,Sim,3.0,0.0,2.0,0.0,1.0,0.0,2.0,2.0,-20.118479,-40.31253,SPRF-ES,DEL02-ES,UOP01-DEL02-ES,2025-08-16 18:00:00,2025.0,8.0,18.0,noite,True,0,moderado,BR-101
712097.0,2025-08-16,sabado,20:30,ES,101.0,258.5,SERRA,Ausência de reação do condutor,Colisão com objeto,Com Vítimas Feridas,Plena Noite,Crescente,Nublado,Dupla,Curva;Declive,Sim,2.0,0.0,2.0,0.0,0.0,0.0,2.0,1.0,-20.13300171,-40.29359798,SPRF-ES,DEL02-ES,UOP01-DEL02-ES,2025-08-16 20:30:00,2025.0,8.0,20.0,noite,True,0,moderado,BR-101
712420.0,2025-08-18,segunda,10:00,ES,101.0,269.6,SERRA,Condutor desrespeitou a iluminação vermelha do semáforo,Colisão transversal,Com Vítimas Feridas,Pleno dia,Crescente,Céu Claro,Múltipla,Interseção de Vias;Reta,Sim,3.0,0.0,2.0,0.0,1.0,0.0,2.0,2.0,-20.22188,-40.27042,SPRF-ES,DEL02-ES,UOP01-DEL02-ES,2025-08-18 10:00:00,2025.0,8.0,10.0,manha,True,0,moderado,BR-101
712487.0,2025-08-18,segunda,16:30,ES,101.0,279.5,SERRA,Desrespeitar a preferência no cruzamento,Colisão transversal,Com Vítimas Feridas,Pleno dia,Decrescente,Nublado,Múltipla,Retorno Regulamentado;Reta,Não,4.0,0.0,4.0,0.0,0.0,0.0,4.0,2.0,-20.218255,-40.3456,SPRF-ES,DEL02-ES,UOP01-DEL02-ES,2025-08-18 16:30:00,2025.0,8.0,16.0,tarde,True,0,moderado,BR-101
712607.0,2025-08-19,terca,08:10,ES,101.0,297.2,CARIACICA,Reação tardia ou ineficiente do condutor,Tombamento,Com Vítimas Feridas,Pleno dia,Crescente,Céu Claro,Dupla,Reta,Sim,1.0,0.0,1.0,0.0,0.0,0.0,1.0,1.0,-20.3479868,-40.41172743,SPRF-ES,DEL01-ES,UOP01-DEL01-ES,2025-08-19 08:10:00,2025.0,8.0,8.0,manha,True,0,moderado,BR-101
712654.0,2025-08-19,terca,07:30,ES,101.0,268.7,SERRA,Pedestre cruzava a pista fora da faixa,Atropelamento de Pedestre,Com Vítimas Feridas,Pleno dia,Crescente,Chuva,Dupla,Reta,Sim,2.0,0.0,0.0,1.0,0.0,1.0,1.0,2.0,-20.21565001,-40.26980639,SPRF-ES,DEL02-ES,UOP01-DEL02-ES,2025-08-19 07:30:00,2025.0,8.0,7.0,manha,True,1,grave,BR-101
712678.0,2025-08-19,terca,15:00,ES,101.0,335.3,GUARAPARI,Ausência de reação do condutor,Colisão com objeto,Com Vítimas Feridas,Pleno dia,Decrescente,Céu Claro,Dupla,Curva;Aclive;Viaduto,Sim,1.0,0.0,1.0,0.0,0.0,0.0,1.0,1.0,-20.62804498,-40.52955151,SPRF-ES,DEL03-ES,UOP01-DEL03-ES,2025-08-19 15:00:00,2025.0,8.0,15.0,tarde,True,0,moderado,BR-101
712732.0,2025-08-19,terca,20:00,ES,262.0,17.3,VIANA,Pedestre andava na pista,Atropelamento de Pedestre,Com Vítimas Feridas,Plena Noite,Decrescente,Céu Claro,Simples,Reta,Sim,2.0,0.0,1.0,0.0,1.0,0.0,1.0,2.0,-20.38851662,-40.47730839,SPRF-ES,DEL01-ES,UOP01-DEL01-ES,2025-08-19 20:00:00,2025.0,8.0,20.0,noite,True,0,moderado,BR-262
712788.0,2025-08-20,quarta,06:50,ES,101.0,304.9,VIANA,Acessar a via sem observar a presença dos outros veículos,Colisão transversal,Com Vítimas Feridas,Amanhecer,Crescente,Sol,Múltipla,Curva,Sim,2.0,0.0,1.0,1.0,0.0,0.0,2.0,2.0,-20.38450167,-40.46367335,SPRF-ES,DEL01-ES,UOP01-DEL01-ES,2025-08-20 06:50:00,2025.0,8.0,6.0,manha,True,1,grave,BR-101
712869.0,2025-08-20,quarta,15:20,ES,101.0,266.3,SERRA,Demais falhas mecânicas ou elétricas,Tombamento,Com Vítimas Feridas,Pleno dia,Decrescente,Sol,Múltipla,Reta,Sim,2.0,0.0,2.0,0.0,0.0,0.0,2.0,1.0,-20.1929442,-40.2688107,SPRF-ES,DEL02-ES,UOP01-DEL02-ES,2025-08-20 15:20:00,2025.0,8.0,15.0,tarde,True,0,moderado,BR-101
713014.0,2025-08-21,quinta,09:40,ES,101.0,294.5,CARIACICA,Condutor deixou de manter distância do veículo da frente,Colisão traseira,Com Vítimas Feridas,Pleno dia,Decrescente,Céu Claro,Dupla,Reta,Sim,2.0,0.0,1.0,0.0,1.0,0.0,1.0,2.0,-20.3299535,-40.398857,SPRF-ES,DEL01-ES,UOP01-DEL01-ES,2025-08-21 09:40:00,2025.0,8.0,9.0,manha,True,0,moderado,BR-101
713190.0,2025-08-22,sexta,07:10,ES,101.0,269.0,SERRA,Ausência de reação do condutor,Colisão lateral mesmo sentido,Com Vítimas Feridas,Pleno dia,Crescente,Sol,Dupla,Reta,Sim,3.0,0.0,2.0,0.0,1.0,0.0,2.0,2.0,-20.217,-40.27,SPRF-ES,DEL02-ES,UOP01-DEL02-ES,2025-08-22 07:10:00,2025.0,8.0,7.0,manha,True,0,moderado,BR-101
713244.0,2025-07-22,terca,13:00,ES,101.0,277.9,SERRA,Acessar a via sem observar a presença dos outros veículos,Colisão transversal,Com Vítimas Fatais,Pleno dia,Crescente,Sol,Dupla,Reta,Sim,3.0,1.0,0.0,0.0,2.0,0.0,0.0,2.0,-20.21686025,-40.3288132,SPRF-ES,DEL02-ES,UOP01-DEL02-ES,2025-07-22 13:00:00,2025.0,7.0,13.0,tarde,True,1,fatal,BR-101
713375.0,2025-08-22,sexta,23:15,ES,101.0,262.0,SERRA,Reação tardia ou ineficiente do condutor,Colisão traseira,Com Vítimas Feridas,Plena Noite,Decrescente,Céu Claro,Dupla,Reta,Sim,2.0,0.0,1.0,0.0,0.0,1.0,1.0,2.0,-20.15999151,-40.27581329,SPRF-ES,DEL02-ES,UOP01-DEL02-ES,2025-08-22 23:15:00,2025.0,8.0,23.0,noite,True,0,moderado,BR-101
713436.0,2025-08-23,sabado,07:30,ES,101.0,270.5,SERRA,Condutor deixou de manter distância do veículo da frente,Colisão traseira,Com Vítimas Feridas,Pleno dia,Crescente,Céu Claro,Múltipla,Reta,Sim,2.0,0.0,1.0,0.0,0.0,1.0,1.0,2.0,-20.229509,-40.272567,SPRF-ES,DEL02-ES,UOP01-DEL02-ES,2025-08-23 07:30:00,2025.0,8.0,7.0,manha,True,0,moderado,BR-101
713700.0,2025-08-24,domingo,09:10,ES,101.0,298.2,VIANA,Condutor deixou de manter distância do veículo da frente,Colisão lateral mesmo sentido,Com Vítimas Feridas,Pleno dia,Crescente,Céu Claro,Múltipla,Viaduto;Retorno Regulamentado,Sim,2.0,0.0,1.0,0.0,1.0,0.0,1.0,2.0,-20.35753737,-40.41987984,SPRF-ES,DEL01-ES,UOP01-DEL01-ES,2025-08-24 09:10:00,2025.0,8.0,9.0,manha,True,0,moderado,BR-101
714024.0,2025-08-25,segunda,20:10,ES,101.0,260.5,SERRA,Conversão proibida,Colisão transversal,Com Vítimas Feridas,Plena Noite,Decrescente,Céu Claro,Múltipla,Reta,Não,2.0,0.0,1.0,0.0,0.0,1.0,1.0,2.0,-20.1464868,-40.2822158,SPRF-ES,DEL02-ES,UOP01-DEL02-ES,2025-08-25 20:10:00,2025.0,8.0,20.0,noite,True,0,moderado,BR-101
714285.0,2025-08-27,quarta,05:48,ES,101.0,270.0,SERRA,Entrada inopinada do pedestre,Atropelamento de Pedestre,Com Vítimas Feridas,Pleno dia,Crescente,Sol,Dupla,Interseção de Vias,Sim,2.0,0.0,1.0,0.0,1.0,0.0,1.0,2.0,-20.227,-40.271,SPRF-ES,DEL02-ES,UOP01-DEL02-ES,2025-08-27 05:48:00,2025.0,8.0,5.0,madrugada,True,0,moderado,BR-101
714317.0,2025-08-27,quarta,08:15,ES,101.0,256.0,SERRA,Ausência de reação do condutor,Queda de ocupante de veículo,Com Vítimas Feridas,Pleno dia,Crescente,Sol,Simples,Reta,Sim,1.0,0.0,1.0,0.0,0.0,0.0,1.0,1.0,-20.12002677,-40.30926615,SPRF-ES,DEL02-ES,UOP01-DEL02-ES,2025-08-27 08:15:00,2025.0,8.0,8.0,manha,True,0,moderado,BR-101
714338.0,2025-08-27,quarta,10:30,ES,101.0,302.0,VIANA,Reação tardia ou ineficiente do condutor,Tombamento,Com Vítimas Feridas,Pleno dia,Crescente,Céu Claro,Dupla,Curva,Sim,1.0,0.0,1.0,0.0,0.0,0.0,1.0,1.0,-20.37572245,-40.44271449,SPRF-ES,DEL01-ES,UOP01-DEL01-ES,2025-08-27 10:30:00,2025.0,8.0,10.0,manha,True,0,moderado,BR-101
714421.0,2025-08-27,quarta,18:16,ES,101.0,265.0,SERRA,Ausência de reação do condutor,Atropelamento de Pedestre,Com Vítimas Feridas,Plena Noite,Crescente,Céu Claro,Dupla,Reta,Sim,2.0,0.0,1.0,0.0,0.0,1.0,1.0,2.0,-20.18138972,-40.34028491,SPRF-ES,DEL02-ES,UOP01-DEL02-ES,2025-08-27 18:16:00,2025.0,8.0,18.0,noite,True,0,moderado,BR-101
714488.0,2025-08-28,quinta,07:40,ES,101.0,275.0,SERRA,Transitar no Acostamento,Colisão com objeto,Com Vítimas Feridas,Pleno dia,Decrescente,Nublado,Dupla,Reta,Sim,2.0,0.0,0.0,2.0,0.0,0.0,2.0,1.0,-20.21381512,-40.32209516,SPRF-ES,DEL02-ES,UOP01-DEL02-ES,2025-08-28 07:40:00,2025.0,8.0,7.0,manha,True,1,grave,BR-101
714512.0,2025-08-28,quinta,10:30,ES,262.0,0.1,VITORIA,Reação tardia ou ineficiente do condutor,Colisão com objeto,Com Vítimas Feridas,Pleno dia,Crescente,Céu Claro,Dupla,Reta;Ponte,Sim,1.0,0.0,1.0,0.0,0.0,0.0,1.0,1.0,-20.32202855,-40.35381166,SPRF-ES,DEL01-ES,UOP01-DEL01-ES,2025-08-28 10:30:00,2025.0,8.0,10.0,manha,True,0,moderado,BR-262
714597.0,2025-08-28,quinta,18:15,ES,101.0,288.2,CARIACICA,Desrespeitar a preferência no cruzamento,Colisão transversal,Com Vítimas Feridas,Plena Noite,Crescente,Nublado,Dupla,Retorno Regulamentado,Sim,2.0,0.0,0.0,1.0,1.0,0.0,1.0,2.0,-20.27364868,-40.39191596,SPRF-ES,DEL01-ES,UOP01-DEL01-ES,2025-08-28 18:15:00,2025.0,8.0,18.0,noite,True,1,grave,BR-101
714613.0,2025-08-28,quinta,20:00,ES,101.0,261.9,SERRA,Animais na Pista,Atropelamento de Animal,Com Vítimas Feridas,Plena Noite,Decrescente,Céu Claro,Simples,Reta,Sim,2.0,0.0,2.0,0.0,0.0,0.0,2.0,1.0,-20.157535,-40.276766,SPRF-ES,DEL02-ES,UOP01-DEL02-ES,2025-08-28 20:00:00,2025.0,8.0,20.0,noite,True,0,moderado,BR-101
714732.0,2025-08-29,sexta,10:43,ES,0.0,0.0,VILA VELHA,Trafegar com motocicleta (ou similar) entre as faixas,Colisão lateral mesmo sentido,Sem Vítimas,Pleno dia,Não Informado,Céu Claro,Múltipla,Reta,Sim,4.0,0.0,0.0,0.0,4.0,0.0,0.0,4.0,-20.33359172,-40.29144323,SPRF-ES,,,2025-08-29 10:43:00,2025.0,8.0,10.0,manha,True,0,baixo,BR-0
714761.0,2025-08-29,sexta,13:49,ES,101.0,296.0,CARIACICA,Reação tardia ou ineficiente do condutor,Colisão com objeto,Com Vítimas Feridas,Pleno dia,Crescente,Sol,Simples,Curva;Aclive;Viaduto,Sim,1.0,0.0,1.0,0.0,0.0,0.0,1.0,1.0,-20.342795,-40.406188,SPRF-ES,DEL01-ES,UOP01-DEL01-ES,2025-08-29 13:49:00,2025.0,8.0,13.0,tarde,True,0,moderado,BR-101
714837.0,2025-08-29,sexta,18:30,ES,101.0,269.9,SERRA,Manobra de mudança de faixa,Colisão lateral mesmo sentido,Com Vítimas Feridas,Plena Noite,Crescente,Nublado,Múltipla,Interseção de Vias,Sim,2.0,0.0,1.0,0.0,1.0,0.0,1.0,2.0,-20.04887598,-40.3865263,SPRF-ES,DEL02-ES,UOP01-DEL02-ES,2025-08-29 18:30:00,2025.0,8.0,18.0,noite,True,0,moderado,BR-101
714925.0,2025-08-30,sabado,01:00,ES,447.0,14.0,VILA VELHA,Acessar a via sem observar a presença dos outros veículos,Colisão transversal,Com Vítimas Feridas,Plena Noite,Crescente,Chuva,Simples,Reta,Sim,2.0,0.0,1.0,1.0,0.0,0.0,2.0,2.0,-20.350168,-40.333452,SPRF-ES,DEL01-ES,UOP01-DEL01-ES,2025-08-30 01:00:00,2025.0,8.0,1.0,madrugada,True,1,grave,BR-447
714976.0,2025-08-30,sabado,08:30,ES,101.0,259.7,SERRA,Condutor deixou de manter distância do veículo da frente,Colisão traseira,Com Vítimas Feridas,Pleno dia,Crescente,Céu Claro,Simples,Curva,Sim,3.0,0.0,2.0,0.0,0.0,1.0,2.0,2.0,-20.146539,-40.287022,SPRF-ES,DEL02-ES,UOP01-DEL02-ES,2025-08-30 08:30:00,2025.0,8.0,8.0,manha,True,0,moderado,BR-101
715052.0,2025-08-30,sabado,15:30,ES,101.0,229.0,FUNDAO,Acesso irregular,Colisão transversal,Sem Vítimas,Pleno dia,Decrescente,Nublado,Simples,Reta,Sim,2.0,0.0,0.0,0.0,1.0,1.0,0.0,2.0,-19.931509,-40.40552,SPRF-ES,DEL02-ES,UOP01-DEL02-ES,2025-08-30 15:30:00,2025.0,8.0,15.0,tarde,True,0,baixo,BR-101
715059.0,2025-08-30,sabado,16:30,ES,101.0,287.3,CARIACICA,Mal súbito do condutor,Tombamento,Com Vítimas Feridas,Pleno dia,Crescente,Nublado,Dupla,Reta;Declive,Não,1.0,0.0,1.0,0.0,0.0,0.0,1.0,1.0,-20.26152392,-40.37874406,SPRF-ES,DEL01-ES,UOP01-DEL01-ES,2025-08-30 16:30:00,2025.0,8.0,16.0,tarde,True,0,moderado,BR-101
715066.0,2025-08-30,sabado,16:45,ES,262.0,19.8,VIANA,Entrada inopinada do pedestre,Atropelamento de Pedestre,Com Vítimas Feridas,Pleno dia,Crescente,Céu Claro,Simples,Curva,Sim,6.0,0.0,1.0,0.0,5.0,0.0,1.0,2.0,-20.38625971,-40.49624847,SPRF-ES,DEL01-ES,UOP01-DEL01-ES,2025-08-30 16:45:00,2025.0,8.0,16.0,tarde,True,0,moderado,BR-262
715176.0,2025-08-31,domingo,02:00,ES,101.0,294.0,VIANA,Chuva,Colisão com objeto,Com Vítimas Feridas,Plena Noite,Crescente,Chuva,Múltipla,Reta,Não,1.0,0.0,1.0,0.0,0.0,0.0,1.0,1.0,-20.35623752,-40.41775118,SPRF-ES,DEL01-ES,UOP01-DEL01-ES,2025-08-31 02:00:00,2025.0,8.0,2.0,madrugada,True,0,moderado,BR-101
715222.0,2025-08-31,domingo,09:40,ES,101.0,284.0,CARIACICA,Avarias e/ou desgaste excessivo no pneu,Queda de ocupante de veículo,Com Vítimas Feridas,Pleno dia,Crescente,Céu Claro,Dupla,Reta,Não,2.0,0.0,1.0,1.0,0.0,0.0,2.0,1.0,-20.24481,-40.36973,SPRF-ES,DEL01-ES,UOP01-DEL01-ES,2025-08-31 09:40:00,2025.0,8.0,9.0,manha,True,1,grave,BR-101
715274.0,2025-08-31,domingo,17:20,ES,101.0,298.4,VIANA,Velocidade Incompatível,Colisão com objeto,Sem Vítimas,Plena Noite,Crescente,Garoa/Chuvisco,Múltipla,Reta;Interseção de Vias,Sim,1.0,0.0,0.0,0.0,1.0,0.0,0.0,1.0,-20.35751928,-40.42723877,SPRF-ES,DEL01-ES,UOP01-DEL01-ES,2025-08-31 17:20:00,2025.0,8.0,17.0,tarde,True,0,baixo,BR-101
715317.0,2025-08-19,terca,18:30,ES,101.0,264.6,SERRA,Manobra de mudança de faixa,Colisão traseira,Com Vítimas Feridas,Plena Noite,Decrescente,Céu Claro,Dupla,Reta,Sim,2.0,0.0,0.0,1.0,1.0,0.0,1.0,2.0,-20.179623,-40.26513,SPRF-ES,DEL02-ES,UOP01-DEL02-ES,2025-08-19 18:30:00,2025.0,8.0,18.0,noite,True,1,grave,BR-101
715327.0,2025-08-31,domingo,21:00,ES,101.0,295.1,CARIACICA,Condutor deixou de manter distância do veículo da frente,Colisão lateral mesmo sentido,Com Vítimas Feridas,Plena Noite,Crescente,Chuva,Múltipla,Reta,Sim,2.0,0.0,1.0,0.0,0.0,1.0,1.0,2.0,-20.33411089,-40.40103078,SPRF-ES,DEL01-ES,UOP01-DEL01-ES,2025-08-31 21:00:00,2025.0,8.0,21.0,noite,True,0,moderado,BR-101
715366.0,2025-09-01,segunda,00:20,ES,101.0,232.3,FUNDAO,Acumulo de água sobre o pavimento,Capotamento,Com Vítimas Feridas,Plena Noite,Crescente,Chuva,Simples,Reta,Não,2.0,0.0,1.0,1.0,0.0,0.0,2.0,1.0,-19.95504667,-40.408055,SPRF-ES,DEL02-ES,UOP01-DEL02-ES,2025-09-01 00:20:00,2025.0,9.0,0.0,madrugada,True,1,grave,BR-101
715592.0,2025-09-02,terca,06:45,ES,101.0,282.3,CARIACICA,Chuva,Tombamento,Com Vítimas Feridas,Pleno dia,Crescente,Chuva,Múltipla,Retorno Regulamentado,Não,1.0,0.0,1.0,0.0,0.0,0.0,1.0,1.0,-20.22867736,-40.3660655,SPRF-ES,DEL01-ES,UOP01-DEL01-ES,2025-09-02 06:45:00,2025.0,9.0,6.0,manha,True,0,moderado,BR-101
715641.0,2025-09-02,terca,11:05,ES,101.0,298.3,VIANA,Reação tardia ou ineficiente do condutor,Tombamento,Com Vítimas Feridas,Pleno dia,Crescente,Chuva,Múltipla,Reta,Sim,1.0,0.0,0.0,1.0,0.0,0.0,1.0,1.0,-20.35540428,-40.41762471,SPRF-ES,DEL01-ES,UOP01-DEL01-ES,2025-09-02 11:05:00,2025.0,9.0,11.0,manha,True,1,grave,BR-101
715859.0,2025-08-10,domingo,23:30,ES,101.0,10.8,SERRA,Transitar na contramão,Colisão frontal,Com Vítimas Fatais,Plena Noite,Crescente,Nublado,Dupla,Reta;Ponte,Não,3.0,1.0,1.0,0.0,1.0,0.0,1.0,2.0,-20.14954166,-40.345588,SPRF-ES,DEL02-ES,UOP01-DEL02-ES,2025-08-10 23:30:00,2025.0,8.0,23.0,noite,True,1,fatal,BR-101
715936.0,2025-09-03,quarta,18:45,ES,101.0,269.5,SERRA,Reação tardia ou ineficiente do condutor,Colisão traseira,Com Vítimas Feridas,Pleno dia,Crescente,Nublado,Múltipla,Reta,Sim,4.0,0.0,1.0,1.0,2.0,0.0,2.0,3.0,-20.22213167,-40.27024833,SPRF-ES,DEL02-ES,UOP01-DEL02-ES,2025-09-03 18:45:00,2025.0,9.0,18.0,noite,True,1,grave,BR-101
715953.0,2025-09-03,quarta,20:40,ES,101.0,292.0,CARIACICA,Acessar a via sem observar a presença dos outros veículos,Colisão transversal,Com Vítimas Feridas,Plena Noite,Crescente,Garoa/Chuvisco,Dupla,Reta;Interseção de Vias,Sim,2.0,0.0,1.0,0.0,1.0,0.0,1.0,2.0,-20.30689907,-40.39478586,SPRF-ES,DEL01-ES,UOP01-DEL01-ES,2025-09-03 20:40:00,2025.0,9.0,20.0,noite,True,0,moderado,BR-101
715956.0,2025-09-03,quarta,21:45,ES,101.0,262.5,SERRA,Manobra de mudança de faixa,Tombamento,Com Vítimas Feridas,Plena Noite,Crescente,Garoa/Chuvisco,Dupla,Reta;Declive,Não,2.0,0.0,1.0,0.0,1.0,0.0,1.0,2.0,-20.16429,-40.2741,SPRF-ES,DEL02-ES,UOP01-DEL02-ES,2025-09-03 21:45:00,2025.0,9.0,21.0,noite,True,0,moderado,BR-101
716006.0,2025-09-04,quinta,07:15,ES,101.0,291.0,CARIACICA,Reação tardia ou ineficiente do condutor,Tombamento,Com Vítimas Feridas,Pleno dia,Decrescente,Céu Claro,Dupla,Reta,Sim,1.0,0.0,1.0,0.0,0.0,0.0,1.0,1.0,-20.297934,-40.394587,SPRF-ES,DEL01-ES,UOP01-DEL01-ES,2025-09-04 07:15:00,2025.0,9.0,7.0,manha,True,0,moderado,BR-101
716008.0,2025-09-04,quinta,07:30,ES,101.0,291.2,CARIACICA,Ausência de reação do condutor,Saída de leito carroçável,Com Vítimas Feridas,Pleno dia,Crescente,Nublado,Dupla,Reta,Não,2.0,0.0,2.0,0.0,0.0,0.0,2.0,1.0,-20.3039005,-40.39587021,SPRF-ES,DEL01-ES,UOP01-DEL01-ES,2025-09-04 07:30:00,2025.0,9.0,7.0,manha,True,0,moderado,BR-101
716088.0,2025-09-04,quinta,15:00,ES,101.0,263.0,SERRA,Acessar a via sem observar a presença dos outros veículos,Colisão traseira,Com Vítimas Feridas,Pleno dia,Decrescente,Nublado,Dupla,Declive;Reta,Sim,2.0,0.0,2.0,0.0,0.0,0.0,2.0,2.0,-20.1695432,-40.27002007,SPRF-ES,DEL02-ES,UOP01-DEL02-ES,2025-09-04 15:00:00,2025.0,9.0,15.0,tarde,True,0,moderado,BR-101
716119.0,2025-09-04,quinta,18:44,ES,262.0,0.9,CARIACICA,Manobra de mudança de faixa,Colisão lateral mesmo sentido,Com Vítimas Feridas,Plena Noite,Crescente,Nublado,Dupla,Ponte,Sim,2.0,0.0,1.0,0.0,1.0,0.0,1.0,2.0,-20.32638444,-40.35470366,SPRF-ES,DEL01-ES,UOP01-DEL01-ES,2025-09-04 18:44:00,2025.0,9.0,18.0,noite,True,0,moderado,BR-262
716224.0,2025-09-05,sexta,08:00,ES,101.0,297.5,CARIACICA,Trafegar com motocicleta (ou similar) entre as faixas,Colisão traseira,Com Vítimas Feridas,Pleno dia,Crescente,Céu Claro,Dupla,Reta,Sim,2.0,0.0,0.0,1.0,1.0,0.0,1.0,2.0,-20.34786385,-40.41160202,SPRF-ES,DEL01-ES,UOP01-DEL01-ES,2025-09-05 08:00:00,2025.0,9.0,8.0,manha,True,1,grave,BR-101
716303.0,2025-09-05,sexta,15:10,ES,101.0,257.0,SERRA,Acessar a via sem observar a presença dos outros veículos,Colisão frontal,Com Vítimas Feridas,Pleno dia,Decrescente,Céu Claro,Dupla,Interseção de Vias,Sim,2.0,0.0,1.0,0.0,1.0,0.0,1.0,2.0,-20.12369122,-40.30423274,SPRF-ES,DEL02-ES,UOP01-DEL02-ES,2025-09-05 15:10:00,2025.0,9.0,15.0,tarde,True,0,moderado,BR-101
716360.0,2025-09-05,sexta,17:45,ES,101.0,297.2,CARIACICA,Trafegar com motocicleta (ou similar) entre as faixas,Colisão traseira,Com Vítimas Feridas,Anoitecer,Crescente,Céu Claro,Dupla,Reta,Sim,2.0,0.0,1.0,0.0,1.0,0.0,1.0,2.0,-20.347605,-40.411545,SPRF-ES,DEL01-ES,UOP01-DEL01-ES,2025-09-05 17:45:00,2025.0,9.0,17.0,tarde,True,0,moderado,BR-101
716486.0,2025-09-06,sabado,08:00,ES,101.0,288.8,CARIACICA,Condutor deixou de manter distância do veículo da frente,Colisão traseira,Com Vítimas Feridas,Pleno dia,Decrescente,Céu Claro,Múltipla,Interseção de Vias,Sim,2.0,0.0,1.0,0.0,1.0,0.0,1.0,2.0,-20.2800659,-40.3924427,SPRF-ES,DEL01-ES,UOP01-DEL01-ES,2025-09-06 08:00:00,2025.0,9.0,8.0,manha,True,0,moderado,BR-101
716552.0,2025-09-06,sabado,13:10,ES,101.0,331.0,GUARAPARI,Avarias e/ou desgaste excessivo no pneu,Tombamento,Com Vítimas Feridas,Pleno dia,Decrescente,Céu Claro,Dupla,Curva,Não,2.0,0.0,1.0,1.0,0.0,0.0,2.0,1.0,-20.6013553,-40.5042874,SPRF-ES,DEL03-ES,UOP01-DEL03-ES,2025-09-06 13:10:00,2025.0,9.0,13.0,tarde,True,1,grave,BR-101
716777.0,2025-09-07,domingo,10:20,ES,101.0,241.9,SERRA,Demais falhas na via,Colisão com objeto,Com Vítimas Feridas,Pleno dia,Crescente,Céu Claro,Múltipla,Reta,Não,1.0,0.0,1.0,0.0,0.0,0.0,1.0,1.0,-20.03295,-40.39673,SPRF-ES,DEL02-ES,UOP01-DEL02-ES,2025-09-07 10:20:00,2025.0,9.0,10.0,manha,True,0,moderado,BR-101
717064.0,2025-09-08,segunda,16:57,ES,101.0,286.0,CARIACICA,Acessar a via sem observar a presença dos outros veículos,Colisão lateral mesmo sentido,Com Vítimas Feridas,Plena Noite,Crescente,Céu Claro,Dupla,Reta,Não,2.0,0.0,1.0,0.0,1.0,0.0,1.0,2.0,-20.265964,-40.385661,SPRF-ES,DEL01-ES,UOP01-DEL01-ES,2025-09-08 16:57:00,2025.0,9.0,16.0,tarde,True,0,moderado,BR-101
717074.0,2025-09-08,segunda,17:14,ES,101.0,276.4,SERRA,Acessar a via sem observar a presença dos outros veículos,Colisão transversal,Com Vítimas Feridas,Anoitecer,Crescente,Nublado,Dupla,Retorno Regulamentado;Reta,Não,2.0,0.0,0.0,1.0,1.0,0.0,1.0,2.0,-20.209032,-40.315957,SPRF-ES,DEL02-ES,UOP01-DEL02-ES,2025-09-08 17:14:00,2025.0,9.0,17.0,tarde,True,1,grave,BR-101
717269.0,2025-09-09,terca,16:30,ES,101.0,297.6,VIANA,Condutor deixou de manter distância do veículo da frente,Colisão traseira,Com Vítimas Feridas,Pleno dia,Decrescente,Céu Claro,Dupla,Curva,Sim,2.0,0.0,0.0,1.0,1.0,0.0,1.0,2.0,-20.35077321,-40.41291833,SPRF-ES,DEL01-ES,UOP01-DEL01-ES,2025-09-09 16:30:00,2025.0,9.0,16.0,tarde,True,1,grave,BR-101
717285.0,2025-09-09,terca,18:20,ES,101.0,299.0,VIANA,Entrada inopinada do pedestre,Atropelamento de Pedestre,Com Vítimas Feridas,Plena Noite,Decrescente,Céu Claro,Múltipla,Reta,Sim,3.0,0.0,3.0,0.0,0.0,0.0,3.0,2.0,-20.357599,-40.427582,SPRF-ES,DEL01-ES,UOP01-DEL01-ES,2025-09-09 18:20:00,2025.0,9.0,18.0,noite,True,0,moderado,BR-101
717397.0,2025-09-10,quarta,13:10,ES,262.0,17.0,VIANA,Condutor deixou de manter distância do veículo da frente,Colisão traseira,Com Vítimas Feridas,Pleno dia,Decrescente,Céu Claro,Simples,Reta,Sim,2.0,0.0,1.0,0.0,1.0,0.0,1.0,2.0,-20.386885,-40.473821,SPRF-ES,DEL01-ES,UOP01-DEL01-ES,2025-09-10 13:10:00,2025.0,9.0,13.0,tarde,True,0,moderado,BR-262
717423.0,2025-09-10,quarta,14:40,ES,101.0,267.0,SERRA,Avarias e/ou desgaste excessivo no pneu,Tombamento,Com Vítimas Feridas,Pleno dia,Crescente,Sol,Múltipla,Reta,Sim,2.0,0.0,1.0,0.0,0.0,1.0,1.0,1.0,-20.1992787,-40.26899099,SPRF-ES,DEL02-ES,UOP01-DEL02-ES,2025-09-10 14:40:00,2025.0,9.0,14.0,tarde,True,0,moderado,BR-101
717574.0,2025-09-11,quinta,09:15,ES,101.0,340.7,GUARAPARI,Reação tardia ou ineficiente do condutor,Saída de leito carroçável,Com Vítimas Feridas,Pleno dia,Decrescente,Céu Claro,Dupla,Reta,Não,2.0,0.0,1.0,1.0,0.0,0.0,2.0,1.0,-20.6507953,-40.569761,SPRF-ES,DEL03-ES,UOP01-DEL03-ES,2025-09-11 09:15:00,2025.0,9.0,9.0,manha,True,1,grave,BR-101
717677.0,2025-09-11,quinta,18:30,ES,101.0,279.0,SERRA,Acessar a via sem observar a presença dos outros veículos,Colisão transversal,Com Vítimas Feridas,Plena Noite,Decrescente,Céu Claro,Dupla,Retorno Regulamentado;Reta,Não,4.0,0.0,2.0,0.0,2.0,0.0,2.0,2.0,-20.21856,-40.34559,SPRF-ES,DEL02-ES,UOP01-DEL02-ES,2025-09-11 18:30:00,2025.0,9.0,18.0,noite,True,0,moderado,BR-101
717771.0,2025-09-12,sexta,08:20,ES,101.0,270.1,SERRA,Condutor deixou de manter distância do veículo da frente,Colisão traseira,Com Vítimas Feridas,Pleno dia,Decrescente,Nublado,Múltipla,Reta,Sim,2.0,0.0,1.0,0.0,1.0,0.0,1.0,2.0,-20.2276829,-40.2713021,SPRF-ES,DEL02-ES,UOP01-DEL02-ES,2025-09-12 08:20:00,2025.0,9.0,8.0,manha,True,0,moderado,BR-101
717810.0,2025-09-12,sexta,10:55,ES,101.0,273.3,SERRA,Reação tardia ou ineficiente do condutor,Tombamento,Com Vítimas Feridas,Pleno dia,Crescente,Céu Claro,Dupla,Reta,Não,1.0,0.0,0.0,1.0,0.0,0.0,1.0,1.0,-20.125707,-40.34259922,SPRF-ES,DEL02-ES,UOP01-DEL02-ES,2025-09-12 10:55:00,2025.0,9.0,10.0,manha,True,1,grave,BR-101
717931.0,2025-09-12,sexta,20:30,ES,262.0,17.2,VIANA,Ausência de reação do condutor,Colisão transversal,Com Vítimas Feridas,Plena Noite,Decrescente,Céu Claro,Simples,Reta,Sim,3.0,0.0,0.0,1.0,2.0,0.0,1.0,3.0,-20.3879314,-40.476268,SPRF-ES,DEL01-ES,UOP01-DEL01-ES,2025-09-12 20:30:00,2025.0,9.0,20.0,noite,True,1,grave,BR-262
717962.0,2025-09-12,sexta,22:20,ES,101.0,289.0,CARIACICA,Velocidade Incompatível,Colisão com objeto,Sem Vítimas,Plena Noite,Crescente,Chuva,Dupla,Reta,Sim,1.0,0.0,0.0,0.0,0.0,1.0,0.0,1.0,-20.2800176,-40.39296269,SPRF-ES,DEL01-ES,UOP01-DEL01-ES,2025-09-12 22:20:00,2025.0,9.0,22.0,noite,True,0,baixo,BR-101
717994.0,2025-09-13,sabado,03:05,ES,101.0,4.3,SERRA,Ausência de reação do condutor,Saída de leito carroçável,Sem Vítimas,Plena Noite,Decrescente,Nublado,Dupla,Curva,Não,3.0,0.0,0.0,0.0,2.0,1.0,0.0,1.0,-20.0987588,-40.3533874,SPRF-ES,DEL04-ES,UOP02-DEL04-ES,2025-09-13 03:05:00,2025.0,9.0,3.0,madrugada,True,0,baixo,BR-101
718100.0,2025-09-13,sabado,13:50,ES,101.0,331.8,GUARAPARI,Acumulo de água sobre o pavimento,Saída de leito carroçável,Com Vítimas Feridas,Pleno dia,Crescente,Chuva,Dupla,Reta,Não,1.0,0.0,1.0,0.0,0.0,0.0,1.0,1.0,-20.60633483,-40.50646305,SPRF-ES,DEL03-ES,UOP01-DEL03-ES,2025-09-13 13:50:00,2025.0,9.0,13.0,tarde,True,0,moderado,BR-101
718123.0,2025-09-13,sabado,14:50,ES,101.0,284.0,CARIACICA,Reação tardia ou ineficiente do condutor,Colisão traseira,Com Vítimas Feridas,Pleno dia,Crescente,Chuva,Dupla,Reta;Declive,Não,2.0,0.0,1.0,0.0,1.0,0.0,1.0,2.0,-20.246943,-40.369971,SPRF-ES,DEL01-ES,UOP01-DEL01-ES,2025-09-13 14:50:00,2025.0,9.0,14.0,tarde,True,0,moderado,BR-101
718266.0,2025-09-14,domingo,04:50,ES,101.0,293.2,CARIACICA,Velocidade Incompatível,Saída de leito carroçável,Com Vítimas Feridas,Plena Noite,Decrescente,Céu Claro,Múltipla,Reta,Não,1.0,0.0,0.0,1.0,0.0,0.0,1.0,1.0,-20.3186199,-40.3969695,SPRF-ES,DEL01-ES,UOP01-DEL01-ES,2025-09-14 04:50:00,2025.0,9.0,4.0,madrugada,True,1,grave,BR-101
718391.0,2025-09-14,domingo,19:10,ES,101.0,266.4,SERRA,Pedestre cruzava a pista fora da faixa,Atropelamento de Pedestre,Com Vítimas Feridas,Plena Noite,Crescente,Céu Claro,Dupla,Reta,Sim,1.0,0.0,1.0,0.0,0.0,0.0,1.0,1.0,-20.19440188,-40.26848317,SPRF-ES,DEL02-ES,UOP01-DEL02-ES,2025-09-14 19:10:00,2025.0,9.0,19.0,noite,True,0,moderado,BR-101
718411.0,2025-09-14,domingo,19:00,ES,101.0,287.5,CARIACICA,Reação tardia ou ineficiente do condutor,Colisão com objeto,Sem Vítimas,Plena Noite,Crescente,Nublado,Dupla,Reta,Sim,1.0,0.0,0.0,0.0,1.0,0.0,0.0,1.0,-20.27904545,-40.39281964,SPRF-ES,DEL01-ES,UOP01-DEL01-ES,2025-09-14 19:00:00,2025.0,9.0,19.0,noite,True,0,baixo,BR-101
718768.0,2025-09-16,terca,10:10,ES,101.0,264.5,SERRA,Acesso irregular,Colisão transversal,Com Vítimas Feridas,Pleno dia,Crescente,Garoa/Chuvisco,Dupla,Reta,Não,2.0,0.0,1.0,0.0,0.0,1.0,1.0,2.0,-20.17825181,-40.26548018,SPRF-ES,DEL02-ES,UOP01-DEL02-ES,2025-09-16 10:10:00,2025.0,9.0,10.0,manha,True,0,moderado,BR-101
718781.0,2025-09-16,terca,12:15,ES,447.0,13.9,VILA VELHA,Condutor deixou de manter distância do veículo da frente,Colisão traseira,Com Vítimas Feridas,Pleno dia,Crescente,Céu Claro,Dupla,Reta,Sim,2.0,0.0,1.0,0.0,1.0,0.0,1.0,2.0,-20.35011936,-40.33327818,SPRF-ES,DEL01-ES,UOP01-DEL01-ES,2025-09-16 12:15:00,2025.0,9.0,12.0,tarde,True,0,moderado,BR-447
718785.0,2025-09-16,terca,13:00,ES,262.0,17.0,VIANA,Acessar a via sem observar a presença dos outros veículos,Colisão transversal,Com Vítimas Feridas,Pleno dia,Decrescente,Sol,Simples,Reta,Sim,2.0,0.0,1.0,0.0,1.0,0.0,1.0,2.0,-20.38662993,-40.47324657,SPRF-ES,DEL01-ES,UOP01-DEL01-ES,2025-09-16 13:00:00,2025.0,9.0,13.0,tarde,True,0,moderado,BR-262
719103.0,2025-09-18,quinta,07:00,ES,262.0,16.0,VIANA,Acessar a via sem observar a presença dos outros veículos,Colisão transversal,Com Vítimas Feridas,Pleno dia,Crescente,Nublado,Simples,Curva,Não,2.0,0.0,1.0,0.0,1.0,0.0,1.0,2.0,-20.38418159,-40.46709438,SPRF-ES,DEL01-ES,UOP01-DEL01-ES,2025-09-18 07:00:00,2025.0,9.0,7.0,manha,True,0,moderado,BR-262
719113.0,2025-09-18,quinta,07:40,ES,101.0,236.5,FUNDAO,Ausência de reação do condutor,Colisão lateral sentido oposto,Com Vítimas Feridas,Pleno dia,Crescente,Chuva,Simples,Curva,Não,2.0,0.0,0.0,1.0,1.0,0.0,1.0,2.0,-19.991428,-40.414103,SPRF-ES,DEL02-ES,UOP01-DEL02-ES,2025-09-18 07:40:00,2025.0,9.0,7.0,manha,True,1,grave,BR-101
719245.0,2025-09-18,quinta,19:10,ES,101.0,268.9,SERRA,Acessar a via sem observar a presença dos outros veículos,Colisão traseira,Com Vítimas Feridas,Plena Noite,Crescente,Céu Claro,Dupla,Reta,Sim,4.0,0.0,2.0,0.0,2.0,0.0,2.0,3.0,-20.216857,-40.270283,SPRF-ES,DEL02-ES,UOP01-DEL02-ES,2025-09-18 19:10:00,2025.0,9.0,19.0,noite,True,0,moderado,BR-101
719315.0,2025-09-19,sexta,06:40,ES,101.0,268.5,SERRA,Trafegar com motocicleta (ou similar) entre as faixas,Colisão lateral mesmo sentido,Com Vítimas Feridas,Pleno dia,Crescente,Nublado,Múltipla,Reta,Não,4.0,0.0,3.0,0.0,1.0,0.0,3.0,4.0,-20.21246,-40.26983,SPRF-ES,DEL02-ES,UOP01-DEL02-ES,2025-09-19 06:40:00,2025.0,9.0,6.0,manha,True,0,moderado,BR-101
719327.0,2025-09-19,sexta,08:41,ES,101.0,291.8,CARIACICA,Manobra de mudança de faixa,Colisão lateral mesmo sentido,Com Vítimas Feridas,Pleno dia,Decrescente,Céu Claro,Dupla,Reta,Sim,2.0,0.0,1.0,0.0,1.0,0.0,1.0,2.0,-20.30533515,-40.3951149,SPRF-ES,DEL01-ES,UOP01-DEL01-ES,2025-09-19 08:41:00,2025.0,9.0,8.0,manha,True,0,moderado,BR-101
719354.0,2025-09-19,sexta,11:40,ES,101.0,259.2,SERRA,Reação tardia ou ineficiente do condutor,Tombamento,Com Vítimas Feridas,Pleno dia,Decrescente,Chuva,Simples,Curva;Declive,Sim,1.0,0.0,1.0,0.0,0.0,0.0,1.0,1.0,-20.1434,-40.2921,SPRF-ES,DEL02-ES,UOP01-DEL02-ES,2025-09-19 11:40:00,2025.0,9.0,11.0,manha,True,0,moderado,BR-101
719592.0,2025-08-30,sabado,11:10,ES,101.0,295.6,CARIACICA,Objeto estático sobre o leito carroçável,Tombamento,Com Vítimas Feridas,Pleno dia,Decrescente,Nublado,Dupla,Reta,Sim,1.0,0.0,1.0,0.0,0.0,0.0,1.0,1.0,-20.33713308,-40.40256354,SPRF-ES,DEL01-ES,UOP01-DEL01-ES,2025-08-30 11:10:00,2025.0,8.0,11.0,manha,True,0,moderado,BR-101
719631.0,2025-09-20,sabado,11:48,ES,101.0,285.7,CARIACICA,Velocidade Incompatível,Colisão com objeto,Com Vítimas Feridas,Pleno dia,Crescente,Nublado,Dupla,Curva,Sim,4.0,0.0,2.0,0.0,2.0,0.0,2.0,1.0,-20.25761892,-40.37724458,SPRF-ES,DEL01-ES,UOP01-DEL01-ES,2025-09-20 11:48:00,2025.0,9.0,11.0,manha,True,0,moderado,BR-101
719771.0,2025-09-20,sabado,21:50,ES,101.0,263.0,SERRA,Manobra de mudança de faixa,Colisão lateral mesmo sentido,Com Vítimas Feridas,Plena Noite,Crescente,Garoa/Chuvisco,Dupla,Reta,Não,2.0,0.0,0.0,1.0,0.0,1.0,1.0,2.0,-20.0538237,-40.3802811,SPRF-ES,DEL02-ES,UOP01-DEL02-ES,2025-09-20 21:50:00,2025.0,9.0,21.0,noite,True,1,grave,BR-101
719817.0,2025-09-21,domingo,01:15,ES,101.0,337.4,GUARAPARI,Animais na Pista,Atropelamento de Animal,Com Vítimas Feridas,Plena Noite,Crescente,Céu Claro,Dupla,Reta,Não,1.0,0.0,0.0,1.0,0.0,0.0,1.0,1.0,-20.63816595,-40.54384232,SPRF-ES,DEL03-ES,UOP01-DEL03-ES,2025-09-21 01:15:00,2025.0,9.0,1.0,madrugada,True,1,grave,BR-101
719822.0,2025-09-21,domingo,01:45,ES,101.0,10.0,SERRA,Sinalização mal posicionada,Tombamento,Com Vítimas Feridas,Plena Noite,Crescente,Céu Claro,Dupla,Em Obras;Reta,Não,2.0,0.0,1.0,0.0,1.0,0.0,1.0,1.0,-20.14201594,-40.34145355,SPRF-ES,DEL02-ES,UOP01-DEL02-ES,2025-09-21 01:45:00,2025.0,9.0,1.0,madrugada,True,0,moderado,BR-101
719835.0,2025-09-21,domingo,04:45,ES,101.0,297.5,VIANA,Reação tardia ou ineficiente do condutor,Saída de leito carroçável,Com Vítimas Feridas,Amanhecer,Crescente,Céu Claro,Dupla,Reta,Sim,2.0,0.0,0.0,1.0,1.0,0.0,1.0,1.0,-20.349968,-40.412722,SPRF-ES,DEL01-ES,UOP01-DEL01-ES,2025-09-21 04:45:00,2025.0,9.0,4.0,madrugada,True,1,grave,BR-101
719836.0,2025-09-21,domingo,03:45,ES,101.0,239.0,FUNDAO,Velocidade Incompatível,Capotamento,Sem Vítimas,Plena Noite,Crescente,Nublado,Simples,Curva,Não,1.0,0.0,0.0,0.0,0.0,1.0,0.0,1.0,-20.01000923,-40.4068771,SPRF-ES,DEL02-ES,UOP01-DEL02-ES,2025-09-21 03:45:00,2025.0,9.0,3.0,madrugada,True,0,baixo,BR-101
719887.0,2025-09-21,domingo,10:20,ES,101.0,263.0,SERRA,Avarias e/ou desgaste excessivo no pneu,Queda de ocupante de veículo,Com Vítimas Feridas,Pleno dia,Decrescente,Céu Claro,Dupla,Reta,Sim,2.0,0.0,1.0,0.0,1.0,0.0,1.0,1.0,-20.169558,-40.269888,SPRF-ES,DEL02-ES,UOP01-DEL02-ES,2025-09-21 10:20:00,2025.0,9.0,10.0,manha,True,0,moderado,BR-101
719892.0,2025-09-21,domingo,10:45,ES,262.0,19.0,VIANA,Desrespeitar a preferência no cruzamento,Colisão transversal,Com Vítimas Feridas,Pleno dia,Crescente,Céu Claro,Simples,Reta,Sim,3.0,0.0,0.0,2.0,1.0,0.0,2.0,2.0,-20.392183,-40.489528,SPRF-ES,DEL01-ES,UOP01-DEL01-ES,2025-09-21 10:45:00,2025.0,9.0,10.0,manha,True,1,grave,BR-262
720054.0,2025-09-21,domingo,20:00,ES,262.0,26.0,VIANA,Velocidade Incompatível,Colisão lateral sentido oposto,Com Vítimas Feridas,Plena Noite,Crescente,Céu Claro,Simples,Curva;Declive,Não,4.0,0.0,2.0,0.0,2.0,0.0,2.0,2.0,-20.38249,-40.55027,SPRF-ES,DEL01-ES,UOP01-DEL01-ES,2025-09-21 20:00:00,2025.0,9.0,20.0,noite,True,0,moderado,BR-262
720070.0,2025-09-21,domingo,22:10,ES,101.0,266.0,SERRA,Acessar a via sem observar a presença dos outros veículos,Colisão transversal,Com Vítimas Feridas,Plena Noite,Crescente,Nublado,Dupla,Reta,Sim,4.0,0.0,3.0,0.0,1.0,0.0,3.0,2.0,-20.195246,-40.26891,SPRF-ES,DEL02-ES,UOP01-DEL02-ES,2025-09-21 22:10:00,2025.0,9.0,22.0,noite,True,0,moderado,BR-101
720137.0,2025-09-22,segunda,06:50,ES,101.0,298.0,VIANA,Demais falhas mecânicas ou elétricas,Queda de ocupante de veículo,Com Vítimas Feridas,Pleno dia,Decrescente,Céu Claro,Dupla,Reta,Sim,2.0,0.0,2.0,0.0,0.0,0.0,2.0,1.0,-20.3530172,-40.417406,SPRF-ES,DEL01-ES,UOP01-DEL01-ES,2025-09-22 06:50:00,2025.0,9.0,6.0,manha,True,0,moderado,BR-101
720217.0,2025-09-22,segunda,13:40,ES,101.0,270.0,SERRA,Condutor deixou de manter distância do veículo da frente,Colisão traseira,Com Vítimas Feridas,Pleno dia,Crescente,Céu Claro,Múltipla,Reta,Sim,4.0,0.0,1.0,0.0,3.0,0.0,1.0,2.0,-20.22996,-40.273005,SPRF-ES,DEL02-ES,UOP01-DEL02-ES,2025-09-22 13:40:00,2025.0,9.0,13.0,tarde,True,0,moderado,BR-101
720366.0,2025-09-23,terca,01:10,ES,101.0,335.0,GUARAPARI,Acumulo de água sobre o pavimento,Saída de leito carroçável,Com Vítimas Feridas,Plena Noite,Decrescente,Chuva,Dupla,Reta,Não,1.0,0.0,0.0,1.0,0.0,0.0,1.0,1.0,-20.6270669,-40.5281334,SPRF-ES,DEL03-ES,UOP01-DEL03-ES,2025-09-23 01:10:00,2025.0,9.0,1.0,madrugada,True,1,grave,BR-101
720427.0,2025-09-23,terca,11:40,ES,101.0,266.5,SERRA,Condutor desrespeitou a iluminação vermelha do semáforo,Colisão transversal,Com Vítimas Feridas,Pleno dia,Decrescente,Nublado,Múltipla,Reta,Sim,2.0,0.0,1.0,0.0,1.0,0.0,1.0,2.0,-20.19568333,-40.268765,SPRF-ES,DEL02-ES,UOP01-DEL02-ES,2025-09-23 11:40:00,2025.0,9.0,11.0,manha,True,0,moderado,BR-101
720453.0,2025-08-18,segunda,20:35,ES,101.0,292.0,CARIACICA,Reação tardia ou ineficiente do condutor,Tombamento,Com Vítimas Feridas,Plena Noite,Decrescente,Céu Claro,Dupla,Reta,Não,2.0,0.0,2.0,0.0,0.0,0.0,2.0,1.0,-20.30832089,-40.39475441,SPRF-ES,DEL01-ES,UOP01-DEL01-ES,2025-08-18 20:35:00,2025.0,8.0,20.0,noite,True,0,moderado,BR-101
720577.0,2025-09-24,quarta,08:30,ES,101.0,298.0,VIANA,Demais falhas mecânicas ou elétricas,Incêndio,Sem Vítimas,Pleno dia,Crescente,Céu Claro,Dupla,Reta,Sim,1.0,0.0,0.0,0.0,1.0,0.0,0.0,1.0,-20.34983965,-40.41262719,SPRF-ES,DEL01-ES,UOP01-DEL01-ES,2025-09-24 08:30:00,2025.0,9.0,8.0,manha,True,0,baixo,BR-101
721155.0,2025-09-27,sabado,05:50,ES,101.0,264.0,SERRA,Ausência de reação do condutor,Colisão traseira,Sem Vítimas,Pleno dia,Decrescente,Céu Claro,Múltipla,Reta,Sim,1.0,0.0,0.0,0.0,0.0,1.0,0.0,1.0,-20.17831568,-40.26548052,SPRF-ES,DEL02-ES,UOP01-DEL02-ES,2025-09-27 05:50:00,2025.0,9.0,5.0,madrugada,True,0,baixo,BR-101
721174.0,2025-09-27,sabado,06:50,ES,101.0,293.8,CARIACICA,Reação tardia ou ineficiente do condutor,Capotamento,Sem Vítimas,Amanhecer,Crescente,Céu Claro,Múltipla,Curva,Não,1.0,0.0,0.0,0.0,0.0,1.0,0.0,1.0,-20.321424,-40.395868,SPRF-ES,DEL01-ES,UOP01-DEL01-ES,2025-09-27 06:50:00,2025.0,9.0,6.0,manha,True,0,baixo,BR-101
721295.0,2025-09-27,sabado,17:45,ES,101.0,265.0,SERRA,Reação tardia ou ineficiente do condutor,Colisão com objeto,Com Vítimas Feridas,Anoitecer,Decrescente,Nublado,Dupla,Reta,Sim,1.0,0.0,0.0,1.0,0.0,0.0,1.0,1.0,-20.18478,-40.26714,SPRF-ES,DEL02-ES,UOP01-DEL02-ES,2025-09-27 17:45:00,2025.0,9.0,17.0,tarde,True,1,grave,BR-101
721428.0,2025-09-28,domingo,07:30,ES,101.0,294.0,CARIACICA,Velocidade Incompatível,Colisão com objeto,Sem Vítimas,Pleno dia,Decrescente,Sol,Dupla,Curva,Sim,1.0,0.0,0.0,0.0,1.0,0.0,0.0,1.0,-20.32386263,-40.39518356,SPRF-ES,DEL01-ES,UOP01-DEL01-ES,2025-09-28 07:30:00,2025.0,9.0,7.0,manha,True,0,baixo,BR-101
721471.0,2025-09-28,domingo,15:54,ES,101.0,276.0,CARIACICA,Conversão proibida,Colisão transversal,Com Vítimas Feridas,Pleno dia,Crescente,Céu Claro,Dupla,Reta,Sim,2.0,0.0,0.0,1.0,1.0,0.0,1.0,2.0,-20.22936695,-40.36693812,SPRF-ES,DEL02-ES,UOP01-DEL02-ES,2025-09-28 15:54:00,2025.0,9.0,15.0,tarde,True,1,grave,BR-101
721500.0,2025-09-28,domingo,17:55,ES,101.0,247.0,SERRA,Reação tardia ou ineficiente do condutor,Tombamento,Com Vítimas Feridas,Anoitecer,Crescente,Céu Claro,Dupla,Curva;Declive;Em Obras,Não,1.0,0.0,1.0,0.0,0.0,0.0,1.0,1.0,-20.05661658,-40.38008809,SPRF-ES,DEL02-ES,UOP01-DEL02-ES,2025-09-28 17:55:00,2025.0,9.0,17.0,tarde,True,0,moderado,BR-101
721737.0,2025-09-29,segunda,17:48,ES,101.0,255.0,SERRA,Ausência de reação do condutor,Colisão frontal,Com Vítimas Feridas,Anoitecer,Crescente,Céu Claro,Simples,Retorno Regulamentado;Interseção de Vias,Sim,2.0,0.0,2.0,0.0,0.0,0.0,2.0,2.0,-20.11771261,-40.3145078,SPRF-ES,DEL02-ES,UOP01-DEL02-ES,2025-09-29 17:48:00,2025.0,9.0,17.0,tarde,True,0,moderado,BR-101
721802.0,2025-09-30,terca,06:30,ES,101.0,276.0,SERRA,Condutor deixou de manter distância do veículo da frente,Colisão traseira,Com Vítimas Feridas,Pleno dia,Crescente,Céu Claro,Dupla,Reta,Não,4.0,0.0,2.0,2.0,0.0,0.0,4.0,3.0,-20.21362718,-40.32226682,SPRF-ES,DEL02-ES,UOP01-DEL02-ES,2025-09-30 06:30:00,2025.0,9.0,6.0,manha,True,1,grave,BR-101
721924.0,2025-09-30,terca,18:15,ES,101.0,298.0,VIANA,Reação tardia ou ineficiente do condutor,Colisão traseira,Com Vítimas Feridas,Plena Noite,Decrescente,Céu Claro,Simples,Aclive;Reta,Sim,3.0,0.0,1.0,0.0,2.0,0.0,1.0,2.0,-20.353535,-40.415369,SPRF-ES,DEL01-ES,UOP01-DEL01-ES,2025-09-30 18:15:00,2025.0,9.0,18.0,noite,True,0,moderado,BR-101
722116.0,2025-10-01,quarta,18:40,ES,101.0,285.1,CARIACICA,Transitar na contramão,Atropelamento de Pedestre,Com Vítimas Feridas,Plena Noite,Decrescente,Nublado,Dupla,Reta;Interseção de Vias,Sim,2.0,0.0,0.0,1.0,0.0,1.0,1.0,2.0,-20.252243,-40.373105,SPRF-ES,DEL01-ES,UOP01-DEL01-ES,2025-10-01 18:40:00,2025.0,10.0,18.0,noite,True,1,grave,BR-101
722186.0,2025-10-02,quinta,06:55,ES,101.0,269.0,SERRA,Condutor deixou de manter distância do veículo da frente,Colisão traseira,Com Vítimas Feridas,Pleno dia,Crescente,Céu Claro,Dupla,Reta,Sim,3.0,0.0,2.0,0.0,1.0,0.0,2.0,3.0,-20.21652,-40.27011,SPRF-ES,DEL02-ES,UOP01-DEL02-ES,2025-10-02 06:55:00,2025.0,10.0,6.0,manha,True,0,moderado,BR-101
722223.0,2025-10-02,quinta,10:48,ES,101.0,282.1,CARIACICA,Ausência de reação do condutor,Colisão traseira,Com Vítimas Feridas,Pleno dia,Crescente,Sol,Dupla,Reta,Sim,2.0,0.0,0.0,1.0,1.0,0.0,1.0,2.0,-20.2277112,-40.3653903,SPRF-ES,DEL01-ES,UOP01-DEL01-ES,2025-10-02 10:48:00,2025.0,10.0,10.0,manha,True,1,grave,BR-101
722283.0,2025-09-16,terca,18:30,ES,101.0,301.0,VIANA,Pedestre cruzava a pista fora da faixa,Atropelamento de Pedestre,Com Vítimas Fatais,Plena Noite,Decrescente,Céu Claro,Dupla,Curva,Sim,2.0,1.0,0.0,0.0,1.0,0.0,0.0,2.0,-20.3632875,-40.4422094,SPRF-ES,DEL01-ES,UOP01-DEL01-ES,2025-09-16 18:30:00,2025.0,9.0,18.0,noite,True,1,fatal,BR-101
722460.0,2025-10-03,sexta,13:30,ES,101.0,266.0,SERRA,Manobra de mudança de faixa,Colisão lateral mesmo sentido,Com Vítimas Feridas,Pleno dia,Crescente,Sol,Dupla,Reta,Sim,2.0,0.0,1.0,0.0,1.0,0.0,1.0,2.0,-20.190199,-40.26828891,SPRF-ES,DEL02-ES,UOP01-DEL02-ES,2025-10-03 13:30:00,2025.0,10.0,13.0,tarde,True,0,moderado,BR-101
722541.0,2025-10-03,sexta,19:45,ES,101.0,262.0,SERRA,Acessar a via sem observar a presença dos outros veículos,Colisão frontal,Com Vítimas Feridas,Plena Noite,Decrescente,Nublado,Múltipla,Interseção de Vias,Não,2.0,0.0,0.0,1.0,1.0,0.0,1.0,2.0,-20.15858567,-40.27607113,SPRF-ES,DEL02-ES,UOP01-DEL02-ES,2025-10-03 19:45:00,2025.0,10.0,19.0,noite,True,1,grave,BR-101
722579.0,2025-10-03,sexta,22:10,ES,101.0,260.0,SERRA,Velocidade Incompatível,Colisão com objeto,Com Vítimas Feridas,Plena Noite,Decrescente,Chuva,Dupla,Curva;Declive,Sim,3.0,0.0,3.0,0.0,0.0,0.0,3.0,1.0,-20.14650934,-40.28729349,SPRF-ES,DEL02-ES,UOP01-DEL02-ES,2025-10-03 22:10:00,2025.0,10.0,22.0,noite,True,0,moderado,BR-101
722640.0,2025-10-04,sabado,07:25,ES,262.0,17.0,VIANA,Ultrapassagem Indevida,Queda de ocupante de veículo,Com Vítimas Feridas,Pleno dia,Crescente,Garoa/Chuvisco,Simples,Reta;Rotatória,Não,2.0,0.0,1.0,0.0,1.0,0.0,1.0,2.0,-20.392064,-40.482477,SPRF-ES,DEL01-ES,UOP01-DEL01-ES,2025-10-04 07:25:00,2025.0,10.0,7.0,manha,True,0,moderado,BR-262
722783.0,2025-10-04,sabado,20:00,ES,101.0,257.0,SERRA,Manobra de mudança de faixa,Colisão lateral mesmo sentido,Com Vítimas Feridas,Plena Noite,Crescente,Céu Claro,Simples,Reta,Não,2.0,0.0,1.0,0.0,0.0,1.0,1.0,2.0,-20.12292536,-40.30531168,SPRF-ES,DEL02-ES,UOP01-DEL02-ES,2025-10-04 20:00:00,2025.0,10.0,20.0,noite,True,0,moderado,BR-101
722785.0,2025-10-04,sabado,20:30,ES,101.0,237.0,SERRA,Conversão proibida,Colisão frontal,Com Vítimas Feridas,Plena Noite,Crescente,Chuva,Dupla,Reta,Não,4.0,0.0,1.0,0.0,3.0,0.0,1.0,2.0,-20.0441856,-40.3898368,SPRF-ES,DEL02-ES,UOP01-DEL02-ES,2025-10-04 20:30:00,2025.0,10.0,20.0,noite,True,0,moderado,BR-101
722794.0,2025-10-04,sabado,20:00,ES,101.0,5.5,SERRA,Chuva,Colisão lateral mesmo sentido,Sem Vítimas,Plena Noite,Crescente,Chuva,Dupla,Reta,Não,2.0,0.0,0.0,0.0,2.0,0.0,0.0,2.0,-20.18950877,-40.33862753,SPRF-ES,DEL02-ES,UOP01-DEL02-ES,2025-10-04 20:00:00,2025.0,10.0,20.0,noite,True,0,baixo,BR-101
722827.0,2025-06-09,segunda,18:30,ES,101.0,296.0,CARIACICA,Acessar a via sem observar a presença dos outros veículos,Colisão lateral mesmo sentido,Com Vítimas Feridas,Plena Noite,Crescente,Chuva,Múltipla,Interseção de Vias;Declive;Viaduto,Sim,2.0,0.0,0.0,1.0,1.0,0.0,1.0,2.0,-20.34350734,-40.40700523,SPRF-ES,DEL01-ES,UOP01-DEL01-ES,2025-06-09 18:30:00,2025.0,6.0,18.0,noite,True,1,grave,BR-101
722831.0,2025-10-04,sabado,20:30,ES,262.0,1.0,CARIACICA,Ingestão de álcool pelo condutor,Colisão com objeto,Sem Vítimas,Plena Noite,Crescente,Céu Claro,Dupla,Declive;Reta;Ponte,Sim,1.0,0.0,0.0,0.0,1.0,0.0,0.0,1.0,-20.33093984,-40.35488455,SPRF-ES,DEL01-ES,UOP01-DEL01-ES,2025-10-04 20:30:00,2025.0,10.0,20.0,noite,True,0,baixo,BR-262
723054.0,2025-10-05,domingo,21:15,ES,101.0,287.8,CARIACICA,Ausência de reação do condutor,Colisão com objeto,Sem Vítimas,Plena Noite,Crescente,Nublado,Dupla,Reta;Declive,Não,1.0,0.0,0.0,0.0,1.0,0.0,0.0,1.0,-20.25243581,-40.37305773,SPRF-ES,DEL01-ES,UOP01-DEL01-ES,2025-10-05 21:15:00,2025.0,10.0,21.0,noite,True,0,baixo,BR-101
723108.0,2025-09-07,domingo,09:00,ES,101.0,239.8,FUNDAO,Reação tardia ou ineficiente do condutor,Colisão traseira,Com Vítimas Feridas,Pleno dia,Crescente,Nublado,Simples,Reta,Não,2.0,0.0,0.0,1.0,1.0,0.0,1.0,2.0,-20.0154185,-40.4041978,SPRF-ES,DEL02-ES,UOP01-DEL02-ES,2025-09-07 09:00:00,2025.0,9.0,9.0,manha,True,1,grave,BR-101
723179.0,2025-10-06,segunda,11:10,ES,101.0,268.2,SERRA,Ausência de reação do condutor,Queda de ocupante de veículo,Com Vítimas Feridas,Pleno dia,Crescente,Sol,Simples,Reta,Sim,2.0,0.0,1.0,0.0,0.0,1.0,1.0,1.0,-20.212007,-40.269852,SPRF-ES,DEL02-ES,UOP01-DEL02-ES,2025-10-06 11:10:00,2025.0,10.0,11.0,manha,True,0,moderado,BR-101
723365.0,2025-10-07,terca,10:20,ES,101.0,13.0,SERRA,Demais falhas mecânicas ou elétricas,Queda de ocupante de veículo,Com Vítimas Feridas,Pleno dia,Decrescente,Nublado,Dupla,Reta,Não,1.0,0.0,1.0,0.0,0.0,0.0,1.0,1.0,-20.14814211,-40.34507811,SPRF-ES,DEL02-ES,UOP01-DEL02-ES,2025-10-07 10:20:00,2025.0,10.0,10.0,manha,True,0,moderado,BR-101
723540.0,2025-10-08,quarta,06:20,ES,101.0,286.0,CARIACICA,Condutor deixou de manter distância do veículo da frente,Colisão traseira,Com Vítimas Feridas,Pleno dia,Decrescente,Céu Claro,Dupla,Reta,Sim,2.0,0.0,1.0,0.0,1.0,0.0,1.0,2.0,-20.259358,-40.377558,SPRF-ES,DEL01-ES,UOP01-DEL01-ES,2025-10-08 06:20:00,2025.0,10.0,6.0,manha,True,0,moderado,BR-101
723553.0,2025-10-08,quarta,08:20,ES,101.0,298.2,VIANA,Acessar a via sem observar a presença dos outros veículos,Colisão transversal,Com Vítimas Feridas,Pleno dia,Decrescente,Céu Claro,Múltipla,Reta,Sim,3.0,0.0,0.0,2.0,1.0,0.0,2.0,2.0,-20.35507904,-40.41671991,SPRF-ES,DEL01-ES,UOP01-DEL01-ES,2025-10-08 08:20:00,2025.0,10.0,8.0,manha,True,1,grave,BR-101
723955.0,2025-10-10,sexta,07:15,ES,101.0,265.0,SERRA,Transitar na contramão,Colisão lateral mesmo sentido,Com Vítimas Feridas,Pleno dia,Decrescente,Nublado,Dupla,Interseção de Vias;Reta,Sim,3.0,0.0,1.0,0.0,2.0,0.0,1.0,2.0,-20.189469,-40.2681096,SPRF-ES,DEL02-ES,UOP01-DEL02-ES,2025-10-10 07:15:00,2025.0,10.0,7.0,manha,True,0,moderado,BR-101
723976.0,2025-10-10,sexta,07:50,ES,101.0,298.0,VIANA,Trafegar com motocicleta (ou similar) entre as faixas,Colisão traseira,Com Vítimas Feridas,Pleno dia,Crescente,Nublado,Múltipla,Reta,Sim,2.0,0.0,0.0,1.0,0.0,1.0,1.0,2.0,-20.35313159,-40.41496603,SPRF-ES,DEL01-ES,UOP01-DEL01-ES,2025-10-10 07:50:00,2025.0,10.0,7.0,manha,True,1,grave,BR-101
724063.0,2025-10-10,sexta,15:35,ES,101.0,266.9,SERRA,Manobra de mudança de faixa,Tombamento,Com Vítimas Feridas,Pleno dia,Crescente,Sol,Múltipla,Reta,Sim,1.0,0.0,1.0,0.0,0.0,0.0,1.0,1.0,-20.19763819,-40.26897187,SPRF-ES,DEL02-ES,UOP01-DEL02-ES,2025-10-10 15:35:00,2025.0,10.0,15.0,tarde,True,0,moderado,BR-101
724112.0,2025-10-10,sexta,18:40,ES,101.0,260.1,SERRA,Ausência de reação do condutor,Colisão traseira,Com Vítimas Feridas,Plena Noite,Decrescente,Ignorado,Dupla,Aclive,Sim,2.0,0.0,1.0,0.0,0.0,1.0,1.0,2.0,-20.14629677,-40.28792739,SPRF-ES,DEL02-ES,UOP01-DEL02-ES,2025-10-10 18:40:00,2025.0,10.0,18.0,noite,True,0,moderado,BR-101
724116.0,2025-10-10,sexta,19:20,ES,101.0,270.0,SERRA,Manobra de mudança de faixa,Colisão lateral sentido oposto,Com Vítimas Feridas,Plena Noite,Decrescente,Céu Claro,Dupla,Reta,Sim,2.0,0.0,1.0,0.0,1.0,0.0,1.0,2.0,-20.22850733,-40.27176509,SPRF-ES,DEL02-ES,UOP01-DEL02-ES,2025-10-10 19:20:00,2025.0,10.0,19.0,noite,True,0,moderado,BR-101
724217.0,2025-10-11,sabado,06:14,ES,101.0,265.0,SERRA,Transitar na contramão,Colisão frontal,Com Vítimas Feridas,Pleno dia,Crescente,Céu Claro,Múltipla,Curva,Sim,3.0,0.0,1.0,2.0,0.0,0.0,3.0,2.0,-20.18065437,-40.26523501,SPRF-ES,DEL02-ES,UOP01-DEL02-ES,2025-10-11 06:14:00,2025.0,10.0,6.0,manha,True,1,grave,BR-101
724355.0,2025-10-11,sabado,18:30,ES,101.0,270.0,SERRA,Manobra de mudança de faixa,Colisão lateral sentido oposto,Com Vítimas Feridas,Plena Noite,Crescente,Nublado,Dupla,Reta,Sim,2.0,0.0,1.0,0.0,1.0,0.0,1.0,2.0,-20.23085183,-40.27316451,SPRF-ES,DEL02-ES,UOP01-DEL02-ES,2025-10-11 18:30:00,2025.0,10.0,18.0,noite,True,0,moderado,BR-101
724365.0,2025-10-11,sabado,19:40,ES,101.0,266.0,SERRA,Velocidade Incompatível,Engavetamento,Com Vítimas Feridas,Plena Noite,Decrescente,Céu Claro,Múltipla,Reta,Sim,4.0,0.0,2.0,0.0,2.0,0.0,2.0,3.0,-20.19490975,-40.26862532,SPRF-ES,DEL02-ES,UOP01-DEL02-ES,2025-10-11 19:40:00,2025.0,10.0,19.0,noite,True,0,moderado,BR-101
724427.0,2025-10-11,sabado,23:30,ES,101.0,268.6,SERRA,Ausência de reação do condutor,Colisão com objeto,Com Vítimas Feridas,Plena Noite,Decrescente,Céu Claro,Múltipla,Reta,Não,2.0,0.0,2.0,0.0,0.0,0.0,2.0,1.0,-20.214889,-40.2696864,SPRF-ES,DEL02-ES,UOP01-DEL02-ES,2025-10-11 23:30:00,2025.0,10.0,23.0,noite,True,0,moderado,BR-101
724445.0,2025-10-12,domingo,02:15,ES,101.0,260.9,SERRA,Ausência de reação do condutor,Capotamento,Com Vítimas Fatais,Plena Noite,Decrescente,Nublado,Dupla,Reta,Não,3.0,1.0,1.0,1.0,0.0,0.0,2.0,1.0,-20.14650934,-40.28729349,SPRF-ES,DEL02-ES,UOP01-DEL02-ES,2025-10-12 02:15:00,2025.0,10.0,2.0,madrugada,True,1,fatal,BR-101
724570.0,2025-10-12,domingo,15:57,ES,262.0,20.0,VIANA,Reação tardia ou ineficiente do condutor,Engavetamento,Com Vítimas Feridas,Pleno dia,Crescente,Céu Claro,Simples,Reta,Não,4.0,0.0,1.0,0.0,3.0,0.0,1.0,3.0,-20.37869945,-40.5081567,SPRF-ES,DEL01-ES,UOP01-DEL01-ES,2025-10-12 15:57:00,2025.0,10.0,15.0,tarde,True,0,moderado,BR-262
724599.0,2025-10-12,domingo,17:49,ES,262.0,20.0,VIANA,Acessar a via sem observar a presença dos outros veículos,Colisão transversal,Com Vítimas Feridas,Anoitecer,Decrescente,Céu Claro,Simples,Curva,Sim,3.0,0.0,0.0,1.0,2.0,0.0,1.0,2.0,-20.386318,-40.496128,SPRF-ES,DEL01-ES,UOP01-DEL01-ES,2025-10-12 17:49:00,2025.0,10.0,17.0,tarde,True,1,grave,BR-262
724735.0,2025-10-13,segunda,07:40,ES,101.0,230.9,FUNDAO,Condutor deixou de manter distância do veículo da frente,Colisão traseira,Com Vítimas Feridas,Pleno dia,Decrescente,Céu Claro,Simples,Reta,Não,3.0,0.0,1.0,0.0,2.0,0.0,1.0,2.0,-19.944287,-40.40667,SPRF-ES,DEL02-ES,UOP01-DEL02-ES,2025-10-13 07:40:00,2025.0,10.0,7.0,manha,True,0,moderado,BR-101
724803.0,2025-10-13,segunda,15:30,ES,101.0,304.5,VIANA,Pista esburacada,Eventos atípicos,Com Vítimas Feridas,Pleno dia,Crescente,Céu Claro,Dupla,Reta,Não,4.0,0.0,0.0,1.0,0.0,3.0,1.0,2.0,-20.38254454,-40.45919411,SPRF-ES,DEL01-ES,UOP01-DEL01-ES,2025-10-13 15:30:00,2025.0,10.0,15.0,tarde,True,1,grave,BR-101
724821.0,2025-10-13,segunda,16:30,ES,101.0,275.0,SERRA,Reação tardia ou ineficiente do condutor,Tombamento,Com Vítimas Feridas,Pleno dia,Crescente,Vento,Múltipla,Reta,Sim,1.0,0.0,1.0,0.0,0.0,0.0,1.0,1.0,-20.2081011,-40.3045303,SPRF-ES,DEL02-ES,UOP01-DEL02-ES,2025-10-13 16:30:00,2025.0,10.0,16.0,tarde,True,0,moderado,BR-101
724934.0,2025-10-14,terca,07:40,ES,101.0,283.1,CARIACICA,Pedestre cruzava a pista fora da faixa,Atropelamento de Pedestre,Com Vítimas Feridas,Pleno dia,Crescente,Nublado,Múltipla,Reta;Aclive,Não,2.0,0.0,1.0,0.0,0.0,1.0,1.0,2.0,-20.23536632,-40.36964742,SPRF-ES,DEL01-ES,UOP01-DEL01-ES,2025-10-14 07:40:00,2025.0,10.0,7.0,manha,True,0,moderado,BR-101
725075.0,2025-10-14,terca,20:15,ES,262.0,26.8,VIANA,Acumulo de água sobre o pavimento,Saída de leito carroçável,Com Vítimas Feridas,Plena Noite,Crescente,Chuva,Simples,Curva,Não,1.0,0.0,1.0,0.0,0.0,0.0,1.0,1.0,-20.3823001,-40.5471223,SPRF-ES,DEL01-ES,UOP01-DEL01-ES,2025-10-14 20:15:00,2025.0,10.0,20.0,noite,True,0,moderado,BR-262
725139.0,2025-10-15,quarta,08:09,ES,101.0,289.4,CARIACICA,Manobra de mudança de faixa,Queda de ocupante de veículo,Com Vítimas Feridas,Pleno dia,Decrescente,Nublado,Dupla,Declive;Reta,Não,1.0,0.0,1.0,0.0,0.0,0.0,1.0,1.0,-20.28358962,-40.39295959,SPRF-ES,DEL01-ES,UOP01-DEL01-ES,2025-10-15 08:09:00,2025.0,10.0,8.0,manha,True,0,moderado,BR-101
725509.0,2025-10-17,sexta,02:00,ES,101.0,294.6,CARIACICA,Velocidade Incompatível,Tombamento,Com Vítimas Feridas,Plena Noite,Crescente,Nublado,Dupla,Reta,Não,1.0,0.0,0.0,1.0,0.0,0.0,1.0,1.0,-20.3292284,-40.398508,SPRF-ES,DEL01-ES,UOP01-DEL01-ES,2025-10-17 02:00:00,2025.0,10.0,2.0,madrugada,True,1,grave,BR-101
725527.0,2025-10-17,sexta,06:13,ES,101.0,330.0,GUARAPARI,Acessar a via sem observar a presença dos outros veículos,Colisão transversal,Com Vítimas Fatais,Amanhecer,Crescente,Sol,Dupla,Curva,Sim,26.0,1.0,0.0,0.0,25.0,0.0,0.0,2.0,-20.59468327,-40.50275338,SPRF-ES,DEL03-ES,UOP01-DEL03-ES,2025-10-17 06:13:00,2025.0,10.0,6.0,manha,True,1,fatal,BR-101
725657.0,2025-10-17,sexta,17:20,ES,101.0,270.2,SERRA,Reação tardia ou ineficiente do condutor,Colisão lateral mesmo sentido,Com Vítimas Feridas,Anoitecer,Decrescente,Céu Claro,Múltipla,Interseção de Vias;Reta,Sim,2.0,0.0,1.0,0.0,1.0,0.0,1.0,2.0,-20.22856,-40.27161,SPRF-ES,DEL02-ES,UOP01-DEL02-ES,2025-10-17 17:20:00,2025.0,10.0,17.0,tarde,True,0,moderado,BR-101
725790.0,2025-10-18,sabado,05:50,ES,101.0,266.4,SERRA,Deficiência do Sistema de Iluminação/Sinalização,Colisão transversal,Com Vítimas Feridas,Amanhecer,Decrescente,Céu Claro,Múltipla,Reta,Sim,5.0,0.0,4.0,0.0,0.0,1.0,4.0,3.0,-20.193505,-40.268465,SPRF-ES,DEL02-ES,UOP01-DEL02-ES,2025-10-18 05:50:00,2025.0,10.0,5.0,madrugada,True,0,moderado,BR-101
725907.0,2025-10-18,sabado,16:00,ES,101.0,288.0,CARIACICA,Acessar a via sem observar a presença dos outros veículos,Colisão transversal,Com Vítimas Feridas,Pleno dia,Crescente,Céu Claro,Dupla,Retorno Regulamentado;Curva,Sim,2.0,0.0,1.0,0.0,0.0,1.0,1.0,2.0,-20.273526,-40.39191,SPRF-ES,DEL01-ES,UOP01-DEL01-ES,2025-10-18 16:00:00,2025.0,10.0,16.0,tarde,True,0,moderado,BR-101
725912.0,2025-10-18,sabado,15:35,ES,101.0,251.0,SERRA,Transitar no Acostamento,Tombamento,Com Vítimas Feridas,Pleno dia,Decrescente,Céu Claro,Simples,Interseção de Vias;Reta,Sim,2.0,0.0,2.0,0.0,0.0,0.0,2.0,1.0,-20.09135221,-40.34191489,SPRF-ES,DEL02-ES,UOP01-DEL02-ES,2025-10-18 15:35:00,2025.0,10.0,15.0,tarde,True,0,moderado,BR-101
725950.0,2025-10-18,sabado,20:00,ES,101.0,274.5,SERRA,Reação tardia ou ineficiente do condutor,Saída de leito carroçável,Com Vítimas Feridas,Plena Noite,Crescente,Céu Claro,Dupla,Reta,Não,1.0,0.0,0.0,1.0,0.0,0.0,1.0,1.0,-20.0488505,-40.3866982,SPRF-ES,DEL02-ES,UOP01-DEL02-ES,2025-10-18 20:00:00,2025.0,10.0,20.0,noite,True,1,grave,BR-101
726156.0,2025-10-19,domingo,18:40,ES,101.0,269.5,SERRA,Ingestão de álcool pelo condutor,Colisão traseira,Com Vítimas Feridas,Plena Noite,Crescente,Nublado,Múltipla,Reta,Sim,4.0,0.0,3.0,0.0,1.0,0.0,3.0,3.0,-20.2213618,-40.2705348,SPRF-ES,DEL02-ES,UOP01-DEL02-ES,2025-10-19 18:40:00,2025.0,10.0,18.0,noite,True,0,moderado,BR-101
726241.0,2025-10-20,segunda,04:30,ES,101.0,340.2,GUARAPARI,Chuva,Queda de ocupante de veículo,Com Vítimas Feridas,Amanhecer,Crescente,Chuva,Dupla,Aclive;Reta,Não,1.0,0.0,1.0,0.0,0.0,0.0,1.0,1.0,-20.64740276,-40.56667328,SPRF-ES,DEL03-ES,UOP01-DEL03-ES,2025-10-20 04:30:00,2025.0,10.0,4.0,madrugada,True,0,moderado,BR-101
726415.0,2025-10-20,segunda,18:20,ES,101.0,255.9,SERRA,Transitar na contramão,Colisão transversal,Com Vítimas Feridas,Plena Noite,Crescente,Nublado,Simples,Reta,Sim,4.0,0.0,0.0,1.0,3.0,0.0,1.0,3.0,-20.119687,-40.31002,SPRF-ES,DEL02-ES,UOP01-DEL02-ES,2025-10-20 18:20:00,2025.0,10.0,18.0,noite,True,1,grave,BR-101
726439.0,2025-10-20,segunda,20:10,ES,262.0,19.0,VIANA,Desrespeitar a preferência no cruzamento,Colisão transversal,Com Vítimas Feridas,Plena Noite,Crescente,Nublado,Simples,Reta,Não,3.0,0.0,0.0,2.0,1.0,0.0,2.0,2.0,-20.39220586,-40.48957435,SPRF-ES,DEL01-ES,UOP01-DEL01-ES,2025-10-20 20:10:00,2025.0,10.0,20.0,noite,True,1,grave,BR-262
726596.0,2025-10-21,terca,17:05,ES,447.0,15.3,VILA VELHA,Reação tardia ou ineficiente do condutor,Colisão lateral mesmo sentido,Com Vítimas Feridas,Anoitecer,Decrescente,Céu Claro,Dupla,Reta,Sim,2.0,0.0,1.0,0.0,1.0,0.0,1.0,2.0,-20.34258484,-40.32871842,SPRF-ES,DEL01-ES,UOP01-DEL01-ES,2025-10-21 17:05:00,2025.0,10.0,17.0,tarde,True,0,moderado,BR-447
726613.0,2025-10-21,terca,18:45,ES,101.0,266.0,SERRA,Ausência de reação do condutor,Tombamento,Com Vítimas Feridas,Plena Noite,Decrescente,Chuva,Dupla,Reta,Sim,1.0,0.0,1.0,0.0,0.0,0.0,1.0,1.0,-20.19190908,-40.26824266,SPRF-ES,DEL02-ES,UOP01-DEL02-ES,2025-10-21 18:45:00,2025.0,10.0,18.0,noite,True,0,moderado,BR-101
726672.0,2025-10-22,quarta,07:02,ES,101.0,268.0,SERRA,Pedestre cruzava a pista fora da faixa,Atropelamento de Pedestre,Com Vítimas Feridas,Pleno dia,Crescente,Chuva,Dupla,Reta,Sim,3.0,0.0,3.0,0.0,0.0,0.0,3.0,2.0,-20.18959623,-40.26832223,SPRF-ES,DEL02-ES,UOP01-DEL02-ES,2025-10-22 07:02:00,2025.0,10.0,7.0,manha,True,0,moderado,BR-101
726688.0,2025-10-22,quarta,08:43,ES,101.0,269.0,SERRA,Ausência de reação do condutor,Colisão traseira,Com Vítimas Feridas,Pleno dia,Crescente,Nublado,Dupla,Reta,Sim,3.0,0.0,0.0,2.0,0.0,1.0,2.0,2.0,-20.222233,-40.27047,SPRF-ES,DEL02-ES,UOP01-DEL02-ES,2025-10-22 08:43:00,2025.0,10.0,8.0,manha,True,1,grave,BR-101
726772.0,2025-10-22,quarta,17:30,ES,101.0,258.0,SERRA,Acessar a via sem observar a presença dos outros veículos,Colisão transversal,Com Vítimas Feridas,Plena Noite,Crescente,Céu Claro,Dupla,Curva,Sim,2.0,0.0,1.0,0.0,1.0,0.0,1.0,2.0,-20.1228943,-40.30535817,SPRF-ES,DEL02-ES,UOP01-DEL02-ES,2025-10-22 17:30:00,2025.0,10.0,17.0,tarde,True,0,moderado,BR-101
726789.0,2025-10-22,quarta,18:50,ES,101.0,265.0,SERRA,Condutor desrespeitou a iluminação vermelha do semáforo,Colisão transversal,Com Vítimas Feridas,Plena Noite,Crescente,Céu Claro,Dupla,Interseção de Vias;Reta,Sim,3.0,0.0,3.0,0.0,0.0,0.0,3.0,2.0,-20.18985084,-40.26824506,SPRF-ES,DEL02-ES,UOP01-DEL02-ES,2025-10-22 18:50:00,2025.0,10.0,18.0,noite,True,0,moderado,BR-101
726909.0,2025-09-21,domingo,16:30,ES,0.0,0.0,VITORIA,Demais falhas mecânicas ou elétricas,Colisão com objeto,Sem Vítimas,Pleno dia,Não Informado,Céu Claro,Simples,Reta,Sim,4.0,0.0,0.0,0.0,1.0,3.0,0.0,3.0,-20.31855494,-40.30606834,SPRF-ES,,,2025-09-21 16:30:00,2025.0,9.0,16.0,tarde,True,0,baixo,BR-0
726996.0,2025-10-23,quinta,18:45,ES,101.0,255.0,SERRA,Transitar na contramão,Colisão frontal,Com Vítimas Feridas,Plena Noite,Crescente,Nublado,Simples,Reta,Sim,3.0,0.0,3.0,0.0,0.0,0.0,3.0,2.0,-20.11849082,-40.31272548,SPRF-ES,DEL02-ES,UOP01-DEL02-ES,2025-10-23 18:45:00,2025.0,10.0,18.0,noite,True,0,moderado,BR-101
727100.0,2025-10-24,sexta,08:30,ES,101.0,288.0,CARIACICA,Acessar a via sem observar a presença dos outros veículos,Colisão transversal,Com Vítimas Feridas,Pleno dia,Decrescente,Céu Claro,Dupla,Retorno Regulamentado,Não,2.0,0.0,0.0,1.0,0.0,1.0,1.0,2.0,-20.27912784,-40.39274502,SPRF-ES,DEL01-ES,UOP01-DEL01-ES,2025-10-24 08:30:00,2025.0,10.0,8.0,manha,True,1,grave,BR-101
727295.0,2025-10-24,sexta,23:45,ES,262.0,17.0,VIANA,Ausência de reação do condutor,Colisão traseira,Com Vítimas Feridas,Plena Noite,Crescente,Céu Claro,Simples,Reta,Sim,2.0,0.0,1.0,0.0,1.0,0.0,1.0,2.0,-20.3882908,-40.4769436,SPRF-ES,DEL01-ES,UOP01-DEL01-ES,2025-10-24 23:45:00,2025.0,10.0,23.0,noite,True,0,moderado,BR-262
727432.0,2025-10-25,sabado,14:30,ES,101.0,266.0,SERRA,Ingestão de álcool pelo condutor,Colisão traseira,Com Vítimas Feridas,Pleno dia,Crescente,Chuva,Múltipla,Reta;Retorno Regulamentado,Sim,3.0,0.0,1.0,0.0,1.0,1.0,1.0,3.0,-20.19546,-40.268828,SPRF-ES,DEL02-ES,UOP01-DEL02-ES,2025-10-25 14:30:00,2025.0,10.0,14.0,tarde,True,0,moderado,BR-101
727499.0,2025-10-25,sabado,20:10,ES,101.0,281.8,SERRA,Reação tardia ou ineficiente do condutor,Colisão com objeto,Com Vítimas Feridas,Plena Noite,Crescente,Garoa/Chuvisco,Múltipla,Reta;Ponte,Não,2.0,0.0,2.0,0.0,0.0,0.0,2.0,1.0,-20.22630151,-40.36355495,SPRF-ES,DEL02-ES,UOP01-DEL02-ES,2025-10-25 20:10:00,2025.0,10.0,20.0,noite,True,0,moderado,BR-101
727705.0,2025-10-26,domingo,17:55,ES,101.0,268.5,VITORIA,Condutor deixou de manter distância do veículo da frente,Colisão traseira,Com Vítimas Feridas,Plena Noite,Decrescente,Nublado,Múltipla,Reta,Sim,2.0,0.0,1.0,0.0,1.0,0.0,1.0,2.0,-20.213741,-40.2697,SPRF-ES,DEL02-ES,UOP01-DEL02-ES,2025-10-26 17:55:00,2025.0,10.0,17.0,tarde,True,0,moderado,BR-101
727741.0,2025-10-26,domingo,20:58,ES,101.0,276.0,SERRA,Afundamento ou ondulação no pavimento,Tombamento,Com Vítimas Feridas,Plena Noite,Decrescente,Céu Claro,Dupla,Reta,Não,2.0,0.0,1.0,0.0,1.0,0.0,1.0,1.0,-20.20759142,-40.30764773,SPRF-ES,DEL02-ES,UOP01-DEL02-ES,2025-10-26 20:58:00,2025.0,10.0,20.0,noite,True,0,moderado,BR-101
728047.0,2025-10-28,terca,08:24,ES,101.0,299.7,VIANA,Reação tardia ou ineficiente do condutor,Tombamento,Com Vítimas Feridas,Pleno dia,Crescente,Céu Claro,Múltipla,Curva,Sim,1.0,0.0,1.0,0.0,0.0,0.0,1.0,1.0,-20.35799609,-40.43161511,SPRF-ES,DEL01-ES,UOP01-DEL01-ES,2025-10-28 08:24:00,2025.0,10.0,8.0,manha,True,0,moderado,BR-101
728241.0,2025-10-29,quarta,08:33,ES,101.0,297.7,VIANA,Ausência de reação do condutor,Tombamento,Com Vítimas Feridas,Pleno dia,Decrescente,Céu Claro,Dupla,Reta,Sim,3.0,0.0,1.0,0.0,2.0,0.0,1.0,2.0,-20.350743,-40.412927,SPRF-ES,DEL01-ES,UOP01-DEL01-ES,2025-10-29 08:33:00,2025.0,10.0,8.0,manha,True,0,moderado,BR-101
728308.0,2025-10-29,quarta,13:50,ES,101.0,273.9,SERRA,Acessar a via sem observar a presença dos outros veículos,Tombamento,Com Vítimas Feridas,Pleno dia,Crescente,Sol,Dupla,Interseção de Vias;Reta;Declive,Sim,2.0,0.0,2.0,0.0,0.0,0.0,2.0,1.0,-20.2128064,-40.2960451,SPRF-ES,DEL02-ES,UOP01-DEL02-ES,2025-10-29 13:50:00,2025.0,10.0,13.0,tarde,True,0,moderado,BR-101
728425.0,2025-10-30,quinta,04:50,ES,101.0,270.0,SERRA,Ausência de reação do condutor,Colisão com objeto,Com Vítimas Feridas,Amanhecer,Decrescente,Céu Claro,Dupla,Interseção de Vias;Reta,Sim,2.0,0.0,2.0,0.0,0.0,0.0,2.0,1.0,-20.2299848,-40.2726369,SPRF-ES,DEL02-ES,UOP01-DEL02-ES,2025-10-30 04:50:00,2025.0,10.0,4.0,madrugada,True,0,moderado,BR-101
728517.0,2025-10-30,quinta,13:40,ES,101.0,289.0,CARIACICA,Reação tardia ou ineficiente do condutor,Incêndio,Com Vítimas Feridas,Pleno dia,Crescente,Céu Claro,Dupla,Reta,Não,3.0,0.0,1.0,0.0,2.0,0.0,1.0,3.0,-20.23841821,-40.44598326,SPRF-ES,DEL01-ES,UOP01-DEL01-ES,2025-10-30 13:40:00,2025.0,10.0,13.0,tarde,True,0,moderado,BR-101
728612.0,2025-10-30,quinta,21:20,ES,262.0,26.0,VIANA,Demais falhas mecânicas ou elétricas,Incêndio,Sem Vítimas,Plena Noite,Crescente,Chuva,Simples,Reta,Não,1.0,0.0,0.0,0.0,1.0,0.0,0.0,1.0,-20.38249102,-40.54827332,SPRF-ES,DEL01-ES,UOP01-DEL01-ES,2025-10-30 21:20:00,2025.0,10.0,21.0,noite,True,0,baixo,BR-262
728626.0,2025-08-04,segunda,01:30,ES,101.0,262.0,SERRA,Desrespeitar a preferência no cruzamento,Colisão transversal,Com Vítimas Feridas,Plena Noite,Crescente,Céu Claro,Dupla,Interseção de Vias;Reta,Não,2.0,0.0,0.0,1.0,1.0,0.0,1.0,2.0,-20.173115,-40.26732167,SPRF-ES,DEL02-ES,UOP01-DEL02-ES,2025-08-04 01:30:00,2025.0,8.0,1.0,madrugada,True,1,grave,BR-101
728727.0,2025-10-31,sexta,13:50,ES,101.0,265.0,SERRA,Reação tardia ou ineficiente do condutor,Colisão traseira,Com Vítimas Feridas,Pleno dia,Crescente,Garoa/Chuvisco,Dupla,Reta,Sim,2.0,0.0,0.0,1.0,1.0,0.0,1.0,2.0,-20.18060213,-40.26498377,SPRF-ES,DEL02-ES,UOP01-DEL02-ES,2025-10-31 13:50:00,2025.0,10.0,13.0,tarde,True,1,grave,BR-101
728739.0,2025-10-31,sexta,13:50,ES,101.0,292.0,CARIACICA,Acessar a via sem observar a presença dos outros veículos,Colisão transversal,Com Vítimas Feridas,Pleno dia,Crescente,Sol,Dupla,Reta,Não,3.0,0.0,1.0,0.0,2.0,0.0,1.0,2.0,-20.30884804,-40.39481375,SPRF-ES,DEL01-ES,UOP01-DEL01-ES,2025-10-31 13:50:00,2025.0,10.0,13.0,tarde,True,0,moderado,BR-101
728793.0,2025-10-31,sexta,18:30,ES,101.0,299.0,VIANA,Manobra de mudança de faixa,Queda de ocupante de veículo,Com Vítimas Feridas,Plena Noite,Decrescente,Céu Claro,Dupla,Curva,Sim,2.0,0.0,1.0,0.0,0.0,1.0,1.0,2.0,-20.35768331,-40.42706719,SPRF-ES,DEL01-ES,UOP01-DEL01-ES,2025-10-31 18:30:00,2025.0,10.0,18.0,noite,True,0,moderado,BR-101
728912.0,2025-11-01,sabado,07:00,ES,101.0,270.0,SERRA,Condutor desrespeitou a iluminação vermelha do semáforo,Atropelamento de Pedestre,Com Vítimas Feridas,Pleno dia,Crescente,Céu Claro,Simples,Reta,Não,2.0,0.0,1.0,0.0,0.0,1.0,1.0,2.0,-20.23067133,-40.27337852,SPRF-ES,DEL02-ES,UOP01-DEL02-ES,2025-11-01 07:00:00,2025.0,11.0,7.0,manha,True,0,moderado,BR-101
729001.0,2025-11-01,sabado,19:40,ES,101.0,296.0,CARIACICA,Reação tardia ou ineficiente do condutor,Colisão traseira,Com Vítimas Feridas,Plena Noite,Decrescente,Céu Claro,Dupla,Reta,Sim,4.0,0.0,0.0,1.0,3.0,0.0,1.0,2.0,-20.3383642,-40.4025451,SPRF-ES,DEL01-ES,UOP01-DEL01-ES,2025-11-01 19:40:00,2025.0,11.0,19.0,noite,True,1,grave,BR-101
729142.0,2025-11-02,domingo,10:30,ES,101.0,282.8,CARIACICA,Transitar na contramão,Colisão lateral sentido oposto,Com Vítimas Feridas,Pleno dia,Crescente,Céu Claro,Dupla,Declive,Não,2.0,0.0,1.0,1.0,0.0,0.0,2.0,2.0,-20.23468336,-40.36946571,SPRF-ES,DEL01-ES,UOP01-DEL01-ES,2025-11-02 10:30:00,2025.0,11.0,10.0,manha,True,1,grave,BR-101
729224.0,2025-11-02,domingo,17:55,ES,101.0,228.1,FUNDAO,Reação tardia ou ineficiente do condutor,Tombamento,Com Vítimas Feridas,Plena Noite,Crescente,Céu Claro,Simples,Reta,Não,3.0,0.0,1.0,1.0,1.0,0.0,2.0,2.0,-19.924925,-40.406535,SPRF-ES,DEL02-ES,UOP01-DEL02-ES,2025-11-02 17:55:00,2025.0,11.0,17.0,tarde,True,1,grave,BR-101
729239.0,2025-11-02,domingo,19:00,ES,262.0,19.9,VIANA,Acessar a via sem observar a presença dos outros veículos,Colisão transversal,Com Vítimas Feridas,Plena Noite,Crescente,Céu Claro,Simples,Curva,Sim,5.0,0.0,5.0,0.0,0.0,0.0,5.0,3.0,-20.386523,-40.496017,SPRF-ES,DEL01-ES,UOP01-DEL01-ES,2025-11-02 19:00:00,2025.0,11.0,19.0,noite,True,0,moderado,BR-262
729362.0,2025-11-03,segunda,11:30,ES,101.0,238.0,FUNDAO,Objeto estático sobre o leito carroçável,Colisão com objeto,Com Vítimas Feridas,Pleno dia,Crescente,Céu Claro,Simples,Reta,Não,1.0,0.0,1.0,0.0,0.0,0.0,1.0,1.0,-20.01210422,-40.40600916,SPRF-ES,DEL02-ES,UOP01-DEL02-ES,2025-11-03 11:30:00,2025.0,11.0,11.0,manha,True,0,moderado,BR-101
729514.0,2025-11-04,terca,07:10,ES,101.0,269.5,SERRA,Manobra de mudança de faixa,Colisão lateral mesmo sentido,Sem Vítimas,Pleno dia,Crescente,Céu Claro,Dupla,Reta,Sim,2.0,0.0,0.0,0.0,2.0,0.0,0.0,2.0,-20.0488573,-40.3867013,SPRF-ES,DEL02-ES,UOP01-DEL02-ES,2025-11-04 07:10:00,2025.0,11.0,7.0,manha,True,0,baixo,BR-101
729685.0,2025-11-05,quarta,06:00,ES,101.0,270.5,SERRA,Ausência de reação do condutor,Colisão com objeto,Com Vítimas Fatais,Amanhecer,Crescente,Céu Claro,Dupla,Curva,Sim,2.0,1.0,0.0,1.0,0.0,0.0,1.0,1.0,-20.23243894,-40.27519226,SPRF-ES,DEL02-ES,UOP01-DEL02-ES,2025-11-05 06:00:00,2025.0,11.0,6.0,manha,True,1,fatal,BR-101
729774.0,2025-11-05,quarta,13:30,ES,101.0,288.4,CARIACICA,Velocidade Incompatível,Saída de leito carroçável,Com Vítimas Feridas,Pleno dia,Crescente,Céu Claro,Múltipla,Reta,Sim,4.0,0.0,3.0,1.0,0.0,0.0,4.0,1.0,-20.27487744,-40.39231424,SPRF-ES,DEL01-ES,UOP01-DEL01-ES,2025-11-05 13:30:00,2025.0,11.0,13.0,tarde,True,1,grave,BR-101
729820.0,2025-11-05,quarta,18:15,ES,101.0,262.3,SERRA,Condutor desrespeitou a iluminação vermelha do semáforo,Colisão transversal,Com Vítimas Feridas,Plena Noite,Crescente,Nublado,Múltipla,Interseção de Vias,Sim,3.0,0.0,1.0,0.0,1.0,1.0,1.0,3.0,-20.1535907,-40.27801752,SPRF-ES,DEL02-ES,UOP01-DEL02-ES,2025-11-05 18:15:00,2025.0,11.0,18.0,noite,True,0,moderado,BR-101
729828.0,2025-11-05,quarta,18:09,ES,101.0,264.0,SERRA,Ausência de reação do condutor,Colisão traseira,Com Vítimas Feridas,Pleno dia,Decrescente,Céu Claro,Simples,Reta,Não,2.0,0.0,1.0,0.0,1.0,0.0,1.0,2.0,-20.22230476,-40.27050161,SPRF-ES,DEL02-ES,UOP01-DEL02-ES,2025-11-05 18:09:00,2025.0,11.0,18.0,noite,True,0,moderado,BR-101
730018.0,2025-11-06,quinta,20:10,ES,101.0,264.5,SERRA,Reação tardia ou ineficiente do condutor,Tombamento,Com Vítimas Feridas,Plena Noite,Crescente,Nublado,Múltipla,Reta,Sim,1.0,0.0,1.0,0.0,0.0,0.0,1.0,1.0,-20.17775167,-40.26560667,SPRF-ES,DEL02-ES,UOP01-DEL02-ES,2025-11-06 20:10:00,2025.0,11.0,20.0,noite,True,0,moderado,BR-101
730147.0,2025-11-07,sexta,12:50,ES,262.0,17.0,VIANA,Condutor deixou de manter distância do veículo da frente,Colisão traseira,Com Vítimas Feridas,Pleno dia,Crescente,Nublado,Simples,Reta,Sim,4.0,0.0,1.0,0.0,3.0,0.0,1.0,2.0,-20.38565,-40.471053,SPRF-ES,DEL01-ES,UOP01-DEL01-ES,2025-11-07 12:50:00,2025.0,11.0,12.0,tarde,True,0,moderado,BR-262
730180.0,2025-10-19,domingo,05:40,ES,101.0,269.0,SERRA,Condutor desrespeitou a iluminação vermelha do semáforo,Colisão transversal,Com Vítimas Feridas,Amanhecer,Decrescente,Nublado,Dupla,Interseção de Vias;Reta,Sim,2.0,0.0,1.0,0.0,1.0,0.0,1.0,2.0,-20.11139198,-40.32669067,SPRF-ES,DEL02-ES,UOP01-DEL02-ES,2025-10-19 05:40:00,2025.0,10.0,5.0,madrugada,True,0,moderado,BR-101
730262.0,2025-11-07,sexta,21:00,ES,101.0,297.0,CARIACICA,Reação tardia ou ineficiente do condutor,Colisão com objeto,Com Vítimas Fatais,Plena Noite,Crescente,Garoa/Chuvisco,Dupla,Aclive;Curva,Não,1.0,1.0,0.0,0.0,0.0,0.0,0.0,1.0,-20.344911,-40.410048,SPRF-ES,DEL01-ES,UOP01-DEL01-ES,2025-11-07 21:00:00,2025.0,11.0,21.0,noite,True,1,fatal,BR-101
730387.0,2025-11-08,sabado,10:40,ES,101.0,265.0,SERRA,Ausência de reação do condutor,Atropelamento de Pedestre,Com Vítimas Feridas,Pleno dia,Crescente,Nublado,Dupla,Reta,Sim,3.0,0.0,2.0,0.0,0.0,1.0,2.0,2.0,-20.0488582,-40.3867015,SPRF-ES,DEL02-ES,UOP01-DEL02-ES,2025-11-08 10:40:00,2025.0,11.0,10.0,manha,True,0,moderado,BR-101
730555.0,2025-11-08,sabado,22:30,ES,101.0,313.2,VILA VELHA,Animais na Pista,Atropelamento de Animal,Com Vítimas Feridas,Plena Noite,Crescente,Céu Claro,Dupla,Reta,Não,1.0,0.0,1.0,0.0,0.0,0.0,1.0,1.0,-20.45533709,-40.46342467,SPRF-ES,DEL01-ES,UOP01-DEL01-ES,2025-11-08 22:30:00,2025.0,11.0,22.0,noite,True,0,moderado,BR-101
730572.0,2025-11-09,domingo,00:30,ES,101.0,269.6,SERRA,Acessar a via sem observar a presença dos outros veículos,Colisão lateral mesmo sentido,Com Vítimas Feridas,Plena Noite,Decrescente,Nublado,Múltipla,Retorno Regulamentado,Sim,3.0,0.0,2.0,0.0,1.0,0.0,2.0,2.0,-20.2231921,-40.2702095,SPRF-ES,DEL02-ES,UOP01-DEL02-ES,2025-11-09 00:30:00,2025.0,11.0,0.0,madrugada,True,0,moderado,BR-101
730802.0,2025-11-09,domingo,22:20,ES,101.0,297.0,VIANA,Manobra de mudança de faixa,Saída de leito carroçável,Com Vítimas Feridas,Plena Noite,Crescente,Garoa/Chuvisco,Dupla,Curva,Sim,2.0,0.0,2.0,0.0,0.0,0.0,2.0,1.0,-20.351073,-40.41326,SPRF-ES,DEL01-ES,UOP01-DEL01-ES,2025-11-09 22:20:00,2025.0,11.0,22.0,noite,True,0,moderado,BR-101
730825.0,2025-11-09,domingo,23:55,ES,101.0,262.0,SERRA,Ausência de reação do condutor,Colisão traseira,Com Vítimas Feridas,Plena Noite,Crescente,Céu Claro,Simples,Reta,Não,3.0,0.0,2.0,1.0,0.0,0.0,3.0,2.0,-20.13592779,-40.29247721,SPRF-ES,DEL02-ES,UOP01-DEL02-ES,2025-11-09 23:55:00,2025.0,11.0,23.0,noite,True,1,grave,BR-101
730859.0,2025-11-10,segunda,07:21,ES,101.0,293.0,CARIACICA,Acumulo de óleo sobre o pavimento,Tombamento,Com Vítimas Feridas,Pleno dia,Decrescente,Nublado,Dupla,Reta,Sim,2.0,0.0,2.0,0.0,0.0,0.0,2.0,1.0,-20.316048,-40.3955,SPRF-ES,DEL01-ES,UOP01-DEL01-ES,2025-11-10 07:21:00,2025.0,11.0,7.0,manha,True,0,moderado,BR-101
730863.0,2025-11-10,segunda,07:50,ES,101.0,278.0,SERRA,Velocidade Incompatível,Saída de leito carroçável,Com Vítimas Feridas,Pleno dia,Crescente,Nublado,Dupla,Curva;Declive,Não,1.0,0.0,1.0,0.0,0.0,0.0,1.0,1.0,-20.21752,-40.33552,SPRF-ES,DEL02-ES,UOP01-DEL02-ES,2025-11-10 07:50:00,2025.0,11.0,7.0,manha,True,0,moderado,BR-101
730968.0,2025-11-10,segunda,16:00,ES,101.0,262.2,SERRA,Manobra de mudança de faixa,Colisão lateral mesmo sentido,Com Vítimas Feridas,Pleno dia,Decrescente,Nublado,Múltipla,Reta;Interseção de Vias;Retorno Regulamentado,Sim,2.0,0.0,1.0,0.0,1.0,0.0,1.0,2.0,-20.160165,-40.275838,SPRF-ES,DEL02-ES,UOP01-DEL02-ES,2025-11-10 16:00:00,2025.0,11.0,16.0,tarde,True,0,moderado,BR-101
731065.0,2025-11-11,terca,06:00,ES,101.0,10.0,SERRA,Suicídio (presumido),Saída de leito carroçável,Com Vítimas Feridas,Plena Noite,Decrescente,Nublado,Dupla,Reta,Não,1.0,0.0,1.0,0.0,0.0,0.0,1.0,1.0,-20.14579,-40.34384,SPRF-ES,DEL02-ES,UOP01-DEL02-ES,2025-11-11 06:00:00,2025.0,11.0,6.0,manha,True,0,moderado,BR-101
731202.0,2025-10-30,quinta,07:30,ES,101.0,266.7,SERRA,Acessar a via sem observar a presença dos outros veículos,Colisão transversal,Com Vítimas Feridas,Pleno dia,Decrescente,Nublado,Dupla,Retorno Regulamentado;Reta,Sim,3.0,0.0,0.0,1.0,2.0,0.0,1.0,2.0,-20.195662,-40.268922,SPRF-ES,DEL02-ES,UOP01-DEL02-ES,2025-10-30 07:30:00,2025.0,10.0,7.0,manha,True,1,grave,BR-101
731227.0,2025-11-11,terca,21:20,ES,101.0,301.0,VIANA,Reação tardia ou ineficiente do condutor,Colisão com objeto,Com Vítimas Feridas,Plena Noite,Decrescente,Céu Claro,Múltipla,Curva,Não,3.0,0.0,2.0,1.0,0.0,0.0,3.0,1.0,-20.363575,-40.440774,SPRF-ES,DEL01-ES,UOP01-DEL01-ES,2025-11-11 21:20:00,2025.0,11.0,21.0,noite,True,1,grave,BR-101
731389.0,2025-11-12,quarta,18:50,ES,101.0,271.2,SERRA,Demais falhas mecânicas ou elétricas,Incêndio,Sem Vítimas,Plena Noite,Decrescente,Céu Claro,Múltipla,Retorno Regulamentado,Sim,1.0,0.0,0.0,0.0,1.0,0.0,0.0,1.0,-20.23103408,-40.27947217,SPRF-ES,DEL02-ES,UOP01-DEL02-ES,2025-11-12 18:50:00,2025.0,11.0,18.0,noite,True,0,baixo,BR-101
731694.0,2025-11-14,sexta,07:57,ES,101.0,263.9,SERRA,Condutor deixou de manter distância do veículo da frente,Colisão traseira,Com Vítimas Feridas,Pleno dia,Crescente,Sol,Múltipla,Reta,Não,2.0,0.0,1.0,1.0,0.0,0.0,2.0,2.0,-20.17284167,-40.26738333,SPRF-ES,DEL02-ES,UOP01-DEL02-ES,2025-11-14 07:57:00,2025.0,11.0,7.0,manha,True,1,grave,BR-101
731778.0,2025-11-14,sexta,15:13,ES,101.0,246.1,SERRA,Demais falhas mecânicas ou elétricas,Colisão com objeto,Com Vítimas Feridas,Pleno dia,Crescente,Céu Claro,Dupla,Reta;Em Obras;Declive,Não,3.0,0.0,1.0,0.0,2.0,0.0,1.0,2.0,-20.06466,-40.37609,SPRF-ES,DEL02-ES,UOP01-DEL02-ES,2025-11-14 15:13:00,2025.0,11.0,15.0,tarde,True,0,moderado,BR-101
731914.0,2025-11-15,sabado,00:20,ES,101.0,260.8,SERRA,Acesso irregular,Tombamento,Com Vítimas Feridas,Plena Noite,Crescente,Céu Claro,Dupla,Curva,Sim,2.0,0.0,1.0,0.0,0.0,1.0,1.0,1.0,-20.14740833,-40.28014833,SPRF-ES,DEL02-ES,UOP01-DEL02-ES,2025-11-15 00:20:00,2025.0,11.0,0.0,madrugada,True,0,moderado,BR-101
731979.0,2025-11-15,sabado,08:30,ES,101.0,304.0,VIANA,Ausência de reação do condutor,Colisão traseira,Com Vítimas Feridas,Pleno dia,Crescente,Sol,Dupla,Reta,Sim,2.0,0.0,1.0,0.0,1.0,0.0,1.0,2.0,-20.3811397,-40.4567558,SPRF-ES,DEL01-ES,UOP01-DEL01-ES,2025-11-15 08:30:00,2025.0,11.0,8.0,manha,True,0,moderado,BR-101
731982.0,2025-11-15,sabado,09:20,ES,101.0,284.0,CARIACICA,Ausência de reação do condutor,Queda de ocupante de veículo,Com Vítimas Feridas,Pleno dia,Crescente,Céu Claro,Dupla,Reta,Não,2.0,0.0,2.0,0.0,0.0,0.0,2.0,1.0,-20.2483959,-40.3707993,SPRF-ES,DEL01-ES,UOP01-DEL01-ES,2025-11-15 09:20:00,2025.0,11.0,9.0,manha,True,0,moderado,BR-101
731993.0,2025-11-15,sabado,09:50,ES,101.0,299.8,VIANA,Acessar a via sem observar a presença dos outros veículos,Colisão frontal,Com Vítimas Feridas,Pleno dia,Crescente,Sol,Dupla,Retorno Regulamentado,Sim,2.0,0.0,1.0,0.0,1.0,0.0,1.0,2.0,-20.3574457,-40.42419434,SPRF-ES,DEL01-ES,UOP01-DEL01-ES,2025-11-15 09:50:00,2025.0,11.0,9.0,manha,True,0,moderado,BR-101
732042.0,2025-11-15,sabado,14:50,ES,101.0,343.0,GUARAPARI,Ausência de reação do condutor,Colisão com objeto,Com Vítimas Feridas,Pleno dia,Crescente,Nublado,Dupla,Curva,Não,3.0,0.0,1.0,0.0,2.0,0.0,1.0,2.0,-20.663552,-40.594615,SPRF-ES,DEL03-ES,UOP01-DEL03-ES,2025-11-15 14:50:00,2025.0,11.0,14.0,tarde,True,0,moderado,BR-101
732152.0,2025-11-16,domingo,00:15,ES,101.0,267.0,SERRA,Acessar a via sem observar a presença dos outros veículos,Colisão traseira,Com Vítimas Feridas,Plena Noite,Crescente,Céu Claro,Dupla,Reta,Sim,2.0,0.0,1.0,0.0,0.0,1.0,1.0,2.0,-20.22124525,-40.27041574,SPRF-ES,DEL02-ES,UOP01-DEL02-ES,2025-11-16 00:15:00,2025.0,11.0,0.0,madrugada,True,0,moderado,BR-101
732462.0,2025-11-17,segunda,09:23,ES,101.0,256.0,SERRA,Acessar a via sem observar a presença dos outros veículos,Atropelamento de Pedestre,Com Vítimas Feridas,Pleno dia,Crescente,Nublado,Simples,Reta,Não,2.0,0.0,1.0,0.0,1.0,0.0,1.0,2.0,-20.12233268,-40.30568361,SPRF-ES,DEL02-ES,UOP01-DEL02-ES,2025-11-17 09:23:00,2025.0,11.0,9.0,manha,True,0,moderado,BR-101
732470.0,2025-11-17,segunda,10:10,ES,101.0,290.0,CARIACICA,Condutor deixou de manter distância do veículo da frente,Colisão traseira,Com Vítimas Feridas,Pleno dia,Decrescente,Nublado,Dupla,Reta,Não,3.0,0.0,0.0,2.0,1.0,0.0,2.0,2.0,-20.29184775,-40.39198017,SPRF-ES,DEL01-ES,UOP01-DEL01-ES,2025-11-17 10:10:00,2025.0,11.0,10.0,manha,True,1,grave,BR-101
732490.0,2025-11-17,segunda,12:53,ES,101.0,265.0,SERRA,Manobra de mudança de faixa,Colisão lateral mesmo sentido,Com Vítimas Feridas,Pleno dia,Decrescente,Nublado,Múltipla,Reta,Sim,2.0,0.0,1.0,0.0,1.0,0.0,1.0,2.0,-20.182903,-40.266,SPRF-ES,DEL02-ES,UOP01-DEL02-ES,2025-11-17 12:53:00,2025.0,11.0,12.0,tarde,True,0,moderado,BR-101
732549.0,2025-11-17,segunda,15:00,ES,101.0,277.0,SERRA,Reação tardia ou ineficiente do condutor,Colisão com objeto,Com Vítimas Feridas,Pleno dia,Decrescente,Céu Claro,Dupla,Reta,Não,2.0,0.0,1.0,0.0,0.0,1.0,1.0,1.0,-20.2169,-40.328888,SPRF-ES,DEL02-ES,UOP01-DEL02-ES,2025-11-17 15:00:00,2025.0,11.0,15.0,tarde,True,0,moderado,BR-101
732554.0,2025-11-17,segunda,18:01,ES,101.0,247.0,SERRA,Demais falhas mecânicas ou elétricas,Tombamento,Com Vítimas Feridas,Pleno dia,Decrescente,Céu Claro,Simples,Reta,Não,2.0,0.0,2.0,0.0,0.0,0.0,2.0,1.0,-20.0682195,-40.37198067,SPRF-ES,DEL02-ES,UOP01-DEL02-ES,2025-11-17 18:01:00,2025.0,11.0,18.0,noite,True,0,moderado,BR-101
732906.0,2025-11-19,quarta,09:15,ES,101.0,299.8,VIANA,Ausência de reação do condutor,Colisão lateral sentido oposto,Com Vítimas Feridas,Pleno dia,Crescente,Céu Claro,Simples,Reta,Sim,3.0,0.0,2.0,0.0,1.0,0.0,2.0,2.0,-20.3573382,-40.4299421,SPRF-ES,DEL01-ES,UOP01-DEL01-ES,2025-11-19 09:15:00,2025.0,11.0,9.0,manha,True,0,moderado,BR-101
733118.0,2025-11-20,quinta,07:15,ES,101.0,276.0,SERRA,Reação tardia ou ineficiente do condutor,Colisão com objeto,Com Vítimas Feridas,Pleno dia,Crescente,Céu Claro,Dupla,Reta,Não,1.0,0.0,1.0,0.0,0.0,0.0,1.0,1.0,-20.0488699,-40.3866955,SPRF-ES,DEL02-ES,UOP01-DEL02-ES,2025-11-20 07:15:00,2025.0,11.0,7.0,manha,True,0,moderado,BR-101
733192.0,2025-11-20,quinta,14:45,ES,101.0,235.8,FUNDAO,Reação tardia ou ineficiente do condutor,Saída de leito carroçável,Com Vítimas Feridas,Pleno dia,Crescente,Sol,Simples,Curva,Não,1.0,0.0,0.0,1.0,0.0,0.0,1.0,1.0,-19.9821246,-40.4131256,SPRF-ES,DEL02-ES,UOP01-DEL02-ES,2025-11-20 14:45:00,2025.0,11.0,14.0,tarde,True,1,grave,BR-101
733227.0,2025-11-20,quinta,18:50,ES,101.0,5.0,SERRA,Reação tardia ou ineficiente do condutor,Colisão com objeto,Com Vítimas Feridas,Plena Noite,Crescente,Céu Claro,Dupla,Reta,Não,1.0,0.0,1.0,0.0,0.0,0.0,1.0,1.0,-20.09557398,-40.35487314,SPRF-ES,DEL04-ES,UOP02-DEL04-ES,2025-11-20 18:50:00,2025.0,11.0,18.0,noite,True,0,moderado,BR-101
733274.0,2025-11-20,quinta,21:35,ES,101.0,245.0,SERRA,Reação tardia ou ineficiente do condutor,Queda de ocupante de veículo,Com Vítimas Feridas,Plena Noite,Crescente,Nublado,Simples,Declive,Não,1.0,0.0,1.0,0.0,0.0,0.0,1.0,1.0,-20.04007795,-40.39273658,SPRF-ES,DEL02-ES,UOP01-DEL02-ES,2025-11-20 21:35:00,2025.0,11.0,21.0,noite,True,0,moderado,BR-101
733333.0,2025-11-21,sexta,06:45,ES,101.0,296.0,CARIACICA,Manobra de mudança de faixa,Colisão lateral mesmo sentido,Com Vítimas Feridas,Pleno dia,Crescente,Céu Claro,Dupla,Curva;Viaduto,Sim,2.0,0.0,0.0,1.0,1.0,0.0,1.0,2.0,-20.34336949,-40.40617252,SPRF-ES,DEL01-ES,UOP01-DEL01-ES,2025-11-21 06:45:00,2025.0,11.0,6.0,manha,True,1,grave,BR-101
733362.0,2025-11-21,sexta,05:50,ES,101.0,293.0,CARIACICA,Avarias e/ou desgaste excessivo no pneu,Tombamento,Com Vítimas Feridas,Amanhecer,Decrescente,Céu Claro,Múltipla,Reta,Sim,2.0,0.0,2.0,0.0,0.0,0.0,2.0,1.0,-20.31615636,-40.39581656,SPRF-ES,DEL01-ES,UOP01-DEL01-ES,2025-11-21 05:50:00,2025.0,11.0,5.0,madrugada,True,0,moderado,BR-101
733396.0,2025-11-21,sexta,12:52,ES,262.0,16.0,VIANA,Acessar a via sem observar a presença dos outros veículos,Colisão lateral mesmo sentido,Com Vítimas Feridas,Pleno dia,Crescente,Céu Claro,Simples,Reta,Sim,3.0,0.0,1.0,1.0,1.0,0.0,2.0,2.0,-20.3840281,-40.46566582,SPRF-ES,DEL01-ES,UOP01-DEL01-ES,2025-11-21 12:52:00,2025.0,11.0,12.0,tarde,True,1,grave,BR-262
733477.0,2025-11-21,sexta,21:00,ES,101.0,263.9,SERRA,Condutor desrespeitou a iluminação vermelha do semáforo,Atropelamento de Pedestre,Com Vítimas Feridas,Plena Noite,Decrescente,Nublado,Dupla,Interseção de Vias;Reta,Sim,2.0,0.0,1.0,0.0,0.0,1.0,1.0,2.0,-20.17303671,-40.26733875,SPRF-ES,DEL02-ES,UOP01-DEL02-ES,2025-11-21 21:00:00,2025.0,11.0,21.0,noite,True,0,moderado,BR-101
733492.0,2025-11-21,sexta,21:50,ES,101.0,267.9,SERRA,Reação tardia ou ineficiente do condutor,Colisão traseira,Com Vítimas Feridas,Plena Noite,Crescente,Céu Claro,Múltipla,Reta,Sim,3.0,0.0,2.0,0.0,1.0,0.0,2.0,2.0,-20.207961,-40.269408,SPRF-ES,DEL02-ES,UOP01-DEL02-ES,2025-11-21 21:50:00,2025.0,11.0,21.0,noite,True,0,moderado,BR-101
733554.0,2025-11-22,sabado,08:10,ES,101.0,271.0,SERRA,Semáforo com defeito,Colisão traseira,Com Vítimas Feridas,Pleno dia,Crescente,Céu Claro,Dupla,Reta;Interseção de Vias,Sim,3.0,0.0,1.0,0.0,2.0,0.0,1.0,2.0,-20.22986,-40.28137,SPRF-ES,DEL02-ES,UOP01-DEL02-ES,2025-11-22 08:10:00,2025.0,11.0,8.0,manha,True,0,moderado,BR-101
733728.0,2025-11-23,domingo,01:05,ES,101.0,293.7,CARIACICA,Condutor Dormindo,Colisão com objeto,Com Vítimas Feridas,Plena Noite,Crescente,Céu Claro,Múltipla,Reta,Não,1.0,0.0,1.0,0.0,0.0,0.0,1.0,1.0,-20.32144249,-40.39581506,SPRF-ES,DEL01-ES,UOP01-DEL01-ES,2025-11-23 01:05:00,2025.0,11.0,1.0,madrugada,True,0,moderado,BR-101
733849.0,2025-11-23,domingo,15:50,ES,101.0,281.4,SERRA,Reação tardia ou ineficiente do condutor,Colisão traseira,Com Vítimas Feridas,Pleno dia,Decrescente,Nublado,Dupla,Reta,Não,3.0,0.0,1.0,0.0,2.0,0.0,1.0,3.0,-20.22416662,-40.36014805,SPRF-ES,DEL02-ES,UOP01-DEL02-ES,2025-11-23 15:50:00,2025.0,11.0,15.0,tarde,True,0,moderado,BR-101
733941.0,2025-11-23,domingo,18:50,ES,101.0,262.0,SERRA,Condutor deixou de manter distância do veículo da frente,Colisão traseira,Com Vítimas Feridas,Plena Noite,Crescente,Céu Claro,Dupla,Reta,Sim,5.0,0.0,0.0,2.0,3.0,0.0,2.0,2.0,-20.12313859,-40.30983926,SPRF-ES,DEL02-ES,UOP01-DEL02-ES,2025-11-23 18:50:00,2025.0,11.0,18.0,noite,True,1,grave,BR-101
734034.0,2025-11-24,segunda,06:25,ES,101.0,245.5,SERRA,Ultrapassagem Indevida,Colisão lateral mesmo sentido,Sem Vítimas,Amanhecer,Crescente,Nublado,Simples,Reta,Não,2.0,0.0,0.0,0.0,2.0,0.0,0.0,2.0,-20.0488473,-40.3867012,SPRF-ES,DEL02-ES,UOP01-DEL02-ES,2025-11-24 06:25:00,2025.0,11.0,6.0,manha,True,0,baixo,BR-101
734041.0,2025-11-24,segunda,06:40,ES,101.0,288.5,CARIACICA,Reação tardia ou ineficiente do condutor,Colisão lateral mesmo sentido,Com Vítimas Feridas,Pleno dia,Decrescente,Nublado,Dupla,Reta,Sim,3.0,0.0,1.0,0.0,2.0,0.0,1.0,2.0,-20.27485826,-40.39220095,SPRF-ES,DEL01-ES,UOP01-DEL01-ES,2025-11-24 06:40:00,2025.0,11.0,6.0,manha,True,0,moderado,BR-101
734075.0,2025-11-04,terca,07:50,ES,101.0,270.5,SERRA,Trafegar com motocicleta (ou similar) entre as faixas,Colisão lateral mesmo sentido,Com Vítimas Feridas,Pleno dia,Crescente,Céu Claro,Múltipla,Reta,Sim,2.0,0.0,1.0,0.0,0.0,1.0,1.0,2.0,-20.22896003,-40.27210611,SPRF-ES,DEL02-ES,UOP01-DEL02-ES,2025-11-04 07:50:00,2025.0,11.0,7.0,manha,True,0,moderado,BR-101
734183.0,2025-11-24,segunda,21:40,ES,101.0,294.0,CARIACICA,Velocidade Incompatível,Colisão com objeto,Com Vítimas Feridas,Plena Noite,Crescente,Chuva,Múltipla,Curva;Declive,Não,1.0,0.0,0.0,1.0,0.0,0.0,1.0,1.0,-20.32446078,-40.39551465,SPRF-ES,DEL01-ES,UOP01-DEL01-ES,2025-11-24 21:40:00,2025.0,11.0,21.0,noite,True,1,grave,BR-101
734306.0,2025-11-25,terca,15:10,ES,101.0,288.9,CARIACICA,Desrespeitar a preferência no cruzamento,Colisão transversal,Com Vítimas Feridas,Pleno dia,Decrescente,Nublado,Dupla,Reta;Retorno Regulamentado,Sim,2.0,0.0,1.0,0.0,1.0,0.0,1.0,2.0,-20.27910928,-40.39280987,SPRF-ES,DEL01-ES,UOP01-DEL01-ES,2025-11-25 15:10:00,2025.0,11.0,15.0,tarde,True,0,moderado,BR-101
734350.0,2025-11-25,terca,18:30,ES,101.0,269.0,SERRA,Pedestre cruzava a pista fora da faixa,Atropelamento de Pedestre,Com Vítimas Feridas,Plena Noite,Crescente,Chuva,Múltipla,Reta,Sim,2.0,0.0,2.0,0.0,0.0,0.0,2.0,2.0,-20.21990742,-40.27025521,SPRF-ES,DEL02-ES,UOP01-DEL02-ES,2025-11-25 18:30:00,2025.0,11.0,18.0,noite,True,0,moderado,BR-101
734406.0,2025-11-26,quarta,06:40,ES,101.0,278.6,SERRA,Trafegar com motocicleta (ou similar) entre as faixas,Colisão transversal,Com Vítimas Feridas,Pleno dia,Decrescente,Sol,Simples,Reta;Aclive,Não,2.0,0.0,0.0,1.0,1.0,0.0,1.0,2.0,-20.21775875,-40.3343353,SPRF-ES,DEL02-ES,UOP01-DEL02-ES,2025-11-26 06:40:00,2025.0,11.0,6.0,manha,True,1,grave,BR-101
734591.0,2025-11-27,quinta,01:30,ES,101.0,269.9,SERRA,Retorno proibido,Colisão transversal,Com Vítimas Feridas,Plena Noite,Decrescente,Céu Claro,Múltipla,Reta,Sim,3.0,0.0,2.0,0.0,1.0,0.0,2.0,2.0,-20.223609,-40.270345,SPRF-ES,DEL02-ES,UOP01-DEL02-ES,2025-11-27 01:30:00,2025.0,11.0,1.0,madrugada,True,0,moderado,BR-101
734844.0,2025-11-28,sexta,07:57,ES,101.0,289.1,CARIACICA,Acessar a via sem observar a presença dos outros veículos,Colisão transversal,Com Vítimas Feridas,Pleno dia,Decrescente,Céu Claro,Dupla,Retorno Regulamentado,Não,2.0,0.0,0.0,1.0,1.0,0.0,1.0,2.0,-20.27909698,-40.39274502,SPRF-ES,DEL01-ES,UOP01-DEL01-ES,2025-11-28 07:57:00,2025.0,11.0,7.0,manha,True,1,grave,BR-101
734887.0,2025-11-28,sexta,11:45,ES,101.0,300.1,VIANA,Transitar no Acostamento,Colisão lateral sentido oposto,Com Vítimas Feridas,Pleno dia,Decrescente,Céu Claro,Dupla,Reta,Sim,3.0,0.0,1.0,0.0,1.0,1.0,1.0,3.0,-20.3585693,-40.43207693,SPRF-ES,DEL01-ES,UOP01-DEL01-ES,2025-11-28 11:45:00,2025.0,11.0,11.0,manha,True,0,moderado,BR-101
734902.0,2025-11-12,quarta,12:00,ES,101.0,268.0,SERRA,Reação tardia ou ineficiente do condutor,Colisão traseira,Com Vítimas Feridas,Pleno dia,Crescente,Céu Claro,Dupla,Reta,Sim,2.0,0.0,1.0,0.0,1.0,0.0,1.0,2.0,-20.208733,-40.269764,SPRF-ES,DEL02-ES,UOP01-DEL02-ES,2025-11-12 12:00:00,2025.0,11.0,12.0,tarde,True,0,moderado,BR-101
734984.0,2025-11-28,sexta,18:29,ES,101.0,284.1,CARIACICA,Trafegar com motocicleta (ou similar) entre as faixas,Colisão lateral mesmo sentido,Com Vítimas Feridas,Plena Noite,Crescente,Céu Claro,Dupla,Reta,Não,2.0,0.0,0.0,1.0,1.0,0.0,1.0,2.0,-20.243704,-40.369835,SPRF-ES,DEL01-ES,UOP01-DEL01-ES,2025-11-28 18:29:00,2025.0,11.0,18.0,noite,True,1,grave,BR-101
735056.0,2025-11-29,sabado,01:15,ES,101.0,266.0,SERRA,Condutor Dormindo,Colisão com objeto,Com Vítimas Feridas,Plena Noite,Crescente,Céu Claro,Dupla,Reta,Não,1.0,0.0,1.0,0.0,0.0,0.0,1.0,1.0,-20.195,-40.269,SPRF-ES,DEL02-ES,UOP01-DEL02-ES,2025-11-29 01:15:00,2025.0,11.0,1.0,madrugada,True,0,moderado,BR-101
735131.0,2025-11-29,sabado,10:00,ES,101.0,268.0,SERRA,Avarias e/ou desgaste excessivo no pneu,Tombamento,Com Vítimas Feridas,Pleno dia,Crescente,Céu Claro,Múltipla,Reta,Sim,2.0,0.0,2.0,0.0,0.0,0.0,2.0,1.0,-20.215477,-40.26965,SPRF-ES,DEL02-ES,UOP01-DEL02-ES,2025-11-29 10:00:00,2025.0,11.0,10.0,manha,True,0,moderado,BR-101
735175.0,2025-11-29,sabado,12:40,ES,101.0,241.0,SERRA,Frear bruscamente,Colisão com objeto,Com Vítimas Feridas,Pleno dia,Crescente,Céu Claro,Simples,Reta,Não,2.0,0.0,1.0,0.0,1.0,0.0,1.0,1.0,-20.03502428,-40.39516926,SPRF-ES,DEL02-ES,UOP01-DEL02-ES,2025-11-29 12:40:00,2025.0,11.0,12.0,tarde,True,0,moderado,BR-101
735193.0,2025-11-29,sabado,12:00,ES,101.0,264.5,SERRA,Condutor desrespeitou a iluminação vermelha do semáforo,Colisão transversal,Com Vítimas Feridas,Pleno dia,Decrescente,Céu Claro,Múltipla,Interseção de Vias,Sim,3.0,0.0,1.0,0.0,1.0,1.0,1.0,2.0,-20.17856647,-40.26523501,SPRF-ES,DEL02-ES,UOP01-DEL02-ES,2025-11-29 12:00:00,2025.0,11.0,12.0,tarde,True,0,moderado,BR-101
735248.0,2025-11-29,sabado,18:30,ES,101.0,338.9,GUARAPARI,Reação tardia ou ineficiente do condutor,Tombamento,Com Vítimas Feridas,Plena Noite,Crescente,Céu Claro,Dupla,Curva,Não,1.0,0.0,1.0,0.0,0.0,0.0,1.0,1.0,-20.643601,-40.557605,SPRF-ES,DEL03-ES,UOP01-DEL03-ES,2025-11-29 18:30:00,2025.0,11.0,18.0,noite,True,0,moderado,BR-101
735351.0,2025-11-30,domingo,00:56,ES,262.0,25.0,VIANA,Ausência de reação do condutor,Colisão com objeto,Sem Vítimas,Plena Noite,Decrescente,Nublado,Simples,Reta,Não,1.0,0.0,0.0,0.0,0.0,1.0,0.0,1.0,-20.37982037,-40.53944048,SPRF-ES,DEL01-ES,UOP01-DEL01-ES,2025-11-30 00:56:00,2025.0,11.0,0.0,madrugada,True,0,baixo,BR-262
735452.0,2025-11-30,domingo,14:30,ES,101.0,301.9,VIANA,Transitar na contramão,Colisão transversal,Com Vítimas Feridas,Pleno dia,Crescente,Céu Claro,Dupla,Interseção de Vias;Viaduto;Retorno Regulamentado,Sim,2.0,0.0,1.0,0.0,1.0,0.0,1.0,2.0,-20.36915421,-40.44419241,SPRF-ES,DEL01-ES,UOP01-DEL01-ES,2025-11-30 14:30:00,2025.0,11.0,14.0,tarde,True,0,moderado,BR-101
735471.0,2025-11-30,domingo,16:20,ES,101.0,304.0,VIANA,Ausência de reação do condutor,Colisão traseira,Com Vítimas Feridas,Pleno dia,Decrescente,Céu Claro,Dupla,Reta,Não,3.0,0.0,1.0,0.0,2.0,0.0,1.0,3.0,-20.38281969,-40.45924783,SPRF-ES,DEL01-ES,UOP01-DEL01-ES,2025-11-30 16:20:00,2025.0,11.0,16.0,tarde,True,0,moderado,BR-101
735526.0,2025-11-30,domingo,19:31,ES,101.0,268.8,SERRA,Condutor desrespeitou a iluminação vermelha do semáforo,Colisão transversal,Com Vítimas Feridas,Plena Noite,Decrescente,Céu Claro,Dupla,Interseção de Vias;Reta,Sim,3.0,0.0,1.0,0.0,0.0,2.0,1.0,2.0,-20.22178,-40.27003,SPRF-ES,DEL02-ES,UOP01-DEL02-ES,2025-11-30 19:31:00,2025.0,11.0,19.0,noite,True,0,moderado,BR-101
735623.0,2025-12-01,segunda,06:40,ES,101.0,297.0,VIANA,Animais na Pista,Tombamento,Com Vítimas Feridas,Pleno dia,Crescente,Céu Claro,Múltipla,Reta,Sim,2.0,0.0,1.0,0.0,1.0,0.0,1.0,1.0,-20.34947557,-40.41257501,SPRF-ES,DEL01-ES,UOP01-DEL01-ES,2025-12-01 06:40:00,2025.0,12.0,6.0,manha,True,0,moderado,BR-101
735657.0,2025-12-01,segunda,09:20,ES,101.0,268.5,SERRA,Manobra de mudança de faixa,Colisão lateral mesmo sentido,Com Vítimas Feridas,Pleno dia,Decrescente,Sol,Dupla,Reta,Sim,2.0,0.0,1.0,0.0,1.0,0.0,1.0,2.0,-20.212882,-40.269644,SPRF-ES,DEL02-ES,UOP01-DEL02-ES,2025-12-01 09:20:00,2025.0,12.0,9.0,manha,True,0,moderado,BR-101
735764.0,2025-12-01,segunda,18:50,ES,101.0,296.0,CARIACICA,Trafegar com motocicleta (ou similar) entre as faixas,Colisão traseira,Com Vítimas Feridas,Plena Noite,Decrescente,Céu Claro,Múltipla,Interseção de Vias,Sim,2.0,0.0,1.0,0.0,1.0,0.0,1.0,2.0,-20.340234,-40.40419579,SPRF-ES,DEL01-ES,UOP01-DEL01-ES,2025-12-01 18:50:00,2025.0,12.0,18.0,noite,True,0,moderado,BR-101
735905.0,2025-12-02,terca,12:00,ES,101.0,289.9,CARIACICA,Demais falhas na via,Colisão transversal,Com Vítimas Feridas,Pleno dia,Crescente,Céu Claro,Dupla,Reta;Retorno Regulamentado,Não,3.0,0.0,1.0,0.0,0.0,2.0,1.0,3.0,-20.29580478,-40.39365856,SPRF-ES,DEL01-ES,UOP01-DEL01-ES,2025-12-02 12:00:00,2025.0,12.0,12.0,tarde,True,0,moderado,BR-101
735916.0,2025-12-02,terca,13:00,ES,101.0,260.0,SERRA,Manobra de mudança de faixa,Colisão traseira,Com Vítimas Feridas,Pleno dia,Decrescente,Céu Claro,Dupla,Reta;Aclive,Não,2.0,0.0,1.0,0.0,1.0,0.0,1.0,2.0,-20.1696543,-40.26997107,SPRF-ES,DEL02-ES,UOP01-DEL02-ES,2025-12-02 13:00:00,2025.0,12.0,13.0,tarde,True,0,moderado,BR-101
735979.0,2025-12-02,terca,18:50,ES,101.0,267.1,SERRA,Manobra de mudança de faixa,Colisão lateral mesmo sentido,Com Vítimas Feridas,Plena Noite,Crescente,Céu Claro,Múltipla,Reta,Sim,3.0,0.0,1.0,1.0,1.0,0.0,2.0,2.0,-20.2013021,-40.2688101,SPRF-ES,DEL02-ES,UOP01-DEL02-ES,2025-12-02 18:50:00,2025.0,12.0,18.0,noite,True,1,grave,BR-101
736062.0,2025-12-03,quarta,09:20,ES,101.0,265.2,SERRA,Transitar na contramão,Colisão frontal,Com Vítimas Feridas,Pleno dia,Decrescente,Céu Claro,Múltipla,Aclive;Reta,Sim,2.0,0.0,0.0,1.0,1.0,0.0,1.0,2.0,-20.1841415,-40.26664853,SPRF-ES,DEL02-ES,UOP01-DEL02-ES,2025-12-03 09:20:00,2025.0,12.0,9.0,manha,True,1,grave,BR-101
736104.0,2025-12-03,quarta,13:15,ES,262.0,19.5,VIANA,Ausência de reação do condutor,Colisão traseira,Com Vítimas Feridas,Pleno dia,Decrescente,Nublado,Simples,Reta,Sim,2.0,0.0,1.0,0.0,1.0,0.0,1.0,2.0,-20.39189406,-40.49034834,SPRF-ES,DEL01-ES,UOP01-DEL01-ES,2025-12-03 13:15:00,2025.0,12.0,13.0,tarde,True,0,moderado,BR-262
736105.0,2025-10-09,quinta,18:16,ES,101.0,289.1,CARIACICA,Reação tardia ou ineficiente do condutor,Queda de ocupante de veículo,Com Vítimas Feridas,Plena Noite,Crescente,Garoa/Chuvisco,Dupla,Declive;Curva,Sim,2.0,0.0,2.0,0.0,0.0,0.0,2.0,1.0,-20.281178,-40.393028,SPRF-ES,DEL01-ES,UOP01-DEL01-ES,2025-10-09 18:16:00,2025.0,10.0,18.0,noite,True,0,moderado,BR-101
736151.0,2025-12-03,quarta,16:30,ES,101.0,297.9,VIANA,Condutor deixou de manter distância do veículo da frente,Colisão lateral mesmo sentido,Com Vítimas Feridas,Pleno dia,Decrescente,Nublado,Dupla,Reta,Sim,2.0,0.0,1.0,0.0,1.0,0.0,1.0,2.0,-20.35170871,-40.41286469,SPRF-ES,DEL01-ES,UOP01-DEL01-ES,2025-12-03 16:30:00,2025.0,12.0,16.0,tarde,True,0,moderado,BR-101
736198.0,2025-12-03,quarta,19:00,ES,101.0,294.0,CARIACICA,Pista Escorregadia,Tombamento,Com Vítimas Feridas,Plena Noite,Crescente,Chuva,Dupla,Reta,Sim,1.0,0.0,1.0,0.0,0.0,0.0,1.0,1.0,-20.32960171,-40.39912271,SPRF-ES,DEL01-ES,UOP01-DEL01-ES,2025-12-03 19:00:00,2025.0,12.0,19.0,noite,True,0,moderado,BR-101
736266.0,2025-12-04,quinta,06:10,ES,101.0,270.5,SERRA,Reação tardia ou ineficiente do condutor,Tombamento,Com Vítimas Feridas,Pleno dia,Crescente,Céu Claro,Múltipla,Reta,Não,1.0,0.0,1.0,0.0,0.0,0.0,1.0,1.0,-20.2212404,-40.27022158,SPRF-ES,DEL02-ES,UOP01-DEL02-ES,2025-12-04 06:10:00,2025.0,12.0,6.0,manha,True,0,moderado,BR-101
736548.0,2025-12-05,sexta,08:30,ES,101.0,290.0,CARIACICA,Manobra de mudança de faixa,Colisão lateral mesmo sentido,Com Vítimas Feridas,Pleno dia,Decrescente,Céu Claro,Dupla,Reta,Sim,2.0,0.0,1.0,0.0,0.0,1.0,1.0,2.0,-20.29561359,-40.3936014,SPRF-ES,DEL01-ES,UOP01-DEL01-ES,2025-12-05 08:30:00,2025.0,12.0,8.0,manha,True,0,moderado,BR-101
736613.0,2025-12-05,sexta,16:26,ES,101.0,270.0,SERRA,Entrada inopinada do pedestre,Atropelamento de Pedestre,Com Vítimas Feridas,Pleno dia,Crescente,Céu Claro,Dupla,Reta,Não,2.0,0.0,1.0,0.0,1.0,0.0,1.0,2.0,-20.2179094,-40.35273671,SPRF-ES,DEL02-ES,UOP01-DEL02-ES,2025-12-05 16:26:00,2025.0,12.0,16.0,tarde,True,0,moderado,BR-101
736809.0,2025-12-06,sabado,11:40,ES,101.0,298.4,VIANA,Ausência de reação do condutor,Tombamento,Com Vítimas Feridas,Pleno dia,Decrescente,Céu Claro,Múltipla,Reta,Sim,1.0,0.0,1.0,0.0,0.0,0.0,1.0,1.0,-20.35572412,-40.41733788,SPRF-ES,DEL01-ES,UOP01-DEL01-ES,2025-12-06 11:40:00,2025.0,12.0,11.0,manha,True,0,moderado,BR-101
737267.0,2025-12-08,segunda,07:40,ES,101.0,289.7,CARIACICA,Manobra de mudança de faixa,Colisão traseira,Com Vítimas Feridas,Pleno dia,Crescente,Céu Claro,Dupla,Reta;Aclive,Não,2.0,0.0,1.0,0.0,1.0,0.0,1.0,2.0,-20.28418637,-40.39286321,SPRF-ES,DEL01-ES,UOP01-DEL01-ES,2025-12-08 07:40:00,2025.0,12.0,7.0,manha,True,0,moderado,BR-101
737299.0,2025-12-08,segunda,09:40,ES,101.0,7.6,SERRA,Condutor Dormindo,Colisão com objeto,Com Vítimas Feridas,Pleno dia,Crescente,Céu Claro,Dupla,Reta,Não,2.0,0.0,0.0,1.0,1.0,0.0,1.0,1.0,-20.12142,-40.34232,SPRF-ES,DEL02-ES,UOP01-DEL02-ES,2025-12-08 09:40:00,2025.0,12.0,9.0,manha,True,1,grave,BR-101
737309.0,2025-12-08,segunda,11:10,ES,101.0,269.0,SERRA,Manobra de mudança de faixa,Colisão lateral mesmo sentido,Com Vítimas Feridas,Pleno dia,Crescente,Céu Claro,Dupla,Reta,Sim,3.0,0.0,0.0,1.0,1.0,1.0,1.0,3.0,-20.22393,-40.27055,SPRF-ES,DEL02-ES,UOP01-DEL02-ES,2025-12-08 11:10:00,2025.0,12.0,11.0,manha,True,1,grave,BR-101
737312.0,2025-12-08,segunda,11:00,ES,101.0,290.5,CARIACICA,Manobra de mudança de faixa,Colisão transversal,Com Vítimas Feridas,Pleno dia,Decrescente,Céu Claro,Dupla,Retorno Regulamentado,Não,4.0,0.0,1.0,0.0,1.0,2.0,1.0,3.0,-20.29504551,-40.39338112,SPRF-ES,DEL01-ES,UOP01-DEL01-ES,2025-12-08 11:00:00,2025.0,12.0,11.0,manha,True,0,moderado,BR-101
737728.0,2025-12-10,quarta,06:40,ES,101.0,332.3,GUARAPARI,Velocidade Incompatível,Colisão com objeto,Com Vítimas Feridas,Pleno dia,Crescente,Chuva,Dupla,Curva,Não,1.0,0.0,1.0,0.0,0.0,0.0,1.0,1.0,-20.61234008,-40.51075459,SPRF-ES,DEL03-ES,UOP01-DEL03-ES,2025-12-10 06:40:00,2025.0,12.0,6.0,manha,True,0,moderado,BR-101
737738.0,2025-12-10,quarta,07:30,ES,101.0,265.0,SERRA,Ausência de reação do condutor,Queda de ocupante de veículo,Com Vítimas Feridas,Pleno dia,Crescente,Nublado,Múltipla,Interseção de Vias,Sim,1.0,0.0,1.0,0.0,0.0,0.0,1.0,1.0,-20.18999587,-40.26842147,SPRF-ES,DEL02-ES,UOP01-DEL02-ES,2025-12-10 07:30:00,2025.0,12.0,7.0,manha,True,0,moderado,BR-101
737938.0,2025-12-11,quinta,07:30,ES,101.0,256.0,SERRA,Acessar a via sem observar a presença dos outros veículos,Colisão lateral mesmo sentido,Com Vítimas Feridas,Pleno dia,Crescente,Céu Claro,Simples,Reta,Sim,2.0,0.0,1.0,0.0,1.0,0.0,1.0,2.0,-20.11769523,-40.31380177,SPRF-ES,DEL02-ES,UOP01-DEL02-ES,2025-12-11 07:30:00,2025.0,12.0,7.0,manha,True,0,moderado,BR-101
738265.0,2025-12-12,sexta,16:27,ES,262.0,16.5,VIANA,Condutor deixou de manter distância do veículo da frente,Colisão traseira,Com Vítimas Feridas,Pleno dia,Crescente,Nublado,Simples,Reta,Não,2.0,0.0,1.0,0.0,1.0,0.0,1.0,2.0,-20.384519,-40.468403,SPRF-ES,DEL01-ES,UOP01-DEL01-ES,2025-12-12 16:27:00,2025.0,12.0,16.0,tarde,True,0,moderado,BR-262
738366.0,2025-12-12,sexta,21:50,ES,101.0,284.3,CARIACICA,Avarias e/ou desgaste excessivo no pneu,Queda de ocupante de veículo,Com Vítimas Feridas,Plena Noite,Decrescente,Céu Claro,Dupla,Curva;Declive,Não,2.0,0.0,2.0,0.0,0.0,0.0,2.0,1.0,-20.24466117,-40.36977164,SPRF-ES,DEL01-ES,UOP01-DEL01-ES,2025-12-12 21:50:00,2025.0,12.0,21.0,noite,True,0,moderado,BR-101
738538.0,2025-12-13,sabado,14:10,ES,101.0,292.0,CARIACICA,Acessar a via sem observar a presença dos outros veículos,Colisão transversal,Com Vítimas Feridas,Pleno dia,Decrescente,Nublado,Dupla,Retorno Regulamentado;Reta,Sim,5.0,0.0,2.0,0.0,3.0,0.0,2.0,3.0,-20.3063,-40.394986,SPRF-ES,DEL01-ES,UOP01-DEL01-ES,2025-12-13 14:10:00,2025.0,12.0,14.0,tarde,True,0,moderado,BR-101
738935.0,2025-12-14,domingo,22:20,ES,101.0,299.2,VIANA,Acessar a via sem observar a presença dos outros veículos,Tombamento,Com Vítimas Feridas,Plena Noite,Crescente,Nublado,Múltipla,Reta;Interseção de Vias,Sim,1.0,0.0,1.0,0.0,0.0,0.0,1.0,1.0,-20.35754384,-40.42772339,SPRF-ES,DEL01-ES,UOP01-DEL01-ES,2025-12-14 22:20:00,2025.0,12.0,22.0,noite,True,0,moderado,BR-101
738936.0,2025-12-14,domingo,23:10,ES,262.0,16.0,VIANA,Acessar a via sem observar a presença dos outros veículos,Colisão transversal,Com Vítimas Feridas,Plena Noite,Crescente,Nublado,Simples,Curva,Não,2.0,0.0,1.0,0.0,1.0,0.0,1.0,2.0,-20.38404811,-40.46566056,SPRF-ES,DEL01-ES,UOP01-DEL01-ES,2025-12-14 23:10:00,2025.0,12.0,23.0,noite,True,0,moderado,BR-262
739039.0,2025-12-15,segunda,10:40,ES,101.0,3.9,SERRA,Ausência de reação do condutor,Queda de ocupante de veículo,Com Vítimas Feridas,Pleno dia,Crescente,Céu Claro,Dupla,Reta,Não,1.0,0.0,1.0,0.0,0.0,0.0,1.0,1.0,-20.08930678,-40.35939217,SPRF-ES,DEL02-ES,UOP01-DEL02-ES,2025-12-15 10:40:00,2025.0,12.0,10.0,manha,True,0,moderado,BR-101
739126.0,2025-12-15,segunda,14:45,ES,101.0,258.0,SERRA,Ausência de reação do condutor,Colisão traseira,Com Vítimas Feridas,Pleno dia,Crescente,Nublado,Dupla,Aclive;Reta,Sim,2.0,0.0,0.0,1.0,0.0,1.0,1.0,2.0,-20.13229445,-40.29416084,SPRF-ES,DEL02-ES,UOP01-DEL02-ES,2025-12-15 14:45:00,2025.0,12.0,14.0,tarde,True,1,grave,BR-101
739148.0,2025-12-15,segunda,19:20,ES,101.0,230.3,FUNDAO,Conversão proibida,Colisão frontal,Com Vítimas Fatais,Plena Noite,Crescente,Céu Claro,Simples,Reta,Não,5.0,1.0,0.0,1.0,2.0,1.0,1.0,4.0,-19.94189349,-40.40590525,SPRF-ES,DEL02-ES,UOP01-DEL02-ES,2025-12-15 19:20:00,2025.0,12.0,19.0,noite,True,1,fatal,BR-101
739201.0,2025-12-16,terca,07:15,ES,101.0,268.0,SERRA,Manobra de mudança de faixa,Tombamento,Com Vítimas Feridas,Pleno dia,Crescente,Céu Claro,Dupla,Reta,Sim,5.0,0.0,4.0,0.0,1.0,0.0,4.0,3.0,-20.20917,-40.2697,SPRF-ES,DEL02-ES,UOP01-DEL02-ES,2025-12-16 07:15:00,2025.0,12.0,7.0,manha,True,0,moderado,BR-101
739207.0,2025-12-16,terca,07:30,ES,447.0,15.0,VILA VELHA,Reação tardia ou ineficiente do condutor,Colisão traseira,Com Vítimas Feridas,Pleno dia,Crescente,Nublado,Dupla,Reta,Sim,3.0,0.0,2.0,0.0,1.0,0.0,2.0,2.0,-20.342445,-40.328595,SPRF-ES,DEL01-ES,UOP01-DEL01-ES,2025-12-16 07:30:00,2025.0,12.0,7.0,manha,True,0,moderado,BR-447
739242.0,2025-12-16,terca,10:00,ES,101.0,258.0,SERRA,Reação tardia ou ineficiente do condutor,Tombamento,Com Vítimas Feridas,Pleno dia,Decrescente,Nublado,Simples,Aclive;Reta,Sim,2.0,0.0,2.0,0.0,0.0,0.0,2.0,1.0,-20.14391,-40.29106,SPRF-ES,DEL02-ES,UOP01-DEL02-ES,2025-12-16 10:00:00,2025.0,12.0,10.0,manha,True,0,moderado,BR-101
739279.0,2025-12-16,terca,12:55,ES,101.0,298.0,VIANA,Acessar a via sem observar a presença dos outros veículos,Colisão transversal,Com Vítimas Feridas,Pleno dia,Decrescente,Céu Claro,Dupla,Reta,Não,3.0,0.0,1.0,0.0,2.0,0.0,1.0,3.0,-20.3587336,-40.42193818,SPRF-ES,DEL01-ES,UOP01-DEL01-ES,2025-12-16 12:55:00,2025.0,12.0,12.0,tarde,True,0,moderado,BR-101
739310.0,2025-12-16,terca,16:20,ES,101.0,298.5,VIANA,Desrespeitar a preferência no cruzamento,Colisão transversal,Com Vítimas Feridas,Pleno dia,Crescente,Céu Claro,Simples,Reta,Sim,2.0,0.0,1.0,0.0,0.0,1.0,1.0,2.0,-20.35579272,-40.41825485,SPRF-ES,DEL01-ES,UOP01-DEL01-ES,2025-12-16 16:20:00,2025.0,12.0,16.0,tarde,True,0,moderado,BR-101
739619.0,2025-12-17,quarta,22:30,ES,101.0,265.0,SERRA,Ausência de reação do condutor,Colisão traseira,Com Vítimas Feridas,Plena Noite,Crescente,Nublado,Dupla,Reta,Sim,2.0,0.0,1.0,0.0,0.0,1.0,1.0,2.0,-20.182323,-40.265775,SPRF-ES,DEL02-ES,UOP01-DEL02-ES,2025-12-17 22:30:00,2025.0,12.0,22.0,noite,True,0,moderado,BR-101
739740.0,2025-12-18,quinta,12:00,ES,101.0,320.8,GUARAPARI,Condutor deixou de manter distância do veículo da frente,Queda de ocupante de veículo,Com Vítimas Feridas,Pleno dia,Crescente,Sol,Múltipla,Reta,Não,1.0,0.0,1.0,0.0,0.0,0.0,1.0,1.0,-20.51909,-40.4782,SPRF-ES,DEL03-ES,UOP01-DEL03-ES,2025-12-18 12:00:00,2025.0,12.0,12.0,tarde,True,0,moderado,BR-101
739846.0,2025-12-18,quinta,22:30,ES,101.0,261.0,SERRA,Ausência de reação do condutor,Colisão com objeto,Sem Vítimas,Plena Noite,Decrescente,Céu Claro,Dupla,Reta,Sim,1.0,0.0,0.0,0.0,0.0,1.0,0.0,1.0,-20.17060293,-40.26888145,SPRF-ES,DEL02-ES,UOP01-DEL02-ES,2025-12-18 22:30:00,2025.0,12.0,22.0,noite,True,0,baixo,BR-101
739973.0,2025-12-19,sexta,13:40,ES,101.0,1.5,SERRA,Velocidade Incompatível,Colisão com objeto,Com Vítimas Feridas,Pleno dia,Decrescente,Céu Claro,Dupla,Reta,Não,2.0,0.0,2.0,0.0,0.0,0.0,2.0,1.0,-20.08930678,-40.35913467,SPRF-ES,DEL02-ES,UOP01-DEL02-ES,2025-12-19 13:40:00,2025.0,12.0,13.0,tarde,True,0,moderado,BR-101
740029.0,2025-12-19,sexta,17:40,ES,101.0,268.9,SERRA,Manobra de mudança de faixa,Colisão lateral mesmo sentido,Com Vítimas Feridas,Pleno dia,Decrescente,Nublado,Múltipla,Reta,Sim,2.0,0.0,1.0,0.0,0.0,1.0,1.0,2.0,-20.21673791,-40.27009606,SPRF-ES,DEL02-ES,UOP01-DEL02-ES,2025-12-19 17:40:00,2025.0,12.0,17.0,tarde,True,0,moderado,BR-101
740056.0,2025-12-19,sexta,18:30,ES,101.0,294.0,CARIACICA,Condutor deixou de manter distância do veículo da frente,Colisão traseira,Com Vítimas Feridas,Plena Noite,Crescente,Céu Claro,Dupla,Reta;Declive,Sim,2.0,0.0,1.0,0.0,1.0,0.0,1.0,2.0,-20.328523,-40.398269,SPRF-ES,DEL01-ES,UOP01-DEL01-ES,2025-12-19 18:30:00,2025.0,12.0,18.0,noite,True,0,moderado,BR-101
740084.0,2025-12-19,sexta,20:12,ES,101.0,255.0,SERRA,Pedestre andava na pista,Atropelamento de Pedestre,Com Vítimas Feridas,Plena Noite,Crescente,Céu Claro,Simples,Reta,Sim,2.0,0.0,1.0,0.0,1.0,0.0,1.0,2.0,-20.12091896,-40.3083086,SPRF-ES,DEL02-ES,UOP01-DEL02-ES,2025-12-19 20:12:00,2025.0,12.0,20.0,noite,True,0,moderado,BR-101
740242.0,2025-12-20,sabado,09:30,ES,101.0,255.4,SERRA,Pedestre cruzava a pista fora da faixa,Atropelamento de Pedestre,Com Vítimas Feridas,Pleno dia,Decrescente,Nublado,Dupla,Reta,Sim,3.0,0.0,1.0,0.0,1.0,1.0,1.0,2.0,-20.11788849,-40.31434232,SPRF-ES,DEL02-ES,UOP01-DEL02-ES,2025-12-20 09:30:00,2025.0,12.0,9.0,manha,True,0,moderado,BR-101
740372.0,2025-12-20,sabado,18:00,ES,101.0,257.0,SERRA,Ausência de reação do condutor,Colisão com objeto,Com Vítimas Feridas,Pleno dia,Crescente,Céu Claro,Dupla,Declive,Não,1.0,0.0,0.0,1.0,0.0,0.0,1.0,1.0,-20.129959,-40.297025,SPRF-ES,DEL02-ES,UOP01-DEL02-ES,2025-12-20 18:00:00,2025.0,12.0,18.0,noite,True,1,grave,BR-101
740432.0,2025-12-20,sabado,23:40,ES,101.0,266.0,SERRA,Reação tardia ou ineficiente do condutor,Tombamento,Sem Vítimas,Plena Noite,Crescente,Nublado,Dupla,Reta,Sim,1.0,0.0,0.0,0.0,0.0,1.0,0.0,1.0,-20.19358129,-40.26876729,SPRF-ES,DEL02-ES,UOP01-DEL02-ES,2025-12-20 23:40:00,2025.0,12.0,23.0,noite,True,0,baixo,BR-101
740442.0,2025-12-21,domingo,00:05,ES,101.0,257.5,SERRA,Ausência de reação do condutor,Colisão traseira,Com Vítimas Feridas,Pleno dia,Crescente,Céu Claro,Dupla,Retorno Regulamentado;Rotatória;Curva,Sim,2.0,0.0,1.0,0.0,1.0,0.0,1.0,2.0,-20.12804,-40.29946,SPRF-ES,DEL02-ES,UOP01-DEL02-ES,2025-12-21 00:05:00,2025.0,12.0,0.0,madrugada,True,0,moderado,BR-101
740468.0,2025-12-21,domingo,04:30,ES,101.0,267.0,SERRA,Ausência de reação do condutor,Colisão com objeto,Com Vítimas Fatais,Amanhecer,Crescente,Céu Claro,Dupla,Reta,Sim,1.0,1.0,0.0,0.0,0.0,0.0,0.0,1.0,-20.224243,-40.270428,SPRF-ES,DEL02-ES,UOP01-DEL02-ES,2025-12-21 04:30:00,2025.0,12.0,4.0,madrugada,True,1,fatal,BR-101
740470.0,2025-12-21,domingo,05:00,ES,101.0,239.0,SERRA,Demais falhas mecânicas ou elétricas,Incêndio,Sem Vítimas,Amanhecer,Crescente,Céu Claro,Simples,Reta,Não,1.0,0.0,0.0,0.0,1.0,0.0,0.0,1.0,-20.01669,-40.40384,SPRF-ES,DEL02-ES,UOP01-DEL02-ES,2025-12-21 05:00:00,2025.0,12.0,5.0,madrugada,True,0,baixo,BR-101
740584.0,2025-12-21,domingo,15:25,ES,101.0,287.6,CARIACICA,Acessar a via sem observar a presença dos outros veículos,Colisão transversal,Com Vítimas Feridas,Pleno dia,Decrescente,Céu Claro,Dupla,Retorno Regulamentado;Reta;Aclive,Não,6.0,0.0,3.0,1.0,2.0,0.0,4.0,2.0,-20.27907821,-40.39268301,SPRF-ES,DEL01-ES,UOP01-DEL01-ES,2025-12-21 15:25:00,2025.0,12.0,15.0,tarde,True,1,grave,BR-101
740629.0,2025-12-21,domingo,19:00,ES,101.0,271.0,SERRA,Acessar a via sem observar a presença dos outros veículos,Colisão traseira,Com Vítimas Feridas,Plena Noite,Crescente,Céu Claro,Múltipla,Viaduto;Reta;Aclive,Sim,2.0,0.0,1.0,0.0,1.0,0.0,1.0,2.0,-20.231946,-40.277744,SPRF-ES,DEL02-ES,UOP01-DEL02-ES,2025-12-21 19:00:00,2025.0,12.0,19.0,noite,True,0,moderado,BR-101
740794.0,2025-12-22,segunda,10:00,ES,101.0,261.0,SERRA,Retorno proibido,Colisão transversal,Com Vítimas Feridas,Pleno dia,Decrescente,Céu Claro,Dupla,Reta;Declive,Sim,3.0,0.0,2.0,0.0,1.0,0.0,2.0,2.0,-20.15442604,-40.27776629,SPRF-ES,DEL02-ES,UOP01-DEL02-ES,2025-12-22 10:00:00,2025.0,12.0,10.0,manha,True,0,moderado,BR-101
740800.0,2025-12-22,segunda,10:45,ES,101.0,264.0,SERRA,Condutor desrespeitou a iluminação vermelha do semáforo,Colisão transversal,Com Vítimas Feridas,Pleno dia,Crescente,Sol,Múltipla,Retorno Regulamentado,Não,3.0,0.0,1.0,0.0,2.0,0.0,1.0,3.0,-20.17292791,-40.26736384,SPRF-ES,DEL02-ES,UOP01-DEL02-ES,2025-12-22 10:45:00,2025.0,12.0,10.0,manha,True,0,moderado,BR-101
740909.0,2025-12-22,segunda,18:30,ES,101.0,292.8,CARIACICA,Acessar a via sem observar a presença dos outros veículos,Colisão transversal,Com Vítimas Feridas,Plena Noite,Decrescente,Ignorado,Dupla,Retorno Regulamentado,Não,2.0,0.0,0.0,1.0,1.0,0.0,1.0,2.0,-20.29633958,-40.39400029,SPRF-ES,DEL01-ES,UOP01-DEL01-ES,2025-12-22 18:30:00,2025.0,12.0,18.0,noite,True,1,grave,BR-101
741016.0,2025-12-23,terca,08:30,ES,101.0,276.0,SERRA,Manobra de mudança de faixa,Colisão lateral mesmo sentido,Com Vítimas Feridas,Pleno dia,Decrescente,Chuva,Dupla,Reta,Não,2.0,0.0,1.0,0.0,1.0,0.0,1.0,2.0,-20.21770595,-40.333727,SPRF-ES,DEL02-ES,UOP01-DEL02-ES,2025-12-23 08:30:00,2025.0,12.0,8.0,manha,True,0,moderado,BR-101
741172.0,2025-12-23,terca,20:10,ES,101.0,266.0,SERRA,Acesso irregular,Colisão transversal,Com Vítimas Feridas,Plena Noite,Crescente,Nublado,Múltipla,Reta,Sim,2.0,0.0,2.0,0.0,0.0,0.0,2.0,2.0,-20.19125073,-40.26869059,SPRF-ES,DEL02-ES,UOP01-DEL02-ES,2025-12-23 20:10:00,2025.0,12.0,20.0,noite,True,0,moderado,BR-101
741342.0,2025-12-24,quarta,15:35,ES,101.0,287.2,CARIACICA,Reação tardia ou ineficiente do condutor,Colisão traseira,Com Vítimas Feridas,Pleno dia,Decrescente,Céu Claro,Dupla,Reta,Sim,3.0,0.0,0.0,1.0,2.0,0.0,1.0,2.0,-20.266452,-40.386226,SPRF-ES,DEL01-ES,UOP01-DEL01-ES,2025-12-24 15:35:00,2025.0,12.0,15.0,tarde,True,1,grave,BR-101
741519.0,2025-12-25,quinta,10:35,ES,101.0,339.7,GUARAPARI,Avarias e/ou desgaste excessivo no pneu,Tombamento,Com Vítimas Feridas,Pleno dia,Crescente,Céu Claro,Dupla,Curva,Não,1.0,0.0,1.0,0.0,0.0,0.0,1.0,1.0,-20.64571608,-40.56469917,SPRF-ES,DEL03-ES,UOP01-DEL03-ES,2025-12-25 10:35:00,2025.0,12.0,10.0,manha,True,0,moderado,BR-101
741527.0,2025-12-25,quinta,12:00,ES,101.0,278.0,SERRA,Ausência de reação do condutor,Colisão traseira,Com Vítimas Feridas,Pleno dia,Crescente,Sol,Dupla,Reta,Sim,2.0,0.0,0.0,2.0,0.0,0.0,2.0,1.0,-20.217288,-40.3315,SPRF-ES,DEL02-ES,UOP01-DEL02-ES,2025-12-25 12:00:00,2025.0,12.0,12.0,tarde,True,1,grave,BR-101
741767.0,2025-12-26,sexta,17:30,ES,101.0,355.0,GUARAPARI,Conversão proibida,Colisão frontal,Com Vítimas Feridas,Pleno dia,Crescente,Céu Claro,Dupla,Curva,Não,2.0,0.0,0.0,1.0,0.0,1.0,1.0,2.0,-20.6585554,-40.613513,SPRF-ES,DEL03-ES,UOP01-DEL03-ES,2025-12-26 17:30:00,2025.0,12.0,17.0,tarde,True,1,grave,BR-101
741899.0,2025-12-27,sabado,07:30,ES,101.0,13.0,SERRA,Velocidade Incompatível,Queda de ocupante de veículo,Com Vítimas Feridas,Pleno dia,Crescente,Sol,Dupla,Rotatória,Não,2.0,0.0,2.0,0.0,0.0,0.0,2.0,2.0,-20.16451613,-40.35058056,SPRF-ES,DEL02-ES,UOP01-DEL02-ES,2025-12-27 07:30:00,2025.0,12.0,7.0,manha,True,0,moderado,BR-101
741914.0,2025-12-27,sabado,10:20,ES,262.0,17.4,VIANA,Reação tardia ou ineficiente do condutor,Saída de leito carroçável,Sem Vítimas,Pleno dia,Crescente,Céu Claro,Simples,Reta,Sim,1.0,0.0,0.0,0.0,0.0,1.0,0.0,1.0,-20.387947,-40.47644,SPRF-ES,DEL01-ES,UOP01-DEL01-ES,2025-12-27 10:20:00,2025.0,12.0,10.0,manha,True,0,baixo,BR-262
741942.0,2025-12-27,sabado,13:07,ES,101.0,233.0,FUNDAO,Transitar na contramão,Colisão lateral sentido oposto,Com Vítimas Feridas,Pleno dia,Crescente,Céu Claro,Simples,Reta,Não,3.0,0.0,1.0,0.0,2.0,0.0,1.0,2.0,-19.96677868,-40.40611824,SPRF-ES,DEL02-ES,UOP01-DEL02-ES,2025-12-27 13:07:00,2025.0,12.0,13.0,tarde,True,0,moderado,BR-101
742014.0,2025-12-27,sabado,19:40,ES,101.0,290.0,CARIACICA,Acessar a via sem observar a presença dos outros veículos,Colisão transversal,Com Vítimas Feridas,Plena Noite,Crescente,Céu Claro,Dupla,Reta;Aclive,Sim,3.0,0.0,1.0,1.0,1.0,0.0,2.0,2.0,-20.295508,-40.393688,SPRF-ES,DEL01-ES,UOP01-DEL01-ES,2025-12-27 19:40:00,2025.0,12.0,19.0,noite,True,1,grave,BR-101
742032.0,2025-12-27,sabado,21:20,ES,101.0,260.6,SERRA,Reação tardia ou ineficiente do condutor,Colisão traseira,Com Vítimas Feridas,Plena Noite,Decrescente,Céu Claro,Simples,Curva,Sim,4.0,0.0,3.0,0.0,0.0,1.0,3.0,2.0,-20.147885,-40.280023,SPRF-ES,DEL02-ES,UOP01-DEL02-ES,2025-12-27 21:20:00,2025.0,12.0,21.0,noite,True,0,moderado,BR-101
742107.0,2025-12-28,domingo,08:15,ES,101.0,267.8,SERRA,Reação tardia ou ineficiente do condutor,Colisão transversal,Com Vítimas Feridas,Pleno dia,Crescente,Céu Claro,Dupla,Interseção de Vias;Reta,Sim,4.0,0.0,0.0,1.0,3.0,0.0,1.0,2.0,-20.20705,-40.26941,SPRF-ES,DEL02-ES,UOP01-DEL02-ES,2025-12-28 08:15:00,2025.0,12.0,8.0,manha,True,1,grave,BR-101
742212.0,2025-12-28,domingo,19:10,ES,101.0,18.0,SERRA,Reação tardia ou ineficiente do condutor,Tombamento,Com Vítimas Feridas,Plena Noite,Crescente,Céu Claro,Dupla,Curva;Retorno Regulamentado;Declive,Sim,2.0,0.0,1.0,1.0,0.0,0.0,2.0,1.0,-20.21789,-40.3374,SPRF-ES,DEL02-ES,UOP01-DEL02-ES,2025-12-28 19:10:00,2025.0,12.0,19.0,noite,True,1,grave,BR-101
742291.0,2025-12-29,segunda,06:50,ES,262.0,22.5,VIANA,Animais na Pista,Atropelamento de Animal,Com Vítimas Feridas,Pleno dia,Decrescente,Céu Claro,Simples,Reta;Aclive,Não,1.0,0.0,1.0,0.0,0.0,0.0,1.0,1.0,-20.37496802,-40.51571285,SPRF-ES,DEL01-ES,UOP01-DEL01-ES,2025-12-29 06:50:00,2025.0,12.0,6.0,manha,True,0,moderado,BR-262
742310.0,2025-12-29,segunda,07:45,ES,101.0,259.0,SERRA,Frear bruscamente,Colisão frontal,Com Vítimas Feridas,Pleno dia,Crescente,Céu Claro,Simples,Reta;Declive,Sim,3.0,0.0,2.0,0.0,1.0,0.0,2.0,2.0,-20.14082788,-40.29217556,SPRF-ES,DEL02-ES,UOP01-DEL02-ES,2025-12-29 07:45:00,2025.0,12.0,7.0,manha,True,0,moderado,BR-101
742328.0,2025-12-29,segunda,10:00,ES,101.0,304.4,VIANA,Condutor deixou de manter distância do veículo da frente,Colisão traseira,Com Vítimas Feridas,Pleno dia,Decrescente,Céu Claro,Dupla,Reta,Sim,3.0,0.0,1.0,0.0,2.0,0.0,1.0,2.0,-20.38221948,-40.45836417,SPRF-ES,DEL01-ES,UOP01-DEL01-ES,2025-12-29 10:00:00,2025.0,12.0,10.0,manha,True,0,moderado,BR-101
742344.0,2025-12-29,segunda,11:16,ES,101.0,259.0,SERRA,Reação tardia ou ineficiente do condutor,Colisão com objeto,Com Vítimas Feridas,Pleno dia,Crescente,Céu Claro,Dupla,Reta,Não,1.0,0.0,0.0,1.0,0.0,0.0,1.0,1.0,-20.1458838,-40.28926849,SPRF-ES,DEL02-ES,UOP01-DEL02-ES,2025-12-29 11:16:00,2025.0,12.0,11.0,manha,True,1,grave,BR-101
742379.0,2025-12-29,segunda,14:38,ES,101.0,262.0,SERRA,Condutor desrespeitou a iluminação vermelha do semáforo,Colisão transversal,Com Vítimas Feridas,Pleno dia,Crescente,Céu Claro,Dupla,Retorno Regulamentado;Reta,Não,2.0,0.0,1.0,0.0,1.0,0.0,1.0,2.0,-20.159438,-40.276222,SPRF-ES,DEL02-ES,UOP01-DEL02-ES,2025-12-29 14:38:00,2025.0,12.0,14.0,tarde,True,0,moderado,BR-101
742446.0,2025-12-29,segunda,20:15,ES,101.0,298.0,VIANA,Ausência de reação do condutor,Colisão traseira,Com Vítimas Feridas,Plena Noite,Decrescente,Céu Claro,Simples,Reta,Sim,3.0,0.0,1.0,0.0,2.0,0.0,1.0,2.0,-20.352752,-40.41464,SPRF-ES,DEL01-ES,UOP01-DEL01-ES,2025-12-29 20:15:00,2025.0,12.0,20.0,noite,True,0,moderado,BR-101
742503.0,2025-12-30,terca,06:10,ES,101.0,297.5,VIANA,Manobra de mudança de faixa,Colisão traseira,Com Vítimas Feridas,Pleno dia,Crescente,Céu Claro,Dupla,Reta,Não,2.0,0.0,1.0,0.0,1.0,0.0,1.0,2.0,-20.35135114,-40.4134318,SPRF-ES,DEL01-ES,UOP01-DEL01-ES,2025-12-30 06:10:00,2025.0,12.0,6.0,manha,True,0,moderado,BR-101
742563.0,2025-12-30,terca,12:26,ES,101.0,267.0,SERRA,Pedestre andava na pista,Atropelamento de Pedestre,Com Vítimas Feridas,Pleno dia,Decrescente,Céu Claro,Múltipla,Reta,Sim,2.0,0.0,1.0,0.0,1.0,0.0,1.0,2.0,-20.19712602,-40.26845276,SPRF-ES,DEL02-ES,UOP01-DEL02-ES,2025-12-30 12:26:00,2025.0,12.0,12.0,tarde,True,0,moderado,BR-101
742632.0,2025-12-30,terca,18:30,ES,101.0,285.0,CARIACICA,Transitar no Acostamento,Colisão lateral mesmo sentido,Com Vítimas Feridas,Anoitecer,Crescente,Céu Claro,Dupla,Retorno Regulamentado;Aclive;Reta,Sim,2.0,0.0,0.0,1.0,1.0,0.0,1.0,2.0,-20.2519082,-40.3732453,SPRF-ES,DEL01-ES,UOP01-DEL01-ES,2025-12-30 18:30:00,2025.0,12.0,18.0,noite,True,1,grave,BR-101
742707.0,2025-12-31,quarta,03:03,ES,101.0,297.0,CARIACICA,Condutor Dormindo,Colisão com objeto,Com Vítimas Feridas,Plena Noite,Decrescente,Céu Claro,Dupla,Reta,Não,1.0,0.0,0.0,1.0,0.0,0.0,1.0,1.0,-20.34646381,-40.41082311,SPRF-ES,DEL01-ES,UOP01-DEL01-ES,2025-12-31 03:03:00,2025.0,12.0,3.0,madrugada,True,1,grave,BR-101
742767.0,2025-12-31,quarta,11:25,ES,0.0,0.0,SERRA,Reação tardia ou ineficiente do condutor,Colisão com objeto,Com Vítimas Feridas,Pleno dia,Não Informado,Céu Claro,Dupla,Reta,Sim,3.0,0.0,1.0,0.0,2.0,0.0,1.0,2.0,-20.19367,-40.266663,SPRF-ES,DEL02-ES,UOP01-DEL02-ES,2025-12-31 11:25:00,2025.0,12.0,11.0,manha,True,0,moderado,BR-0
742787.0,2025-12-31,quarta,14:00,ES,101.0,268.0,SERRA,Acessar a via sem observar a presença dos outros veículos,Colisão lateral mesmo sentido,Com Vítimas Feridas,Pleno dia,Decrescente,Céu Claro,Dupla,Reta,Sim,4.0,0.0,0.0,2.0,2.0,0.0,2.0,3.0,-20.2042113,-40.26990892,SPRF-ES,DEL02-ES,UOP01-DEL02-ES,2025-12-31 14:00:00,2025.0,12.0,14.0,tarde,True,1,grave,BR-101
742792.0,2025-12-31,quarta,06:20,ES,101.0,257.0,SERRA,Acesso irregular,Colisão lateral mesmo sentido,Com Vítimas Feridas,Amanhecer,Crescente,Céu Claro,Dupla,Reta,Não,3.0,0.0,2.0,0.0,0.0,1.0,2.0,2.0,-20.12374993,-40.30476843,SPRF-ES,DEL02-ES,UOP01-DEL02-ES,2025-12-31 06:20:00,2025.0,12.0,6.0,manha,True,0,moderado,BR-101
742850.0,2025-12-31,quarta,18:30,ES,101.0,306.8,VIANA,Acessar a via sem observar a presença dos outros veículos,Colisão traseira,Com Vítimas Feridas,Plena Noite,Crescente,Céu Claro,Dupla,Reta,Não,2.0,0.0,1.0,0.0,0.0,1.0,1.0,2.0,-20.39886917,-40.45636296,SPRF-ES,DEL01-ES,UOP01-DEL01-ES,2025-12-31 18:30:00,2025.0,12.0,18.0,noite,True,0,moderado,BR-101
748463.0,2025-11-05,quarta,04:00,ES,101.0,295.1,VILA VELHA,Ingestão de álcool pelo condutor,Colisão com objeto,Com Vítimas Feridas,Plena Noite,Crescente,Nublado,Múltipla,Reta,Não,1.0,0.0,0.0,1.0,0.0,0.0,1.0,1.0,-20.46478424,-40.46530724,SPRF-ES,DEL01-ES,UOP01-DEL01-ES,2025-11-05 04:00:00,2025.0,11.0,4.0,madrugada,True,1,grave,BR-101
748709.0,2025-11-02,domingo,23:58,ES,101.0,270.3,SERRA,Ausência de reação do condutor,Colisão transversal,Com Vítimas Feridas,Plena Noite,Decrescente,Céu Claro,Dupla,Reta;Interseção de Vias,Sim,2.0,0.0,0.0,1.0,1.0,0.0,1.0,2.0,-20.22987,-40.2726,SPRF-ES,DEL02-ES,UOP01-DEL02-ES,2025-11-02 23:58:00,2025.0,11.0,23.0,noite,True,1,grave,BR-101