id,data,dia_semana,hora,uf,rodovia,km,municipio,causa,tipo_acidente,classificacao,fase_dia,sentido_via,condicao_metereologica,tipo_pista,tracado_via,uso_solo,pessoas,mortos,feridos_leves,feridos_graves,ilesos,ignorados,feridos,veiculos,latitude,longitude,regional,delegacia,uop,data_hora,ano,mes,hora_dia,periodo_dia,regiao_grande_vitoria,risco_alto,nivel_risco,rodovia_label
652761.0,2025-01-02,quinta,13:20,ES,262.0,73.2,MARECHAL FLORIANO,Reação tardia ou ineficiente do condutor,Colisão com objeto,Com Vítimas Feridas,Pleno dia,Crescente,Céu Claro,Simples,Ponte;Declive;Curva,Não,2.0,0.0,0.0,1.0,0.0,1.0,1.0,2.0,-20.41066352,-40.88380166,SPRF-ES,DEL01-ES,UOP02-DEL01-ES,2025-01-02 13:20:00,2025.0,1.0,13.0,tarde,False,1,grave,BR-262
652869.0,2025-01-03,sexta,05:03,ES,101.0,294.5,CARIACICA,Ausência de reação do condutor,Engavetamento,Com Vítimas Feridas,Amanhecer,Crescente,Nublado,Dupla,Aclive;Reta,Sim,4.0,0.0,0.0,1.0,2.0,4.0,1.0,7.0,-20.32415948,-40.3952903,SPRF-ES,DEL01-ES,UOP01-DEL01-ES,2025-01-03 05:03:00,2025.0,1.0,5.0,madrugada,True,1,grave,BR-101
652976.0,2025-01-03,sexta,17:00,ES,101.0,301.0,VIANA,Demais falhas mecânicas ou elétricas,Colisão traseira,Com Vítimas Feridas,Pleno dia,Crescente,Nublado,Dupla,Aclive;Retorno Regulamentado,Sim,4.0,0.0,1.0,0.0,2.0,3.0,1.0,6.0,-20.36825561,-40.44406414,SPRF-ES,DEL01-ES,UOP01-DEL01-ES,2025-01-03 17:00:00,2025.0,1.0,17.0,tarde,True,0,moderado,BR-101
652989.0,2025-01-03,sexta,17:30,ES,101.0,291.8,CARIACICA,Manobra de mudança de faixa,Colisão traseira,Com Vítimas Feridas,Plena Noite,Decrescente,Ignorado,Dupla,Reta,Não,3.0,0.0,1.0,0.0,1.0,1.0,1.0,3.0,-20.29755744,-40.39445616,SPRF-ES,DEL01-ES,UOP01-DEL01-ES,2025-01-03 17:30:00,2025.0,1.0,17.0,tarde,True,0,moderado,BR-101
653419.0,2025-01-05,domingo,22:00,ES,393.0,11.2,MUQUI,Condutor deixou de manter distância do veículo da frente,Colisão traseira,Com Vítimas Feridas,Plena Noite,Crescente,Céu Claro,Simples,Declive;Reta,Não,2.0,0.0,0.0,1.0,1.0,0.0,1.0,2.0,-20.85189406,-41.24479292,SPRF-ES,DEL03-ES,UOP02-DEL03-ES,2025-01-05 22:00:00,2025.0,1.0,22.0,noite,False,1,grave,BR-393
653528.0,2025-01-06,segunda,15:30,ES,101.0,173.8,ARACRUZ,Transitar na contramão,Colisão frontal,Com Vítimas Feridas,Pleno dia,Crescente,Nublado,Simples,Reta,Sim,3.0,0.0,0.0,1.0,1.0,1.0,1.0,3.0,-19.57221883,-40.18397327,SPRF-ES,DEL04-ES,UOP01-DEL04-ES,2025-01-06 15:30:00,2025.0,1.0,15.0,tarde,False,1,grave,BR-101
653663.0,2025-01-07,terca,10:45,ES,393.0,1.3,CACHOEIRO DE ITAPEMIRIM,Ausência de reação do condutor,Colisão traseira,Com Vítimas Feridas,Pleno dia,Crescente,Céu Claro,Simples,Reta,Sim,3.0,0.0,0.0,1.0,1.0,1.0,1.0,3.0,-20.83723289,-41.16733095,SPRF-ES,DEL03-ES,UOP02-DEL03-ES,2025-01-07 10:45:00,2025.0,1.0,10.0,manha,False,1,grave,BR-393
653864.0,2025-01-08,quarta,16:03,ES,101.0,78.9,SAO MATEUS,Condutor deixou de manter distância do veículo da frente,Colisão traseira,Com Vítimas Feridas,Pleno dia,Decrescente,Céu Claro,Simples,Aclive;Reta,Não,4.0,0.0,0.0,1.0,2.0,1.0,1.0,3.0,-18.81417602,-39.90121797,SPRF-ES,DEL04-ES,UOP02-DEL04-ES,2025-01-08 16:03:00,2025.0,1.0,16.0,tarde,False,1,grave,BR-101
654227.0,2025-01-10,sexta,14:15,ES,101.0,210.8,IBIRACU,Reação tardia ou ineficiente do condutor,Colisão com objeto,Com Vítimas Fatais,Pleno dia,Decrescente,Chuva,Simples,Aclive;Reta,Sim,5.0,1.0,2.0,1.0,0.0,1.0,3.0,3.0,-19.798437,-40.36982,SPRF-ES,DEL02-ES,UOP01-DEL02-ES,2025-01-10 14:15:00,2025.0,1.0,14.0,tarde,False,1,fatal,BR-101
654741.0,2025-01-12,domingo,23:40,ES,101.0,64.0,SAO MATEUS,Ingestão de álcool pelo condutor,Colisão frontal,Com Vítimas Feridas,Plena Noite,Crescente,Garoa/Chuvisco,Simples,Reta,Não,3.0,0.0,1.0,0.0,1.0,2.0,1.0,4.0,-18.70428583,-39.87065983,SPRF-ES,DEL04-ES,UOP02-DEL04-ES,2025-01-12 23:40:00,2025.0,1.0,23.0,noite,False,0,moderado,BR-101
655161.0,2025-01-15,quarta,05:30,ES,101.0,321.4,GUARAPARI,Problema com o freio,Saída de leito carroçável,Com Vítimas Feridas,Amanhecer,Decrescente,Chuva,Dupla,Curva;Declive,Não,2.0,0.0,0.0,1.0,0.0,1.0,1.0,2.0,-20.520908,-40.478306,SPRF-ES,DEL03-ES,UOP01-DEL03-ES,2025-01-15 05:30:00,2025.0,1.0,5.0,madrugada,True,1,grave,BR-101
655370.0,2025-01-16,quinta,06:50,ES,101.0,128.1,SOORETAMA,Reação tardia ou ineficiente do condutor,Colisão lateral sentido oposto,Com Vítimas Feridas,Pleno dia,Decrescente,Céu Claro,Simples,Reta,Não,7.0,0.0,2.0,0.0,4.0,4.0,2.0,8.0,-19.21191395,-40.09457556,SPRF-ES,DEL04-ES,UOP01-DEL04-ES,2025-01-16 06:50:00,2025.0,1.0,6.0,manha,False,0,moderado,BR-101
655527.0,2025-01-16,quinta,22:10,ES,101.0,330.0,GUARAPARI,Ingestão de álcool pelo condutor,Colisão lateral mesmo sentido,Sem Vítimas,Plena Noite,Crescente,Nublado,Simples,Reta,Não,3.0,0.0,0.0,0.0,2.0,1.0,0.0,3.0,-20.5929953,-40.50133975,SPRF-ES,DEL03-ES,UOP01-DEL03-ES,2025-01-16 22:10:00,2025.0,1.0,22.0,noite,True,0,baixo,BR-101
655709.0,2025-01-13,segunda,10:53,ES,101.0,142.0,LINHARES,Falta de acostamento,Colisão traseira,Com Vítimas Feridas,Pleno dia,Crescente,Céu Claro,Dupla,Reta,Sim,5.0,0.0,1.0,0.0,1.0,3.0,1.0,4.0,-19.33458987,-40.06755477,SPRF-ES,DEL04-ES,UOP01-DEL04-ES,2025-01-13 10:53:00,2025.0,1.0,10.0,manha,False,0,moderado,BR-101
655724.0,2025-01-17,sexta,21:20,ES,101.0,144.8,LINHARES,Condutor desrespeitou a iluminação vermelha do semáforo,Colisão transversal,Com Vítimas Fatais,Plena Noite,Crescente,Céu Claro,Simples,Retorno Regulamentado,Sim,3.0,1.0,0.0,0.0,0.0,2.0,0.0,3.0,-19.35188295,-40.0636685,SPRF-ES,DEL04-ES,UOP01-DEL04-ES,2025-01-17 21:20:00,2025.0,1.0,21.0,noite,False,1,fatal,BR-101
656343.0,2025-01-20,segunda,17:50,ES,101.0,99.7,JAGUARE,Acesso irregular,Colisão traseira,Com Vítimas Feridas,Anoitecer,Crescente,Céu Claro,Simples,Reta,Não,2.0,0.0,0.0,1.0,1.0,0.0,1.0,2.0,-18.97188909,-39.99152282,SPRF-ES,DEL04-ES,UOP02-DEL04-ES,2025-01-20 17:50:00,2025.0,1.0,17.0,tarde,False,1,grave,BR-101
656390.0,2025-01-21,terca,02:30,ES,101.0,309.0,VIANA,Velocidade Incompatível,Colisão traseira,Com Vítimas Feridas,Plena Noite,Crescente,Céu Claro,Dupla,Reta,Não,4.0,0.0,0.0,1.0,2.0,3.0,1.0,6.0,-20.417,-40.45984911,SPRF-ES,DEL01-ES,UOP01-DEL01-ES,2025-01-21 02:30:00,2025.0,1.0,2.0,madrugada,True,1,grave,BR-101
657101.0,2025-01-24,sexta,21:21,ES,101.0,263.0,SERRA,Frear bruscamente,Colisão com objeto,Com Vítimas Feridas,Plena Noite,Decrescente,Céu Claro,Dupla,Reta;Declive,Não,2.0,0.0,1.0,0.0,1.0,0.0,1.0,1.0,-20.16554736,-40.27301648,SPRF-ES,DEL02-ES,UOP01-DEL02-ES,2025-01-24 21:21:00,2025.0,1.0,21.0,noite,True,0,moderado,BR-101
657851.0,2025-01-28,terca,08:50,ES,393.0,0.0,CACHOEIRO DE ITAPEMIRIM,Ultrapassagem Indevida,Colisão lateral mesmo sentido,Com Vítimas Feridas,Pleno dia,Crescente,Céu Claro,Simples,Reta,Sim,2.0,0.0,0.0,1.0,1.0,0.0,1.0,2.0,-20.841324,-41.15929,SPRF-ES,DEL03-ES,UOP02-DEL03-ES,2025-01-28 08:50:00,2025.0,1.0,8.0,manha,False,1,grave,BR-393
657967.0,2025-01-28,terca,21:15,ES,101.0,293.8,CARIACICA,Condutor deixou de manter distância do veículo da frente,Colisão lateral mesmo sentido,Com Vítimas Feridas,Plena Noite,Crescente,Nublado,Múltipla,Curva,Sim,3.0,0.0,1.0,0.0,1.0,1.0,1.0,3.0,-20.31526144,-40.39567044,SPRF-ES,DEL01-ES,UOP01-DEL01-ES,2025-01-28 21:15:00,2025.0,1.0,21.0,noite,True,0,moderado,BR-101
658037.0,2025-01-29,quarta,10:50,ES,101.0,125.0,LINHARES,Pedestre cruzava a pista fora da faixa,Atropelamento de Pedestre,Sem Vítimas,Pleno dia,Crescente,Céu Claro,Simples,Reta,Sim,3.0,0.0,0.0,0.0,2.0,1.0,0.0,3.0,-19.18496498,-40.09429827,SPRF-ES,DEL04-ES,UOP01-DEL04-ES,2025-01-29 10:50:00,2025.0,1.0,10.0,manha,False,0,baixo,BR-101
658069.0,2025-01-29,quarta,15:20,ES,262.0,157.0,IBATIBA,Reação tardia ou ineficiente do condutor,Colisão frontal,Com Vítimas Feridas,Pleno dia,Crescente,Céu Claro,Simples,Reta,Sim,2.0,0.0,0.0,1.0,1.0,0.0,1.0,2.0,-20.23102878,-41.48810903,SPRF-ES,DEL01-ES,UOP02-DEL01-ES,2025-01-29 15:20:00,2025.0,1.0,15.0,tarde,False,1,grave,BR-262
658203.0,2025-01-30,quinta,11:00,ES,101.0,8.1,PEDRO CANARIO,Velocidade Incompatível,Tombamento,Com Vítimas Feridas,Pleno dia,Crescente,Céu Claro,Simples,Curva;Aclive,Não,2.0,0.0,1.0,0.0,0.0,1.0,1.0,2.0,-18.23027961,-39.95278417,SPRF-ES,DEL04-ES,UOP02-DEL04-ES,2025-01-30 11:00:00,2025.0,1.0,11.0,manha,False,0,moderado,BR-101
658356.0,2025-01-31,sexta,06:27,ES,101.0,269.0,SERRA,Acessar a via sem observar a presença dos outros veículos,Colisão lateral mesmo sentido,Sem Vítimas,Pleno dia,Decrescente,Céu Claro,Simples,Reta,Não,2.0,0.0,0.0,0.0,0.0,2.0,0.0,2.0,-20.21740496,-40.26990578,SPRF-ES,DEL02-ES,UOP01-DEL02-ES,2025-01-31 06:27:00,2025.0,1.0,6.0,manha,True,0,baixo,BR-101
658419.0,2025-01-31,sexta,15:00,ES,101.0,189.0,ARACRUZ,Condutor Dormindo,Colisão lateral sentido oposto,Com Vítimas Feridas,Pleno dia,Crescente,Céu Claro,Simples,Reta,Não,6.0,0.0,3.0,0.0,2.0,1.0,3.0,3.0,-19.68134019,-40.27051885,SPRF-ES,DEL04-ES,UOP01-DEL04-ES,2025-01-31 15:00:00,2025.0,1.0,15.0,tarde,False,0,moderado,BR-101
658605.0,2025-02-01,sabado,11:00,ES,101.0,110.5,SOORETAMA,Transitar na contramão,Colisão frontal,Com Vítimas Feridas,Pleno dia,Decrescente,Céu Claro,Dupla,Reta,Não,3.0,0.0,2.0,0.0,1.0,0.0,2.0,2.0,-19.06215201,-40.03484798,SPRF-ES,DEL04-ES,UOP01-DEL04-ES,2025-02-01 11:00:00,2025.0,2.0,11.0,manha,False,0,moderado,BR-101
659005.0,2025-02-03,segunda,08:00,ES,101.0,232.1,FUNDAO,Reação tardia ou ineficiente do condutor,Colisão com objeto,Com Vítimas Feridas,Pleno dia,Crescente,Céu Claro,Simples,Reta,Não,2.0,0.0,1.0,0.0,0.0,1.0,1.0,2.0,-19.95224103,-40.40879816,SPRF-ES,DEL02-ES,UOP01-DEL02-ES,2025-02-03 08:00:00,2025.0,2.0,8.0,manha,True,0,moderado,BR-101
659249.0,2025-02-04,terca,15:00,ES,101.0,143.7,LINHARES,Desrespeitar a preferência no cruzamento,Colisão transversal,Com Vítimas Feridas,Pleno dia,Crescente,Céu Claro,Simples,Interseção de Vias,Não,4.0,0.0,1.0,0.0,2.0,2.0,1.0,4.0,-19.3453022,-40.06366253,SPRF-ES,DEL04-ES,UOP01-DEL04-ES,2025-02-04 15:00:00,2025.0,2.0,15.0,tarde,False,0,moderado,BR-101
659288.0,2025-02-04,terca,18:48,ES,101.0,270.5,SERRA,Acessar a via sem observar a presença dos outros veículos,Colisão traseira,Com Vítimas Feridas,Anoitecer,Decrescente,Céu Claro,Dupla,Interseção de Vias,Sim,3.0,0.0,0.0,1.0,1.0,3.0,1.0,5.0,-20.22662056,-40.27075088,SPRF-ES,DEL02-ES,UOP01-DEL02-ES,2025-02-04 18:48:00,2025.0,2.0,18.0,noite,True,1,grave,BR-101
659339.0,2025-02-05,quarta,04:00,ES,259.0,8.5,JOAO NEIVA,Ausência de reação do condutor,Tombamento,Com Vítimas Feridas,Amanhecer,Crescente,Céu Claro,Simples,Curva;Aclive,Não,2.0,0.0,1.0,0.0,0.0,1.0,1.0,2.0,-19.68073376,-40.39141693,SPRF-ES,DEL02-ES,UOP01-DEL02-ES,2025-02-05 04:00:00,2025.0,2.0,4.0,madrugada,False,0,moderado,BR-259
659600.0,2025-02-06,quinta,13:55,ES,101.0,195.3,JOAO NEIVA,Velocidade Incompatível,Tombamento,Com Vítimas Fatais,Pleno dia,Decrescente,Céu Claro,Simples,Reta;Declive,Não,2.0,1.0,0.0,0.0,1.0,0.0,0.0,2.0,-19.70198612,-40.32193499,SPRF-ES,DEL04-ES,UOP01-DEL04-ES,2025-02-06 13:55:00,2025.0,2.0,13.0,tarde,False,1,fatal,BR-101
659792.0,2025-02-07,sexta,11:00,ES,262.0,167.9,IBATIBA,Ultrapassagem Indevida,Colisão lateral sentido oposto,Com Vítimas Feridas,Pleno dia,Crescente,Céu Claro,Simples,Curva;Declive,Não,4.0,0.0,0.0,2.0,1.0,1.0,2.0,3.0,-20.2531047,-41.56633803,SPRF-ES,DEL01-ES,UOP02-DEL01-ES,2025-02-07 11:00:00,2025.0,2.0,11.0,manha,False,1,grave,BR-262
660065.0,2025-02-08,sabado,14:00,ES,101.0,294.0,CARIACICA,Velocidade Incompatível,Colisão traseira,Com Vítimas Feridas,Pleno dia,Decrescente,Sol,Múltipla,Declive,Sim,14.0,0.0,7.0,0.0,6.0,2.0,7.0,12.0,-20.32415948,-40.3952903,SPRF-ES,DEL01-ES,UOP01-DEL01-ES,2025-02-08 14:00:00,2025.0,2.0,14.0,tarde,True,0,moderado,BR-101
660294.0,2025-02-09,domingo,16:15,ES,101.0,334.8,GUARAPARI,Acessar a via sem observar a presença dos outros veículos,Colisão traseira,Com Vítimas Feridas,Pleno dia,Decrescente,Céu Claro,Dupla,Reta,Não,6.0,0.0,4.0,0.0,1.0,1.0,4.0,3.0,-20.626408,-40.526082,SPRF-ES,DEL03-ES,UOP01-DEL03-ES,2025-02-09 16:15:00,2025.0,2.0,16.0,tarde,True,0,moderado,BR-101
660456.0,2025-02-10,segunda,06:40,ES,101.0,276.4,SERRA,Acessar a via sem observar a presença dos outros veículos,Colisão transversal,Com Vítimas Feridas,Pleno dia,Crescente,Céu Claro,Dupla,Retorno Regulamentado;Reta,Não,3.0,0.0,1.0,0.0,1.0,1.0,1.0,3.0,-20.20788726,-40.3133509,SPRF-ES,DEL02-ES,UOP01-DEL02-ES,2025-02-10 06:40:00,2025.0,2.0,6.0,manha,True,0,moderado,BR-101
660534.0,2025-02-10,segunda,15:00,ES,262.0,122.9,VENDA NOVA DO IMIGRANTE,Demais falhas mecânicas ou elétricas,Tombamento,Com Vítimas Feridas,Pleno dia,Crescente,Sol,Simples,Curva,Não,2.0,0.0,1.0,0.0,0.0,1.0,1.0,2.0,-20.29353997,-41.23936799,SPRF-ES,DEL01-ES,UOP02-DEL01-ES,2025-02-10 15:00:00,2025.0,2.0,15.0,tarde,False,0,moderado,BR-262
660548.0,2025-02-10,segunda,16:30,ES,101.0,284.8,CARIACICA,Reação tardia ou ineficiente do condutor,Colisão traseira,Com Vítimas Feridas,Pleno dia,Crescente,Céu Claro,Dupla,Reta,Não,5.0,0.0,2.0,0.0,3.0,0.0,2.0,2.0,-20.24334991,-40.3696926,SPRF-ES,DEL01-ES,UOP01-DEL01-ES,2025-02-10 16:30:00,2025.0,2.0,16.0,tarde,True,0,moderado,BR-101
660724.0,2025-02-11,terca,14:00,ES,262.0,44.6,MARECHAL FLORIANO,Condutor Dormindo,Colisão lateral sentido oposto,Com Vítimas Feridas,Pleno dia,Crescente,Céu Claro,Simples,Curva,Não,3.0,0.0,0.0,1.0,2.0,0.0,1.0,3.0,-20.38908904,-40.66911594,SPRF-ES,DEL01-ES,UOP01-DEL01-ES,2025-02-11 14:00:00,2025.0,2.0,14.0,tarde,False,1,grave,BR-262
660921.0,2025-02-12,quarta,13:20,ES,101.0,365.5,ANCHIETA,Condutor Dormindo,Colisão lateral sentido oposto,Com Vítimas Feridas,Pleno dia,Crescente,Céu Claro,Simples,Curva,Não,3.0,0.0,1.0,0.0,1.0,1.0,1.0,3.0,-20.73397538,-40.7507118,SPRF-ES,DEL03-ES,UOP01-DEL03-ES,2025-02-12 13:20:00,2025.0,2.0,13.0,tarde,False,0,moderado,BR-101
661080.0,2025-02-13,quinta,09:19,ES,101.0,291.9,CARIACICA,Desrespeitar a preferência no cruzamento,Colisão transversal,Com Vítimas Feridas,Pleno dia,Crescente,Céu Claro,Dupla,Retorno Regulamentado;Reta,Sim,3.0,0.0,0.0,1.0,2.0,0.0,1.0,2.0,-20.29755744,-40.39445616,SPRF-ES,DEL01-ES,UOP01-DEL01-ES,2025-02-13 09:19:00,2025.0,2.0,9.0,manha,True,1,grave,BR-101
661129.0,2025-02-08,sabado,21:00,ES,101.0,438.9,MIMOSO DO SUL,Frear bruscamente,Colisão lateral mesmo sentido,Com Vítimas Feridas,Plena Noite,Decrescente,Céu Claro,Simples,Reta,Não,4.0,0.0,2.0,0.0,2.0,0.0,2.0,2.0,-21.06633614,-41.22124288,SPRF-ES,DEL03-ES,UOP02-DEL03-ES,2025-02-08 21:00:00,2025.0,2.0,21.0,noite,False,0,moderado,BR-101
661310.0,2025-02-14,sexta,10:15,ES,101.0,144.0,LINHARES,Problema com o freio,Colisão lateral mesmo sentido,Com Vítimas Feridas,Pleno dia,Crescente,Céu Claro,Dupla,Interseção de Vias,Sim,2.0,0.0,1.0,0.0,1.0,0.0,1.0,2.0,-19.35188295,-40.0636685,SPRF-ES,DEL04-ES,UOP01-DEL04-ES,2025-02-14 10:15:00,2025.0,2.0,10.0,manha,False,0,moderado,BR-101
661392.0,2025-02-14,sexta,17:44,ES,262.0,166.1,IBATIBA,Avarias e/ou desgaste excessivo no pneu,Colisão frontal,Com Vítimas Feridas,Pleno dia,Decrescente,Nublado,Simples,Curva,Não,3.0,0.0,2.0,0.0,1.0,0.0,2.0,3.0,-20.2468411,-41.56027697,SPRF-ES,DEL01-ES,UOP02-DEL01-ES,2025-02-14 17:44:00,2025.0,2.0,17.0,tarde,False,0,moderado,BR-262
661704.0,2025-02-16,domingo,08:00,ES,101.0,448.2,MIMOSO DO SUL,Velocidade Incompatível,Saída de leito carroçável,Com Vítimas Feridas,Pleno dia,Crescente,Sol,Simples,Reta,Não,2.0,0.0,0.0,1.0,0.0,1.0,1.0,2.0,-21.13028101,-41.28044011,SPRF-ES,DEL03-ES,UOP02-DEL03-ES,2025-02-16 08:00:00,2025.0,2.0,8.0,manha,False,1,grave,BR-101
661951.0,2025-02-17,segunda,10:00,ES,101.0,265.0,SERRA,Manobra de mudança de faixa,Colisão lateral mesmo sentido,Sem Vítimas,Pleno dia,Decrescente,Céu Claro,Múltipla,Reta,Sim,2.0,0.0,0.0,0.0,2.0,0.0,0.0,2.0,-20.1816849,-40.26536036,SPRF-ES,DEL02-ES,UOP01-DEL02-ES,2025-02-17 10:00:00,2025.0,2.0,10.0,manha,True,0,baixo,BR-101
661974.0,2025-02-17,segunda,12:05,ES,101.0,232.7,FUNDAO,Transitar na contramão,Colisão frontal,Com Vítimas Feridas,Pleno dia,Crescente,Céu Claro,Múltipla,Reta,Não,4.0,0.0,2.0,0.0,2.0,0.0,2.0,4.0,-19.95224103,-40.40879816,SPRF-ES,DEL02-ES,UOP01-DEL02-ES,2025-02-17 12:05:00,2025.0,2.0,12.0,tarde,True,0,moderado,BR-101
662011.0,2025-02-17,segunda,15:25,ES,101.0,125.1,SOORETAMA,Condutor desrespeitou a iluminação vermelha do semáforo,Colisão transversal,Com Vítimas Feridas,Pleno dia,Decrescente,Céu Claro,Dupla,Interseção de Vias,Sim,3.0,0.0,0.0,1.0,1.0,1.0,1.0,3.0,-19.18496498,-40.09429827,SPRF-ES,DEL04-ES,UOP01-DEL04-ES,2025-02-17 15:25:00,2025.0,2.0,15.0,tarde,False,1,grave,BR-101
662035.0,2025-02-17,segunda,17:40,ES,262.0,89.7,DOMINGOS MARTINS,Transitar na contramão,Colisão frontal,Com Vítimas Fatais,Pleno dia,Crescente,Céu Claro,Simples,Reta,Sim,3.0,1.0,0.0,0.0,1.0,1.0,0.0,3.0,-20.38725617,-41.01746327,SPRF-ES,DEL01-ES,UOP02-DEL01-ES,2025-02-17 17:40:00,2025.0,2.0,17.0,tarde,False,1,fatal,BR-262
662111.0,2025-02-18,terca,06:30,ES,101.0,150.5,LINHARES,Condutor deixou de manter distância do veículo da frente,Colisão traseira,Com Vítimas Feridas,Pleno dia,Crescente,Céu Claro,Simples,Curva;Declive;Interseção de Vias,Sim,2.0,0.0,1.0,0.0,0.0,1.0,1.0,2.0,-19.40436634,-40.06078896,SPRF-ES,DEL04-ES,UOP01-DEL04-ES,2025-02-18 06:30:00,2025.0,2.0,6.0,manha,False,0,moderado,BR-101
662122.0,2025-02-18,terca,07:13,ES,101.0,264.0,SERRA,Trafegar com motocicleta (ou similar) entre as faixas,Engavetamento,Com Vítimas Feridas,Pleno dia,Crescente,Céu Claro,Dupla,Reta,Sim,4.0,0.0,2.0,0.0,2.0,0.0,2.0,4.0,-20.17292791,-40.26736384,SPRF-ES,DEL02-ES,UOP01-DEL02-ES,2025-02-18 07:13:00,2025.0,2.0,7.0,manha,True,0,moderado,BR-101
662170.0,2025-02-18,terca,12:50,ES,101.0,382.0,RIO NOVO DO SUL,Acessar a via sem observar a presença dos outros veículos,Colisão transversal,Com Vítimas Feridas,Pleno dia,Decrescente,Céu Claro,Simples,Reta,Não,3.0,0.0,0.0,1.0,1.0,1.0,1.0,3.0,-20.82072713,-40.84702482,SPRF-ES,DEL03-ES,UOP01-DEL03-ES,2025-02-18 12:50:00,2025.0,2.0,12.0,tarde,False,1,grave,BR-101
662339.0,2025-02-19,quarta,08:50,ES,262.0,0.5,CARIACICA,Condutor deixou de manter distância do veículo da frente,Colisão traseira,Com Vítimas Feridas,Pleno dia,Crescente,Céu Claro,Dupla,Ponte;Reta,Não,3.0,0.0,1.0,0.0,2.0,0.0,1.0,3.0,-20.320793,-40.353315,SPRF-ES,DEL01-ES,UOP01-DEL01-ES,2025-02-19 08:50:00,2025.0,2.0,8.0,manha,True,0,moderado,BR-262
662404.0,2025-02-19,quarta,17:20,ES,101.0,304.4,VIANA,Ausência de reação do condutor,Colisão traseira,Com Vítimas Feridas,Pleno dia,Decrescente,Sol,Dupla,Reta,Não,2.0,0.0,1.0,0.0,0.0,1.0,1.0,2.0,-20.3800645,-40.45431391,SPRF-ES,DEL01-ES,UOP01-DEL01-ES,2025-02-19 17:20:00,2025.0,2.0,17.0,tarde,True,0,moderado,BR-101
662543.0,2025-02-20,quinta,12:20,ES,262.0,170.4,IBATIBA,Reação tardia ou ineficiente do condutor,Colisão traseira,Com Vítimas Feridas,Pleno dia,Crescente,Céu Claro,Simples,Reta;Aclive,Não,4.0,0.0,0.0,1.0,2.0,1.0,1.0,4.0,-20.2647513,-41.58453796,SPRF-ES,DEL01-ES,UOP02-DEL01-ES,2025-02-20 12:20:00,2025.0,2.0,12.0,tarde,False,1,grave,BR-262
662544.0,2025-02-20,quinta,12:20,ES,101.0,151.0,LINHARES,Condutor deixou de manter distância do veículo da frente,Engavetamento,Com Vítimas Feridas,Pleno dia,Decrescente,Céu Claro,Simples,Ponte;Reta,Não,3.0,0.0,1.0,0.0,2.0,0.0,1.0,3.0,-19.41156656,-40.06592463,SPRF-ES,DEL04-ES,UOP01-DEL04-ES,2025-02-20 12:20:00,2025.0,2.0,12.0,tarde,False,0,moderado,BR-101
662621.0,2025-02-20,quinta,20:59,ES,101.0,14.0,VITORIA,Reação tardia ou ineficiente do condutor,Colisão traseira,Com Vítimas Feridas,Plena Noite,Decrescente,Céu Claro,Dupla,Reta,Não,2.0,0.0,1.0,0.0,0.0,1.0,1.0,2.0,-20.2604544,-40.2980864,SPRF-ES,DEL04-ES,UOP02-DEL04-ES,2025-02-20 20:59:00,2025.0,2.0,20.0,noite,True,0,moderado,BR-101
662648.0,2025-02-21,sexta,04:40,ES,101.0,264.0,SERRA,Condutor desrespeitou a iluminação vermelha do semáforo,Colisão transversal,Com Vítimas Feridas,Amanhecer,Decrescente,Sol,Dupla,Reta;Interseção de Vias,Sim,2.0,0.0,1.0,0.0,1.0,0.0,1.0,2.0,-20.17292791,-40.26736384,SPRF-ES,DEL02-ES,UOP01-DEL02-ES,2025-02-21 04:40:00,2025.0,2.0,4.0,madrugada,True,0,moderado,BR-101
662681.0,2025-02-21,sexta,06:20,ES,262.0,140.5,MUNIZ FREIRE,Velocidade Incompatível,Colisão frontal,Com Vítimas Feridas,Pleno dia,Crescente,Nublado,Simples,Curva,Não,2.0,0.0,2.0,0.0,0.0,0.0,2.0,2.0,-20.22712702,-41.37163639,SPRF-ES,DEL01-ES,UOP02-DEL01-ES,2025-02-21 06:20:00,2025.0,2.0,6.0,manha,False,0,moderado,BR-262
662737.0,2025-02-21,sexta,15:00,ES,101.0,393.8,RIO NOVO DO SUL,Ingestão de álcool pelo condutor,Colisão traseira,Sem Vítimas,Pleno dia,Decrescente,Céu Claro,Simples,Reta,Não,3.0,0.0,0.0,0.0,2.0,1.0,0.0,3.0,-20.8654568,-40.9213787,SPRF-ES,DEL03-ES,UOP02-DEL03-ES,2025-02-21 15:00:00,2025.0,2.0,15.0,tarde,False,0,baixo,BR-101
662925.0,2025-02-22,sabado,13:27,ES,262.0,169.2,IBATIBA,Velocidade Incompatível,Queda de ocupante de veículo,Com Vítimas Feridas,Pleno dia,Crescente,Garoa/Chuvisco,Simples,Curva,Não,3.0,0.0,0.0,1.0,1.0,1.0,1.0,3.0,-20.265357,-41.57852,SPRF-ES,DEL01-ES,UOP02-DEL01-ES,2025-02-22 13:27:00,2025.0,2.0,13.0,tarde,False,1,grave,BR-262
663490.0,2025-02-24,segunda,19:50,ES,101.0,286.0,CARIACICA,Pista Escorregadia,Saída de leito carroçável,Com Vítimas Feridas,Plena Noite,Crescente,Nublado,Dupla,Curva;Declive,Sim,2.0,0.0,1.0,0.0,0.0,1.0,1.0,2.0,-20.2577618,-40.3774027,SPRF-ES,DEL01-ES,UOP01-DEL01-ES,2025-02-24 19:50:00,2025.0,2.0,19.0,noite,True,0,moderado,BR-101
663592.0,2025-02-25,terca,10:45,ES,101.0,340.8,GUARAPARI,Manobra de mudança de faixa,Colisão traseira,Com Vítimas Feridas,Pleno dia,Decrescente,Sol,Dupla,Reta,Não,4.0,0.0,1.0,1.0,1.0,2.0,2.0,4.0,-20.650432,-40.570847,SPRF-ES,DEL03-ES,UOP01-DEL03-ES,2025-02-25 10:45:00,2025.0,2.0,10.0,manha,True,1,grave,BR-101
663721.0,2025-01-20,segunda,13:10,ES,101.0,278.2,SERRA,Condutor deixou de manter distância do veículo da frente,Colisão traseira,Sem Vítimas,Pleno dia,Crescente,Sol,Dupla,Reta,Não,3.0,0.0,0.0,0.0,2.0,2.0,0.0,4.0,-20.21698365,-40.32974606,SPRF-ES,DEL02-ES,UOP01-DEL02-ES,2025-01-20 13:10:00,2025.0,1.0,13.0,tarde,True,0,baixo,BR-101
663987.0,2025-02-27,quinta,11:00,ES,101.0,223.6,IBIRACU,Reação tardia ou ineficiente do condutor,Tombamento,Com Vítimas Feridas,Pleno dia,Crescente,Céu Claro,Simples,Curva,Não,5.0,0.0,1.0,0.0,3.0,1.0,1.0,2.0,-19.880489,-40.417047,SPRF-ES,DEL02-ES,UOP01-DEL02-ES,2025-02-27 11:00:00,2025.0,2.0,11.0,manha,False,0,moderado,BR-101
664150.0,2025-02-28,sexta,06:30,ES,101.0,283.9,CARIACICA,Ingestão de álcool pelo condutor,Engavetamento,Com Vítimas Feridas,Pleno dia,Decrescente,Sol,Múltipla,Aclive;Reta,Não,6.0,0.0,1.0,0.0,3.0,2.0,1.0,6.0,-20.24403965,-40.36985958,SPRF-ES,DEL01-ES,UOP01-DEL01-ES,2025-02-28 06:30:00,2025.0,2.0,6.0,manha,True,0,moderado,BR-101
664216.0,2025-02-28,sexta,12:00,ES,101.0,289.0,CARIACICA,Ausência de reação do condutor,Engavetamento,Com Vítimas Feridas,Pleno dia,Decrescente,Céu Claro,Dupla,Reta,Sim,11.0,0.0,0.0,1.0,8.0,2.0,1.0,11.0,-20.28835907,-40.39202213,SPRF-ES,DEL01-ES,UOP01-DEL01-ES,2025-02-28 12:00:00,2025.0,2.0,12.0,tarde,True,1,grave,BR-101
664328.0,2025-02-28,sexta,20:35,ES,101.0,453.3,MIMOSO DO SUL,Condutor Dormindo,Saída de leito carroçável,Com Vítimas Feridas,Plena Noite,Crescente,Céu Claro,Simples,Reta,Não,1.0,0.0,1.0,0.0,0.0,0.0,1.0,1.0,-21.16979798,-41.28762156,SPRF-ES,DEL03-ES,UOP02-DEL03-ES,2025-02-28 20:35:00,2025.0,2.0,20.0,noite,False,0,moderado,BR-101
664356.0,2025-02-28,sexta,22:50,ES,101.0,391.1,RIO NOVO DO SUL,Ausência de reação do condutor,Tombamento,Com Vítimas Feridas,Plena Noite,Crescente,Céu Claro,Simples,Curva,Não,2.0,0.0,0.0,1.0,0.0,1.0,1.0,2.0,-20.86507,-40.89711,SPRF-ES,DEL03-ES,UOP02-DEL03-ES,2025-02-28 22:50:00,2025.0,2.0,22.0,noite,False,1,grave,BR-101
664371.0,2025-03-01,sabado,01:18,ES,101.0,121.5,SOORETAMA,Ultrapassagem Indevida,Colisão frontal,Com Vítimas Fatais,Plena Noite,Crescente,Chuva,Simples,Reta,Não,3.0,1.0,0.0,0.0,1.0,1.0,0.0,3.0,-19.19514857,-40.09520531,SPRF-ES,DEL04-ES,UOP01-DEL04-ES,2025-03-01 01:18:00,2025.0,3.0,1.0,madrugada,False,1,fatal,BR-101
664444.0,2025-03-01,sabado,07:40,ES,101.0,399.0,RIO NOVO DO SUL,Manobra de mudança de faixa,Colisão lateral sentido oposto,Com Vítimas Feridas,Pleno dia,Crescente,Céu Claro,Simples,Reta,Não,3.0,0.0,1.0,0.0,2.0,0.0,1.0,3.0,-20.87569408,-40.95688105,SPRF-ES,DEL03-ES,UOP02-DEL03-ES,2025-03-01 07:40:00,2025.0,3.0,7.0,manha,False,0,moderado,BR-101
664536.0,2025-01-16,quinta,12:20,ES,101.0,272.0,SERRA,Reação tardia ou ineficiente do condutor,Colisão traseira,Com Vítimas Feridas,Pleno dia,Crescente,Céu Claro,Dupla,Reta,Não,2.0,0.0,1.0,0.0,0.0,1.0,1.0,2.0,-20.2159533,-40.2937106,SPRF-ES,DEL02-ES,UOP01-DEL02-ES,2025-01-16 12:20:00,2025.0,1.0,12.0,tarde,True,0,moderado,BR-101
664631.0,2025-03-02,domingo,00:15,ES,101.0,289.3,CARIACICA,Condutor deixou de manter distância do veículo da frente,Colisão traseira,Com Vítimas Feridas,Plena Noite,Decrescente,Nublado,Dupla,Declive;Reta,Não,3.0,0.0,1.0,0.0,1.0,1.0,1.0,3.0,-20.28476714,-40.39270654,SPRF-ES,DEL01-ES,UOP01-DEL01-ES,2025-03-02 00:15:00,2025.0,3.0,0.0,madrugada,True,0,moderado,BR-101
664856.0,2025-03-02,domingo,21:10,ES,101.0,390.8,RIO NOVO DO SUL,Ausência de reação do condutor,Colisão lateral sentido oposto,Com Vítimas Feridas,Pleno dia,Crescente,Céu Claro,Simples,Reta,Não,3.0,0.0,1.0,0.0,1.0,1.0,1.0,3.0,-20.8582236,-40.89019781,SPRF-ES,DEL03-ES,UOP02-DEL03-ES,2025-03-02 21:10:00,2025.0,3.0,21.0,noite,False,0,moderado,BR-101
665218.0,2025-03-04,terca,20:54,ES,101.0,384.0,RIO NOVO DO SUL,Reação tardia ou ineficiente do condutor,Saída de leito carroçável,Com Vítimas Feridas,Plena Noite,Crescente,Nublado,Simples,Reta,Não,3.0,0.0,1.0,0.0,2.0,0.0,1.0,2.0,-20.82882201,-40.85716724,SPRF-ES,DEL03-ES,UOP01-DEL03-ES,2025-03-04 20:54:00,2025.0,3.0,20.0,noite,False,0,moderado,BR-101
665366.0,2025-03-05,quarta,18:00,ES,101.0,391.0,RIO NOVO DO SUL,Condutor Dormindo,Tombamento,Com Vítimas Feridas,Anoitecer,Crescente,Céu Claro,Simples,Curva,Não,2.0,0.0,1.0,0.0,0.0,1.0,1.0,2.0,-20.86843613,-40.92750549,SPRF-ES,DEL03-ES,UOP02-DEL03-ES,2025-03-05 18:00:00,2025.0,3.0,18.0,noite,False,0,moderado,BR-101
665396.0,2025-03-05,quarta,19:40,ES,101.0,14.0,SERRA,Iluminação deficiente,Tombamento,Com Vítimas Feridas,Plena Noite,Crescente,Nublado,Dupla,Reta,Não,2.0,0.0,1.0,0.0,0.0,1.0,1.0,2.0,-20.19630937,-40.33422947,SPRF-ES,DEL02-ES,UOP01-DEL02-ES,2025-03-05 19:40:00,2025.0,3.0,19.0,noite,True,0,moderado,BR-101
665912.0,2025-03-08,sabado,09:55,ES,101.0,268.0,SERRA,Acessar a via sem observar a presença dos outros veículos,Colisão lateral mesmo sentido,Com Vítimas Feridas,Pleno dia,Crescente,Céu Claro,Dupla,Retorno Regulamentado,Sim,2.0,0.0,1.0,0.0,0.0,1.0,1.0,2.0,-20.0488474,-40.3866959,SPRF-ES,DEL02-ES,UOP01-DEL02-ES,2025-03-08 09:55:00,2025.0,3.0,9.0,manha,True,0,moderado,BR-101
665924.0,2025-03-08,sabado,10:47,ES,101.0,288.9,CARIACICA,Condutor deixou de manter distância do veículo da frente,Colisão traseira,Sem Vítimas,Pleno dia,Crescente,Nublado,Simples,Reta,Sim,4.0,0.0,0.0,0.0,3.0,1.0,0.0,4.0,-20.27907962,-40.39276069,SPRF-ES,DEL01-ES,UOP01-DEL01-ES,2025-03-08 10:47:00,2025.0,3.0,10.0,manha,True,0,baixo,BR-101
666127.0,2025-03-09,domingo,05:40,ES,262.0,170.8,IBATIBA,Velocidade Incompatível,Tombamento,Com Vítimas Feridas,Amanhecer,Decrescente,Céu Claro,Simples,Aclive;Curva,Não,2.0,0.0,1.0,0.0,0.0,1.0,1.0,2.0,-20.2647513,-41.58453796,SPRF-ES,DEL01-ES,UOP02-DEL01-ES,2025-03-09 05:40:00,2025.0,3.0,5.0,madrugada,False,0,moderado,BR-262
666524.0,2025-03-11,terca,07:40,ES,101.0,288.0,CARIACICA,Reação tardia ou ineficiente do condutor,Engavetamento,Com Vítimas Feridas,Pleno dia,Decrescente,Céu Claro,Dupla,Reta,Não,5.0,0.0,1.0,0.0,1.0,3.0,1.0,4.0,-20.2768,-40.392579,SPRF-ES,DEL01-ES,UOP01-DEL01-ES,2025-03-11 07:40:00,2025.0,3.0,7.0,manha,True,0,moderado,BR-101
666575.0,2025-01-18,sabado,08:45,ES,101.0,249.8,SERRA,Transitar na contramão,Colisão frontal,Com Vítimas Feridas,Pleno dia,Crescente,Sol,Simples,Curva,Não,5.0,0.0,1.0,1.0,2.0,1.0,2.0,3.0,-20.07371936,-40.35345531,SPRF-ES,DEL02-ES,UOP01-DEL02-ES,2025-01-18 08:45:00,2025.0,1.0,8.0,manha,True,1,grave,BR-101
666604.0,2025-03-11,terca,15:20,ES,101.0,150.2,LINHARES,Condutor deixou de manter distância do veículo da frente,Colisão lateral mesmo sentido,Com Vítimas Feridas,Pleno dia,Crescente,Céu Claro,Dupla,Reta;Aclive,Sim,2.0,0.0,1.0,0.0,0.0,1.0,1.0,2.0,-19.4222637,-40.0779474,SPRF-ES,DEL04-ES,UOP01-DEL04-ES,2025-03-11 15:20:00,2025.0,3.0,15.0,tarde,False,0,moderado,BR-101
666692.0,2025-03-12,quarta,07:00,ES,101.0,301.0,VIANA,Condutor deixou de manter distância do veículo da frente,Colisão lateral mesmo sentido,Com Vítimas Feridas,Pleno dia,Crescente,Sol,Dupla,Reta,Sim,3.0,0.0,1.0,0.0,1.0,1.0,1.0,3.0,-20.367431,-40.443776,SPRF-ES,DEL01-ES,UOP01-DEL01-ES,2025-03-12 07:00:00,2025.0,3.0,7.0,manha,True,0,moderado,BR-101
666702.0,2025-03-12,quarta,06:47,ES,101.0,270.4,SERRA,Manobra de mudança de faixa,Colisão lateral mesmo sentido,Com Vítimas Feridas,Amanhecer,Crescente,Céu Claro,Dupla,Reta,Sim,4.0,0.0,1.0,0.0,2.0,1.0,1.0,4.0,-20.2293733,-40.2722316,SPRF-ES,DEL02-ES,UOP01-DEL02-ES,2025-03-12 06:47:00,2025.0,3.0,6.0,manha,True,0,moderado,BR-101
666738.0,2025-03-12,quarta,11:30,ES,101.0,242.0,SERRA,Reação tardia ou ineficiente do condutor,Colisão traseira,Com Vítimas Fatais,Pleno dia,Crescente,Céu Claro,Simples,Aclive;Reta,Não,2.0,1.0,0.0,0.0,1.0,0.0,0.0,2.0,-20.03920158,-40.39311167,SPRF-ES,DEL02-ES,UOP01-DEL02-ES,2025-03-12 11:30:00,2025.0,3.0,11.0,manha,True,1,fatal,BR-101
666869.0,2025-03-13,quinta,01:29,ES,101.0,171.7,LINHARES,Condutor Dormindo,Colisão com objeto,Com Vítimas Feridas,Plena Noite,Crescente,Céu Claro,Simples,Reta,Não,3.0,0.0,1.0,0.0,1.0,2.0,1.0,4.0,-19.4128856,-40.03820038,SPRF-ES,DEL04-ES,UOP01-DEL04-ES,2025-03-13 01:29:00,2025.0,3.0,1.0,madrugada,False,0,moderado,BR-101
666942.0,2025-03-13,quinta,11:30,ES,101.0,85.8,SAO MATEUS,Ausência de reação do condutor,Colisão traseira,Com Vítimas Feridas,Pleno dia,Crescente,Céu Claro,Dupla,Reta,Não,3.0,0.0,2.0,0.0,1.0,0.0,2.0,2.0,-18.8640159,-39.9385388,SPRF-ES,DEL04-ES,UOP02-DEL04-ES,2025-03-13 11:30:00,2025.0,3.0,11.0,manha,False,0,moderado,BR-101
667005.0,2025-03-13,quinta,14:35,ES,262.0,31.4,DOMINGOS MARTINS,Faixas de trânsito com largura insuficiente,Colisão frontal,Com Vítimas Feridas,Pleno dia,Crescente,Céu Claro,Simples,Curva;Aclive,Não,3.0,0.0,1.0,0.0,1.0,1.0,1.0,3.0,-20.37905602,-40.57387937,SPRF-ES,DEL01-ES,UOP01-DEL01-ES,2025-03-13 14:35:00,2025.0,3.0,14.0,tarde,False,0,moderado,BR-262
667176.0,2025-03-14,sexta,12:40,ES,101.0,304.6,VIANA,Reação tardia ou ineficiente do condutor,Colisão traseira,Com Vítimas Feridas,Pleno dia,Crescente,Céu Claro,Dupla,Reta,Sim,3.0,0.0,1.0,0.0,1.0,1.0,1.0,3.0,-20.38273239,-40.45921141,SPRF-ES,DEL01-ES,UOP01-DEL01-ES,2025-03-14 12:40:00,2025.0,3.0,12.0,tarde,True,0,moderado,BR-101
667268.0,2025-03-14,sexta,19:26,ES,101.0,350.0,GUARAPARI,Reação tardia ou ineficiente do condutor,Saída de leito carroçável,Com Vítimas Feridas,Plena Noite,Crescente,Céu Claro,Dupla,Reta,Não,1.0,0.0,1.0,0.0,0.0,0.0,1.0,1.0,-20.65845412,-40.61351978,SPRF-ES,DEL03-ES,UOP01-DEL03-ES,2025-03-14 19:26:00,2025.0,3.0,19.0,noite,True,0,moderado,BR-101
667330.0,2025-03-15,sabado,04:45,ES,101.0,246.1,SERRA,Condutor Dormindo,Colisão com objeto,Com Vítimas Feridas,Plena Noite,Decrescente,Ignorado,Simples,Reta,Não,2.0,0.0,1.0,0.0,0.0,1.0,1.0,2.0,-20.0647545,-40.37611932,SPRF-ES,DEL02-ES,UOP01-DEL02-ES,2025-03-15 04:45:00,2025.0,3.0,4.0,madrugada,True,0,moderado,BR-101
667363.0,2025-03-15,sabado,08:30,ES,262.0,78.4,DOMINGOS MARTINS,Avarias e/ou desgaste excessivo no pneu,Colisão lateral sentido oposto,Com Vítimas Feridas,Pleno dia,Crescente,Céu Claro,Simples,Reta,Não,3.0,0.0,1.0,0.0,1.0,1.0,1.0,3.0,-20.410203,-40.928158,SPRF-ES,DEL01-ES,UOP02-DEL01-ES,2025-03-15 08:30:00,2025.0,3.0,8.0,manha,False,0,moderado,BR-262
667385.0,2025-03-15,sabado,11:10,ES,262.0,52.0,SERRA,Transitar na contramão,Colisão frontal,Com Vítimas Feridas,Pleno dia,Crescente,Céu Claro,Simples,Reta,Sim,2.0,0.0,1.0,0.0,1.0,0.0,1.0,2.0,-20.054016,-40.3800064,SPRF-ES,DEL01-ES,UOP01-DEL01-ES,2025-03-15 11:10:00,2025.0,3.0,11.0,manha,True,0,moderado,BR-262
667524.0,2025-03-16,domingo,01:50,ES,101.0,101.9,LINHARES,Condutor Dormindo,Saída de leito carroçável,Com Vítimas Feridas,Plena Noite,Decrescente,Céu Claro,Simples,Declive,Não,2.0,0.0,0.0,1.0,0.0,2.0,1.0,3.0,-18.99564529,-40.00244111,SPRF-ES,DEL04-ES,UOP01-DEL04-ES,2025-03-16 01:50:00,2025.0,3.0,1.0,madrugada,False,1,grave,BR-101
667609.0,2025-03-16,domingo,10:40,ES,262.0,151.5,IBATIBA,Problema com o freio,Tombamento,Com Vítimas Feridas,Pleno dia,Crescente,Céu Claro,Simples,Declive;Curva,Não,2.0,0.0,1.0,0.0,0.0,1.0,1.0,2.0,-20.215034,-41.449425,SPRF-ES,DEL01-ES,UOP02-DEL01-ES,2025-03-16 10:40:00,2025.0,3.0,10.0,manha,False,0,moderado,BR-262
667708.0,2025-03-16,domingo,20:00,ES,101.0,286.0,CARIACICA,Acessar a via sem observar a presença dos outros veículos,Colisão traseira,Com Vítimas Fatais,Plena Noite,Decrescente,Céu Claro,Dupla,Curva;Declive,Não,3.0,1.0,0.0,0.0,1.0,1.0,0.0,3.0,-20.259985,-40.377721,SPRF-ES,DEL01-ES,UOP01-DEL01-ES,2025-03-16 20:00:00,2025.0,3.0,20.0,noite,True,1,fatal,BR-101
667736.0,2025-03-17,segunda,00:05,ES,101.0,269.0,SERRA,Ausência de reação do condutor,Colisão transversal,Com Vítimas Feridas,Plena Noite,Crescente,Nublado,Dupla,Interseção de Vias,Não,4.0,0.0,0.0,1.0,1.0,2.0,1.0,4.0,-20.221995,-40.27005167,SPRF-ES,DEL02-ES,UOP01-DEL02-ES,2025-03-17 00:05:00,2025.0,3.0,0.0,madrugada,True,1,grave,BR-101
667909.0,2025-03-17,segunda,16:40,ES,101.0,269.0,SERRA,Reação tardia ou ineficiente do condutor,Colisão traseira,Com Vítimas Feridas,Pleno dia,Decrescente,Nublado,Múltipla,Reta,Sim,2.0,0.0,0.0,1.0,1.0,0.0,1.0,2.0,-20.22333269,-40.27030941,SPRF-ES,DEL02-ES,UOP01-DEL02-ES,2025-03-17 16:40:00,2025.0,3.0,16.0,tarde,True,1,grave,BR-101
667912.0,2025-01-13,segunda,05:37,ES,101.0,321.7,GUARAPARI,Ausência de reação do condutor,Colisão traseira,Com Vítimas Feridas,Amanhecer,Decrescente,Chuva,Dupla,Declive;Reta,Não,10.0,0.0,9.0,0.0,1.0,0.0,9.0,2.0,-20.52517057,-40.48003793,SPRF-ES,DEL03-ES,UOP01-DEL03-ES,2025-01-13 05:37:00,2025.0,1.0,5.0,madrugada,True,0,moderado,BR-101
667936.0,2025-03-17,segunda,17:30,ES,101.0,443.3,MIMOSO DO SUL,Condutor usando celular,Saída de leito carroçável,Com Vítimas Feridas,Anoitecer,Crescente,Chuva,Simples,Curva,Não,2.0,0.0,2.0,0.0,0.0,0.0,2.0,1.0,-21.100705,-41.254395,SPRF-ES,DEL03-ES,UOP02-DEL03-ES,2025-03-17 17:30:00,2025.0,3.0,17.0,tarde,False,0,moderado,BR-101
668126.0,2025-03-18,terca,19:00,ES,262.0,64.0,MARECHAL FLORIANO,Carga excessiva e/ou mal acondicionada,Capotamento,Com Vítimas Feridas,Plena Noite,Decrescente,Céu Claro,Simples,Curva,Não,1.0,0.0,1.0,0.0,0.0,0.0,1.0,1.0,-20.417891,-40.815948,SPRF-ES,DEL01-ES,UOP02-DEL01-ES,2025-03-18 19:00:00,2025.0,3.0,19.0,noite,False,0,moderado,BR-262
668167.0,2025-03-19,quarta,06:40,ES,101.0,236.1,FUNDAO,Reação tardia ou ineficiente do condutor,Colisão traseira,Com Vítimas Fatais,Pleno dia,Decrescente,Céu Claro,Simples,Reta,Não,2.0,1.0,0.0,0.0,1.0,0.0,0.0,2.0,-19.987038,-40.414078,SPRF-ES,DEL02-ES,UOP01-DEL02-ES,2025-03-19 06:40:00,2025.0,3.0,6.0,manha,True,1,fatal,BR-101
668318.0,2025-03-19,quarta,21:20,ES,101.0,238.5,FUNDAO,Desvio temporário,Colisão transversal,Com Vítimas Feridas,Plena Noite,Crescente,Céu Claro,Simples,Interseção de Vias;Curva;Desvio Temporário;Em Obras,Sim,3.0,0.0,0.0,1.0,1.0,1.0,1.0,3.0,-20.00638,-40.411482,SPRF-ES,DEL02-ES,UOP01-DEL02-ES,2025-03-19 21:20:00,2025.0,3.0,21.0,noite,True,1,grave,BR-101
668347.0,2025-03-20,quinta,02:05,ES,101.0,237.9,FUNDAO,Reação tardia ou ineficiente do condutor,Colisão com objeto,Com Vítimas Fatais,Plena Noite,Decrescente,Chuva,Simples,Em Obras;Reta,Não,3.0,1.0,0.0,0.0,0.0,2.0,0.0,3.0,-20.002867,-40.413152,SPRF-ES,DEL02-ES,UOP01-DEL02-ES,2025-03-20 02:05:00,2025.0,3.0,2.0,madrugada,True,1,fatal,BR-101
668353.0,2025-03-20,quinta,04:00,ES,101.0,149.0,LINHARES,Pedestre andava na pista,Atropelamento de Pedestre,Com Vítimas Feridas,Plena Noite,Crescente,Céu Claro,Simples,Reta,Sim,2.0,0.0,1.0,0.0,0.0,1.0,1.0,2.0,-19.40665122,-40.06321728,SPRF-ES,DEL04-ES,UOP01-DEL04-ES,2025-03-20 04:00:00,2025.0,3.0,4.0,madrugada,False,0,moderado,BR-101
668376.0,2025-03-20,quinta,07:25,ES,101.0,118.0,LINHARES,Ultrapassagem Indevida,Colisão frontal,Com Vítimas Feridas,Pleno dia,Crescente,Céu Claro,Simples,Reta,Não,3.0,0.0,1.0,0.0,1.0,1.0,1.0,3.0,-19.12704708,-40.06676102,SPRF-ES,DEL04-ES,UOP01-DEL04-ES,2025-03-20 07:25:00,2025.0,3.0,7.0,manha,False,0,moderado,BR-101
668463.0,2025-03-20,quinta,15:38,ES,101.0,294.0,CARIACICA,Reação tardia ou ineficiente do condutor,Colisão com objeto,Com Vítimas Fatais,Pleno dia,Crescente,Nublado,Dupla,Reta;Declive,Não,5.0,1.0,1.0,1.0,1.0,2.0,2.0,5.0,-20.324742,-40.395789,SPRF-ES,DEL01-ES,UOP01-DEL01-ES,2025-03-20 15:38:00,2025.0,3.0,15.0,tarde,True,1,fatal,BR-101
668705.0,2025-03-21,sexta,20:05,ES,262.0,27.5,VIANA,Demais falhas mecânicas ou elétricas,Incêndio,Sem Vítimas,Plena Noite,Crescente,Céu Claro,Simples,Reta;Aclive,Não,1.0,0.0,0.0,0.0,1.0,0.0,0.0,1.0,-20.385008,-40.556622,SPRF-ES,DEL01-ES,UOP01-DEL01-ES,2025-03-21 20:05:00,2025.0,3.0,20.0,noite,True,0,baixo,BR-262
668819.0,2025-03-22,sabado,09:50,ES,101.0,149.2,LINHARES,Acessar a via sem observar a presença dos outros veículos,Colisão transversal,Com Vítimas Feridas,Pleno dia,Crescente,Céu Claro,Simples,Reta,Sim,2.0,0.0,1.0,0.0,1.0,0.0,1.0,2.0,-19.397151,-40.064013,SPRF-ES,DEL04-ES,UOP01-DEL04-ES,2025-03-22 09:50:00,2025.0,3.0,9.0,manha,False,0,moderado,BR-101
669198.0,2025-03-24,segunda,06:19,ES,101.0,400.5,ITAPEMIRIM,Carga excessiva e/ou mal acondicionada,Tombamento,Com Vítimas Feridas,Pleno dia,Decrescente,Céu Claro,Simples,Declive;Curva,Não,3.0,0.0,2.0,0.0,0.0,1.0,2.0,2.0,-20.888112,-40.984341,SPRF-ES,DEL03-ES,UOP02-DEL03-ES,2025-03-24 06:19:00,2025.0,3.0,6.0,manha,False,0,moderado,BR-101
669211.0,2025-03-24,segunda,06:30,ES,101.0,261.3,SERRA,Manobra de mudança de faixa,Engavetamento,Com Vítimas Feridas,Amanhecer,Crescente,Céu Claro,Dupla,Reta;Aclive,Não,12.0,0.0,1.0,0.0,10.0,1.0,1.0,8.0,-20.1514333,-40.278725,SPRF-ES,DEL02-ES,UOP01-DEL02-ES,2025-03-24 06:30:00,2025.0,3.0,6.0,manha,True,0,moderado,BR-101
669374.0,2025-03-24,segunda,20:45,ES,101.0,289.0,CARIACICA,Entrada inopinada do pedestre,Atropelamento de Pedestre,Com Vítimas Feridas,Plena Noite,Decrescente,Nublado,Dupla,Reta,Sim,2.0,0.0,0.0,1.0,0.0,1.0,1.0,2.0,-20.27765256,-40.3925195,SPRF-ES,DEL01-ES,UOP01-DEL01-ES,2025-03-24 20:45:00,2025.0,3.0,20.0,noite,True,1,grave,BR-101
669508.0,2025-03-25,terca,15:00,ES,101.0,152.9,LINHARES,Transitar na contramão,Colisão frontal,Com Vítimas Feridas,Pleno dia,Crescente,Céu Claro,Simples,Curva,Não,4.0,0.0,2.0,0.0,1.0,2.0,2.0,4.0,-19.42346258,-40.0788129,SPRF-ES,DEL04-ES,UOP01-DEL04-ES,2025-03-25 15:00:00,2025.0,3.0,15.0,tarde,False,0,moderado,BR-101
669538.0,2025-03-25,terca,18:00,ES,101.0,285.3,CARIACICA,Acessar a via sem observar a presença dos outros veículos,Colisão lateral mesmo sentido,Com Vítimas Feridas,Anoitecer,Crescente,Céu Claro,Dupla,Retorno Regulamentado,Sim,3.0,0.0,0.0,1.0,1.0,1.0,1.0,3.0,-20.2520592,-40.3729313,SPRF-ES,DEL01-ES,UOP01-DEL01-ES,2025-03-25 18:00:00,2025.0,3.0,18.0,noite,True,1,grave,BR-101
669584.0,2025-02-13,quinta,13:00,ES,101.0,125.6,SOORETAMA,Transitar no Acostamento,Colisão lateral mesmo sentido,Com Vítimas Fatais,Pleno dia,Crescente,Céu Claro,Múltipla,Reta,Sim,4.0,1.0,0.0,0.0,2.0,1.0,0.0,4.0,-19.18496498,-40.09429827,SPRF-ES,DEL04-ES,UOP01-DEL04-ES,2025-02-13 13:00:00,2025.0,2.0,13.0,tarde,False,1,fatal,BR-101
669650.0,2025-03-26,quarta,09:20,ES,101.0,236.1,FUNDAO,Demais falhas mecânicas ou elétricas,Colisão com objeto,Com Vítimas Feridas,Pleno dia,Crescente,Nublado,Simples,Curva,Não,3.0,0.0,1.0,1.0,1.0,0.0,2.0,2.0,-19.96983296,-40.40698887,SPRF-ES,DEL02-ES,UOP01-DEL02-ES,2025-03-26 09:20:00,2025.0,3.0,9.0,manha,True,1,grave,BR-101
669771.0,2025-01-05,domingo,17:06,ES,259.0,59.1,COLATINA,Condutor desrespeitou a iluminação vermelha do semáforo,Colisão transversal,Com Vítimas Feridas,Pleno dia,Crescente,Céu Claro,Simples,Retorno Regulamentado;Reta,Sim,4.0,0.0,0.0,2.0,1.0,1.0,2.0,3.0,-19.52125411,-40.66594194,SPRF-ES,DEL02-ES,UOP01-DEL02-ES,2025-01-05 17:06:00,2025.0,1.0,17.0,tarde,False,1,grave,BR-259
669912.0,2025-03-27,quinta,17:55,ES,101.0,290.5,CARIACICA,Ausência de reação do condutor,Colisão traseira,Com Vítimas Fatais,Anoitecer,Decrescente,Céu Claro,Dupla,Reta,Sim,2.0,1.0,0.0,0.0,1.0,0.0,0.0,2.0,-20.29494489,-40.39329529,SPRF-ES,DEL01-ES,UOP01-DEL01-ES,2025-03-27 17:55:00,2025.0,3.0,17.0,tarde,True,1,fatal,BR-101
669917.0,2025-03-27,quinta,18:35,ES,262.0,114.0,CONCEICAO DO CASTELO,Ultrapassagem Indevida,Colisão frontal,Com Vítimas Feridas,Anoitecer,Decrescente,Céu Claro,Simples,Reta,Não,4.0,0.0,1.0,1.0,1.0,1.0,2.0,4.0,-20.32286,-41.21502,SPRF-ES,DEL01-ES,UOP02-DEL01-ES,2025-03-27 18:35:00,2025.0,3.0,18.0,noite,False,1,grave,BR-262
670028.0,2025-03-28,sexta,07:45,ES,101.0,152.3,LINHARES,Transitar na contramão,Colisão lateral sentido oposto,Sem Vítimas,Pleno dia,Crescente,Céu Claro,Simples,Reta,Não,3.0,0.0,0.0,0.0,2.0,1.0,0.0,3.0,-19.41944801,-40.07162762,SPRF-ES,DEL04-ES,UOP01-DEL04-ES,2025-03-28 07:45:00,2025.0,3.0,7.0,manha,False,0,baixo,BR-101
670373.0,2025-03-29,sabado,18:00,ES,101.0,8.0,PEDRO CANARIO,Velocidade Incompatível,Tombamento,Com Vítimas Feridas,Plena Noite,Decrescente,Céu Claro,Simples,Curva,Não,2.0,0.0,1.0,0.0,0.0,1.0,1.0,2.0,-18.2302027,-39.9527526,SPRF-ES,DEL04-ES,UOP02-DEL04-ES,2025-03-29 18:00:00,2025.0,3.0,18.0,noite,False,0,moderado,BR-101
670735.0,2025-03-31,segunda,12:50,ES,101.0,329.8,GUARAPARI,Acessar a via sem observar a presença dos outros veículos,Colisão traseira,Com Vítimas Feridas,Pleno dia,Crescente,Nublado,Dupla,Reta,Não,2.0,0.0,0.0,1.0,0.0,1.0,1.0,2.0,-20.59137546,-40.49941236,SPRF-ES,DEL03-ES,UOP01-DEL03-ES,2025-03-31 12:50:00,2025.0,3.0,12.0,tarde,True,1,grave,BR-101
670865.0,2025-04-01,terca,07:10,ES,101.0,17.8,SERRA,Acesso irregular,Colisão lateral mesmo sentido,Com Vítimas Feridas,Pleno dia,Crescente,Céu Claro,Simples,Curva,Não,3.0,0.0,1.0,0.0,1.0,1.0,1.0,3.0,-20.217167,-40.337069,SPRF-ES,DEL02-ES,UOP01-DEL02-ES,2025-04-01 07:10:00,2025.0,4.0,7.0,manha,True,0,moderado,BR-101
671062.0,2025-04-02,quarta,10:00,ES,101.0,135.9,LINHARES,Acessar a via sem observar a presença dos outros veículos,Colisão transversal,Com Vítimas Feridas,Pleno dia,Decrescente,Céu Claro,Simples,Reta,Não,3.0,0.0,2.0,0.0,0.0,1.0,2.0,3.0,-19.28308718,-40.08704829,SPRF-ES,DEL04-ES,UOP01-DEL04-ES,2025-04-02 10:00:00,2025.0,4.0,10.0,manha,False,0,moderado,BR-101
671064.0,2025-04-02,quarta,10:00,ES,101.0,221.0,IBIRACU,Reação tardia ou ineficiente do condutor,Engavetamento,Sem Vítimas,Pleno dia,Decrescente,Céu Claro,Simples,Em Obras;Reta,Não,8.0,0.0,0.0,0.0,8.0,0.0,0.0,4.0,-19.86692805,-40.40010383,SPRF-ES,DEL02-ES,UOP01-DEL02-ES,2025-04-02 10:00:00,2025.0,4.0,10.0,manha,False,0,baixo,BR-101
671090.0,2025-04-02,quarta,13:35,ES,101.0,254.0,SERRA,Ingestão de álcool pelo condutor,Colisão traseira,Sem Vítimas,Pleno dia,Crescente,Céu Claro,Simples,Aclive;Reta;Interseção de Vias,Sim,4.0,0.0,0.0,0.0,3.0,1.0,0.0,4.0,-20.11862239,-40.31219925,SPRF-ES,DEL02-ES,UOP01-DEL02-ES,2025-04-02 13:35:00,2025.0,4.0,13.0,tarde,True,0,baixo,BR-101
671109.0,2025-04-02,quarta,15:45,ES,101.0,295.0,CARIACICA,Trafegar com motocicleta (ou similar) entre as faixas,Colisão traseira,Com Vítimas Feridas,Pleno dia,Decrescente,Céu Claro,Dupla,Reta,Sim,3.0,0.0,0.0,1.0,2.0,0.0,1.0,3.0,-20.3313286,-40.3994204,SPRF-ES,DEL01-ES,UOP01-DEL01-ES,2025-04-02 15:45:00,2025.0,4.0,15.0,tarde,True,1,grave,BR-101
671139.0,2025-04-02,quarta,17:30,ES,262.0,136.8,BREJETUBA,Velocidade Incompatível,Tombamento,Com Vítimas Feridas,Pleno dia,Crescente,Céu Claro,Simples,Curva,Não,2.0,0.0,1.0,0.0,0.0,1.0,1.0,2.0,-20.2346691,-41.3406124,SPRF-ES,DEL01-ES,UOP02-DEL01-ES,2025-04-02 17:30:00,2025.0,4.0,17.0,tarde,False,0,moderado,BR-262
671419.0,2025-04-04,sexta,07:00,ES,101.0,85.8,SAO MATEUS,Condutor deixou de manter distância do veículo da frente,Engavetamento,Com Vítimas Feridas,Pleno dia,Crescente,Céu Claro,Múltipla,Reta,Não,5.0,0.0,2.0,0.0,3.0,0.0,2.0,3.0,-18.87268357,-39.94381959,SPRF-ES,DEL04-ES,UOP02-DEL04-ES,2025-04-04 07:00:00,2025.0,4.0,7.0,manha,False,0,moderado,BR-101
671446.0,2025-04-04,sexta,08:10,ES,101.0,279.5,SERRA,Condutor deixou de manter distância do veículo da frente,Colisão traseira,Com Vítimas Feridas,Pleno dia,Decrescente,Céu Claro,Dupla,Reta,Não,3.0,0.0,0.0,1.0,1.0,2.0,1.0,4.0,-20.21843833,-40.34453333,SPRF-ES,DEL02-ES,UOP01-DEL02-ES,2025-04-04 08:10:00,2025.0,4.0,8.0,manha,True,1,grave,BR-101
671543.0,2025-04-04,sexta,16:20,ES,101.0,263.0,SERRA,Velocidade Incompatível,Colisão traseira,Com Vítimas Feridas,Pleno dia,Decrescente,Céu Claro,Dupla,Declive;Reta,Sim,2.0,0.0,0.0,1.0,1.0,0.0,1.0,2.0,-20.16682298,-40.2720058,SPRF-ES,DEL02-ES,UOP01-DEL02-ES,2025-04-04 16:20:00,2025.0,4.0,16.0,tarde,True,1,grave,BR-101
671751.0,2025-04-05,sabado,14:20,ES,101.0,290.0,CARIACICA,Suicídio (presumido),Atropelamento de Pedestre,Com Vítimas Feridas,Pleno dia,Crescente,Sol,Dupla,Reta,Sim,2.0,0.0,0.0,1.0,1.0,0.0,1.0,2.0,-20.29566594,-40.39384246,SPRF-ES,DEL01-ES,UOP01-DEL01-ES,2025-04-05 14:20:00,2025.0,4.0,14.0,tarde,True,1,grave,BR-101
671935.0,2025-04-06,domingo,10:00,ES,101.0,62.0,SAO MATEUS,Condutor deixou de manter distância do veículo da frente,Colisão lateral mesmo sentido,Com Vítimas Feridas,Pleno dia,Crescente,Nublado,Simples,Curva,Não,2.0,0.0,1.0,0.0,0.0,1.0,1.0,2.0,-18.693832,-39.864126,SPRF-ES,DEL04-ES,UOP02-DEL04-ES,2025-04-06 10:00:00,2025.0,4.0,10.0,manha,False,0,moderado,BR-101
672242.0,2025-04-07,segunda,18:15,ES,101.0,450.0,MIMOSO DO SUL,Ausência de reação do condutor,Colisão lateral sentido oposto,Com Vítimas Feridas,Anoitecer,Decrescente,Nublado,Simples,Reta,Não,5.0,0.0,1.0,2.0,1.0,2.0,3.0,6.0,-21.19133423,-41.29438877,SPRF-ES,DEL03-ES,UOP02-DEL03-ES,2025-04-07 18:15:00,2025.0,4.0,18.0,noite,False,1,grave,BR-101
672426.0,2025-04-08,terca,19:20,ES,101.0,290.0,CARIACICA,Demais falhas mecânicas ou elétricas,Incêndio,Sem Vítimas,Plena Noite,Crescente,Céu Claro,Dupla,Reta;Aclive,Não,1.0,0.0,0.0,0.0,1.0,0.0,0.0,1.0,-20.287047,-40.392323,SPRF-ES,DEL01-ES,UOP01-DEL01-ES,2025-04-08 19:20:00,2025.0,4.0,19.0,noite,True,0,baixo,BR-101
672562.0,2025-04-09,quarta,14:30,ES,101.0,304.0,VIANA,Ausência de reação do condutor,Colisão traseira,Com Vítimas Feridas,Pleno dia,Decrescente,Céu Claro,Dupla,Reta,Sim,2.0,0.0,1.0,0.0,1.0,0.0,1.0,2.0,-20.3827135,-40.4591229,SPRF-ES,DEL01-ES,UOP01-DEL01-ES,2025-04-09 14:30:00,2025.0,4.0,14.0,tarde,True,0,moderado,BR-101
672802.0,2025-02-17,segunda,17:50,ES,259.0,88.6,BAIXO GUANDU,Reação tardia ou ineficiente do condutor,Colisão com objeto,Com Vítimas Fatais,Pleno dia,Crescente,Céu Claro,Simples,Curva,Não,4.0,1.0,0.0,1.0,1.0,1.0,1.0,3.0,-19.51934626,-40.90862274,SPRF-ES,DEL02-ES,UOP01-DEL02-ES,2025-02-17 17:50:00,2025.0,2.0,17.0,tarde,False,1,fatal,BR-259
672857.0,2025-04-11,sexta,03:30,ES,101.0,86.0,SAO MATEUS,Condutor Dormindo,Colisão com objeto,Com Vítimas Feridas,Plena Noite,Decrescente,Nublado,Simples,Reta,Não,2.0,0.0,1.0,0.0,0.0,1.0,1.0,2.0,-18.8655384,-39.9397803,SPRF-ES,DEL04-ES,UOP02-DEL04-ES,2025-04-11 03:30:00,2025.0,4.0,3.0,madrugada,False,0,moderado,BR-101
672892.0,2025-04-11,sexta,08:30,ES,101.0,290.4,CARIACICA,Manobra de mudança de faixa,Colisão transversal,Com Vítimas Feridas,Pleno dia,Decrescente,Céu Claro,Dupla,Reta;Retorno Regulamentado,Sim,2.0,0.0,1.0,0.0,1.0,0.0,1.0,2.0,-20.2932598,-40.3935374,SPRF-ES,DEL01-ES,UOP01-DEL01-ES,2025-04-11 08:30:00,2025.0,4.0,8.0,manha,True,0,moderado,BR-101
672996.0,2025-04-11,sexta,17:20,ES,262.0,29.0,VIANA,Demais falhas mecânicas ou elétricas,Eventos atípicos,Com Vítimas Feridas,Pleno dia,Decrescente,Céu Claro,Dupla,Reta;Aclive,Não,2.0,0.0,1.0,0.0,0.0,1.0,1.0,2.0,-20.377956,-40.560521,SPRF-ES,DEL01-ES,UOP01-DEL01-ES,2025-04-11 17:20:00,2025.0,4.0,17.0,tarde,True,0,moderado,BR-262
673219.0,2025-04-12,sabado,16:00,ES,262.0,112.9,VENDA NOVA DO IMIGRANTE,Ingestão de álcool pelo condutor,Colisão lateral sentido oposto,Com Vítimas Feridas,Pleno dia,Crescente,Céu Claro,Simples,Reta,Não,3.0,0.0,0.0,1.0,1.0,1.0,1.0,3.0,-20.3316244,-41.2044121,SPRF-ES,DEL01-ES,UOP02-DEL01-ES,2025-04-12 16:00:00,2025.0,4.0,16.0,tarde,False,1,grave,BR-262
673301.0,2025-04-12,sabado,23:12,ES,101.0,289.9,CARIACICA,Entrada inopinada do pedestre,Atropelamento de Pedestre,Com Vítimas Fatais,Plena Noite,Decrescente,Nublado,Dupla,Reta,Sim,2.0,1.0,0.0,0.0,0.0,1.0,0.0,2.0,-20.288292,-40.391993,SPRF-ES,DEL01-ES,UOP01-DEL01-ES,2025-04-12 23:12:00,2025.0,4.0,23.0,noite,True,1,fatal,BR-101
673317.0,2025-04-13,domingo,01:40,ES,101.0,284.5,CARIACICA,Ausência de reação do condutor,Colisão com objeto,Com Vítimas Feridas,Plena Noite,Decrescente,Céu Claro,Dupla,Reta;Declive,Não,3.0,0.0,1.0,0.0,1.0,2.0,1.0,4.0,-20.24729923,-40.37035622,SPRF-ES,DEL01-ES,UOP01-DEL01-ES,2025-04-13 01:40:00,2025.0,4.0,1.0,madrugada,True,0,moderado,BR-101
673411.0,2025-04-13,domingo,12:16,ES,101.0,372.6,ICONHA,Ausência de reação do condutor,Colisão com objeto,Com Vítimas Feridas,Pleno dia,Crescente,Céu Claro,Simples,Reta,Não,2.0,0.0,1.0,0.0,0.0,1.0,1.0,2.0,-20.777137,-40.779302,SPRF-ES,DEL03-ES,UOP01-DEL03-ES,2025-04-13 12:16:00,2025.0,4.0,12.0,tarde,False,0,moderado,BR-101
673714.0,2025-04-14,segunda,17:40,ES,262.0,101.7,VENDA NOVA DO IMIGRANTE,Demais falhas mecânicas ou elétricas,Tombamento,Com Vítimas Feridas,Anoitecer,Crescente,Nublado,Simples,Curva,Não,1.0,0.0,1.0,0.0,0.0,0.0,1.0,1.0,-20.342482,-41.1137447,SPRF-ES,DEL01-ES,UOP02-DEL01-ES,2025-04-14 17:40:00,2025.0,4.0,17.0,tarde,False,0,moderado,BR-262
673762.0,2025-04-14,segunda,21:30,ES,101.0,372.5,ICONHA,Ultrapassagem Indevida,Colisão frontal,Sem Vítimas,Plena Noite,Crescente,Nublado,Simples,Reta,Não,3.0,0.0,0.0,0.0,2.0,2.0,0.0,4.0,-20.77239177,-40.77697785,SPRF-ES,DEL03-ES,UOP01-DEL03-ES,2025-04-14 21:30:00,2025.0,4.0,21.0,noite,False,0,baixo,BR-101
673845.0,2025-04-15,terca,14:30,ES,101.0,285.6,CARIACICA,Acessar a via sem observar a presença dos outros veículos,Colisão transversal,Com Vítimas Feridas,Pleno dia,Crescente,Céu Claro,Dupla,Aclive;Reta;Interseção de Vias,Não,5.0,0.0,2.0,0.0,3.0,0.0,2.0,3.0,-20.25423855,-40.37464775,SPRF-ES,DEL01-ES,UOP01-DEL01-ES,2025-04-15 14:30:00,2025.0,4.0,14.0,tarde,True,0,moderado,BR-101
673936.0,2025-04-15,terca,22:30,ES,101.0,313.0,VILA VELHA,Reação tardia ou ineficiente do condutor,Colisão traseira,Com Vítimas Fatais,Plena Noite,Crescente,Nublado,Dupla,Reta,Não,3.0,1.0,0.0,0.0,1.0,2.0,0.0,4.0,-20.456781,-40.463964,SPRF-ES,DEL01-ES,UOP01-DEL01-ES,2025-04-15 22:30:00,2025.0,4.0,22.0,noite,True,1,fatal,BR-101
673995.0,2025-04-16,quarta,08:30,ES,101.0,147.0,LINHARES,Condutor deixou de manter distância do veículo da frente,Colisão traseira,Com Vítimas Feridas,Pleno dia,Crescente,Céu Claro,Dupla,Reta,Não,4.0,0.0,2.0,0.0,2.0,0.0,2.0,3.0,-19.3916796,-40.06701447,SPRF-ES,DEL04-ES,UOP01-DEL04-ES,2025-04-16 08:30:00,2025.0,4.0,8.0,manha,False,0,moderado,BR-101
674002.0,2025-04-16,quarta,09:00,ES,101.0,228.8,FUNDAO,Condutor deixou de manter distância do veículo da frente,Colisão traseira,Com Vítimas Feridas,Pleno dia,Crescente,Nublado,Simples,Reta,Não,6.0,0.0,2.0,0.0,4.0,0.0,2.0,4.0,-19.92707333,-40.40599,SPRF-ES,DEL02-ES,UOP01-DEL02-ES,2025-04-16 09:00:00,2025.0,4.0,9.0,manha,True,0,moderado,BR-101
685332.0,2025-04-17,quinta,07:10,ES,101.0,284.5,CARIACICA,Pista Escorregadia,Colisão lateral mesmo sentido,Com Vítimas Feridas,Pleno dia,Decrescente,Chuva,Dupla,Curva;Declive,Sim,4.0,0.0,0.0,2.0,1.0,1.0,2.0,3.0,-20.244866,-40.369797,SPRF-ES,DEL01-ES,UOP01-DEL01-ES,2025-04-17 07:10:00,2025.0,4.0,7.0,manha,True,1,grave,BR-101
685389.0,2025-04-17,quinta,12:30,ES,101.0,401.3,ITAPEMIRIM,Velocidade Incompatível,Tombamento,Com Vítimas Feridas,Pleno dia,Decrescente,Garoa/Chuvisco,Simples,Curva;Declive,Não,2.0,0.0,1.0,0.0,0.0,1.0,1.0,2.0,-20.8837865,-40.9800922,SPRF-ES,DEL03-ES,UOP02-DEL03-ES,2025-04-17 12:30:00,2025.0,4.0,12.0,tarde,False,0,moderado,BR-101
685469.0,2025-04-16,quarta,19:05,ES,262.0,150.7,IBATIBA,Reação tardia ou ineficiente do condutor,Colisão traseira,Com Vítimas Feridas,Plena Noite,Crescente,Nevoeiro/Neblina,Simples,Declive;Curva,Não,3.0,0.0,1.0,0.0,1.0,1.0,1.0,3.0,-20.21485,-41.448973,SPRF-ES,DEL01-ES,UOP02-DEL01-ES,2025-04-16 19:05:00,2025.0,4.0,19.0,noite,False,0,moderado,BR-262
685650.0,2025-04-16,quarta,17:30,ES,101.0,294.1,CARIACICA,Chuva,Colisão transversal,Com Vítimas Feridas,Anoitecer,Crescente,Chuva,Múltipla,Reta;Declive,Sim,3.0,0.0,0.0,1.0,2.0,0.0,1.0,2.0,-20.32994386,-40.3988939,SPRF-ES,DEL01-ES,UOP01-DEL01-ES,2025-04-16 17:30:00,2025.0,4.0,17.0,tarde,True,1,grave,BR-101
685842.0,2025-04-18,sexta,22:50,ES,101.0,290.0,CARIACICA,Acessar a via sem observar a presença dos outros veículos,Colisão transversal,Com Vítimas Feridas,Plena Noite,Crescente,Céu Claro,Simples,Reta;Retorno Regulamentado,Sim,3.0,0.0,0.0,1.0,1.0,1.0,1.0,3.0,-20.2937462,-40.3929171,SPRF-ES,DEL01-ES,UOP01-DEL01-ES,2025-04-18 22:50:00,2025.0,4.0,22.0,noite,True,1,grave,BR-101
686249.0,2025-04-16,quarta,14:35,ES,101.0,276.4,SERRA,Ausência de reação do condutor,Colisão traseira,Com Vítimas Feridas,Pleno dia,Decrescente,Céu Claro,Dupla,Retorno Regulamentado,Não,3.0,0.0,0.0,1.0,1.0,1.0,1.0,3.0,-20.209263,-40.315953,SPRF-ES,DEL02-ES,UOP01-DEL02-ES,2025-04-16 14:35:00,2025.0,4.0,14.0,tarde,True,1,grave,BR-101
686914.0,2025-04-23,quarta,18:10,ES,101.0,442.0,MIMOSO DO SUL,Ausência de reação do condutor,Colisão lateral sentido oposto,Com Vítimas Feridas,Plena Noite,Crescente,Céu Claro,Simples,Curva,Não,4.0,0.0,2.0,1.0,0.0,2.0,3.0,5.0,-21.098541,-41.253782,SPRF-ES,DEL03-ES,UOP02-DEL03-ES,2025-04-23 18:10:00,2025.0,4.0,18.0,noite,False,1,grave,BR-101
687000.0,2025-04-24,quinta,07:40,ES,101.0,291.9,CARIACICA,Trafegar com motocicleta (ou similar) entre as faixas,Colisão transversal,Com Vítimas Fatais,Pleno dia,Crescente,Sol,Dupla,Retorno Regulamentado;Reta,Sim,2.0,1.0,0.0,0.0,1.0,0.0,0.0,2.0,-20.305992,-40.395167,SPRF-ES,DEL01-ES,UOP01-DEL01-ES,2025-04-24 07:40:00,2025.0,4.0,7.0,manha,True,1,fatal,BR-101
687003.0,2025-04-24,quinta,08:00,ES,101.0,299.3,VIANA,Condutor deixou de manter distância do veículo da frente,Colisão lateral mesmo sentido,Com Vítimas Feridas,Pleno dia,Crescente,Céu Claro,Dupla,Reta,Sim,2.0,0.0,1.0,0.0,1.0,0.0,1.0,2.0,-20.3577014,-40.4262213,SPRF-ES,DEL01-ES,UOP01-DEL01-ES,2025-04-24 08:00:00,2025.0,4.0,8.0,manha,True,0,moderado,BR-101
687035.0,2025-04-24,quinta,10:45,ES,101.0,288.8,CARIACICA,Condutor deixou de manter distância do veículo da frente,Colisão traseira,Com Vítimas Feridas,Pleno dia,Crescente,Céu Claro,Dupla,Declive;Reta,Não,2.0,0.0,0.0,1.0,1.0,0.0,1.0,2.0,-20.28322004,-40.39303601,SPRF-ES,DEL01-ES,UOP01-DEL01-ES,2025-04-24 10:45:00,2025.0,4.0,10.0,manha,True,1,grave,BR-101
687142.0,2025-04-24,quinta,22:40,ES,101.0,280.0,SERRA,Demais falhas mecânicas ou elétricas,Incêndio,Sem Vítimas,Plena Noite,Crescente,Céu Claro,Dupla,Reta,Não,1.0,0.0,0.0,0.0,1.0,0.0,0.0,1.0,-20.21771,-40.3513616,SPRF-ES,DEL02-ES,UOP01-DEL02-ES,2025-04-24 22:40:00,2025.0,4.0,22.0,noite,True,0,baixo,BR-101
687308.0,2025-04-25,sexta,16:30,ES,484.0,98.0,AFONSO CLAUDIO,Ausência de reação do condutor,Colisão transversal,Com Vítimas Feridas,Pleno dia,Crescente,Nublado,Simples,Aclive;Reta,Não,2.0,0.0,0.0,1.0,1.0,0.0,1.0,2.0,-20.01336196,-41.03200468,SPRF-ES,DEL01-ES,UOP02-DEL01-ES,2025-04-25 16:30:00,2025.0,4.0,16.0,tarde,False,1,grave,BR-484
687443.0,2025-04-26,sabado,10:00,ES,262.0,64.0,MARECHAL FLORIANO,Curva acentuada,Tombamento,Com Vítimas Feridas,Pleno dia,Decrescente,Céu Claro,Simples,Curva,Não,3.0,0.0,2.0,0.0,0.0,1.0,2.0,2.0,-20.418668,-40.816593,SPRF-ES,DEL01-ES,UOP02-DEL01-ES,2025-04-26 10:00:00,2025.0,4.0,10.0,manha,False,0,moderado,BR-262
687665.0,2025-04-27,domingo,14:40,ES,101.0,393.0,RIO NOVO DO SUL,Acessar a via sem observar a presença dos outros veículos,Colisão lateral sentido oposto,Com Vítimas Feridas,Pleno dia,Crescente,Sol,Simples,Reta,Não,3.0,0.0,0.0,1.0,1.0,1.0,1.0,3.0,-20.86647455,-40.90843678,SPRF-ES,DEL03-ES,UOP02-DEL03-ES,2025-04-27 14:40:00,2025.0,4.0,14.0,tarde,False,1,grave,BR-101
687786.0,2025-04-28,segunda,00:00,ES,101.0,33.0,CONCEICAO DA BARRA,Condutor Dormindo,Saída de leito carroçável,Com Vítimas Feridas,Plena Noite,Crescente,Céu Claro,Simples,Reta,Não,2.0,0.0,1.0,0.0,0.0,2.0,1.0,3.0,-18.44622978,-39.93204117,SPRF-ES,DEL04-ES,UOP02-DEL04-ES,2025-04-28 00:00:00,2025.0,4.0,0.0,madrugada,False,0,moderado,BR-101
687860.0,2025-03-03,segunda,11:30,ES,262.0,163.5,IBATIBA,Ausência de reação do condutor,Colisão com objeto,Com Vítimas Feridas,Pleno dia,Decrescente,Céu Claro,Simples,Reta;Aclive,Não,2.0,0.0,0.0,1.0,1.0,0.0,1.0,2.0,-20.241077,-41.546752,SPRF-ES,DEL01-ES,UOP02-DEL01-ES,2025-03-03 11:30:00,2025.0,3.0,11.0,manha,False,1,grave,BR-262
687884.0,2025-04-04,sexta,16:45,ES,101.0,231.1,FUNDAO,Pedestre cruzava a pista fora da faixa,Atropelamento de Pedestre,Com Vítimas Feridas,Anoitecer,Crescente,Céu Claro,Simples,Reta,Não,4.0,0.0,1.0,0.0,1.0,2.0,1.0,3.0,-19.94581667,-40.40393333,SPRF-ES,DEL02-ES,UOP01-DEL02-ES,2025-04-04 16:45:00,2025.0,4.0,16.0,tarde,True,0,moderado,BR-101
687965.0,2025-04-28,segunda,22:15,ES,262.0,184.5,IUNA,Transitar na contramão,Colisão lateral sentido oposto,Com Vítimas Feridas,Plena Noite,Crescente,Nublado,Simples,Aclive;Curva,Não,2.0,0.0,1.0,0.0,1.0,0.0,1.0,2.0,-20.296857,-41.709423,SPRF-ES,DEL01-ES,UOP02-DEL01-ES,2025-04-28 22:15:00,2025.0,4.0,22.0,noite,False,0,moderado,BR-262
687973.0,2025-04-29,terca,05:55,ES,101.0,289.3,CARIACICA,Acumulo de água sobre o pavimento,Saída de leito carroçável,Com Vítimas Feridas,Amanhecer,Decrescente,Céu Claro,Simples,Reta,Não,2.0,0.0,1.0,0.0,0.0,1.0,1.0,2.0,-20.2510108,-40.37269938,SPRF-ES,DEL01-ES,UOP01-DEL01-ES,2025-04-29 05:55:00,2025.0,4.0,5.0,madrugada,True,0,moderado,BR-101
688013.0,2025-04-29,terca,08:30,ES,101.0,243.0,SERRA,Transitar na contramão,Colisão lateral sentido oposto,Com Vítimas Feridas,Pleno dia,Crescente,Céu Claro,Simples,Reta,Não,6.0,0.0,2.0,0.0,3.0,1.0,2.0,3.0,-20.036228,-40.393767,SPRF-ES,DEL02-ES,UOP01-DEL02-ES,2025-04-29 08:30:00,2025.0,4.0,8.0,manha,True,0,moderado,BR-101
688016.0,2025-04-29,terca,08:26,ES,101.0,268.6,SERRA,Trafegar com motocicleta (ou similar) entre as faixas,Colisão lateral mesmo sentido,Com Vítimas Feridas,Pleno dia,Crescente,Céu Claro,Dupla,Reta,Sim,2.0,0.0,0.0,1.0,1.0,0.0,1.0,2.0,-20.0507392,-40.3832832,SPRF-ES,DEL02-ES,UOP01-DEL02-ES,2025-04-29 08:26:00,2025.0,4.0,8.0,manha,True,1,grave,BR-101
688037.0,2025-04-29,terca,06:50,ES,262.0,110.0,VENDA NOVA DO IMIGRANTE,Ausência de reação do condutor,Colisão traseira,Com Vítimas Feridas,Pleno dia,Crescente,Céu Claro,Simples,Reta,Sim,4.0,0.0,1.0,0.0,3.0,0.0,1.0,3.0,-20.3374556,-41.193415,SPRF-ES,DEL01-ES,UOP02-DEL01-ES,2025-04-29 06:50:00,2025.0,4.0,6.0,manha,False,0,moderado,BR-262
688064.0,2025-04-29,terca,14:04,ES,101.0,266.4,SERRA,Ausência de reação do condutor,Colisão traseira,Com Vítimas Feridas,Pleno dia,Crescente,Nublado,Múltipla,Reta;Retorno Regulamentado,Sim,5.0,0.0,0.0,1.0,3.0,1.0,1.0,4.0,-20.19528126,-40.26923776,SPRF-ES,DEL02-ES,UOP01-DEL02-ES,2025-04-29 14:04:00,2025.0,4.0,14.0,tarde,True,1,grave,BR-101
688075.0,2025-04-29,terca,14:55,ES,101.0,438.9,PRESIDENTE KENNEDY,Acessar a via sem observar a presença dos outros veículos,Colisão transversal,Com Vítimas Feridas,Pleno dia,Crescente,Nublado,Simples,Curva,Não,2.0,0.0,1.0,0.0,1.0,0.0,1.0,2.0,-21.07210384,-41.22784281,SPRF-ES,DEL03-ES,UOP02-DEL03-ES,2025-04-29 14:55:00,2025.0,4.0,14.0,tarde,False,0,moderado,BR-101
688217.0,2025-03-17,segunda,18:15,ES,101.0,2.0,ICONHA,Pedestre cruzava a pista fora da faixa,Atropelamento de Pedestre,Com Vítimas Fatais,Plena Noite,Decrescente,Chuva,Dupla,Curva,Não,2.0,1.0,0.0,0.0,1.0,0.0,0.0,2.0,-20.80276,-40.788913,SPRF-ES,DEL03-ES,UOP02-DEL03-ES,2025-03-17 18:15:00,2025.0,3.0,18.0,noite,False,1,fatal,BR-101
688623.0,2025-05-02,sexta,06:00,ES,101.0,93.0,JAGUARE,Condutor deixou de manter distância do veículo da frente,Colisão traseira,Com Vítimas Feridas,Pleno dia,Crescente,Nublado,Simples,Reta,Não,4.0,0.0,1.0,0.0,1.0,3.0,1.0,5.0,-18.95676841,-39.98085022,SPRF-ES,DEL04-ES,UOP02-DEL04-ES,2025-05-02 06:00:00,2025.0,5.0,6.0,manha,False,0,moderado,BR-101
688639.0,2025-05-02,sexta,09:20,ES,101.0,291.0,CARIACICA,Manobra de mudança de faixa,Colisão lateral mesmo sentido,Com Vítimas Feridas,Pleno dia,Decrescente,Céu Claro,Dupla,Reta,Não,4.0,0.0,2.0,0.0,1.0,1.0,2.0,3.0,-20.3032417,-40.3951811,SPRF-ES,DEL01-ES,UOP01-DEL01-ES,2025-05-02 09:20:00,2025.0,5.0,9.0,manha,True,0,moderado,BR-101
688711.0,2025-05-02,sexta,18:00,ES,101.0,388.9,RIO NOVO DO SUL,Frear bruscamente,Colisão traseira,Com Vítimas Feridas,Plena Noite,Crescente,Céu Claro,Simples,Curva,Não,3.0,0.0,1.0,0.0,1.0,1.0,1.0,3.0,-20.86121,-40.8796,SPRF-ES,DEL03-ES,UOP02-DEL03-ES,2025-05-02 18:00:00,2025.0,5.0,18.0,noite,False,0,moderado,BR-101
688933.0,2025-05-03,sabado,20:45,ES,101.0,122.5,LINHARES,Frear bruscamente,Colisão traseira,Com Vítimas Feridas,Plena Noite,Crescente,Nublado,Simples,Reta,Não,4.0,0.0,1.0,0.0,2.0,2.0,1.0,4.0,-19.2824722,-40.0871742,SPRF-ES,DEL04-ES,UOP01-DEL04-ES,2025-05-03 20:45:00,2025.0,5.0,20.0,noite,False,0,moderado,BR-101
689159.0,2025-05-04,domingo,22:40,ES,101.0,159.5,LINHARES,Transitar na contramão,Colisão frontal,Sem Vítimas,Plena Noite,Decrescente,Nublado,Simples,Curva,Sim,2.0,0.0,0.0,0.0,2.0,0.0,0.0,2.0,-19.47298212,-40.11209099,SPRF-ES,DEL04-ES,UOP01-DEL04-ES,2025-05-04 22:40:00,2025.0,5.0,22.0,noite,False,0,baixo,BR-101
689242.0,2025-05-05,segunda,12:03,ES,101.0,17.0,PEDRO CANARIO,Reação tardia ou ineficiente do condutor,Colisão com objeto,Com Vítimas Feridas,Pleno dia,Crescente,Chuva,Simples,Curva;Declive,Não,1.0,0.0,0.0,1.0,0.0,0.0,1.0,1.0,-18.305947,-39.957792,SPRF-ES,DEL04-ES,UOP02-DEL04-ES,2025-05-05 12:03:00,2025.0,5.0,12.0,tarde,False,1,grave,BR-101
689303.0,2025-05-05,segunda,18:00,ES,101.0,212.0,IBIRACU,Acesso irregular,Colisão transversal,Com Vítimas Feridas,Plena Noite,Decrescente,Céu Claro,Simples,Curva,Não,4.0,0.0,0.0,1.0,2.0,1.0,1.0,3.0,-19.81447381,-40.36597967,SPRF-ES,DEL02-ES,UOP01-DEL02-ES,2025-05-05 18:00:00,2025.0,5.0,18.0,noite,False,1,grave,BR-101
689329.0,2025-05-05,segunda,19:43,ES,101.0,29.0,CONCEICAO DA BARRA,Demais falhas mecânicas ou elétricas,Incêndio,Sem Vítimas,Plena Noite,Decrescente,Nublado,Simples,Aclive,Não,2.0,0.0,0.0,0.0,1.0,1.0,0.0,2.0,-18.35988872,-39.94995116,SPRF-ES,DEL04-ES,UOP02-DEL04-ES,2025-05-05 19:43:00,2025.0,5.0,19.0,noite,False,0,baixo,BR-101
689358.0,2025-05-05,segunda,21:20,ES,101.0,385.8,RIO NOVO DO SUL,Condutor Dormindo,Colisão lateral sentido oposto,Com Vítimas Feridas,Plena Noite,Crescente,Chuva,Simples,Reta,Não,3.0,0.0,1.0,0.0,1.0,1.0,1.0,3.0,-20.84208,-40.87343,SPRF-ES,DEL03-ES,UOP01-DEL03-ES,2025-05-05 21:20:00,2025.0,5.0,21.0,noite,False,0,moderado,BR-101
689460.0,2025-03-08,sabado,19:22,ES,101.0,100.3,JAGUARE,Acessar a via sem observar a presença dos outros veículos,Colisão transversal,Com Vítimas Feridas,Plena Noite,Decrescente,Céu Claro,Simples,Reta;Retorno Regulamentado,Sim,2.0,0.0,0.0,1.0,1.0,0.0,1.0,2.0,-18.99038863,-40.00019073,SPRF-ES,DEL04-ES,UOP02-DEL04-ES,2025-03-08 19:22:00,2025.0,3.0,19.0,noite,False,1,grave,BR-101
689475.0,2025-01-23,quinta,01:40,ES,101.0,271.2,SERRA,Conversão proibida,Colisão transversal,Com Vítimas Feridas,Plena Noite,Crescente,Céu Claro,Múltipla,Reta,Sim,2.0,0.0,0.0,1.0,1.0,0.0,1.0,2.0,-20.23267,-40.27658,SPRF-ES,DEL02-ES,UOP01-DEL02-ES,2025-01-23 01:40:00,2025.0,1.0,1.0,madrugada,True,1,grave,BR-101
689624.0,2025-05-07,quarta,13:00,ES,262.0,66.0,MARECHAL FLORIANO,Velocidade Incompatível,Colisão transversal,Com Vítimas Fatais,Pleno dia,Crescente,Céu Claro,Simples,Reta,Não,2.0,1.0,0.0,0.0,1.0,0.0,0.0,2.0,-20.412758,-40.830838,SPRF-ES,DEL01-ES,UOP02-DEL01-ES,2025-05-07 13:00:00,2025.0,5.0,13.0,tarde,False,1,fatal,BR-262
689698.0,2025-04-29,terca,01:00,ES,101.0,64.8,SAO MATEUS,Ultrapassagem Indevida,Colisão lateral sentido oposto,Com Vítimas Fatais,Plena Noite,Decrescente,Chuva,Simples,Ponte,Sim,6.0,1.0,1.0,1.0,1.0,3.0,2.0,7.0,-18.7087572,-39.8773226,SPRF-ES,DEL04-ES,UOP02-DEL04-ES,2025-04-29 01:00:00,2025.0,4.0,1.0,madrugada,False,1,fatal,BR-101
689879.0,2025-05-08,quinta,18:30,ES,259.0,25.2,COLATINA,Transitar na contramão,Colisão frontal,Com Vítimas Feridas,Plena Noite,Decrescente,Nublado,Simples,Curva,Não,2.0,0.0,1.0,0.0,1.0,0.0,1.0,2.0,-19.5915524,-40.50896231,SPRF-ES,DEL02-ES,UOP01-DEL02-ES,2025-05-08 18:30:00,2025.0,5.0,18.0,noite,False,0,moderado,BR-259
689964.0,2025-05-09,sexta,08:15,ES,101.0,296.9,CARIACICA,Condutor deixou de manter distância do veículo da frente,Engavetamento,Com Vítimas Feridas,Pleno dia,Crescente,Nublado,Dupla,Curva,Sim,5.0,0.0,2.0,1.0,1.0,1.0,3.0,5.0,-20.34431868,-40.40925908,SPRF-ES,DEL01-ES,UOP01-DEL01-ES,2025-05-09 08:15:00,2025.0,5.0,8.0,manha,True,1,grave,BR-101
690129.0,2025-05-09,sexta,20:40,ES,101.0,163.0,LINHARES,Ausência de reação do condutor,Colisão frontal,Com Vítimas Feridas,Plena Noite,Crescente,Céu Claro,Simples,Curva,Não,3.0,0.0,1.0,0.0,2.0,0.0,1.0,3.0,-19.501928,-40.131926,SPRF-ES,DEL04-ES,UOP01-DEL04-ES,2025-05-09 20:40:00,2025.0,5.0,20.0,noite,False,0,moderado,BR-101
690241.0,2025-03-24,segunda,05:36,ES,101.0,120.0,SOORETAMA,Ultrapassagem Indevida,Colisão frontal,Com Vítimas Feridas,Amanhecer,Crescente,Céu Claro,Simples,Aclive;Reta,Não,3.0,0.0,0.0,1.0,1.0,2.0,1.0,4.0,-19.19146035,-40.09494781,SPRF-ES,DEL04-ES,UOP01-DEL04-ES,2025-03-24 05:36:00,2025.0,3.0,5.0,madrugada,False,1,grave,BR-101
690823.0,2025-03-29,sabado,14:30,ES,101.0,40.7,CONCEICAO DA BARRA,Manobra de mudança de faixa,Colisão lateral mesmo sentido,Com Vítimas Feridas,Pleno dia,Crescente,Céu Claro,Simples,Reta,Não,3.0,0.0,0.0,1.0,2.0,0.0,1.0,2.0,-18.504827,-39.916922,SPRF-ES,DEL04-ES,UOP02-DEL04-ES,2025-03-29 14:30:00,2025.0,3.0,14.0,tarde,False,1,grave,BR-101
690832.0,2025-05-12,segunda,14:00,ES,101.0,204.8,JOAO NEIVA,Desrespeitar a preferência no cruzamento,Colisão transversal,Com Vítimas Feridas,Pleno dia,Decrescente,Nublado,Simples,Interseção de Vias;Rotatória,Sim,2.0,0.0,0.0,1.0,1.0,0.0,1.0,2.0,-19.75566857,-40.37997991,SPRF-ES,DEL02-ES,UOP01-DEL02-ES,2025-05-12 14:00:00,2025.0,5.0,14.0,tarde,False,1,grave,BR-101
690884.0,2025-05-12,segunda,19:00,ES,101.0,267.8,SERRA,Condutor desrespeitou a iluminação vermelha do semáforo,Colisão transversal,Com Vítimas Feridas,Plena Noite,Crescente,Chuva,Múltipla,Reta,Não,2.0,0.0,1.0,0.0,1.0,0.0,1.0,2.0,-20.2071674,-40.2696285,SPRF-ES,DEL02-ES,UOP01-DEL02-ES,2025-05-12 19:00:00,2025.0,5.0,19.0,noite,True,0,moderado,BR-101
690936.0,2025-05-13,terca,01:00,ES,101.0,16.5,PEDRO CANARIO,Condutor Dormindo,Colisão traseira,Com Vítimas Feridas,Plena Noite,Crescente,Nublado,Simples,Reta,Sim,3.0,0.0,1.0,0.0,1.0,1.0,1.0,3.0,-18.2997298,-39.9574107,SPRF-ES,DEL04-ES,UOP02-DEL04-ES,2025-05-13 01:00:00,2025.0,5.0,1.0,madrugada,False,0,moderado,BR-101
690950.0,2025-05-13,terca,07:45,ES,101.0,279.1,SERRA,Condutor deixou de manter distância do veículo da frente,Colisão traseira,Com Vítimas Feridas,Pleno dia,Decrescente,Garoa/Chuvisco,Dupla,Reta,Não,3.0,0.0,1.0,0.0,1.0,1.0,1.0,3.0,-20.04883604,-40.38668633,SPRF-ES,DEL02-ES,UOP01-DEL02-ES,2025-05-13 07:45:00,2025.0,5.0,7.0,manha,True,0,moderado,BR-101
691036.0,2025-05-13,terca,15:10,ES,101.0,270.3,SERRA,Condutor deixou de manter distância do veículo da frente,Colisão traseira,Com Vítimas Feridas,Pleno dia,Crescente,Nublado,Dupla,Reta,Sim,3.0,0.0,2.0,0.0,1.0,0.0,2.0,2.0,-20.22300754,-40.27019149,SPRF-ES,DEL02-ES,UOP01-DEL02-ES,2025-05-13 15:10:00,2025.0,5.0,15.0,tarde,True,0,moderado,BR-101
691087.0,2025-05-13,terca,15:00,ES,262.0,158.0,IBATIBA,Ausência de reação do condutor,Colisão lateral sentido oposto,Sem Vítimas,Pleno dia,Decrescente,Nublado,Simples,Curva,Sim,4.0,0.0,0.0,0.0,2.0,2.0,0.0,4.0,-20.23032835,-41.50016785,SPRF-ES,DEL01-ES,UOP02-DEL01-ES,2025-05-13 15:00:00,2025.0,5.0,15.0,tarde,False,0,baixo,BR-262
691214.0,2025-05-14,quarta,13:30,ES,101.0,294.6,CARIACICA,Reação tardia ou ineficiente do condutor,Colisão lateral mesmo sentido,Com Vítimas Feridas,Pleno dia,Decrescente,Céu Claro,Múltipla,Declive,Sim,5.0,0.0,1.0,0.0,3.0,1.0,1.0,5.0,-20.329888,-40.398898,SPRF-ES,DEL01-ES,UOP01-DEL01-ES,2025-05-14 13:30:00,2025.0,5.0,13.0,tarde,True,0,moderado,BR-101
691279.0,2025-05-02,sexta,11:46,ES,101.0,409.8,ITAPEMIRIM,Ausência de reação do condutor,Colisão com objeto,Com Vítimas Feridas,Pleno dia,Crescente,Céu Claro,Simples,Curva,Não,2.0,0.0,1.0,0.0,0.0,1.0,1.0,2.0,-20.89646121,-41.05004936,SPRF-ES,DEL03-ES,UOP02-DEL03-ES,2025-05-02 11:46:00,2025.0,5.0,11.0,manha,False,0,moderado,BR-101
691397.0,2025-05-15,quinta,10:10,ES,101.0,49.0,CONCEICAO DA BARRA,Desrespeitar a preferência no cruzamento,Colisão transversal,Com Vítimas Feridas,Pleno dia,Crescente,Nublado,Simples,Reta,Não,4.0,0.0,2.0,0.0,1.0,2.0,2.0,4.0,-18.58277352,-39.8932871,SPRF-ES,DEL04-ES,UOP02-DEL04-ES,2025-05-15 10:10:00,2025.0,5.0,10.0,manha,False,0,moderado,BR-101
691431.0,2025-05-15,quinta,14:00,ES,101.0,282.0,SERRA,Condutor deixou de manter distância do veículo da frente,Colisão traseira,Com Vítimas Feridas,Pleno dia,Decrescente,Sol,Dupla,Reta,Não,5.0,0.0,2.0,0.0,3.0,0.0,2.0,3.0,-20.22577477,-40.36231549,SPRF-ES,DEL01-ES,UOP01-DEL01-ES,2025-05-15 14:00:00,2025.0,5.0,14.0,tarde,True,0,moderado,BR-101
691500.0,2025-05-15,quinta,17:00,ES,101.0,67.0,SAO MATEUS,Ausência de reação do condutor,Atropelamento de Pedestre,Com Vítimas Feridas,Pleno dia,Crescente,Chuva,Múltipla,Reta,Sim,2.0,0.0,0.0,1.0,0.0,1.0,1.0,2.0,-18.71223715,-39.87815794,SPRF-ES,DEL04-ES,UOP02-DEL04-ES,2025-05-15 17:00:00,2025.0,5.0,17.0,tarde,False,1,grave,BR-101
691651.0,2025-05-16,sexta,16:00,ES,101.0,282.0,CARIACICA,Manobra de mudança de faixa,Colisão traseira,Com Vítimas Feridas,Pleno dia,Decrescente,Céu Claro,Dupla,Curva,Não,2.0,0.0,1.0,0.0,0.0,1.0,1.0,2.0,-20.22668406,-40.36399484,SPRF-ES,DEL01-ES,UOP01-DEL01-ES,2025-05-16 16:00:00,2025.0,5.0,16.0,tarde,True,0,moderado,BR-101
691804.0,2025-03-15,sabado,12:30,ES,101.0,67.0,SAO MATEUS,Condutor desrespeitou a iluminação vermelha do semáforo,Colisão transversal,Com Vítimas Feridas,Pleno dia,Crescente,Sol,Simples,Rotatória,Sim,4.0,0.0,0.0,2.0,1.0,2.0,2.0,4.0,-18.72802869,-39.85997558,SPRF-ES,DEL04-ES,UOP02-DEL04-ES,2025-03-15 12:30:00,2025.0,3.0,12.0,tarde,False,1,grave,BR-101
691835.0,2025-05-17,sabado,11:57,ES,101.0,368.9,ANCHIETA,Velocidade Incompatível,Tombamento,Com Vítimas Feridas,Pleno dia,Decrescente,Céu Claro,Simples,Aclive;Curva,Não,2.0,0.0,1.0,0.0,0.0,1.0,1.0,2.0,-20.755729,-40.756496,SPRF-ES,DEL03-ES,UOP01-DEL03-ES,2025-05-17 11:57:00,2025.0,5.0,11.0,manha,False,0,moderado,BR-101
691965.0,2025-05-17,sabado,20:43,ES,101.0,222.2,IBIRACU,Ausência de reação do condutor,Colisão transversal,Com Vítimas Feridas,Plena Noite,Crescente,Céu Claro,Simples,Curva,Não,3.0,0.0,2.0,0.0,0.0,1.0,2.0,3.0,-19.83353291,-40.37992198,SPRF-ES,DEL02-ES,UOP01-DEL02-ES,2025-05-17 20:43:00,2025.0,5.0,20.0,noite,False,0,moderado,BR-101
692469.0,2025-05-20,terca,06:35,ES,101.0,276.3,SERRA,Desrespeitar a preferência no cruzamento,Colisão transversal,Com Vítimas Fatais,Pleno dia,Decrescente,Nublado,Dupla,Retorno Regulamentado,Não,2.0,1.0,0.0,0.0,1.0,0.0,0.0,2.0,-20.2091774,-40.3158721,SPRF-ES,DEL02-ES,UOP01-DEL02-ES,2025-05-20 06:35:00,2025.0,5.0,6.0,manha,True,1,fatal,BR-101
692578.0,2025-05-20,terca,17:30,ES,101.0,297.8,VIANA,Manobra de mudança de faixa,Colisão lateral mesmo sentido,Com Vítimas Feridas,Anoitecer,Decrescente,Céu Claro,Dupla,Reta,Sim,3.0,0.0,1.0,0.0,2.0,0.0,1.0,3.0,-20.35102005,-40.41308951,SPRF-ES,DEL01-ES,UOP01-DEL01-ES,2025-05-20 17:30:00,2025.0,5.0,17.0,tarde,True,0,moderado,BR-101
692663.0,2025-05-21,quarta,04:40,ES,101.0,126.3,SOORETAMA,Condutor desrespeitou a iluminação vermelha do semáforo,Colisão transversal,Com Vítimas Feridas,Plena Noite,Crescente,Nevoeiro/Neblina,Múltipla,Interseção de Vias;Reta,Sim,32.0,0.0,17.0,2.0,13.0,0.0,19.0,2.0,-19.19769529,-40.09539578,SPRF-ES,DEL04-ES,UOP01-DEL04-ES,2025-05-21 04:40:00,2025.0,5.0,4.0,madrugada,False,1,grave,BR-101
692685.0,2025-05-21,quarta,07:38,ES,101.0,262.0,SERRA,Manobra de mudança de faixa,Colisão lateral mesmo sentido,Com Vítimas Feridas,Pleno dia,Decrescente,Sol,Dupla,Reta;Aclive,Sim,4.0,0.0,1.0,0.0,2.0,1.0,1.0,3.0,-20.15893204,-40.27622475,SPRF-ES,DEL02-ES,UOP01-DEL02-ES,2025-05-21 07:38:00,2025.0,5.0,7.0,manha,True,0,moderado,BR-101
692690.0,2025-05-21,quarta,08:20,ES,101.0,289.9,CARIACICA,Manobra de mudança de faixa,Colisão lateral mesmo sentido,Com Vítimas Feridas,Pleno dia,Crescente,Céu Claro,Dupla,Reta;Aclive,Sim,2.0,0.0,1.0,0.0,0.0,1.0,1.0,2.0,-20.28985326,-40.39189529,SPRF-ES,DEL01-ES,UOP01-DEL01-ES,2025-05-21 08:20:00,2025.0,5.0,8.0,manha,True,0,moderado,BR-101
692735.0,2025-05-21,quarta,14:10,ES,101.0,292.0,CARIACICA,Manobra de mudança de faixa,Colisão traseira,Com Vítimas Feridas,Pleno dia,Decrescente,Sol,Dupla,Reta,Sim,6.0,0.0,2.0,3.0,1.0,0.0,5.0,2.0,-20.30636079,-40.39502597,SPRF-ES,DEL01-ES,UOP01-DEL01-ES,2025-05-21 14:10:00,2025.0,5.0,14.0,tarde,True,1,grave,BR-101
692750.0,2025-05-21,quarta,15:06,ES,101.0,145.5,LINHARES,Ultrapassagem Indevida,Colisão lateral mesmo sentido,Com Vítimas Feridas,Pleno dia,Crescente,Céu Claro,Múltipla,Reta,Não,2.0,0.0,1.0,0.0,1.0,0.0,1.0,2.0,-19.36533504,-40.06548898,SPRF-ES,DEL04-ES,UOP01-DEL04-ES,2025-05-21 15:06:00,2025.0,5.0,15.0,tarde,False,0,moderado,BR-101
692929.0,2025-05-22,quinta,12:20,ES,101.0,149.9,LINHARES,Entrada inopinada do pedestre,Atropelamento de Pedestre,Com Vítimas Feridas,Pleno dia,Crescente,Céu Claro,Simples,Curva,Sim,3.0,0.0,0.0,1.0,1.0,1.0,1.0,3.0,-19.40454788,-40.06046426,SPRF-ES,DEL04-ES,UOP01-DEL04-ES,2025-05-22 12:20:00,2025.0,5.0,12.0,tarde,False,1,grave,BR-101
692939.0,2025-04-05,sabado,18:40,ES,101.0,17.5,PEDRO CANARIO,Transitar na contramão,Colisão frontal,Com Vítimas Fatais,Plena Noite,Crescente,Céu Claro,Simples,Curva,Não,3.0,1.0,0.0,0.0,1.0,1.0,0.0,3.0,-18.309158,-39.957192,SPRF-ES,DEL04-ES,UOP02-DEL04-ES,2025-04-05 18:40:00,2025.0,4.0,18.0,noite,False,1,fatal,BR-101
693013.0,2025-05-22,quinta,17:30,ES,101.0,17.5,PEDRO CANARIO,Ausência de reação do condutor,Colisão traseira,Com Vítimas Feridas,Anoitecer,Decrescente,Céu Claro,Simples,Aclive,Não,3.0,0.0,1.0,0.0,1.0,1.0,1.0,3.0,-18.30828844,-39.95766163,SPRF-ES,DEL04-ES,UOP02-DEL04-ES,2025-05-22 17:30:00,2025.0,5.0,17.0,tarde,False,0,moderado,BR-101
693052.0,2025-05-22,quinta,22:30,ES,101.0,159.0,LINHARES,Acessar a via sem observar a presença dos outros veículos,Colisão transversal,Sem Vítimas,Plena Noite,Crescente,Céu Claro,Simples,Interseção de Vias,Sim,2.0,0.0,0.0,0.0,1.0,1.0,0.0,2.0,-19.47009318,-40.11117491,SPRF-ES,DEL04-ES,UOP01-DEL04-ES,2025-05-22 22:30:00,2025.0,5.0,22.0,noite,False,0,baixo,BR-101
693158.0,2025-05-23,sexta,12:00,ES,101.0,299.0,VIANA,Condutor deixou de manter distância do veículo da frente,Colisão lateral sentido oposto,Com Vítimas Feridas,Pleno dia,Crescente,Sol,Múltipla,Interseção de Vias,Sim,2.0,0.0,0.0,1.0,1.0,0.0,1.0,2.0,-20.3556635,-40.41816163,SPRF-ES,DEL01-ES,UOP01-DEL01-ES,2025-05-23 12:00:00,2025.0,5.0,12.0,tarde,True,1,grave,BR-101
693736.0,2025-05-26,segunda,00:05,ES,101.0,161.7,LINHARES,Condutor Dormindo,Colisão frontal,Com Vítimas Feridas,Plena Noite,Crescente,Garoa/Chuvisco,Simples,Reta,Não,3.0,0.0,1.0,0.0,1.0,3.0,1.0,5.0,-19.48712572,-40.12382039,SPRF-ES,DEL04-ES,UOP01-DEL04-ES,2025-05-26 00:05:00,2025.0,5.0,0.0,madrugada,False,0,moderado,BR-101
693911.0,2025-05-26,segunda,16:40,ES,101.0,265.7,SERRA,Condutor deixou de manter distância do veículo da frente,Engavetamento,Com Vítimas Feridas,Anoitecer,Crescente,Chuva,Múltipla,Aclive,Sim,6.0,0.0,2.0,0.0,3.0,2.0,2.0,5.0,-20.1882207,-40.2684512,SPRF-ES,DEL02-ES,UOP01-DEL02-ES,2025-05-26 16:40:00,2025.0,5.0,16.0,tarde,True,0,moderado,BR-101
693944.0,2025-05-26,segunda,20:30,ES,101.0,173.8,ARACRUZ,Transitar na contramão,Colisão frontal,Com Vítimas Feridas,Plena Noite,Decrescente,Nublado,Simples,Reta,Sim,3.0,0.0,0.0,1.0,1.0,1.0,1.0,3.0,-19.59125251,-40.19418848,SPRF-ES,DEL04-ES,UOP01-DEL04-ES,2025-05-26 20:30:00,2025.0,5.0,20.0,noite,False,1,grave,BR-101
693953.0,2025-05-26,segunda,21:00,ES,101.0,173.5,ARACRUZ,Ausência de reação do condutor,Colisão traseira,Com Vítimas Feridas,Plena Noite,Crescente,Chuva,Simples,Reta,Não,9.0,0.0,1.0,0.0,7.0,5.0,1.0,9.0,-19.58383203,-40.18936642,SPRF-ES,DEL04-ES,UOP01-DEL04-ES,2025-05-26 21:00:00,2025.0,5.0,21.0,noite,False,0,moderado,BR-101
693985.0,2025-05-27,terca,05:50,ES,101.0,396.1,CACHOEIRO DE ITAPEMIRIM,Transitar na contramão,Colisão lateral sentido oposto,Com Vítimas Feridas,Amanhecer,Crescente,Nublado,Dupla,Reta,Não,3.0,0.0,0.0,1.0,1.0,1.0,1.0,3.0,-20.9274621,-41.0795597,SPRF-ES,DEL03-ES,UOP02-DEL03-ES,2025-05-27 05:50:00,2025.0,5.0,5.0,madrugada,False,1,grave,BR-101
694101.0,2025-05-27,terca,14:30,ES,101.0,270.0,SERRA,Manobra de mudança de faixa,Colisão lateral mesmo sentido,Com Vítimas Feridas,Pleno dia,Decrescente,Céu Claro,Dupla,Reta,Sim,2.0,0.0,1.0,0.0,0.0,1.0,1.0,2.0,-20.0488541,-40.3866988,SPRF-ES,DEL02-ES,UOP01-DEL02-ES,2025-05-27 14:30:00,2025.0,5.0,14.0,tarde,True,0,moderado,BR-101
694124.0,2025-05-27,terca,16:30,ES,101.0,461.0,MIMOSO DO SUL,Fumaça,Incêndio,Sem Vítimas,Pleno dia,Crescente,Céu Claro,Simples,Reta,Não,2.0,0.0,0.0,0.0,1.0,1.0,0.0,2.0,-21.22106116,-41.30764961,SPRF-ES,DEL03-ES,UOP02-DEL03-ES,2025-05-27 16:30:00,2025.0,5.0,16.0,tarde,False,0,baixo,BR-101
694253.0,2025-05-28,quarta,12:10,ES,101.0,340.1,GUARAPARI,Mal súbito do condutor,Colisão traseira,Com Vítimas Feridas,Pleno dia,Crescente,Céu Claro,Dupla,Reta;Aclive,Não,3.0,0.0,0.0,1.0,1.0,1.0,1.0,3.0,-20.647547,-40.567375,SPRF-ES,DEL03-ES,UOP01-DEL03-ES,2025-05-28 12:10:00,2025.0,5.0,12.0,tarde,True,1,grave,BR-101
694603.0,2025-05-30,sexta,08:40,ES,101.0,94.0,JAGUARE,Reação tardia ou ineficiente do condutor,Colisão traseira,Com Vítimas Feridas,Pleno dia,Crescente,Nublado,Simples,Reta,Sim,3.0,0.0,1.0,0.0,2.0,0.0,1.0,2.0,-18.93118263,-39.97336328,SPRF-ES,DEL04-ES,UOP02-DEL04-ES,2025-05-30 08:40:00,2025.0,5.0,8.0,manha,False,0,moderado,BR-101
694705.0,2025-05-30,sexta,17:00,ES,262.0,105.0,VENDA NOVA DO IMIGRANTE,Acessar a via sem observar a presença dos outros veículos,Colisão lateral mesmo sentido,Com Vítimas Feridas,Plena Noite,Crescente,Garoa/Chuvisco,Simples,Reta,Sim,5.0,0.0,1.0,0.0,3.0,1.0,1.0,4.0,-20.3267103,-41.145418,SPRF-ES,DEL01-ES,UOP02-DEL01-ES,2025-05-30 17:00:00,2025.0,5.0,17.0,tarde,False,0,moderado,BR-262
694728.0,2025-05-30,sexta,19:20,ES,101.0,278.0,SERRA,Demais falhas mecânicas ou elétricas,Colisão com objeto,Com Vítimas Feridas,Plena Noite,Decrescente,Nublado,Dupla,Reta,Sim,3.0,0.0,0.0,1.0,1.0,1.0,1.0,3.0,-20.2171155,-40.3302993,SPRF-ES,DEL02-ES,UOP01-DEL02-ES,2025-05-30 19:20:00,2025.0,5.0,19.0,noite,True,1,grave,BR-101
694877.0,2025-05-31,sabado,06:00,ES,101.0,150.8,IBATIBA,Problema com o freio,Tombamento,Com Vítimas Feridas,Amanhecer,Decrescente,Céu Claro,Simples,Declive,Não,2.0,0.0,1.0,0.0,0.0,1.0,1.0,2.0,-20.215768,-41.447737,SPRF-ES,DEL04-ES,UOP01-DEL04-ES,2025-05-31 06:00:00,2025.0,5.0,6.0,manha,False,0,moderado,BR-101
695393.0,2025-06-02,segunda,16:40,ES,101.0,289.8,CARIACICA,Ausência de reação do condutor,Colisão traseira,Com Vítimas Feridas,Pleno dia,Crescente,Céu Claro,Dupla,Reta;Aclive,Sim,2.0,0.0,1.0,0.0,1.0,0.0,1.0,2.0,-20.28693761,-40.39235187,SPRF-ES,DEL01-ES,UOP01-DEL01-ES,2025-06-02 16:40:00,2025.0,6.0,16.0,tarde,True,0,moderado,BR-101
695457.0,2025-06-02,segunda,21:30,ES,101.0,167.5,LINHARES,Condutor deixou de manter distância do veículo da frente,Colisão traseira,Com Vítimas Feridas,Plena Noite,Decrescente,Chuva,Simples,Reta;Interseção de Vias,Sim,2.0,0.0,1.0,0.0,1.0,0.0,1.0,2.0,-19.52374731,-40.14863952,SPRF-ES,DEL04-ES,UOP01-DEL04-ES,2025-06-02 21:30:00,2025.0,6.0,21.0,noite,False,0,moderado,BR-101
695513.0,2025-06-03,terca,08:00,ES,101.0,268.1,SERRA,Entrada inopinada do pedestre,Atropelamento de Pedestre,Com Vítimas Feridas,Pleno dia,Crescente,Nublado,Múltipla,Reta,Sim,3.0,0.0,2.0,0.0,1.0,0.0,2.0,3.0,-20.210093,-40.269801,SPRF-ES,DEL02-ES,UOP01-DEL02-ES,2025-06-03 08:00:00,2025.0,6.0,8.0,manha,True,0,moderado,BR-101
695553.0,2025-06-03,terca,11:50,ES,101.0,285.0,CARIACICA,Demais falhas mecânicas ou elétricas,Incêndio,Sem Vítimas,Pleno dia,Crescente,Sol,Dupla,Reta;Declive,Não,1.0,0.0,0.0,0.0,1.0,0.0,0.0,1.0,-20.25414499,-40.37475586,SPRF-ES,DEL01-ES,UOP01-DEL01-ES,2025-06-03 11:50:00,2025.0,6.0,11.0,manha,True,0,baixo,BR-101
695606.0,2025-06-03,terca,17:10,ES,259.0,54.0,COLATINA,Ausência de reação do condutor,Colisão traseira,Com Vítimas Feridas,Anoitecer,Crescente,Céu Claro,Simples,Reta,Não,3.0,0.0,1.0,0.0,1.0,1.0,1.0,3.0,-19.4994086,-40.631988,SPRF-ES,DEL02-ES,UOP01-DEL02-ES,2025-06-03 17:10:00,2025.0,6.0,17.0,tarde,False,0,moderado,BR-259
695682.0,2025-06-03,terca,23:00,ES,259.0,103.0,BAIXO GUANDU,Reação tardia ou ineficiente do condutor,Colisão transversal,Com Vítimas Feridas,Plena Noite,Decrescente,Céu Claro,Simples,Reta,Não,3.0,0.0,1.0,0.0,1.0,1.0,1.0,3.0,-19.517013,-41.020092,SPRF-ES,DEL02-ES,UOP01-DEL02-ES,2025-06-03 23:00:00,2025.0,6.0,23.0,noite,False,0,moderado,BR-259
695694.0,2025-06-04,quarta,04:25,ES,101.0,12.0,PEDRO CANARIO,Acessar a via sem observar a presença dos outros veículos,Colisão transversal,Com Vítimas Feridas,Amanhecer,Crescente,Nevoeiro/Neblina,Simples,Interseção de Vias,Não,3.0,0.0,2.0,0.0,0.0,1.0,2.0,2.0,-18.18759687,-39.92194788,SPRF-ES,DEL04-ES,UOP02-DEL04-ES,2025-06-04 04:25:00,2025.0,6.0,4.0,madrugada,False,0,moderado,BR-101
695708.0,2025-04-27,domingo,16:55,ES,101.0,361.0,GUARAPARI,Reação tardia ou ineficiente do condutor,Tombamento,Com Vítimas Fatais,Pleno dia,Crescente,Nublado,Simples,Declive;Curva,Não,34.0,2.0,25.0,3.0,2.0,3.0,28.0,6.0,-20.6580058,-40.6172825,SPRF-ES,DEL03-ES,UOP01-DEL03-ES,2025-04-27 16:55:00,2025.0,4.0,16.0,tarde,True,1,fatal,BR-101
695980.0,2025-06-05,quinta,08:40,ES,101.0,315.9,VILA VELHA,Ultrapassagem Indevida,Tombamento,Com Vítimas Feridas,Pleno dia,Crescente,Céu Claro,Dupla,Retorno Regulamentado,Não,3.0,0.0,1.0,0.0,1.0,1.0,1.0,3.0,-20.47619455,-40.4710242,SPRF-ES,DEL01-ES,UOP01-DEL01-ES,2025-06-05 08:40:00,2025.0,6.0,8.0,manha,True,0,moderado,BR-101
696126.0,2025-06-05,quinta,22:00,ES,101.0,280.3,SERRA,Reação tardia ou ineficiente do condutor,Colisão traseira,Com Vítimas Feridas,Plena Noite,Decrescente,Céu Claro,Dupla,Reta,Não,3.0,0.0,1.0,0.0,1.0,1.0,1.0,3.0,-20.2180495,-40.3505219,SPRF-ES,DEL02-ES,UOP01-DEL02-ES,2025-06-05 22:00:00,2025.0,6.0,22.0,noite,True,0,moderado,BR-101
696259.0,2025-05-13,terca,18:44,ES,101.0,278.9,SERRA,Manobra de mudança de faixa,Colisão lateral mesmo sentido,Com Vítimas Fatais,Plena Noite,Crescente,Garoa/Chuvisco,Dupla,Reta;Declive,Não,3.0,1.0,0.0,0.0,1.0,1.0,0.0,3.0,-20.04884377,-40.38640213,SPRF-ES,DEL02-ES,UOP01-DEL02-ES,2025-05-13 18:44:00,2025.0,5.0,18.0,noite,True,1,fatal,BR-101
696284.0,2025-05-29,quinta,15:19,ES,101.0,294.0,CARIACICA,Reação tardia ou ineficiente do condutor,Engavetamento,Com Vítimas Feridas,Pleno dia,Crescente,Nublado,Múltipla,Reta,Não,7.0,0.0,0.0,1.0,5.0,2.0,1.0,8.0,-20.325679,-40.396456,SPRF-ES,DEL01-ES,UOP01-DEL01-ES,2025-05-29 15:19:00,2025.0,5.0,15.0,tarde,True,1,grave,BR-101
696308.0,2025-06-06,sexta,18:58,ES,101.0,287.0,CARIACICA,Acessar a via sem observar a presença dos outros veículos,Colisão transversal,Com Vítimas Feridas,Plena Noite,Crescente,Nublado,Dupla,Reta,Sim,3.0,0.0,1.0,0.0,2.0,0.0,1.0,2.0,-20.264964,-40.38486,SPRF-ES,DEL01-ES,UOP01-DEL01-ES,2025-06-06 18:58:00,2025.0,6.0,18.0,noite,True,0,moderado,BR-101
696398.0,2025-06-07,sabado,02:40,ES,101.0,424.0,ATILIO VIVACQUA,Condutor Dormindo,Saída de leito carroçável,Com Vítimas Feridas,Plena Noite,Crescente,Céu Claro,Simples,Reta,Não,2.0,0.0,1.0,0.0,0.0,1.0,1.0,2.0,-20.9900251,-41.1248792,SPRF-ES,DEL03-ES,UOP02-DEL03-ES,2025-06-07 02:40:00,2025.0,6.0,2.0,madrugada,False,0,moderado,BR-101
696487.0,2025-06-07,sabado,11:40,ES,101.0,294.7,CARIACICA,Manobra de mudança de faixa,Colisão lateral mesmo sentido,Com Vítimas Feridas,Pleno dia,Crescente,Céu Claro,Dupla,Reta,Sim,2.0,0.0,1.0,0.0,1.0,0.0,1.0,2.0,-20.330668,-40.399523,SPRF-ES,DEL01-ES,UOP01-DEL01-ES,2025-06-07 11:40:00,2025.0,6.0,11.0,manha,True,0,moderado,BR-101
696506.0,2025-06-07,sabado,14:00,ES,101.0,210.0,IBIRACU,Condutor Dormindo,Colisão com objeto,Com Vítimas Feridas,Pleno dia,Decrescente,Nublado,Simples,Reta,Não,2.0,0.0,0.0,1.0,0.0,1.0,1.0,2.0,-19.79871833,-40.36991667,SPRF-ES,DEL02-ES,UOP01-DEL02-ES,2025-06-07 14:00:00,2025.0,6.0,14.0,tarde,False,1,grave,BR-101
696510.0,2025-05-15,quinta,06:30,ES,101.0,414.5,ITAPEMIRIM,Transitar na contramão,Colisão frontal,Com Vítimas Fatais,Pleno dia,Crescente,Garoa/Chuvisco,Dupla,Reta,Não,3.0,1.0,0.0,0.0,1.0,1.0,0.0,3.0,-20.92705,-41.078952,SPRF-ES,DEL03-ES,UOP02-DEL03-ES,2025-05-15 06:30:00,2025.0,5.0,6.0,manha,False,1,fatal,BR-101
696513.0,2025-06-07,sabado,13:15,ES,101.0,148.9,LINHARES,Estacionar ou parar em local proibido,Colisão traseira,Com Vítimas Feridas,Pleno dia,Decrescente,Céu Claro,Dupla,Reta,Sim,4.0,0.0,1.0,0.0,3.0,0.0,1.0,3.0,-19.4005451,-40.06181248,SPRF-ES,DEL04-ES,UOP01-DEL04-ES,2025-06-07 13:15:00,2025.0,6.0,13.0,tarde,False,0,moderado,BR-101
696517.0,2025-06-07,sabado,09:55,ES,101.0,169.4,LINHARES,Ausência de reação do condutor,Colisão traseira,Com Vítimas Feridas,Pleno dia,Decrescente,Céu Claro,Simples,Reta,Não,3.0,0.0,1.0,0.0,2.0,0.0,1.0,2.0,-19.54004872,-40.16106158,SPRF-ES,DEL04-ES,UOP01-DEL04-ES,2025-06-07 09:55:00,2025.0,6.0,9.0,manha,False,0,moderado,BR-101
696754.0,2025-06-08,domingo,11:00,ES,262.0,75.6,DOMINGOS MARTINS,Condutor Dormindo,Colisão lateral sentido oposto,Com Vítimas Feridas,Pleno dia,Crescente,Céu Claro,Simples,Curva,Não,4.0,0.0,2.0,0.0,1.0,1.0,2.0,3.0,-20.41571057,-40.906412,SPRF-ES,DEL01-ES,UOP02-DEL01-ES,2025-06-08 11:00:00,2025.0,6.0,11.0,manha,False,0,moderado,BR-262
697054.0,2025-06-09,segunda,17:00,ES,101.0,153.6,LINHARES,Frear bruscamente,Saída de leito carroçável,Sem Vítimas,Pleno dia,Crescente,Céu Claro,Simples,Reta,Não,3.0,0.0,0.0,0.0,2.0,1.0,0.0,3.0,-19.4260248,-40.08060572,SPRF-ES,DEL04-ES,UOP01-DEL04-ES,2025-06-09 17:00:00,2025.0,6.0,17.0,tarde,False,0,baixo,BR-101
697234.0,2025-06-10,terca,14:48,ES,262.0,34.0,DOMINGOS MARTINS,Ausência de reação do condutor,Colisão frontal,Com Vítimas Feridas,Pleno dia,Crescente,Chuva,Simples,Curva,Não,4.0,0.0,2.0,0.0,2.0,0.0,2.0,3.0,-20.37298673,-40.59223652,SPRF-ES,DEL01-ES,UOP01-DEL01-ES,2025-06-10 14:48:00,2025.0,6.0,14.0,tarde,False,0,moderado,BR-262
697396.0,2025-06-11,quarta,10:00,ES,101.0,147.9,LINHARES,Acessar a via sem observar a presença dos outros veículos,Colisão transversal,Com Vítimas Feridas,Pleno dia,Decrescente,Céu Claro,Dupla,Interseção de Vias,Não,2.0,0.0,1.0,0.0,1.0,0.0,1.0,2.0,-19.38730807,-40.06719486,SPRF-ES,DEL04-ES,UOP01-DEL04-ES,2025-06-11 10:00:00,2025.0,6.0,10.0,manha,False,0,moderado,BR-101
697401.0,2025-04-15,terca,00:01,ES,101.0,199.0,ARACRUZ,Reação tardia ou ineficiente do condutor,Engavetamento,Com Vítimas Feridas,Plena Noite,Crescente,Nublado,Simples,Reta,Não,4.0,0.0,0.0,1.0,2.0,2.0,1.0,5.0,-19.70215553,-40.32475638,SPRF-ES,DEL04-ES,UOP01-DEL04-ES,2025-04-15 00:01:00,2025.0,4.0,0.0,madrugada,False,1,grave,BR-101
697839.0,2025-06-13,sexta,09:40,ES,101.0,61.0,SAO MATEUS,Ausência de reação do condutor,Colisão traseira,Com Vítimas Feridas,Pleno dia,Decrescente,Céu Claro,Simples,Reta,Não,5.0,0.0,2.0,0.0,1.0,2.0,2.0,4.0,-18.6818032,-39.8636157,SPRF-ES,DEL04-ES,UOP02-DEL04-ES,2025-06-13 09:40:00,2025.0,6.0,9.0,manha,False,0,moderado,BR-101
697848.0,2025-06-13,sexta,09:50,ES,101.0,428.0,ATILIO VIVACQUA,Demais falhas mecânicas ou elétricas,Incêndio,Sem Vítimas,Pleno dia,Decrescente,Nublado,Simples,Reta,Não,2.0,0.0,0.0,0.0,1.0,1.0,0.0,2.0,-21.01852,-41.152062,SPRF-ES,DEL03-ES,UOP02-DEL03-ES,2025-06-13 09:50:00,2025.0,6.0,9.0,manha,False,0,baixo,BR-101
698001.0,2025-06-13,sexta,22:10,ES,262.0,27.9,VIANA,Ultrapassagem Indevida,Colisão frontal,Com Vítimas Feridas,Plena Noite,Crescente,Céu Claro,Simples,Curva,Não,8.0,0.0,5.0,1.0,2.0,0.0,6.0,3.0,-20.38508788,-40.55464458,SPRF-ES,DEL01-ES,UOP01-DEL01-ES,2025-06-13 22:10:00,2025.0,6.0,22.0,noite,True,1,grave,BR-262
698076.0,2025-06-14,sabado,11:00,ES,262.0,133.9,BREJETUBA,Velocidade Incompatível,Tombamento,Com Vítimas Feridas,Pleno dia,Crescente,Nublado,Simples,Curva,Não,2.0,0.0,1.0,0.0,0.0,1.0,1.0,2.0,-20.239755,-41.324804,SPRF-ES,DEL01-ES,UOP02-DEL01-ES,2025-06-14 11:00:00,2025.0,6.0,11.0,manha,False,0,moderado,BR-262
698315.0,2025-06-15,domingo,15:15,ES,101.0,168.3,ARACRUZ,Reação tardia ou ineficiente do condutor,Colisão lateral sentido oposto,Com Vítimas Feridas,Pleno dia,Decrescente,Nublado,Simples,Reta,Não,3.0,0.0,1.0,0.0,1.0,1.0,1.0,3.0,-19.6315622,-40.22641595,SPRF-ES,DEL04-ES,UOP01-DEL04-ES,2025-06-15 15:15:00,2025.0,6.0,15.0,tarde,False,0,moderado,BR-101
698474.0,2025-06-16,segunda,08:20,ES,101.0,292.0,CARIACICA,Conversão proibida,Colisão transversal,Sem Vítimas,Pleno dia,Crescente,Céu Claro,Simples,Reta,Sim,2.0,0.0,0.0,0.0,2.0,0.0,0.0,2.0,-20.311765,-40.394838,SPRF-ES,DEL01-ES,UOP01-DEL01-ES,2025-06-16 08:20:00,2025.0,6.0,8.0,manha,True,0,baixo,BR-101
698535.0,2025-06-16,segunda,14:40,ES,101.0,145.8,LINHARES,Condutor desrespeitou a iluminação vermelha do semáforo,Colisão transversal,Com Vítimas Feridas,Pleno dia,Crescente,Céu Claro,Simples,Interseção de Vias,Sim,2.0,0.0,1.0,0.0,1.0,0.0,1.0,2.0,-19.36956033,-40.0656265,SPRF-ES,DEL04-ES,UOP01-DEL04-ES,2025-06-16 14:40:00,2025.0,6.0,14.0,tarde,False,0,moderado,BR-101
698639.0,2025-06-17,terca,05:10,ES,101.0,71.9,SAO MATEUS,Condutor deixou de manter distância do veículo da frente,Colisão traseira,Com Vítimas Feridas,Amanhecer,Crescente,Nublado,Simples,Reta,Não,4.0,0.0,3.0,0.0,0.0,1.0,3.0,2.0,-18.75957957,-39.8632249,SPRF-ES,DEL04-ES,UOP02-DEL04-ES,2025-06-17 05:10:00,2025.0,6.0,5.0,madrugada,False,0,moderado,BR-101
698672.0,2025-06-17,terca,08:30,ES,101.0,289.1,CARIACICA,Acessar a via sem observar a presença dos outros veículos,Colisão transversal,Com Vítimas Feridas,Pleno dia,Decrescente,Nublado,Dupla,Retorno Regulamentado;Reta,Não,2.0,0.0,0.0,1.0,1.0,0.0,1.0,2.0,-20.2802085,-40.3924459,SPRF-ES,DEL01-ES,UOP01-DEL01-ES,2025-06-17 08:30:00,2025.0,6.0,8.0,manha,True,1,grave,BR-101
698699.0,2025-06-17,terca,10:00,ES,262.0,111.4,VENDA NOVA DO IMIGRANTE,Velocidade Incompatível,Engavetamento,Com Vítimas Feridas,Pleno dia,Decrescente,Chuva,Simples,Declive;Reta,Sim,5.0,0.0,1.0,0.0,4.0,0.0,1.0,4.0,-20.33781648,-41.19782925,SPRF-ES,DEL01-ES,UOP02-DEL01-ES,2025-06-17 10:00:00,2025.0,6.0,10.0,manha,False,0,moderado,BR-262
698707.0,2025-05-16,sexta,07:30,ES,262.0,55.4,MARECHAL FLORIANO,Mal súbito do condutor,Colisão frontal,Com Vítimas Fatais,Pleno dia,Crescente,Nublado,Simples,Declive;Curva,Não,6.0,1.0,0.0,2.0,3.0,0.0,2.0,3.0,-20.41187503,-40.75031726,SPRF-ES,DEL01-ES,UOP01-DEL01-ES,2025-05-16 07:30:00,2025.0,5.0,7.0,manha,False,1,fatal,BR-262
698727.0,2025-06-17,terca,14:20,ES,101.0,202.9,JOAO NEIVA,Carga excessiva e/ou mal acondicionada,Colisão lateral mesmo sentido,Com Vítimas Feridas,Pleno dia,Crescente,Céu Claro,Simples,Reta,Não,3.0,0.0,1.0,0.0,1.0,1.0,1.0,3.0,-19.7448,-40.3698,SPRF-ES,DEL04-ES,UOP01-DEL04-ES,2025-06-17 14:20:00,2025.0,6.0,14.0,tarde,False,0,moderado,BR-101
698806.0,2025-06-17,terca,19:55,ES,101.0,49.7,CONCEICAO DA BARRA,Condutor deixou de manter distância do veículo da frente,Colisão lateral mesmo sentido,Com Vítimas Feridas,Pleno dia,Crescente,Garoa/Chuvisco,Simples,Rotatória,Sim,3.0,0.0,1.0,0.0,1.0,2.0,1.0,4.0,-18.58279993,-39.89322679,SPRF-ES,DEL04-ES,UOP02-DEL04-ES,2025-06-17 19:55:00,2025.0,6.0,19.0,noite,False,0,moderado,BR-101
698879.0,2025-06-18,quarta,07:35,ES,101.0,413.0,ITAPEMIRIM,Ausência de reação do condutor,Colisão lateral sentido oposto,Com Vítimas Feridas,Pleno dia,Crescente,Céu Claro,Simples,Curva,Não,3.0,0.0,1.0,0.0,1.0,1.0,1.0,3.0,-20.92037791,-41.07704312,SPRF-ES,DEL03-ES,UOP02-DEL03-ES,2025-06-18 07:35:00,2025.0,6.0,7.0,manha,False,0,moderado,BR-101
698960.0,2025-06-18,quarta,15:50,ES,101.0,295.0,CARIACICA,Trafegar com motocicleta (ou similar) entre as faixas,Colisão traseira,Com Vítimas Feridas,Pleno dia,Decrescente,Nublado,Dupla,Reta,Não,3.0,0.0,0.0,1.0,2.0,0.0,1.0,3.0,-20.33092746,-40.39940953,SPRF-ES,DEL01-ES,UOP01-DEL01-ES,2025-06-18 15:50:00,2025.0,6.0,15.0,tarde,True,1,grave,BR-101
699044.0,2025-06-18,quarta,19:10,ES,101.0,33.0,PINHEIROS,Condutor Dormindo,Colisão lateral mesmo sentido,Com Vítimas Feridas,Plena Noite,Crescente,Céu Claro,Simples,Reta,Não,3.0,0.0,2.0,0.0,1.0,0.0,2.0,2.0,-18.36126093,-39.95319843,SPRF-ES,DEL04-ES,UOP02-DEL04-ES,2025-06-18 19:10:00,2025.0,6.0,19.0,noite,False,0,moderado,BR-101
699102.0,2025-06-19,quinta,06:40,ES,101.0,444.0,MIMOSO DO SUL,Ausência de reação do condutor,Colisão transversal,Com Vítimas Feridas,Amanhecer,Crescente,Céu Claro,Simples,Reta,Não,3.0,0.0,3.0,0.0,0.0,0.0,3.0,2.0,-21.1953988,-41.25640244,SPRF-ES,DEL03-ES,UOP02-DEL03-ES,2025-06-19 06:40:00,2025.0,6.0,6.0,manha,False,0,moderado,BR-101
699122.0,2025-06-19,quinta,08:10,ES,101.0,304.0,VIANA,Objeto estático sobre o leito carroçável,Colisão com objeto,Com Vítimas Feridas,Pleno dia,Crescente,Nublado,Dupla,Reta,Sim,4.0,0.0,2.0,0.0,1.0,1.0,2.0,3.0,-20.382593,-40.45945,SPRF-ES,DEL01-ES,UOP01-DEL01-ES,2025-06-19 08:10:00,2025.0,6.0,8.0,manha,True,0,moderado,BR-101
699589.0,2025-05-21,quarta,16:01,ES,101.0,362.5,ANCHIETA,Condutor deixou de manter distância do veículo da frente,Colisão traseira,Com Vítimas Feridas,Pleno dia,Decrescente,Céu Claro,Simples,Reta,Não,4.0,0.0,0.0,1.0,3.0,0.0,1.0,3.0,-20.717532,-40.732352,SPRF-ES,DEL03-ES,UOP01-DEL03-ES,2025-05-21 16:01:00,2025.0,5.0,16.0,tarde,False,1,grave,BR-101
699816.0,2025-06-22,domingo,18:00,ES,101.0,285.0,CARIACICA,Desrespeitar a preferência no cruzamento,Colisão transversal,Com Vítimas Feridas,Plena Noite,Crescente,Céu Claro,Dupla,Aclive;Reta;Retorno Regulamentado,Sim,2.0,0.0,1.0,0.0,1.0,0.0,1.0,2.0,-20.263947,-40.3782337,SPRF-ES,DEL01-ES,UOP01-DEL01-ES,2025-06-22 18:00:00,2025.0,6.0,18.0,noite,True,0,moderado,BR-101
700071.0,2025-06-23,segunda,18:00,ES,101.0,329.8,GUARAPARI,Conversão proibida,Colisão transversal,Com Vítimas Feridas,Plena Noite,Decrescente,Céu Claro,Dupla,Reta;Retorno Regulamentado,Não,5.0,0.0,1.0,0.0,4.0,0.0,1.0,2.0,-20.591389,-40.499247,SPRF-ES,DEL03-ES,UOP01-DEL03-ES,2025-06-23 18:00:00,2025.0,6.0,18.0,noite,True,0,moderado,BR-101
700162.0,2025-06-24,terca,08:10,ES,101.0,312.0,VILA VELHA,Reação tardia ou ineficiente do condutor,Colisão lateral mesmo sentido,Com Vítimas Feridas,Pleno dia,Decrescente,Céu Claro,Dupla,Reta,Não,2.0,0.0,1.0,0.0,1.0,0.0,1.0,2.0,-20.437771,-40.4595223,SPRF-ES,DEL01-ES,UOP01-DEL01-ES,2025-06-24 08:10:00,2025.0,6.0,8.0,manha,True,0,moderado,BR-101
700250.0,2025-06-24,terca,14:55,ES,262.0,32.6,DOMINGOS MARTINS,Transitar na contramão,Colisão lateral sentido oposto,Com Vítimas Feridas,Pleno dia,Decrescente,Sol,Simples,Curva,Não,2.0,0.0,1.0,0.0,1.0,0.0,1.0,2.0,-20.37759519,-40.58069587,SPRF-ES,DEL01-ES,UOP01-DEL01-ES,2025-06-24 14:55:00,2025.0,6.0,14.0,tarde,False,0,moderado,BR-262
700264.0,2025-06-24,terca,15:40,ES,101.0,230.0,FUNDAO,Condutor Dormindo,Colisão frontal,Com Vítimas Feridas,Pleno dia,Crescente,Céu Claro,Simples,Curva,Não,4.0,0.0,1.0,0.0,2.0,2.0,1.0,5.0,-19.98322683,-40.41366609,SPRF-ES,DEL02-ES,UOP01-DEL02-ES,2025-06-24 15:40:00,2025.0,6.0,15.0,tarde,True,0,moderado,BR-101
700474.0,2025-06-25,quarta,18:40,ES,262.0,47.8,MARECHAL FLORIANO,Transitar na contramão,Colisão lateral sentido oposto,Com Vítimas Fatais,Plena Noite,Crescente,Céu Claro,Simples,Reta,Sim,2.0,1.0,0.0,0.0,1.0,0.0,0.0,2.0,-20.41172881,-40.69087696,SPRF-ES,DEL01-ES,UOP01-DEL01-ES,2025-06-25 18:40:00,2025.0,6.0,18.0,noite,False,1,fatal,BR-262
700584.0,2025-06-26,quinta,04:20,ES,101.0,8.6,SERRA,Reação tardia ou ineficiente do condutor,Colisão com objeto,Sem Vítimas,Plena Noite,Crescente,Céu Claro,Dupla,Curva,Não,1.0,0.0,0.0,0.0,1.0,0.0,0.0,1.0,-20.129867,-40.338686,SPRF-ES,DEL02-ES,UOP01-DEL02-ES,2025-06-26 04:20:00,2025.0,6.0,4.0,madrugada,True,0,baixo,BR-101
700586.0,2025-06-26,quinta,08:00,ES,101.0,314.1,VILA VELHA,Demais falhas mecânicas ou elétricas,Tombamento,Com Vítimas Feridas,Pleno dia,Decrescente,Céu Claro,Dupla,Reta,Não,2.0,0.0,1.0,0.0,0.0,1.0,1.0,2.0,-20.464522,-40.465338,SPRF-ES,DEL01-ES,UOP01-DEL01-ES,2025-06-26 08:00:00,2025.0,6.0,8.0,manha,True,0,moderado,BR-101
700783.0,2025-06-27,sexta,05:38,ES,101.0,131.0,LINHARES,Falta de acostamento,Colisão traseira,Com Vítimas Fatais,Plena Noite,Crescente,Nevoeiro/Neblina,Dupla,Aclive,Não,3.0,1.0,0.0,0.0,1.0,1.0,0.0,3.0,-19.239573,-40.091783,SPRF-ES,DEL04-ES,UOP01-DEL04-ES,2025-06-27 05:38:00,2025.0,6.0,5.0,madrugada,False,1,fatal,BR-101
700872.0,2025-06-27,sexta,14:12,ES,262.0,34.0,DOMINGOS MARTINS,Ausência de reação do condutor,Colisão frontal,Com Vítimas Feridas,Pleno dia,Decrescente,Céu Claro,Simples,Declive;Curva,Não,6.0,0.0,1.0,2.0,2.0,1.0,3.0,4.0,-20.37286062,-40.59232573,SPRF-ES,DEL01-ES,UOP01-DEL01-ES,2025-06-27 14:12:00,2025.0,6.0,14.0,tarde,False,1,grave,BR-262
701045.0,2025-06-28,sabado,07:30,ES,101.0,100.0,JAGUARE,Ultrapassagem Indevida,Colisão frontal,Com Vítimas Feridas,Pleno dia,Decrescente,Sol,Simples,Reta,Não,3.0,0.0,0.0,1.0,1.0,1.0,1.0,3.0,-18.98246939,-39.99647554,SPRF-ES,DEL04-ES,UOP02-DEL04-ES,2025-06-28 07:30:00,2025.0,6.0,7.0,manha,False,1,grave,BR-101
701524.0,2025-06-30,segunda,06:50,ES,259.0,40.5,COLATINA,Condutor Dormindo,Colisão lateral sentido oposto,Com Vítimas Feridas,Pleno dia,Crescente,Sol,Simples,Curva,Não,4.0,0.0,0.0,1.0,3.0,0.0,1.0,3.0,-19.55600253,-40.55195242,SPRF-ES,DEL02-ES,UOP01-DEL02-ES,2025-06-30 06:50:00,2025.0,6.0,6.0,manha,False,1,grave,BR-259
701739.0,2025-07-01,terca,07:50,ES,101.0,276.4,SERRA,Acessar a via sem observar a presença dos outros veículos,Colisão transversal,Com Vítimas Feridas,Pleno dia,Crescente,Sol,Dupla,Reta,Não,3.0,0.0,0.0,1.0,1.0,1.0,1.0,3.0,-20.20911167,-40.31606667,SPRF-ES,DEL02-ES,UOP01-DEL02-ES,2025-07-01 07:50:00,2025.0,7.0,7.0,manha,True,1,grave,BR-101
701758.0,2025-07-01,terca,09:40,ES,262.0,69.0,MARECHAL FLORIANO,Ausência de reação do condutor,Saída de leito carroçável,Com Vítimas Feridas,Pleno dia,Decrescente,Sol,Simples,Declive;Curva,Não,2.0,0.0,1.0,0.0,0.0,1.0,1.0,2.0,-20.416166,-40.862988,SPRF-ES,DEL01-ES,UOP02-DEL01-ES,2025-07-01 09:40:00,2025.0,7.0,9.0,manha,False,0,moderado,BR-262
701880.0,2025-07-01,terca,22:10,ES,101.0,407.9,ITAPEMIRIM,Velocidade Incompatível,Tombamento,Com Vítimas Feridas,Plena Noite,Crescente,Nublado,Simples,Curva,Não,3.0,0.0,1.0,0.0,1.0,1.0,1.0,2.0,-20.8898128,-41.03797114,SPRF-ES,DEL03-ES,UOP02-DEL03-ES,2025-07-01 22:10:00,2025.0,7.0,22.0,noite,False,0,moderado,BR-101
701932.0,2025-07-02,quarta,08:40,ES,101.0,277.8,SERRA,Ausência de reação do condutor,Colisão lateral mesmo sentido,Com Vítimas Feridas,Pleno dia,Crescente,Sol,Dupla,Reta,Não,6.0,0.0,0.0,2.0,3.0,1.0,2.0,5.0,-20.21002025,-40.31698466,SPRF-ES,DEL02-ES,UOP01-DEL02-ES,2025-07-02 08:40:00,2025.0,7.0,8.0,manha,True,1,grave,BR-101
702004.0,2025-07-02,quarta,15:00,ES,101.0,133.2,LINHARES,Ultrapassagem Indevida,Colisão frontal,Com Vítimas Fatais,Pleno dia,Crescente,Céu Claro,Simples,Reta,Não,5.0,1.0,0.0,2.0,1.0,1.0,2.0,3.0,-19.25978667,-40.08962667,SPRF-ES,DEL04-ES,UOP01-DEL04-ES,2025-07-02 15:00:00,2025.0,7.0,15.0,tarde,False,1,fatal,BR-101
702111.0,2025-07-03,quinta,07:02,ES,101.0,264.0,SERRA,Manobra de mudança de faixa,Tombamento,Com Vítimas Fatais,Pleno dia,Crescente,Chuva,Múltipla,Reta,Sim,3.0,1.0,1.0,0.0,0.0,1.0,1.0,2.0,-20.17465913,-40.26669413,SPRF-ES,DEL02-ES,UOP01-DEL02-ES,2025-07-03 07:02:00,2025.0,7.0,7.0,manha,True,1,fatal,BR-101
702187.0,2025-07-03,quinta,14:59,ES,101.0,434.9,MIMOSO DO SUL,Ultrapassagem Indevida,Colisão lateral mesmo sentido,Com Vítimas Feridas,Pleno dia,Decrescente,Chuva,Simples,Reta,Não,2.0,0.0,0.0,1.0,1.0,0.0,1.0,2.0,-21.05580434,-41.19702919,SPRF-ES,DEL03-ES,UOP02-DEL03-ES,2025-07-03 14:59:00,2025.0,7.0,14.0,tarde,False,1,grave,BR-101
702213.0,2025-07-03,quinta,16:47,ES,101.0,369.6,ANCHIETA,Ultrapassagem Indevida,Colisão frontal,Com Vítimas Feridas,Anoitecer,Decrescente,Chuva,Simples,Curva,Não,3.0,0.0,0.0,1.0,1.0,1.0,1.0,3.0,-20.762657,-40.760368,SPRF-ES,DEL03-ES,UOP01-DEL03-ES,2025-07-03 16:47:00,2025.0,7.0,16.0,tarde,False,1,grave,BR-101
702667.0,2025-07-05,sabado,13:07,ES,101.0,242.7,SERRA,Condutor usando celular,Colisão frontal,Com Vítimas Fatais,Pleno dia,Crescente,Céu Claro,Simples,Curva,Não,3.0,1.0,0.0,1.0,0.0,3.0,1.0,5.0,-20.03757,-40.39311,SPRF-ES,DEL02-ES,UOP01-DEL02-ES,2025-07-05 13:07:00,2025.0,7.0,13.0,tarde,True,1,fatal,BR-101
702760.0,2025-07-05,sabado,20:10,ES,101.0,314.2,VILA VELHA,Velocidade Incompatível,Colisão com objeto,Com Vítimas Feridas,Plena Noite,Decrescente,Céu Claro,Dupla,Curva,Não,2.0,0.0,1.0,0.0,0.0,1.0,1.0,2.0,-20.46500915,-40.46546683,SPRF-ES,DEL01-ES,UOP01-DEL01-ES,2025-07-05 20:10:00,2025.0,7.0,20.0,noite,True,0,moderado,BR-101
703083.0,2025-07-07,segunda,07:50,ES,101.0,267.9,SERRA,Acessar a via sem observar a presença dos outros veículos,Colisão transversal,Com Vítimas Feridas,Pleno dia,Crescente,Céu Claro,Múltipla,Interseção de Vias,Sim,3.0,0.0,2.0,0.0,1.0,0.0,2.0,2.0,-20.2021626,-40.26913762,SPRF-ES,DEL02-ES,UOP01-DEL02-ES,2025-07-07 07:50:00,2025.0,7.0,7.0,manha,True,0,moderado,BR-101
703260.0,2025-07-07,segunda,21:30,ES,101.0,12.5,SERRA,Animais na Pista,Atropelamento de Animal,Sem Vítimas,Plena Noite,Crescente,Nublado,Dupla,Reta,Não,1.0,0.0,0.0,0.0,1.0,0.0,0.0,1.0,-20.154161,-40.3477242,SPRF-ES,DEL02-ES,UOP01-DEL02-ES,2025-07-07 21:30:00,2025.0,7.0,21.0,noite,True,0,baixo,BR-101
703342.0,2025-07-08,terca,10:00,ES,262.0,77.8,DOMINGOS MARTINS,Velocidade Incompatível,Tombamento,Com Vítimas Feridas,Pleno dia,Decrescente,Nublado,Dupla,Curva,Não,2.0,0.0,0.0,1.0,0.0,1.0,1.0,2.0,-20.40832649,-40.91604228,SPRF-ES,DEL01-ES,UOP02-DEL01-ES,2025-07-08 10:00:00,2025.0,7.0,10.0,manha,False,1,grave,BR-262
703365.0,2025-07-08,terca,12:40,ES,259.0,64.0,COLATINA,Reação tardia ou ineficiente do condutor,Colisão frontal,Com Vítimas Feridas,Pleno dia,Crescente,Nublado,Simples,Reta,Não,2.0,0.0,0.0,1.0,1.0,0.0,1.0,2.0,-19.53508686,-40.62809945,SPRF-ES,DEL02-ES,UOP01-DEL02-ES,2025-07-08 12:40:00,2025.0,7.0,12.0,tarde,False,1,grave,BR-259
703511.0,2025-07-09,quarta,06:40,ES,101.0,298.2,VIANA,Acessar a via sem observar a presença dos outros veículos,Colisão lateral mesmo sentido,Com Vítimas Feridas,Pleno dia,Crescente,Nublado,Dupla,Reta,Sim,2.0,0.0,1.0,0.0,1.0,0.0,1.0,2.0,-20.354467,-40.416822,SPRF-ES,DEL01-ES,UOP01-DEL01-ES,2025-07-09 06:40:00,2025.0,7.0,6.0,manha,True,0,moderado,BR-101
703583.0,2025-07-09,quarta,12:30,ES,101.0,389.0,RIO NOVO DO SUL,Avarias e/ou desgaste excessivo no pneu,Saída de leito carroçável,Com Vítimas Feridas,Pleno dia,Crescente,Nublado,Simples,Curva,Não,2.0,0.0,1.0,0.0,0.0,1.0,1.0,2.0,-20.8610104,-40.87625083,SPRF-ES,DEL03-ES,UOP02-DEL03-ES,2025-07-09 12:30:00,2025.0,7.0,12.0,tarde,False,0,moderado,BR-101
703919.0,2025-07-10,quinta,20:20,ES,101.0,176.4,ARACRUZ,Acessar a via sem observar a presença dos outros veículos,Colisão transversal,Com Vítimas Feridas,Plena Noite,Decrescente,Chuva,Simples,Interseção de Vias;Rotatória;Retorno Regulamentado,Sim,3.0,0.0,1.0,0.0,1.0,1.0,1.0,3.0,-19.59720186,-40.200224,SPRF-ES,DEL04-ES,UOP01-DEL04-ES,2025-07-10 20:20:00,2025.0,7.0,20.0,noite,False,0,moderado,BR-101
703943.0,2025-07-11,sexta,02:30,ES,101.0,368.0,ANCHIETA,Velocidade Incompatível,Colisão frontal,Com Vítimas Feridas,Plena Noite,Crescente,Chuva,Simples,Curva,Não,3.0,0.0,0.0,2.0,0.0,2.0,2.0,4.0,-20.756072,-40.75604,SPRF-ES,DEL03-ES,UOP01-DEL03-ES,2025-07-11 02:30:00,2025.0,7.0,2.0,madrugada,False,1,grave,BR-101
703963.0,2025-07-11,sexta,07:15,ES,101.0,332.0,GUARAPARI,Condutor deixou de manter distância do veículo da frente,Colisão traseira,Com Vítimas Feridas,Amanhecer,Decrescente,Chuva,Dupla,Reta,Não,2.0,0.0,0.0,1.0,1.0,0.0,1.0,2.0,-20.606718,-40.507827,SPRF-ES,DEL03-ES,UOP01-DEL03-ES,2025-07-11 07:15:00,2025.0,7.0,7.0,manha,True,1,grave,BR-101
704552.0,2025-06-12,quinta,10:30,ES,101.0,269.0,SERRA,Ausência de reação do condutor,Colisão lateral mesmo sentido,Com Vítimas Feridas,Pleno dia,Crescente,Céu Claro,Dupla,Reta,Sim,4.0,0.0,0.0,1.0,1.0,2.0,1.0,4.0,-20.2216338,-40.2703312,SPRF-ES,DEL02-ES,UOP01-DEL02-ES,2025-06-12 10:30:00,2025.0,6.0,10.0,manha,True,1,grave,BR-101
704701.0,2025-07-14,segunda,09:30,ES,101.0,231.0,FUNDAO,Reação tardia ou ineficiente do condutor,Colisão traseira,Com Vítimas Feridas,Pleno dia,Decrescente,Céu Claro,Dupla,Curva,Sim,10.0,0.0,0.0,1.0,8.0,1.0,1.0,6.0,-19.94374081,-40.40621281,SPRF-ES,DEL02-ES,UOP01-DEL02-ES,2025-07-14 09:30:00,2025.0,7.0,9.0,manha,True,1,grave,BR-101
704931.0,2025-07-15,terca,10:00,ES,101.0,17.5,PEDRO CANARIO,Velocidade Incompatível,Colisão frontal,Com Vítimas Fatais,Pleno dia,Decrescente,Céu Claro,Simples,Curva,Não,11.0,1.0,8.0,0.0,0.0,16.0,8.0,21.0,-18.3066359,-39.9573907,SPRF-ES,DEL04-ES,UOP02-DEL04-ES,2025-07-15 10:00:00,2025.0,7.0,10.0,manha,False,1,fatal,BR-101
704958.0,2025-07-15,terca,14:25,ES,259.0,62.4,COLATINA,Pedestre andava na pista,Atropelamento de Pedestre,Com Vítimas Feridas,Pleno dia,Crescente,Céu Claro,Simples,Reta,Não,2.0,0.0,0.0,1.0,1.0,0.0,1.0,2.0,-19.52439724,-40.70305109,SPRF-ES,DEL02-ES,UOP01-DEL02-ES,2025-07-15 14:25:00,2025.0,7.0,14.0,tarde,False,1,grave,BR-259
705083.0,2025-07-16,quarta,04:00,ES,101.0,273.0,SERRA,Ausência de reação do condutor,Colisão traseira,Com Vítimas Feridas,Plena Noite,Crescente,Céu Claro,Dupla,Reta,Sim,3.0,0.0,0.0,1.0,1.0,1.0,1.0,3.0,-20.21588308,-40.2808214,SPRF-ES,DEL02-ES,UOP01-DEL02-ES,2025-07-16 04:00:00,2025.0,7.0,4.0,madrugada,True,1,grave,BR-101
705108.0,2025-07-16,quarta,07:45,ES,101.0,145.6,LINHARES,Manobra de mudança de faixa,Colisão lateral mesmo sentido,Com Vítimas Feridas,Pleno dia,Decrescente,Céu Claro,Múltipla,Reta;Declive,Sim,2.0,0.0,1.0,0.0,1.0,0.0,1.0,2.0,-19.3664892,-40.0649349,SPRF-ES,DEL04-ES,UOP01-DEL04-ES,2025-07-16 07:45:00,2025.0,7.0,7.0,manha,False,0,moderado,BR-101
705263.0,2025-07-17,quinta,03:00,ES,259.0,51.2,COLATINA,Condutor Dormindo,Tombamento,Com Vítimas Feridas,Plena Noite,Crescente,Nublado,Simples,Declive;Curva,Não,3.0,0.0,0.0,1.0,0.0,2.0,1.0,3.0,-19.50214548,-40.61637908,SPRF-ES,DEL02-ES,UOP01-DEL02-ES,2025-07-17 03:00:00,2025.0,7.0,3.0,madrugada,False,1,grave,BR-259
705285.0,2025-07-17,quinta,08:09,ES,262.0,194.2,IUNA,Reação tardia ou ineficiente do condutor,Tombamento,Com Vítimas Feridas,Pleno dia,Crescente,Céu Claro,Simples,Declive;Curva,Não,2.0,0.0,0.0,2.0,0.0,0.0,2.0,1.0,-20.28325149,-41.76383972,SPRF-ES,DEL01-ES,UOP02-DEL01-ES,2025-07-17 08:09:00,2025.0,7.0,8.0,manha,False,1,grave,BR-262
705426.0,2025-07-17,quinta,21:00,ES,101.0,69.0,SAO MATEUS,Suicídio (presumido),Colisão frontal,Com Vítimas Fatais,Plena Noite,Crescente,Céu Claro,Simples,Aclive;Reta,Não,2.0,1.0,0.0,0.0,1.0,0.0,0.0,2.0,-18.734815,-39.860305,SPRF-ES,DEL04-ES,UOP02-DEL04-ES,2025-07-17 21:00:00,2025.0,7.0,21.0,noite,False,1,fatal,BR-101
705428.0,2025-07-17,quinta,21:30,ES,101.0,406.7,ITAPEMIRIM,Reação tardia ou ineficiente do condutor,Saída de leito carroçável,Com Vítimas Feridas,Plena Noite,Crescente,Céu Claro,Simples,Reta,Não,2.0,0.0,0.0,1.0,0.0,1.0,1.0,2.0,-20.8910509,-41.03899956,SPRF-ES,DEL03-ES,UOP02-DEL03-ES,2025-07-17 21:30:00,2025.0,7.0,21.0,noite,False,1,grave,BR-101
705452.0,2025-07-18,sexta,05:00,ES,101.0,383.7,RIO NOVO DO SUL,Condutor Dormindo,Colisão frontal,Com Vítimas Fatais,Plena Noite,Crescente,Céu Claro,Simples,Curva,Não,9.0,1.0,7.0,0.0,0.0,2.0,7.0,6.0,-20.82923314,-40.85781097,SPRF-ES,DEL03-ES,UOP01-DEL03-ES,2025-07-18 05:00:00,2025.0,7.0,5.0,madrugada,False,1,fatal,BR-101
705465.0,2025-07-18,sexta,07:30,ES,262.0,151.0,IBATIBA,Problema com o freio,Tombamento,Com Vítimas Feridas,Pleno dia,Crescente,Céu Claro,Simples,Declive;Curva,Não,1.0,0.0,1.0,0.0,0.0,0.0,1.0,1.0,-20.21494735,-41.44941866,SPRF-ES,DEL01-ES,UOP02-DEL01-ES,2025-07-18 07:30:00,2025.0,7.0,7.0,manha,False,0,moderado,BR-262
705479.0,2025-07-18,sexta,08:40,ES,262.0,76.4,DOMINGOS MARTINS,Reação tardia ou ineficiente do condutor,Saída de leito carroçável,Com Vítimas Fatais,Pleno dia,Crescente,Céu Claro,Simples,Curva,Não,3.0,1.0,0.0,1.0,0.0,1.0,1.0,2.0,-20.410259,-40.917099,SPRF-ES,DEL01-ES,UOP02-DEL01-ES,2025-07-18 08:40:00,2025.0,7.0,8.0,manha,False,1,fatal,BR-262
705871.0,2025-07-19,sabado,19:00,ES,262.0,53.0,MARECHAL FLORIANO,Ingestão de álcool pelo condutor,Colisão frontal,Com Vítimas Feridas,Plena Noite,Crescente,Garoa/Chuvisco,Simples,Curva,Não,3.0,0.0,0.0,1.0,1.0,1.0,1.0,3.0,-20.413946,-40.733933,SPRF-ES,DEL01-ES,UOP01-DEL01-ES,2025-07-19 19:00:00,2025.0,7.0,19.0,noite,False,1,grave,BR-262
706025.0,2025-07-20,domingo,09:00,ES,101.0,0.0,GUARAPARI,Condutor Dormindo,Tombamento,Sem Vítimas,Pleno dia,Crescente,Sol,Dupla,Curva;Aclive,Não,3.0,0.0,0.0,0.0,1.0,2.0,0.0,2.0,-20.6585386,-40.6135151,SPRF-ES,DEL03-ES,UOP02-DEL03-ES,2025-07-20 09:00:00,2025.0,7.0,9.0,manha,True,0,baixo,BR-101
706185.0,2025-07-21,segunda,07:10,ES,101.0,202.1,JOAO NEIVA,Velocidade Incompatível,Saída de leito carroçável,Com Vítimas Feridas,Pleno dia,Decrescente,Céu Claro,Simples,Curva,Não,3.0,0.0,0.0,1.0,1.0,3.0,1.0,5.0,-19.74270827,-40.36509647,SPRF-ES,DEL04-ES,UOP01-DEL04-ES,2025-07-21 07:10:00,2025.0,7.0,7.0,manha,False,1,grave,BR-101
706419.0,2025-07-22,terca,09:15,ES,101.0,125.3,SOORETAMA,Pedestre cruzava a pista fora da faixa,Atropelamento de Pedestre,Com Vítimas Feridas,Pleno dia,Crescente,Céu Claro,Simples,Reta,Sim,3.0,0.0,1.0,0.0,2.0,0.0,1.0,2.0,-19.18720461,-40.09451866,SPRF-ES,DEL04-ES,UOP01-DEL04-ES,2025-07-22 09:15:00,2025.0,7.0,9.0,manha,False,0,moderado,BR-101
706428.0,2025-07-22,terca,09:40,ES,101.0,431.0,ATILIO VIVACQUA,Acumulo de areia ou detritos sobre o pavimento,Eventos atípicos,Com Vítimas Feridas,Pleno dia,Decrescente,Céu Claro,Simples,Reta,Não,2.0,0.0,2.0,0.0,0.0,0.0,2.0,1.0,-21.05295076,-41.19356378,SPRF-ES,DEL03-ES,UOP02-DEL03-ES,2025-07-22 09:40:00,2025.0,7.0,9.0,manha,False,0,moderado,BR-101
706528.0,2025-07-22,terca,18:00,ES,101.0,282.0,CARIACICA,Objeto estático sobre o leito carroçável,Colisão com objeto,Com Vítimas Feridas,Plena Noite,Crescente,Céu Claro,Dupla,Viaduto,Não,2.0,0.0,0.0,1.0,1.0,0.0,1.0,2.0,-20.2267744,-40.3643961,SPRF-ES,DEL01-ES,UOP01-DEL01-ES,2025-07-22 18:00:00,2025.0,7.0,18.0,noite,True,1,grave,BR-101
706691.0,2025-07-23,quarta,12:30,ES,101.0,53.8,SAO MATEUS,Mal súbito do condutor,Colisão lateral sentido oposto,Com Vítimas Feridas,Pleno dia,Crescente,Céu Claro,Simples,Reta,Não,3.0,0.0,0.0,1.0,1.0,2.0,1.0,4.0,-18.637979,-39.8773582,SPRF-ES,DEL04-ES,UOP02-DEL04-ES,2025-07-23 12:30:00,2025.0,7.0,12.0,tarde,False,1,grave,BR-101
706797.0,2025-07-24,quinta,03:00,ES,101.0,272.4,SERRA,Condutor Dormindo,Saída de leito carroçável,Com Vítimas Feridas,Plena Noite,Crescente,Céu Claro,Múltipla,Reta,Sim,2.0,0.0,1.0,0.0,0.0,2.0,1.0,3.0,-20.2237503,-40.2876038,SPRF-ES,DEL02-ES,UOP01-DEL02-ES,2025-07-24 03:00:00,2025.0,7.0,3.0,madrugada,True,0,moderado,BR-101
706924.0,2025-07-24,quinta,17:00,ES,101.0,269.3,SERRA,Acessar a via sem observar a presença dos outros veículos,Colisão lateral mesmo sentido,Com Vítimas Feridas,Anoitecer,Decrescente,Céu Claro,Simples,Reta,Sim,2.0,0.0,1.0,0.0,1.0,0.0,1.0,2.0,-20.22075232,-40.27018563,SPRF-ES,DEL02-ES,UOP01-DEL02-ES,2025-07-24 17:00:00,2025.0,7.0,17.0,tarde,True,0,moderado,BR-101
706977.0,2025-07-24,quinta,20:00,ES,101.0,457.0,MIMOSO DO SUL,Acessar a via sem observar a presença dos outros veículos,Colisão lateral mesmo sentido,Com Vítimas Feridas,Plena Noite,Crescente,Céu Claro,Simples,Reta,Não,2.0,0.0,2.0,0.0,0.0,0.0,2.0,2.0,-21.19999687,-41.3009119,SPRF-ES,DEL03-ES,UOP02-DEL03-ES,2025-07-24 20:00:00,2025.0,7.0,20.0,noite,False,0,moderado,BR-101
707046.0,2025-07-25,sexta,08:50,ES,262.0,24.9,VIANA,Demais falhas mecânicas ou elétricas,Incêndio,Sem Vítimas,Pleno dia,Crescente,Céu Claro,Simples,Reta;Aclive,Não,1.0,0.0,0.0,0.0,1.0,0.0,0.0,1.0,-20.37904784,-40.5347965,SPRF-ES,DEL01-ES,UOP01-DEL01-ES,2025-07-25 08:50:00,2025.0,7.0,8.0,manha,True,0,baixo,BR-262
707084.0,2025-07-25,sexta,09:40,ES,262.0,120.8,CONCEICAO DO CASTELO,Ausência de reação do condutor,Tombamento,Com Vítimas Feridas,Pleno dia,Decrescente,Sol,Simples,Declive;Curva,Não,1.0,0.0,1.0,0.0,0.0,0.0,1.0,1.0,-20.29467,-41.227997,SPRF-ES,DEL01-ES,UOP02-DEL01-ES,2025-07-25 09:40:00,2025.0,7.0,9.0,manha,False,0,moderado,BR-262
707185.0,2025-07-25,sexta,19:00,ES,101.0,278.8,SERRA,Condutor deixou de manter distância do veículo da frente,Colisão traseira,Com Vítimas Feridas,Plena Noite,Crescente,Céu Claro,Múltipla,Curva,Não,2.0,0.0,1.0,0.0,0.0,1.0,1.0,2.0,-20.218005,-40.339229,SPRF-ES,DEL02-ES,UOP01-DEL02-ES,2025-07-25 19:00:00,2025.0,7.0,19.0,noite,True,0,moderado,BR-101
707814.0,2025-07-28,segunda,09:37,ES,101.0,291.0,CARIACICA,Condutor deixou de manter distância do veículo da frente,Colisão traseira,Com Vítimas Feridas,Pleno dia,Decrescente,Sol,Dupla,Reta,Sim,2.0,0.0,1.0,0.0,1.0,0.0,1.0,2.0,-20.36576062,-40.37303925,SPRF-ES,DEL01-ES,UOP01-DEL01-ES,2025-07-28 09:37:00,2025.0,7.0,9.0,manha,True,0,moderado,BR-101
707845.0,2025-07-28,segunda,14:37,ES,101.0,344.0,GUARAPARI,Ausência de reação do condutor,Tombamento,Com Vítimas Feridas,Pleno dia,Crescente,Céu Claro,Dupla,Curva,Não,2.0,0.0,1.0,0.0,0.0,1.0,1.0,2.0,-20.65876971,-40.61394081,SPRF-ES,DEL03-ES,UOP01-DEL03-ES,2025-07-28 14:37:00,2025.0,7.0,14.0,tarde,True,0,moderado,BR-101
707980.0,2025-07-29,terca,07:30,ES,101.0,265.4,SERRA,Condutor deixou de manter distância do veículo da frente,Colisão lateral mesmo sentido,Com Vítimas Fatais,Pleno dia,Crescente,Céu Claro,Múltipla,Reta;Aclive,Sim,5.0,1.0,2.0,0.0,1.0,1.0,2.0,5.0,-20.185471,-40.267666,SPRF-ES,DEL02-ES,UOP01-DEL02-ES,2025-07-29 07:30:00,2025.0,7.0,7.0,manha,True,1,fatal,BR-101
708526.0,2025-07-31,quinta,22:35,ES,101.0,368.5,ANCHIETA,Velocidade Incompatível,Colisão lateral sentido oposto,Com Vítimas Feridas,Plena Noite,Decrescente,Nublado,Simples,Curva,Não,5.0,0.0,1.0,0.0,4.0,0.0,1.0,2.0,-20.75808023,-40.75608015,SPRF-ES,DEL03-ES,UOP01-DEL03-ES,2025-07-31 22:35:00,2025.0,7.0,22.0,noite,False,0,moderado,BR-101
708721.0,2025-08-01,sexta,19:25,ES,101.0,93.7,JAGUARE,Pedestre - Ingestão de álcool/ substâncias psicoativas,Atropelamento de Pedestre,Com Vítimas Fatais,Plena Noite,Decrescente,Nublado,Simples,Reta;Declive,Sim,2.0,1.0,0.0,0.0,1.0,0.0,0.0,2.0,-18.92786519,-39.97036457,SPRF-ES,DEL04-ES,UOP02-DEL04-ES,2025-08-01 19:25:00,2025.0,8.0,19.0,noite,False,1,fatal,BR-101
708872.0,2025-08-02,sabado,10:39,ES,101.0,125.0,SOORETAMA,Condutor desrespeitou a iluminação vermelha do semáforo,Colisão transversal,Sem Vítimas,Pleno dia,Crescente,Nublado,Simples,Retorno Regulamentado,Não,4.0,0.0,0.0,0.0,3.0,1.0,0.0,4.0,-19.186308,-40.094521,SPRF-ES,DEL04-ES,UOP01-DEL04-ES,2025-08-02 10:39:00,2025.0,8.0,10.0,manha,False,0,baixo,BR-101
708930.0,2025-06-29,domingo,20:30,ES,101.0,20.0,CONCEICAO DA BARRA,Reação tardia ou ineficiente do condutor,Colisão traseira,Com Vítimas Fatais,Plena Noite,Crescente,Céu Claro,Simples,Reta,Não,5.0,1.0,1.0,0.0,1.0,3.0,1.0,5.0,-18.323983,-39.95838817,SPRF-ES,DEL04-ES,UOP02-DEL04-ES,2025-06-29 20:30:00,2025.0,6.0,20.0,noite,False,1,fatal,BR-101
709275.0,2025-08-04,segunda,03:49,ES,101.0,337.9,GUARAPARI,Condutor Dormindo,Saída de leito carroçável,Com Vítimas Feridas,Plena Noite,Decrescente,Céu Claro,Dupla,Reta,Não,2.0,0.0,1.0,0.0,0.0,1.0,1.0,2.0,-20.64008814,-40.54699659,SPRF-ES,DEL03-ES,UOP01-DEL03-ES,2025-08-04 03:49:00,2025.0,8.0,3.0,madrugada,True,0,moderado,BR-101
709306.0,2025-07-24,quinta,04:50,ES,101.0,260.6,SERRA,Ausência de reação do condutor,Saída de leito carroçável,Com Vítimas Feridas,Plena Noite,Crescente,Céu Claro,Dupla,Curva,Sim,2.0,0.0,0.0,1.0,0.0,1.0,1.0,2.0,-20.14709458,-40.28098404,SPRF-ES,DEL02-ES,UOP01-DEL02-ES,2025-07-24 04:50:00,2025.0,7.0,4.0,madrugada,True,1,grave,BR-101
709309.0,2025-08-04,segunda,07:10,ES,101.0,406.7,ITAPEMIRIM,Velocidade Incompatível,Tombamento,Com Vítimas Feridas,Pleno dia,Crescente,Céu Claro,Simples,Curva,Não,3.0,0.0,1.0,2.0,0.0,0.0,3.0,1.0,-20.8930026,-41.0277974,SPRF-ES,DEL03-ES,UOP02-DEL03-ES,2025-08-04 07:10:00,2025.0,8.0,7.0,manha,False,1,grave,BR-101
709315.0,2025-08-04,segunda,07:30,ES,101.0,297.0,CARIACICA,Velocidade Incompatível,Colisão traseira,Com Vítimas Feridas,Pleno dia,Crescente,Céu Claro,Dupla,Reta,Não,2.0,0.0,0.0,1.0,1.0,0.0,1.0,2.0,-20.346398,-40.4109828,SPRF-ES,DEL01-ES,UOP01-DEL01-ES,2025-08-04 07:30:00,2025.0,8.0,7.0,manha,True,1,grave,BR-101
709527.0,2025-08-05,terca,08:43,ES,101.0,35.0,CONCEICAO DA BARRA,Ultrapassagem Indevida,Colisão lateral mesmo sentido,Com Vítimas Feridas,Pleno dia,Decrescente,Sol,Simples,Reta;Declive,Não,3.0,0.0,0.0,1.0,1.0,2.0,1.0,4.0,-18.4611303,-39.92972374,SPRF-ES,DEL04-ES,UOP02-DEL04-ES,2025-08-05 08:43:00,2025.0,8.0,8.0,manha,False,1,grave,BR-101
709673.0,2025-08-06,quarta,01:57,ES,101.0,329.0,GUARAPARI,Ausência de reação do condutor,Tombamento,Com Vítimas Feridas,Plena Noite,Crescente,Céu Claro,Dupla,Curva,Não,2.0,0.0,1.0,0.0,0.0,1.0,1.0,2.0,-20.58985126,-40.49787319,SPRF-ES,DEL03-ES,UOP01-DEL03-ES,2025-08-06 01:57:00,2025.0,8.0,1.0,madrugada,True,0,moderado,BR-101
709826.0,2025-08-06,quarta,17:30,ES,262.0,75.4,DOMINGOS MARTINS,Reação tardia ou ineficiente do condutor,Tombamento,Com Vítimas Feridas,Anoitecer,Crescente,Céu Claro,Simples,Aclive;Curva,Não,2.0,0.0,1.0,0.0,0.0,1.0,1.0,2.0,-20.4148,-40.907122,SPRF-ES,DEL01-ES,UOP02-DEL01-ES,2025-08-06 17:30:00,2025.0,8.0,17.0,tarde,False,0,moderado,BR-262
709835.0,2025-08-06,quarta,17:15,ES,101.0,395.0,RIO NOVO DO SUL,Transitar na contramão,Colisão frontal,Com Vítimas Feridas,Pleno dia,Decrescente,Céu Claro,Simples,Interseção de Vias,Sim,4.0,0.0,1.0,0.0,1.0,2.0,1.0,4.0,-20.8660547,-40.93232123,SPRF-ES,DEL03-ES,UOP02-DEL03-ES,2025-08-06 17:15:00,2025.0,8.0,17.0,tarde,False,0,moderado,BR-101
709948.0,2025-08-07,quinta,09:35,ES,259.0,99.0,BAIXO GUANDU,Ausência de reação do condutor,Colisão lateral sentido oposto,Com Vítimas Feridas,Pleno dia,Decrescente,Nublado,Simples,Reta,Não,3.0,0.0,1.0,0.0,1.0,1.0,1.0,3.0,-19.51449231,-40.98175049,SPRF-ES,DEL02-ES,UOP01-DEL02-ES,2025-08-07 09:35:00,2025.0,8.0,9.0,manha,False,0,moderado,BR-259
710024.0,2025-08-07,quinta,16:50,ES,101.0,109.6,SOORETAMA,Transitar na contramão,Colisão lateral sentido oposto,Com Vítimas Feridas,Anoitecer,Decrescente,Céu Claro,Simples,Reta;Declive,Não,3.0,0.0,0.0,1.0,1.0,1.0,1.0,3.0,-19.05914005,-40.03339744,SPRF-ES,DEL04-ES,UOP01-DEL04-ES,2025-08-07 16:50:00,2025.0,8.0,16.0,tarde,False,1,grave,BR-101
710095.0,2025-08-07,quinta,21:45,ES,262.0,64.0,MARECHAL FLORIANO,Curva acentuada,Tombamento,Com Vítimas Feridas,Plena Noite,Crescente,Céu Claro,Simples,Declive;Curva,Não,5.0,0.0,4.0,0.0,0.0,1.0,4.0,2.0,-20.41732735,-40.81572024,SPRF-ES,DEL01-ES,UOP02-DEL01-ES,2025-08-07 21:45:00,2025.0,8.0,21.0,noite,False,0,moderado,BR-262
710224.0,2025-08-08,sexta,13:32,ES,101.0,268.0,SERRA,Ausência de reação do condutor,Colisão traseira,Com Vítimas Feridas,Pleno dia,Crescente,Céu Claro,Múltipla,Interseção de Vias,Sim,3.0,0.0,1.0,0.0,1.0,1.0,1.0,3.0,-20.19350004,-40.26860386,SPRF-ES,DEL02-ES,UOP01-DEL02-ES,2025-08-08 13:32:00,2025.0,8.0,13.0,tarde,True,0,moderado,BR-101
710228.0,2025-08-08,sexta,13:39,ES,262.0,34.4,DOMINGOS MARTINS,Condutor deixou de manter distância do veículo da frente,Colisão traseira,Com Vítimas Feridas,Pleno dia,Crescente,Céu Claro,Simples,Declive;Curva,Não,3.0,0.0,1.0,0.0,2.0,0.0,1.0,3.0,-20.3756717,-40.5926317,SPRF-ES,DEL01-ES,UOP01-DEL01-ES,2025-08-08 13:39:00,2025.0,8.0,13.0,tarde,False,0,moderado,BR-262
710282.0,2025-08-08,sexta,15:07,ES,259.0,0.0,JOAO NEIVA,Condutor deixou de manter distância do veículo da frente,Colisão traseira,Sem Vítimas,Pleno dia,Decrescente,Céu Claro,Simples,Interseção de Vias;Reta;Rotatória,Não,3.0,0.0,0.0,0.0,2.0,1.0,0.0,3.0,-19.74631119,-40.37715554,SPRF-ES,DEL02-ES,UOP01-DEL02-ES,2025-08-08 15:07:00,2025.0,8.0,15.0,tarde,False,0,baixo,BR-259
710903.0,2025-08-10,domingo,20:30,ES,262.0,195.0,IUNA,Ingestão de álcool pelo condutor,Colisão frontal,Com Vítimas Feridas,Plena Noite,Crescente,Céu Claro,Simples,Declive;Reta,Não,3.0,0.0,1.0,0.0,1.0,1.0,1.0,3.0,-20.28403644,-41.77212238,SPRF-ES,DEL01-ES,UOP02-DEL01-ES,2025-08-10 20:30:00,2025.0,8.0,20.0,noite,False,0,moderado,BR-262
710910.0,2025-08-11,segunda,00:20,ES,101.0,407.3,ITAPEMIRIM,Condutor deixou de manter distância do veículo da frente,Colisão traseira,Com Vítimas Feridas,Plena Noite,Crescente,Nublado,Simples,Reta,Não,6.0,0.0,1.0,0.0,4.0,1.0,1.0,3.0,-20.8920294,-41.03289366,SPRF-ES,DEL03-ES,UOP02-DEL03-ES,2025-08-11 00:20:00,2025.0,8.0,0.0,madrugada,False,0,moderado,BR-101
711022.0,2025-08-11,segunda,14:30,ES,101.0,294.7,CARIACICA,Condutor deixou de manter distância do veículo da frente,Colisão traseira,Com Vítimas Feridas,Pleno dia,Crescente,Céu Claro,Dupla,Reta,Não,2.0,0.0,1.0,0.0,1.0,0.0,1.0,2.0,-20.32858392,-40.39806889,SPRF-ES,DEL01-ES,UOP01-DEL01-ES,2025-08-11 14:30:00,2025.0,8.0,14.0,tarde,True,0,moderado,BR-101
711057.0,2025-08-11,segunda,16:50,ES,101.0,299.8,VIANA,Condutor desrespeitou a iluminação vermelha do semáforo,Colisão lateral sentido oposto,Com Vítimas Feridas,Pleno dia,Crescente,Céu Claro,Múltipla,Viaduto,Sim,2.0,0.0,1.0,0.0,1.0,0.0,1.0,2.0,-20.357113,-40.429917,SPRF-ES,DEL01-ES,UOP01-DEL01-ES,2025-08-11 16:50:00,2025.0,8.0,16.0,tarde,True,0,moderado,BR-101
711249.0,2025-08-12,terca,16:00,ES,101.0,145.3,LINHARES,Ultrapassagem Indevida,Colisão frontal,Com Vítimas Fatais,Pleno dia,Crescente,Céu Claro,Múltipla,Aclive;Reta,Sim,6.0,1.0,1.0,0.0,3.0,1.0,1.0,5.0,-19.36387572,-40.06504177,SPRF-ES,DEL04-ES,UOP01-DEL04-ES,2025-08-12 16:00:00,2025.0,8.0,16.0,tarde,False,1,fatal,BR-101
711377.0,2025-08-13,quarta,10:40,ES,101.0,148.6,LINHARES,Condutor desrespeitou a iluminação vermelha do semáforo,Colisão transversal,Sem Vítimas,Pleno dia,Decrescente,Céu Claro,Múltipla,Reta;Interseção de Vias,Sim,3.0,0.0,0.0,0.0,2.0,1.0,0.0,3.0,-19.3946961,-40.06539161,SPRF-ES,DEL04-ES,UOP01-DEL04-ES,2025-08-13 10:40:00,2025.0,8.0,10.0,manha,False,0,baixo,BR-101
711385.0,2025-08-13,quarta,12:15,ES,101.0,204.8,JOAO NEIVA,Acessar a via sem observar a presença dos outros veículos,Colisão transversal,Com Vítimas Feridas,Pleno dia,Decrescente,Céu Claro,Simples,Reta;Interseção de Vias,Sim,3.0,0.0,1.0,0.0,1.0,1.0,1.0,3.0,-19.76488109,-40.37321091,SPRF-ES,DEL02-ES,UOP01-DEL02-ES,2025-08-13 12:15:00,2025.0,8.0,12.0,tarde,False,0,moderado,BR-101
711398.0,2025-08-13,quarta,14:20,ES,101.0,37.6,CONCEICAO DA BARRA,Acessar a via sem observar a presença dos outros veículos,Colisão transversal,Com Vítimas Feridas,Pleno dia,Crescente,Nublado,Simples,Interseção de Vias;Rotatória,Sim,2.0,0.0,1.0,0.0,1.0,0.0,1.0,2.0,-18.4785749,-39.925121,SPRF-ES,DEL04-ES,UOP02-DEL04-ES,2025-08-13 14:20:00,2025.0,8.0,14.0,tarde,False,0,moderado,BR-101
711432.0,2025-08-13,quarta,16:30,ES,101.0,297.6,VIANA,Reação tardia ou ineficiente do condutor,Colisão traseira,Com Vítimas Feridas,Pleno dia,Crescente,Céu Claro,Dupla,Reta,Sim,2.0,0.0,1.0,0.0,1.0,0.0,1.0,2.0,-20.35064302,-40.41293621,SPRF-ES,DEL01-ES,UOP01-DEL01-ES,2025-08-13 16:30:00,2025.0,8.0,16.0,tarde,True,0,moderado,BR-101
711804.0,2025-08-15,sexta,15:55,ES,101.0,298.8,VIANA,Velocidade Incompatível,Saída de leito carroçável,Com Vítimas Fatais,Pleno dia,Decrescente,Céu Claro,Múltipla,Aclive;Viaduto;Curva,Sim,3.0,1.0,0.0,0.0,0.0,2.0,0.0,3.0,-20.35825198,-40.42111443,SPRF-ES,DEL01-ES,UOP01-DEL01-ES,2025-08-15 15:55:00,2025.0,8.0,15.0,tarde,True,1,fatal,BR-101
711822.0,2025-08-15,sexta,16:10,ES,101.0,289.0,CARIACICA,Objeto estático sobre o leito carroçável,Colisão com objeto,Com Vítimas Feridas,Pleno dia,Crescente,Céu Claro,Dupla,Aclive;Reta,Sim,6.0,0.0,2.0,0.0,3.0,1.0,2.0,4.0,-20.281496,-40.393254,SPRF-ES,DEL01-ES,UOP01-DEL01-ES,2025-08-15 16:10:00,2025.0,8.0,16.0,tarde,True,0,moderado,BR-101
712282.0,2025-08-17,domingo,18:28,ES,101.0,184.0,ARACRUZ,Ultrapassagem Indevida,Colisão lateral sentido oposto,Com Vítimas Feridas,Plena Noite,Crescente,Céu Claro,Simples,Reta;Declive,Não,3.0,0.0,0.0,2.0,1.0,0.0,2.0,2.0,-19.62624494,-40.22249353,SPRF-ES,DEL04-ES,UOP01-DEL04-ES,2025-08-17 18:28:00,2025.0,8.0,18.0,noite,False,1,grave,BR-101
712389.0,2025-08-18,segunda,07:50,ES,101.0,286.7,CARIACICA,Trafegar com motocicleta (ou similar) entre as faixas,Colisão traseira,Com Vítimas Feridas,Pleno dia,Decrescente,Céu Claro,Dupla,Reta,Não,2.0,0.0,0.0,1.0,1.0,0.0,1.0,2.0,-20.263472,-40.38244,SPRF-ES,DEL01-ES,UOP01-DEL01-ES,2025-08-18 07:50:00,2025.0,8.0,7.0,manha,True,1,grave,BR-101
712572.0,2025-08-18,segunda,23:30,ES,262.0,83.4,DOMINGOS MARTINS,Chuva,Colisão frontal,Com Vítimas Feridas,Plena Noite,Crescente,Chuva,Simples,Curva,Não,2.0,0.0,1.0,0.0,1.0,0.0,1.0,2.0,-20.40638235,-40.96955359,SPRF-ES,DEL01-ES,UOP02-DEL01-ES,2025-08-18 23:30:00,2025.0,8.0,23.0,noite,False,0,moderado,BR-262
712686.0,2025-08-07,quinta,20:15,ES,101.0,341.9,GUARAPARI,Avarias e/ou desgaste excessivo no pneu,Saída de leito carroçável,Com Vítimas Feridas,Plena Noite,Crescente,Céu Claro,Dupla,Reta,Não,4.0,0.0,2.0,0.0,1.0,1.0,2.0,3.0,-20.6375918,-40.5423498,SPRF-ES,DEL03-ES,UOP01-DEL03-ES,2025-08-07 20:15:00,2025.0,8.0,20.0,noite,True,0,moderado,BR-101
712971.0,2025-06-05,quinta,19:00,ES,101.0,294.0,CARIACICA,Velocidade Incompatível,Colisão traseira,Com Vítimas Feridas,Plena Noite,Crescente,Céu Claro,Dupla,Declive;Curva,Não,5.0,0.0,0.0,1.0,3.0,1.0,1.0,4.0,-20.32407,-40.395329,SPRF-ES,DEL01-ES,UOP01-DEL01-ES,2025-06-05 19:00:00,2025.0,6.0,19.0,noite,True,1,grave,BR-101
713002.0,2025-08-21,quinta,08:30,ES,101.0,66.0,SAO MATEUS,Acessar a via sem observar a presença dos outros veículos,Colisão lateral mesmo sentido,Com Vítimas Feridas,Pleno dia,Crescente,Céu Claro,Dupla,Reta,Não,2.0,0.0,1.0,0.0,1.0,0.0,1.0,2.0,-18.7169109,-39.8741581,SPRF-ES,DEL04-ES,UOP02-DEL04-ES,2025-08-21 08:30:00,2025.0,8.0,8.0,manha,False,0,moderado,BR-101
713027.0,2025-08-21,quinta,10:20,ES,101.0,137.6,LINHARES,Ausência de reação do condutor,Tombamento,Com Vítimas Feridas,Pleno dia,Decrescente,Céu Claro,Simples,Curva,Não,2.0,0.0,1.0,0.0,1.0,0.0,1.0,1.0,-19.29834461,-40.08486271,SPRF-ES,DEL04-ES,UOP01-DEL04-ES,2025-08-21 10:20:00,2025.0,8.0,10.0,manha,False,0,moderado,BR-101
713108.0,2025-08-21,quinta,18:06,ES,101.0,294.3,CARIACICA,Problema com o freio,Colisão traseira,Com Vítimas Feridas,Plena Noite,Crescente,Nublado,Dupla,Reta,Sim,5.0,0.0,1.0,1.0,2.0,1.0,2.0,4.0,-20.3294315,-40.3984085,SPRF-ES,DEL01-ES,UOP01-DEL01-ES,2025-08-21 18:06:00,2025.0,8.0,18.0,noite,True,1,grave,BR-101
713114.0,2025-08-21,quinta,18:20,ES,101.0,391.0,RIO NOVO DO SUL,Velocidade Incompatível,Tombamento,Com Vítimas Feridas,Plena Noite,Crescente,Céu Claro,Simples,Curva,Não,2.0,0.0,1.0,0.0,0.0,1.0,1.0,2.0,-20.8626616,-40.88424683,SPRF-ES,DEL03-ES,UOP02-DEL03-ES,2025-08-21 18:20:00,2025.0,8.0,18.0,noite,False,0,moderado,BR-101
713271.0,2025-08-22,sexta,14:35,ES,101.0,170.0,LINHARES,Acessar a via sem observar a presença dos outros veículos,Colisão transversal,Com Vítimas Feridas,Pleno dia,Crescente,Céu Claro,Simples,Retorno Regulamentado,Não,2.0,0.0,0.0,1.0,1.0,0.0,1.0,2.0,-19.55875591,-40.17409578,SPRF-ES,DEL04-ES,UOP01-DEL04-ES,2025-08-22 14:35:00,2025.0,8.0,14.0,tarde,False,1,grave,BR-101
713305.0,2025-08-22,sexta,17:20,ES,101.0,282.9,CARIACICA,Reação tardia ou ineficiente do condutor,Tombamento,Com Vítimas Feridas,Anoitecer,Crescente,Céu Claro,Dupla,Reta,Sim,2.0,0.0,1.0,0.0,1.0,0.0,1.0,2.0,-20.22729265,-40.36510913,SPRF-ES,DEL01-ES,UOP01-DEL01-ES,2025-08-22 17:20:00,2025.0,8.0,17.0,tarde,True,0,moderado,BR-101
713414.0,2025-08-23,sabado,05:30,ES,101.0,173.0,ARACRUZ,Ausência de reação do condutor,Colisão lateral mesmo sentido,Com Vítimas Feridas,Amanhecer,Decrescente,Céu Claro,Simples,Reta,Não,3.0,0.0,1.0,0.0,1.0,2.0,1.0,4.0,-19.57983492,-40.18741496,SPRF-ES,DEL04-ES,UOP01-DEL04-ES,2025-08-23 05:30:00,2025.0,8.0,5.0,madrugada,False,0,moderado,BR-101
713659.0,2025-08-23,sabado,22:25,ES,101.0,66.3,SAO MATEUS,Reação tardia ou ineficiente do condutor,Colisão traseira,Com Vítimas Feridas,Plena Noite,Decrescente,Nublado,Dupla,Reta,Sim,2.0,0.0,0.0,1.0,1.0,0.0,1.0,2.0,-18.71809576,-39.87041323,SPRF-ES,DEL04-ES,UOP02-DEL04-ES,2025-08-23 22:25:00,2025.0,8.0,22.0,noite,False,1,grave,BR-101
713778.0,2025-08-24,domingo,16:49,ES,101.0,10.6,PEDRO CANARIO,Ingestão de álcool pelo condutor,Colisão lateral sentido oposto,Com Vítimas Feridas,Anoitecer,Crescente,Céu Claro,Simples,Curva,Não,6.0,0.0,3.0,0.0,1.0,3.0,3.0,4.0,-18.24953919,-39.95289022,SPRF-ES,DEL04-ES,UOP02-DEL04-ES,2025-08-24 16:49:00,2025.0,8.0,16.0,tarde,False,0,moderado,BR-101
713808.0,2025-08-24,domingo,19:10,ES,101.0,127.0,SOORETAMA,Ingestão de álcool pelo condutor,Colisão com objeto,Com Vítimas Feridas,Plena Noite,Crescente,Céu Claro,Múltipla,Reta,Sim,1.0,0.0,0.0,1.0,0.0,0.0,1.0,1.0,-19.20350404,-40.09548354,SPRF-ES,DEL04-ES,UOP01-DEL04-ES,2025-08-24 19:10:00,2025.0,8.0,19.0,noite,False,1,grave,BR-101
714069.0,2025-08-26,terca,06:40,ES,101.0,400.7,RIO NOVO DO SUL,Velocidade Incompatível,Colisão frontal,Com Vítimas Fatais,Pleno dia,Crescente,Sol,Simples,Curva,Não,5.0,1.0,1.0,0.0,2.0,2.0,1.0,6.0,-20.8725998,-40.94670296,SPRF-ES,DEL03-ES,UOP02-DEL03-ES,2025-08-26 06:40:00,2025.0,8.0,6.0,manha,False,1,fatal,BR-101
714120.0,2025-08-26,terca,09:10,ES,262.0,161.2,IBATIBA,Ausência de reação do condutor,Colisão traseira,Com Vítimas Fatais,Pleno dia,Crescente,Céu Claro,Simples,Aclive;Reta,Não,3.0,1.0,0.0,0.0,1.0,1.0,0.0,3.0,-20.2346,-41.52572,SPRF-ES,DEL01-ES,UOP02-DEL01-ES,2025-08-26 09:10:00,2025.0,8.0,9.0,manha,False,1,fatal,BR-262
714133.0,2025-08-26,terca,10:44,ES,101.0,268.0,SERRA,Ausência de reação do condutor,Colisão lateral mesmo sentido,Com Vítimas Feridas,Pleno dia,Crescente,Céu Claro,Dupla,Reta,Sim,2.0,0.0,1.0,0.0,1.0,0.0,1.0,2.0,-20.1547043,-40.269764,SPRF-ES,DEL02-ES,UOP01-DEL02-ES,2025-08-26 10:44:00,2025.0,8.0,10.0,manha,True,0,moderado,BR-101
714198.0,2025-08-26,terca,17:15,ES,101.0,280.6,SERRA,Acessar a via sem observar a presença dos outros veículos,Colisão transversal,Com Vítimas Feridas,Anoitecer,Crescente,Nublado,Dupla,Reta,Não,3.0,0.0,0.0,1.0,1.0,1.0,1.0,3.0,-20.21913333,-40.35536667,SPRF-ES,DEL02-ES,UOP01-DEL02-ES,2025-08-26 17:15:00,2025.0,8.0,17.0,tarde,True,1,grave,BR-101
714330.0,2025-08-27,quarta,14:15,ES,262.0,144.2,MUNIZ FREIRE,Acessar a via sem observar a presença dos outros veículos,Colisão transversal,Com Vítimas Feridas,Pleno dia,Crescente,Céu Claro,Simples,Interseção de Vias,Não,3.0,0.0,0.0,2.0,1.0,0.0,2.0,2.0,-20.23898,-41.40374,SPRF-ES,DEL01-ES,UOP02-DEL01-ES,2025-08-27 14:15:00,2025.0,8.0,14.0,tarde,False,1,grave,BR-262
714549.0,2025-08-12,terca,18:40,ES,262.0,155.0,IBATIBA,Reação tardia ou ineficiente do condutor,Colisão frontal,Com Vítimas Feridas,Plena Noite,Crescente,Céu Claro,Simples,Aclive;Reta,Não,3.0,0.0,0.0,1.0,1.0,1.0,1.0,3.0,-20.21611537,-41.45542383,SPRF-ES,DEL01-ES,UOP02-DEL01-ES,2025-08-12 18:40:00,2025.0,8.0,18.0,noite,False,1,grave,BR-262
714723.0,2025-08-29,sexta,09:57,ES,101.0,96.0,JAGUARE,Acessar a via sem observar a presença dos outros veículos,Colisão transversal,Com Vítimas Feridas,Pleno dia,Decrescente,Céu Claro,Simples,Reta,Não,3.0,0.0,0.0,2.0,1.0,0.0,2.0,2.0,-18.950113,-39.981121,SPRF-ES,DEL04-ES,UOP02-DEL04-ES,2025-08-29 09:57:00,2025.0,8.0,9.0,manha,False,1,grave,BR-101
714765.0,2025-08-29,sexta,14:50,ES,101.0,298.6,VIANA,Manobra de mudança de faixa,Colisão lateral mesmo sentido,Com Vítimas Feridas,Pleno dia,Decrescente,Céu Claro,Dupla,Reta;Retorno Regulamentado,Sim,2.0,0.0,1.0,0.0,1.0,0.0,1.0,2.0,-20.35702039,-40.41938424,SPRF-ES,DEL01-ES,UOP01-DEL01-ES,2025-08-29 14:50:00,2025.0,8.0,14.0,tarde,True,0,moderado,BR-101
714836.0,2025-06-03,terca,00:30,ES,101.0,295.3,CARIACICA,Condutor deixou de manter distância do veículo da frente,Colisão traseira,Com Vítimas Feridas,Plena Noite,Decrescente,Chuva,Dupla,Reta,Não,2.0,0.0,0.0,1.0,0.0,1.0,1.0,2.0,-20.33226236,-40.40030956,SPRF-ES,DEL01-ES,UOP01-DEL01-ES,2025-06-03 00:30:00,2025.0,6.0,0.0,madrugada,True,1,grave,BR-101
715060.0,2025-08-30,sabado,16:30,ES,101.0,427.9,MIMOSO DO SUL,Chuva,Colisão frontal,Com Vítimas Fatais,Pleno dia,Crescente,Chuva,Simples,Curva,Não,2.0,1.0,0.0,0.0,1.0,0.0,0.0,2.0,-21.13574526,-41.27855301,SPRF-ES,DEL03-ES,UOP02-DEL03-ES,2025-08-30 16:30:00,2025.0,8.0,16.0,tarde,False,1,fatal,BR-101
715092.0,2025-08-30,sabado,18:20,ES,101.0,390.0,RIO NOVO DO SUL,Reação tardia ou ineficiente do condutor,Colisão traseira,Com Vítimas Feridas,Plena Noite,Crescente,Chuva,Dupla,Reta,Não,3.0,0.0,1.0,0.0,1.0,3.0,1.0,5.0,-20.865465,-40.887843,SPRF-ES,DEL03-ES,UOP02-DEL03-ES,2025-08-30 18:20:00,2025.0,8.0,18.0,noite,False,0,moderado,BR-101
715114.0,2025-08-30,sabado,19:40,ES,101.0,391.1,RIO NOVO DO SUL,Transitar na contramão,Colisão lateral sentido oposto,Com Vítimas Feridas,Plena Noite,Crescente,Chuva,Dupla,Curva,Não,3.0,0.0,1.0,0.0,1.0,1.0,1.0,3.0,-20.866396,-40.889924,SPRF-ES,DEL03-ES,UOP02-DEL03-ES,2025-08-30 19:40:00,2025.0,8.0,19.0,noite,False,0,moderado,BR-101
715445.0,2025-09-01,segunda,10:00,ES,262.0,110.2,VENDA NOVA DO IMIGRANTE,Acessar a via sem observar a presença dos outros veículos,Colisão transversal,Com Vítimas Feridas,Pleno dia,Decrescente,Chuva,Simples,Reta;Retorno Regulamentado,Sim,2.0,0.0,0.0,1.0,1.0,0.0,1.0,2.0,-20.336944,-41.1826369,SPRF-ES,DEL01-ES,UOP02-DEL01-ES,2025-09-01 10:00:00,2025.0,9.0,10.0,manha,False,1,grave,BR-262
715496.0,2025-09-01,segunda,15:10,ES,101.0,1.0,SERRA,Reação tardia ou ineficiente do condutor,Tombamento,Com Vítimas Feridas,Pleno dia,Crescente,Chuva,Dupla,Curva,Não,2.0,0.0,1.0,0.0,0.0,1.0,1.0,2.0,-20.07018122,-40.36432743,SPRF-ES,DEL02-ES,UOP01-DEL02-ES,2025-09-01 15:10:00,2025.0,9.0,15.0,tarde,True,0,moderado,BR-101
715665.0,2025-08-01,sexta,08:45,ES,101.0,425.0,ATILIO VIVACQUA,Reação tardia ou ineficiente do condutor,Tombamento,Com Vítimas Feridas,Pleno dia,Decrescente,Sol,Simples,Reta,Não,2.0,0.0,1.0,0.0,0.0,1.0,1.0,2.0,-20.99179929,-41.1224229,SPRF-ES,DEL03-ES,UOP02-DEL03-ES,2025-08-01 08:45:00,2025.0,8.0,8.0,manha,False,0,moderado,BR-101
715692.0,2025-03-19,quarta,05:40,ES,101.0,3.2,SERRA,Condutor Dormindo,Colisão traseira,Sem Vítimas,Amanhecer,Decrescente,Céu Claro,Simples,Reta,Não,3.0,0.0,0.0,0.0,2.0,4.0,0.0,6.0,-20.11136907,-40.34649567,SPRF-ES,DEL02-ES,UOP01-DEL02-ES,2025-03-19 05:40:00,2025.0,3.0,5.0,madrugada,True,0,baixo,BR-101
715724.0,2025-09-02,terca,19:40,ES,101.0,299.0,VIANA,Acumulo de água sobre o pavimento,Colisão com objeto,Sem Vítimas,Plena Noite,Crescente,Chuva,Dupla,Curva,Sim,1.0,0.0,0.0,0.0,1.0,0.0,0.0,1.0,-20.35783825,-40.42699551,SPRF-ES,DEL01-ES,UOP01-DEL01-ES,2025-09-02 19:40:00,2025.0,9.0,19.0,noite,True,0,baixo,BR-101
715770.0,2025-09-03,quarta,03:20,ES,101.0,330.5,GUARAPARI,Ausência de reação do condutor,Tombamento,Sem Vítimas,Plena Noite,Crescente,Céu Claro,Dupla,Curva,Não,2.0,0.0,0.0,0.0,1.0,1.0,0.0,2.0,-20.59532329,-40.50277124,SPRF-ES,DEL03-ES,UOP01-DEL03-ES,2025-09-03 03:20:00,2025.0,9.0,3.0,madrugada,True,0,baixo,BR-101
715773.0,2025-09-03,quarta,04:59,ES,101.0,19.8,PINHEIROS,Acessar a via sem observar a presença dos outros veículos,Colisão transversal,Com Vítimas Feridas,Amanhecer,Crescente,Céu Claro,Simples,Curva,Não,5.0,0.0,3.0,0.0,1.0,2.0,3.0,4.0,-18.32371151,-39.95850103,SPRF-ES,DEL04-ES,UOP02-DEL04-ES,2025-09-03 04:59:00,2025.0,9.0,4.0,madrugada,False,0,moderado,BR-101
715906.0,2025-09-03,quarta,17:15,ES,101.0,60.6,SAO MATEUS,Demais falhas mecânicas ou elétricas,Atropelamento de Pedestre,Com Vítimas Feridas,Anoitecer,Crescente,Céu Claro,Simples,Reta,Não,2.0,0.0,1.0,0.0,1.0,0.0,1.0,2.0,-18.67733462,-39.86500594,SPRF-ES,DEL04-ES,UOP02-DEL04-ES,2025-09-03 17:15:00,2025.0,9.0,17.0,tarde,False,0,moderado,BR-101
716013.0,2025-09-04,quinta,07:30,ES,101.0,395.5,RIO NOVO DO SUL,Suicídio (presumido),Colisão frontal,Com Vítimas Feridas,Pleno dia,Crescente,Céu Claro,Simples,Reta,Não,3.0,0.0,1.0,0.0,1.0,1.0,1.0,3.0,-20.86926878,-40.94151735,SPRF-ES,DEL03-ES,UOP02-DEL03-ES,2025-09-04 07:30:00,2025.0,9.0,7.0,manha,False,0,moderado,BR-101
716058.0,2025-09-04,quinta,13:30,ES,101.0,101.0,JAGUARE,Acessar a via sem observar a presença dos outros veículos,Colisão transversal,Com Vítimas Feridas,Pleno dia,Decrescente,Céu Claro,Simples,Aclive,Sim,2.0,0.0,1.0,0.0,1.0,0.0,1.0,2.0,-18.990131,-40.000366,SPRF-ES,DEL04-ES,UOP02-DEL04-ES,2025-09-04 13:30:00,2025.0,9.0,13.0,tarde,False,0,moderado,BR-101
716124.0,2025-08-03,domingo,12:30,ES,101.0,28.9,CONCEICAO DA BARRA,Ultrapassagem Indevida,Saída de leito carroçável,Com Vítimas Feridas,Pleno dia,Crescente,Céu Claro,Simples,Reta,Não,2.0,0.0,1.0,0.0,1.0,0.0,1.0,2.0,-18.37805076,-39.94661524,SPRF-ES,DEL04-ES,UOP02-DEL04-ES,2025-08-03 12:30:00,2025.0,8.0,12.0,tarde,False,0,moderado,BR-101
716263.0,2025-09-05,sexta,11:30,ES,262.0,54.0,MARECHAL FLORIANO,Mal súbito do condutor,Saída de leito carroçável,Com Vítimas Feridas,Pleno dia,Decrescente,Sol,Simples,Curva,Não,1.0,0.0,1.0,0.0,0.0,0.0,1.0,1.0,-20.414707,-40.740879,SPRF-ES,DEL01-ES,UOP01-DEL01-ES,2025-09-05 11:30:00,2025.0,9.0,11.0,manha,False,0,moderado,BR-262
716277.0,2025-09-05,sexta,12:15,ES,259.0,101.3,BAIXO GUANDU,Acessar a via sem observar a presença dos outros veículos,Colisão transversal,Com Vítimas Feridas,Pleno dia,Decrescente,Sol,Dupla,Interseção de Vias,Não,3.0,0.0,1.0,1.0,1.0,0.0,2.0,2.0,-19.52179445,-41.01431161,SPRF-ES,DEL02-ES,UOP01-DEL02-ES,2025-09-05 12:15:00,2025.0,9.0,12.0,tarde,False,1,grave,BR-259
716674.0,2025-09-06,sabado,20:40,ES,101.0,303.0,VIANA,Condutor usando celular,Saída de leito carroçável,Sem Vítimas,Plena Noite,Crescente,Nublado,Múltipla,Reta,Sim,2.0,0.0,0.0,0.0,1.0,1.0,0.0,2.0,-20.3827311,-40.4596009,SPRF-ES,DEL01-ES,UOP01-DEL01-ES,2025-09-06 20:40:00,2025.0,9.0,20.0,noite,True,0,baixo,BR-101
716799.0,2025-09-07,domingo,12:30,ES,101.0,69.2,SAO MATEUS,Reação tardia ou ineficiente do condutor,Colisão traseira,Com Vítimas Feridas,Pleno dia,Crescente,Sol,Simples,Reta,Sim,2.0,0.0,1.0,0.0,1.0,0.0,1.0,2.0,-18.7377772,-39.86086456,SPRF-ES,DEL04-ES,UOP02-DEL04-ES,2025-09-07 12:30:00,2025.0,9.0,12.0,tarde,False,0,moderado,BR-101
716830.0,2025-09-07,domingo,16:35,ES,101.0,368.7,ANCHIETA,Velocidade Incompatível,Colisão com objeto,Com Vítimas Feridas,Pleno dia,Crescente,Céu Claro,Simples,Curva,Não,2.0,0.0,1.0,0.0,0.0,1.0,1.0,2.0,-20.75584527,-40.75623496,SPRF-ES,DEL03-ES,UOP01-DEL03-ES,2025-09-07 16:35:00,2025.0,9.0,16.0,tarde,False,0,moderado,BR-101
716889.0,2025-09-07,domingo,19:00,ES,101.0,73.9,SAO MATEUS,Acessar a via sem observar a presença dos outros veículos,Colisão transversal,Com Vítimas Feridas,Plena Noite,Crescente,Céu Claro,Simples,Reta,Não,2.0,0.0,1.0,0.0,0.0,1.0,1.0,2.0,-18.776851,-39.873005,SPRF-ES,DEL04-ES,UOP02-DEL04-ES,2025-09-07 19:00:00,2025.0,9.0,19.0,noite,False,0,moderado,BR-101
716893.0,2025-09-07,domingo,20:30,ES,101.0,88.3,SAO MATEUS,Acessar a via sem observar a presença dos outros veículos,Colisão transversal,Com Vítimas Fatais,Plena Noite,Crescente,Nublado,Simples,Reta,Não,3.0,1.0,0.0,0.0,2.0,0.0,0.0,2.0,-18.8857256,-39.9501186,SPRF-ES,DEL04-ES,UOP02-DEL04-ES,2025-09-07 20:30:00,2025.0,9.0,20.0,noite,False,1,fatal,BR-101
716993.0,2025-09-08,segunda,10:11,ES,101.0,28.0,PINHEIROS,Velocidade Incompatível,Tombamento,Com Vítimas Feridas,Pleno dia,Decrescente,Céu Claro,Simples,Reta;Declive,Não,2.0,0.0,1.0,0.0,0.0,2.0,1.0,3.0,-18.394302,-39.940893,SPRF-ES,DEL04-ES,UOP02-DEL04-ES,2025-09-08 10:11:00,2025.0,9.0,10.0,manha,False,0,moderado,BR-101
717080.0,2025-09-08,segunda,17:00,ES,262.0,102.0,VENDA NOVA DO IMIGRANTE,Condutor deixou de manter distância do veículo da frente,Colisão traseira,Com Vítimas Feridas,Pleno dia,Crescente,Céu Claro,Simples,Reta,Sim,3.0,0.0,1.0,0.0,2.0,0.0,1.0,3.0,-20.326887,-41.135094,SPRF-ES,DEL01-ES,UOP02-DEL01-ES,2025-09-08 17:00:00,2025.0,9.0,17.0,tarde,False,0,moderado,BR-262
717155.0,2025-09-09,terca,06:25,ES,262.0,64.0,MARECHAL FLORIANO,Ausência de reação do condutor,Tombamento,Sem Vítimas,Amanhecer,Decrescente,Céu Claro,Simples,Curva;Declive,Não,2.0,0.0,0.0,0.0,1.0,1.0,0.0,2.0,-20.41826,-40.81618,SPRF-ES,DEL01-ES,UOP02-DEL01-ES,2025-09-09 06:25:00,2025.0,9.0,6.0,manha,False,0,baixo,BR-262
717252.0,2025-09-09,terca,15:50,ES,101.0,262.8,SERRA,Falta de acostamento,Colisão lateral mesmo sentido,Com Vítimas Feridas,Pleno dia,Decrescente,Sol,Dupla,Reta,Sim,2.0,0.0,1.0,0.0,1.0,0.0,1.0,2.0,-20.1637356,-40.27451181,SPRF-ES,DEL02-ES,UOP01-DEL02-ES,2025-09-09 15:50:00,2025.0,9.0,15.0,tarde,True,0,moderado,BR-101
717362.0,2025-09-10,quarta,06:30,ES,101.0,14.8,SERRA,Reação tardia ou ineficiente do condutor,Tombamento,Com Vítimas Feridas,Pleno dia,Crescente,Céu Claro,Dupla,Reta,Não,1.0,0.0,1.0,0.0,0.0,0.0,1.0,1.0,-20.18072549,-40.3403306,SPRF-ES,DEL02-ES,UOP01-DEL02-ES,2025-09-10 06:30:00,2025.0,9.0,6.0,manha,True,0,moderado,BR-101
717398.0,2025-09-10,quarta,13:02,ES,101.0,161.0,LINHARES,Acessar a via sem observar a presença dos outros veículos,Colisão transversal,Com Vítimas Feridas,Pleno dia,Crescente,Céu Claro,Simples,Reta,Não,3.0,0.0,0.0,1.0,1.0,1.0,1.0,3.0,-19.488438,-40.125034,SPRF-ES,DEL04-ES,UOP01-DEL04-ES,2025-09-10 13:02:00,2025.0,9.0,13.0,tarde,False,1,grave,BR-101
717435.0,2025-09-10,quarta,14:20,ES,101.0,101.5,VENDA NOVA DO IMIGRANTE,Velocidade Incompatível,Tombamento,Com Vítimas Feridas,Pleno dia,Crescente,Sol,Simples,Curva,Não,2.0,0.0,1.0,0.0,0.0,1.0,1.0,2.0,-20.34266951,-41.1137116,SPRF-ES,DEL04-ES,UOP02-DEL04-ES,2025-09-10 14:20:00,2025.0,9.0,14.0,tarde,False,0,moderado,BR-101
717488.0,2025-09-10,quarta,19:00,ES,101.0,16.7,SERRA,Ausência de reação do condutor,Colisão com objeto,Sem Vítimas,Plena Noite,Crescente,Céu Claro,Dupla,Curva,Não,2.0,0.0,0.0,0.0,1.0,1.0,0.0,2.0,-20.07971406,-40.36634445,SPRF-ES,DEL02-ES,UOP01-DEL02-ES,2025-09-10 19:00:00,2025.0,9.0,19.0,noite,True,0,baixo,BR-101
717505.0,2025-09-10,quarta,21:10,ES,101.0,315.0,VILA VELHA,Velocidade Incompatível,Tombamento,Com Vítimas Feridas,Plena Noite,Decrescente,Nublado,Dupla,Aclive;Curva,Não,2.0,0.0,1.0,0.0,0.0,1.0,1.0,2.0,-20.47643682,-40.47060582,SPRF-ES,DEL01-ES,UOP01-DEL01-ES,2025-09-10 21:10:00,2025.0,9.0,21.0,noite,True,0,moderado,BR-101
717537.0,2025-09-11,quinta,04:50,ES,101.0,406.5,ITAPEMIRIM,Reação tardia ou ineficiente do condutor,Tombamento,Com Vítimas Fatais,Amanhecer,Crescente,Céu Claro,Simples,Curva,Não,2.0,1.0,0.0,0.0,0.0,1.0,0.0,2.0,-20.89356564,-41.02660252,SPRF-ES,DEL03-ES,UOP02-DEL03-ES,2025-09-11 04:50:00,2025.0,9.0,4.0,madrugada,False,1,fatal,BR-101
717639.0,2025-09-03,quarta,14:00,ES,101.0,281.0,SERRA,Acessar a via sem observar a presença dos outros veículos,Colisão traseira,Com Vítimas Feridas,Pleno dia,Crescente,Nublado,Dupla,Retorno Regulamentado;Reta,Não,6.0,0.0,1.0,0.0,5.0,0.0,1.0,2.0,-20.22191,-40.35798,SPRF-ES,DEL02-ES,UOP01-DEL02-ES,2025-09-03 14:00:00,2025.0,9.0,14.0,tarde,True,0,moderado,BR-101
717729.0,2025-09-12,sexta,00:00,ES,101.0,310.0,CARIACICA,Ingestão de álcool pelo condutor,Saída de leito carroçável,Com Vítimas Feridas,Plena Noite,Crescente,Céu Claro,Dupla,Curva,Não,1.0,0.0,1.0,0.0,0.0,0.0,1.0,1.0,-20.3372167,-40.384865,SPRF-ES,DEL01-ES,UOP01-DEL01-ES,2025-09-12 00:00:00,2025.0,9.0,0.0,madrugada,True,0,moderado,BR-101
718009.0,2025-09-13,sabado,05:15,ES,101.0,294.0,CARIACICA,Ausência de reação do condutor,Colisão com objeto,Com Vítimas Feridas,Amanhecer,Crescente,Chuva,Dupla,Reta,Não,2.0,0.0,1.0,0.0,1.0,0.0,1.0,1.0,-20.3226261,-40.3951829,SPRF-ES,DEL01-ES,UOP01-DEL01-ES,2025-09-13 05:15:00,2025.0,9.0,5.0,madrugada,True,0,moderado,BR-101
718060.0,2025-09-13,sabado,10:00,ES,101.0,141.2,LINHARES,Manobra de mudança de faixa,Saída de leito carroçável,Sem Vítimas,Pleno dia,Decrescente,Nublado,Múltipla,Reta,Sim,3.0,0.0,0.0,0.0,2.0,2.0,0.0,4.0,-19.32763566,-40.07115441,SPRF-ES,DEL04-ES,UOP01-DEL04-ES,2025-09-13 10:00:00,2025.0,9.0,10.0,manha,False,0,baixo,BR-101
718099.0,2025-09-13,sabado,13:10,ES,101.0,114.4,LINHARES,Transitar na contramão,Colisão frontal,Com Vítimas Fatais,Pleno dia,Decrescente,Nublado,Dupla,Reta,Não,3.0,1.0,0.0,0.0,1.0,1.0,0.0,3.0,-19.09878349,-40.05296775,SPRF-ES,DEL04-ES,UOP01-DEL04-ES,2025-09-13 13:10:00,2025.0,9.0,13.0,tarde,False,1,fatal,BR-101
718467.0,2025-09-14,domingo,22:00,ES,262.0,97.0,VENDA NOVA DO IMIGRANTE,Demais falhas mecânicas ou elétricas,Incêndio,Sem Vítimas,Plena Noite,Decrescente,Nublado,Simples,Reta,Sim,2.0,0.0,0.0,0.0,1.0,1.0,0.0,2.0,-20.3602235,-41.07678192,SPRF-ES,DEL01-ES,UOP02-DEL01-ES,2025-09-14 22:00:00,2025.0,9.0,22.0,noite,False,0,baixo,BR-262
718564.0,2025-09-15,segunda,11:00,ES,262.0,33.5,DOMINGOS MARTINS,Problema com o freio,Saída de leito carroçável,Com Vítimas Feridas,Pleno dia,Decrescente,Nublado,Simples,Curva,Não,2.0,0.0,2.0,0.0,0.0,0.0,2.0,1.0,-20.3144188,-40.5813394,SPRF-ES,DEL01-ES,UOP01-DEL01-ES,2025-09-15 11:00:00,2025.0,9.0,11.0,manha,False,0,moderado,BR-262
718680.0,2025-07-20,domingo,03:20,ES,101.0,46.9,CONCEICAO DA BARRA,Ausência de reação do condutor,Colisão frontal,Com Vítimas Fatais,Amanhecer,Crescente,Céu Claro,Simples,Reta,Não,3.0,1.0,0.0,0.0,1.0,3.0,0.0,5.0,-18.57059561,-39.89702225,SPRF-ES,DEL04-ES,UOP02-DEL04-ES,2025-07-20 03:20:00,2025.0,7.0,3.0,madrugada,False,1,fatal,BR-101
718799.0,2025-07-15,terca,05:00,ES,262.0,183.0,IBATIBA,Ausência de reação do condutor,Colisão com objeto,Com Vítimas Feridas,Amanhecer,Decrescente,Céu Claro,Simples,Reta,Não,2.0,0.0,1.0,0.0,0.0,1.0,1.0,2.0,-20.29248927,-41.66445291,SPRF-ES,DEL01-ES,UOP02-DEL01-ES,2025-07-15 05:00:00,2025.0,7.0,5.0,madrugada,False,0,moderado,BR-262
718848.0,2025-09-16,terca,18:50,ES,101.0,288.0,CARIACICA,Acessar a via sem observar a presença dos outros veículos,Colisão transversal,Com Vítimas Feridas,Plena Noite,Crescente,Céu Claro,Dupla,Interseção de Vias,Sim,3.0,0.0,0.0,1.0,1.0,1.0,1.0,3.0,-20.27330493,-40.39187908,SPRF-ES,DEL01-ES,UOP01-DEL01-ES,2025-09-16 18:50:00,2025.0,9.0,18.0,noite,True,1,grave,BR-101
718943.0,2025-09-17,quarta,10:00,ES,101.0,229.8,FUNDAO,Conversão proibida,Colisão transversal,Com Vítimas Feridas,Pleno dia,Crescente,Sol,Simples,Reta,Sim,4.0,0.0,1.0,1.0,1.0,2.0,2.0,4.0,-19.9349553,-40.4055385,SPRF-ES,DEL02-ES,UOP01-DEL02-ES,2025-09-17 10:00:00,2025.0,9.0,10.0,manha,True,1,grave,BR-101
719165.0,2025-09-18,quinta,06:00,ES,262.0,155.0,IBATIBA,Ausência de reação do condutor,Colisão lateral sentido oposto,Com Vítimas Feridas,Pleno dia,Decrescente,Nublado,Dupla,Reta,Não,5.0,0.0,0.0,1.0,3.0,1.0,1.0,4.0,-20.2280532,-41.4723587,SPRF-ES,DEL01-ES,UOP02-DEL01-ES,2025-09-18 06:00:00,2025.0,9.0,6.0,manha,False,1,grave,BR-262
719275.0,2025-09-18,quinta,21:56,ES,101.0,287.0,CARIACICA,Condutor deixou de manter distância do veículo da frente,Colisão lateral mesmo sentido,Com Vítimas Feridas,Plena Noite,Crescente,Céu Claro,Dupla,Reta,Sim,4.0,0.0,3.0,0.0,0.0,1.0,3.0,2.0,-20.266128,-40.386141,SPRF-ES,DEL01-ES,UOP01-DEL01-ES,2025-09-18 21:56:00,2025.0,9.0,21.0,noite,True,0,moderado,BR-101
719359.0,2025-09-19,sexta,11:40,ES,101.0,9.0,SERRA,Avarias e/ou desgaste excessivo no pneu,Colisão traseira,Com Vítimas Feridas,Pleno dia,Crescente,Chuva,Dupla,Reta,Não,6.0,0.0,1.0,1.0,3.0,1.0,2.0,4.0,-20.13582,-40.33955,SPRF-ES,DEL02-ES,UOP01-DEL02-ES,2025-09-19 11:40:00,2025.0,9.0,11.0,manha,True,1,grave,BR-101
719383.0,2025-09-19,sexta,14:07,ES,262.0,39.8,DOMINGOS MARTINS,Transitar na contramão,Colisão frontal,Com Vítimas Feridas,Pleno dia,Crescente,Chuva,Simples,Curva,Não,4.0,0.0,1.0,0.0,3.0,0.0,1.0,2.0,-20.38395364,-40.63573711,SPRF-ES,DEL01-ES,UOP01-DEL01-ES,2025-09-19 14:07:00,2025.0,9.0,14.0,tarde,False,0,moderado,BR-262
719534.0,2025-09-19,sexta,23:40,ES,101.0,146.0,LINHARES,Ingestão de álcool pelo condutor,Colisão lateral mesmo sentido,Sem Vítimas,Plena Noite,Crescente,Nublado,Múltipla,Reta,Sim,2.0,0.0,0.0,0.0,2.0,0.0,0.0,2.0,-19.37882086,-40.06665729,SPRF-ES,DEL04-ES,UOP01-DEL04-ES,2025-09-19 23:40:00,2025.0,9.0,23.0,noite,False,0,baixo,BR-101
719566.0,2025-09-20,sabado,04:00,ES,101.0,383.6,RIO NOVO DO SUL,Problema na suspensão,Capotamento,Com Vítimas Feridas,Amanhecer,Decrescente,Céu Claro,Simples,Curva,Não,1.0,0.0,1.0,0.0,0.0,0.0,1.0,1.0,-20.8249073,-40.8559496,SPRF-ES,DEL03-ES,UOP01-DEL03-ES,2025-09-20 04:00:00,2025.0,9.0,4.0,madrugada,False,0,moderado,BR-101
719748.0,2025-09-20,sabado,20:45,ES,101.0,139.5,LINHARES,Acessar a via sem observar a presença dos outros veículos,Colisão transversal,Com Vítimas Feridas,Plena Noite,Decrescente,Nublado,Simples,Retorno Regulamentado,Sim,2.0,0.0,0.0,1.0,1.0,0.0,1.0,2.0,-19.31338332,-40.07833584,SPRF-ES,DEL04-ES,UOP01-DEL04-ES,2025-09-20 20:45:00,2025.0,9.0,20.0,noite,False,1,grave,BR-101
719902.0,2025-08-12,terca,11:00,ES,101.0,366.3,ANCHIETA,Sinalização mal posicionada,Colisão traseira,Sem Vítimas,Pleno dia,Crescente,Nublado,Simples,Curva,Não,4.0,0.0,0.0,0.0,3.0,3.0,0.0,6.0,-20.736891,-40.760741,SPRF-ES,DEL03-ES,UOP01-DEL03-ES,2025-08-12 11:00:00,2025.0,8.0,11.0,manha,False,0,baixo,BR-101
720193.0,2025-09-22,segunda,10:30,ES,101.0,16.0,CONCEICAO DA BARRA,Pedestre cruzava a pista fora da faixa,Atropelamento de Pedestre,Com Vítimas Feridas,Pleno dia,Decrescente,Sol,Simples,Interseção de Vias,Sim,3.0,0.0,0.0,1.0,1.0,2.0,1.0,4.0,-18.31169956,-39.95517254,SPRF-ES,DEL04-ES,UOP02-DEL04-ES,2025-09-22 10:30:00,2025.0,9.0,10.0,manha,False,1,grave,BR-101
720282.0,2025-09-22,segunda,17:00,ES,262.0,52.3,MARECHAL FLORIANO,Ultrapassagem Indevida,Colisão lateral mesmo sentido,Sem Vítimas,Pleno dia,Crescente,Céu Claro,Simples,Reta,Sim,3.0,0.0,0.0,0.0,2.0,1.0,0.0,3.0,-20.41387594,-40.72654724,SPRF-ES,DEL01-ES,UOP01-DEL01-ES,2025-09-22 17:00:00,2025.0,9.0,17.0,tarde,False,0,baixo,BR-262
720370.0,2025-09-23,terca,01:30,ES,101.0,299.9,VIANA,Acessar a via sem observar a presença dos outros veículos,Colisão transversal,Com Vítimas Feridas,Plena Noite,Crescente,Chuva,Dupla,Viaduto;Reta,Sim,2.0,0.0,0.0,1.0,1.0,0.0,1.0,2.0,-20.35722526,-40.43004436,SPRF-ES,DEL01-ES,UOP01-DEL01-ES,2025-09-23 01:30:00,2025.0,9.0,1.0,madrugada,True,1,grave,BR-101
720371.0,2025-09-23,terca,04:00,ES,101.0,383.2,RIO NOVO DO SUL,Chuva,Saída de leito carroçável,Com Vítimas Feridas,Plena Noite,Crescente,Chuva,Simples,Curva,Não,1.0,0.0,1.0,0.0,0.0,0.0,1.0,1.0,-20.84257841,-40.87364372,SPRF-ES,DEL03-ES,UOP01-DEL03-ES,2025-09-23 04:00:00,2025.0,9.0,4.0,madrugada,False,0,moderado,BR-101
720474.0,2025-09-23,terca,17:05,ES,262.0,105.0,VENDA NOVA DO IMIGRANTE,Entrada inopinada do pedestre,Atropelamento de Pedestre,Com Vítimas Feridas,Anoitecer,Crescente,Garoa/Chuvisco,Simples,Reta,Sim,3.0,0.0,1.0,0.0,1.0,1.0,1.0,3.0,-20.32661348,-41.13556242,SPRF-ES,DEL01-ES,UOP02-DEL01-ES,2025-09-23 17:05:00,2025.0,9.0,17.0,tarde,False,0,moderado,BR-262
720602.0,2025-09-24,quarta,10:17,ES,101.0,165.9,LINHARES,Acessar a via sem observar a presença dos outros veículos,Colisão traseira,Com Vítimas Fatais,Pleno dia,Decrescente,Céu Claro,Simples,Reta,Sim,2.0,1.0,0.0,0.0,1.0,0.0,0.0,2.0,-19.46330275,-40.10644309,SPRF-ES,DEL04-ES,UOP01-DEL04-ES,2025-09-24 10:17:00,2025.0,9.0,10.0,manha,False,1,fatal,BR-101
720623.0,2025-09-24,quarta,13:15,ES,101.0,219.0,IBIRACU,Reação tardia ou ineficiente do condutor,Engavetamento,Com Vítimas Feridas,Pleno dia,Crescente,Céu Claro,Dupla,Curva,Não,5.0,0.0,0.0,1.0,3.0,3.0,1.0,7.0,-19.865543,-40.384145,SPRF-ES,DEL02-ES,UOP01-DEL02-ES,2025-09-24 13:15:00,2025.0,9.0,13.0,tarde,False,1,grave,BR-101
720659.0,2025-09-24,quarta,16:15,ES,101.0,264.0,SERRA,Ausência de reação do condutor,Colisão traseira,Com Vítimas Feridas,Pleno dia,Crescente,Nublado,Múltipla,Reta,Sim,3.0,0.0,0.0,1.0,1.0,2.0,1.0,4.0,-20.17761881,-40.26561141,SPRF-ES,DEL02-ES,UOP01-DEL02-ES,2025-09-24 16:15:00,2025.0,9.0,16.0,tarde,True,1,grave,BR-101
720786.0,2025-09-25,quinta,10:00,ES,101.0,31.5,CONCEICAO DA BARRA,Entrada inopinada do pedestre,Atropelamento de Pedestre,Com Vítimas Fatais,Pleno dia,Decrescente,Nublado,Simples,Aclive;Reta,Não,4.0,1.0,0.0,0.0,1.0,3.0,0.0,4.0,-18.42513,-39.935153,SPRF-ES,DEL04-ES,UOP02-DEL04-ES,2025-09-25 10:00:00,2025.0,9.0,10.0,manha,False,1,fatal,BR-101
720841.0,2025-09-25,quinta,17:00,ES,101.0,292.7,CARIACICA,Ausência de reação do condutor,Colisão lateral mesmo sentido,Com Vítimas Feridas,Pleno dia,Crescente,Nublado,Múltipla,Reta,Sim,2.0,0.0,0.0,1.0,0.0,1.0,1.0,2.0,-20.31286567,-40.39578438,SPRF-ES,DEL01-ES,UOP01-DEL01-ES,2025-09-25 17:00:00,2025.0,9.0,17.0,tarde,True,1,grave,BR-101
720862.0,2025-09-25,quinta,18:20,ES,101.0,168.5,LINHARES,Pedestre cruzava a pista fora da faixa,Atropelamento de Pedestre,Com Vítimas Feridas,Plena Noite,Crescente,Nublado,Simples,Reta,Não,2.0,0.0,0.0,1.0,1.0,0.0,1.0,2.0,-19.533991,-40.157091,SPRF-ES,DEL04-ES,UOP01-DEL04-ES,2025-09-25 18:20:00,2025.0,9.0,18.0,noite,False,1,grave,BR-101
720925.0,2025-09-26,sexta,05:30,ES,101.0,150.8,LINHARES,Condutor deixou de manter distância do veículo da frente,Colisão traseira,Com Vítimas Feridas,Amanhecer,Crescente,Nublado,Simples,Interseção de Vias;Declive;Curva,Sim,8.0,0.0,5.0,0.0,2.0,1.0,5.0,3.0,-19.40713843,-40.06399202,SPRF-ES,DEL04-ES,UOP01-DEL04-ES,2025-09-26 05:30:00,2025.0,9.0,5.0,madrugada,False,0,moderado,BR-101
720973.0,2025-09-26,sexta,10:20,ES,101.0,302.6,VIANA,Manobra de mudança de faixa,Colisão lateral mesmo sentido,Com Vítimas Feridas,Pleno dia,Crescente,Nublado,Dupla,Reta,Sim,4.0,0.0,2.0,0.0,1.0,1.0,2.0,3.0,-20.373942,-40.442633,SPRF-ES,DEL01-ES,UOP01-DEL01-ES,2025-09-26 10:20:00,2025.0,9.0,10.0,manha,True,0,moderado,BR-101
721124.0,2025-09-27,sabado,00:50,ES,262.0,29.0,DOMINGOS MARTINS,Velocidade Incompatível,Capotamento,Com Vítimas Feridas,Plena Noite,Crescente,Céu Claro,Simples,Curva;Declive,Não,2.0,0.0,1.0,0.0,0.0,1.0,1.0,2.0,-20.37443514,-40.55961541,SPRF-ES,DEL01-ES,UOP01-DEL01-ES,2025-09-27 00:50:00,2025.0,9.0,0.0,madrugada,False,0,moderado,BR-262
721476.0,2025-09-28,domingo,16:05,ES,101.0,226.0,IBIRACU,Reação tardia ou ineficiente do condutor,Tombamento,Com Vítimas Feridas,Pleno dia,Crescente,Céu Claro,Simples,Reta,Não,3.0,0.0,2.0,0.0,0.0,1.0,2.0,3.0,-19.8788865,-40.4168977,SPRF-ES,DEL02-ES,UOP01-DEL02-ES,2025-09-28 16:05:00,2025.0,9.0,16.0,tarde,False,0,moderado,BR-101
721605.0,2025-09-29,segunda,06:09,ES,101.0,290.0,CARIACICA,Acessar a via sem observar a presença dos outros veículos,Colisão transversal,Com Vítimas Feridas,Pleno dia,Crescente,Céu Claro,Dupla,Declive;Retorno Regulamentado,Sim,4.0,0.0,0.0,1.0,1.0,2.0,1.0,4.0,-20.29395873,-40.39376736,SPRF-ES,DEL01-ES,UOP01-DEL01-ES,2025-09-29 06:09:00,2025.0,9.0,6.0,manha,True,1,grave,BR-101
721611.0,2025-09-29,segunda,07:15,ES,259.0,58.0,COLATINA,Transitar na contramão,Colisão frontal,Com Vítimas Feridas,Pleno dia,Crescente,Céu Claro,Múltipla,Reta;Interseção de Vias;Aclive,Sim,3.0,0.0,1.0,0.0,2.0,0.0,1.0,3.0,-19.52219219,-40.66779166,SPRF-ES,DEL02-ES,UOP01-DEL02-ES,2025-09-29 07:15:00,2025.0,9.0,7.0,manha,False,0,moderado,BR-259
721631.0,2025-09-29,segunda,08:00,ES,101.0,73.3,SAO MATEUS,Manobra de mudança de faixa,Tombamento,Com Vítimas Feridas,Pleno dia,Crescente,Céu Claro,Simples,Reta,Não,2.0,0.0,1.0,0.0,1.0,0.0,1.0,2.0,-18.773282,-39.870367,SPRF-ES,DEL04-ES,UOP02-DEL04-ES,2025-09-29 08:00:00,2025.0,9.0,8.0,manha,False,0,moderado,BR-101
721830.0,2025-09-30,terca,07:15,ES,262.0,174.1,IBATIBA,Transitar na contramão,Colisão frontal,Com Vítimas Feridas,Amanhecer,Crescente,Céu Claro,Simples,Reta;Declive,Não,6.0,0.0,3.0,1.0,0.0,2.0,4.0,5.0,-20.26881354,-41.61078701,SPRF-ES,DEL01-ES,UOP02-DEL01-ES,2025-09-30 07:15:00,2025.0,9.0,7.0,manha,False,1,grave,BR-262
721918.0,2025-09-30,terca,17:20,ES,101.0,270.4,SERRA,Reação tardia ou ineficiente do condutor,Colisão traseira,Com Vítimas Feridas,Anoitecer,Crescente,Nublado,Múltipla,Reta,Sim,5.0,0.0,1.0,2.0,2.0,0.0,3.0,4.0,-20.22775153,-40.27125986,SPRF-ES,DEL02-ES,UOP01-DEL02-ES,2025-09-30 17:20:00,2025.0,9.0,17.0,tarde,True,1,grave,BR-101
721979.0,2025-10-01,quarta,03:56,ES,259.0,8.7,JOAO NEIVA,Velocidade Incompatível,Tombamento,Com Vítimas Feridas,Plena Noite,Decrescente,Nublado,Simples,Curva;Aclive,Não,1.0,0.0,1.0,0.0,0.0,0.0,1.0,1.0,-19.67789667,-40.39893866,SPRF-ES,DEL02-ES,UOP01-DEL02-ES,2025-10-01 03:56:00,2025.0,10.0,3.0,madrugada,False,0,moderado,BR-259
722075.0,2025-10-01,quarta,15:15,ES,101.0,368.7,ANCHIETA,Velocidade Incompatível,Tombamento,Com Vítimas Feridas,Pleno dia,Decrescente,Sol,Simples,Aclive;Curva,Não,1.0,0.0,1.0,0.0,0.0,0.0,1.0,1.0,-20.75592733,-40.75614151,SPRF-ES,DEL03-ES,UOP01-DEL03-ES,2025-10-01 15:15:00,2025.0,10.0,15.0,tarde,False,0,moderado,BR-101
722204.0,2025-10-02,quinta,06:50,ES,262.0,30.0,VIANA,Demais falhas mecânicas ou elétricas,Incêndio,Sem Vítimas,Pleno dia,Decrescente,Céu Claro,Simples,Curva;Declive,Não,2.0,0.0,0.0,0.0,1.0,3.0,0.0,4.0,-20.38371,-40.50002,SPRF-ES,DEL01-ES,UOP01-DEL01-ES,2025-10-02 06:50:00,2025.0,10.0,6.0,manha,True,0,baixo,BR-262
722218.0,2025-10-02,quinta,10:14,ES,101.0,245.3,SERRA,Manobra de mudança de faixa,Colisão lateral mesmo sentido,Com Vítimas Feridas,Pleno dia,Decrescente,Céu Claro,Dupla,Reta;Em Obras,Não,4.0,0.0,3.0,0.0,1.0,0.0,3.0,2.0,-20.05802466,-40.3791068,SPRF-ES,DEL02-ES,UOP01-DEL02-ES,2025-10-02 10:14:00,2025.0,10.0,10.0,manha,True,0,moderado,BR-101
722386.0,2025-10-03,sexta,07:00,ES,101.0,290.3,CARIACICA,Manobra de mudança de faixa,Colisão lateral mesmo sentido,Com Vítimas Feridas,Pleno dia,Decrescente,Nublado,Dupla,Reta,Sim,2.0,0.0,1.0,0.0,0.0,1.0,1.0,2.0,-20.292215,-40.3921267,SPRF-ES,DEL01-ES,UOP01-DEL01-ES,2025-10-03 07:00:00,2025.0,10.0,7.0,manha,True,0,moderado,BR-101
722446.0,2025-08-14,quinta,19:45,ES,101.0,264.6,SERRA,Condutor desrespeitou a iluminação vermelha do semáforo,Colisão transversal,Com Vítimas Feridas,Pleno dia,Crescente,Nublado,Múltipla,Reta,Sim,4.0,0.0,1.0,0.0,0.0,3.0,1.0,3.0,-20.17860167,-40.26508333,SPRF-ES,DEL02-ES,UOP01-DEL02-ES,2025-08-14 19:45:00,2025.0,8.0,19.0,noite,True,0,moderado,BR-101
722708.0,2025-10-04,sabado,14:40,ES,101.0,149.6,LINHARES,Acessar a via sem observar a presença dos outros veículos,Colisão transversal,Com Vítimas Fatais,Pleno dia,Crescente,Céu Claro,Dupla,Aclive;Curva,Sim,3.0,1.0,0.0,0.0,1.0,1.0,0.0,3.0,-19.40590236,-40.06236689,SPRF-ES,DEL04-ES,UOP01-DEL04-ES,2025-10-04 14:40:00,2025.0,10.0,14.0,tarde,False,1,fatal,BR-101
722709.0,2025-10-04,sabado,14:25,ES,101.0,337.0,GUARAPARI,Manobra de mudança de faixa,Colisão traseira,Com Vítimas Feridas,Pleno dia,Decrescente,Céu Claro,Dupla,Reta,Não,6.0,0.0,2.0,0.0,2.0,2.0,2.0,4.0,-20.638364,-40.543931,SPRF-ES,DEL03-ES,UOP01-DEL03-ES,2025-10-04 14:25:00,2025.0,10.0,14.0,tarde,True,0,moderado,BR-101
722832.0,2025-10-04,sabado,22:30,ES,101.0,57.0,SAO MATEUS,Ausência de reação do condutor,Colisão traseira,Sem Vítimas,Plena Noite,Decrescente,Garoa/Chuvisco,Simples,Reta;Aclive,Não,3.0,0.0,0.0,0.0,1.0,2.0,0.0,3.0,-18.65286386,-39.87227009,SPRF-ES,DEL04-ES,UOP02-DEL04-ES,2025-10-04 22:30:00,2025.0,10.0,22.0,noite,False,0,baixo,BR-101
722942.0,2025-10-05,domingo,13:10,ES,101.0,255.4,SERRA,Condutor deixou de manter distância do veículo da frente,Colisão traseira,Com Vítimas Feridas,Pleno dia,Crescente,Nublado,Simples,Reta,Sim,4.0,0.0,2.0,0.0,1.0,1.0,2.0,3.0,-20.11733,-40.31448833,SPRF-ES,DEL02-ES,UOP01-DEL02-ES,2025-10-05 13:10:00,2025.0,10.0,13.0,tarde,True,0,moderado,BR-101
722992.0,2025-10-05,domingo,18:00,ES,262.0,95.0,VENDA NOVA DO IMIGRANTE,Acessar a via sem observar a presença dos outros veículos,Colisão frontal,Com Vítimas Feridas,Plena Noite,Crescente,Nublado,Simples,Aclive;Curva,Não,2.0,0.0,0.0,1.0,1.0,0.0,1.0,2.0,-20.33278103,-41.20503783,SPRF-ES,DEL01-ES,UOP02-DEL01-ES,2025-10-05 18:00:00,2025.0,10.0,18.0,noite,False,1,grave,BR-262
723044.0,2025-10-05,domingo,21:15,ES,101.0,436.6,MIMOSO DO SUL,Conversão proibida,Colisão transversal,Com Vítimas Feridas,Plena Noite,Crescente,Céu Claro,Simples,Reta,Não,7.0,0.0,4.0,0.0,2.0,1.0,4.0,3.0,-21.06353651,-41.21592879,SPRF-ES,DEL03-ES,UOP02-DEL03-ES,2025-10-05 21:15:00,2025.0,10.0,21.0,noite,False,0,moderado,BR-101
723405.0,2025-09-22,segunda,06:40,ES,101.0,270.0,SERRA,Manobra de mudança de faixa,Colisão lateral mesmo sentido,Com Vítimas Feridas,Pleno dia,Decrescente,Céu Claro,Dupla,Reta,Sim,4.0,0.0,1.0,0.0,0.0,3.0,1.0,3.0,-20.229059,-40.272121,SPRF-ES,DEL02-ES,UOP01-DEL02-ES,2025-09-22 06:40:00,2025.0,9.0,6.0,manha,True,0,moderado,BR-101
723494.0,2025-10-07,terca,17:00,ES,393.0,37.0,MUQUI,Velocidade Incompatível,Colisão frontal,Com Vítimas Feridas,Plena Noite,Crescente,Garoa/Chuvisco,Simples,Reta,Não,3.0,0.0,0.0,1.0,0.0,2.0,1.0,2.0,-20.94204193,-41.34681707,SPRF-ES,DEL03-ES,UOP02-DEL03-ES,2025-10-07 17:00:00,2025.0,10.0,17.0,tarde,False,1,grave,BR-393
723513.0,2025-10-08,quarta,02:15,ES,101.0,417.0,CACHOEIRO DE ITAPEMIRIM,Condutor Dormindo,Saída de leito carroçável,Com Vítimas Feridas,Plena Noite,Crescente,Nublado,Simples,Reta,Não,1.0,0.0,0.0,1.0,0.0,0.0,1.0,1.0,-20.93322397,-41.08028412,SPRF-ES,DEL03-ES,UOP02-DEL03-ES,2025-10-08 02:15:00,2025.0,10.0,2.0,madrugada,False,1,grave,BR-101
723626.0,2025-10-08,quarta,16:20,ES,101.0,212.0,IBIRACU,Acessar a via sem observar a presença dos outros veículos,Colisão transversal,Com Vítimas Feridas,Pleno dia,Crescente,Céu Claro,Simples,Reta,Sim,2.0,0.0,1.0,0.0,1.0,0.0,1.0,2.0,-19.820575,-40.368742,SPRF-ES,DEL02-ES,UOP01-DEL02-ES,2025-10-08 16:20:00,2025.0,10.0,16.0,tarde,False,0,moderado,BR-101
723670.0,2025-10-08,quarta,19:40,ES,262.0,110.0,VENDA NOVA DO IMIGRANTE,Mal súbito do condutor,Colisão frontal,Com Vítimas Feridas,Plena Noite,Crescente,Nublado,Simples,Reta,Sim,3.0,0.0,0.0,1.0,1.0,1.0,1.0,3.0,-20.33679981,-41.18523206,SPRF-ES,DEL01-ES,UOP02-DEL01-ES,2025-10-08 19:40:00,2025.0,10.0,19.0,noite,False,1,grave,BR-262
723835.0,2025-10-09,quinta,14:56,ES,262.0,85.0,DOMINGOS MARTINS,Condutor deixou de manter distância do veículo da frente,Colisão traseira,Com Vítimas Feridas,Pleno dia,Decrescente,Céu Claro,Simples,Curva,Não,3.0,0.0,1.0,0.0,2.0,0.0,1.0,2.0,-20.37977,-41.03814,SPRF-ES,DEL01-ES,UOP02-DEL01-ES,2025-10-09 14:56:00,2025.0,10.0,14.0,tarde,False,0,moderado,BR-262
724077.0,2025-10-10,sexta,17:20,ES,101.0,142.0,LINHARES,Condutor deixou de manter distância do veículo da frente,Colisão traseira,Com Vítimas Feridas,Anoitecer,Crescente,Nublado,Dupla,Reta,Sim,5.0,0.0,1.0,0.0,4.0,0.0,1.0,2.0,-19.33396395,-40.06815791,SPRF-ES,DEL04-ES,UOP01-DEL04-ES,2025-10-10 17:20:00,2025.0,10.0,17.0,tarde,False,0,moderado,BR-101
724167.0,2025-10-10,sexta,22:45,ES,101.0,176.8,ARACRUZ,Velocidade Incompatível,Colisão frontal,Com Vítimas Fatais,Pleno dia,Crescente,Nublado,Simples,Reta,Sim,6.0,2.0,0.0,0.0,1.0,3.0,0.0,4.0,-19.60167183,-40.20278393,SPRF-ES,DEL04-ES,UOP01-DEL04-ES,2025-10-10 22:45:00,2025.0,10.0,22.0,noite,False,1,fatal,BR-101
724238.0,2025-10-11,sabado,08:25,ES,101.0,358.3,ANCHIETA,Mal súbito do condutor,Colisão lateral sentido oposto,Com Vítimas Feridas,Pleno dia,Crescente,Céu Claro,Simples,Reta;Aclive,Não,3.0,0.0,0.0,1.0,1.0,1.0,1.0,3.0,-20.694,-40.7066,SPRF-ES,DEL03-ES,UOP01-DEL03-ES,2025-10-11 08:25:00,2025.0,10.0,8.0,manha,False,1,grave,BR-101
724339.0,2025-10-11,sabado,16:00,ES,262.0,99.9,DOMINGOS MARTINS,Condutor Dormindo,Colisão frontal,Com Vítimas Feridas,Pleno dia,Crescente,Céu Claro,Simples,Curva;Declive,Não,3.0,0.0,1.0,0.0,1.0,1.0,1.0,3.0,-20.41572156,-40.91710925,SPRF-ES,DEL01-ES,UOP02-DEL01-ES,2025-10-11 16:00:00,2025.0,10.0,16.0,tarde,False,0,moderado,BR-262
724345.0,2025-10-11,sabado,16:00,ES,262.0,65.0,MARECHAL FLORIANO,Conversão proibida,Colisão transversal,Com Vítimas Feridas,Pleno dia,Crescente,Nublado,Simples,Curva,Não,4.0,0.0,1.0,1.0,2.0,0.0,2.0,3.0,-20.41234,-40.832114,SPRF-ES,DEL01-ES,UOP02-DEL01-ES,2025-10-11 16:00:00,2025.0,10.0,16.0,tarde,False,1,grave,BR-262
724651.0,2025-10-12,domingo,20:41,ES,101.0,64.0,SAO MATEUS,Ultrapassagem Indevida,Colisão frontal,Com Vítimas Feridas,Plena Noite,Decrescente,Céu Claro,Simples,Reta,Sim,3.0,0.0,1.0,0.0,2.0,0.0,1.0,2.0,-18.69906,-39.86497,SPRF-ES,DEL04-ES,UOP02-DEL04-ES,2025-10-12 20:41:00,2025.0,10.0,20.0,noite,False,0,moderado,BR-101
724959.0,2025-07-26,sabado,14:00,ES,101.0,259.0,SERRA,Ultrapassagem Indevida,Colisão frontal,Com Vítimas Feridas,Pleno dia,Crescente,Céu Claro,Simples,Reta,Não,2.0,0.0,1.0,0.0,1.0,0.0,1.0,2.0,-20.14223891,-40.29182919,SPRF-ES,DEL02-ES,UOP01-DEL02-ES,2025-07-26 14:00:00,2025.0,7.0,14.0,tarde,True,0,moderado,BR-101
724966.0,2025-10-14,terca,08:00,ES,101.0,127.0,SOORETAMA,Desrespeitar a preferência no cruzamento,Colisão transversal,Com Vítimas Feridas,Pleno dia,Crescente,Céu Claro,Múltipla,Retorno Regulamentado,Sim,2.0,0.0,1.0,0.0,1.0,0.0,1.0,2.0,-19.20055916,-40.09396076,SPRF-ES,DEL04-ES,UOP01-DEL04-ES,2025-10-14 08:00:00,2025.0,10.0,8.0,manha,False,0,moderado,BR-101
724973.0,2025-10-14,terca,12:28,ES,101.0,14.0,PEDRO CANARIO,Reação tardia ou ineficiente do condutor,Tombamento,Com Vítimas Feridas,Pleno dia,Crescente,Sol,Simples,Curva;Declive,Não,2.0,0.0,1.0,0.0,0.0,1.0,1.0,2.0,-18.27994174,-39.95897993,SPRF-ES,DEL04-ES,UOP02-DEL04-ES,2025-10-14 12:28:00,2025.0,10.0,12.0,tarde,False,0,moderado,BR-101
725192.0,2025-10-15,quarta,13:40,ES,101.0,72.9,SAO MATEUS,Velocidade Incompatível,Colisão traseira,Com Vítimas Fatais,Pleno dia,Crescente,Chuva,Simples,Reta,Não,2.0,1.0,0.0,0.0,1.0,0.0,0.0,2.0,-18.76992,-39.867809,SPRF-ES,DEL04-ES,UOP02-DEL04-ES,2025-10-15 13:40:00,2025.0,10.0,13.0,tarde,False,1,fatal,BR-101
725220.0,2025-10-15,quarta,15:57,ES,259.0,15.5,JOAO NEIVA,Reação tardia ou ineficiente do condutor,Capotamento,Com Vítimas Feridas,Pleno dia,Crescente,Céu Claro,Simples,Curva,Não,2.0,0.0,1.0,0.0,0.0,1.0,1.0,2.0,-19.659355,-40.430645,SPRF-ES,DEL02-ES,UOP01-DEL02-ES,2025-10-15 15:57:00,2025.0,10.0,15.0,tarde,False,0,moderado,BR-259
725301.0,2025-10-16,quinta,03:30,ES,101.0,144.0,LINHARES,Ingestão de álcool pelo condutor,Saída de leito carroçável,Com Vítimas Feridas,Plena Noite,Crescente,Céu Claro,Múltipla,Reta,Sim,4.0,0.0,1.0,0.0,0.0,4.0,1.0,4.0,-19.35032317,-40.06373763,SPRF-ES,DEL04-ES,UOP01-DEL04-ES,2025-10-16 03:30:00,2025.0,10.0,3.0,madrugada,False,0,moderado,BR-101
725467.0,2025-10-16,quinta,19:47,ES,101.0,229.0,FUNDAO,Pedestre andava na pista,Atropelamento de Pedestre,Com Vítimas Feridas,Plena Noite,Decrescente,Céu Claro,Simples,Reta,Não,3.0,0.0,1.0,0.0,1.0,1.0,1.0,3.0,-19.93462494,-40.40380284,SPRF-ES,DEL02-ES,UOP01-DEL02-ES,2025-10-16 19:47:00,2025.0,10.0,19.0,noite,True,0,moderado,BR-101
725518.0,2025-10-17,sexta,04:50,ES,101.0,7.0,SERRA,Reação tardia ou ineficiente do condutor,Colisão com objeto,Sem Vítimas,Pleno dia,Crescente,Céu Claro,Dupla,Reta,Não,2.0,0.0,0.0,0.0,1.0,1.0,0.0,2.0,-20.124457,-40.34177,SPRF-ES,DEL02-ES,UOP01-DEL02-ES,2025-10-17 04:50:00,2025.0,10.0,4.0,madrugada,True,0,baixo,BR-101
725523.0,2025-10-17,sexta,06:27,ES,101.0,311.6,VILA VELHA,Ausência de reação do condutor,Colisão transversal,Com Vítimas Fatais,Pleno dia,Decrescente,Céu Claro,Dupla,Declive;Reta,Não,4.0,1.0,1.0,0.0,1.0,1.0,1.0,4.0,-20.439967,-40.459858,SPRF-ES,DEL01-ES,UOP01-DEL01-ES,2025-10-17 06:27:00,2025.0,10.0,6.0,manha,True,1,fatal,BR-101
725541.0,2025-09-11,quinta,10:26,ES,262.0,100.6,VENDA NOVA DO IMIGRANTE,Reação tardia ou ineficiente do condutor,Tombamento,Com Vítimas Feridas,Pleno dia,Crescente,Sol,Simples,Curva;Declive,Não,3.0,0.0,1.0,1.0,0.0,1.0,2.0,2.0,-20.344575,-41.108563,SPRF-ES,DEL01-ES,UOP02-DEL01-ES,2025-09-11 10:26:00,2025.0,9.0,10.0,manha,False,1,grave,BR-262
725568.0,2025-10-17,sexta,09:59,ES,101.0,301.6,VIANA,Ausência de reação do condutor,Colisão traseira,Com Vítimas Feridas,Pleno dia,Crescente,Sol,Dupla,Curva,Sim,3.0,0.0,1.0,0.0,2.0,0.0,1.0,2.0,-20.365327,-40.443573,SPRF-ES,DEL01-ES,UOP01-DEL01-ES,2025-10-17 09:59:00,2025.0,10.0,9.0,manha,True,0,moderado,BR-101
725583.0,2025-10-17,sexta,10:30,ES,101.0,404.1,ITAPEMIRIM,Condutor Dormindo,Colisão lateral sentido oposto,Com Vítimas Fatais,Pleno dia,Crescente,Céu Claro,Simples,Aclive,Não,3.0,1.0,1.0,0.0,0.0,1.0,1.0,3.0,-20.8958179,-41.0079923,SPRF-ES,DEL03-ES,UOP02-DEL03-ES,2025-10-17 10:30:00,2025.0,10.0,10.0,manha,False,1,fatal,BR-101
725786.0,2025-10-18,sabado,04:30,ES,101.0,269.5,SERRA,Curva acentuada,Tombamento,Com Vítimas Feridas,Amanhecer,Crescente,Céu Claro,Dupla,Reta;Retorno Regulamentado,Sim,2.0,0.0,1.0,0.0,0.0,1.0,1.0,2.0,-20.22232595,-40.27037412,SPRF-ES,DEL02-ES,UOP01-DEL02-ES,2025-10-18 04:30:00,2025.0,10.0,4.0,madrugada,True,0,moderado,BR-101
726336.0,2025-10-20,segunda,12:48,ES,101.0,233.0,FUNDAO,Velocidade Incompatível,Colisão lateral mesmo sentido,Com Vítimas Feridas,Pleno dia,Crescente,Céu Claro,Simples,Declive;Reta,Não,3.0,0.0,0.0,1.0,1.0,1.0,1.0,3.0,-19.98486955,-40.41403961,SPRF-ES,DEL02-ES,UOP01-DEL02-ES,2025-10-20 12:48:00,2025.0,10.0,12.0,tarde,True,1,grave,BR-101
726338.0,2025-10-20,segunda,11:30,ES,101.0,268.0,SERRA,Manobra de mudança de faixa,Colisão lateral mesmo sentido,Com Vítimas Feridas,Pleno dia,Decrescente,Nublado,Múltipla,Reta,Não,2.0,0.0,1.0,0.0,1.0,0.0,1.0,2.0,-20.20120597,-40.2689491,SPRF-ES,DEL02-ES,UOP01-DEL02-ES,2025-10-20 11:30:00,2025.0,10.0,11.0,manha,True,0,moderado,BR-101
726454.0,2025-10-20,segunda,22:00,ES,101.0,318.0,VILA VELHA,Ausência de reação do condutor,Colisão traseira,Com Vítimas Feridas,Plena Noite,Crescente,Nublado,Dupla,Aclive;Reta,Não,3.0,0.0,2.0,0.0,1.0,0.0,2.0,2.0,-20.494267,-40.47653,SPRF-ES,DEL01-ES,UOP01-DEL01-ES,2025-10-20 22:00:00,2025.0,10.0,22.0,noite,True,0,moderado,BR-101
726592.0,2025-10-21,terca,16:20,ES,101.0,223.4,IBIRACU,Velocidade Incompatível,Tombamento,Com Vítimas Feridas,Pleno dia,Crescente,Nublado,Simples,Curva,Não,2.0,0.0,1.0,0.0,0.0,1.0,1.0,2.0,-19.87997,-40.41726,SPRF-ES,DEL02-ES,UOP01-DEL02-ES,2025-10-21 16:20:00,2025.0,10.0,16.0,tarde,False,0,moderado,BR-101
726713.0,2025-10-22,quarta,10:20,ES,101.0,270.0,SERRA,Pedestre cruzava a pista fora da faixa,Atropelamento de Pedestre,Com Vítimas Feridas,Pleno dia,Decrescente,Céu Claro,Dupla,Reta;Interseção de Vias,Sim,2.0,0.0,0.0,1.0,1.0,0.0,1.0,2.0,-20.22951292,-40.2728641,SPRF-ES,DEL02-ES,UOP01-DEL02-ES,2025-10-22 10:20:00,2025.0,10.0,10.0,manha,True,1,grave,BR-101
726771.0,2025-10-22,quarta,17:00,ES,101.0,278.2,SERRA,Ausência de reação do condutor,Tombamento,Com Vítimas Feridas,Pleno dia,Crescente,Nublado,Simples,Aclive;Curva;Retorno Regulamentado,Sim,2.0,0.0,1.0,0.0,0.0,1.0,1.0,2.0,-20.216985,-40.332365,SPRF-ES,DEL02-ES,UOP01-DEL02-ES,2025-10-22 17:00:00,2025.0,10.0,17.0,tarde,True,0,moderado,BR-101
726819.0,2025-10-22,quarta,18:00,ES,101.0,269.0,SERRA,Acessar a via sem observar a presença dos outros veículos,Colisão traseira,Com Vítimas Feridas,Plena Noite,Crescente,Garoa/Chuvisco,Dupla,Reta,Sim,3.0,0.0,1.0,0.0,2.0,0.0,1.0,3.0,-20.23232831,-40.27447343,SPRF-ES,DEL02-ES,UOP01-DEL02-ES,2025-10-22 18:00:00,2025.0,10.0,18.0,noite,True,0,moderado,BR-101
727050.0,2025-10-23,quinta,22:50,ES,101.0,293.6,CARIACICA,Velocidade Incompatível,Tombamento,Com Vítimas Feridas,Plena Noite,Crescente,Céu Claro,Múltipla,Curva,Sim,2.0,0.0,1.0,0.0,0.0,1.0,1.0,2.0,-20.320897,-40.3960111,SPRF-ES,DEL01-ES,UOP01-DEL01-ES,2025-10-23 22:50:00,2025.0,10.0,22.0,noite,True,0,moderado,BR-101
727156.0,2025-10-24,sexta,06:00,ES,262.0,150.8,IBATIBA,Velocidade Incompatível,Saída de leito carroçável,Com Vítimas Feridas,Pleno dia,Decrescente,Céu Claro,Simples,Curva,Não,1.0,0.0,1.0,0.0,0.0,0.0,1.0,1.0,-20.21476475,-41.44862202,SPRF-ES,DEL01-ES,UOP02-DEL01-ES,2025-10-24 06:00:00,2025.0,10.0,6.0,manha,False,0,moderado,BR-262
727199.0,2025-10-24,sexta,15:30,ES,101.0,390.0,RIO NOVO DO SUL,Problema com o freio,Eventos atípicos,Com Vítimas Feridas,Pleno dia,Crescente,Nublado,Simples,Reta,Não,2.0,0.0,1.0,0.0,0.0,1.0,1.0,2.0,-20.8665174,-40.8943133,SPRF-ES,DEL03-ES,UOP02-DEL03-ES,2025-10-24 15:30:00,2025.0,10.0,15.0,tarde,False,0,moderado,BR-101
727355.0,2025-10-25,sabado,07:20,ES,262.0,119.3,CONCEICAO DO CASTELO,Ausência de reação do condutor,Colisão frontal,Com Vítimas Feridas,Pleno dia,Decrescente,Nublado,Simples,Curva,Não,5.0,0.0,0.0,2.0,2.0,1.0,2.0,4.0,-20.3000722,-41.2310911,SPRF-ES,DEL01-ES,UOP02-DEL01-ES,2025-10-25 07:20:00,2025.0,10.0,7.0,manha,False,1,grave,BR-262
727476.0,2025-10-25,sabado,13:30,ES,262.0,99.5,VENDA NOVA DO IMIGRANTE,Velocidade Incompatível,Saída de leito carroçável,Com Vítimas Feridas,Pleno dia,Crescente,Chuva,Simples,Curva,Não,1.0,0.0,0.0,1.0,0.0,0.0,1.0,1.0,-20.34950575,-41.10017538,SPRF-ES,DEL01-ES,UOP02-DEL01-ES,2025-10-25 13:30:00,2025.0,10.0,13.0,tarde,False,1,grave,BR-262
727634.0,2025-10-26,domingo,12:07,ES,101.0,277.9,SERRA,Acessar a via sem observar a presença dos outros veículos,Colisão transversal,Com Vítimas Feridas,Pleno dia,Decrescente,Nublado,Dupla,Retorno Regulamentado;Reta,Não,5.0,0.0,2.0,1.0,1.0,2.0,3.0,4.0,-20.21698132,-40.32943091,SPRF-ES,DEL02-ES,UOP01-DEL02-ES,2025-10-26 12:07:00,2025.0,10.0,12.0,tarde,True,1,grave,BR-101
727856.0,2025-10-27,segunda,08:00,ES,101.0,289.2,CARIACICA,Transitar no Acostamento,Colisão lateral mesmo sentido,Com Vítimas Feridas,Pleno dia,Decrescente,Sol,Dupla,Declive;Reta,Sim,2.0,0.0,1.0,0.0,1.0,0.0,1.0,2.0,-20.28326564,-40.39302774,SPRF-ES,DEL01-ES,UOP01-DEL01-ES,2025-10-27 08:00:00,2025.0,10.0,8.0,manha,True,0,moderado,BR-101
727866.0,2025-10-27,segunda,10:10,ES,262.0,49.2,MARECHAL FLORIANO,Mal súbito do condutor,Colisão traseira,Sem Vítimas,Pleno dia,Decrescente,Sol,Simples,Curva,Não,2.0,0.0,0.0,0.0,2.0,0.0,0.0,2.0,-20.4124459,-40.69721564,SPRF-ES,DEL01-ES,UOP01-DEL01-ES,2025-10-27 10:10:00,2025.0,10.0,10.0,manha,False,0,baixo,BR-262
727870.0,2025-10-27,segunda,10:15,ES,101.0,298.0,VIANA,Trafegar com motocicleta (ou similar) entre as faixas,Colisão lateral mesmo sentido,Com Vítimas Feridas,Pleno dia,Crescente,Céu Claro,Dupla,Reta,Não,3.0,0.0,1.0,0.0,1.0,1.0,1.0,3.0,-20.35506438,-40.41743207,SPRF-ES,DEL01-ES,UOP01-DEL01-ES,2025-10-27 10:15:00,2025.0,10.0,10.0,manha,True,0,moderado,BR-101
727910.0,2025-10-27,segunda,14:20,ES,101.0,143.6,LINHARES,Desrespeitar a preferência no cruzamento,Colisão transversal,Com Vítimas Feridas,Pleno dia,Crescente,Céu Claro,Simples,Interseção de Vias;Reta,Não,3.0,0.0,2.0,0.0,1.0,0.0,2.0,2.0,-19.33826272,-40.0657157,SPRF-ES,DEL04-ES,UOP01-DEL04-ES,2025-10-27 14:20:00,2025.0,10.0,14.0,tarde,False,0,moderado,BR-101
728010.0,2025-10-27,segunda,23:00,ES,101.0,427.0,ATILIO VIVACQUA,Pedestre andava na pista,Atropelamento de Pedestre,Com Vítimas Fatais,Plena Noite,Crescente,Céu Claro,Simples,Reta,Não,4.0,1.0,0.0,0.0,1.0,2.0,0.0,3.0,-21.01161247,-41.14661196,SPRF-ES,DEL03-ES,UOP02-DEL03-ES,2025-10-27 23:00:00,2025.0,10.0,23.0,noite,False,1,fatal,BR-101
728143.0,2025-10-28,terca,17:15,ES,101.0,66.0,SAO MATEUS,Acessar a via sem observar a presença dos outros veículos,Colisão lateral mesmo sentido,Com Vítimas Feridas,Anoitecer,Crescente,Céu Claro,Simples,Interseção de Vias;Reta,Sim,3.0,0.0,1.0,0.0,1.0,1.0,1.0,3.0,-18.71885786,-39.86937253,SPRF-ES,DEL04-ES,UOP02-DEL04-ES,2025-10-28 17:15:00,2025.0,10.0,17.0,tarde,False,0,moderado,BR-101
728220.0,2025-10-29,quarta,03:16,ES,101.0,366.5,ANCHIETA,Velocidade Incompatível,Tombamento,Sem Vítimas,Plena Noite,Crescente,Nublado,Simples,Curva,Não,2.0,0.0,0.0,0.0,1.0,2.0,0.0,3.0,-20.736934,-40.760356,SPRF-ES,DEL03-ES,UOP01-DEL03-ES,2025-10-29 03:16:00,2025.0,10.0,3.0,madrugada,False,0,baixo,BR-101
728433.0,2025-10-30,quinta,06:10,ES,101.0,270.0,SERRA,Ausência de reação do condutor,Colisão traseira,Com Vítimas Feridas,Pleno dia,Decrescente,Céu Claro,Dupla,Reta,Sim,3.0,0.0,0.0,1.0,1.0,1.0,1.0,3.0,-20.2273485,-40.27108312,SPRF-ES,DEL02-ES,UOP01-DEL02-ES,2025-10-30 06:10:00,2025.0,10.0,6.0,manha,True,1,grave,BR-101
728546.0,2025-10-30,quinta,16:45,ES,101.0,297.5,CARIACICA,Acessar a via sem observar a presença dos outros veículos,Colisão com objeto,Com Vítimas Feridas,Anoitecer,Crescente,Céu Claro,Dupla,Reta,Não,2.0,0.0,1.0,0.0,1.0,0.0,1.0,2.0,-20.345801,-40.40498,SPRF-ES,DEL01-ES,UOP01-DEL01-ES,2025-10-30 16:45:00,2025.0,10.0,16.0,tarde,True,0,moderado,BR-101
728606.0,2025-10-30,quinta,22:30,ES,101.0,333.0,GUARAPARI,Entrada inopinada do pedestre,Atropelamento de Pedestre,Com Vítimas Feridas,Plena Noite,Decrescente,Chuva,Dupla,Curva,Não,2.0,0.0,0.0,1.0,1.0,0.0,1.0,2.0,-20.61517645,-40.51410047,SPRF-ES,DEL03-ES,UOP01-DEL03-ES,2025-10-30 22:30:00,2025.0,10.0,22.0,noite,True,1,grave,BR-101
728687.0,2025-10-31,sexta,09:35,ES,101.0,118.2,SOORETAMA,Transitar na contramão,Colisão frontal,Com Vítimas Feridas,Pleno dia,Decrescente,Garoa/Chuvisco,Simples,Reta,Não,4.0,0.0,1.0,0.0,1.0,2.0,1.0,4.0,-19.01115068,-40.01061785,SPRF-ES,DEL04-ES,UOP01-DEL04-ES,2025-10-31 09:35:00,2025.0,10.0,9.0,manha,False,0,moderado,BR-101
728749.0,2025-10-31,sexta,16:00,ES,101.0,57.0,SAO MATEUS,Reação tardia ou ineficiente do condutor,Colisão lateral mesmo sentido,Sem Vítimas,Pleno dia,Decrescente,Céu Claro,Simples,Reta,Não,3.0,0.0,0.0,0.0,2.0,4.0,0.0,6.0,-18.64864883,-39.87343876,SPRF-ES,DEL04-ES,UOP02-DEL04-ES,2025-10-31 16:00:00,2025.0,10.0,16.0,tarde,False,0,baixo,BR-101
729156.0,2025-11-02,domingo,12:55,ES,101.0,234.0,FUNDAO,Transitar na contramão,Colisão frontal,Com Vítimas Fatais,Pleno dia,Decrescente,Céu Claro,Simples,Curva,Não,5.0,2.0,1.0,1.0,0.0,1.0,2.0,3.0,-19.97149,-40.40853,SPRF-ES,DEL02-ES,UOP01-DEL02-ES,2025-11-02 12:55:00,2025.0,11.0,12.0,tarde,True,1,fatal,BR-101
729550.0,2025-11-04,terca,10:00,ES,101.0,266.5,SERRA,Ausência de reação do condutor,Colisão traseira,Com Vítimas Feridas,Pleno dia,Crescente,Nublado,Múltipla,Interseção de Vias,Sim,4.0,0.0,1.0,0.0,2.0,1.0,1.0,3.0,-20.1955469,-40.2688369,SPRF-ES,DEL02-ES,UOP01-DEL02-ES,2025-11-04 10:00:00,2025.0,11.0,10.0,manha,True,0,moderado,BR-101
729769.0,2025-11-05,quarta,14:30,ES,101.0,140.9,LINHARES,Acessar a via sem observar a presença dos outros veículos,Colisão transversal,Com Vítimas Fatais,Pleno dia,Decrescente,Céu Claro,Múltipla,Reta,Sim,5.0,1.0,0.0,0.0,1.0,3.0,0.0,4.0,-19.324745,-40.072607,SPRF-ES,DEL04-ES,UOP01-DEL04-ES,2025-11-05 14:30:00,2025.0,11.0,14.0,tarde,False,1,fatal,BR-101
730109.0,2025-11-07,sexta,08:32,ES,101.0,139.4,LINHARES,Desrespeitar a preferência no cruzamento,Colisão transversal,Com Vítimas Feridas,Pleno dia,Crescente,Nublado,Simples,Interseção de Vias,Não,2.0,0.0,1.0,0.0,1.0,0.0,1.0,2.0,-19.31306379,-40.07849389,SPRF-ES,DEL04-ES,UOP01-DEL04-ES,2025-11-07 08:32:00,2025.0,11.0,8.0,manha,False,0,moderado,BR-101
730158.0,2025-11-07,sexta,12:40,ES,101.0,176.8,ARACRUZ,Acessar a via sem observar a presença dos outros veículos,Colisão transversal,Com Vítimas Feridas,Pleno dia,Crescente,Nublado,Simples,Reta,Não,2.0,0.0,0.0,1.0,1.0,0.0,1.0,2.0,-19.60160532,-40.20271924,SPRF-ES,DEL04-ES,UOP01-DEL04-ES,2025-11-07 12:40:00,2025.0,11.0,12.0,tarde,False,1,grave,BR-101
730465.0,2025-11-08,sabado,16:45,ES,101.0,66.4,SAO MATEUS,Acessar a via sem observar a presença dos outros veículos,Colisão transversal,Com Vítimas Feridas,Pleno dia,Decrescente,Céu Claro,Múltipla,Reta;Interseção de Vias,Sim,4.0,0.0,0.0,2.0,1.0,1.0,2.0,3.0,-18.717728,-39.871822,SPRF-ES,DEL04-ES,UOP02-DEL04-ES,2025-11-08 16:45:00,2025.0,11.0,16.0,tarde,False,1,grave,BR-101
730512.0,2025-11-08,sabado,18:50,ES,262.0,196.0,IUNA,Demais falhas mecânicas ou elétricas,Capotamento,Com Vítimas Fatais,Plena Noite,Crescente,Nublado,Simples,Curva,Não,2.0,2.0,0.0,0.0,0.0,0.0,0.0,1.0,-20.27902072,-41.77863169,SPRF-ES,DEL01-ES,UOP02-DEL01-ES,2025-11-08 18:50:00,2025.0,11.0,18.0,noite,False,1,fatal,BR-262
730585.0,2025-11-09,domingo,01:10,ES,101.0,91.8,JAGUARE,Condutor Dormindo,Colisão frontal,Com Vítimas Feridas,Plena Noite,Crescente,Nublado,Simples,Reta,Não,4.0,0.0,0.0,1.0,2.0,3.0,1.0,6.0,-18.912182,-39.962788,SPRF-ES,DEL04-ES,UOP02-DEL04-ES,2025-11-09 01:10:00,2025.0,11.0,1.0,madrugada,False,1,grave,BR-101
730954.0,2025-11-10,segunda,15:00,ES,101.0,30.0,CONCEICAO DA BARRA,Velocidade Incompatível,Colisão com objeto,Com Vítimas Feridas,Pleno dia,Crescente,Nublado,Simples,Reta;Aclive,Não,2.0,0.0,1.0,0.0,0.0,2.0,1.0,3.0,-18.41387882,-39.93650286,SPRF-ES,DEL04-ES,UOP02-DEL04-ES,2025-11-10 15:00:00,2025.0,11.0,15.0,tarde,False,0,moderado,BR-101
731060.0,2025-11-11,terca,05:20,ES,101.0,356.9,ANCHIETA,Velocidade Incompatível,Tombamento,Com Vítimas Fatais,Pleno dia,Decrescente,Nublado,Dupla,Curva,Não,2.0,1.0,0.0,0.0,0.0,1.0,0.0,2.0,-20.68936292,-40.69499016,SPRF-ES,DEL03-ES,UOP01-DEL03-ES,2025-11-11 05:20:00,2025.0,11.0,5.0,madrugada,False,1,fatal,BR-101
731162.0,2025-11-11,terca,14:28,ES,101.0,146.2,LINHARES,Ausência de reação do condutor,Colisão traseira,Com Vítimas Feridas,Pleno dia,Crescente,Céu Claro,Múltipla,Reta,Sim,2.0,0.0,0.0,1.0,1.0,0.0,1.0,2.0,-19.37205517,-40.06592015,SPRF-ES,DEL04-ES,UOP01-DEL04-ES,2025-11-11 14:28:00,2025.0,11.0,14.0,tarde,False,1,grave,BR-101
731164.0,2025-11-11,terca,16:30,ES,101.0,62.1,SAO MATEUS,Manobra de mudança de faixa,Colisão lateral mesmo sentido,Com Vítimas Feridas,Pleno dia,Decrescente,Céu Claro,Múltipla,Curva,Não,2.0,0.0,0.0,1.0,0.0,1.0,1.0,2.0,-18.69063194,-39.8616999,SPRF-ES,DEL04-ES,UOP02-DEL04-ES,2025-11-11 16:30:00,2025.0,11.0,16.0,tarde,False,1,grave,BR-101
731184.0,2025-11-11,terca,17:10,ES,101.0,161.1,LINHARES,Ultrapassagem Indevida,Colisão frontal,Com Vítimas Fatais,Pleno dia,Crescente,Nublado,Simples,Reta,Não,2.0,1.0,0.0,0.0,1.0,0.0,0.0,2.0,-19.48465,-40.12098,SPRF-ES,DEL04-ES,UOP01-DEL04-ES,2025-11-11 17:10:00,2025.0,11.0,17.0,tarde,False,1,fatal,BR-101
731310.0,2025-11-12,quarta,11:30,ES,262.0,65.7,MARECHAL FLORIANO,Acessar a via sem observar a presença dos outros veículos,Colisão transversal,Com Vítimas Feridas,Pleno dia,Decrescente,Sol,Simples,Retorno Regulamentado,Não,2.0,0.0,1.0,0.0,1.0,0.0,1.0,2.0,-20.41261264,-40.83152867,SPRF-ES,DEL01-ES,UOP02-DEL01-ES,2025-11-12 11:30:00,2025.0,11.0,11.0,manha,False,0,moderado,BR-262
731348.0,2025-11-12,quarta,15:35,ES,101.0,270.0,SERRA,Ausência de reação do condutor,Colisão traseira,Com Vítimas Feridas,Pleno dia,Crescente,Céu Claro,Dupla,Interseção de Vias,Não,3.0,0.0,1.0,0.0,1.0,2.0,1.0,4.0,-20.04885,-40.3866983,SPRF-ES,DEL02-ES,UOP01-DEL02-ES,2025-11-12 15:35:00,2025.0,11.0,15.0,tarde,True,0,moderado,BR-101
731397.0,2025-11-12,quarta,19:00,ES,101.0,222.7,IBIRACU,Acessar a via sem observar a presença dos outros veículos,Atropelamento de Pedestre,Com Vítimas Feridas,Plena Noite,Crescente,Céu Claro,Simples,Reta;Ponte,Não,2.0,0.0,0.0,1.0,0.0,1.0,1.0,2.0,-19.8727221,-40.4126417,SPRF-ES,DEL02-ES,UOP01-DEL02-ES,2025-11-12 19:00:00,2025.0,11.0,19.0,noite,False,1,grave,BR-101
731426.0,2025-11-12,quarta,20:39,ES,101.0,148.9,LINHARES,Suicídio (presumido),Eventos atípicos,Com Vítimas Feridas,Plena Noite,Decrescente,Nublado,Simples,Reta;Viaduto,Sim,3.0,0.0,0.0,1.0,1.0,1.0,1.0,3.0,-19.39892545,-40.06293297,SPRF-ES,DEL04-ES,UOP01-DEL04-ES,2025-11-12 20:39:00,2025.0,11.0,20.0,noite,False,1,grave,BR-101
731561.0,2025-11-13,quinta,15:10,ES,101.0,149.6,LINHARES,Entrada inopinada do pedestre,Atropelamento de Pedestre,Com Vítimas Feridas,Pleno dia,Decrescente,Céu Claro,Simples,Reta,Sim,3.0,0.0,0.0,1.0,1.0,1.0,1.0,3.0,-19.401854,-40.060883,SPRF-ES,DEL04-ES,UOP01-DEL04-ES,2025-11-13 15:10:00,2025.0,11.0,15.0,tarde,False,1,grave,BR-101
731574.0,2025-11-13,quinta,16:10,ES,101.0,142.5,LINHARES,Condutor deixou de manter distância do veículo da frente,Colisão traseira,Com Vítimas Feridas,Pleno dia,Decrescente,Céu Claro,Dupla,Retorno Regulamentado,Sim,2.0,0.0,1.0,0.0,1.0,0.0,1.0,2.0,-19.338338,-40.06537,SPRF-ES,DEL04-ES,UOP01-DEL04-ES,2025-11-13 16:10:00,2025.0,11.0,16.0,tarde,False,0,moderado,BR-101
731593.0,2025-11-13,quinta,17:00,ES,259.0,8.0,JOAO NEIVA,Reação tardia ou ineficiente do condutor,Colisão com objeto,Com Vítimas Feridas,Plena Noite,Decrescente,Nublado,Simples,Curva,Não,2.0,0.0,1.0,0.0,0.0,1.0,1.0,2.0,-19.692147,-40.38843,SPRF-ES,DEL02-ES,UOP01-DEL02-ES,2025-11-13 17:00:00,2025.0,11.0,17.0,tarde,False,0,moderado,BR-259
731644.0,2025-11-13,quinta,22:15,ES,101.0,270.0,SERRA,Ausência de reação do condutor,Colisão traseira,Com Vítimas Feridas,Pleno dia,Crescente,Céu Claro,Dupla,Reta,Sim,5.0,0.0,1.0,0.0,3.0,1.0,1.0,4.0,-20.22811024,-40.27088642,SPRF-ES,DEL02-ES,UOP01-DEL02-ES,2025-11-13 22:15:00,2025.0,11.0,22.0,noite,True,0,moderado,BR-101
731853.0,2025-11-14,sexta,18:30,ES,101.0,246.0,SERRA,Ausência de reação do condutor,Colisão com objeto,Com Vítimas Fatais,Plena Noite,Crescente,Céu Claro,Simples,Reta;Em Obras;Aclive,Não,5.0,1.0,0.0,1.0,2.0,1.0,1.0,3.0,-20.062595,-40.376755,SPRF-ES,DEL02-ES,UOP01-DEL02-ES,2025-11-14 18:30:00,2025.0,11.0,18.0,noite,True,1,fatal,BR-101
731977.0,2025-11-15,sabado,07:57,ES,101.0,211.0,IBIRACU,Demais falhas mecânicas ou elétricas,Incêndio,Sem Vítimas,Pleno dia,Decrescente,Nublado,Simples,Aclive;Reta,Não,3.0,0.0,0.0,0.0,2.0,1.0,0.0,2.0,-19.80624781,-40.36777094,SPRF-ES,DEL02-ES,UOP01-DEL02-ES,2025-11-15 07:57:00,2025.0,11.0,7.0,manha,False,0,baixo,BR-101
732280.0,2025-11-16,domingo,15:45,ES,262.0,28.0,VIANA,Faixas de trânsito com largura insuficiente,Queda de ocupante de veículo,Com Vítimas Feridas,Pleno dia,Decrescente,Céu Claro,Simples,Aclive;Curva,Não,3.0,0.0,1.0,1.0,0.0,1.0,2.0,2.0,-20.38532867,-40.55847947,SPRF-ES,DEL01-ES,UOP01-DEL01-ES,2025-11-16 15:45:00,2025.0,11.0,15.0,tarde,True,1,grave,BR-262
732386.0,2025-11-16,domingo,22:20,ES,262.0,106.0,VENDA NOVA DO IMIGRANTE,Reação tardia ou ineficiente do condutor,Colisão traseira,Com Vítimas Feridas,Plena Noite,Decrescente,Nublado,Simples,Reta,Sim,2.0,0.0,0.0,1.0,0.0,1.0,1.0,2.0,-20.326375,-41.144538,SPRF-ES,DEL01-ES,UOP02-DEL01-ES,2025-11-16 22:20:00,2025.0,11.0,22.0,noite,False,1,grave,BR-262
732407.0,2025-11-17,segunda,04:20,ES,101.0,223.0,IBIRACU,Demais falhas mecânicas ou elétricas,Incêndio,Sem Vítimas,Amanhecer,Crescente,Garoa/Chuvisco,Simples,Reta,Não,1.0,0.0,0.0,0.0,1.0,0.0,0.0,1.0,-19.87862,-40.416458,SPRF-ES,DEL02-ES,UOP01-DEL02-ES,2025-11-17 04:20:00,2025.0,11.0,4.0,madrugada,False,0,baixo,BR-101
732595.0,2025-11-17,segunda,20:35,ES,101.0,30.1,CONCEICAO DA BARRA,Transitar na contramão,Colisão frontal,Com Vítimas Feridas,Plena Noite,Crescente,Céu Claro,Simples,Reta;Declive,Não,3.0,0.0,2.0,0.0,0.0,5.0,2.0,7.0,-18.41254784,-39.93669447,SPRF-ES,DEL04-ES,UOP02-DEL04-ES,2025-11-17 20:35:00,2025.0,11.0,20.0,noite,False,0,moderado,BR-101
732768.0,2025-11-18,terca,16:10,ES,101.0,302.6,VIANA,Manobra de mudança de faixa,Colisão lateral mesmo sentido,Com Vítimas Feridas,Pleno dia,Decrescente,Céu Claro,Dupla,Curva,Não,3.0,0.0,2.0,0.0,0.0,1.0,2.0,2.0,-20.3751245,-40.44264793,SPRF-ES,DEL01-ES,UOP01-DEL01-ES,2025-11-18 16:10:00,2025.0,11.0,16.0,tarde,True,0,moderado,BR-101
732956.0,2025-11-19,quarta,13:40,ES,101.0,71.9,SAO MATEUS,Reação tardia ou ineficiente do condutor,Colisão traseira,Com Vítimas Feridas,Pleno dia,Crescente,Céu Claro,Simples,Reta;Aclive,Não,3.0,0.0,1.0,0.0,2.0,0.0,1.0,3.0,-18.761108,-39.86341652,SPRF-ES,DEL04-ES,UOP02-DEL04-ES,2025-11-19 13:40:00,2025.0,11.0,13.0,tarde,False,0,moderado,BR-101
732968.0,2025-11-19,quarta,14:40,ES,101.0,269.6,SERRA,Acessar a via sem observar a presença dos outros veículos,Colisão transversal,Com Vítimas Feridas,Pleno dia,Crescente,Nublado,Dupla,Interseção de Vias;Reta,Sim,4.0,0.0,1.0,0.0,2.0,1.0,1.0,3.0,-20.22304269,-40.26993206,SPRF-ES,DEL02-ES,UOP01-DEL02-ES,2025-11-19 14:40:00,2025.0,11.0,14.0,tarde,True,0,moderado,BR-101
733197.0,2025-11-20,quinta,15:30,ES,101.0,315.0,VILA VELHA,Velocidade Incompatível,Capotamento,Com Vítimas Feridas,Pleno dia,Decrescente,Céu Claro,Dupla,Curva,Não,2.0,0.0,0.0,1.0,0.0,1.0,1.0,2.0,-20.47627387,-40.47067513,SPRF-ES,DEL01-ES,UOP01-DEL01-ES,2025-11-20 15:30:00,2025.0,11.0,15.0,tarde,True,1,grave,BR-101
733347.0,2025-11-21,sexta,05:00,ES,262.0,176.0,IBATIBA,Reação tardia ou ineficiente do condutor,Tombamento,Com Vítimas Feridas,Amanhecer,Crescente,Céu Claro,Simples,Curva,Não,2.0,0.0,2.0,0.0,0.0,0.0,2.0,1.0,-20.27587905,-41.63429465,SPRF-ES,DEL01-ES,UOP02-DEL01-ES,2025-11-21 05:00:00,2025.0,11.0,5.0,madrugada,False,0,moderado,BR-262
733360.0,2025-11-21,sexta,09:10,ES,262.0,39.0,DOMINGOS MARTINS,Acesso irregular,Colisão lateral mesmo sentido,Com Vítimas Fatais,Pleno dia,Crescente,Céu Claro,Simples,Interseção de Vias;Retorno Regulamentado;Reta,Não,2.0,1.0,0.0,0.0,1.0,0.0,0.0,2.0,-20.3804508,-40.6333614,SPRF-ES,DEL01-ES,UOP01-DEL01-ES,2025-11-21 09:10:00,2025.0,11.0,9.0,manha,False,1,fatal,BR-262
733538.0,2025-11-21,sexta,21:35,ES,447.0,15.6,VILA VELHA,Entrada inopinada do pedestre,Atropelamento de Pedestre,Com Vítimas Fatais,Plena Noite,Decrescente,Nublado,Dupla,Reta;Ponte,Sim,2.0,1.0,0.0,0.0,0.0,1.0,0.0,2.0,-20.338072,-40.327415,SPRF-ES,DEL01-ES,UOP01-DEL01-ES,2025-11-21 21:35:00,2025.0,11.0,21.0,noite,True,1,fatal,BR-447
733671.0,2025-11-22,sabado,17:50,ES,262.0,116.0,CONCEICAO DO CASTELO,Reação tardia ou ineficiente do condutor,Colisão lateral sentido oposto,Sem Vítimas,Anoitecer,Decrescente,Céu Claro,Simples,Curva,Não,3.0,0.0,0.0,0.0,1.0,2.0,0.0,3.0,-20.313868,-41.238448,SPRF-ES,DEL01-ES,UOP02-DEL01-ES,2025-11-22 17:50:00,2025.0,11.0,17.0,tarde,False,0,baixo,BR-262
734176.0,2025-11-24,segunda,21:00,ES,101.0,107.0,SOORETAMA,Carga excessiva e/ou mal acondicionada,Tombamento,Com Vítimas Feridas,Plena Noite,Crescente,Garoa/Chuvisco,Simples,Reta;Aclive,Não,2.0,0.0,1.0,0.0,0.0,1.0,1.0,2.0,-19.05531805,-40.03156034,SPRF-ES,DEL04-ES,UOP01-DEL04-ES,2025-11-24 21:00:00,2025.0,11.0,21.0,noite,False,0,moderado,BR-101
734203.0,2025-11-24,segunda,23:10,ES,101.0,65.2,SAO MATEUS,Ausência de reação do condutor,Colisão traseira,Com Vítimas Feridas,Plena Noite,Decrescente,Chuva,Simples,Reta,Sim,3.0,0.0,1.0,0.0,1.0,2.0,1.0,4.0,-18.7139114,-39.8782659,SPRF-ES,DEL04-ES,UOP02-DEL04-ES,2025-11-24 23:10:00,2025.0,11.0,23.0,noite,False,0,moderado,BR-101
734276.0,2025-11-25,terca,12:04,ES,101.0,296.0,CARIACICA,Entrada inopinada do pedestre,Colisão transversal,Com Vítimas Feridas,Pleno dia,Decrescente,Céu Claro,Dupla,Reta,Sim,3.0,0.0,0.0,1.0,1.0,1.0,1.0,3.0,-20.340795,-40.40415,SPRF-ES,DEL01-ES,UOP01-DEL01-ES,2025-11-25 12:04:00,2025.0,11.0,12.0,tarde,True,1,grave,BR-101
734353.0,2025-10-29,quarta,16:00,ES,262.0,33.0,DOMINGOS MARTINS,Transitar na contramão,Colisão lateral sentido oposto,Com Vítimas Feridas,Pleno dia,Crescente,Ignorado,Simples,Curva,Não,2.0,0.0,1.0,0.0,0.0,1.0,1.0,2.0,-20.3727536,-40.5602744,SPRF-ES,DEL01-ES,UOP01-DEL01-ES,2025-10-29 16:00:00,2025.0,10.0,16.0,tarde,False,0,moderado,BR-262
734379.0,2025-11-25,terca,20:50,ES,101.0,68.5,SAO MATEUS,Ingestão de álcool pelo condutor,Colisão frontal,Sem Vítimas,Plena Noite,Crescente,Chuva,Simples,Reta;Aclive,Sim,2.0,0.0,0.0,0.0,2.0,0.0,0.0,2.0,-18.73670022,-39.86082165,SPRF-ES,DEL04-ES,UOP02-DEL04-ES,2025-11-25 20:50:00,2025.0,11.0,20.0,noite,False,0,baixo,BR-101
734401.0,2025-11-26,quarta,05:33,ES,101.0,350.0,ANCHIETA,Avarias e/ou desgaste excessivo no pneu,Tombamento,Com Vítimas Feridas,Amanhecer,Crescente,Céu Claro,Dupla,Reta,Não,2.0,0.0,1.0,0.0,1.0,0.0,1.0,1.0,-20.6600383,-40.64919,SPRF-ES,DEL03-ES,UOP01-DEL03-ES,2025-11-26 05:33:00,2025.0,11.0,5.0,madrugada,False,0,moderado,BR-101
734552.0,2025-11-26,quarta,18:30,ES,101.0,431.0,ATILIO VIVACQUA,Ultrapassagem Indevida,Colisão traseira,Sem Vítimas,Plena Noite,Crescente,Céu Claro,Simples,Reta,Não,4.0,0.0,0.0,0.0,2.0,3.0,0.0,5.0,-21.02721,-41.17779,SPRF-ES,DEL03-ES,UOP02-DEL03-ES,2025-11-26 18:30:00,2025.0,11.0,18.0,noite,False,0,baixo,BR-101
734594.0,2025-11-27,quinta,03:10,ES,101.0,379.9,ICONHA,Velocidade Incompatível,Tombamento,Com Vítimas Feridas,Plena Noite,Decrescente,Nublado,Simples,Curva;Aclive;Ponte,Não,2.0,0.0,1.0,0.0,0.0,1.0,1.0,2.0,-20.80616779,-40.83191156,SPRF-ES,DEL03-ES,UOP01-DEL03-ES,2025-11-27 03:10:00,2025.0,11.0,3.0,madrugada,False,0,moderado,BR-101
734608.0,2025-11-27,quinta,06:25,ES,101.0,3.7,ICONHA,Reação tardia ou ineficiente do condutor,Colisão lateral mesmo sentido,Com Vítimas Feridas,Pleno dia,Crescente,Nublado,Dupla,Curva,Não,6.0,0.0,1.0,0.0,4.0,7.0,1.0,12.0,-20.8095175,-40.80182791,SPRF-ES,DEL03-ES,UOP02-DEL03-ES,2025-11-27 06:25:00,2025.0,11.0,6.0,manha,False,0,moderado,BR-101
734700.0,2025-11-27,quinta,15:35,ES,101.0,5.0,ICONHA,Ausência de reação do condutor,Colisão traseira,Com Vítimas Feridas,Pleno dia,Crescente,Nublado,Dupla,Curva;Aclive,Não,3.0,0.0,1.0,0.0,0.0,2.0,1.0,3.0,-20.802307,-40.820183,SPRF-ES,DEL03-ES,UOP02-DEL03-ES,2025-11-27 15:35:00,2025.0,11.0,15.0,tarde,False,0,moderado,BR-101
734730.0,2025-11-27,quinta,18:45,ES,101.0,87.2,SAO MATEUS,Acessar a via sem observar a presença dos outros veículos,Colisão transversal,Com Vítimas Feridas,Plena Noite,Decrescente,Céu Claro,Simples,Retorno Regulamentado,Não,3.0,0.0,1.0,0.0,1.0,2.0,1.0,4.0,-18.87525154,-39.9450752,SPRF-ES,DEL04-ES,UOP02-DEL04-ES,2025-11-27 18:45:00,2025.0,11.0,18.0,noite,False,0,moderado,BR-101
735066.0,2025-11-29,sabado,02:35,ES,259.0,38.3,COLATINA,Reação tardia ou ineficiente do condutor,Colisão traseira,Com Vítimas Feridas,Plena Noite,Crescente,Céu Claro,Simples,Reta,Não,2.0,0.0,1.0,0.0,0.0,1.0,1.0,2.0,-19.56368925,-40.49945574,SPRF-ES,DEL02-ES,UOP01-DEL02-ES,2025-11-29 02:35:00,2025.0,11.0,2.0,madrugada,False,0,moderado,BR-259
735115.0,2025-11-29,sabado,07:30,ES,101.0,350.0,ANCHIETA,Velocidade Incompatível,Saída de leito carroçável,Com Vítimas Fatais,Pleno dia,Crescente,Céu Claro,Múltipla,Reta,Não,3.0,1.0,0.0,0.0,0.0,2.0,0.0,3.0,-20.6596807,-40.64847197,SPRF-ES,DEL03-ES,UOP01-DEL03-ES,2025-11-29 07:30:00,2025.0,11.0,7.0,manha,False,1,fatal,BR-101
735118.0,2025-10-31,sexta,21:30,ES,101.0,2.0,PEDRO CANARIO,Acesso irregular,Colisão transversal,Com Vítimas Feridas,Plena Noite,Crescente,Céu Claro,Simples,Declive,Não,3.0,0.0,0.0,1.0,1.0,2.0,1.0,4.0,-18.193239,-39.92292,SPRF-ES,DEL04-ES,UOP02-DEL04-ES,2025-10-31 21:30:00,2025.0,10.0,21.0,noite,False,1,grave,BR-101
735600.0,2025-12-01,segunda,03:50,ES,101.0,270.5,SERRA,Condutor desrespeitou a iluminação vermelha do semáforo,Colisão transversal,Com Vítimas Feridas,Amanhecer,Decrescente,Céu Claro,Múltipla,Reta,Sim,4.0,0.0,3.0,0.0,0.0,1.0,3.0,3.0,-20.22970333,-40.2726,SPRF-ES,DEL02-ES,UOP01-DEL02-ES,2025-12-01 03:50:00,2025.0,12.0,3.0,madrugada,True,0,moderado,BR-101
735609.0,2025-12-01,segunda,06:00,ES,101.0,188.0,ARACRUZ,Velocidade Incompatível,Saída de leito carroçável,Com Vítimas Feridas,Pleno dia,Decrescente,Céu Claro,Simples,Reta;Declive,Não,2.0,0.0,0.0,1.0,0.0,1.0,1.0,2.0,-19.676311,-40.264986,SPRF-ES,DEL04-ES,UOP01-DEL04-ES,2025-12-01 06:00:00,2025.0,12.0,6.0,manha,False,1,grave,BR-101
735621.0,2025-12-01,segunda,06:25,ES,259.0,35.0,COLATINA,Ausência de reação do condutor,Tombamento,Com Vítimas Fatais,Amanhecer,Crescente,Sol,Simples,Curva,Não,2.0,1.0,0.0,0.0,0.0,1.0,0.0,2.0,-19.554195,-40.496105,SPRF-ES,DEL02-ES,UOP01-DEL02-ES,2025-12-01 06:25:00,2025.0,12.0,6.0,manha,False,1,fatal,BR-259
735631.0,2025-12-01,segunda,07:30,ES,101.0,431.9,ATILIO VIVACQUA,Ultrapassagem Indevida,Colisão com objeto,Com Vítimas Feridas,Pleno dia,Crescente,Céu Claro,Simples,Reta,Não,2.0,0.0,0.0,1.0,1.0,0.0,1.0,1.0,-21.0306909,-41.1798055,SPRF-ES,DEL03-ES,UOP02-DEL03-ES,2025-12-01 07:30:00,2025.0,12.0,7.0,manha,False,1,grave,BR-101
735646.0,2025-12-01,segunda,09:19,ES,101.0,11.0,SERRA,Ausência de reação do condutor,Colisão traseira,Com Vítimas Feridas,Pleno dia,Crescente,Céu Claro,Dupla,Reta,Não,5.0,0.0,2.0,0.0,3.0,0.0,2.0,3.0,-20.15203898,-40.34684926,SPRF-ES,DEL02-ES,UOP01-DEL02-ES,2025-12-01 09:19:00,2025.0,12.0,9.0,manha,True,0,moderado,BR-101
736018.0,2025-09-09,terca,13:20,ES,259.0,45.0,COLATINA,Reação tardia ou ineficiente do condutor,Colisão lateral sentido oposto,Com Vítimas Feridas,Pleno dia,Crescente,Céu Claro,Simples,Declive;Curva,Não,2.0,0.0,0.0,1.0,1.0,0.0,1.0,2.0,-19.5257504,-40.5892541,SPRF-ES,DEL02-ES,UOP01-DEL02-ES,2025-09-09 13:20:00,2025.0,9.0,13.0,tarde,False,1,grave,BR-259
736242.0,2025-12-03,quarta,23:10,ES,101.0,303.3,VIANA,Estacionar ou parar em local proibido,Colisão traseira,Com Vítimas Feridas,Plena Noite,Crescente,Chuva,Dupla,Reta,Sim,3.0,0.0,1.0,0.0,1.0,1.0,1.0,3.0,-20.3777702,-40.44848442,SPRF-ES,DEL01-ES,UOP01-DEL01-ES,2025-12-03 23:10:00,2025.0,12.0,23.0,noite,True,0,moderado,BR-101
736413.0,2025-08-31,domingo,00:17,ES,101.0,438.7,MIMOSO DO SUL,Acessar a via sem observar a presença dos outros veículos,Colisão transversal,Com Vítimas Feridas,Plena Noite,Decrescente,Chuva,Simples,Curva,Não,2.0,0.0,1.0,0.0,1.0,0.0,1.0,2.0,-21.16747341,-41.2875193,SPRF-ES,DEL03-ES,UOP02-DEL03-ES,2025-08-31 00:17:00,2025.0,8.0,0.0,madrugada,False,0,moderado,BR-101
736554.0,2025-12-05,sexta,10:15,ES,101.0,67.0,SAO MATEUS,Condutor deixou de manter distância do veículo da frente,Colisão traseira,Com Vítimas Feridas,Pleno dia,Decrescente,Nublado,Múltipla,Reta,Sim,2.0,0.0,0.0,1.0,0.0,1.0,1.0,2.0,-18.71958138,-39.86735551,SPRF-ES,DEL04-ES,UOP02-DEL04-ES,2025-12-05 10:15:00,2025.0,12.0,10.0,manha,False,1,grave,BR-101
736691.0,2025-12-05,sexta,21:30,ES,101.0,208.3,IBIRACU,Reação tardia ou ineficiente do condutor,Colisão traseira,Com Vítimas Fatais,Plena Noite,Decrescente,Nublado,Simples,Reta,Não,3.0,1.0,0.0,0.0,1.0,1.0,0.0,3.0,-19.78626969,-40.37100077,SPRF-ES,DEL02-ES,UOP01-DEL02-ES,2025-12-05 21:30:00,2025.0,12.0,21.0,noite,False,1,fatal,BR-101
736886.0,2025-12-06,sabado,18:45,ES,101.0,243.0,SERRA,Acessar a via sem observar a presença dos outros veículos,Colisão transversal,Com Vítimas Feridas,Plena Noite,Decrescente,Nublado,Simples,Reta;Em Obras,Não,2.0,0.0,1.0,0.0,1.0,0.0,1.0,2.0,-20.04814033,-40.38682955,SPRF-ES,DEL02-ES,UOP01-DEL02-ES,2025-12-06 18:45:00,2025.0,12.0,18.0,noite,True,0,moderado,BR-101
736967.0,2025-12-06,sabado,23:00,ES,101.0,144.1,LINHARES,Velocidade Incompatível,Colisão traseira,Com Vítimas Feridas,Plena Noite,Crescente,Garoa/Chuvisco,Múltipla,Reta;Declive,Sim,3.0,0.0,0.0,1.0,1.0,1.0,1.0,3.0,-19.3560059,-40.0640973,SPRF-ES,DEL04-ES,UOP01-DEL04-ES,2025-12-06 23:00:00,2025.0,12.0,23.0,noite,False,1,grave,BR-101
737048.0,2025-12-07,domingo,09:50,ES,101.0,424.0,ITAPEMIRIM,Ingestão de álcool pelo condutor,Colisão transversal,Com Vítimas Feridas,Pleno dia,Crescente,Céu Claro,Simples,Reta;Ponte,Não,2.0,0.0,0.0,1.0,1.0,0.0,1.0,2.0,-20.95338051,-41.09117255,SPRF-ES,DEL03-ES,UOP02-DEL03-ES,2025-12-07 09:50:00,2025.0,12.0,9.0,manha,False,1,grave,BR-101
737089.0,2025-12-07,domingo,13:40,ES,101.0,2.0,ICONHA,Velocidade Incompatível,Tombamento,Com Vítimas Feridas,Pleno dia,Crescente,Sol,Simples,Curva,Não,2.0,0.0,0.0,1.0,0.0,1.0,1.0,2.0,-20.795919,-40.789608,SPRF-ES,DEL03-ES,UOP02-DEL03-ES,2025-12-07 13:40:00,2025.0,12.0,13.0,tarde,False,1,grave,BR-101
737216.0,2025-12-07,domingo,21:40,ES,101.0,54.6,SAO MATEUS,Transitar na contramão,Colisão lateral sentido oposto,Com Vítimas Feridas,Plena Noite,Crescente,Nublado,Simples,Reta;Declive,Não,3.0,0.0,0.0,1.0,1.0,1.0,1.0,3.0,-18.63471241,-39.87768173,SPRF-ES,DEL04-ES,UOP02-DEL04-ES,2025-12-07 21:40:00,2025.0,12.0,21.0,noite,False,1,grave,BR-101
737223.0,2025-12-08,segunda,00:15,ES,262.0,65.4,MARECHAL FLORIANO,Transitar na contramão,Colisão frontal,Com Vítimas Fatais,Pleno dia,Crescente,Nublado,Simples,Curva,Não,2.0,1.0,1.0,0.0,0.0,0.0,1.0,2.0,-20.41458284,-40.82562775,SPRF-ES,DEL01-ES,UOP02-DEL01-ES,2025-12-08 00:15:00,2025.0,12.0,0.0,madrugada,False,1,fatal,BR-262
737822.0,2025-12-10,quarta,16:49,ES,101.0,192.9,ARACRUZ,Ultrapassagem Indevida,Colisão lateral mesmo sentido,Com Vítimas Feridas,Pleno dia,Crescente,Nublado,Simples,Aclive;Reta,Não,4.0,0.0,2.0,0.0,1.0,1.0,2.0,3.0,-19.6976989,-40.3027,SPRF-ES,DEL04-ES,UOP01-DEL04-ES,2025-12-10 16:49:00,2025.0,12.0,16.0,tarde,False,0,moderado,BR-101
737943.0,2025-11-18,terca,05:19,ES,101.0,350.0,ANCHIETA,Velocidade Incompatível,Saída de leito carroçável,Com Vítimas Feridas,Amanhecer,Decrescente,Céu Claro,Dupla,Curva,Não,1.0,0.0,1.0,0.0,0.0,0.0,1.0,1.0,-20.66582851,-40.6559093,SPRF-ES,DEL03-ES,UOP01-DEL03-ES,2025-11-18 05:19:00,2025.0,11.0,5.0,madrugada,False,0,moderado,BR-101
738020.0,2025-12-11,quinta,16:20,ES,101.0,276.2,SERRA,Acessar a via sem observar a presença dos outros veículos,Colisão transversal,Com Vítimas Feridas,Pleno dia,Crescente,Sol,Dupla,Retorno Regulamentado,Não,2.0,0.0,1.0,0.0,1.0,0.0,1.0,2.0,-20.20920745,-40.31581074,SPRF-ES,DEL02-ES,UOP01-DEL02-ES,2025-12-11 16:20:00,2025.0,12.0,16.0,tarde,True,0,moderado,BR-101
738052.0,2025-12-11,quinta,13:10,ES,262.0,73.1,DOMINGOS MARTINS,Carga excessiva e/ou mal acondicionada,Tombamento,Com Vítimas Feridas,Pleno dia,Crescente,Sol,Simples,Curva,Não,2.0,0.0,1.0,0.0,0.0,1.0,1.0,2.0,-20.4102246,-40.8875398,SPRF-ES,DEL01-ES,UOP02-DEL01-ES,2025-12-11 13:10:00,2025.0,12.0,13.0,tarde,False,0,moderado,BR-262
738094.0,2025-12-11,quinta,22:30,ES,101.0,148.7,LINHARES,Reação tardia ou ineficiente do condutor,Tombamento,Com Vítimas Feridas,Plena Noite,Decrescente,Céu Claro,Dupla,Reta,Sim,2.0,0.0,1.0,0.0,1.0,0.0,1.0,2.0,-19.39407,-40.065524,SPRF-ES,DEL04-ES,UOP01-DEL04-ES,2025-12-11 22:30:00,2025.0,12.0,22.0,noite,False,0,moderado,BR-101
738128.0,2025-12-12,sexta,05:50,ES,101.0,315.0,VILA VELHA,Reação tardia ou ineficiente do condutor,Tombamento,Com Vítimas Feridas,Amanhecer,Crescente,Nublado,Dupla,Aclive;Curva,Não,2.0,0.0,2.0,0.0,0.0,0.0,2.0,1.0,-20.476867,-40.470719,SPRF-ES,DEL01-ES,UOP01-DEL01-ES,2025-12-12 05:50:00,2025.0,12.0,5.0,madrugada,True,0,moderado,BR-101
738552.0,2025-12-13,sabado,14:20,ES,101.0,433.5,ATILIO VIVACQUA,Reação tardia ou ineficiente do condutor,Colisão lateral sentido oposto,Com Vítimas Feridas,Pleno dia,Decrescente,Chuva,Simples,Aclive;Curva,Não,5.0,0.0,3.0,0.0,1.0,1.0,3.0,3.0,-21.04699314,-41.18531455,SPRF-ES,DEL03-ES,UOP02-DEL03-ES,2025-12-13 14:20:00,2025.0,12.0,14.0,tarde,False,0,moderado,BR-101
738565.0,2025-12-13,sabado,17:10,ES,101.0,6.1,PEDRO CANARIO,Transitar na contramão,Colisão lateral sentido oposto,Com Vítimas Feridas,Pleno dia,Crescente,Céu Claro,Simples,Declive;Curva,Não,4.0,0.0,2.0,0.0,1.0,1.0,2.0,3.0,-18.21981907,-39.94482717,SPRF-ES,DEL04-ES,UOP02-DEL04-ES,2025-12-13 17:10:00,2025.0,12.0,17.0,tarde,False,0,moderado,BR-101
738952.0,2025-12-15,segunda,01:30,ES,259.0,50.0,COLATINA,Condutor deixou de manter distância do veículo da frente,Colisão traseira,Com Vítimas Feridas,Anoitecer,Crescente,Céu Claro,Simples,Reta,Não,2.0,0.0,1.0,0.0,0.0,1.0,1.0,2.0,-19.506574,-40.609384,SPRF-ES,DEL02-ES,UOP01-DEL02-ES,2025-12-15 01:30:00,2025.0,12.0,1.0,madrugada,False,0,moderado,BR-259
738970.0,2025-12-15,segunda,05:00,ES,101.0,315.9,VILA VELHA,Velocidade Incompatível,Tombamento,Com Vítimas Fatais,Amanhecer,Decrescente,Céu Claro,Múltipla,Curva;Declive,Não,1.0,1.0,0.0,0.0,0.0,0.0,0.0,1.0,-20.47830914,-40.47069426,SPRF-ES,DEL01-ES,UOP01-DEL01-ES,2025-12-15 05:00:00,2025.0,12.0,5.0,madrugada,True,1,fatal,BR-101
739002.0,2025-12-15,segunda,07:00,ES,101.0,393.0,RIO NOVO DO SUL,Condutor Dormindo,Tombamento,Com Vítimas Feridas,Pleno dia,Crescente,Sol,Simples,Curva,Não,1.0,0.0,1.0,0.0,0.0,0.0,1.0,1.0,-20.8658748,-40.9272727,SPRF-ES,DEL03-ES,UOP02-DEL03-ES,2025-12-15 07:00:00,2025.0,12.0,7.0,manha,False,0,moderado,BR-101
739159.0,2025-12-15,segunda,11:25,ES,101.0,148.7,LINHARES,Pedestre andava na pista,Atropelamento de Pedestre,Com Vítimas Feridas,Pleno dia,Crescente,Céu Claro,Simples,Interseção de Vias;Reta,Sim,2.0,0.0,0.0,1.0,1.0,0.0,1.0,2.0,-19.39469534,-40.06529331,SPRF-ES,DEL04-ES,UOP01-DEL04-ES,2025-12-15 11:25:00,2025.0,12.0,11.0,manha,False,1,grave,BR-101
739473.0,2025-12-17,quarta,10:00,ES,101.0,263.0,SERRA,Reação tardia ou ineficiente do condutor,Colisão traseira,Com Vítimas Feridas,Pleno dia,Crescente,Céu Claro,Dupla,Reta,Sim,3.0,0.0,1.0,0.0,2.0,0.0,1.0,2.0,-20.17821939,-40.26548863,SPRF-ES,DEL02-ES,UOP01-DEL02-ES,2025-12-17 10:00:00,2025.0,12.0,10.0,manha,True,0,moderado,BR-101
739621.0,2025-12-17,quarta,23:00,ES,101.0,223.0,IBIRACU,Ausência de reação do condutor,Tombamento,Com Vítimas Feridas,Plena Noite,Decrescente,Céu Claro,Simples,Curva;Declive,Não,2.0,0.0,1.0,0.0,0.0,1.0,1.0,2.0,-19.86378577,-40.3916198,SPRF-ES,DEL02-ES,UOP01-DEL02-ES,2025-12-17 23:00:00,2025.0,12.0,23.0,noite,False,0,moderado,BR-101
739669.0,2025-12-18,quinta,08:30,ES,262.0,25.9,VIANA,Demais falhas mecânicas ou elétricas,Incêndio,Sem Vítimas,Pleno dia,Crescente,Céu Claro,Simples,Reta,Não,1.0,0.0,0.0,0.0,1.0,0.0,0.0,1.0,-20.3800904,-40.54263067,SPRF-ES,DEL01-ES,UOP01-DEL01-ES,2025-12-18 08:30:00,2025.0,12.0,8.0,manha,True,0,baixo,BR-262
739698.0,2025-12-18,quinta,09:30,ES,101.0,270.0,SERRA,Manobra de mudança de faixa,Colisão lateral mesmo sentido,Com Vítimas Feridas,Pleno dia,Decrescente,Sol,Múltipla,Reta,Sim,4.0,0.0,1.0,0.0,2.0,1.0,1.0,4.0,-20.04885,-40.3866983,SPRF-ES,DEL02-ES,UOP01-DEL02-ES,2025-12-18 09:30:00,2025.0,12.0,9.0,manha,True,0,moderado,BR-101
739808.0,2025-12-16,terca,19:20,ES,101.0,266.0,SERRA,Manobra de mudança de faixa,Colisão lateral mesmo sentido,Sem Vítimas,Pleno dia,Crescente,Céu Claro,Múltipla,Interseção de Vias;Reta,Não,5.0,0.0,0.0,0.0,4.0,2.0,0.0,4.0,-20.19588751,-40.26885308,SPRF-ES,DEL02-ES,UOP01-DEL02-ES,2025-12-16 19:20:00,2025.0,12.0,19.0,noite,True,0,baixo,BR-101
739921.0,2025-12-19,sexta,09:20,ES,101.0,112.0,LINHARES,Carga excessiva e/ou mal acondicionada,Derramamento de carga,Com Vítimas Feridas,Pleno dia,Decrescente,Céu Claro,Simples,Reta,Não,2.0,0.0,1.0,0.0,1.0,0.0,1.0,2.0,-19.06624756,-40.03673047,SPRF-ES,DEL04-ES,UOP01-DEL04-ES,2025-12-19 09:20:00,2025.0,12.0,9.0,manha,False,0,moderado,BR-101
739984.0,2025-12-19,sexta,14:20,ES,259.0,34.0,COLATINA,Ausência de reação do condutor,Colisão traseira,Com Vítimas Feridas,Pleno dia,Crescente,Nublado,Simples,Curva,Não,4.0,0.0,0.0,2.0,2.0,0.0,2.0,3.0,-19.56935363,-40.50385594,SPRF-ES,DEL02-ES,UOP01-DEL02-ES,2025-12-19 14:20:00,2025.0,12.0,14.0,tarde,False,1,grave,BR-259
740171.0,2025-12-20,sabado,03:15,ES,262.0,151.0,IBATIBA,Problema com o freio,Colisão com objeto,Sem Vítimas,Plena Noite,Crescente,Céu Claro,Simples,Curva,Não,1.0,0.0,0.0,0.0,1.0,0.0,0.0,1.0,-20.21502206,-41.44939988,SPRF-ES,DEL01-ES,UOP02-DEL01-ES,2025-12-20 03:15:00,2025.0,12.0,3.0,madrugada,False,0,baixo,BR-262
740731.0,2025-12-22,segunda,04:20,ES,101.0,296.0,CARIACICA,Acesso irregular,Colisão frontal,Com Vítimas Fatais,Plena Noite,Crescente,Céu Claro,Múltipla,Reta,Sim,4.0,1.0,0.0,0.0,1.0,2.0,0.0,4.0,-20.34241663,-40.4053645,SPRF-ES,DEL01-ES,UOP01-DEL01-ES,2025-12-22 04:20:00,2025.0,12.0,4.0,madrugada,True,1,fatal,BR-101
740736.0,2025-12-22,segunda,05:30,ES,101.0,385.9,RIO NOVO DO SUL,Velocidade Incompatível,Derramamento de carga,Com Vítimas Fatais,Amanhecer,Crescente,Nublado,Simples,Curva,Não,7.0,1.0,0.0,2.0,3.0,2.0,2.0,5.0,-20.841671,-40.872402,SPRF-ES,DEL03-ES,UOP01-DEL03-ES,2025-12-22 05:30:00,2025.0,12.0,5.0,madrugada,False,1,fatal,BR-101
740811.0,2025-12-22,segunda,11:30,ES,101.0,205.0,IBIRACU,Reação tardia ou ineficiente do condutor,Colisão frontal,Com Vítimas Feridas,Pleno dia,Crescente,Chuva,Simples,Curva,Não,6.0,0.0,1.0,0.0,4.0,1.0,1.0,3.0,-19.77308452,-40.37149429,SPRF-ES,DEL02-ES,UOP01-DEL02-ES,2025-12-22 11:30:00,2025.0,12.0,11.0,manha,False,0,moderado,BR-101
740838.0,2025-12-22,segunda,13:50,ES,101.0,288.5,CARIACICA,Velocidade Incompatível,Colisão com objeto,Com Vítimas Feridas,Pleno dia,Decrescente,Céu Claro,Dupla,Curva,Sim,5.0,0.0,0.0,3.0,1.0,1.0,3.0,3.0,-20.27532121,-40.39228678,SPRF-ES,DEL01-ES,UOP01-DEL01-ES,2025-12-22 13:50:00,2025.0,12.0,13.0,tarde,True,1,grave,BR-101
741021.0,2025-12-23,terca,07:30,ES,101.0,30.1,CONCEICAO DA BARRA,Condutor deixou de manter distância do veículo da frente,Engavetamento,Com Vítimas Feridas,Pleno dia,Crescente,Sol,Simples,Reta;Aclive,Não,6.0,0.0,1.0,1.0,3.0,3.0,2.0,7.0,-18.42063121,-39.93451953,SPRF-ES,DEL04-ES,UOP02-DEL04-ES,2025-12-23 07:30:00,2025.0,12.0,7.0,manha,False,1,grave,BR-101
741100.0,2025-12-23,terca,14:30,ES,101.0,310.0,VIANA,Condutor deixou de manter distância do veículo da frente,Colisão traseira,Com Vítimas Feridas,Pleno dia,Decrescente,Sol,Dupla,Aclive;Curva,Não,4.0,0.0,2.0,0.0,1.0,1.0,2.0,3.0,-20.426109,-40.460255,SPRF-ES,DEL01-ES,UOP01-DEL01-ES,2025-12-23 14:30:00,2025.0,12.0,14.0,tarde,True,0,moderado,BR-101
741141.0,2025-12-23,terca,16:40,ES,101.0,105.0,LINHARES,Condutor Dormindo,Colisão lateral mesmo sentido,Com Vítimas Feridas,Pleno dia,Crescente,Céu Claro,Simples,Reta,Não,3.0,0.0,2.0,0.0,0.0,1.0,2.0,2.0,-19.021784,-40.015211,SPRF-ES,DEL04-ES,UOP01-DEL04-ES,2025-12-23 16:40:00,2025.0,12.0,16.0,tarde,False,0,moderado,BR-101
741161.0,2025-12-23,terca,19:10,ES,101.0,9.0,PEDRO CANARIO,Demais falhas mecânicas ou elétricas,Incêndio,Sem Vítimas,Plena Noite,Crescente,Céu Claro,Simples,Reta,Não,1.0,0.0,0.0,0.0,1.0,0.0,0.0,1.0,-18.21039238,-39.94172797,SPRF-ES,DEL04-ES,UOP02-DEL04-ES,2025-12-23 19:10:00,2025.0,12.0,19.0,noite,False,0,baixo,BR-101
741387.0,2025-12-24,quarta,19:00,ES,101.0,362.9,ANCHIETA,Ausência de reação do condutor,Colisão frontal,Com Vítimas Feridas,Plena Noite,Crescente,Céu Claro,Simples,Reta,Não,3.0,0.0,0.0,1.0,1.0,1.0,1.0,3.0,-20.7113094,-40.7226689,SPRF-ES,DEL03-ES,UOP01-DEL03-ES,2025-12-24 19:00:00,2025.0,12.0,19.0,noite,False,1,grave,BR-101
741738.0,2025-12-26,sexta,15:27,ES,101.0,359.9,ANCHIETA,Ultrapassagem Indevida,Saída de leito carroçável,Com Vítimas Feridas,Pleno dia,Decrescente,Céu Claro,Simples,Curva;Interseção de Vias,Não,2.0,0.0,2.0,0.0,0.0,0.0,2.0,1.0,-20.7100952,-40.72080124,SPRF-ES,DEL03-ES,UOP01-DEL03-ES,2025-12-26 15:27:00,2025.0,12.0,15.0,tarde,False,0,moderado,BR-101
742486.0,2025-12-30,terca,04:00,ES,101.0,296.0,CARIACICA,Velocidade Incompatível,Tombamento,Com Vítimas Feridas,Plena Noite,Decrescente,Céu Claro,Múltipla,Curva,Sim,2.0,0.0,1.0,0.0,0.0,8.0,1.0,9.0,-20.3420281,-40.40477514,SPRF-ES,DEL01-ES,UOP01-DEL01-ES,2025-12-30 04:00:00,2025.0,12.0,4.0,madrugada,True,0,moderado,BR-101
742600.0,2025-12-30,terca,15:55,ES,259.0,9.0,JOAO NEIVA,Ausência de reação do condutor,Saída de leito carroçável,Com Vítimas Feridas,Pleno dia,Crescente,Sol,Simples,Reta,Não,1.0,0.0,1.0,0.0,0.0,0.0,1.0,1.0,-19.66858288,-40.40294056,SPRF-ES,DEL02-ES,UOP01-DEL02-ES,2025-12-30 15:55:00,2025.0,12.0,15.0,tarde,False,0,moderado,BR-259
742602.0,2025-12-30,terca,15:50,ES,101.0,272.5,SERRA,Condutor deixou de manter distância do veículo da frente,Colisão traseira,Com Vítimas Feridas,Pleno dia,Crescente,Sol,Dupla,Reta,Não,4.0,0.0,1.0,0.0,3.0,0.0,1.0,3.0,-20.22334,-40.28807333,SPRF-ES,DEL02-ES,UOP01-DEL02-ES,2025-12-30 15:50:00,2025.0,12.0,15.0,tarde,True,0,moderado,BR-101
742678.0,2025-12-30,terca,22:10,ES,101.0,120.2,LINHARES,Ultrapassagem Indevida,Saída de leito carroçável,Com Vítimas Feridas,Plena Noite,Decrescente,Céu Claro,Simples,Reta;Declive,Não,6.0,0.0,1.0,0.0,4.0,1.0,1.0,4.0,-19.14645111,-40.07635164,SPRF-ES,DEL04-ES,UOP01-DEL04-ES,2025-12-30 22:10:00,2025.0,12.0,22.0,noite,False,0,moderado,BR-101
742818.0,2025-12-31,quarta,16:20,ES,101.0,213.0,IBIRACU,Transitar na contramão,Colisão frontal,Com Vítimas Feridas,Pleno dia,Crescente,Céu Claro,Simples,Reta,Sim,3.0,0.0,0.0,1.0,1.0,1.0,1.0,3.0,-19.820442,-40.368803,SPRF-ES,DEL02-ES,UOP01-DEL02-ES,2025-12-31 16:20:00,2025.0,12.0,16.0,tarde,False,1,grave,BR-101
744421.0,2025-12-24,quarta,00:05,ES,101.0,95.0,SOORETAMA,Velocidade Incompatível,Colisão traseira,Com Vítimas Fatais,Plena Noite,Decrescente,Nublado,Simples,Reta,Não,11.0,4.0,3.0,0.0,4.0,0.0,3.0,4.0,-19.19006711,-40.09455621,SPRF-ES,DEL04-ES,UOP02-DEL04-ES,2025-12-24 00:05:00,2025.0,12.0,0.0,madrugada,False,1,fatal,BR-101
754413.0,2025-10-17,sexta,21:00,ES,101.0,35.4,CONCEICAO DA BARRA,Acessar a via sem observar a presença dos outros veículos,Colisão transversal,Com Vítimas Feridas,Plena Noite,Decrescente,Céu Claro,Simples,Interseção de Vias,Não,3.0,0.0,0.0,1.0,1.0,2.0,1.0,4.0,-18.45926122,-39.93004058,SPRF-ES,DEL04-ES,UOP02-DEL04-ES,2025-10-17 21:00:00,2025.0,10.0,21.0,noite,False,1,grave,BR-101
663061.0,2025-02-08,sabado,12:00,ES,101.0,294.6,CARIACICA,Condutor deixou de manter distância do veículo da frente,Colisão traseira,Com Vítimas Feridas,Pleno dia,Crescente,Sol,Múltipla,Viaduto;Declive;Reta,Sim,9.0,0.0,1.0,0.0,7.0,1.0,1.0,4.0,-20.32983151,-40.39897619,SPRF-ES,DEL01-ES,UOP01-DEL01-ES,2025-02-08 12:00:00,2025.0,2.0,12.0,tarde,True,0,moderado,BR-101
721813.0,2025-09-30,terca,06:10,ES,101.0,283.0,CARIACICA,Condutor deixou de manter distância do veículo da frente,Colisão traseira,Com Vítimas Feridas,Pleno dia,Crescente,Nublado,Dupla,Curva,Sim,5.0,0.0,1.0,1.0,2.0,1.0,2.0,5.0,-20.23463248,-40.36945009,SPRF-ES,DEL01-ES,UOP01-DEL01-ES,2025-09-30 06:10:00,2025.0,9.0,6.0,manha,True,1,grave,BR-101
732871.0,2025-11-19,quarta,06:45,ES,101.0,299.0,VIANA,Condutor deixou de manter distância do veículo da frente,Colisão traseira,Com Vítimas Feridas,Pleno dia,Decrescente,Chuva,Múltipla,Curva,Sim,2.0,0.0,1.0,0.0,0.0,1.0,1.0,2.0,-20.35866585,-40.42450847,SPRF-ES,DEL01-ES,UOP01-DEL01-ES,2025-11-19 06:45:00,2025.0,11.0,6.0,manha,True,0,moderado,BR-101
673090.0,2025-04-12,sabado,04:00,ES,101.0,71.0,SAO MATEUS,Reação tardia ou ineficiente do condutor,Colisão traseira,Com Vítimas Feridas,Amanhecer,Decrescente,Céu Claro,Simples,Reta,Não,5.0,0.0,0.0,1.0,3.0,1.0,1.0,3.0,-18.760291,-39.863296,SPRF-ES,DEL04-ES,UOP02-DEL04-ES,2025-04-12 04:00:00,2025.0,4.0,4.0,madrugada,False,1,grave,BR-101
690019.0,2025-05-09,sexta,12:01,ES,101.0,66.0,SAO MATEUS,Pedestre andava na pista,Atropelamento de Pedestre,Com Vítimas Feridas,Pleno dia,Decrescente,Céu Claro,Dupla,Reta,Sim,3.0,0.0,1.0,0.0,1.0,1.0,1.0,3.0,-18.71803733,-39.87065999,SPRF-ES,DEL04-ES,UOP02-DEL04-ES,2025-05-09 12:01:00,2025.0,5.0,12.0,tarde,False,0,moderado,BR-101
693183.0,2025-05-23,sexta,14:30,ES,262.0,42.0,MARECHAL FLORIANO,Velocidade Incompatível,Colisão frontal,Com Vítimas Feridas,Pleno dia,Crescente,Chuva,Simples,Curva,Não,8.0,0.0,6.0,0.0,1.0,1.0,6.0,3.0,-20.385432,-40.65275,SPRF-ES,DEL01-ES,UOP01-DEL01-ES,2025-05-23 14:30:00,2025.0,5.0,14.0,tarde,False,0,moderado,BR-262
700281.0,2025-05-13,terca,06:00,ES,101.0,31.0,CONCEICAO DA BARRA,Acessar a via sem observar a presença dos outros veículos,Colisão transversal,Com Vítimas Feridas,Amanhecer,Crescente,Nublado,Simples,Reta,Não,4.0,0.0,0.0,1.0,2.0,1.0,1.0,3.0,-18.49719163,-39.91916656,SPRF-ES,DEL04-ES,UOP02-DEL04-ES,2025-05-13 06:00:00,2025.0,5.0,6.0,manha,False,1,grave,BR-101
720721.0,2025-09-25,quinta,00:10,ES,101.0,399.0,ITAPEMIRIM,Transitar na contramão,Colisão lateral sentido oposto,Com Vítimas Feridas,Plena Noite,Decrescente,Chuva,Simples,Reta,Não,5.0,0.0,1.0,1.0,2.0,1.0,2.0,3.0,-20.880257,-40.96889,SPRF-ES,DEL03-ES,UOP02-DEL03-ES,2025-09-25 00:10:00,2025.0,9.0,0.0,madrugada,False,1,grave,BR-101
740853.0,2025-12-22,segunda,11:10,ES,262.0,84.0,DOMINGOS MARTINS,Pista Escorregadia,Queda de ocupante de veículo,Com Vítimas Feridas,Pleno dia,Decrescente,Garoa/Chuvisco,Simples,Reta;Declive,Não,2.0,0.0,1.0,0.0,0.0,1.0,1.0,2.0,-20.40438433,-40.97343731,SPRF-ES,DEL01-ES,UOP02-DEL01-ES,2025-12-22 11:10:00,2025.0,12.0,11.0,manha,False,0,moderado,BR-262
652570.0,2025-01-01,quarta,12:10,ES,262.0,155.0,IBATIBA,Reação tardia ou ineficiente do condutor,Colisão com objeto,Com Vítimas Feridas,Pleno dia,Crescente,Nublado,Simples,Reta,Não,2.0,0.0,1.0,0.0,1.0,0.0,1.0,1.0,-20.22651793,-41.47055672,SPRF-ES,DEL01-ES,UOP02-DEL01-ES,2025-01-01 12:10:00,2025.0,1.0,12.0,tarde,False,0,moderado,BR-262
652623.0,2025-01-01,quarta,18:40,ES,101.0,288.3,CARIACICA,Demais falhas mecânicas ou elétricas,Colisão com objeto,Com Vítimas Feridas,Plena Noite,Crescente,Nublado,Dupla,Reta,Sim,1.0,0.0,1.0,0.0,0.0,0.0,1.0,1.0,-20.2738116,-40.39210439,SPRF-ES,DEL01-ES,UOP01-DEL01-ES,2025-01-01 18:40:00,2025.0,1.0,18.0,noite,True,0,moderado,BR-101
652643.0,2025-01-01,quarta,20:30,ES,262.0,124.6,CONCEICAO DO CASTELO,Ingestão de álcool pelo condutor,Colisão lateral sentido oposto,Com Vítimas Feridas,Plena Noite,Crescente,Chuva,Simples,Curva,Não,4.0,0.0,2.0,0.0,2.0,0.0,2.0,3.0,-20.28654241,-41.25440952,SPRF-ES,DEL01-ES,UOP02-DEL01-ES,2025-01-01 20:30:00,2025.0,1.0,20.0,noite,False,0,moderado,BR-262
652692.0,2025-01-02,quinta,06:54,ES,101.0,51.4,SAO MATEUS,Ausência de reação do condutor,Saída de leito carroçável,Com Vítimas Feridas,Pleno dia,Crescente,Céu Claro,Simples,Reta,Não,2.0,0.0,1.0,0.0,1.0,0.0,1.0,1.0,-18.59458104,-39.88970815,SPRF-ES,DEL04-ES,UOP02-DEL04-ES,2025-01-02 06:54:00,2025.0,1.0,6.0,manha,False,0,moderado,BR-101
652697.0,2025-01-02,quinta,07:40,ES,101.0,163.0,LINHARES,Acessar a via sem observar a presença dos outros veículos,Colisão transversal,Com Vítimas Feridas,Pleno dia,Crescente,Nublado,Simples,Interseção de Vias,Não,2.0,0.0,1.0,0.0,1.0,0.0,1.0,2.0,-19.49806194,-40.13058524,SPRF-ES,DEL04-ES,UOP01-DEL04-ES,2025-01-02 07:40:00,2025.0,1.0,7.0,manha,False,0,moderado,BR-101
652807.0,2025-01-02,quinta,17:51,ES,259.0,8.0,JOAO NEIVA,Reação tardia ou ineficiente do condutor,Tombamento,Com Vítimas Feridas,Anoitecer,Decrescente,Chuva,Simples,Curva;Declive,Não,2.0,0.0,2.0,0.0,0.0,0.0,2.0,1.0,-19.68073376,-40.39141693,SPRF-ES,DEL02-ES,UOP01-DEL02-ES,2025-01-02 17:51:00,2025.0,1.0,17.0,tarde,False,0,moderado,BR-259
652814.0,2025-01-02,quinta,19:34,ES,101.0,24.8,CONCEICAO DA BARRA,Restrição de visibilidade em curvas verticais,Saída de leito carroçável,Com Vítimas Feridas,Plena Noite,Crescente,Nublado,Simples,Reta,Não,3.0,0.0,3.0,0.0,0.0,0.0,3.0,1.0,-18.3592689,-39.95388073,SPRF-ES,DEL04-ES,UOP02-DEL04-ES,2025-01-02 19:34:00,2025.0,1.0,19.0,noite,False,0,moderado,BR-101
652877.0,2025-01-03,sexta,07:00,ES,101.0,294.0,CARIACICA,Reação tardia ou ineficiente do condutor,Colisão lateral mesmo sentido,Com Vítimas Feridas,Pleno dia,Crescente,Céu Claro,Múltipla,Reta,Sim,2.0,0.0,1.0,0.0,1.0,0.0,1.0,2.0,-20.32415948,-40.3952903,SPRF-ES,DEL01-ES,UOP01-DEL01-ES,2025-01-03 07:00:00,2025.0,1.0,7.0,manha,True,0,moderado,BR-101
653015.0,2025-01-03,sexta,20:20,ES,101.0,224.5,IBIRACU,Chuva,Saída de leito carroçável,Com Vítimas Feridas,Plena Noite,Decrescente,Chuva,Simples,Reta,Não,2.0,0.0,2.0,0.0,0.0,0.0,2.0,1.0,-19.89290688,-40.41230369,SPRF-ES,DEL02-ES,UOP01-DEL02-ES,2025-01-03 20:20:00,2025.0,1.0,20.0,noite,False,0,moderado,BR-101
653184.0,2025-01-04,sabado,18:15,ES,101.0,391.9,RIO NOVO DO SUL,Acessar a via sem observar a presença dos outros veículos,Colisão traseira,Com Vítimas Feridas,Anoitecer,Decrescente,Céu Claro,Simples,Interseção de Vias,Não,3.0,0.0,2.0,0.0,1.0,0.0,2.0,2.0,-20.8657929,-40.89634385,SPRF-ES,DEL03-ES,UOP02-DEL03-ES,2025-01-04 18:15:00,2025.0,1.0,18.0,noite,False,0,moderado,BR-101
653186.0,2025-01-04,sabado,17:55,ES,101.0,271.5,SERRA,Transitar na contramão,Colisão lateral sentido oposto,Com Vítimas Feridas,Anoitecer,Decrescente,Céu Claro,Dupla,Reta,Não,2.0,0.0,1.0,0.0,1.0,0.0,1.0,2.0,-20.23267,-40.27658,SPRF-ES,DEL02-ES,UOP01-DEL02-ES,2025-01-04 17:55:00,2025.0,1.0,17.0,tarde,True,0,moderado,BR-101
653282.0,2025-01-05,domingo,07:45,ES,262.0,34.0,DOMINGOS MARTINS,Pista Escorregadia,Saída de leito carroçável,Com Vítimas Feridas,Pleno dia,Crescente,Chuva,Simples,Curva,Não,2.0,0.0,1.0,0.0,1.0,0.0,1.0,1.0,-20.37297172,-40.59246445,SPRF-ES,DEL01-ES,UOP01-DEL01-ES,2025-01-05 07:45:00,2025.0,1.0,7.0,manha,False,0,moderado,BR-262
653312.0,2025-01-05,domingo,11:21,ES,101.0,66.0,SAO MATEUS,Condutor deixou de manter distância do veículo da frente,Colisão traseira,Com Vítimas Feridas,Pleno dia,Decrescente,Chuva,Múltipla,Reta,Não,2.0,0.0,1.0,0.0,1.0,0.0,1.0,2.0,-18.7165195,-39.87436378,SPRF-ES,DEL04-ES,UOP02-DEL04-ES,2025-01-05 11:21:00,2025.0,1.0,11.0,manha,False,0,moderado,BR-101
653316.0,2025-01-05,domingo,12:06,ES,101.0,40.7,CONCEICAO DA BARRA,Chuva,Queda de ocupante de veículo,Com Vítimas Feridas,Pleno dia,Crescente,Chuva,Simples,Reta,Não,1.0,0.0,1.0,0.0,0.0,0.0,1.0,1.0,-18.49980697,-39.91851689,SPRF-ES,DEL04-ES,UOP02-DEL04-ES,2025-01-05 12:06:00,2025.0,1.0,12.0,tarde,False,0,moderado,BR-101
653361.0,2025-01-05,domingo,17:55,ES,101.0,46.8,CONCEICAO DA BARRA,Chuva,Queda de ocupante de veículo,Sem Vítimas,Anoitecer,Decrescente,Chuva,Simples,Reta,Não,1.0,0.0,0.0,0.0,1.0,0.0,0.0,1.0,-18.55144093,-39.90284075,SPRF-ES,DEL04-ES,UOP02-DEL04-ES,2025-01-05 17:55:00,2025.0,1.0,17.0,tarde,False,0,baixo,BR-101
653384.0,2025-01-05,domingo,19:20,ES,259.0,31.8,COLATINA,Transitar na contramão,Colisão frontal,Com Vítimas Fatais,Plena Noite,Decrescente,Garoa/Chuvisco,Simples,Curva,Não,3.0,2.0,0.0,0.0,1.0,0.0,0.0,2.0,-19.58704806,-40.50913271,SPRF-ES,DEL02-ES,UOP01-DEL02-ES,2025-01-05 19:20:00,2025.0,1.0,19.0,noite,False,1,fatal,BR-259
653407.0,2025-01-05,domingo,20:40,ES,101.0,256.2,SERRA,Acessar a via sem observar a presença dos outros veículos,Capotamento,Com Vítimas Feridas,Plena Noite,Decrescente,Chuva,Múltipla,Reta,Sim,1.0,0.0,0.0,1.0,0.0,0.0,1.0,1.0,-20.119123,-40.311005,SPRF-ES,DEL02-ES,UOP01-DEL02-ES,2025-01-05 20:40:00,2025.0,1.0,20.0,noite,True,1,grave,BR-101
653415.0,2025-01-05,domingo,22:48,ES,101.0,263.0,SERRA,Manobra de mudança de faixa,Colisão lateral mesmo sentido,Com Vítimas Feridas,Plena Noite,Crescente,Nublado,Dupla,Reta,Sim,4.0,0.0,3.0,0.0,1.0,0.0,3.0,2.0,-20.16554736,-40.27301648,SPRF-ES,DEL02-ES,UOP01-DEL02-ES,2025-01-05 22:48:00,2025.0,1.0,22.0,noite,True,0,moderado,BR-101
653455.0,2025-01-06,segunda,07:45,ES,101.0,145.5,LINHARES,Velocidade Incompatível,Colisão traseira,Com Vítimas Feridas,Pleno dia,Crescente,Céu Claro,Dupla,Reta,Sim,2.0,0.0,1.0,0.0,1.0,0.0,1.0,2.0,-19.36089598,-40.06464018,SPRF-ES,DEL04-ES,UOP01-DEL04-ES,2025-01-06 07:45:00,2025.0,1.0,7.0,manha,False,0,moderado,BR-101
653573.0,2025-01-06,segunda,19:00,ES,101.0,265.9,SERRA,Manobra de mudança de faixa,Colisão lateral mesmo sentido,Com Vítimas Feridas,Plena Noite,Decrescente,Chuva,Múltipla,Reta,Sim,2.0,0.0,1.0,0.0,1.0,0.0,1.0,2.0,-20.1816849,-40.26536036,SPRF-ES,DEL02-ES,UOP01-DEL02-ES,2025-01-06 19:00:00,2025.0,1.0,19.0,noite,True,0,moderado,BR-101
653612.0,2025-01-07,terca,05:50,ES,101.0,86.0,SAO MATEUS,Transitar na contramão,Colisão frontal,Com Vítimas Feridas,Amanhecer,Crescente,Chuva,Simples,Reta,Não,5.0,0.0,0.0,5.0,0.0,0.0,5.0,2.0,-18.86552104,-39.93978995,SPRF-ES,DEL04-ES,UOP02-DEL04-ES,2025-01-07 05:50:00,2025.0,1.0,5.0,madrugada,False,1,grave,BR-101
653629.0,2025-01-07,terca,08:00,ES,101.0,295.0,CARIACICA,Manobra de mudança de faixa,Colisão traseira,Com Vítimas Feridas,Pleno dia,Crescente,Céu Claro,Dupla,Reta,Não,3.0,0.0,2.0,0.0,1.0,0.0,2.0,2.0,-20.33223667,-40.40004683,SPRF-ES,DEL01-ES,UOP01-DEL01-ES,2025-01-07 08:00:00,2025.0,1.0,8.0,manha,True,0,moderado,BR-101
653784.0,2025-01-08,quarta,06:58,ES,101.0,299.9,VIANA,Condutor usando celular,Colisão traseira,Com Vítimas Feridas,Pleno dia,Crescente,Nublado,Múltipla,Curva,Não,4.0,0.0,0.0,2.0,2.0,0.0,2.0,3.0,-20.358635,-40.432167,SPRF-ES,DEL01-ES,UOP01-DEL01-ES,2025-01-08 06:58:00,2025.0,1.0,6.0,manha,True,1,grave,BR-101
653801.0,2025-01-08,quarta,07:50,ES,101.0,267.1,SERRA,Manobra de mudança de faixa,Colisão lateral mesmo sentido,Com Vítimas Feridas,Pleno dia,Crescente,Céu Claro,Dupla,Reta,Sim,2.0,0.0,1.0,0.0,1.0,0.0,1.0,2.0,-20.19930999,-40.26884609,SPRF-ES,DEL02-ES,UOP01-DEL02-ES,2025-01-08 07:50:00,2025.0,1.0,7.0,manha,True,0,moderado,BR-101
653874.0,2025-01-08,quarta,15:40,ES,262.0,43.8,DOMINGOS MARTINS,Conversão proibida,Colisão transversal,Com Vítimas Feridas,Pleno dia,Crescente,Céu Claro,Simples,Reta,Não,5.0,0.0,2.0,0.0,3.0,0.0,2.0,3.0,-20.38770779,-40.66824031,SPRF-ES,DEL01-ES,UOP01-DEL01-ES,2025-01-08 15:40:00,2025.0,1.0,15.0,tarde,False,0,moderado,BR-262
653889.0,2025-01-08,quarta,18:31,ES,101.0,260.8,SERRA,Afundamento ou ondulação no pavimento,Queda de ocupante de veículo,Com Vítimas Feridas,Plena Noite,Decrescente,Chuva,Simples,Curva,Não,1.0,0.0,1.0,0.0,0.0,0.0,1.0,1.0,-20.14616415,-40.28836206,SPRF-ES,DEL02-ES,UOP01-DEL02-ES,2025-01-08 18:31:00,2025.0,1.0,18.0,noite,True,0,moderado,BR-101
653919.0,2025-01-08,quarta,21:00,ES,101.0,148.0,LINHARES,Ingestão de álcool pelo condutor,Colisão traseira,Sem Vítimas,Plena Noite,Crescente,Garoa/Chuvisco,Múltipla,Reta,Sim,2.0,0.0,0.0,0.0,2.0,0.0,0.0,2.0,-19.38787399,-40.06752766,SPRF-ES,DEL04-ES,UOP01-DEL04-ES,2025-01-08 21:00:00,2025.0,1.0,21.0,noite,False,0,baixo,BR-101
653974.0,2025-01-09,quinta,07:00,ES,101.0,269.8,SERRA,Ausência de reação do condutor,Colisão traseira,Com Vítimas Feridas,Pleno dia,Crescente,Chuva,Dupla,Reta,Sim,2.0,0.0,1.0,0.0,1.0,0.0,1.0,2.0,-20.21740496,-40.26990578,SPRF-ES,DEL02-ES,UOP01-DEL02-ES,2025-01-09 07:00:00,2025.0,1.0,7.0,manha,True,0,moderado,BR-101
654029.0,2025-01-09,quinta,14:08,ES,262.0,0.5,CARIACICA,Avarias e/ou desgaste excessivo no pneu,Colisão com objeto,Com Vítimas Feridas,Pleno dia,Decrescente,Nublado,Dupla,Reta;Ponte,Sim,1.0,0.0,0.0,1.0,0.0,0.0,1.0,1.0,-20.320793,-40.353315,SPRF-ES,DEL01-ES,UOP01-DEL01-ES,2025-01-09 14:08:00,2025.0,1.0,14.0,tarde,True,1,grave,BR-262
654060.0,2025-01-09,quinta,17:18,ES,101.0,70.0,SAO MATEUS,Acessar a via sem observar a presença dos outros veículos,Colisão transversal,Com Vítimas Feridas,Pleno dia,Crescente,Chuva,Simples,Reta,Sim,2.0,0.0,1.0,0.0,1.0,0.0,1.0,2.0,-18.74453703,-39.86164665,SPRF-ES,DEL04-ES,UOP02-DEL04-ES,2025-01-09 17:18:00,2025.0,1.0,17.0,tarde,False,0,moderado,BR-101
654094.0,2025-01-09,quinta,20:20,ES,101.0,278.2,SERRA,Chuva,Tombamento,Com Vítimas Feridas,Plena Noite,Crescente,Céu Claro,Múltipla,Reta,Sim,2.0,0.0,0.0,2.0,0.0,0.0,2.0,1.0,-20.21698365,-40.32974606,SPRF-ES,DEL02-ES,UOP01-DEL02-ES,2025-01-09 20:20:00,2025.0,1.0,20.0,noite,True,1,grave,BR-101
654134.0,2025-01-09,quinta,21:47,ES,101.0,258.6,SERRA,Acumulo de água sobre o pavimento,Capotamento,Com Vítimas Feridas,Plena Noite,Decrescente,Nublado,Dupla,Reta,Sim,3.0,0.0,1.0,0.0,2.0,0.0,1.0,1.0,-20.13059888,-40.2961019,SPRF-ES,DEL02-ES,UOP01-DEL02-ES,2025-01-09 21:47:00,2025.0,1.0,21.0,noite,True,0,moderado,BR-101
654178.0,2025-01-10,sexta,08:30,ES,101.0,271.9,SERRA,Condutor deixou de manter distância do veículo da frente,Colisão lateral mesmo sentido,Com Vítimas Feridas,Pleno dia,Decrescente,Nublado,Múltipla,Reta;Aclive,Sim,2.0,0.0,1.0,0.0,1.0,0.0,1.0,2.0,-20.2266966,-40.2851416,SPRF-ES,DEL02-ES,UOP01-DEL02-ES,2025-01-10 08:30:00,2025.0,1.0,8.0,manha,True,0,moderado,BR-101
654188.0,2025-01-10,sexta,08:20,ES,101.0,269.8,SERRA,Reação tardia ou ineficiente do condutor,Colisão com objeto,Com Vítimas Feridas,Pleno dia,Crescente,Sol,Dupla,Reta,Sim,3.0,0.0,1.0,0.0,2.0,0.0,1.0,3.0,-20.21740496,-40.26990578,SPRF-ES,DEL02-ES,UOP01-DEL02-ES,2025-01-10 08:20:00,2025.0,1.0,8.0,manha,True,0,moderado,BR-101
654231.0,2025-01-10,sexta,14:18,ES,101.0,146.0,LINHARES,Ausência de reação do condutor,Colisão traseira,Com Vítimas Feridas,Pleno dia,Crescente,Nublado,Dupla,Reta,Sim,3.0,0.0,2.0,0.0,1.0,0.0,2.0,2.0,-19.36990998,-40.06560718,SPRF-ES,DEL04-ES,UOP01-DEL04-ES,2025-01-10 14:18:00,2025.0,1.0,14.0,tarde,False,0,moderado,BR-101
654282.0,2025-01-10,sexta,19:33,ES,259.0,16.6,JOAO NEIVA,Transitar na contramão,Colisão frontal,Com Vítimas Feridas,Plena Noite,Crescente,Nublado,Simples,Reta,Não,5.0,0.0,4.0,0.0,1.0,0.0,4.0,2.0,-19.65971112,-40.43161999,SPRF-ES,DEL02-ES,UOP01-DEL02-ES,2025-01-10 19:33:00,2025.0,1.0,19.0,noite,False,0,moderado,BR-259
654305.0,2025-01-10,sexta,20:30,ES,101.0,212.7,IBIRACU,Conversão proibida,Colisão transversal,Com Vítimas Feridas,Plena Noite,Crescente,Garoa/Chuvisco,Simples,Reta,Sim,2.0,0.0,2.0,0.0,0.0,0.0,2.0,2.0,-19.82264473,-40.37001486,SPRF-ES,DEL02-ES,UOP01-DEL02-ES,2025-01-10 20:30:00,2025.0,1.0,20.0,noite,False,0,moderado,BR-101
654334.0,2025-01-11,sabado,01:51,ES,101.0,139.4,LINHARES,Desrespeitar a preferência no cruzamento,Colisão transversal,Sem Vítimas,Plena Noite,Decrescente,Céu Claro,Simples,Interseção de Vias;Reta,Não,2.0,0.0,0.0,0.0,1.0,1.0,0.0,2.0,-19.3101728,-40.0799666,SPRF-ES,DEL04-ES,UOP01-DEL04-ES,2025-01-11 01:51:00,2025.0,1.0,1.0,madrugada,False,0,baixo,BR-101
654453.0,2025-01-11,sabado,15:30,ES,101.0,288.9,CARIACICA,Manobra de mudança de faixa,Colisão traseira,Com Vítimas Feridas,Pleno dia,Decrescente,Sol,Dupla,Reta,Sim,2.0,0.0,1.0,0.0,1.0,0.0,1.0,2.0,-20.27160351,-40.39091743,SPRF-ES,DEL01-ES,UOP01-DEL01-ES,2025-01-11 15:30:00,2025.0,1.0,15.0,tarde,True,0,moderado,BR-101
654495.0,2025-01-11,sabado,19:20,ES,101.0,125.0,SOORETAMA,Reação tardia ou ineficiente do condutor,Colisão transversal,Com Vítimas Feridas,Plena Noite,Decrescente,Nublado,Dupla,Reta,Sim,2.0,0.0,1.0,0.0,1.0,0.0,1.0,2.0,-19.18496498,-40.09429827,SPRF-ES,DEL04-ES,UOP01-DEL04-ES,2025-01-11 19:20:00,2025.0,1.0,19.0,noite,False,0,moderado,BR-101
654538.0,2025-01-11,sabado,23:00,ES,262.0,1.0,CARIACICA,Velocidade Incompatível,Colisão traseira,Com Vítimas Feridas,Plena Noite,Crescente,Ignorado,Dupla,Reta;Ponte,Não,2.0,0.0,2.0,0.0,0.0,0.0,2.0,2.0,-20.32955204,-40.35492602,SPRF-ES,DEL01-ES,UOP01-DEL01-ES,2025-01-11 23:00:00,2025.0,1.0,23.0,noite,True,0,moderado,BR-262
654545.0,2025-01-12,domingo,00:45,ES,101.0,269.8,SERRA,Condutor desrespeitou a iluminação vermelha do semáforo,Colisão transversal,Com Vítimas Feridas,Plena Noite,Decrescente,Nublado,Múltipla,Reta,Sim,4.0,0.0,0.0,1.0,2.0,1.0,1.0,4.0,-20.21740496,-40.26990578,SPRF-ES,DEL02-ES,UOP01-DEL02-ES,2025-01-12 00:45:00,2025.0,1.0,0.0,madrugada,True,1,grave,BR-101
654603.0,2025-01-12,domingo,07:27,ES,262.0,90.0,DOMINGOS MARTINS,Ultrapassagem Indevida,Colisão transversal,Com Vítimas Feridas,Pleno dia,Crescente,Ignorado,Simples,Interseção de Vias,Não,7.0,0.0,4.0,1.0,2.0,0.0,5.0,2.0,-20.38123513,-41.02431905,SPRF-ES,DEL01-ES,UOP02-DEL01-ES,2025-01-12 07:27:00,2025.0,1.0,7.0,manha,False,1,grave,BR-262
654615.0,2025-01-12,domingo,12:15,ES,101.0,189.0,ARACRUZ,Reação tardia ou ineficiente do condutor,Saída de leito carroçável,Com Vítimas Feridas,Pleno dia,Crescente,Céu Claro,Dupla,Curva,Sim,2.0,0.0,1.0,0.0,1.0,0.0,1.0,1.0,-19.68134019,-40.27051885,SPRF-ES,DEL04-ES,UOP01-DEL04-ES,2025-01-12 12:15:00,2025.0,1.0,12.0,tarde,False,0,moderado,BR-101
654635.0,2025-01-12,domingo,14:00,ES,101.0,378.6,ICONHA,Acessar a via sem observar a presença dos outros veículos,Atropelamento de Animal,Com Vítimas Feridas,Pleno dia,Decrescente,Céu Claro,Dupla,Curva;Declive,Não,5.0,0.0,0.0,1.0,4.0,0.0,1.0,2.0,-20.804562,-40.810875,SPRF-ES,DEL03-ES,UOP01-DEL03-ES,2025-01-12 14:00:00,2025.0,1.0,14.0,tarde,False,1,grave,BR-101
654664.0,2025-01-12,domingo,15:00,ES,101.0,273.2,SERRA,Frear bruscamente,Colisão traseira,Sem Vítimas,Pleno dia,Crescente,Céu Claro,Múltipla,Reta,Não,13.0,0.0,0.0,0.0,13.0,0.0,0.0,2.0,-20.22029207,-40.29048811,SPRF-ES,DEL02-ES,UOP01-DEL02-ES,2025-01-12 15:00:00,2025.0,1.0,15.0,tarde,True,0,baixo,BR-101
654695.0,2025-01-12,domingo,19:35,ES,101.0,150.0,LINHARES,Ingestão de álcool pelo condutor,Colisão com objeto,Com Vítimas Feridas,Plena Noite,Decrescente,Céu Claro,Simples,Interseção de Vias,Não,2.0,0.0,2.0,0.0,0.0,0.0,2.0,1.0,-19.40436634,-40.06078896,SPRF-ES,DEL04-ES,UOP01-DEL04-ES,2025-01-12 19:35:00,2025.0,1.0,19.0,noite,False,0,moderado,BR-101
654697.0,2025-01-12,domingo,19:50,ES,101.0,149.5,LINHARES,Condutor desrespeitou a iluminação vermelha do semáforo,Colisão transversal,Com Vítimas Feridas,Plena Noite,Decrescente,Céu Claro,Múltipla,Interseção de Vias;Reta,Sim,2.0,0.0,0.0,1.0,1.0,0.0,1.0,2.0,-19.39882425,-40.06273985,SPRF-ES,DEL04-ES,UOP01-DEL04-ES,2025-01-12 19:50:00,2025.0,1.0,19.0,noite,False,1,grave,BR-101
654829.0,2025-01-13,segunda,10:50,ES,101.0,418.0,CACHOEIRO DE ITAPEMIRIM,Condutor deixou de manter distância do veículo da frente,Colisão traseira,Com Vítimas Feridas,Pleno dia,Decrescente,Nublado,Simples,Reta,Não,3.0,0.0,3.0,0.0,0.0,0.0,3.0,2.0,-20.95438035,-41.09327978,SPRF-ES,DEL03-ES,UOP02-DEL03-ES,2025-01-13 10:50:00,2025.0,1.0,10.0,manha,False,0,moderado,BR-101
654833.0,2025-01-13,segunda,11:00,ES,101.0,42.0,CONCEICAO DA BARRA,Avarias e/ou desgaste excessivo no pneu,Tombamento,Com Vítimas Feridas,Pleno dia,Crescente,Nublado,Simples,Reta,Não,2.0,0.0,0.0,1.0,1.0,0.0,1.0,1.0,-18.51702193,-39.91329775,SPRF-ES,DEL04-ES,UOP02-DEL04-ES,2025-01-13 11:00:00,2025.0,1.0,11.0,manha,False,1,grave,BR-101
654917.0,2025-01-13,segunda,17:51,ES,101.0,66.0,SAO MATEUS,Acessar a via sem observar a presença dos outros veículos,Colisão transversal,Com Vítimas Feridas,Plena Noite,Decrescente,Céu Claro,Simples,Reta;Interseção de Vias,Sim,2.0,0.0,1.0,0.0,1.0,0.0,1.0,2.0,-18.7165195,-39.87436378,SPRF-ES,DEL04-ES,UOP02-DEL04-ES,2025-01-13 17:51:00,2025.0,1.0,17.0,tarde,False,0,moderado,BR-101
654918.0,2025-01-13,segunda,18:30,ES,259.0,101.3,BAIXO GUANDU,Acessar a via sem observar a presença dos outros veículos,Colisão transversal,Com Vítimas Feridas,Plena Noite,Crescente,Céu Claro,Simples,Reta,Não,2.0,0.0,0.0,1.0,1.0,0.0,1.0,2.0,-19.52023464,-41.00239031,SPRF-ES,DEL02-ES,UOP01-DEL02-ES,2025-01-13 18:30:00,2025.0,1.0,18.0,noite,False,1,grave,BR-259
654948.0,2025-01-14,terca,00:20,ES,262.0,190.3,IUNA,Condutor Dormindo,Saída de leito carroçável,Com Vítimas Feridas,Plena Noite,Crescente,Chuva,Simples,Curva,Não,2.0,0.0,1.0,1.0,0.0,0.0,2.0,1.0,-20.30802372,-41.74807167,SPRF-ES,DEL01-ES,UOP02-DEL01-ES,2025-01-14 00:20:00,2025.0,1.0,0.0,madrugada,False,1,grave,BR-262
655059.0,2025-01-14,terca,14:20,ES,101.0,206.5,JOAO NEIVA,Reação tardia ou ineficiente do condutor,Colisão com objeto,Com Vítimas Feridas,Pleno dia,Decrescente,Chuva,Simples,Curva;Declive,Não,3.0,0.0,1.0,0.0,2.0,0.0,1.0,1.0,-19.76435421,-40.37263919,SPRF-ES,DEL02-ES,UOP01-DEL02-ES,2025-01-14 14:20:00,2025.0,1.0,14.0,tarde,False,0,moderado,BR-101
655086.0,2025-01-14,terca,16:45,ES,101.0,262.9,SERRA,Trafegar com motocicleta (ou similar) entre as faixas,Colisão lateral mesmo sentido,Com Vítimas Feridas,Pleno dia,Decrescente,Nublado,Dupla,Reta;Declive,Sim,2.0,0.0,1.0,0.0,1.0,0.0,1.0,2.0,-20.166139,-40.272574,SPRF-ES,DEL02-ES,UOP01-DEL02-ES,2025-01-14 16:45:00,2025.0,1.0,16.0,tarde,True,0,moderado,BR-101
655153.0,2025-01-15,quarta,03:30,ES,101.0,205.1,JOAO NEIVA,Chuva,Atropelamento de Pedestre,Com Vítimas Feridas,Plena Noite,Decrescente,Chuva,Simples,Reta,Sim,2.0,0.0,1.0,0.0,0.0,1.0,1.0,2.0,-19.75823196,-40.3795009,SPRF-ES,DEL02-ES,UOP01-DEL02-ES,2025-01-15 03:30:00,2025.0,1.0,3.0,madrugada,False,0,moderado,BR-101
655200.0,2025-01-15,quarta,08:40,ES,101.0,393.3,RIO NOVO DO SUL,Desrespeitar a preferência no cruzamento,Colisão transversal,Com Vítimas Feridas,Pleno dia,Crescente,Céu Claro,Simples,Interseção de Vias,Não,3.0,0.0,1.0,0.0,2.0,0.0,1.0,2.0,-20.865694,-40.91366,SPRF-ES,DEL03-ES,UOP02-DEL03-ES,2025-01-15 08:40:00,2025.0,1.0,8.0,manha,False,0,moderado,BR-101
655396.0,2025-01-16,quinta,07:40,ES,262.0,71.8,DOMINGOS MARTINS,Conversão proibida,Colisão frontal,Com Vítimas Feridas,Pleno dia,Crescente,Céu Claro,Simples,Retorno Regulamentado;Reta,Não,3.0,0.0,1.0,0.0,1.0,1.0,1.0,3.0,-20.4202155,-40.87402784,SPRF-ES,DEL01-ES,UOP02-DEL01-ES,2025-01-16 07:40:00,2025.0,1.0,7.0,manha,False,0,moderado,BR-262
655446.0,2025-01-16,quinta,13:00,ES,262.0,181.6,IBATIBA,Ausência de reação do condutor,Colisão traseira,Com Vítimas Feridas,Pleno dia,Crescente,Nublado,Simples,Reta,Não,3.0,0.0,1.0,1.0,1.0,0.0,2.0,2.0,-20.29592097,-41.68407083,SPRF-ES,DEL01-ES,UOP02-DEL01-ES,2025-01-16 13:00:00,2025.0,1.0,13.0,tarde,False,1,grave,BR-262
655460.0,2025-01-16,quinta,15:35,ES,101.0,274.0,SERRA,Reação tardia ou ineficiente do condutor,Tombamento,Com Vítimas Feridas,Pleno dia,Decrescente,Céu Claro,Dupla,Reta,Não,2.0,0.0,1.0,0.0,1.0,0.0,1.0,1.0,-20.21288515,-40.29612219,SPRF-ES,DEL02-ES,UOP01-DEL02-ES,2025-01-16 15:35:00,2025.0,1.0,15.0,tarde,True,0,moderado,BR-101
655514.0,2025-01-16,quinta,20:50,ES,262.0,103.4,VENDA NOVA DO IMIGRANTE,Transitar na contramão,Tombamento,Com Vítimas Fatais,Plena Noite,Crescente,Céu Claro,Simples,Reta,Sim,3.0,1.0,0.0,0.0,1.0,1.0,0.0,3.0,-20.33657022,-41.12201819,SPRF-ES,DEL01-ES,UOP02-DEL01-ES,2025-01-16 20:50:00,2025.0,1.0,20.0,noite,False,1,fatal,BR-262
655528.0,2025-01-16,quinta,23:30,ES,101.0,266.8,SERRA,Chuva,Queda de ocupante de veículo,Com Vítimas Feridas,Plena Noite,Decrescente,Chuva,Dupla,Reta,Sim,1.0,0.0,1.0,0.0,0.0,0.0,1.0,1.0,-20.190199,-40.26828891,SPRF-ES,DEL02-ES,UOP01-DEL02-ES,2025-01-16 23:30:00,2025.0,1.0,23.0,noite,True,0,moderado,BR-101
655558.0,2025-01-17,sexta,07:15,ES,101.0,270.2,SERRA,Acessar a via sem observar a presença dos outros veículos,Colisão transversal,Com Vítimas Feridas,Pleno dia,Crescente,Céu Claro,Dupla,Reta,Sim,2.0,0.0,1.0,0.0,1.0,0.0,1.0,2.0,-20.28166144,-40.24291992,SPRF-ES,DEL02-ES,UOP01-DEL02-ES,2025-01-17 07:15:00,2025.0,1.0,7.0,manha,True,0,moderado,BR-101
655624.0,2025-01-17,sexta,14:10,ES,101.0,151.0,LINHARES,Acesso irregular,Colisão transversal,Com Vítimas Feridas,Pleno dia,Crescente,Céu Claro,Simples,Interseção de Vias;Curva,Não,3.0,0.0,1.0,0.0,2.0,0.0,1.0,3.0,-19.41730794,-40.06842479,SPRF-ES,DEL04-ES,UOP01-DEL04-ES,2025-01-17 14:10:00,2025.0,1.0,14.0,tarde,False,0,moderado,BR-101
655719.0,2025-01-17,sexta,19:15,ES,101.0,256.0,SERRA,Acesso irregular,Colisão transversal,Com Vítimas Feridas,Plena Noite,Crescente,Céu Claro,Simples,Aclive,Sim,3.0,0.0,1.0,0.0,1.0,1.0,1.0,3.0,-20.119123,-40.311005,SPRF-ES,DEL02-ES,UOP01-DEL02-ES,2025-01-17 19:15:00,2025.0,1.0,19.0,noite,True,0,moderado,BR-101
655794.0,2025-01-18,sabado,07:00,ES,101.0,148.0,LINHARES,Ausência de reação do condutor,Engavetamento,Com Vítimas Feridas,Pleno dia,Crescente,Céu Claro,Dupla,Reta,Sim,3.0,0.0,1.0,0.0,2.0,0.0,1.0,3.0,-19.38787399,-40.06752766,SPRF-ES,DEL04-ES,UOP01-DEL04-ES,2025-01-18 07:00:00,2025.0,1.0,7.0,manha,False,0,moderado,BR-101
655823.0,2025-01-18,sabado,11:00,ES,101.0,156.9,LINHARES,Acessar a via sem observar a presença dos outros veículos,Colisão transversal,Com Vítimas Feridas,Pleno dia,Crescente,Céu Claro,Simples,Rotatória,Sim,3.0,0.0,0.0,2.0,1.0,0.0,2.0,2.0,-19.44596035,-40.09435048,SPRF-ES,DEL04-ES,UOP01-DEL04-ES,2025-01-18 11:00:00,2025.0,1.0,11.0,manha,False,1,grave,BR-101
655852.0,2025-01-18,sabado,15:40,ES,101.0,329.3,GUARAPARI,Condutor deixou de manter distância do veículo da frente,Colisão traseira,Com Vítimas Feridas,Pleno dia,Crescente,Céu Claro,Dupla,Reta,Não,6.0,0.0,0.0,1.0,5.0,0.0,1.0,2.0,-20.58543019,-40.49702183,SPRF-ES,DEL03-ES,UOP01-DEL03-ES,2025-01-18 15:40:00,2025.0,1.0,15.0,tarde,True,1,grave,BR-101
655903.0,2025-01-18,sabado,20:20,ES,101.0,144.7,LINHARES,Ausência de reação do condutor,Engavetamento,Com Vítimas Feridas,Plena Noite,Crescente,Céu Claro,Dupla,Reta,Sim,3.0,0.0,1.0,0.0,2.0,0.0,1.0,3.0,-19.35188295,-40.0636685,SPRF-ES,DEL04-ES,UOP01-DEL04-ES,2025-01-18 20:20:00,2025.0,1.0,20.0,noite,False,0,moderado,BR-101
655913.0,2025-01-18,sabado,21:15,ES,101.0,162.0,LINHARES,Conversão proibida,Colisão transversal,Com Vítimas Feridas,Plena Noite,Crescente,Céu Claro,Simples,Reta,Não,2.0,0.0,0.0,1.0,1.0,0.0,1.0,2.0,-19.49015283,-40.12624024,SPRF-ES,DEL04-ES,UOP01-DEL04-ES,2025-01-18 21:15:00,2025.0,1.0,21.0,noite,False,1,grave,BR-101
655977.0,2025-01-19,domingo,06:20,ES,101.0,202.0,JOAO NEIVA,Ultrapassagem Indevida,Colisão lateral mesmo sentido,Com Vítimas Feridas,Pleno dia,Decrescente,Céu Claro,Simples,Curva,Não,2.0,0.0,1.0,0.0,1.0,0.0,1.0,2.0,-19.74171801,-40.36521517,SPRF-ES,DEL04-ES,UOP01-DEL04-ES,2025-01-19 06:20:00,2025.0,1.0,6.0,manha,False,0,moderado,BR-101
656099.0,2025-01-19,domingo,18:00,ES,101.0,357.9,ANCHIETA,Reação tardia ou ineficiente do condutor,Colisão traseira,Com Vítimas Feridas,Anoitecer,Crescente,Céu Claro,Dupla,Reta;Aclive,Não,3.0,0.0,1.0,0.0,2.0,0.0,1.0,2.0,-20.691717,-40.704254,SPRF-ES,DEL03-ES,UOP01-DEL03-ES,2025-01-19 18:00:00,2025.0,1.0,18.0,noite,False,0,moderado,BR-101
656115.0,2025-01-19,domingo,18:54,ES,101.0,274.4,SERRA,Demais falhas mecânicas ou elétricas,Incêndio,Sem Vítimas,Plena Noite,Decrescente,Céu Claro,Simples,Reta,Não,1.0,0.0,0.0,0.0,1.0,0.0,0.0,1.0,-20.21288515,-40.29612219,SPRF-ES,DEL02-ES,UOP01-DEL02-ES,2025-01-19 18:54:00,2025.0,1.0,18.0,noite,True,0,baixo,BR-101
656148.0,2025-01-20,segunda,00:10,ES,101.0,356.7,ANCHIETA,Entrada inopinada do pedestre,Atropelamento de Pedestre,Com Vítimas Fatais,Plena Noite,Decrescente,Céu Claro,Dupla,Reta,Não,2.0,1.0,0.0,0.0,0.0,1.0,0.0,2.0,-20.69339794,-40.68748402,SPRF-ES,DEL03-ES,UOP01-DEL03-ES,2025-01-20 00:10:00,2025.0,1.0,0.0,madrugada,False,1,fatal,BR-101
656170.0,2025-01-20,segunda,05:51,ES,262.0,18.0,VIANA,Pedestre cruzava a pista fora da faixa,Atropelamento de Pedestre,Com Vítimas Feridas,Pleno dia,Decrescente,Sol,Simples,Reta,Sim,2.0,0.0,1.0,0.0,1.0,0.0,1.0,2.0,-20.39137228,-40.48080285,SPRF-ES,DEL01-ES,UOP01-DEL01-ES,2025-01-20 05:51:00,2025.0,1.0,5.0,madrugada,True,0,moderado,BR-262
656201.0,2025-01-20,segunda,09:00,ES,101.0,66.6,SAO MATEUS,Desrespeitar a preferência no cruzamento,Colisão transversal,Com Vítimas Feridas,Pleno dia,Decrescente,Céu Claro,Múltipla,Interseção de Vias;Reta,Sim,2.0,0.0,1.0,0.0,1.0,0.0,1.0,2.0,-18.7165195,-39.87436378,SPRF-ES,DEL04-ES,UOP02-DEL04-ES,2025-01-20 09:00:00,2025.0,1.0,9.0,manha,False,0,moderado,BR-101
656240.0,2025-01-20,segunda,11:45,ES,101.0,258.0,SERRA,Velocidade Incompatível,Colisão traseira,Com Vítimas Feridas,Pleno dia,Decrescente,Sol,Dupla,Reta;Aclive,Sim,2.0,0.0,1.0,0.0,1.0,0.0,1.0,2.0,-20.13059888,-40.2961019,SPRF-ES,DEL02-ES,UOP01-DEL02-ES,2025-01-20 11:45:00,2025.0,1.0,11.0,manha,True,0,moderado,BR-101
656340.0,2025-01-20,segunda,19:25,ES,101.0,145.0,LINHARES,Ausência de reação do condutor,Colisão lateral mesmo sentido,Com Vítimas Feridas,Plena Noite,Crescente,Céu Claro,Dupla,Reta,Não,2.0,0.0,1.0,0.0,1.0,0.0,1.0,2.0,-19.36089598,-40.06464018,SPRF-ES,DEL04-ES,UOP01-DEL04-ES,2025-01-20 19:25:00,2025.0,1.0,19.0,noite,False,0,moderado,BR-101
656342.0,2025-01-20,segunda,18:45,ES,262.0,38.0,DOMINGOS MARTINS,Conversão proibida,Colisão transversal,Com Vítimas Feridas,Plena Noite,Crescente,Céu Claro,Simples,Reta,Não,2.0,0.0,1.0,0.0,1.0,0.0,1.0,2.0,-20.38085315,-40.62068704,SPRF-ES,DEL01-ES,UOP01-DEL01-ES,2025-01-20 18:45:00,2025.0,1.0,18.0,noite,False,0,moderado,BR-262
656413.0,2025-01-21,terca,04:50,ES,101.0,81.5,DOMINGOS MARTINS,Velocidade Incompatível,Saída de leito carroçável,Com Vítimas Feridas,Amanhecer,Decrescente,Céu Claro,Simples,Curva;Declive,Não,1.0,0.0,1.0,0.0,0.0,0.0,1.0,1.0,-20.4077324,-40.9543294,SPRF-ES,DEL04-ES,UOP02-DEL04-ES,2025-01-21 04:50:00,2025.0,1.0,4.0,madrugada,False,0,moderado,BR-101
656435.0,2025-01-21,terca,06:30,ES,101.0,265.0,SERRA,Reação tardia ou ineficiente do condutor,Tombamento,Com Vítimas Feridas,Pleno dia,Crescente,Sol,Dupla,Reta,Sim,2.0,0.0,2.0,0.0,0.0,0.0,2.0,1.0,-20.1816849,-40.26536036,SPRF-ES,DEL02-ES,UOP01-DEL02-ES,2025-01-21 06:30:00,2025.0,1.0,6.0,manha,True,0,moderado,BR-101
656444.0,2025-01-21,terca,10:15,ES,101.0,288.0,CARIACICA,Ausência de reação do condutor,Colisão transversal,Com Vítimas Fatais,Pleno dia,Crescente,Céu Claro,Dupla,Reta;Retorno Regulamentado,Sim,3.0,1.0,0.0,0.0,2.0,0.0,0.0,3.0,-20.27160351,-40.39091743,SPRF-ES,DEL01-ES,UOP01-DEL01-ES,2025-01-21 10:15:00,2025.0,1.0,10.0,manha,True,1,fatal,BR-101
656575.0,2025-01-21,terca,23:30,ES,101.0,224.7,IBIRACU,Reação tardia ou ineficiente do condutor,Tombamento,Com Vítimas Feridas,Plena Noite,Decrescente,Céu Claro,Simples,Reta,Não,1.0,0.0,1.0,0.0,0.0,0.0,1.0,1.0,-19.89290688,-40.41230369,SPRF-ES,DEL02-ES,UOP01-DEL02-ES,2025-01-21 23:30:00,2025.0,1.0,23.0,noite,False,0,moderado,BR-101
656659.0,2025-01-22,quarta,14:15,ES,101.0,280.9,SERRA,Pista esburacada,Tombamento,Com Vítimas Feridas,Pleno dia,Crescente,Céu Claro,Simples,Reta,Não,1.0,0.0,1.0,0.0,0.0,0.0,1.0,1.0,-20.21828666,-40.34895595,SPRF-ES,DEL02-ES,UOP01-DEL02-ES,2025-01-22 14:15:00,2025.0,1.0,14.0,tarde,True,0,moderado,BR-101
656745.0,2025-01-22,quarta,21:20,ES,101.0,147.3,LINHARES,Acessar a via sem observar a presença dos outros veículos,Colisão transversal,Com Vítimas Feridas,Plena Noite,Crescente,Céu Claro,Simples,Interseção de Vias;Rotatória,Sim,2.0,0.0,1.0,0.0,1.0,0.0,1.0,2.0,-19.37887202,-40.06657892,SPRF-ES,DEL04-ES,UOP01-DEL04-ES,2025-01-22 21:20:00,2025.0,1.0,21.0,noite,False,0,moderado,BR-101
656810.0,2025-01-19,domingo,21:20,ES,101.0,93.5,JAGUARE,Ausência de reação do condutor,Tombamento,Com Vítimas Feridas,Plena Noite,Crescente,Céu Claro,Simples,Reta,Não,1.0,0.0,1.0,0.0,0.0,0.0,1.0,1.0,-18.92266916,-39.96785068,SPRF-ES,DEL04-ES,UOP02-DEL04-ES,2025-01-19 21:20:00,2025.0,1.0,21.0,noite,False,0,moderado,BR-101
656874.0,2025-01-23,quinta,16:10,ES,101.0,301.9,VIANA,Demais falhas mecânicas ou elétricas,Tombamento,Com Vítimas Feridas,Pleno dia,Crescente,Céu Claro,Dupla,Curva,Sim,2.0,0.0,2.0,0.0,0.0,0.0,2.0,1.0,-20.36278187,-40.4401343,SPRF-ES,DEL01-ES,UOP01-DEL01-ES,2025-01-23 16:10:00,2025.0,1.0,16.0,tarde,True,0,moderado,BR-101
656934.0,2025-01-23,quinta,22:00,ES,101.0,266.3,SERRA,Acessar a via sem observar a presença dos outros veículos,Colisão transversal,Com Vítimas Feridas,Plena Noite,Crescente,Garoa/Chuvisco,Dupla,Reta,Sim,2.0,0.0,1.0,0.0,1.0,0.0,1.0,2.0,-20.190199,-40.26828891,SPRF-ES,DEL02-ES,UOP01-DEL02-ES,2025-01-23 22:00:00,2025.0,1.0,22.0,noite,True,0,moderado,BR-101
656945.0,2025-01-23,quinta,23:30,ES,101.0,289.4,CARIACICA,Reação tardia ou ineficiente do condutor,Colisão traseira,Com Vítimas Feridas,Plena Noite,Crescente,Céu Claro,Dupla,Aclive,Sim,3.0,0.0,1.0,0.0,0.0,2.0,1.0,2.0,-20.28029304,-40.39302931,SPRF-ES,DEL01-ES,UOP01-DEL01-ES,2025-01-23 23:30:00,2025.0,1.0,23.0,noite,True,0,moderado,BR-101
657049.0,2025-01-24,sexta,17:08,ES,101.0,242.0,SERRA,Ausência de reação do condutor,Tombamento,Com Vítimas Feridas,Pleno dia,Crescente,Céu Claro,Múltipla,Curva,Não,1.0,0.0,1.0,0.0,0.0,0.0,1.0,1.0,-20.0321348,-40.39675773,SPRF-ES,DEL02-ES,UOP01-DEL02-ES,2025-01-24 17:08:00,2025.0,1.0,17.0,tarde,True,0,moderado,BR-101
657052.0,2025-01-24,sexta,17:00,ES,101.0,6.9,SERRA,Ingestão de álcool pelo condutor,Colisão traseira,Sem Vítimas,Pleno dia,Decrescente,Céu Claro,Simples,Reta,Não,5.0,0.0,0.0,0.0,5.0,0.0,0.0,2.0,-20.129093,-40.308125,SPRF-ES,DEL02-ES,UOP01-DEL02-ES,2025-01-24 17:00:00,2025.0,1.0,17.0,tarde,True,0,baixo,BR-101
657086.0,2025-01-24,sexta,17:00,ES,262.0,121.0,CONCEICAO DO CASTELO,Demais falhas mecânicas ou elétricas,Incêndio,Sem Vítimas,Pleno dia,Crescente,Nublado,Simples,Curva,Não,1.0,0.0,0.0,0.0,0.0,1.0,0.0,1.0,-20.29365543,-41.23018943,SPRF-ES,DEL01-ES,UOP02-DEL01-ES,2025-01-24 17:00:00,2025.0,1.0,17.0,tarde,False,0,baixo,BR-262
657091.0,2025-01-24,sexta,20:00,ES,101.0,52.2,SAO MATEUS,Avarias e/ou desgaste excessivo no pneu,Tombamento,Com Vítimas Feridas,Plena Noite,Crescente,Céu Claro,Simples,Reta,Não,2.0,0.0,2.0,0.0,0.0,0.0,2.0,1.0,-18.60327989,-39.88710063,SPRF-ES,DEL04-ES,UOP02-DEL04-ES,2025-01-24 20:00:00,2025.0,1.0,20.0,noite,False,0,moderado,BR-101
657097.0,2025-01-24,sexta,21:00,ES,101.0,266.3,SERRA,Frear bruscamente,Colisão traseira,Com Vítimas Feridas,Plena Noite,Decrescente,Céu Claro,Dupla,Reta,Não,2.0,0.0,1.0,0.0,0.0,1.0,1.0,2.0,-20.190199,-40.26828891,SPRF-ES,DEL02-ES,UOP01-DEL02-ES,2025-01-24 21:00:00,2025.0,1.0,21.0,noite,True,0,moderado,BR-101
657136.0,2025-01-25,sabado,01:00,ES,101.0,29.0,CONCEICAO DA BARRA,Transitar no Acostamento,Queda de ocupante de veículo,Com Vítimas Feridas,Plena Noite,Decrescente,Nublado,Simples,Declive,Não,2.0,0.0,2.0,0.0,0.0,0.0,2.0,1.0,-18.39992188,-39.93877968,SPRF-ES,DEL04-ES,UOP02-DEL04-ES,2025-01-25 01:00:00,2025.0,1.0,1.0,madrugada,False,0,moderado,BR-101
657137.0,2025-01-25,sabado,01:05,ES,101.0,282.5,CARIACICA,Avarias e/ou desgaste excessivo no pneu,Queda de ocupante de veículo,Com Vítimas Feridas,Plena Noite,Crescente,Céu Claro,Dupla,Ponte;Reta,Não,2.0,0.0,1.0,0.0,1.0,0.0,1.0,1.0,-20.22694,-40.36458,SPRF-ES,DEL01-ES,UOP01-DEL01-ES,2025-01-25 01:05:00,2025.0,1.0,1.0,madrugada,True,0,moderado,BR-101
657214.0,2025-01-25,sabado,10:52,ES,101.0,321.0,GUARAPARI,Avarias e/ou desgaste excessivo no pneu,Tombamento,Com Vítimas Feridas,Pleno dia,Decrescente,Céu Claro,Dupla,Reta,Sim,2.0,0.0,2.0,0.0,0.0,0.0,2.0,1.0,-20.520908,-40.478306,SPRF-ES,DEL03-ES,UOP01-DEL03-ES,2025-01-25 10:52:00,2025.0,1.0,10.0,manha,True,0,moderado,BR-101
657229.0,2025-01-25,sabado,12:10,ES,262.0,113.0,VENDA NOVA DO IMIGRANTE,Ingestão de álcool pelo condutor,Colisão transversal,Com Vítimas Feridas,Pleno dia,Decrescente,Céu Claro,Simples,Reta,Não,5.0,0.0,1.0,0.0,4.0,0.0,1.0,2.0,-20.32987893,-41.20496392,SPRF-ES,DEL01-ES,UOP02-DEL01-ES,2025-01-25 12:10:00,2025.0,1.0,12.0,tarde,False,0,moderado,BR-262
657317.0,2025-01-25,sabado,20:00,ES,101.0,258.0,SERRA,Manobra de mudança de faixa,Colisão lateral mesmo sentido,Com Vítimas Feridas,Plena Noite,Decrescente,Céu Claro,Dupla,Reta;Declive,Sim,2.0,0.0,1.0,0.0,1.0,0.0,1.0,2.0,-20.13059888,-40.2961019,SPRF-ES,DEL02-ES,UOP01-DEL02-ES,2025-01-25 20:00:00,2025.0,1.0,20.0,noite,True,0,moderado,BR-101
657321.0,2025-01-25,sabado,18:40,ES,259.0,62.9,COLATINA,Entrada inopinada do pedestre,Atropelamento de Pedestre,Com Vítimas Feridas,Plena Noite,Crescente,Céu Claro,Simples,Reta,Sim,2.0,0.0,1.0,0.0,1.0,0.0,1.0,2.0,-19.53124185,-40.68990791,SPRF-ES,DEL02-ES,UOP01-DEL02-ES,2025-01-25 18:40:00,2025.0,1.0,18.0,noite,False,0,moderado,BR-259
657354.0,2025-01-25,sabado,22:50,ES,101.0,64.3,SAO MATEUS,Animais na Pista,Atropelamento de Animal,Com Vítimas Feridas,Plena Noite,Decrescente,Céu Claro,Simples,Curva,Não,2.0,0.0,2.0,0.0,0.0,0.0,2.0,1.0,-18.70428583,-39.87065983,SPRF-ES,DEL04-ES,UOP02-DEL04-ES,2025-01-25 22:50:00,2025.0,1.0,22.0,noite,False,0,moderado,BR-101
657355.0,2025-01-25,sabado,22:40,ES,262.0,58.8,MARECHAL FLORIANO,Conversão proibida,Eventos atípicos,Com Vítimas Feridas,Plena Noite,Decrescente,Nublado,Simples,Reta,Não,2.0,0.0,2.0,0.0,0.0,0.0,2.0,2.0,-20.42076276,-40.76927908,SPRF-ES,DEL01-ES,UOP01-DEL01-ES,2025-01-25 22:40:00,2025.0,1.0,22.0,noite,False,0,moderado,BR-262
657440.0,2025-01-26,domingo,10:30,ES,101.0,174.7,ARACRUZ,Acessar a via sem observar a presença dos outros veículos,Colisão transversal,Com Vítimas Feridas,Pleno dia,Crescente,Céu Claro,Simples,Reta;Interseção de Vias,Não,3.0,0.0,1.0,1.0,0.0,1.0,2.0,2.0,-19.58047007,-40.18782185,SPRF-ES,DEL04-ES,UOP01-DEL04-ES,2025-01-26 10:30:00,2025.0,1.0,10.0,manha,False,1,grave,BR-101
657446.0,2025-01-26,domingo,10:30,ES,262.0,58.1,MARECHAL FLORIANO,Conversão proibida,Colisão traseira,Com Vítimas Feridas,Pleno dia,Decrescente,Sol,Simples,Reta,Não,3.0,0.0,1.0,0.0,2.0,0.0,1.0,2.0,-20.42076276,-40.76927908,SPRF-ES,DEL01-ES,UOP01-DEL01-ES,2025-01-26 10:30:00,2025.0,1.0,10.0,manha,False,0,moderado,BR-262
657452.0,2025-01-26,domingo,11:30,ES,262.0,39.5,DOMINGOS MARTINS,Transitar na contramão,Colisão frontal,Com Vítimas Feridas,Pleno dia,Crescente,Céu Claro,Simples,Curva,Não,8.0,0.0,1.0,0.0,7.0,0.0,1.0,2.0,-20.38402519,-40.63602448,SPRF-ES,DEL01-ES,UOP01-DEL01-ES,2025-01-26 11:30:00,2025.0,1.0,11.0,manha,False,0,moderado,BR-262
657453.0,2025-01-26,domingo,11:50,ES,101.0,365.3,ANCHIETA,Velocidade Incompatível,Colisão com objeto,Com Vítimas Feridas,Pleno dia,Crescente,Céu Claro,Simples,Aclive;Reta,Não,2.0,0.0,0.0,2.0,0.0,0.0,2.0,1.0,-20.73397538,-40.7507118,SPRF-ES,DEL03-ES,UOP01-DEL03-ES,2025-01-26 11:50:00,2025.0,1.0,11.0,manha,False,1,grave,BR-101
657561.0,2025-01-26,domingo,21:15,ES,101.0,331.9,GUARAPARI,Transitar no Acostamento,Atropelamento de Pedestre,Com Vítimas Fatais,Plena Noite,Crescente,Nublado,Dupla,Reta,Não,2.0,1.0,0.0,0.0,0.0,1.0,0.0,2.0,-20.60149301,-40.50248706,SPRF-ES,DEL03-ES,UOP01-DEL03-ES,2025-01-26 21:15:00,2025.0,1.0,21.0,noite,True,1,fatal,BR-101
657565.0,2025-01-26,domingo,21:30,ES,101.0,32.0,CONCEICAO DA BARRA,Acessar a via sem observar a presença dos outros veículos,Colisão transversal,Com Vítimas Feridas,Plena Noite,Crescente,Céu Claro,Simples,Reta,Sim,3.0,0.0,0.0,2.0,0.0,1.0,2.0,2.0,-18.42549901,-39.93487006,SPRF-ES,DEL04-ES,UOP02-DEL04-ES,2025-01-26 21:30:00,2025.0,1.0,21.0,noite,False,1,grave,BR-101
657568.0,2025-01-26,domingo,21:20,ES,101.0,392.3,RIO NOVO DO SUL,Iluminação deficiente,Colisão transversal,Com Vítimas Feridas,Plena Noite,Crescente,Céu Claro,Simples,Interseção de Vias,Não,2.0,0.0,1.0,0.0,1.0,0.0,1.0,2.0,-20.86651733,-40.90775156,SPRF-ES,DEL03-ES,UOP02-DEL03-ES,2025-01-26 21:20:00,2025.0,1.0,21.0,noite,False,0,moderado,BR-101
657603.0,2025-01-27,segunda,00:30,ES,101.0,359.1,ANCHIETA,Condutor Dormindo,Colisão lateral sentido oposto,Com Vítimas Feridas,Plena Noite,Crescente,Céu Claro,Dupla,Reta;Declive,Não,10.0,0.0,0.0,2.0,8.0,0.0,2.0,2.0,-20.69768274,-40.71161014,SPRF-ES,DEL03-ES,UOP01-DEL03-ES,2025-01-27 00:30:00,2025.0,1.0,0.0,madrugada,False,1,grave,BR-101
657617.0,2025-01-27,segunda,05:40,ES,101.0,267.9,SERRA,Condutor deixou de manter distância do veículo da frente,Colisão traseira,Com Vítimas Feridas,Amanhecer,Crescente,Céu Claro,Dupla,Reta,Sim,2.0,0.0,1.0,0.0,0.0,1.0,1.0,2.0,-20.19930999,-40.26884609,SPRF-ES,DEL02-ES,UOP01-DEL02-ES,2025-01-27 05:40:00,2025.0,1.0,5.0,madrugada,True,0,moderado,BR-101
657635.0,2025-01-27,segunda,06:50,ES,101.0,268.0,SERRA,Condutor deixou de manter distância do veículo da frente,Colisão traseira,Com Vítimas Feridas,Pleno dia,Decrescente,Céu Claro,Dupla,Reta,Sim,2.0,0.0,1.0,0.0,1.0,0.0,1.0,2.0,-20.20842,-40.269405,SPRF-ES,DEL02-ES,UOP01-DEL02-ES,2025-01-27 06:50:00,2025.0,1.0,6.0,manha,True,0,moderado,BR-101
657672.0,2025-01-27,segunda,12:30,ES,101.0,270.3,SERRA,Ausência de reação do condutor,Colisão traseira,Com Vítimas Feridas,Pleno dia,Decrescente,Sol,Dupla,Reta,Sim,2.0,0.0,1.0,0.0,1.0,0.0,1.0,2.0,-20.22662056,-40.27075088,SPRF-ES,DEL02-ES,UOP01-DEL02-ES,2025-01-27 12:30:00,2025.0,1.0,12.0,tarde,True,0,moderado,BR-101
657762.0,2025-01-27,segunda,19:00,ES,101.0,141.2,LINHARES,Pedestre andava na pista,Atropelamento de Pedestre,Com Vítimas Feridas,Plena Noite,Decrescente,Céu Claro,Dupla,Reta,Sim,2.0,0.0,1.0,0.0,0.0,1.0,1.0,2.0,-19.32655693,-40.07192387,SPRF-ES,DEL04-ES,UOP01-DEL04-ES,2025-01-27 19:00:00,2025.0,1.0,19.0,noite,False,0,moderado,BR-101
657823.0,2025-01-28,terca,07:22,ES,101.0,204.0,JOAO NEIVA,Acessar a via sem observar a presença dos outros veículos,Colisão transversal,Com Vítimas Feridas,Pleno dia,Crescente,Céu Claro,Simples,Reta,Sim,2.0,0.0,1.0,0.0,1.0,0.0,1.0,2.0,-19.74948916,-40.37922678,SPRF-ES,DEL02-ES,UOP01-DEL02-ES,2025-01-28 07:22:00,2025.0,1.0,7.0,manha,False,0,moderado,BR-101
657824.0,2025-01-28,terca,07:37,ES,101.0,267.0,SERRA,Demais falhas mecânicas ou elétricas,Queda de ocupante de veículo,Com Vítimas Feridas,Pleno dia,Crescente,Céu Claro,Dupla,Reta,Sim,2.0,0.0,1.0,0.0,0.0,1.0,1.0,2.0,-20.19930999,-40.26884609,SPRF-ES,DEL02-ES,UOP01-DEL02-ES,2025-01-28 07:37:00,2025.0,1.0,7.0,manha,True,0,moderado,BR-101
657863.0,2025-01-28,terca,07:55,ES,262.0,134.0,BREJETUBA,Transitar na contramão,Colisão frontal,Com Vítimas Feridas,Pleno dia,Crescente,Nevoeiro/Neblina,Simples,Curva,Não,7.0,0.0,5.0,0.0,2.0,0.0,5.0,2.0,-20.24029105,-41.32539293,SPRF-ES,DEL01-ES,UOP02-DEL01-ES,2025-01-28 07:55:00,2025.0,1.0,7.0,manha,False,0,moderado,BR-262
657878.0,2025-01-28,terca,12:55,ES,101.0,304.0,VIANA,Ausência de reação do condutor,Colisão traseira,Com Vítimas Feridas,Pleno dia,Crescente,Sol,Dupla,Reta,Não,2.0,0.0,1.0,0.0,1.0,0.0,1.0,2.0,-20.3800645,-40.45431391,SPRF-ES,DEL01-ES,UOP01-DEL01-ES,2025-01-28 12:55:00,2025.0,1.0,12.0,tarde,True,0,moderado,BR-101
657904.0,2025-01-28,terca,15:00,ES,101.0,392.0,RIO NOVO DO SUL,Acessar a via sem observar a presença dos outros veículos,Colisão transversal,Com Vítimas Feridas,Pleno dia,Crescente,Céu Claro,Simples,Interseção de Vias,Não,6.0,0.0,0.0,1.0,5.0,0.0,1.0,2.0,-20.86675192,-40.90785027,SPRF-ES,DEL03-ES,UOP02-DEL03-ES,2025-01-28 15:00:00,2025.0,1.0,15.0,tarde,False,1,grave,BR-101
657907.0,2025-01-28,terca,15:10,ES,101.0,283.0,CARIACICA,Transitar na contramão,Colisão frontal,Com Vítimas Feridas,Pleno dia,Decrescente,Céu Claro,Simples,Curva;Retorno Regulamentado,Sim,3.0,0.0,0.0,1.0,2.0,0.0,1.0,2.0,-20.23074547,-40.3673047,SPRF-ES,DEL01-ES,UOP01-DEL01-ES,2025-01-28 15:10:00,2025.0,1.0,15.0,tarde,True,1,grave,BR-101
657928.0,2025-01-28,terca,17:20,ES,259.0,53.0,COLATINA,Retorno proibido,Colisão transversal,Com Vítimas Feridas,Pleno dia,Crescente,Céu Claro,Simples,Reta,Não,2.0,0.0,1.0,0.0,0.0,1.0,1.0,2.0,-19.49989886,-40.62939795,SPRF-ES,DEL02-ES,UOP01-DEL02-ES,2025-01-28 17:20:00,2025.0,1.0,17.0,tarde,False,0,moderado,BR-259
657992.0,2025-01-29,quarta,06:40,ES,101.0,67.0,SAO MATEUS,Condutor deixou de manter distância do veículo da frente,Colisão traseira,Com Vítimas Feridas,Pleno dia,Crescente,Céu Claro,Múltipla,Interseção de Vias,Sim,2.0,0.0,1.0,0.0,1.0,0.0,1.0,2.0,-18.72054021,-39.8658931,SPRF-ES,DEL04-ES,UOP02-DEL04-ES,2025-01-29 06:40:00,2025.0,1.0,6.0,manha,False,0,moderado,BR-101
658018.0,2025-01-29,quarta,06:25,ES,262.0,107.1,VENDA NOVA DO IMIGRANTE,Condutor deixou de manter distância do veículo da frente,Colisão traseira,Com Vítimas Feridas,Pleno dia,Crescente,Céu Claro,Simples,Reta,Não,2.0,0.0,0.0,1.0,0.0,1.0,1.0,2.0,-20.32991844,-41.15343646,SPRF-ES,DEL01-ES,UOP02-DEL01-ES,2025-01-29 06:25:00,2025.0,1.0,6.0,manha,False,1,grave,BR-262
658053.0,2025-01-29,quarta,13:20,ES,101.0,382.2,RIO NOVO DO SUL,Ultrapassagem Indevida,Colisão frontal,Com Vítimas Feridas,Pleno dia,Crescente,Céu Claro,Simples,Curva,Não,3.0,0.0,2.0,1.0,0.0,0.0,3.0,2.0,-20.82072713,-40.84702482,SPRF-ES,DEL03-ES,UOP01-DEL03-ES,2025-01-29 13:20:00,2025.0,1.0,13.0,tarde,False,1,grave,BR-101
658083.0,2025-01-29,quarta,17:20,ES,101.0,70.0,SAO MATEUS,Acesso irregular,Colisão transversal,Com Vítimas Feridas,Anoitecer,Crescente,Céu Claro,Simples,Reta,Não,5.0,0.0,2.0,0.0,2.0,1.0,2.0,3.0,-18.74453703,-39.86164665,SPRF-ES,DEL04-ES,UOP02-DEL04-ES,2025-01-29 17:20:00,2025.0,1.0,17.0,tarde,False,0,moderado,BR-101
658149.0,2025-01-30,quinta,05:50,ES,101.0,292.0,CARIACICA,Desrespeitar a preferência no cruzamento,Colisão transversal,Com Vítimas Feridas,Pleno dia,Decrescente,Céu Claro,Simples,Reta,Sim,3.0,0.0,0.0,2.0,1.0,0.0,2.0,2.0,-20.30650512,-40.39488717,SPRF-ES,DEL01-ES,UOP01-DEL01-ES,2025-01-30 05:50:00,2025.0,1.0,5.0,madrugada,True,1,grave,BR-101
658172.0,2025-01-30,quinta,07:35,ES,101.0,287.9,CARIACICA,Transitar no Acostamento,Colisão transversal,Com Vítimas Feridas,Pleno dia,Decrescente,Sol,Dupla,Reta,Sim,2.0,0.0,1.0,0.0,1.0,0.0,1.0,2.0,-20.26493528,-40.38471702,SPRF-ES,DEL01-ES,UOP01-DEL01-ES,2025-01-30 07:35:00,2025.0,1.0,7.0,manha,True,0,moderado,BR-101
658173.0,2025-01-30,quinta,08:20,ES,101.0,279.5,SERRA,Condutor deixou de manter distância do veículo da frente,Colisão traseira,Com Vítimas Feridas,Pleno dia,Decrescente,Céu Claro,Dupla,Reta,Sim,2.0,0.0,0.0,1.0,0.0,1.0,1.0,2.0,-20.2184297,-40.3447046,SPRF-ES,DEL02-ES,UOP01-DEL02-ES,2025-01-30 08:20:00,2025.0,1.0,8.0,manha,True,1,grave,BR-101
658196.0,2025-01-30,quinta,11:05,ES,101.0,295.0,CARIACICA,Ausência de reação do condutor,Colisão traseira,Sem Vítimas,Pleno dia,Crescente,Céu Claro,Simples,Reta,Sim,2.0,0.0,0.0,0.0,2.0,0.0,0.0,2.0,-20.33223667,-40.40004683,SPRF-ES,DEL01-ES,UOP01-DEL01-ES,2025-01-30 11:05:00,2025.0,1.0,11.0,manha,True,0,baixo,BR-101
658231.0,2025-01-30,quinta,13:30,ES,101.0,270.8,SERRA,Demais falhas mecânicas ou elétricas,Tombamento,Com Vítimas Feridas,Pleno dia,Crescente,Sol,Múltipla,Reta,Sim,2.0,0.0,2.0,0.0,0.0,0.0,2.0,1.0,-20.23173793,-40.27412653,SPRF-ES,DEL02-ES,UOP01-DEL02-ES,2025-01-30 13:30:00,2025.0,1.0,13.0,tarde,True,0,moderado,BR-101
658247.0,2025-01-30,quinta,15:10,ES,0.0,0.0,VILA VELHA,Curva acentuada,Colisão com objeto,Sem Vítimas,Pleno dia,Não Informado,Céu Claro,Simples,Curva,Sim,6.0,0.0,0.0,0.0,6.0,0.0,0.0,2.0,-20.48693316,-40.35321604,SPRF-ES,DEL01-ES,UOP01-DEL01-ES,2025-01-30 15:10:00,2025.0,1.0,15.0,tarde,True,0,baixo,BR-0
658327.0,2025-01-31,sexta,04:50,ES,101.0,151.0,LINHARES,Condutor deixou de manter distância do veículo da frente,Colisão traseira,Com Vítimas Feridas,Pleno dia,Crescente,Céu Claro,Simples,Reta,Não,3.0,0.0,2.0,0.0,1.0,0.0,2.0,2.0,-19.41156656,-40.06592463,SPRF-ES,DEL04-ES,UOP01-DEL04-ES,2025-01-31 04:50:00,2025.0,1.0,4.0,madrugada,False,0,moderado,BR-101
658446.0,2025-01-31,sexta,16:00,ES,101.0,267.1,SERRA,Velocidade Incompatível,Colisão traseira,Com Vítimas Feridas,Pleno dia,Decrescente,Sol,Múltipla,Reta,Sim,2.0,0.0,1.0,0.0,1.0,0.0,1.0,2.0,-20.19930999,-40.26884609,SPRF-ES,DEL02-ES,UOP01-DEL02-ES,2025-01-31 16:00:00,2025.0,1.0,16.0,tarde,True,0,moderado,BR-101
658466.0,2025-01-31,sexta,18:20,ES,262.0,43.5,DOMINGOS MARTINS,Desrespeitar a preferência no cruzamento,Colisão lateral mesmo sentido,Com Vítimas Feridas,Anoitecer,Decrescente,Céu Claro,Simples,Reta,Não,2.0,0.0,1.0,0.0,1.0,0.0,1.0,2.0,-20.38785088,-40.66825021,SPRF-ES,DEL01-ES,UOP01-DEL01-ES,2025-01-31 18:20:00,2025.0,1.0,18.0,noite,False,0,moderado,BR-262
658469.0,2025-01-31,sexta,18:20,ES,101.0,266.9,SERRA,Ausência de reação do condutor,Colisão lateral mesmo sentido,Com Vítimas Feridas,Anoitecer,Decrescente,Céu Claro,Dupla,Reta,Sim,2.0,0.0,1.0,0.0,1.0,0.0,1.0,2.0,-20.190199,-40.26828891,SPRF-ES,DEL02-ES,UOP01-DEL02-ES,2025-01-31 18:20:00,2025.0,1.0,18.0,noite,True,0,moderado,BR-101
658484.0,2025-01-31,sexta,19:57,ES,101.0,268.0,SERRA,Ausência de reação do condutor,Saída de leito carroçável,Com Vítimas Feridas,Plena Noite,Crescente,Céu Claro,Dupla,Reta,Sim,1.0,0.0,1.0,0.0,0.0,0.0,1.0,1.0,-20.20842,-40.269405,SPRF-ES,DEL02-ES,UOP01-DEL02-ES,2025-01-31 19:57:00,2025.0,1.0,19.0,noite,True,0,moderado,BR-101
658522.0,2025-02-01,sabado,00:10,ES,101.0,66.5,SAO MATEUS,Reação tardia ou ineficiente do condutor,Colisão lateral mesmo sentido,Com Vítimas Feridas,Plena Noite,Decrescente,Céu Claro,Múltipla,Reta,Sim,2.0,0.0,1.0,0.0,1.0,0.0,1.0,2.0,-18.7165195,-39.87436378,SPRF-ES,DEL04-ES,UOP02-DEL04-ES,2025-02-01 00:10:00,2025.0,2.0,0.0,madrugada,False,0,moderado,BR-101
658590.0,2025-02-01,sabado,09:40,ES,101.0,57.6,SAO MATEUS,Acessar a via sem observar a presença dos outros veículos,Colisão lateral mesmo sentido,Com Vítimas Feridas,Pleno dia,Decrescente,Céu Claro,Simples,Reta,Não,3.0,0.0,2.0,0.0,1.0,0.0,2.0,2.0,-18.64677697,-39.87407788,SPRF-ES,DEL04-ES,UOP02-DEL04-ES,2025-02-01 09:40:00,2025.0,2.0,9.0,manha,False,0,moderado,BR-101
658608.0,2025-02-01,sabado,11:05,ES,262.0,60.4,MARECHAL FLORIANO,Avarias e/ou desgaste excessivo no pneu,Queda de ocupante de veículo,Com Vítimas Feridas,Pleno dia,Crescente,Céu Claro,Simples,Curva;Aclive,Não,2.0,0.0,2.0,0.0,0.0,0.0,2.0,1.0,-20.42208895,-40.78646507,SPRF-ES,DEL01-ES,UOP02-DEL01-ES,2025-02-01 11:05:00,2025.0,2.0,11.0,manha,False,0,moderado,BR-262
658697.0,2025-02-01,sabado,20:20,ES,101.0,144.1,LINHARES,Manobra de mudança de faixa,Colisão lateral mesmo sentido,Com Vítimas Feridas,Plena Noite,Crescente,Nublado,Múltipla,Reta,Sim,4.0,0.0,1.0,0.0,3.0,0.0,1.0,2.0,-19.35188295,-40.0636685,SPRF-ES,DEL04-ES,UOP01-DEL04-ES,2025-02-01 20:20:00,2025.0,2.0,20.0,noite,False,0,moderado,BR-101
658719.0,2025-02-01,sabado,23:56,ES,101.0,397.0,RIO NOVO DO SUL,Transitar na contramão,Colisão frontal,Com Vítimas Fatais,Plena Noite,Crescente,Céu Claro,Simples,Reta,Sim,3.0,2.0,0.0,0.0,0.0,1.0,0.0,2.0,-20.87297988,-40.94948206,SPRF-ES,DEL03-ES,UOP02-DEL03-ES,2025-02-01 23:56:00,2025.0,2.0,23.0,noite,False,1,fatal,BR-101
658747.0,2025-02-02,domingo,05:00,ES,101.0,262.4,SERRA,Ausência de reação do condutor,Colisão com objeto,Com Vítimas Feridas,Amanhecer,Crescente,Sol,Dupla,Reta,Sim,2.0,0.0,1.0,0.0,1.0,0.0,1.0,1.0,-20.1572331,-40.27678329,SPRF-ES,DEL02-ES,UOP01-DEL02-ES,2025-02-02 05:00:00,2025.0,2.0,5.0,madrugada,True,0,moderado,BR-101
658789.0,2025-02-02,domingo,09:20,ES,262.0,69.0,DOMINGOS MARTINS,Ultrapassagem Indevida,Colisão frontal,Com Vítimas Fatais,Pleno dia,Decrescente,Céu Claro,Simples,Reta;Aclive,Não,2.0,1.0,0.0,0.0,1.0,0.0,0.0,2.0,-20.41226608,-40.85971695,SPRF-ES,DEL01-ES,UOP02-DEL01-ES,2025-02-02 09:20:00,2025.0,2.0,9.0,manha,False,1,fatal,BR-262
658814.0,2025-02-02,domingo,11:30,ES,101.0,396.5,RIO NOVO DO SUL,Manobra de mudança de faixa,Colisão com objeto,Com Vítimas Feridas,Pleno dia,Crescente,Céu Claro,Simples,Declive;Curva,Não,2.0,0.0,1.0,0.0,1.0,0.0,1.0,1.0,-20.868874,-40.94103,SPRF-ES,DEL03-ES,UOP02-DEL03-ES,2025-02-02 11:30:00,2025.0,2.0,11.0,manha,False,0,moderado,BR-101
658935.0,2025-02-02,domingo,22:30,ES,262.0,172.0,IBATIBA,Ingestão de álcool pelo condutor,Colisão frontal,Com Vítimas Feridas,Plena Noite,Decrescente,Céu Claro,Simples,Reta,Não,3.0,0.0,2.0,0.0,1.0,0.0,2.0,2.0,-20.26658734,-41.60261276,SPRF-ES,DEL01-ES,UOP02-DEL01-ES,2025-02-02 22:30:00,2025.0,2.0,22.0,noite,False,0,moderado,BR-262
659007.0,2025-02-03,segunda,09:00,ES,262.0,18.9,VIANA,Acessar a via sem observar a presença dos outros veículos,Colisão transversal,Com Vítimas Feridas,Pleno dia,Crescente,Sol,Simples,Reta,Sim,2.0,0.0,1.0,0.0,1.0,0.0,1.0,2.0,-20.39137228,-40.48080285,SPRF-ES,DEL01-ES,UOP01-DEL01-ES,2025-02-03 09:00:00,2025.0,2.0,9.0,manha,True,0,moderado,BR-262
659017.0,2025-02-03,segunda,10:10,ES,101.0,180.0,ARACRUZ,Acessar a via sem observar a presença dos outros veículos,Colisão transversal,Com Vítimas Feridas,Pleno dia,Crescente,Céu Claro,Simples,Reta,Não,4.0,0.0,3.0,0.0,1.0,0.0,3.0,2.0,-19.62382591,-40.22074012,SPRF-ES,DEL04-ES,UOP01-DEL04-ES,2025-02-03 10:10:00,2025.0,2.0,10.0,manha,False,0,moderado,BR-101
659022.0,2025-02-03,segunda,10:25,ES,101.0,284.0,CARIACICA,Ausência de reação do condutor,Saída de leito carroçável,Com Vítimas Feridas,Pleno dia,Decrescente,Sol,Dupla,Curva,Sim,2.0,0.0,1.0,0.0,1.0,0.0,1.0,1.0,-20.24334991,-40.3696926,SPRF-ES,DEL01-ES,UOP01-DEL01-ES,2025-02-03 10:25:00,2025.0,2.0,10.0,manha,True,0,moderado,BR-101
659097.0,2025-02-03,segunda,17:34,ES,101.0,63.0,SAO MATEUS,Condutor deixou de manter distância do veículo da frente,Engavetamento,Com Vítimas Feridas,Pleno dia,Crescente,Céu Claro,Simples,Curva,Não,5.0,0.0,1.0,0.0,3.0,1.0,1.0,3.0,-18.69830807,-39.86481056,SPRF-ES,DEL04-ES,UOP02-DEL04-ES,2025-02-03 17:34:00,2025.0,2.0,17.0,tarde,False,0,moderado,BR-101
659120.0,2025-02-03,segunda,19:45,ES,101.0,260.8,SERRA,Transitar na contramão,Colisão frontal,Com Vítimas Feridas,Plena Noite,Crescente,Céu Claro,Simples,Curva;Declive,Sim,3.0,0.0,3.0,0.0,0.0,0.0,3.0,2.0,-20.14616415,-40.28836206,SPRF-ES,DEL02-ES,UOP01-DEL02-ES,2025-02-03 19:45:00,2025.0,2.0,19.0,noite,True,0,moderado,BR-101
659186.0,2025-02-04,terca,08:30,ES,101.0,267.9,SERRA,Manobra de mudança de faixa,Colisão lateral mesmo sentido,Com Vítimas Feridas,Pleno dia,Crescente,Sol,Múltipla,Interseção de Vias,Sim,2.0,0.0,1.0,0.0,0.0,1.0,1.0,2.0,-20.19930999,-40.26884609,SPRF-ES,DEL02-ES,UOP01-DEL02-ES,2025-02-04 08:30:00,2025.0,2.0,8.0,manha,True,0,moderado,BR-101
659206.0,2025-02-04,terca,10:50,ES,101.0,270.7,SERRA,Ultrapassagem Indevida,Colisão lateral mesmo sentido,Com Vítimas Feridas,Pleno dia,Decrescente,Céu Claro,Dupla,Reta,Sim,2.0,0.0,1.0,0.0,0.0,1.0,1.0,2.0,-20.22662056,-40.27075088,SPRF-ES,DEL02-ES,UOP01-DEL02-ES,2025-02-04 10:50:00,2025.0,2.0,10.0,manha,True,0,moderado,BR-101
659296.0,2025-02-04,terca,09:00,ES,101.0,99.0,JAGUARE,Acumulo de areia ou detritos sobre o pavimento,Tombamento,Com Vítimas Feridas,Pleno dia,Decrescente,Sol,Simples,Reta,Não,1.0,0.0,1.0,0.0,0.0,0.0,1.0,1.0,-18.97188909,-39.99152282,SPRF-ES,DEL04-ES,UOP02-DEL04-ES,2025-02-04 09:00:00,2025.0,2.0,9.0,manha,False,0,moderado,BR-101
659357.0,2025-01-08,quarta,20:30,ES,101.0,315.4,VILA VELHA,Pedestre andava na pista,Atropelamento de Pedestre,Com Vítimas Fatais,Plena Noite,Crescente,Chuva,Dupla,Reta;Declive,Não,2.0,1.0,0.0,0.0,0.0,1.0,0.0,2.0,-20.46976694,-40.46795209,SPRF-ES,DEL01-ES,UOP01-DEL01-ES,2025-01-08 20:30:00,2025.0,1.0,20.0,noite,True,1,fatal,BR-101
659431.0,2025-02-05,quarta,14:00,ES,101.0,64.8,SAO MATEUS,Condutor deixou de manter distância do veículo da frente,Colisão traseira,Com Vítimas Feridas,Pleno dia,Crescente,Céu Claro,Simples,Reta,Não,2.0,0.0,1.0,0.0,1.0,0.0,1.0,2.0,-18.70428583,-39.87065983,SPRF-ES,DEL04-ES,UOP02-DEL04-ES,2025-02-05 14:00:00,2025.0,2.0,14.0,tarde,False,0,moderado,BR-101
659477.0,2025-02-05,quarta,18:45,ES,101.0,64.2,SAO MATEUS,Avarias e/ou desgaste excessivo no pneu,Queda de ocupante de veículo,Com Vítimas Feridas,Plena Noite,Decrescente,Céu Claro,Simples,Reta,Não,2.0,0.0,2.0,0.0,0.0,0.0,2.0,1.0,-18.70428583,-39.87065983,SPRF-ES,DEL04-ES,UOP02-DEL04-ES,2025-02-05 18:45:00,2025.0,2.0,18.0,noite,False,0,moderado,BR-101
659594.0,2025-02-06,quinta,13:30,ES,101.0,247.9,SERRA,Demais falhas mecânicas ou elétricas,Incêndio,Sem Vítimas,Pleno dia,Decrescente,Sol,Simples,Curva,Não,1.0,0.0,0.0,0.0,1.0,0.0,0.0,1.0,-20.06746339,-40.37085006,SPRF-ES,DEL02-ES,UOP01-DEL02-ES,2025-02-06 13:30:00,2025.0,2.0,13.0,tarde,True,0,baixo,BR-101
659596.0,2025-02-06,quinta,13:40,ES,101.0,296.9,VIANA,Condutor deixou de manter distância do veículo da frente,Colisão traseira,Com Vítimas Feridas,Pleno dia,Crescente,Céu Claro,Múltipla,Curva,Sim,2.0,0.0,1.0,0.0,1.0,0.0,1.0,2.0,-20.35374444,-40.4156433,SPRF-ES,DEL01-ES,UOP01-DEL01-ES,2025-02-06 13:40:00,2025.0,2.0,13.0,tarde,True,0,moderado,BR-101
659624.0,2025-02-06,quinta,15:29,ES,101.0,297.7,CARIACICA,Condutor deixou de manter distância do veículo da frente,Colisão lateral mesmo sentido,Com Vítimas Feridas,Pleno dia,Crescente,Céu Claro,Dupla,Reta,Sim,3.0,0.0,2.0,0.0,1.0,0.0,2.0,2.0,-20.35100457,-40.41328311,SPRF-ES,DEL01-ES,UOP01-DEL01-ES,2025-02-06 15:29:00,2025.0,2.0,15.0,tarde,True,0,moderado,BR-101
659712.0,2025-02-06,quinta,23:30,ES,101.0,142.5,LINHARES,Reação tardia ou ineficiente do condutor,Colisão com objeto,Sem Vítimas,Plena Noite,Decrescente,Céu Claro,Dupla,Declive,Sim,2.0,0.0,0.0,0.0,2.0,0.0,0.0,1.0,-19.33458987,-40.06755477,SPRF-ES,DEL04-ES,UOP01-DEL04-ES,2025-02-06 23:30:00,2025.0,2.0,23.0,noite,False,0,baixo,BR-101
659765.0,2025-01-03,sexta,19:40,ES,101.0,289.6,CARIACICA,Manobra de mudança de faixa,Colisão lateral mesmo sentido,Com Vítimas Feridas,Plena Noite,Decrescente,Nublado,Dupla,Aclive,Sim,2.0,0.0,1.0,0.0,1.0,0.0,1.0,2.0,-20.28029304,-40.39302931,SPRF-ES,DEL01-ES,UOP01-DEL01-ES,2025-01-03 19:40:00,2025.0,1.0,19.0,noite,True,0,moderado,BR-101
659779.0,2025-02-07,sexta,07:00,ES,101.0,368.5,ANCHIETA,Pista Escorregadia,Tombamento,Com Vítimas Feridas,Pleno dia,Decrescente,Céu Claro,Simples,Curva;Aclive,Não,1.0,0.0,0.0,1.0,0.0,0.0,1.0,1.0,-20.74480799,-40.7602114,SPRF-ES,DEL03-ES,UOP01-DEL03-ES,2025-02-07 07:00:00,2025.0,2.0,7.0,manha,False,1,grave,BR-101
659804.0,2025-02-07,sexta,11:40,ES,259.0,50.0,COLATINA,Reação tardia ou ineficiente do condutor,Colisão frontal,Com Vítimas Feridas,Pleno dia,Crescente,Céu Claro,Simples,Reta,Sim,3.0,0.0,2.0,1.0,0.0,0.0,3.0,2.0,-19.510103,-40.60615,SPRF-ES,DEL02-ES,UOP01-DEL02-ES,2025-02-07 11:40:00,2025.0,2.0,11.0,manha,False,1,grave,BR-259
659832.0,2025-02-07,sexta,14:15,ES,101.0,359.3,ANCHIETA,Acesso irregular,Colisão transversal,Com Vítimas Feridas,Pleno dia,Crescente,Nublado,Simples,Reta;Aclive,Não,4.0,0.0,1.0,0.0,3.0,0.0,1.0,2.0,-20.69768274,-40.71161014,SPRF-ES,DEL03-ES,UOP01-DEL03-ES,2025-02-07 14:15:00,2025.0,2.0,14.0,tarde,False,0,moderado,BR-101
659839.0,2025-02-07,sexta,15:00,ES,101.0,67.5,SAO MATEUS,Acessar a via sem observar a presença dos outros veículos,Colisão lateral mesmo sentido,Com Vítimas Feridas,Pleno dia,Decrescente,Céu Claro,Dupla,Interseção de Vias,Sim,2.0,0.0,1.0,0.0,1.0,0.0,1.0,2.0,-18.72054021,-39.8658931,SPRF-ES,DEL04-ES,UOP02-DEL04-ES,2025-02-07 15:00:00,2025.0,2.0,15.0,tarde,False,0,moderado,BR-101
659849.0,2025-02-07,sexta,16:30,ES,101.0,266.0,SERRA,Reação tardia ou ineficiente do condutor,Tombamento,Com Vítimas Feridas,Pleno dia,Decrescente,Céu Claro,Dupla,Reta,Sim,2.0,0.0,1.0,0.0,0.0,1.0,1.0,2.0,-20.190199,-40.26828891,SPRF-ES,DEL02-ES,UOP01-DEL02-ES,2025-02-07 16:30:00,2025.0,2.0,16.0,tarde,True,0,moderado,BR-101
659910.0,2025-02-07,sexta,20:00,ES,259.0,57.0,COLATINA,Reação tardia ou ineficiente do condutor,Tombamento,Com Vítimas Feridas,Plena Noite,Crescente,Céu Claro,Simples,Reta,Não,1.0,0.0,1.0,0.0,0.0,0.0,1.0,1.0,-19.50865703,-40.65581416,SPRF-ES,DEL02-ES,UOP01-DEL02-ES,2025-02-07 20:00:00,2025.0,2.0,20.0,noite,False,0,moderado,BR-259
659988.0,2025-02-08,sabado,08:10,ES,101.0,277.8,SERRA,Ultrapassagem Indevida,Colisão lateral mesmo sentido,Com Vítimas Feridas,Pleno dia,Crescente,Sol,Dupla,Reta,Não,2.0,0.0,1.0,0.0,1.0,0.0,1.0,2.0,-20.21307738,-40.32125972,SPRF-ES,DEL02-ES,UOP01-DEL02-ES,2025-02-08 08:10:00,2025.0,2.0,8.0,manha,True,0,moderado,BR-101
660015.0,2025-02-08,sabado,09:30,ES,101.0,142.5,LINHARES,Acessar a via sem observar a presença dos outros veículos,Colisão lateral mesmo sentido,Com Vítimas Feridas,Pleno dia,Crescente,Sol,Múltipla,Retorno Regulamentado;Reta,Sim,3.0,0.0,2.0,0.0,1.0,0.0,2.0,2.0,-19.33458987,-40.06755477,SPRF-ES,DEL04-ES,UOP01-DEL04-ES,2025-02-08 09:30:00,2025.0,2.0,9.0,manha,False,0,moderado,BR-101
660025.0,2025-02-08,sabado,10:00,ES,101.0,150.5,LINHARES,Condutor deixou de manter distância do veículo da frente,Tombamento,Com Vítimas Feridas,Pleno dia,Decrescente,Céu Claro,Simples,Curva,Sim,2.0,0.0,1.0,0.0,1.0,0.0,1.0,1.0,-19.40436634,-40.06078896,SPRF-ES,DEL04-ES,UOP01-DEL04-ES,2025-02-08 10:00:00,2025.0,2.0,10.0,manha,False,0,moderado,BR-101
660049.0,2025-02-08,sabado,01:00,ES,259.0,40.0,COLATINA,Ausência de reação do condutor,Saída de leito carroçável,Com Vítimas Feridas,Plena Noite,Crescente,Céu Claro,Simples,Reta,Não,1.0,0.0,0.0,1.0,0.0,0.0,1.0,1.0,-19.55614791,-40.53865402,SPRF-ES,DEL02-ES,UOP01-DEL02-ES,2025-02-08 01:00:00,2025.0,2.0,1.0,madrugada,False,1,grave,BR-259
660083.0,2025-02-08,sabado,15:50,ES,262.0,0.9,CARIACICA,Reação tardia ou ineficiente do condutor,Colisão traseira,Com Vítimas Feridas,Pleno dia,Crescente,Sol,Dupla,Ponte;Reta,Sim,2.0,0.0,1.0,1.0,0.0,0.0,2.0,2.0,-20.320793,-40.353315,SPRF-ES,DEL01-ES,UOP01-DEL01-ES,2025-02-08 15:50:00,2025.0,2.0,15.0,tarde,True,1,grave,BR-262
660119.0,2025-02-08,sabado,19:10,ES,101.0,68.0,SAO MATEUS,Ingestão de álcool pelo condutor,Colisão traseira,Com Vítimas Feridas,Plena Noite,Decrescente,Céu Claro,Simples,Reta;Declive,Sim,2.0,0.0,1.0,0.0,1.0,0.0,1.0,2.0,-18.726597,-39.85975,SPRF-ES,DEL04-ES,UOP02-DEL04-ES,2025-02-08 19:10:00,2025.0,2.0,19.0,noite,False,0,moderado,BR-101
660260.0,2025-02-09,domingo,12:30,ES,101.0,275.0,SERRA,Reação tardia ou ineficiente do condutor,Queda de ocupante de veículo,Com Vítimas Feridas,Pleno dia,Decrescente,Céu Claro,Dupla,Reta,Não,1.0,0.0,1.0,0.0,0.0,0.0,1.0,1.0,-20.20828089,-40.30388897,SPRF-ES,DEL02-ES,UOP01-DEL02-ES,2025-02-09 12:30:00,2025.0,2.0,12.0,tarde,True,0,moderado,BR-101
660306.0,2025-02-09,domingo,17:00,ES,101.0,350.1,GUARAPARI,Ausência de reação do condutor,Capotamento,Com Vítimas Feridas,Pleno dia,Crescente,Sol,Dupla,Curva,Não,2.0,0.0,2.0,0.0,0.0,0.0,2.0,1.0,-20.665676,-40.655926,SPRF-ES,DEL03-ES,UOP01-DEL03-ES,2025-02-09 17:00:00,2025.0,2.0,17.0,tarde,True,0,moderado,BR-101
660314.0,2025-02-09,domingo,17:30,ES,101.0,260.0,SERRA,Ausência de reação do condutor,Queda de ocupante de veículo,Com Vítimas Feridas,Plena Noite,Crescente,Céu Claro,Simples,Reta,Não,1.0,0.0,1.0,0.0,0.0,0.0,1.0,1.0,-20.14616415,-40.28836206,SPRF-ES,DEL02-ES,UOP01-DEL02-ES,2025-02-09 17:30:00,2025.0,2.0,17.0,tarde,True,0,moderado,BR-101
660332.0,2025-02-09,domingo,18:00,ES,101.0,270.0,SERRA,Conversão proibida,Colisão transversal,Com Vítimas Feridas,Anoitecer,Decrescente,Céu Claro,Múltipla,Reta;Interseção de Vias,Sim,4.0,0.0,1.0,0.0,2.0,1.0,1.0,3.0,-20.22662056,-40.27075088,SPRF-ES,DEL02-ES,UOP01-DEL02-ES,2025-02-09 18:00:00,2025.0,2.0,18.0,noite,True,0,moderado,BR-101
660345.0,2025-02-09,domingo,19:00,ES,101.0,231.0,FUNDAO,Velocidade Incompatível,Colisão traseira,Com Vítimas Feridas,Pleno dia,Decrescente,Céu Claro,Simples,Reta,Não,3.0,0.0,2.0,0.0,0.0,1.0,2.0,2.0,-19.94425773,-40.40662323,SPRF-ES,DEL02-ES,UOP01-DEL02-ES,2025-02-09 19:00:00,2025.0,2.0,19.0,noite,True,0,moderado,BR-101
660371.0,2025-02-09,domingo,20:30,ES,101.0,423.0,ATILIO VIVACQUA,Velocidade Incompatível,Saída de leito carroçável,Com Vítimas Feridas,Plena Noite,Crescente,Céu Claro,Simples,Curva,Não,2.0,0.0,2.0,0.0,0.0,0.0,2.0,1.0,-20.989783,-41.118799,SPRF-ES,DEL03-ES,UOP02-DEL03-ES,2025-02-09 20:30:00,2025.0,2.0,20.0,noite,False,0,moderado,BR-101
660392.0,2025-02-09,domingo,21:00,ES,101.0,426.2,ATILIO VIVACQUA,Pedestre andava na pista,Atropelamento de Pedestre,Com Vítimas Fatais,Plena Noite,Crescente,Céu Claro,Simples,Reta,Não,3.0,1.0,0.0,0.0,2.0,0.0,0.0,2.0,-21.00770847,-41.13888973,SPRF-ES,DEL03-ES,UOP02-DEL03-ES,2025-02-09 21:00:00,2025.0,2.0,21.0,noite,False,1,fatal,BR-101
660504.0,2025-02-10,segunda,12:30,ES,101.0,319.7,VILA VELHA,Demais falhas mecânicas ou elétricas,Tombamento,Com Vítimas Feridas,Pleno dia,Decrescente,Céu Claro,Dupla,Aclive,Não,1.0,0.0,1.0,0.0,0.0,0.0,1.0,1.0,-20.50358302,-40.47483522,SPRF-ES,DEL03-ES,UOP01-DEL03-ES,2025-02-10 12:30:00,2025.0,2.0,12.0,tarde,True,0,moderado,BR-101
660663.0,2025-02-11,terca,08:25,ES,101.0,285.2,CARIACICA,Ausência de reação do condutor,Colisão traseira,Com Vítimas Feridas,Pleno dia,Decrescente,Céu Claro,Dupla,Reta,Sim,2.0,0.0,1.0,0.0,1.0,0.0,1.0,2.0,-20.25148171,-40.37270066,SPRF-ES,DEL01-ES,UOP01-DEL01-ES,2025-02-11 08:25:00,2025.0,2.0,8.0,manha,True,0,moderado,BR-101
660701.0,2025-02-11,terca,12:25,ES,101.0,148.5,LINHARES,Acessar a via sem observar a presença dos outros veículos,Colisão transversal,Com Vítimas Feridas,Pleno dia,Decrescente,Chuva,Dupla,Interseção de Vias,Não,2.0,0.0,1.0,0.0,1.0,0.0,1.0,2.0,-19.38787399,-40.06752766,SPRF-ES,DEL04-ES,UOP01-DEL04-ES,2025-02-11 12:25:00,2025.0,2.0,12.0,tarde,False,0,moderado,BR-101
660714.0,2025-02-11,terca,11:00,ES,262.0,135.2,BREJETUBA,Condutor Dormindo,Saída de leito carroçável,Com Vítimas Feridas,Pleno dia,Crescente,Céu Claro,Simples,Curva,Não,1.0,0.0,0.0,1.0,0.0,0.0,1.0,1.0,-20.24466108,-41.3313501,SPRF-ES,DEL01-ES,UOP02-DEL01-ES,2025-02-11 11:00:00,2025.0,2.0,11.0,manha,False,1,grave,BR-262
660720.0,2025-02-11,terca,14:20,ES,101.0,296.0,CARIACICA,Acumulo de areia ou detritos sobre o pavimento,Queda de ocupante de veículo,Com Vítimas Feridas,Pleno dia,Crescente,Céu Claro,Simples,Reta,Não,1.0,0.0,1.0,0.0,0.0,0.0,1.0,1.0,-20.34029997,-40.40405712,SPRF-ES,DEL01-ES,UOP01-DEL01-ES,2025-02-11 14:20:00,2025.0,2.0,14.0,tarde,True,0,moderado,BR-101
660753.0,2025-02-11,terca,15:10,ES,101.0,370.2,ANCHIETA,Desrespeitar a preferência no cruzamento,Colisão transversal,Com Vítimas Feridas,Pleno dia,Crescente,Nublado,Simples,Reta,Não,3.0,0.0,1.0,0.0,2.0,0.0,1.0,2.0,-20.76871121,-40.75999937,SPRF-ES,DEL03-ES,UOP01-DEL03-ES,2025-02-11 15:10:00,2025.0,2.0,15.0,tarde,False,0,moderado,BR-101
660789.0,2025-02-11,terca,17:40,ES,101.0,64.5,SAO MATEUS,Ausência de reação do condutor,Colisão com objeto,Com Vítimas Feridas,Pleno dia,Decrescente,Céu Claro,Simples,Ponte,Sim,1.0,0.0,1.0,0.0,0.0,0.0,1.0,1.0,-18.70428583,-39.87065983,SPRF-ES,DEL04-ES,UOP02-DEL04-ES,2025-02-11 17:40:00,2025.0,2.0,17.0,tarde,False,0,moderado,BR-101
660839.0,2025-02-12,quarta,04:30,ES,101.0,262.2,SERRA,Reação tardia ou ineficiente do condutor,Tombamento,Com Vítimas Feridas,Amanhecer,Decrescente,Céu Claro,Dupla,Reta;Declive,Sim,1.0,0.0,1.0,0.0,0.0,0.0,1.0,1.0,-20.1615273,-40.2752806,SPRF-ES,DEL02-ES,UOP01-DEL02-ES,2025-02-12 04:30:00,2025.0,2.0,4.0,madrugada,True,0,moderado,BR-101
660854.0,2025-02-12,quarta,07:45,ES,101.0,265.0,SERRA,Ausência de reação do condutor,Colisão lateral mesmo sentido,Com Vítimas Feridas,Pleno dia,Crescente,Céu Claro,Dupla,Reta,Não,2.0,0.0,0.0,1.0,1.0,0.0,1.0,2.0,-20.1816849,-40.26536036,SPRF-ES,DEL02-ES,UOP01-DEL02-ES,2025-02-12 07:45:00,2025.0,2.0,7.0,manha,True,1,grave,BR-101
660864.0,2025-02-12,quarta,07:57,ES,101.0,297.0,VIANA,Condutor deixou de manter distância do veículo da frente,Colisão traseira,Com Vítimas Feridas,Pleno dia,Crescente,Céu Claro,Múltipla,Reta,Sim,3.0,0.0,1.0,0.0,2.0,0.0,1.0,3.0,-20.34529844,-40.41026774,SPRF-ES,DEL01-ES,UOP01-DEL01-ES,2025-02-12 07:57:00,2025.0,2.0,7.0,manha,True,0,moderado,BR-101
660877.0,2025-02-12,quarta,09:00,ES,101.0,278.9,SERRA,Condutor Dormindo,Saída de leito carroçável,Com Vítimas Feridas,Pleno dia,Decrescente,Céu Claro,Dupla,Curva;Declive,Não,2.0,0.0,1.0,0.0,1.0,0.0,1.0,1.0,-20.21698365,-40.32974606,SPRF-ES,DEL02-ES,UOP01-DEL02-ES,2025-02-12 09:00:00,2025.0,2.0,9.0,manha,True,0,moderado,BR-101
660899.0,2025-02-12,quarta,09:00,ES,101.0,442.0,MIMOSO DO SUL,Ausência de reação do condutor,Saída de leito carroçável,Com Vítimas Feridas,Pleno dia,Decrescente,Céu Claro,Simples,Curva,Não,1.0,0.0,1.0,0.0,0.0,0.0,1.0,1.0,-21.09042295,-41.24777308,SPRF-ES,DEL03-ES,UOP02-DEL03-ES,2025-02-12 09:00:00,2025.0,2.0,9.0,manha,False,0,moderado,BR-101
660900.0,2025-02-12,quarta,10:45,ES,101.0,145.1,LINHARES,Mal súbito do condutor,Colisão lateral mesmo sentido,Com Vítimas Feridas,Pleno dia,Decrescente,Céu Claro,Dupla,Reta,Sim,4.0,0.0,1.0,0.0,3.0,0.0,1.0,2.0,-19.36089598,-40.06464018,SPRF-ES,DEL04-ES,UOP01-DEL04-ES,2025-02-12 10:45:00,2025.0,2.0,10.0,manha,False,0,moderado,BR-101
660959.0,2025-02-12,quarta,15:15,ES,101.0,259.0,SERRA,Velocidade Incompatível,Saída de leito carroçável,Com Vítimas Feridas,Pleno dia,Decrescente,Sol,Simples,Curva;Declive,Sim,2.0,0.0,2.0,0.0,0.0,0.0,2.0,1.0,-20.13930636,-40.29233694,SPRF-ES,DEL02-ES,UOP01-DEL02-ES,2025-02-12 15:15:00,2025.0,2.0,15.0,tarde,True,0,moderado,BR-101
660967.0,2025-02-12,quarta,18:30,ES,101.0,262.0,SERRA,Condutor deixou de manter distância do veículo da frente,Colisão traseira,Com Vítimas Feridas,Plena Noite,Crescente,Nublado,Dupla,Reta,Não,2.0,0.0,0.0,1.0,1.0,0.0,1.0,2.0,-20.1572331,-40.27678329,SPRF-ES,DEL02-ES,UOP01-DEL02-ES,2025-02-12 18:30:00,2025.0,2.0,18.0,noite,True,1,grave,BR-101
661000.0,2025-02-12,quarta,21:40,ES,101.0,269.0,SERRA,Reação tardia ou ineficiente do condutor,Queda de ocupante de veículo,Com Vítimas Feridas,Plena Noite,Crescente,Céu Claro,Dupla,Reta,Sim,1.0,0.0,1.0,0.0,0.0,0.0,1.0,1.0,-20.21740496,-40.26990578,SPRF-ES,DEL02-ES,UOP01-DEL02-ES,2025-02-12 21:40:00,2025.0,2.0,21.0,noite,True,0,moderado,BR-101
661001.0,2025-02-12,quarta,21:35,ES,101.0,270.0,SERRA,Condutor desrespeitou a iluminação vermelha do semáforo,Colisão transversal,Com Vítimas Feridas,Plena Noite,Decrescente,Céu Claro,Dupla,Interseção de Vias,Sim,3.0,0.0,0.0,2.0,0.0,1.0,2.0,2.0,-20.22662056,-40.27075088,SPRF-ES,DEL02-ES,UOP01-DEL02-ES,2025-02-12 21:35:00,2025.0,2.0,21.0,noite,True,1,grave,BR-101
661164.0,2025-02-13,quinta,18:20,ES,101.0,263.0,SERRA,Reação tardia ou ineficiente do condutor,Queda de ocupante de veículo,Com Vítimas Feridas,Anoitecer,Decrescente,Céu Claro,Dupla,Reta,Sim,1.0,0.0,1.0,0.0,0.0,0.0,1.0,1.0,-20.16554736,-40.27301648,SPRF-ES,DEL02-ES,UOP01-DEL02-ES,2025-02-13 18:20:00,2025.0,2.0,18.0,noite,True,0,moderado,BR-101
661230.0,2025-02-14,sexta,07:20,ES,101.0,285.1,CARIACICA,Acessar a via sem observar a presença dos outros veículos,Colisão transversal,Com Vítimas Feridas,Pleno dia,Crescente,Céu Claro,Simples,Retorno Regulamentado,Sim,2.0,0.0,0.0,1.0,1.0,0.0,1.0,2.0,-20.25148171,-40.37270066,SPRF-ES,DEL01-ES,UOP01-DEL01-ES,2025-02-14 07:20:00,2025.0,2.0,7.0,manha,True,1,grave,BR-101
661287.0,2025-02-14,sexta,11:30,ES,259.0,67.9,COLATINA,Ultrapassagem Indevida,Colisão lateral mesmo sentido,Com Vítimas Feridas,Pleno dia,Decrescente,Céu Claro,Simples,Reta,Não,2.0,0.0,2.0,0.0,0.0,0.0,2.0,2.0,-19.51173443,-40.73338221,SPRF-ES,DEL02-ES,UOP01-DEL02-ES,2025-02-14 11:30:00,2025.0,2.0,11.0,manha,False,0,moderado,BR-259
661304.0,2025-02-14,sexta,14:15,ES,101.0,80.1,SAO MATEUS,Ultrapassagem Indevida,Colisão traseira,Com Vítimas Feridas,Pleno dia,Decrescente,Sol,Simples,Reta,Não,2.0,0.0,1.0,0.0,1.0,0.0,1.0,2.0,-18.82149709,-39.90673788,SPRF-ES,DEL04-ES,UOP02-DEL04-ES,2025-02-14 14:15:00,2025.0,2.0,14.0,tarde,False,0,moderado,BR-101
661309.0,2025-02-14,sexta,14:30,ES,101.0,299.7,VIANA,Acessar a via sem observar a presença dos outros veículos,Atropelamento de Pedestre,Com Vítimas Feridas,Pleno dia,Crescente,Céu Claro,Múltipla,Reta,Sim,2.0,0.0,0.0,1.0,1.0,0.0,1.0,2.0,-20.35860628,-40.42327504,SPRF-ES,DEL01-ES,UOP01-DEL01-ES,2025-02-14 14:30:00,2025.0,2.0,14.0,tarde,True,1,grave,BR-101
661315.0,2025-02-14,sexta,15:40,ES,259.0,57.3,COLATINA,Demais falhas mecânicas ou elétricas,Tombamento,Com Vítimas Feridas,Pleno dia,Crescente,Céu Claro,Simples,Reta,Não,1.0,0.0,1.0,0.0,0.0,0.0,1.0,1.0,-19.50865703,-40.65581416,SPRF-ES,DEL02-ES,UOP01-DEL02-ES,2025-02-14 15:40:00,2025.0,2.0,15.0,tarde,False,0,moderado,BR-259
661321.0,2025-02-14,sexta,15:55,ES,101.0,143.3,LINHARES,Trafegar com motocicleta (ou similar) entre as faixas,Colisão lateral mesmo sentido,Com Vítimas Feridas,Pleno dia,Crescente,Céu Claro,Dupla,Reta,Sim,2.0,0.0,1.0,0.0,1.0,0.0,1.0,2.0,-19.34286596,-40.0638568,SPRF-ES,DEL04-ES,UOP01-DEL04-ES,2025-02-14 15:55:00,2025.0,2.0,15.0,tarde,False,0,moderado,BR-101
661329.0,2025-02-14,sexta,15:50,ES,101.0,293.0,CARIACICA,Conversão proibida,Colisão lateral mesmo sentido,Com Vítimas Feridas,Pleno dia,Decrescente,Céu Claro,Dupla,Em Obras;Reta,Sim,3.0,0.0,3.0,0.0,0.0,0.0,3.0,2.0,-20.31413276,-40.39536023,SPRF-ES,DEL01-ES,UOP01-DEL01-ES,2025-02-14 15:50:00,2025.0,2.0,15.0,tarde,True,0,moderado,BR-101
661336.0,2025-02-14,sexta,17:00,ES,101.0,129.0,LINHARES,Demais falhas mecânicas ou elétricas,Tombamento,Com Vítimas Feridas,Pleno dia,Decrescente,Céu Claro,Simples,Reta;Aclive,Não,2.0,0.0,2.0,0.0,0.0,0.0,2.0,1.0,-19.22093104,-40.0936152,SPRF-ES,DEL04-ES,UOP01-DEL04-ES,2025-02-14 17:00:00,2025.0,2.0,17.0,tarde,False,0,moderado,BR-101
661381.0,2025-02-14,sexta,20:00,ES,101.0,308.0,VIANA,Reação tardia ou ineficiente do condutor,Saída de leito carroçável,Com Vítimas Feridas,Plena Noite,Decrescente,Céu Claro,Dupla,Reta,Não,3.0,0.0,2.0,1.0,0.0,0.0,3.0,1.0,-20.40809191,-40.45835336,SPRF-ES,DEL01-ES,UOP01-DEL01-ES,2025-02-14 20:00:00,2025.0,2.0,20.0,noite,True,1,grave,BR-101
661448.0,2025-02-15,sabado,02:20,ES,101.0,327.3,GUARAPARI,Ausência de reação do condutor,Colisão com objeto,Com Vítimas Feridas,Plena Noite,Decrescente,Céu Claro,Dupla,Reta,Não,1.0,0.0,0.0,1.0,0.0,0.0,1.0,1.0,-20.57231099,-40.48455601,SPRF-ES,DEL03-ES,UOP01-DEL03-ES,2025-02-15 02:20:00,2025.0,2.0,2.0,madrugada,True,1,grave,BR-101
661454.0,2025-02-15,sabado,03:00,ES,101.0,392.5,RIO NOVO DO SUL,Manobra de mudança de faixa,Colisão lateral mesmo sentido,Com Vítimas Feridas,Plena Noite,Crescente,Céu Claro,Simples,Interseção de Vias,Não,2.0,0.0,0.0,1.0,1.0,0.0,1.0,2.0,-20.865694,-40.91366,SPRF-ES,DEL03-ES,UOP02-DEL03-ES,2025-02-15 03:00:00,2025.0,2.0,3.0,madrugada,False,1,grave,BR-101
661487.0,2025-02-15,sabado,07:40,ES,101.0,270.5,SERRA,Faixas de trânsito com largura insuficiente,Colisão lateral mesmo sentido,Sem Vítimas,Pleno dia,Crescente,Céu Claro,Simples,Reta,Sim,2.0,0.0,0.0,0.0,2.0,0.0,0.0,2.0,-20.22662056,-40.27075088,SPRF-ES,DEL02-ES,UOP01-DEL02-ES,2025-02-15 07:40:00,2025.0,2.0,7.0,manha,True,0,baixo,BR-101
661491.0,2025-02-15,sabado,08:00,ES,101.0,372.5,ICONHA,Suicídio (presumido),Atropelamento de Pedestre,Com Vítimas Feridas,Pleno dia,Crescente,Sol,Simples,Reta,Não,3.0,0.0,0.0,1.0,1.0,1.0,1.0,2.0,-20.77215419,-40.77695658,SPRF-ES,DEL03-ES,UOP01-DEL03-ES,2025-02-15 08:00:00,2025.0,2.0,8.0,manha,False,1,grave,BR-101
661545.0,2025-02-15,sabado,12:00,ES,262.0,154.2,IBATIBA,Reação tardia ou ineficiente do condutor,Colisão traseira,Com Vítimas Feridas,Pleno dia,Decrescente,Céu Claro,Simples,Reta,Não,2.0,0.0,0.0,1.0,1.0,0.0,1.0,2.0,-20.22262434,-41.46210677,SPRF-ES,DEL01-ES,UOP02-DEL01-ES,2025-02-15 12:00:00,2025.0,2.0,12.0,tarde,False,1,grave,BR-262
661549.0,2025-02-15,sabado,14:20,ES,101.0,299.5,VIANA,Desrespeitar a preferência no cruzamento,Colisão transversal,Com Vítimas Feridas,Pleno dia,Crescente,Sol,Múltipla,Interseção de Vias,Sim,2.0,0.0,1.0,0.0,1.0,0.0,1.0,2.0,-20.35860628,-40.42327504,SPRF-ES,DEL01-ES,UOP01-DEL01-ES,2025-02-15 14:20:00,2025.0,2.0,14.0,tarde,True,0,moderado,BR-101
661649.0,2025-02-16,domingo,00:05,ES,101.0,164.5,LINHARES,Transitar na contramão,Colisão frontal,Com Vítimas Fatais,Plena Noite,Crescente,Céu Claro,Simples,Reta,Não,2.0,1.0,0.0,0.0,0.0,1.0,0.0,2.0,-19.50607582,-40.13470026,SPRF-ES,DEL04-ES,UOP01-DEL04-ES,2025-02-16 00:05:00,2025.0,2.0,0.0,madrugada,False,1,fatal,BR-101
661664.0,2025-02-16,domingo,03:00,ES,101.0,371.2,ANCHIETA,Condutor Dormindo,Saída de leito carroçável,Com Vítimas Feridas,Plena Noite,Crescente,Céu Claro,Simples,Reta,Não,1.0,0.0,1.0,0.0,0.0,0.0,1.0,1.0,-20.77035735,-40.76847015,SPRF-ES,DEL03-ES,UOP01-DEL03-ES,2025-02-16 03:00:00,2025.0,2.0,3.0,madrugada,False,0,moderado,BR-101
661690.0,2025-02-16,domingo,04:00,ES,101.0,127.0,SOORETAMA,Reação tardia ou ineficiente do condutor,Tombamento,Com Vítimas Feridas,Plena Noite,Decrescente,Céu Claro,Simples,Reta,Sim,1.0,0.0,1.0,0.0,0.0,0.0,1.0,1.0,-19.202898,-40.095524,SPRF-ES,DEL04-ES,UOP01-DEL04-ES,2025-02-16 04:00:00,2025.0,2.0,4.0,madrugada,False,0,moderado,BR-101
661694.0,2025-02-16,domingo,06:10,ES,101.0,19.0,PEDRO CANARIO,Reação tardia ou ineficiente do condutor,Queda de ocupante de veículo,Com Vítimas Feridas,Pleno dia,Crescente,Sol,Simples,Reta,Não,2.0,0.0,1.0,0.0,0.0,1.0,1.0,1.0,-18.31846928,-39.95435579,SPRF-ES,DEL04-ES,UOP02-DEL04-ES,2025-02-16 06:10:00,2025.0,2.0,6.0,manha,False,0,moderado,BR-101
661695.0,2025-02-16,domingo,08:00,ES,101.0,282.0,CARIACICA,Reação tardia ou ineficiente do condutor,Colisão lateral sentido oposto,Com Vítimas Feridas,Pleno dia,Crescente,Céu Claro,Dupla,Retorno Regulamentado,Sim,2.0,0.0,1.0,0.0,0.0,1.0,1.0,2.0,-20.23066465,-40.36692012,SPRF-ES,DEL01-ES,UOP01-DEL01-ES,2025-02-16 08:00:00,2025.0,2.0,8.0,manha,True,0,moderado,BR-101
661699.0,2025-02-16,domingo,07:39,ES,262.0,79.0,DOMINGOS MARTINS,Reação tardia ou ineficiente do condutor,Colisão frontal,Com Vítimas Fatais,Pleno dia,Crescente,Céu Claro,Simples,Curva,Não,4.0,2.0,2.0,0.0,0.0,0.0,2.0,4.0,-20.4116634,-40.92642188,SPRF-ES,DEL01-ES,UOP02-DEL01-ES,2025-02-16 07:39:00,2025.0,2.0,7.0,manha,False,1,fatal,BR-262
661731.0,2025-02-16,domingo,11:51,ES,262.0,22.9,VIANA,Velocidade Incompatível,Tombamento,Com Vítimas Feridas,Pleno dia,Crescente,Sol,Simples,Aclive;Curva,Sim,1.0,0.0,1.0,0.0,0.0,0.0,1.0,1.0,-20.37976169,-40.52199585,SPRF-ES,DEL01-ES,UOP01-DEL01-ES,2025-02-16 11:51:00,2025.0,2.0,11.0,manha,True,0,moderado,BR-262
661733.0,2025-02-16,domingo,12:30,ES,101.0,303.5,VIANA,Avarias e/ou desgaste excessivo no pneu,Saída de leito carroçável,Com Vítimas Feridas,Pleno dia,Decrescente,Sol,Dupla,Reta,Sim,3.0,0.0,1.0,0.0,2.0,0.0,1.0,1.0,-20.37695747,-40.44527144,SPRF-ES,DEL01-ES,UOP01-DEL01-ES,2025-02-16 12:30:00,2025.0,2.0,12.0,tarde,True,0,moderado,BR-101
661744.0,2025-02-16,domingo,12:25,ES,262.0,140.0,MUNIZ FREIRE,Acessar a via sem observar a presença dos outros veículos,Colisão transversal,Com Vítimas Feridas,Pleno dia,Crescente,Céu Claro,Simples,Reta,Não,3.0,0.0,2.0,0.0,1.0,0.0,2.0,2.0,-20.2284777,-41.36813281,SPRF-ES,DEL01-ES,UOP02-DEL01-ES,2025-02-16 12:25:00,2025.0,2.0,12.0,tarde,False,0,moderado,BR-262
661750.0,2025-02-16,domingo,14:15,ES,101.0,394.9,RIO NOVO DO SUL,Acessar a via sem observar a presença dos outros veículos,Colisão transversal,Com Vítimas Feridas,Pleno dia,Crescente,Céu Claro,Simples,Curva,Sim,3.0,0.0,1.0,0.0,2.0,0.0,1.0,2.0,-20.8660171,-40.93193114,SPRF-ES,DEL03-ES,UOP02-DEL03-ES,2025-02-16 14:15:00,2025.0,2.0,14.0,tarde,False,0,moderado,BR-101
661769.0,2025-02-16,domingo,17:40,ES,101.0,214.0,IBIRACU,Acessar a via sem observar a presença dos outros veículos,Colisão transversal,Com Vítimas Feridas,Pleno dia,Decrescente,Céu Claro,Simples,Retorno Regulamentado;Reta;Interseção de Vias,Sim,2.0,0.0,0.0,1.0,1.0,0.0,1.0,2.0,-19.82999127,-40.37211181,SPRF-ES,DEL02-ES,UOP01-DEL02-ES,2025-02-16 17:40:00,2025.0,2.0,17.0,tarde,False,1,grave,BR-101
661778.0,2025-02-16,domingo,18:05,ES,262.0,135.0,BREJETUBA,Ausência de reação do condutor,Queda de ocupante de veículo,Com Vítimas Feridas,Anoitecer,Crescente,Céu Claro,Simples,Curva,Não,2.0,0.0,2.0,0.0,0.0,0.0,2.0,1.0,-20.24466108,-41.3313501,SPRF-ES,DEL01-ES,UOP02-DEL01-ES,2025-02-16 18:05:00,2025.0,2.0,18.0,noite,False,0,moderado,BR-262
661942.0,2025-02-17,segunda,09:30,ES,101.0,137.5,LINHARES,Condutor deixou de manter distância do veículo da frente,Colisão traseira,Com Vítimas Feridas,Pleno dia,Decrescente,Céu Claro,Simples,Reta,Não,3.0,0.0,1.0,0.0,2.0,0.0,1.0,2.0,-19.29308199,-40.08591691,SPRF-ES,DEL04-ES,UOP01-DEL04-ES,2025-02-17 09:30:00,2025.0,2.0,9.0,manha,False,0,moderado,BR-101
661962.0,2025-02-17,segunda,10:50,ES,262.0,93.0,DOMINGOS MARTINS,Transitar na contramão,Colisão frontal,Com Vítimas Feridas,Pleno dia,Crescente,Céu Claro,Simples,Curva,Não,2.0,0.0,0.0,1.0,1.0,0.0,1.0,2.0,-20.37908136,-41.05047852,SPRF-ES,DEL01-ES,UOP02-DEL01-ES,2025-02-17 10:50:00,2025.0,2.0,10.0,manha,False,1,grave,BR-262
661965.0,2025-02-17,segunda,11:00,ES,101.0,239.5,FUNDAO,Acessar a via sem observar a presença dos outros veículos,Colisão traseira,Com Vítimas Feridas,Pleno dia,Crescente,Sol,Dupla,Reta,Sim,2.0,0.0,1.0,0.0,1.0,0.0,1.0,2.0,-20.00782494,-40.40790907,SPRF-ES,DEL02-ES,UOP01-DEL02-ES,2025-02-17 11:00:00,2025.0,2.0,11.0,manha,True,0,moderado,BR-101
661970.0,2025-02-17,segunda,11:20,ES,262.0,112.8,VENDA NOVA DO IMIGRANTE,Transitar na contramão,Colisão frontal,Com Vítimas Feridas,Pleno dia,Decrescente,Céu Claro,Simples,Curva;Aclive,Sim,4.0,0.0,2.0,0.0,1.0,1.0,2.0,3.0,-20.333874,-41.205023,SPRF-ES,DEL01-ES,UOP02-DEL01-ES,2025-02-17 11:20:00,2025.0,2.0,11.0,manha,False,0,moderado,BR-262
662004.0,2025-02-17,segunda,15:05,ES,101.0,270.0,SERRA,Condutor deixou de manter distância do veículo da frente,Colisão traseira,Com Vítimas Feridas,Pleno dia,Crescente,Céu Claro,Múltipla,Reta,Sim,2.0,0.0,1.0,0.0,1.0,0.0,1.0,2.0,-20.22,-40.27,SPRF-ES,DEL02-ES,UOP01-DEL02-ES,2025-02-17 15:05:00,2025.0,2.0,15.0,tarde,True,0,moderado,BR-101
662048.0,2025-02-17,segunda,16:43,ES,101.0,70.0,SAO MATEUS,Acessar a via sem observar a presença dos outros veículos,Colisão transversal,Com Vítimas Feridas,Pleno dia,Crescente,Céu Claro,Simples,Reta,Sim,2.0,0.0,1.0,0.0,0.0,1.0,1.0,2.0,-18.74453703,-39.86164665,SPRF-ES,DEL04-ES,UOP02-DEL04-ES,2025-02-17 16:43:00,2025.0,2.0,16.0,tarde,False,0,moderado,BR-101
662128.0,2025-02-10,segunda,13:50,ES,101.0,265.0,SERRA,Ausência de reação do condutor,Colisão com objeto,Com Vítimas Feridas,Pleno dia,Decrescente,Céu Claro,Dupla,Declive,Sim,1.0,0.0,1.0,0.0,0.0,0.0,1.0,1.0,-20.1816849,-40.26536036,SPRF-ES,DEL02-ES,UOP01-DEL02-ES,2025-02-10 13:50:00,2025.0,2.0,13.0,tarde,True,0,moderado,BR-101
662224.0,2025-02-18,terca,17:02,ES,101.0,269.0,SERRA,Ausência de reação do condutor,Colisão traseira,Sem Vítimas,Anoitecer,Decrescente,Céu Claro,Dupla,Reta,Sim,3.0,0.0,0.0,0.0,1.0,2.0,0.0,3.0,-20.21740496,-40.26990578,SPRF-ES,DEL02-ES,UOP01-DEL02-ES,2025-02-18 17:02:00,2025.0,2.0,17.0,tarde,True,0,baixo,BR-101
662254.0,2025-02-18,terca,19:49,ES,262.0,188.8,IUNA,Deficiência do Sistema de Iluminação/Sinalização,Colisão traseira,Com Vítimas Feridas,Plena Noite,Crescente,Céu Claro,Simples,Reta,Não,3.0,0.0,2.0,0.0,1.0,0.0,2.0,2.0,-20.31334421,-41.73692705,SPRF-ES,DEL01-ES,UOP02-DEL01-ES,2025-02-18 19:49:00,2025.0,2.0,19.0,noite,False,0,moderado,BR-262
662259.0,2025-02-18,terca,21:40,ES,101.0,79.0,SAO MATEUS,Ausência de reação do condutor,Tombamento,Com Vítimas Feridas,Plena Noite,Crescente,Céu Claro,Simples,Ponte;Declive,Não,1.0,0.0,1.0,0.0,0.0,0.0,1.0,1.0,-18.81417602,-39.90121797,SPRF-ES,DEL04-ES,UOP02-DEL04-ES,2025-02-18 21:40:00,2025.0,2.0,21.0,noite,False,0,moderado,BR-101
662286.0,2025-02-19,quarta,04:30,ES,101.0,12.4,PEDRO CANARIO,Acesso irregular,Colisão frontal,Sem Vítimas,Amanhecer,Crescente,Céu Claro,Simples,Reta,Não,2.0,0.0,0.0,0.0,2.0,0.0,0.0,2.0,-18.26557435,-39.95730758,SPRF-ES,DEL04-ES,UOP02-DEL04-ES,2025-02-19 04:30:00,2025.0,2.0,4.0,madrugada,False,0,baixo,BR-101
662317.0,2025-02-19,quarta,08:20,ES,101.0,174.5,ARACRUZ,Acessar a via sem observar a presença dos outros veículos,Colisão transversal,Com Vítimas Feridas,Pleno dia,Crescente,Céu Claro,Simples,Interseção de Vias,Não,2.0,0.0,1.0,0.0,1.0,0.0,1.0,2.0,-19.58550717,-40.19021988,SPRF-ES,DEL04-ES,UOP01-DEL04-ES,2025-02-19 08:20:00,2025.0,2.0,8.0,manha,False,0,moderado,BR-101
662348.0,2025-02-19,quarta,11:15,ES,101.0,68.0,SAO MATEUS,Condutor deixou de manter distância do veículo da frente,Colisão traseira,Com Vítimas Feridas,Pleno dia,Decrescente,Céu Claro,Dupla,Reta,Sim,2.0,0.0,0.0,1.0,0.0,1.0,1.0,2.0,-18.7165195,-39.87436378,SPRF-ES,DEL04-ES,UOP02-DEL04-ES,2025-02-19 11:15:00,2025.0,2.0,11.0,manha,False,1,grave,BR-101
662351.0,2025-02-19,quarta,07:40,ES,393.0,36.3,MUQUI,Ausência de reação do condutor,Capotamento,Com Vítimas Feridas,Pleno dia,Crescente,Sol,Simples,Curva,Não,1.0,0.0,1.0,0.0,0.0,0.0,1.0,1.0,-20.95830011,-41.43550298,SPRF-ES,DEL03-ES,UOP02-DEL03-ES,2025-02-19 07:40:00,2025.0,2.0,7.0,manha,False,0,moderado,BR-393
662379.0,2025-02-19,quarta,15:00,ES,101.0,282.4,CARIACICA,Reação tardia ou ineficiente do condutor,Queda de ocupante de veículo,Com Vítimas Feridas,Pleno dia,Crescente,Céu Claro,Dupla,Reta,Sim,1.0,0.0,1.0,0.0,0.0,0.0,1.0,1.0,-20.22694,-40.36458,SPRF-ES,DEL01-ES,UOP01-DEL01-ES,2025-02-19 15:00:00,2025.0,2.0,15.0,tarde,True,0,moderado,BR-101
662425.0,2025-02-19,quarta,19:00,ES,101.0,269.6,SERRA,Transitar na contramão,Colisão lateral sentido oposto,Com Vítimas Feridas,Plena Noite,Crescente,Céu Claro,Múltipla,Interseção de Vias;Reta,Sim,2.0,0.0,1.0,0.0,1.0,0.0,1.0,2.0,-20.21740496,-40.26990578,SPRF-ES,DEL02-ES,UOP01-DEL02-ES,2025-02-19 19:00:00,2025.0,2.0,19.0,noite,True,0,moderado,BR-101
662469.0,2025-02-20,quinta,05:00,ES,101.0,161.0,LINHARES,Transitar na contramão,Tombamento,Com Vítimas Feridas,Amanhecer,Crescente,Céu Claro,Simples,Reta,Não,2.0,0.0,1.0,0.0,1.0,0.0,1.0,2.0,-19.48358708,-40.11977894,SPRF-ES,DEL04-ES,UOP01-DEL04-ES,2025-02-20 05:00:00,2025.0,2.0,5.0,madrugada,False,0,moderado,BR-101
662472.0,2025-02-20,quinta,05:40,ES,101.0,364.5,ANCHIETA,Condutor Dormindo,Saída de leito carroçável,Com Vítimas Feridas,Amanhecer,Decrescente,Céu Claro,Dupla,Reta,Não,1.0,0.0,0.0,1.0,0.0,0.0,1.0,1.0,-20.7286089,-40.74288809,SPRF-ES,DEL03-ES,UOP01-DEL03-ES,2025-02-20 05:40:00,2025.0,2.0,5.0,madrugada,False,1,grave,BR-101
662474.0,2025-02-20,quinta,06:15,ES,101.0,42.6,CONCEICAO DA BARRA,Animais na Pista,Saída de leito carroçável,Com Vítimas Feridas,Amanhecer,Decrescente,Céu Claro,Simples,Declive,Não,1.0,0.0,1.0,0.0,0.0,0.0,1.0,1.0,-18.51702193,-39.91329775,SPRF-ES,DEL04-ES,UOP02-DEL04-ES,2025-02-20 06:15:00,2025.0,2.0,6.0,manha,False,0,moderado,BR-101
662514.0,2025-02-20,quinta,08:01,ES,101.0,41.0,CONCEICAO DA BARRA,Demais falhas mecânicas ou elétricas,Tombamento,Sem Vítimas,Pleno dia,Crescente,Céu Claro,Simples,Reta;Aclive,Não,2.0,0.0,0.0,0.0,1.0,1.0,0.0,1.0,-18.50841392,-39.91590574,SPRF-ES,DEL04-ES,UOP02-DEL04-ES,2025-02-20 08:01:00,2025.0,2.0,8.0,manha,False,0,baixo,BR-101
662526.0,2025-02-20,quinta,07:40,ES,101.0,269.0,SERRA,Ausência de reação do condutor,Colisão lateral mesmo sentido,Com Vítimas Feridas,Pleno dia,Crescente,Sol,Dupla,Reta,Sim,3.0,0.0,1.0,0.0,0.0,2.0,1.0,3.0,-20.21740496,-40.26990578,SPRF-ES,DEL02-ES,UOP01-DEL02-ES,2025-02-20 07:40:00,2025.0,2.0,7.0,manha,True,0,moderado,BR-101
662530.0,2025-02-20,quinta,09:30,ES,101.0,267.0,SERRA,Reação tardia ou ineficiente do condutor,Colisão com objeto,Com Vítimas Feridas,Pleno dia,Decrescente,Céu Claro,Dupla,Reta,Sim,1.0,0.0,1.0,0.0,0.0,0.0,1.0,1.0,-20.19930999,-40.26884609,SPRF-ES,DEL02-ES,UOP01-DEL02-ES,2025-02-20 09:30:00,2025.0,2.0,9.0,manha,True,0,moderado,BR-101
662557.0,2025-02-20,quinta,14:20,ES,101.0,155.0,LINHARES,Reação tardia ou ineficiente do condutor,Colisão traseira,Com Vítimas Feridas,Pleno dia,Crescente,Céu Claro,Simples,Reta,Não,4.0,0.0,1.0,0.0,3.0,0.0,1.0,2.0,-19.43842387,-40.08913618,SPRF-ES,DEL04-ES,UOP01-DEL04-ES,2025-02-20 14:20:00,2025.0,2.0,14.0,tarde,False,0,moderado,BR-101
662612.0,2025-02-20,quinta,19:50,ES,262.0,172.7,IBATIBA,Iluminação deficiente,Atropelamento de Pedestre,Com Vítimas Feridas,Plena Noite,Crescente,Garoa/Chuvisco,Simples,Reta,Não,2.0,0.0,0.0,1.0,0.0,1.0,1.0,2.0,-20.26658734,-41.60261276,SPRF-ES,DEL01-ES,UOP02-DEL01-ES,2025-02-20 19:50:00,2025.0,2.0,19.0,noite,False,1,grave,BR-262
662628.0,2025-02-20,quinta,22:45,ES,262.0,14.0,VIANA,Acumulo de areia ou detritos sobre o pavimento,Queda de ocupante de veículo,Com Vítimas Feridas,Plena Noite,Crescente,Céu Claro,Simples,Reta,Não,2.0,0.0,2.0,0.0,0.0,0.0,2.0,1.0,-20.37037726,-40.46264648,SPRF-ES,DEL01-ES,UOP01-DEL01-ES,2025-02-20 22:45:00,2025.0,2.0,22.0,noite,True,0,moderado,BR-262
662641.0,2025-02-21,sexta,03:30,ES,101.0,15.0,PEDRO CANARIO,Ausência de reação do condutor,Tombamento,Com Vítimas Feridas,Plena Noite,Decrescente,Céu Claro,Simples,Declive;Reta,Não,1.0,0.0,1.0,0.0,0.0,0.0,1.0,1.0,-18.29002497,-39.95475507,SPRF-ES,DEL04-ES,UOP02-DEL04-ES,2025-02-21 03:30:00,2025.0,2.0,3.0,madrugada,False,0,moderado,BR-101
662710.0,2025-02-21,sexta,13:06,ES,101.0,286.8,CARIACICA,Reação tardia ou ineficiente do condutor,Queda de ocupante de veículo,Com Vítimas Feridas,Pleno dia,Decrescente,Céu Claro,Dupla,Reta,Sim,1.0,0.0,0.0,1.0,0.0,0.0,1.0,1.0,-20.2649997,-40.38474977,SPRF-ES,DEL01-ES,UOP01-DEL01-ES,2025-02-21 13:06:00,2025.0,2.0,13.0,tarde,True,1,grave,BR-101
662714.0,2025-02-21,sexta,13:45,ES,101.0,327.0,GUARAPARI,Ausência de reação do condutor,Colisão com objeto,Com Vítimas Feridas,Pleno dia,Decrescente,Céu Claro,Dupla,Reta,Não,1.0,0.0,1.0,0.0,0.0,0.0,1.0,1.0,-20.53282676,-40.48427582,SPRF-ES,DEL03-ES,UOP01-DEL03-ES,2025-02-21 13:45:00,2025.0,2.0,13.0,tarde,True,0,moderado,BR-101
662765.0,2025-02-21,sexta,18:00,ES,101.0,279.2,SERRA,Demais falhas mecânicas ou elétricas,Colisão lateral mesmo sentido,Com Vítimas Feridas,Anoitecer,Decrescente,Céu Claro,Dupla,Reta,Não,2.0,0.0,1.0,0.0,1.0,0.0,1.0,2.0,-20.21834819,-40.33939362,SPRF-ES,DEL02-ES,UOP01-DEL02-ES,2025-02-21 18:00:00,2025.0,2.0,18.0,noite,True,0,moderado,BR-101
662785.0,2025-02-21,sexta,19:30,ES,101.0,161.0,LINHARES,Transitar na contramão,Colisão frontal,Com Vítimas Fatais,Plena Noite,Decrescente,Céu Claro,Simples,Reta,Não,3.0,2.0,1.0,0.0,0.0,0.0,1.0,2.0,-19.48456249,-40.12082267,SPRF-ES,DEL04-ES,UOP01-DEL04-ES,2025-02-21 19:30:00,2025.0,2.0,19.0,noite,False,1,fatal,BR-101
662787.0,2025-02-21,sexta,17:40,ES,262.0,168.0,IBATIBA,Ingestão de álcool pelo condutor,Saída de leito carroçável,Sem Vítimas,Pleno dia,Crescente,Nublado,Simples,Curva,Não,2.0,0.0,0.0,0.0,1.0,1.0,0.0,2.0,-20.2650207,-41.5737016,SPRF-ES,DEL01-ES,UOP02-DEL01-ES,2025-02-21 17:40:00,2025.0,2.0,17.0,tarde,False,0,baixo,BR-262
662814.0,2025-02-21,sexta,21:45,ES,262.0,56.0,MARECHAL FLORIANO,Desrespeitar a preferência no cruzamento,Colisão transversal,Sem Vítimas,Plena Noite,Decrescente,Céu Claro,Simples,Retorno Regulamentado,Sim,6.0,0.0,0.0,0.0,5.0,1.0,0.0,2.0,-20.413305,-40.758813,SPRF-ES,DEL01-ES,UOP01-DEL01-ES,2025-02-21 21:45:00,2025.0,2.0,21.0,noite,False,0,baixo,BR-262
662827.0,2025-02-21,sexta,23:00,ES,101.0,179.7,ARACRUZ,Transitar na contramão,Colisão frontal,Com Vítimas Fatais,Plena Noite,Crescente,Céu Claro,Dupla,Reta,Não,2.0,2.0,0.0,0.0,0.0,0.0,0.0,2.0,-19.6221091,-40.2194505,SPRF-ES,DEL04-ES,UOP01-DEL04-ES,2025-02-21 23:00:00,2025.0,2.0,23.0,noite,False,1,fatal,BR-101
662882.0,2025-02-22,sabado,09:05,ES,101.0,266.7,SERRA,Manobra de mudança de faixa,Tombamento,Com Vítimas Feridas,Pleno dia,Decrescente,Céu Claro,Dupla,Reta,Sim,1.0,0.0,0.0,1.0,0.0,0.0,1.0,1.0,-20.19446565,-40.26849747,SPRF-ES,DEL02-ES,UOP01-DEL02-ES,2025-02-22 09:05:00,2025.0,2.0,9.0,manha,True,1,grave,BR-101
662895.0,2025-02-22,sabado,10:26,ES,101.0,154.0,LINHARES,Demais falhas mecânicas ou elétricas,Tombamento,Com Vítimas Feridas,Pleno dia,Decrescente,Sol,Simples,Reta,Não,2.0,0.0,2.0,0.0,0.0,0.0,2.0,1.0,-19.4264286,-40.08086085,SPRF-ES,DEL04-ES,UOP01-DEL04-ES,2025-02-22 10:26:00,2025.0,2.0,10.0,manha,False,0,moderado,BR-101
662954.0,2025-02-22,sabado,15:20,ES,101.0,142.6,LINHARES,Reação tardia ou ineficiente do condutor,Colisão com objeto,Com Vítimas Feridas,Pleno dia,Crescente,Céu Claro,Dupla,Retorno Regulamentado;Reta,Sim,1.0,0.0,1.0,0.0,0.0,0.0,1.0,1.0,-19.33859829,-40.06563466,SPRF-ES,DEL04-ES,UOP01-DEL04-ES,2025-02-22 15:20:00,2025.0,2.0,15.0,tarde,False,0,moderado,BR-101
662969.0,2025-02-22,sabado,17:00,ES,262.0,34.0,DOMINGOS MARTINS,Conversão proibida,Colisão transversal,Com Vítimas Feridas,Pleno dia,Crescente,Céu Claro,Simples,Curva,Não,3.0,0.0,2.0,0.0,1.0,0.0,2.0,2.0,-20.3639,-40.6598,SPRF-ES,DEL01-ES,UOP01-DEL01-ES,2025-02-22 17:00:00,2025.0,2.0,17.0,tarde,False,0,moderado,BR-262
662997.0,2025-02-22,sabado,19:44,ES,101.0,253.0,SERRA,Acessar a via sem observar a presença dos outros veículos,Colisão frontal,Sem Vítimas,Plena Noite,Crescente,Ignorado,Simples,Reta,Não,2.0,0.0,0.0,0.0,2.0,0.0,0.0,2.0,-20.10449153,-40.33268452,SPRF-ES,DEL02-ES,UOP01-DEL02-ES,2025-02-22 19:44:00,2025.0,2.0,19.0,noite,True,0,baixo,BR-101
663000.0,2025-02-22,sabado,20:12,ES,101.0,261.2,SERRA,Retorno proibido,Colisão transversal,Com Vítimas Feridas,Plena Noite,Decrescente,Céu Claro,Dupla,Reta,Sim,2.0,0.0,0.0,1.0,1.0,0.0,1.0,2.0,-20.15022357,-40.27900749,SPRF-ES,DEL02-ES,UOP01-DEL02-ES,2025-02-22 20:12:00,2025.0,2.0,20.0,noite,True,1,grave,BR-101
663005.0,2025-02-22,sabado,19:40,ES,101.0,296.0,CARIACICA,Reação tardia ou ineficiente do condutor,Colisão traseira,Sem Vítimas,Plena Noite,Decrescente,Nublado,Múltipla,Reta,Sim,4.0,0.0,0.0,0.0,4.0,0.0,0.0,4.0,-20.34374309,-40.40738298,SPRF-ES,DEL01-ES,UOP01-DEL01-ES,2025-02-22 19:40:00,2025.0,2.0,19.0,noite,True,0,baixo,BR-101
663007.0,2025-02-22,sabado,20:36,ES,101.0,256.0,SERRA,Velocidade Incompatível,Colisão transversal,Com Vítimas Feridas,Plena Noite,Decrescente,Céu Claro,Simples,Declive;Reta,Sim,2.0,0.0,0.0,1.0,1.0,0.0,1.0,2.0,-20.12205432,-40.30606227,SPRF-ES,DEL02-ES,UOP01-DEL02-ES,2025-02-22 20:36:00,2025.0,2.0,20.0,noite,True,1,grave,BR-101
663060.0,2025-02-23,domingo,01:30,ES,101.0,262.3,SERRA,Manobra de mudança de faixa,Tombamento,Com Vítimas Feridas,Plena Noite,Crescente,Céu Claro,Dupla,Reta,Sim,1.0,0.0,0.0,1.0,0.0,0.0,1.0,1.0,-20.17287558,-40.26772499,SPRF-ES,DEL02-ES,UOP01-DEL02-ES,2025-02-23 01:30:00,2025.0,2.0,1.0,madrugada,True,1,grave,BR-101
663164.0,2025-02-23,domingo,13:50,ES,101.0,270.5,SERRA,Reação tardia ou ineficiente do condutor,Colisão transversal,Com Vítimas Feridas,Pleno dia,Decrescente,Céu Claro,Dupla,Interseção de Vias,Sim,3.0,0.0,2.0,0.0,1.0,0.0,2.0,2.0,-20.230717,-40.273077,SPRF-ES,DEL02-ES,UOP01-DEL02-ES,2025-02-23 13:50:00,2025.0,2.0,13.0,tarde,True,0,moderado,BR-101
663212.0,2025-02-23,domingo,18:30,ES,101.0,15.0,PEDRO CANARIO,Acessar a via sem observar a presença dos outros veículos,Colisão transversal,Com Vítimas Feridas,Plena Noite,Crescente,Céu Claro,Simples,Interseção de Vias,Não,3.0,0.0,2.0,0.0,0.0,1.0,2.0,2.0,-18.28999388,-39.95452881,SPRF-ES,DEL04-ES,UOP02-DEL04-ES,2025-02-23 18:30:00,2025.0,2.0,18.0,noite,False,0,moderado,BR-101
663231.0,2025-02-23,domingo,19:50,ES,101.0,208.0,JOAO NEIVA,Acessar a via sem observar a presença dos outros veículos,Atropelamento de Pedestre,Com Vítimas Feridas,Plena Noite,Decrescente,Nublado,Simples,Curva,Não,2.0,0.0,1.0,0.0,0.0,1.0,1.0,2.0,-19.7799385,-40.3717994,SPRF-ES,DEL02-ES,UOP01-DEL02-ES,2025-02-23 19:50:00,2025.0,2.0,19.0,noite,False,0,moderado,BR-101
663333.0,2025-02-24,segunda,07:20,ES,101.0,275.1,SERRA,Demais falhas mecânicas ou elétricas,Queda de ocupante de veículo,Com Vítimas Feridas,Pleno dia,Decrescente,Nublado,Dupla,Reta,Não,2.0,0.0,1.0,0.0,1.0,0.0,1.0,1.0,-20.207886,-40.3059966,SPRF-ES,DEL02-ES,UOP01-DEL02-ES,2025-02-24 07:20:00,2025.0,2.0,7.0,manha,True,0,moderado,BR-101
663336.0,2025-02-24,segunda,08:00,ES,101.0,297.0,VIANA,Chuva,Queda de ocupante de veículo,Com Vítimas Feridas,Pleno dia,Decrescente,Céu Claro,Dupla,Reta,Não,1.0,0.0,1.0,0.0,0.0,0.0,1.0,1.0,-20.35066256,-40.4129076,SPRF-ES,DEL01-ES,UOP01-DEL01-ES,2025-02-24 08:00:00,2025.0,2.0,8.0,manha,True,0,moderado,BR-101
663391.0,2025-02-24,segunda,12:45,ES,101.0,174.5,ARACRUZ,Desrespeitar a preferência no cruzamento,Colisão transversal,Com Vítimas Feridas,Pleno dia,Decrescente,Céu Claro,Simples,Interseção de Vias,Sim,2.0,0.0,1.0,0.0,1.0,0.0,1.0,2.0,-19.59774971,-40.2005589,SPRF-ES,DEL04-ES,UOP01-DEL04-ES,2025-02-24 12:45:00,2025.0,2.0,12.0,tarde,False,0,moderado,BR-101
663407.0,2025-02-24,segunda,13:15,ES,101.0,290.0,CARIACICA,Ausência de reação do condutor,Colisão com objeto,Com Vítimas Feridas,Pleno dia,Crescente,Céu Claro,Múltipla,Reta,Não,1.0,0.0,0.0,1.0,0.0,0.0,1.0,1.0,-20.31934019,-40.39518356,SPRF-ES,DEL01-ES,UOP01-DEL01-ES,2025-02-24 13:15:00,2025.0,2.0,13.0,tarde,True,1,grave,BR-101
663436.0,2025-02-24,segunda,13:00,ES,262.0,177.8,IRUPI,Acessar a via sem observar a presença dos outros veículos,Colisão transversal,Com Vítimas Feridas,Pleno dia,Crescente,Céu Claro,Simples,Curva,Não,2.0,0.0,1.0,0.0,1.0,0.0,1.0,2.0,-20.27339069,-41.60718537,SPRF-ES,DEL01-ES,UOP02-DEL01-ES,2025-02-24 13:00:00,2025.0,2.0,13.0,tarde,False,0,moderado,BR-262
663564.0,2025-02-25,terca,08:10,ES,101.0,219.0,IBIRACU,Condutor deixou de manter distância do veículo da frente,Colisão lateral mesmo sentido,Com Vítimas Feridas,Pleno dia,Decrescente,Nublado,Dupla,Curva,Não,2.0,0.0,1.0,0.0,1.0,0.0,1.0,2.0,-19.8646009,-40.3833662,SPRF-ES,DEL02-ES,UOP01-DEL02-ES,2025-02-25 08:10:00,2025.0,2.0,8.0,manha,False,0,moderado,BR-101
663624.0,2025-02-25,terca,14:50,ES,101.0,98.2,JAGUARE,Acessar a via sem observar a presença dos outros veículos,Colisão transversal,Com Vítimas Feridas,Pleno dia,Crescente,Céu Claro,Simples,Reta,Não,3.0,0.0,0.0,1.0,1.0,1.0,1.0,3.0,-18.9670338,-39.989233,SPRF-ES,DEL04-ES,UOP02-DEL04-ES,2025-02-25 14:50:00,2025.0,2.0,14.0,tarde,False,1,grave,BR-101
663765.0,2025-02-26,quarta,08:50,ES,101.0,335.0,GUARAPARI,Acumulo de óleo sobre o pavimento,Tombamento,Com Vítimas Feridas,Pleno dia,Decrescente,Sol,Simples,Aclive;Viaduto;Curva,Não,1.0,0.0,1.0,0.0,0.0,0.0,1.0,1.0,-20.52434115,-40.47863781,SPRF-ES,DEL03-ES,UOP01-DEL03-ES,2025-02-26 08:50:00,2025.0,2.0,8.0,manha,True,0,moderado,BR-101
663790.0,2025-02-26,quarta,09:30,ES,262.0,0.9,CARIACICA,Ausência de reação do condutor,Colisão com objeto,Com Vítimas Feridas,Pleno dia,Crescente,Céu Claro,Dupla,Reta,Não,1.0,0.0,0.0,1.0,0.0,0.0,1.0,1.0,-20.33023865,-40.35482168,SPRF-ES,DEL01-ES,UOP01-DEL01-ES,2025-02-26 09:30:00,2025.0,2.0,9.0,manha,True,1,grave,BR-262
663825.0,2025-02-26,quarta,14:40,ES,101.0,214.2,IBIRACU,Acessar a via sem observar a presença dos outros veículos,Atropelamento de Pedestre,Com Vítimas Feridas,Pleno dia,Crescente,Sol,Simples,Reta,Sim,2.0,0.0,1.0,0.0,1.0,0.0,1.0,2.0,-19.82720243,-40.36880851,SPRF-ES,DEL02-ES,UOP01-DEL02-ES,2025-02-26 14:40:00,2025.0,2.0,14.0,tarde,False,0,moderado,BR-101
663854.0,2025-02-26,quarta,16:20,ES,101.0,236.9,FUNDAO,Ultrapassagem Indevida,Colisão lateral sentido oposto,Com Vítimas Feridas,Pleno dia,Decrescente,Céu Claro,Simples,Reta,Não,3.0,0.0,1.0,0.0,2.0,0.0,1.0,2.0,-20.01252593,-40.40576443,SPRF-ES,DEL02-ES,UOP01-DEL02-ES,2025-02-26 16:20:00,2025.0,2.0,16.0,tarde,True,0,moderado,BR-101
663859.0,2025-02-26,quarta,17:30,ES,101.0,288.9,CARIACICA,Desrespeitar a preferência no cruzamento,Colisão transversal,Com Vítimas Feridas,Pleno dia,Decrescente,Céu Claro,Dupla,Reta;Retorno Regulamentado,Sim,2.0,0.0,0.0,1.0,1.0,0.0,1.0,2.0,-20.27905829,-40.39274454,SPRF-ES,DEL01-ES,UOP01-DEL01-ES,2025-02-26 17:30:00,2025.0,2.0,17.0,tarde,True,1,grave,BR-101
663948.0,2025-02-27,quinta,06:40,ES,101.0,290.7,CARIACICA,Trafegar com motocicleta (ou similar) entre as faixas,Tombamento,Com Vítimas Feridas,Pleno dia,Crescente,Céu Claro,Dupla,Retorno Regulamentado;Interseção de Vias;Reta,Sim,1.0,0.0,1.0,0.0,0.0,0.0,1.0,1.0,-20.29380473,-40.39307205,SPRF-ES,DEL01-ES,UOP01-DEL01-ES,2025-02-27 06:40:00,2025.0,2.0,6.0,manha,True,0,moderado,BR-101
663973.0,2025-02-27,quinta,09:00,ES,101.0,262.1,SERRA,Reação tardia ou ineficiente do condutor,Engavetamento,Com Vítimas Feridas,Pleno dia,Decrescente,Sol,Dupla,Retorno Regulamentado;Aclive;Reta,Sim,3.0,0.0,1.0,0.0,2.0,0.0,1.0,3.0,-20.1596343,-40.2759383,SPRF-ES,DEL02-ES,UOP01-DEL02-ES,2025-02-27 09:00:00,2025.0,2.0,9.0,manha,True,0,moderado,BR-101
664009.0,2025-02-27,quinta,12:50,ES,101.0,260.4,SERRA,Reação tardia ou ineficiente do condutor,Tombamento,Com Vítimas Feridas,Pleno dia,Decrescente,Céu Claro,Simples,Curva,Não,2.0,0.0,2.0,0.0,0.0,0.0,2.0,1.0,-20.1464183,-40.2823853,SPRF-ES,DEL02-ES,UOP01-DEL02-ES,2025-02-27 12:50:00,2025.0,2.0,12.0,tarde,True,0,moderado,BR-101
664010.0,2025-02-27,quinta,13:00,ES,101.0,266.0,SERRA,Ausência de reação do condutor,Colisão traseira,Com Vítimas Feridas,Pleno dia,Crescente,Céu Claro,Dupla,Reta,Sim,2.0,0.0,0.0,1.0,1.0,0.0,1.0,2.0,-20.195578,-40.268852,SPRF-ES,DEL02-ES,UOP01-DEL02-ES,2025-02-27 13:00:00,2025.0,2.0,13.0,tarde,True,1,grave,BR-101
664152.0,2025-02-28,sexta,07:00,ES,101.0,445.0,MIMOSO DO SUL,Acessar a via sem observar a presença dos outros veículos,Colisão transversal,Com Vítimas Feridas,Pleno dia,Crescente,Céu Claro,Simples,Reta,Não,2.0,0.0,1.0,1.0,0.0,0.0,2.0,2.0,-21.115537,-41.266551,SPRF-ES,DEL03-ES,UOP02-DEL03-ES,2025-02-28 07:00:00,2025.0,2.0,7.0,manha,False,1,grave,BR-101
664181.0,2025-02-28,sexta,09:30,ES,101.0,2.0,SERRA,Chuva,Saída de leito carroçável,Sem Vítimas,Pleno dia,Crescente,Garoa/Chuvisco,Dupla,Reta,Não,2.0,0.0,0.0,0.0,2.0,0.0,0.0,1.0,-20.0488573,-40.3866917,SPRF-ES,DEL04-ES,UOP02-DEL04-ES,2025-02-28 09:30:00,2025.0,2.0,9.0,manha,True,0,baixo,BR-101
664234.0,2025-02-28,sexta,14:20,ES,101.0,98.0,JAGUARE,Demais falhas mecânicas ou elétricas,Incêndio,Sem Vítimas,Pleno dia,Decrescente,Céu Claro,Simples,Reta,Não,2.0,0.0,0.0,0.0,2.0,0.0,0.0,1.0,-18.96084406,-39.98508453,SPRF-ES,DEL04-ES,UOP02-DEL04-ES,2025-02-28 14:20:00,2025.0,2.0,14.0,tarde,False,0,baixo,BR-101
664243.0,2025-02-28,sexta,14:50,ES,101.0,269.0,SERRA,Trafegar com motocicleta (ou similar) entre as faixas,Colisão lateral mesmo sentido,Com Vítimas Feridas,Pleno dia,Decrescente,Céu Claro,Dupla,Reta,Sim,2.0,0.0,1.0,0.0,1.0,0.0,1.0,2.0,-20.0488766,-40.3867382,SPRF-ES,DEL02-ES,UOP01-DEL02-ES,2025-02-28 14:50:00,2025.0,2.0,14.0,tarde,True,0,moderado,BR-101
664291.0,2025-02-28,sexta,17:15,ES,262.0,95.0,DOMINGOS MARTINS,Desrespeitar a preferência no cruzamento,Colisão transversal,Com Vítimas Feridas,Amanhecer,Crescente,Céu Claro,Simples,Interseção de Vias,Não,2.0,0.0,0.0,1.0,0.0,1.0,1.0,2.0,-20.3648847,-41.06233206,SPRF-ES,DEL01-ES,UOP02-DEL01-ES,2025-02-28 17:15:00,2025.0,2.0,17.0,tarde,False,1,grave,BR-262
664294.0,2025-02-28,sexta,18:35,ES,101.0,146.4,LINHARES,Condutor deixou de manter distância do veículo da frente,Engavetamento,Com Vítimas Feridas,Plena Noite,Crescente,Céu Claro,Múltipla,Reta,Sim,3.0,0.0,1.0,0.0,2.0,0.0,1.0,3.0,-19.37434984,-40.0659067,SPRF-ES,DEL04-ES,UOP01-DEL04-ES,2025-02-28 18:35:00,2025.0,2.0,18.0,noite,False,0,moderado,BR-101
664298.0,2025-02-28,sexta,19:00,ES,101.0,204.8,JOAO NEIVA,Acessar a via sem observar a presença dos outros veículos,Colisão transversal,Com Vítimas Feridas,Plena Noite,Crescente,Céu Claro,Simples,Interseção de Vias;Reta,Sim,3.0,0.0,1.0,0.0,2.0,0.0,1.0,2.0,-19.7577139,-40.36937714,SPRF-ES,DEL02-ES,UOP01-DEL02-ES,2025-02-28 19:00:00,2025.0,2.0,19.0,noite,False,0,moderado,BR-101
664300.0,2025-02-28,sexta,18:40,ES,101.0,167.7,LINHARES,Deficiência do Sistema de Iluminação/Sinalização,Colisão transversal,Com Vítimas Feridas,Plena Noite,Crescente,Céu Claro,Simples,Reta,Não,3.0,0.0,2.0,0.0,1.0,0.0,2.0,2.0,-19.4222632,-40.0779548,SPRF-ES,DEL04-ES,UOP01-DEL04-ES,2025-02-28 18:40:00,2025.0,2.0,18.0,noite,False,0,moderado,BR-101
664413.0,2025-03-01,sabado,06:00,ES,101.0,249.7,SERRA,Ausência de reação do condutor,Colisão frontal,Com Vítimas Feridas,Amanhecer,Crescente,Nublado,Simples,Reta,Sim,5.0,0.0,0.0,2.0,3.0,0.0,2.0,3.0,-20.0783513,-40.3514725,SPRF-ES,DEL02-ES,UOP01-DEL02-ES,2025-03-01 06:00:00,2025.0,3.0,6.0,manha,True,1,grave,BR-101
664417.0,2025-03-01,sabado,06:00,ES,262.0,79.1,DOMINGOS MARTINS,Ausência de reação do condutor,Colisão lateral sentido oposto,Com Vítimas Feridas,Pleno dia,Decrescente,Céu Claro,Simples,Curva,Não,8.0,0.0,7.0,1.0,0.0,0.0,8.0,2.0,-20.409564,-40.928933,SPRF-ES,DEL01-ES,UOP02-DEL01-ES,2025-03-01 06:00:00,2025.0,3.0,6.0,manha,False,1,grave,BR-262
664522.0,2025-03-01,sabado,15:10,ES,393.0,7.2,CACHOEIRO DE ITAPEMIRIM,Velocidade Incompatível,Saída de leito carroçável,Com Vítimas Feridas,Pleno dia,Decrescente,Céu Claro,Simples,Reta,Não,1.0,0.0,0.0,1.0,0.0,0.0,1.0,1.0,-20.82792406,-41.21012986,SPRF-ES,DEL03-ES,UOP02-DEL03-ES,2025-03-01 15:10:00,2025.0,3.0,15.0,tarde,False,1,grave,BR-393
664525.0,2025-02-05,quarta,15:50,ES,101.0,263.0,SERRA,Manobra de mudança de faixa,Colisão lateral mesmo sentido,Com Vítimas Feridas,Pleno dia,Crescente,Céu Claro,Dupla,Reta,Sim,2.0,0.0,1.0,0.0,1.0,0.0,1.0,2.0,-20.16554736,-40.27301648,SPRF-ES,DEL02-ES,UOP01-DEL02-ES,2025-02-05 15:50:00,2025.0,2.0,15.0,tarde,True,0,moderado,BR-101
664528.0,2025-03-01,sabado,15:30,ES,101.0,219.6,IBIRACU,Ausência de reação do condutor,Colisão lateral mesmo sentido,Com Vítimas Feridas,Pleno dia,Crescente,Céu Claro,Dupla,Curva,Sim,3.0,0.0,1.0,0.0,1.0,1.0,1.0,2.0,-19.83645623,-40.38043141,SPRF-ES,DEL02-ES,UOP01-DEL02-ES,2025-03-01 15:30:00,2025.0,3.0,15.0,tarde,False,0,moderado,BR-101
664587.0,2025-03-01,sabado,19:40,ES,259.0,65.9,COLATINA,Ultrapassagem Indevida,Colisão lateral sentido oposto,Com Vítimas Feridas,Plena Noite,Decrescente,Chuva,Simples,Reta,Não,3.0,0.0,0.0,1.0,2.0,0.0,1.0,2.0,-19.51892315,-40.71749836,SPRF-ES,DEL02-ES,UOP01-DEL02-ES,2025-03-01 19:40:00,2025.0,3.0,19.0,noite,False,1,grave,BR-259
664710.0,2025-03-02,domingo,09:40,ES,101.0,149.0,LINHARES,Condutor desrespeitou a iluminação vermelha do semáforo,Colisão transversal,Com Vítimas Feridas,Pleno dia,Decrescente,Céu Claro,Simples,Reta,Não,7.0,0.0,6.0,0.0,1.0,0.0,6.0,3.0,-19.399695,-40.062272,SPRF-ES,DEL04-ES,UOP01-DEL04-ES,2025-03-02 09:40:00,2025.0,3.0,9.0,manha,False,0,moderado,BR-101
664727.0,2025-03-02,domingo,11:35,ES,101.0,350.0,ANCHIETA,Velocidade Incompatível,Tombamento,Com Vítimas Feridas,Pleno dia,Crescente,Nublado,Dupla,Curva,Não,2.0,0.0,1.0,1.0,0.0,0.0,2.0,1.0,-20.659855,-40.648462,SPRF-ES,DEL03-ES,UOP01-DEL03-ES,2025-03-02 11:35:00,2025.0,3.0,11.0,manha,False,1,grave,BR-101
664807.0,2025-03-02,domingo,19:00,ES,101.0,169.0,LINHARES,Acessar a via sem observar a presença dos outros veículos,Colisão transversal,Com Vítimas Feridas,Plena Noite,Crescente,Céu Claro,Simples,Reta,Não,3.0,0.0,1.0,1.0,1.0,0.0,2.0,2.0,-19.54683,-40.166321,SPRF-ES,DEL04-ES,UOP01-DEL04-ES,2025-03-02 19:00:00,2025.0,3.0,19.0,noite,False,1,grave,BR-101
664828.0,2025-01-05,domingo,20:30,ES,101.0,258.8,SERRA,Pista Escorregadia,Capotamento,Com Vítimas Feridas,Pleno dia,Crescente,Chuva,Dupla,Reta,Sim,1.0,0.0,1.0,0.0,0.0,0.0,1.0,1.0,-20.13847031,-40.29231548,SPRF-ES,DEL02-ES,UOP01-DEL02-ES,2025-01-05 20:30:00,2025.0,1.0,20.0,noite,True,0,moderado,BR-101
664835.0,2025-01-06,segunda,05:50,ES,101.0,281.0,SERRA,Ausência de reação do condutor,Colisão lateral mesmo sentido,Com Vítimas Feridas,Amanhecer,Decrescente,Céu Claro,Dupla,Viaduto,Não,2.0,0.0,0.0,1.0,0.0,1.0,1.0,2.0,-20.22112792,-40.35720552,SPRF-ES,DEL02-ES,UOP01-DEL02-ES,2025-01-06 05:50:00,2025.0,1.0,5.0,madrugada,True,1,grave,BR-101
664948.0,2025-03-03,segunda,12:10,ES,101.0,354.0,ANCHIETA,Velocidade Incompatível,Saída de leito carroçável,Com Vítimas Feridas,Pleno dia,Decrescente,Chuva,Dupla,Curva,Não,3.0,0.0,1.0,0.0,2.0,0.0,1.0,1.0,-20.68453414,-40.67118287,SPRF-ES,DEL03-ES,UOP01-DEL03-ES,2025-03-03 12:10:00,2025.0,3.0,12.0,tarde,False,0,moderado,BR-101
664952.0,2025-01-15,quarta,12:10,ES,101.0,259.0,SERRA,Ausência de reação do condutor,Colisão com objeto,Com Vítimas Fatais,Pleno dia,Crescente,Nublado,Simples,Declive;Reta,Não,1.0,1.0,0.0,0.0,0.0,0.0,0.0,1.0,-20.138397,-40.292213,SPRF-ES,DEL02-ES,UOP01-DEL02-ES,2025-01-15 12:10:00,2025.0,1.0,12.0,tarde,True,1,fatal,BR-101
664961.0,2025-03-03,segunda,10:50,ES,262.0,34.0,DOMINGOS MARTINS,Reação tardia ou ineficiente do condutor,Colisão frontal,Com Vítimas Feridas,Pleno dia,Crescente,Nublado,Simples,Curva,Não,5.0,0.0,4.0,0.0,1.0,0.0,4.0,2.0,-20.37296567,-40.59235454,SPRF-ES,DEL01-ES,UOP01-DEL01-ES,2025-03-03 10:50:00,2025.0,3.0,10.0,manha,False,0,moderado,BR-262
665004.0,2025-03-03,segunda,17:10,ES,262.0,69.8,MARECHAL FLORIANO,Condutor deixou de manter distância do veículo da frente,Colisão traseira,Com Vítimas Feridas,Anoitecer,Crescente,Céu Claro,Simples,Reta,Não,4.0,0.0,3.0,0.0,1.0,0.0,3.0,2.0,-20.41640529,-40.86319685,SPRF-ES,DEL01-ES,UOP02-DEL01-ES,2025-03-03 17:10:00,2025.0,3.0,17.0,tarde,False,0,moderado,BR-262
665103.0,2025-03-04,terca,11:00,ES,101.0,278.9,SERRA,Ausência de reação do condutor,Saída de leito carroçável,Com Vítimas Feridas,Pleno dia,Crescente,Chuva,Simples,Curva;Aclive;Viaduto,Não,2.0,0.0,2.0,0.0,0.0,0.0,2.0,1.0,-20.21726296,-40.33709049,SPRF-ES,DEL02-ES,UOP01-DEL02-ES,2025-03-04 11:00:00,2025.0,3.0,11.0,manha,True,0,moderado,BR-101
665104.0,2025-03-04,terca,10:55,ES,259.0,8.0,JOAO NEIVA,Transitar na contramão,Colisão lateral sentido oposto,Com Vítimas Feridas,Pleno dia,Crescente,Céu Claro,Simples,Curva,Não,2.0,0.0,1.0,0.0,1.0,0.0,1.0,2.0,-19.691426,-40.388475,SPRF-ES,DEL02-ES,UOP01-DEL02-ES,2025-03-04 10:55:00,2025.0,3.0,10.0,manha,False,0,moderado,BR-259
665148.0,2025-03-04,terca,16:18,ES,101.0,269.0,FUNDAO,Condutor desrespeitou a iluminação vermelha do semáforo,Colisão transversal,Com Vítimas Feridas,Pleno dia,Decrescente,Garoa/Chuvisco,Dupla,Reta,Sim,3.0,0.0,0.0,1.0,2.0,0.0,1.0,2.0,-20.0245248,-40.1965056,SPRF-ES,DEL02-ES,UOP01-DEL02-ES,2025-03-04 16:18:00,2025.0,3.0,16.0,tarde,True,1,grave,BR-101
665264.0,2025-03-05,quarta,08:00,ES,101.0,293.0,CARIACICA,Frear bruscamente,Tombamento,Com Vítimas Feridas,Pleno dia,Decrescente,Céu Claro,Dupla,Aclive;Reta,Sim,1.0,0.0,1.0,0.0,0.0,0.0,1.0,1.0,-20.31608634,-40.39554259,SPRF-ES,DEL01-ES,UOP01-DEL01-ES,2025-03-05 08:00:00,2025.0,3.0,8.0,manha,True,0,moderado,BR-101
665292.0,2025-03-05,quarta,10:50,ES,262.0,105.4,VENDA NOVA DO IMIGRANTE,Reação tardia ou ineficiente do condutor,Colisão traseira,Com Vítimas Feridas,Pleno dia,Crescente,Céu Claro,Simples,Reta;Declive,Sim,2.0,0.0,2.0,0.0,0.0,0.0,2.0,2.0,-20.32507871,-41.14126408,SPRF-ES,DEL01-ES,UOP02-DEL01-ES,2025-03-05 10:50:00,2025.0,3.0,10.0,manha,False,0,moderado,BR-262
665303.0,2025-03-01,sabado,04:10,ES,259.0,79.0,COLATINA,Reação tardia ou ineficiente do condutor,Saída de leito carroçável,Sem Vítimas,Plena Noite,Crescente,Céu Claro,Simples,Reta,Não,1.0,0.0,0.0,0.0,0.0,1.0,0.0,1.0,-19.5207746,-40.829522,SPRF-ES,DEL02-ES,UOP01-DEL02-ES,2025-03-01 04:10:00,2025.0,3.0,4.0,madrugada,False,0,baixo,BR-259
665325.0,2025-03-05,quarta,13:50,ES,101.0,15.0,PEDRO CANARIO,Acessar a via sem observar a presença dos outros veículos,Colisão transversal,Com Vítimas Feridas,Pleno dia,Crescente,Céu Claro,Múltipla,Reta,Sim,2.0,0.0,1.0,0.0,1.0,0.0,1.0,2.0,-18.290445,-39.955321,SPRF-ES,DEL04-ES,UOP02-DEL04-ES,2025-03-05 13:50:00,2025.0,3.0,13.0,tarde,False,0,moderado,BR-101
665442.0,2025-03-06,quinta,07:42,ES,101.0,276.0,SERRA,Animais na Pista,Colisão frontal,Com Vítimas Feridas,Pleno dia,Decrescente,Céu Claro,Dupla,Reta,Não,2.0,0.0,2.0,0.0,0.0,0.0,2.0,2.0,-20.2091426,-40.3077458,SPRF-ES,DEL02-ES,UOP01-DEL02-ES,2025-03-06 07:42:00,2025.0,3.0,7.0,manha,True,0,moderado,BR-101
665460.0,2025-03-06,quinta,08:59,ES,101.0,267.8,SERRA,Trafegar com motocicleta (ou similar) entre as faixas,Colisão lateral mesmo sentido,Com Vítimas Feridas,Pleno dia,Crescente,Céu Claro,Múltipla,Reta,Sim,2.0,0.0,0.0,1.0,1.0,0.0,1.0,2.0,-20.048846,-40.386408,SPRF-ES,DEL02-ES,UOP01-DEL02-ES,2025-03-06 08:59:00,2025.0,3.0,8.0,manha,True,1,grave,BR-101
665467.0,2025-03-06,quinta,08:00,ES,101.0,268.7,SERRA,Manobra de mudança de faixa,Colisão lateral mesmo sentido,Com Vítimas Feridas,Pleno dia,Crescente,Céu Claro,Múltipla,Reta,Não,2.0,0.0,1.0,0.0,1.0,0.0,1.0,2.0,-20.21026189,-40.26943177,SPRF-ES,DEL02-ES,UOP01-DEL02-ES,2025-03-06 08:00:00,2025.0,3.0,8.0,manha,True,0,moderado,BR-101
665503.0,2025-03-06,quinta,12:27,ES,262.0,19.0,VIANA,Acesso irregular,Colisão transversal,Com Vítimas Feridas,Pleno dia,Crescente,Céu Claro,Simples,Reta,Sim,2.0,0.0,0.0,1.0,1.0,0.0,1.0,2.0,-20.39245272,-40.48893213,SPRF-ES,DEL01-ES,UOP01-DEL01-ES,2025-03-06 12:27:00,2025.0,3.0,12.0,tarde,True,1,grave,BR-262
665545.0,2025-03-06,quinta,16:40,ES,101.0,260.0,SERRA,Manobra de mudança de faixa,Tombamento,Com Vítimas Feridas,Pleno dia,Decrescente,Céu Claro,Dupla,Aclive;Reta,Sim,1.0,0.0,1.0,0.0,0.0,0.0,1.0,1.0,-20.14643123,-40.28737982,SPRF-ES,DEL02-ES,UOP01-DEL02-ES,2025-03-06 16:40:00,2025.0,3.0,16.0,tarde,True,0,moderado,BR-101
665546.0,2025-03-06,quinta,16:45,ES,262.0,160.5,IBATIBA,Acessar a via sem observar a presença dos outros veículos,Colisão lateral mesmo sentido,Com Vítimas Feridas,Pleno dia,Crescente,Nublado,Simples,Aclive,Não,2.0,0.0,1.0,1.0,0.0,0.0,2.0,2.0,-20.23747574,-41.52050972,SPRF-ES,DEL01-ES,UOP02-DEL01-ES,2025-03-06 16:45:00,2025.0,3.0,16.0,tarde,False,1,grave,BR-262
665548.0,2025-03-06,quinta,16:40,ES,101.0,139.0,LINHARES,Demais falhas mecânicas ou elétricas,Queda de ocupante de veículo,Com Vítimas Feridas,Pleno dia,Crescente,Céu Claro,Simples,Reta,Não,2.0,0.0,2.0,0.0,0.0,0.0,2.0,1.0,-19.306677,-40.081756,SPRF-ES,DEL04-ES,UOP01-DEL04-ES,2025-03-06 16:40:00,2025.0,3.0,16.0,tarde,False,0,moderado,BR-101
665636.0,2025-03-07,sexta,06:09,ES,101.0,424.0,ATILIO VIVACQUA,Condutor Dormindo,Colisão com objeto,Com Vítimas Feridas,Amanhecer,Decrescente,Céu Claro,Simples,Reta,Não,3.0,0.0,3.0,0.0,0.0,0.0,3.0,1.0,-21.0095633,-41.1452918,SPRF-ES,DEL03-ES,UOP02-DEL03-ES,2025-03-07 06:09:00,2025.0,3.0,6.0,manha,False,0,moderado,BR-101
665724.0,2025-03-07,sexta,10:00,ES,101.0,66.0,SAO MATEUS,Acessar a via sem observar a presença dos outros veículos,Colisão lateral mesmo sentido,Com Vítimas Feridas,Pleno dia,Crescente,Céu Claro,Dupla,Reta,Sim,2.0,0.0,1.0,0.0,1.0,0.0,1.0,2.0,-18.7153374,-39.87708807,SPRF-ES,DEL04-ES,UOP02-DEL04-ES,2025-03-07 10:00:00,2025.0,3.0,10.0,manha,False,0,moderado,BR-101
665731.0,2025-03-07,sexta,12:20,ES,393.0,2.4,CACHOEIRO DE ITAPEMIRIM,Transtornos Mentais (exceto suicidio),Atropelamento de Pedestre,Com Vítimas Feridas,Pleno dia,Crescente,Céu Claro,Simples,Reta,Sim,2.0,0.0,1.0,1.0,0.0,0.0,2.0,2.0,-20.832164,-41.178164,SPRF-ES,DEL03-ES,UOP02-DEL03-ES,2025-03-07 12:20:00,2025.0,3.0,12.0,tarde,False,1,grave,BR-393
665768.0,2025-03-07,sexta,16:40,ES,101.0,392.3,RIO NOVO DO SUL,Acessar a via sem observar a presença dos outros veículos,Colisão transversal,Com Vítimas Feridas,Pleno dia,Crescente,Nublado,Simples,Interseção de Vias,Não,2.0,0.0,1.0,0.0,1.0,0.0,1.0,2.0,-20.8673897,-40.9044014,SPRF-ES,DEL03-ES,UOP02-DEL03-ES,2025-03-07 16:40:00,2025.0,3.0,16.0,tarde,False,0,moderado,BR-101
665775.0,2025-03-07,sexta,17:20,ES,101.0,296.9,CARIACICA,Avarias e/ou desgaste excessivo no pneu,Tombamento,Com Vítimas Feridas,Pleno dia,Decrescente,Céu Claro,Dupla,Reta,Sim,2.0,0.0,2.0,0.0,0.0,0.0,2.0,1.0,-20.344795,-40.409725,SPRF-ES,DEL01-ES,UOP01-DEL01-ES,2025-03-07 17:20:00,2025.0,3.0,17.0,tarde,True,0,moderado,BR-101
665817.0,2025-03-07,sexta,20:41,ES,101.0,291.7,CARIACICA,Frear bruscamente,Colisão traseira,Com Vítimas Feridas,Plena Noite,Decrescente,Céu Claro,Dupla,Reta,Não,2.0,0.0,1.0,0.0,0.0,1.0,1.0,2.0,-20.3048807,-40.39483925,SPRF-ES,DEL01-ES,UOP01-DEL01-ES,2025-03-07 20:41:00,2025.0,3.0,20.0,noite,True,0,moderado,BR-101
665894.0,2025-03-08,sabado,08:27,ES,262.0,33.0,DOMINGOS MARTINS,Acessar a via sem observar a presença dos outros veículos,Colisão transversal,Com Vítimas Feridas,Pleno dia,Crescente,Céu Claro,Dupla,Reta,Não,2.0,0.0,0.0,1.0,1.0,0.0,1.0,2.0,-20.375474,-40.584106,SPRF-ES,DEL01-ES,UOP01-DEL01-ES,2025-03-08 08:27:00,2025.0,3.0,8.0,manha,False,1,grave,BR-262
665906.0,2025-03-08,sabado,09:04,ES,101.0,269.0,SERRA,Condutor desrespeitou a iluminação vermelha do semáforo,Colisão transversal,Com Vítimas Feridas,Pleno dia,Crescente,Nublado,Simples,Reta,Não,3.0,0.0,0.0,1.0,2.0,0.0,1.0,2.0,-20.054016,-40.3800064,SPRF-ES,DEL02-ES,UOP01-DEL02-ES,2025-03-08 09:04:00,2025.0,3.0,9.0,manha,True,1,grave,BR-101
665972.0,2025-03-08,sabado,16:15,ES,101.0,288.0,CARIACICA,Demais falhas mecânicas ou elétricas,Incêndio,Sem Vítimas,Pleno dia,Crescente,Céu Claro,Dupla,Reta,Sim,1.0,0.0,0.0,0.0,1.0,0.0,0.0,1.0,-20.27631767,-40.39238821,SPRF-ES,DEL01-ES,UOP01-DEL01-ES,2025-03-08 16:15:00,2025.0,3.0,16.0,tarde,True,0,baixo,BR-101
665982.0,2025-03-08,sabado,17:15,ES,101.0,314.0,VILA VELHA,Reação tardia ou ineficiente do condutor,Queda de ocupante de veículo,Com Vítimas Feridas,Pleno dia,Decrescente,Céu Claro,Dupla,Reta,Não,1.0,0.0,1.0,0.0,0.0,0.0,1.0,1.0,-20.4625531,-40.4651956,SPRF-ES,DEL01-ES,UOP01-DEL01-ES,2025-03-08 17:15:00,2025.0,3.0,17.0,tarde,True,0,moderado,BR-101
665986.0,2025-03-08,sabado,17:30,ES,101.0,108.3,SOORETAMA,Acessar a via sem observar a presença dos outros veículos,Colisão traseira,Com Vítimas Fatais,Pleno dia,Decrescente,Céu Claro,Simples,Reta,Não,2.0,1.0,0.0,0.0,1.0,0.0,0.0,2.0,-19.04860232,-40.02819031,SPRF-ES,DEL04-ES,UOP01-DEL04-ES,2025-03-08 17:30:00,2025.0,3.0,17.0,tarde,False,1,fatal,BR-101
666128.0,2025-03-09,domingo,10:45,ES,101.0,288.2,CARIACICA,Reação tardia ou ineficiente do condutor,Tombamento,Com Vítimas Feridas,Pleno dia,Decrescente,Céu Claro,Dupla,Reta,Sim,2.0,0.0,2.0,0.0,0.0,0.0,2.0,1.0,-20.27436921,-40.39206851,SPRF-ES,DEL01-ES,UOP01-DEL01-ES,2025-03-09 10:45:00,2025.0,3.0,10.0,manha,True,0,moderado,BR-101
666161.0,2025-03-09,domingo,09:00,ES,262.0,80.0,DOMINGOS MARTINS,Reação tardia ou ineficiente do condutor,Tombamento,Com Vítimas Feridas,Pleno dia,Decrescente,Céu Claro,Simples,Declive;Reta,Não,1.0,0.0,1.0,0.0,0.0,0.0,1.0,1.0,-20.409002,-40.935514,SPRF-ES,DEL01-ES,UOP02-DEL01-ES,2025-03-09 09:00:00,2025.0,3.0,9.0,manha,False,0,moderado,BR-262
666165.0,2025-03-09,domingo,14:45,ES,101.0,270.0,SERRA,Desrespeitar a preferência no cruzamento,Colisão transversal,Com Vítimas Feridas,Pleno dia,Decrescente,Céu Claro,Dupla,Interseção de Vias,Sim,2.0,0.0,0.0,1.0,1.0,0.0,1.0,2.0,-20.22207531,-40.27021162,SPRF-ES,DEL02-ES,UOP01-DEL02-ES,2025-03-09 14:45:00,2025.0,3.0,14.0,tarde,True,1,grave,BR-101
666175.0,2025-03-09,domingo,17:15,ES,101.0,265.5,SERRA,Manobra de mudança de faixa,Colisão lateral mesmo sentido,Com Vítimas Feridas,Anoitecer,Decrescente,Céu Claro,Dupla,Reta,Sim,4.0,0.0,1.0,0.0,1.0,2.0,1.0,3.0,-20.188112,-40.268147,SPRF-ES,DEL02-ES,UOP01-DEL02-ES,2025-03-09 17:15:00,2025.0,3.0,17.0,tarde,True,0,moderado,BR-101
666257.0,2025-03-09,domingo,21:55,ES,101.0,308.2,VIANA,Acessar a via sem observar a presença dos outros veículos,Atropelamento de Pedestre,Com Vítimas Feridas,Plena Noite,Crescente,Céu Claro,Múltipla,Reta,Sim,3.0,0.0,0.0,1.0,0.0,2.0,1.0,2.0,-20.4194822,-40.4578394,SPRF-ES,DEL01-ES,UOP01-DEL01-ES,2025-03-09 21:55:00,2025.0,3.0,21.0,noite,True,1,grave,BR-101
666293.0,2025-03-10,segunda,04:40,ES,101.0,159.8,LINHARES,Animais na Pista,Atropelamento de Animal,Com Vítimas Feridas,Amanhecer,Crescente,Céu Claro,Simples,Reta,Não,1.0,0.0,0.0,1.0,0.0,0.0,1.0,1.0,-19.4756755,-40.1136392,SPRF-ES,DEL04-ES,UOP01-DEL04-ES,2025-03-10 04:40:00,2025.0,3.0,4.0,madrugada,False,1,grave,BR-101
666313.0,2025-03-10,segunda,07:30,ES,101.0,263.9,SERRA,Retorno proibido,Colisão traseira,Com Vítimas Feridas,Pleno dia,Crescente,Sol,Dupla,Aclive;Interseção de Vias;Reta,Sim,3.0,0.0,1.0,1.0,0.0,1.0,2.0,2.0,-20.17318412,-40.26727312,SPRF-ES,DEL02-ES,UOP01-DEL02-ES,2025-03-10 07:30:00,2025.0,3.0,7.0,manha,True,1,grave,BR-101
666404.0,2025-03-10,segunda,16:40,ES,101.0,140.5,LINHARES,Mal súbito do condutor,Colisão transversal,Com Vítimas Feridas,Anoitecer,Decrescente,Céu Claro,Simples,Reta,Não,3.0,0.0,1.0,0.0,2.0,0.0,1.0,2.0,-19.321568,-40.07417,SPRF-ES,DEL04-ES,UOP01-DEL04-ES,2025-03-10 16:40:00,2025.0,3.0,16.0,tarde,False,0,moderado,BR-101
666425.0,2025-03-10,segunda,17:45,ES,262.0,157.0,IBATIBA,Velocidade Incompatível,Colisão frontal,Com Vítimas Feridas,Anoitecer,Crescente,Nublado,Dupla,Curva,Sim,3.0,0.0,2.0,0.0,1.0,0.0,2.0,2.0,-20.23091789,-41.49991438,SPRF-ES,DEL01-ES,UOP02-DEL01-ES,2025-03-10 17:45:00,2025.0,3.0,17.0,tarde,False,0,moderado,BR-262
666488.0,2025-03-11,terca,06:00,ES,101.0,176.5,ARACRUZ,Acessar a via sem observar a presença dos outros veículos,Colisão transversal,Com Vítimas Feridas,Pleno dia,Crescente,Céu Claro,Simples,Reta,Sim,6.0,0.0,1.0,0.0,5.0,0.0,1.0,2.0,-19.597018,-40.20016,SPRF-ES,DEL04-ES,UOP01-DEL04-ES,2025-03-11 06:00:00,2025.0,3.0,6.0,manha,False,0,moderado,BR-101
666639.0,2025-03-11,terca,18:57,ES,101.0,270.0,SERRA,Reação tardia ou ineficiente do condutor,Colisão lateral mesmo sentido,Com Vítimas Feridas,Plena Noite,Decrescente,Céu Claro,Múltipla,Reta,Sim,2.0,0.0,1.0,0.0,1.0,0.0,1.0,2.0,-20.230644,-40.273011,SPRF-ES,DEL02-ES,UOP01-DEL02-ES,2025-03-11 18:57:00,2025.0,3.0,18.0,noite,True,0,moderado,BR-101
666660.0,2025-03-11,terca,22:40,ES,101.0,273.4,SERRA,Transitar na contramão,Colisão frontal,Com Vítimas Feridas,Plena Noite,Decrescente,Céu Claro,Múltipla,Reta;Declive,Não,2.0,0.0,0.0,1.0,0.0,1.0,1.0,2.0,-20.21683,-40.29342,SPRF-ES,DEL02-ES,UOP01-DEL02-ES,2025-03-11 22:40:00,2025.0,3.0,22.0,noite,True,1,grave,BR-101
666687.0,2025-03-12,quarta,07:14,ES,447.0,14.0,VILA VELHA,Falta de acostamento,Colisão lateral mesmo sentido,Com Vítimas Fatais,Pleno dia,Decrescente,Céu Claro,Dupla,Reta,Sim,2.0,1.0,0.0,0.0,1.0,0.0,0.0,2.0,-20.3520306,-40.33355713,SPRF-ES,DEL01-ES,UOP01-DEL01-ES,2025-03-12 07:14:00,2025.0,3.0,7.0,manha,True,1,fatal,BR-447
666720.0,2025-02-12,quarta,17:20,ES,101.0,142.0,LINHARES,Manobra de mudança de faixa,Colisão lateral mesmo sentido,Com Vítimas Feridas,Pleno dia,Crescente,Céu Claro,Múltipla,Reta,Sim,2.0,0.0,0.0,1.0,1.0,0.0,1.0,2.0,-19.33458987,-40.06755477,SPRF-ES,DEL04-ES,UOP01-DEL04-ES,2025-02-12 17:20:00,2025.0,2.0,17.0,tarde,False,1,grave,BR-101
666750.0,2025-03-12,quarta,12:41,ES,101.0,297.0,CARIACICA,Ausência de reação do condutor,Tombamento,Com Vítimas Feridas,Pleno dia,Crescente,Céu Claro,Dupla,Reta,Sim,1.0,0.0,1.0,0.0,0.0,0.0,1.0,1.0,-20.348363,-40.411917,SPRF-ES,DEL01-ES,UOP01-DEL01-ES,2025-03-12 12:41:00,2025.0,3.0,12.0,tarde,True,0,moderado,BR-101
666760.0,2025-03-12,quarta,11:40,ES,262.0,34.0,DOMINGOS MARTINS,Condutor deixou de manter distância do veículo da frente,Colisão traseira,Com Vítimas Feridas,Pleno dia,Crescente,Sol,Simples,Curva,Não,2.0,0.0,1.0,0.0,0.0,1.0,1.0,2.0,-20.3728647,-40.5922998,SPRF-ES,DEL01-ES,UOP01-DEL01-ES,2025-03-12 11:40:00,2025.0,3.0,11.0,manha,False,0,moderado,BR-262
666811.0,2025-03-12,quarta,16:50,ES,101.0,422.6,ATILIO VIVACQUA,Ausência de reação do condutor,Saída de leito carroçável,Com Vítimas Feridas,Pleno dia,Decrescente,Céu Claro,Simples,Curva,Não,1.0,0.0,0.0,1.0,0.0,0.0,1.0,1.0,-20.98623007,-41.118398,SPRF-ES,DEL03-ES,UOP02-DEL03-ES,2025-03-12 16:50:00,2025.0,3.0,16.0,tarde,False,1,grave,BR-101
666888.0,2025-03-13,quinta,07:20,ES,101.0,407.8,ITAPEMIRIM,Velocidade Incompatível,Saída de leito carroçável,Com Vítimas Feridas,Pleno dia,Crescente,Céu Claro,Simples,Curva,Não,1.0,0.0,1.0,0.0,0.0,0.0,1.0,1.0,-20.88981252,-41.03637988,SPRF-ES,DEL03-ES,UOP02-DEL03-ES,2025-03-13 07:20:00,2025.0,3.0,7.0,manha,False,0,moderado,BR-101
666937.0,2025-03-13,quinta,11:35,ES,262.0,30.5,VIANA,Manobra de mudança de faixa,Colisão lateral mesmo sentido,Com Vítimas Feridas,Pleno dia,Crescente,Céu Claro,Dupla,Curva,Não,3.0,0.0,1.0,0.0,2.0,0.0,1.0,3.0,-20.37925261,-40.53523242,SPRF-ES,DEL01-ES,UOP01-DEL01-ES,2025-03-13 11:35:00,2025.0,3.0,11.0,manha,True,0,moderado,BR-262
666996.0,2025-03-13,quinta,17:40,ES,101.0,211.2,SERRA,Desrespeitar a preferência no cruzamento,Colisão frontal,Com Vítimas Feridas,Anoitecer,Crescente,Nublado,Simples,Reta,Sim,2.0,0.0,0.0,1.0,1.0,0.0,1.0,2.0,-20.0488509,-40.3866993,SPRF-ES,DEL02-ES,UOP01-DEL02-ES,2025-03-13 17:40:00,2025.0,3.0,17.0,tarde,True,1,grave,BR-101
667027.0,2025-03-13,quinta,19:41,ES,101.0,266.0,SERRA,Entrada inopinada do pedestre,Atropelamento de Pedestre,Com Vítimas Feridas,Plena Noite,Crescente,Céu Claro,Dupla,Reta,Sim,3.0,0.0,1.0,0.0,2.0,0.0,1.0,3.0,-20.1969,-40.2684,SPRF-ES,DEL02-ES,UOP01-DEL02-ES,2025-03-13 19:41:00,2025.0,3.0,19.0,noite,True,0,moderado,BR-101
667047.0,2025-03-13,quinta,19:15,ES,101.0,293.9,CARIACICA,Condutor deixou de manter distância do veículo da frente,Colisão lateral mesmo sentido,Com Vítimas Feridas,Pleno dia,Crescente,Céu Claro,Dupla,Reta;Viaduto,Sim,3.0,0.0,2.0,0.0,1.0,0.0,2.0,2.0,-20.322713,-40.39506245,SPRF-ES,DEL01-ES,UOP01-DEL01-ES,2025-03-13 19:15:00,2025.0,3.0,19.0,noite,True,0,moderado,BR-101
667107.0,2025-03-14,sexta,07:05,ES,101.0,233.0,FUNDAO,Manobra de mudança de faixa,Tombamento,Com Vítimas Feridas,Pleno dia,Decrescente,Céu Claro,Simples,Reta,Não,1.0,0.0,1.0,0.0,0.0,0.0,1.0,1.0,-19.95006878,-40.40934324,SPRF-ES,DEL02-ES,UOP01-DEL02-ES,2025-03-14 07:05:00,2025.0,3.0,7.0,manha,True,0,moderado,BR-101
667111.0,2025-03-14,sexta,07:20,ES,101.0,279.3,SERRA,Condutor deixou de manter distância do veículo da frente,Colisão traseira,Com Vítimas Feridas,Pleno dia,Decrescente,Céu Claro,Múltipla,Reta,Não,3.0,0.0,2.0,0.0,1.0,0.0,2.0,2.0,-20.21823157,-40.3393887,SPRF-ES,DEL02-ES,UOP01-DEL02-ES,2025-03-14 07:20:00,2025.0,3.0,7.0,manha,True,0,moderado,BR-101
667146.0,2025-03-14,sexta,09:56,ES,101.0,285.0,CARIACICA,Pedestre cruzava a pista fora da faixa,Atropelamento de Pedestre,Com Vítimas Feridas,Pleno dia,Decrescente,Céu Claro,Múltipla,Aclive;Reta,Sim,2.0,0.0,1.0,1.0,0.0,0.0,2.0,2.0,-20.31527463,-40.395509,SPRF-ES,DEL01-ES,UOP01-DEL01-ES,2025-03-14 09:56:00,2025.0,3.0,9.0,manha,True,1,grave,BR-101
667157.0,2025-03-14,sexta,10:40,ES,101.0,290.5,CARIACICA,Acessar a via sem observar a presença dos outros veículos,Colisão transversal,Com Vítimas Feridas,Pleno dia,Crescente,Céu Claro,Dupla,Reta,Sim,3.0,0.0,0.0,2.0,1.0,0.0,2.0,2.0,-20.29389209,-40.39285994,SPRF-ES,DEL01-ES,UOP01-DEL01-ES,2025-03-14 10:40:00,2025.0,3.0,10.0,manha,True,1,grave,BR-101
667199.0,2025-03-07,sexta,22:10,ES,259.0,30.8,COLATINA,Velocidade Incompatível,Colisão traseira,Com Vítimas Feridas,Plena Noite,Crescente,Céu Claro,Simples,Reta,Não,2.0,0.0,1.0,0.0,1.0,0.0,1.0,2.0,-19.58667,-40.50897,SPRF-ES,DEL02-ES,UOP01-DEL02-ES,2025-03-07 22:10:00,2025.0,3.0,22.0,noite,False,0,moderado,BR-259
667205.0,2025-03-14,sexta,15:13,ES,101.0,278.2,SERRA,Manobra de mudança de faixa,Tombamento,Com Vítimas Feridas,Pleno dia,Crescente,Céu Claro,Simples,Interseção de Vias,Sim,1.0,0.0,0.0,1.0,0.0,0.0,1.0,1.0,-20.054016,-40.3800064,SPRF-ES,DEL02-ES,UOP01-DEL02-ES,2025-03-14 15:13:00,2025.0,3.0,15.0,tarde,True,1,grave,BR-101
667260.0,2025-03-14,sexta,19:34,ES,101.0,269.0,SERRA,Acessar a via sem observar a presença dos outros veículos,Colisão transversal,Com Vítimas Feridas,Plena Noite,Crescente,Nublado,Múltipla,Reta;Interseção de Vias,Sim,2.0,0.0,1.0,0.0,1.0,0.0,1.0,2.0,-20.20620719,-40.26934736,SPRF-ES,DEL02-ES,UOP01-DEL02-ES,2025-03-14 19:34:00,2025.0,3.0,19.0,noite,True,0,moderado,BR-101
667271.0,2025-03-14,sexta,20:57,ES,101.0,262.0,SERRA,Reação tardia ou ineficiente do condutor,Tombamento,Com Vítimas Feridas,Plena Noite,Crescente,Céu Claro,Simples,Reta,Não,1.0,0.0,1.0,0.0,0.0,0.0,1.0,1.0,-20.15744099,-40.27716398,SPRF-ES,DEL02-ES,UOP01-DEL02-ES,2025-03-14 20:57:00,2025.0,3.0,20.0,noite,True,0,moderado,BR-101
667387.0,2025-03-15,sabado,11:00,ES,101.0,426.0,ATILIO VIVACQUA,Velocidade Incompatível,Saída de leito carroçável,Com Vítimas Feridas,Pleno dia,Crescente,Céu Claro,Simples,Rotatória;Curva,Não,1.0,0.0,1.0,0.0,0.0,0.0,1.0,1.0,-21.01072177,-41.14598628,SPRF-ES,DEL03-ES,UOP02-DEL03-ES,2025-03-15 11:00:00,2025.0,3.0,11.0,manha,False,0,moderado,BR-101
667435.0,2025-03-15,sabado,12:30,ES,262.0,166.0,IBATIBA,Acessar a via sem observar a presença dos outros veículos,Colisão transversal,Com Vítimas Feridas,Pleno dia,Decrescente,Céu Claro,Simples,Interseção de Vias;Curva,Não,3.0,0.0,2.0,0.0,0.0,1.0,2.0,2.0,-20.251577,-41.563633,SPRF-ES,DEL01-ES,UOP02-DEL01-ES,2025-03-15 12:30:00,2025.0,3.0,12.0,tarde,False,0,moderado,BR-262
667452.0,2025-03-15,sabado,19:00,ES,101.0,66.4,SAO MATEUS,Condutor deixou de manter distância do veículo da frente,Colisão traseira,Com Vítimas Feridas,Anoitecer,Decrescente,Céu Claro,Dupla,Reta,Sim,3.0,0.0,2.0,0.0,0.0,1.0,2.0,2.0,-18.6489283,-39.8736035,SPRF-ES,DEL04-ES,UOP02-DEL04-ES,2025-03-15 19:00:00,2025.0,3.0,19.0,noite,False,0,moderado,BR-101
667455.0,2025-03-15,sabado,19:30,ES,262.0,116.4,CONCEICAO DO CASTELO,Transitar na contramão,Colisão lateral sentido oposto,Com Vítimas Feridas,Plena Noite,Crescente,Chuva,Simples,Declive;Reta,Não,2.0,0.0,1.0,0.0,1.0,0.0,1.0,2.0,-20.314928,-41.23386,SPRF-ES,DEL01-ES,UOP02-DEL01-ES,2025-03-15 19:30:00,2025.0,3.0,19.0,noite,False,0,moderado,BR-262
667497.0,2025-03-15,sabado,21:25,ES,101.0,146.6,LINHARES,Conversão proibida,Colisão transversal,Com Vítimas Feridas,Plena Noite,Crescente,Céu Claro,Simples,Interseção de Vias,Sim,3.0,0.0,2.0,0.0,1.0,0.0,2.0,2.0,-19.39827778,-40.06336212,SPRF-ES,DEL04-ES,UOP01-DEL04-ES,2025-03-15 21:25:00,2025.0,3.0,21.0,noite,False,0,moderado,BR-101
667515.0,2025-03-15,sabado,23:26,ES,101.0,300.2,VIANA,Condutor Dormindo,Capotamento,Com Vítimas Feridas,Plena Noite,Decrescente,Céu Claro,Dupla,Reta,Sim,1.0,0.0,1.0,0.0,0.0,0.0,1.0,1.0,-20.359502,-40.433562,SPRF-ES,DEL01-ES,UOP01-DEL01-ES,2025-03-15 23:26:00,2025.0,3.0,23.0,noite,True,0,moderado,BR-101
667552.0,2025-03-16,domingo,06:30,ES,101.0,243.0,SERRA,Ultrapassagem Indevida,Colisão lateral mesmo sentido,Com Vítimas Feridas,Pleno dia,Decrescente,Céu Claro,Simples,Reta,Não,2.0,0.0,1.0,0.0,0.0,1.0,1.0,2.0,-20.0488468,-40.3867006,SPRF-ES,DEL02-ES,UOP01-DEL02-ES,2025-03-16 06:30:00,2025.0,3.0,6.0,manha,True,0,moderado,BR-101
667578.0,2025-03-16,domingo,09:56,ES,101.0,308.0,VIANA,Avarias e/ou desgaste excessivo no pneu,Queda de ocupante de veículo,Com Vítimas Feridas,Pleno dia,Crescente,Céu Claro,Dupla,Reta,Não,2.0,0.0,1.0,1.0,0.0,0.0,2.0,1.0,-20.414173,-40.459802,SPRF-ES,DEL01-ES,UOP01-DEL01-ES,2025-03-16 09:56:00,2025.0,3.0,9.0,manha,True,1,grave,BR-101
667639.0,2025-03-16,domingo,13:00,ES,262.0,166.0,IBATIBA,Desrespeitar a preferência no cruzamento,Colisão transversal,Com Vítimas Feridas,Pleno dia,Decrescente,Céu Claro,Simples,Interseção de Vias,Não,2.0,0.0,1.0,0.0,0.0,1.0,1.0,2.0,-20.251859,-41.563811,SPRF-ES,DEL01-ES,UOP02-DEL01-ES,2025-03-16 13:00:00,2025.0,3.0,13.0,tarde,False,0,moderado,BR-262
667643.0,2025-03-16,domingo,15:54,ES,262.0,19.0,VIANA,Reação tardia ou ineficiente do condutor,Colisão lateral mesmo sentido,Com Vítimas Feridas,Pleno dia,Crescente,Céu Claro,Simples,Reta,Não,3.0,0.0,1.0,1.0,1.0,0.0,2.0,2.0,-20.387477,-40.494995,SPRF-ES,DEL01-ES,UOP01-DEL01-ES,2025-03-16 15:54:00,2025.0,3.0,15.0,tarde,True,1,grave,BR-262
667644.0,2025-03-16,domingo,16:13,ES,262.0,40.0,DOMINGOS MARTINS,Chuva,Colisão frontal,Com Vítimas Feridas,Pleno dia,Crescente,Chuva,Simples,Curva,Não,3.0,0.0,3.0,0.0,0.0,0.0,3.0,2.0,-20.38370745,-40.63549876,SPRF-ES,DEL01-ES,UOP01-DEL01-ES,2025-03-16 16:13:00,2025.0,3.0,16.0,tarde,False,0,moderado,BR-262
667675.0,2025-03-16,domingo,18:10,ES,101.0,147.0,LINHARES,Desrespeitar a preferência no cruzamento,Colisão transversal,Com Vítimas Feridas,Plena Noite,Decrescente,Céu Claro,Simples,Reta;Retorno Regulamentado,Sim,4.0,0.0,0.0,3.0,1.0,0.0,3.0,2.0,-19.37889628,-40.0665915,SPRF-ES,DEL04-ES,UOP01-DEL04-ES,2025-03-16 18:10:00,2025.0,3.0,18.0,noite,False,1,grave,BR-101
667691.0,2025-03-16,domingo,19:40,ES,101.0,157.2,LINHARES,Reação tardia ou ineficiente do condutor,Colisão transversal,Com Vítimas Feridas,Plena Noite,Crescente,Céu Claro,Simples,Interseção de Vias;Reta,Não,3.0,0.0,1.0,0.0,2.0,0.0,1.0,2.0,-19.42227,-40.0778959,SPRF-ES,DEL04-ES,UOP01-DEL04-ES,2025-03-16 19:40:00,2025.0,3.0,19.0,noite,False,0,moderado,BR-101
667732.0,2025-03-16,domingo,23:45,ES,101.0,164.3,LINHARES,Ingestão de álcool pelo condutor,Tombamento,Com Vítimas Feridas,Plena Noite,Decrescente,Chuva,Simples,Reta,Não,1.0,0.0,1.0,0.0,0.0,0.0,1.0,1.0,-19.5060674,-40.13463378,SPRF-ES,DEL04-ES,UOP01-DEL04-ES,2025-03-16 23:45:00,2025.0,3.0,23.0,noite,False,0,moderado,BR-101
667781.0,2025-03-17,segunda,07:30,ES,101.0,141.1,LINHARES,Ausência de reação do condutor,Colisão traseira,Com Vítimas Feridas,Pleno dia,Crescente,Garoa/Chuvisco,Dupla,Reta,Sim,2.0,0.0,1.0,0.0,1.0,0.0,1.0,2.0,-19.4222605,-40.0779499,SPRF-ES,DEL04-ES,UOP01-DEL04-ES,2025-03-17 07:30:00,2025.0,3.0,7.0,manha,False,0,moderado,BR-101
667790.0,2025-03-17,segunda,07:40,ES,101.0,307.0,VIANA,Velocidade Incompatível,Colisão lateral mesmo sentido,Com Vítimas Feridas,Pleno dia,Decrescente,Chuva,Dupla,Reta,Não,2.0,0.0,0.0,1.0,1.0,0.0,1.0,2.0,-20.39960543,-40.4561125,SPRF-ES,DEL01-ES,UOP01-DEL01-ES,2025-03-17 07:40:00,2025.0,3.0,7.0,manha,True,1,grave,BR-101
667811.0,2025-03-17,segunda,09:30,ES,101.0,196.8,ARACRUZ,Demais falhas mecânicas ou elétricas,Saída de leito carroçável,Com Vítimas Feridas,Pleno dia,Crescente,Nublado,Simples,Reta,Não,2.0,0.0,2.0,0.0,0.0,0.0,2.0,1.0,-19.70761857,-40.33350005,SPRF-ES,DEL04-ES,UOP01-DEL04-ES,2025-03-17 09:30:00,2025.0,3.0,9.0,manha,False,0,moderado,BR-101
667825.0,2025-03-17,segunda,10:30,ES,101.0,256.2,SERRA,Manobra de mudança de faixa,Colisão lateral mesmo sentido,Com Vítimas Feridas,Pleno dia,Decrescente,Nublado,Múltipla,Reta,Sim,2.0,0.0,1.0,0.0,0.0,1.0,1.0,2.0,-20.122913,-40.305058,SPRF-ES,DEL02-ES,UOP01-DEL02-ES,2025-03-17 10:30:00,2025.0,3.0,10.0,manha,True,0,moderado,BR-101
667857.0,2025-03-17,segunda,14:20,ES,101.0,219.2,IBIRACU,Chuva,Colisão com objeto,Com Vítimas Feridas,Pleno dia,Decrescente,Chuva,Dupla,Curva,Não,2.0,0.0,1.0,0.0,1.0,0.0,1.0,1.0,-19.865772,-40.386034,SPRF-ES,DEL02-ES,UOP01-DEL02-ES,2025-03-17 14:20:00,2025.0,3.0,14.0,tarde,False,0,moderado,BR-101
667987.0,2025-03-18,terca,08:15,ES,101.0,289.0,CARIACICA,Acessar a via sem observar a presença dos outros veículos,Colisão lateral mesmo sentido,Com Vítimas Feridas,Pleno dia,Decrescente,Céu Claro,Dupla,Reta;Declive,Sim,3.0,0.0,1.0,0.0,2.0,0.0,1.0,2.0,-20.28651204,-40.39260864,SPRF-ES,DEL01-ES,UOP01-DEL01-ES,2025-03-18 08:15:00,2025.0,3.0,8.0,manha,True,0,moderado,BR-101
667989.0,2025-03-18,terca,06:50,ES,101.0,94.0,DOMINGOS MARTINS,Acessar a via sem observar a presença dos outros veículos,Colisão transversal,Com Vítimas Feridas,Pleno dia,Crescente,Sol,Simples,Reta,Não,2.0,0.0,1.0,0.0,0.0,1.0,1.0,2.0,-20.3737218,-41.05874968,SPRF-ES,DEL04-ES,UOP02-DEL04-ES,2025-03-18 06:50:00,2025.0,3.0,6.0,manha,False,0,moderado,BR-101
668024.0,2025-03-18,terca,12:00,ES,101.0,268.0,SERRA,Acessar a via sem observar a presença dos outros veículos,Colisão transversal,Com Vítimas Feridas,Pleno dia,Decrescente,Céu Claro,Dupla,Curva,Sim,2.0,0.0,1.0,0.0,1.0,0.0,1.0,2.0,-20.21617179,-40.26969007,SPRF-ES,DEL02-ES,UOP01-DEL02-ES,2025-03-18 12:00:00,2025.0,3.0,12.0,tarde,True,0,moderado,BR-101
668037.0,2025-03-18,terca,12:40,ES,259.0,53.4,COLATINA,Velocidade Incompatível,Saída de leito carroçável,Com Vítimas Feridas,Pleno dia,Decrescente,Sol,Simples,Reta;Declive,Não,1.0,0.0,1.0,0.0,0.0,0.0,1.0,1.0,-19.50246825,-40.62262984,SPRF-ES,DEL02-ES,UOP01-DEL02-ES,2025-03-18 12:40:00,2025.0,3.0,12.0,tarde,False,0,moderado,BR-259
668080.0,2025-03-18,terca,18:00,ES,101.0,126.0,SOORETAMA,Transitar na contramão,Colisão com objeto,Com Vítimas Feridas,Anoitecer,Crescente,Céu Claro,Simples,Aclive;Reta,Não,2.0,0.0,1.0,0.0,0.0,1.0,1.0,2.0,-19.19870499,-40.09587049,SPRF-ES,DEL04-ES,UOP01-DEL04-ES,2025-03-18 18:00:00,2025.0,3.0,18.0,noite,False,0,moderado,BR-101
668234.0,2025-03-19,quarta,12:20,ES,101.0,352.7,ANCHIETA,Chuva,Tombamento,Com Vítimas Feridas,Pleno dia,Decrescente,Chuva,Dupla,Curva,Não,1.0,0.0,0.0,1.0,0.0,0.0,1.0,1.0,-20.65980756,-40.6487985,SPRF-ES,DEL03-ES,UOP01-DEL03-ES,2025-03-19 12:20:00,2025.0,3.0,12.0,tarde,False,1,grave,BR-101
668244.0,2025-03-03,segunda,18:10,ES,262.0,34.0,VIANA,Pista Escorregadia,Saída de leito carroçável,Com Vítimas Feridas,Plena Noite,Crescente,Chuva,Simples,Curva,Não,3.0,0.0,1.0,0.0,2.0,0.0,1.0,3.0,-20.3827789,-40.4596498,SPRF-ES,DEL01-ES,UOP01-DEL01-ES,2025-03-03 18:10:00,2025.0,3.0,18.0,noite,True,0,moderado,BR-262
668273.0,2025-03-19,quarta,14:45,ES,101.0,393.2,RIO NOVO DO SUL,Acumulo de água sobre o pavimento,Saída de leito carroçável,Sem Vítimas,Pleno dia,Crescente,Chuva,Simples,Reta;Aclive,Não,1.0,0.0,0.0,0.0,1.0,0.0,0.0,1.0,-20.8656931,-40.9136218,SPRF-ES,DEL03-ES,UOP02-DEL03-ES,2025-03-19 14:45:00,2025.0,3.0,14.0,tarde,False,0,baixo,BR-101
668354.0,2025-03-20,quinta,04:00,ES,447.0,14.0,CARIACICA,Velocidade Incompatível,Capotamento,Sem Vítimas,Plena Noite,Crescente,Garoa/Chuvisco,Simples,Reta,Sim,1.0,0.0,0.0,0.0,0.0,1.0,0.0,1.0,-20.34802,-40.331815,SPRF-ES,DEL01-ES,UOP01-DEL01-ES,2025-03-20 04:00:00,2025.0,3.0,4.0,madrugada,True,0,baixo,BR-447
668392.0,2025-03-20,quinta,08:00,ES,101.0,299.0,VIANA,Reação tardia ou ineficiente do condutor,Capotamento,Sem Vítimas,Pleno dia,Crescente,Nublado,Dupla,Reta,Sim,1.0,0.0,0.0,0.0,0.0,1.0,0.0,1.0,-20.35724567,-40.42843759,SPRF-ES,DEL01-ES,UOP01-DEL01-ES,2025-03-20 08:00:00,2025.0,3.0,8.0,manha,True,0,baixo,BR-101
668409.0,2025-01-08,quarta,15:35,ES,101.0,7.1,SERRA,Acumulo de água sobre o pavimento,Colisão com objeto,Com Vítimas Feridas,Pleno dia,Crescente,Chuva,Dupla,Reta,Não,2.0,0.0,1.0,1.0,0.0,0.0,2.0,1.0,-20.129093,-40.308125,SPRF-ES,DEL02-ES,UOP01-DEL02-ES,2025-01-08 15:35:00,2025.0,1.0,15.0,tarde,True,1,grave,BR-101
668530.0,2025-03-20,quinta,21:27,ES,101.0,142.0,LINHARES,Reação tardia ou ineficiente do condutor,Saída de leito carroçável,Com Vítimas Feridas,Plena Noite,Crescente,Céu Claro,Dupla,Reta,Sim,1.0,0.0,1.0,0.0,0.0,0.0,1.0,1.0,-19.33462659,-40.0678736,SPRF-ES,DEL04-ES,UOP01-DEL04-ES,2025-03-20 21:27:00,2025.0,3.0,21.0,noite,False,0,moderado,BR-101
668622.0,2025-03-21,sexta,10:30,ES,101.0,347.6,GUARAPARI,Pedestre andava na pista,Atropelamento de Pedestre,Com Vítimas Feridas,Pleno dia,Crescente,Nublado,Dupla,Reta,Não,4.0,0.0,1.0,0.0,0.0,3.0,1.0,2.0,-20.65219,-40.62928,SPRF-ES,DEL03-ES,UOP01-DEL03-ES,2025-03-21 10:30:00,2025.0,3.0,10.0,manha,True,0,moderado,BR-101
668751.0,2025-03-22,sabado,01:10,ES,101.0,262.3,SERRA,Ausência de reação do condutor,Colisão com objeto,Com Vítimas Feridas,Plena Noite,Decrescente,Céu Claro,Dupla,Reta,Sim,1.0,0.0,1.0,0.0,0.0,0.0,1.0,1.0,-20.16097054,-40.27558647,SPRF-ES,DEL02-ES,UOP01-DEL02-ES,2025-03-22 01:10:00,2025.0,3.0,1.0,madrugada,True,0,moderado,BR-101
668758.0,2025-02-21,sexta,06:40,ES,262.0,169.7,IBATIBA,Desrespeitar a preferência no cruzamento,Colisão transversal,Com Vítimas Feridas,Pleno dia,Crescente,Nublado,Simples,Curva,Não,2.0,0.0,1.0,0.0,1.0,0.0,1.0,2.0,-20.26402594,-41.58095414,SPRF-ES,DEL01-ES,UOP02-DEL01-ES,2025-02-21 06:40:00,2025.0,2.0,6.0,manha,False,0,moderado,BR-262
668769.0,2025-03-22,sabado,04:30,ES,259.0,78.8,COLATINA,Ausência de reação do condutor,Saída de leito carroçável,Com Vítimas Feridas,Amanhecer,Crescente,Céu Claro,Simples,Reta,Não,2.0,0.0,2.0,0.0,0.0,0.0,2.0,1.0,-19.52323773,-40.82458466,SPRF-ES,DEL02-ES,UOP01-DEL02-ES,2025-03-22 04:30:00,2025.0,3.0,4.0,madrugada,False,0,moderado,BR-259
668774.0,2025-03-22,sabado,06:00,ES,101.0,245.6,SERRA,Manobra de mudança de faixa,Tombamento,Com Vítimas Feridas,Amanhecer,Crescente,Céu Claro,Simples,Reta,Sim,1.0,0.0,0.0,1.0,0.0,0.0,1.0,1.0,-20.0488473,-40.3867012,SPRF-ES,DEL02-ES,UOP01-DEL02-ES,2025-03-22 06:00:00,2025.0,3.0,6.0,manha,True,1,grave,BR-101
669004.0,2025-03-23,domingo,07:20,ES,101.0,139.0,LINHARES,Ausência de reação do condutor,Colisão transversal,Com Vítimas Feridas,Pleno dia,Crescente,Céu Claro,Simples,Reta,Não,2.0,0.0,1.0,0.0,0.0,1.0,1.0,2.0,-19.3216636,-40.07410879,SPRF-ES,DEL04-ES,UOP01-DEL04-ES,2025-03-23 07:20:00,2025.0,3.0,7.0,manha,False,0,moderado,BR-101
669013.0,2025-03-23,domingo,07:20,ES,101.0,29.7,CONCEICAO DA BARRA,Ultrapassagem Indevida,Colisão frontal,Com Vítimas Fatais,Pleno dia,Crescente,Nublado,Múltipla,Reta,Não,5.0,1.0,0.0,2.0,2.0,0.0,2.0,3.0,-18.4155742,-39.9367839,SPRF-ES,DEL04-ES,UOP02-DEL04-ES,2025-03-23 07:20:00,2025.0,3.0,7.0,manha,False,1,fatal,BR-101
669032.0,2025-03-23,domingo,09:30,ES,101.0,74.5,SAO MATEUS,Avarias e/ou desgaste excessivo no pneu,Saída de leito carroçável,Com Vítimas Feridas,Pleno dia,Crescente,Céu Claro,Simples,Reta,Não,2.0,0.0,2.0,0.0,0.0,0.0,2.0,1.0,-18.782602,-39.877577,SPRF-ES,DEL04-ES,UOP02-DEL04-ES,2025-03-23 09:30:00,2025.0,3.0,9.0,manha,False,0,moderado,BR-101
669086.0,2025-03-23,domingo,14:00,ES,101.0,155.7,LINHARES,Ausência de reação do condutor,Tombamento,Com Vítimas Feridas,Pleno dia,Crescente,Céu Claro,Simples,Reta,Não,2.0,0.0,1.0,0.0,1.0,0.0,1.0,2.0,-19.416364,-40.06790042,SPRF-ES,DEL04-ES,UOP01-DEL04-ES,2025-03-23 14:00:00,2025.0,3.0,14.0,tarde,False,0,moderado,BR-101
669124.0,2025-03-23,domingo,20:00,ES,101.0,257.6,SERRA,Reação tardia ou ineficiente do condutor,Colisão transversal,Com Vítimas Feridas,Plena Noite,Crescente,Céu Claro,Dupla,Curva;Interseção de Vias,Sim,3.0,0.0,1.0,2.0,0.0,0.0,3.0,2.0,-20.12843,-40.299102,SPRF-ES,DEL02-ES,UOP01-DEL02-ES,2025-03-23 20:00:00,2025.0,3.0,20.0,noite,True,1,grave,BR-101
669152.0,2025-03-23,domingo,21:30,ES,101.0,257.0,SERRA,Ingestão de álcool pelo condutor,Saída de leito carroçável,Sem Vítimas,Plena Noite,Decrescente,Céu Claro,Dupla,Reta;Aclive,Não,1.0,0.0,0.0,0.0,1.0,0.0,0.0,1.0,-20.129535,-40.297318,SPRF-ES,DEL02-ES,UOP01-DEL02-ES,2025-03-23 21:30:00,2025.0,3.0,21.0,noite,True,0,baixo,BR-101
669215.0,2025-03-24,segunda,08:00,ES,101.0,260.9,SERRA,Condutor deixou de manter distância do veículo da frente,Colisão traseira,Com Vítimas Feridas,Pleno dia,Crescente,Céu Claro,Dupla,Reta,Não,2.0,0.0,1.0,0.0,1.0,0.0,1.0,2.0,-20.048852,-40.3867003,SPRF-ES,DEL02-ES,UOP01-DEL02-ES,2025-03-24 08:00:00,2025.0,3.0,8.0,manha,True,0,moderado,BR-101
669292.0,2025-03-24,segunda,12:40,ES,101.0,281.0,CARIACICA,Acessar a via sem observar a presença dos outros veículos,Colisão frontal,Com Vítimas Feridas,Pleno dia,Crescente,Céu Claro,Simples,Reta;Interseção de Vias,Sim,2.0,0.0,1.0,0.0,1.0,0.0,1.0,2.0,-20.227768,-40.366113,SPRF-ES,DEL02-ES,UOP01-DEL02-ES,2025-03-24 12:40:00,2025.0,3.0,12.0,tarde,True,0,moderado,BR-101
669340.0,2025-03-24,segunda,17:30,ES,101.0,141.0,LINHARES,Ausência de reação do condutor,Colisão traseira,Com Vítimas Feridas,Plena Noite,Crescente,Céu Claro,Dupla,Reta,Sim,2.0,0.0,1.0,0.0,1.0,0.0,1.0,2.0,-19.33557995,-40.06709576,SPRF-ES,DEL04-ES,UOP01-DEL04-ES,2025-03-24 17:30:00,2025.0,3.0,17.0,tarde,False,0,moderado,BR-101
669353.0,2025-03-24,segunda,18:20,ES,101.0,289.0,CARIACICA,Condutor deixou de manter distância do veículo da frente,Colisão lateral mesmo sentido,Com Vítimas Feridas,Plena Noite,Crescente,Céu Claro,Dupla,Reta,Não,2.0,0.0,0.0,1.0,1.0,0.0,1.0,2.0,-20.28570697,-40.39260864,SPRF-ES,DEL01-ES,UOP01-DEL01-ES,2025-03-24 18:20:00,2025.0,3.0,18.0,noite,True,1,grave,BR-101
669373.0,2025-03-24,segunda,20:38,ES,101.0,314.0,VILA VELHA,Reação tardia ou ineficiente do condutor,Queda de ocupante de veículo,Com Vítimas Feridas,Plena Noite,Decrescente,Ignorado,Dupla,Reta,Não,1.0,0.0,1.0,0.0,0.0,0.0,1.0,1.0,-20.46473,-40.46539,SPRF-ES,DEL01-ES,UOP01-DEL01-ES,2025-03-24 20:38:00,2025.0,3.0,20.0,noite,True,0,moderado,BR-101
669423.0,2025-03-25,terca,07:30,ES,262.0,119.0,CONCEICAO DO CASTELO,Reação tardia ou ineficiente do condutor,Colisão traseira,Sem Vítimas,Pleno dia,Crescente,Nublado,Simples,Reta,Não,2.0,0.0,0.0,0.0,2.0,0.0,0.0,2.0,-20.3088403,-41.23399448,SPRF-ES,DEL01-ES,UOP02-DEL01-ES,2025-03-25 07:30:00,2025.0,3.0,7.0,manha,False,0,baixo,BR-262
669431.0,2025-03-25,terca,08:00,ES,101.0,269.6,SERRA,Acessar a via sem observar a presença dos outros veículos,Atropelamento de Pedestre,Com Vítimas Feridas,Pleno dia,Decrescente,Sol,Múltipla,Reta,Sim,2.0,0.0,1.0,0.0,1.0,0.0,1.0,2.0,-20.223273,-40.270356,SPRF-ES,DEL02-ES,UOP01-DEL02-ES,2025-03-25 08:00:00,2025.0,3.0,8.0,manha,True,0,moderado,BR-101
669449.0,2025-03-25,terca,09:15,ES,262.0,43.8,MARECHAL FLORIANO,Acessar a via sem observar a presença dos outros veículos,Colisão transversal,Com Vítimas Feridas,Pleno dia,Decrescente,Sol,Simples,Reta,Não,2.0,0.0,1.0,0.0,1.0,0.0,1.0,2.0,-20.38780657,-40.66830754,SPRF-ES,DEL01-ES,UOP01-DEL01-ES,2025-03-25 09:15:00,2025.0,3.0,9.0,manha,False,0,moderado,BR-262
669477.0,2025-02-09,domingo,19:00,ES,101.0,71.8,SAO MATEUS,Ausência de reação do condutor,Colisão traseira,Com Vítimas Feridas,Plena Noite,Decrescente,Nublado,Simples,Reta,Não,4.0,0.0,0.0,1.0,3.0,0.0,1.0,2.0,-18.753513,-39.862598,SPRF-ES,DEL04-ES,UOP02-DEL04-ES,2025-02-09 19:00:00,2025.0,2.0,19.0,noite,False,1,grave,BR-101
669522.0,2025-03-25,terca,18:00,ES,101.0,286.5,CARIACICA,Reação tardia ou ineficiente do condutor,Tombamento,Com Vítimas Feridas,Anoitecer,Crescente,Céu Claro,Dupla,Reta,Sim,2.0,0.0,2.0,0.0,0.0,0.0,2.0,1.0,-20.25546261,-40.37550319,SPRF-ES,DEL01-ES,UOP01-DEL01-ES,2025-03-25 18:00:00,2025.0,3.0,18.0,noite,True,0,moderado,BR-101
669539.0,2025-03-25,terca,17:00,ES,101.0,264.0,SERRA,Reação tardia ou ineficiente do condutor,Colisão traseira,Com Vítimas Feridas,Anoitecer,Decrescente,Céu Claro,Dupla,Reta,Não,3.0,0.0,1.0,0.0,2.0,0.0,1.0,2.0,-20.176899,-40.265692,SPRF-ES,DEL02-ES,UOP01-DEL02-ES,2025-03-25 17:00:00,2025.0,3.0,17.0,tarde,True,0,moderado,BR-101
669581.0,2025-03-25,terca,22:00,ES,101.0,306.5,VIANA,Demais falhas mecânicas ou elétricas,Incêndio,Sem Vítimas,Plena Noite,Decrescente,Nublado,Dupla,Reta,Não,1.0,0.0,0.0,0.0,1.0,0.0,0.0,1.0,-20.39658675,-40.45781541,SPRF-ES,DEL01-ES,UOP01-DEL01-ES,2025-03-25 22:00:00,2025.0,3.0,22.0,noite,True,0,baixo,BR-101
669590.0,2025-03-26,quarta,00:30,ES,101.0,270.4,SERRA,Acesso irregular,Colisão frontal,Sem Vítimas,Plena Noite,Crescente,Céu Claro,Múltipla,Interseção de Vias,Sim,2.0,0.0,0.0,0.0,2.0,0.0,0.0,2.0,-20.04885,-40.3866983,SPRF-ES,DEL02-ES,UOP01-DEL02-ES,2025-03-26 00:30:00,2025.0,3.0,0.0,madrugada,True,0,baixo,BR-101
669609.0,2025-03-26,quarta,07:00,ES,262.0,30.0,DOMINGOS MARTINS,Velocidade Incompatível,Tombamento,Com Vítimas Feridas,Pleno dia,Crescente,Nublado,Dupla,Curva,Não,1.0,0.0,0.0,1.0,0.0,0.0,1.0,1.0,-20.373901,-40.564398,SPRF-ES,DEL01-ES,UOP01-DEL01-ES,2025-03-26 07:00:00,2025.0,3.0,7.0,manha,False,1,grave,BR-262
669759.0,2025-03-26,quarta,19:20,ES,262.0,152.0,IBATIBA,Ultrapassagem Indevida,Colisão frontal,Com Vítimas Feridas,Plena Noite,Crescente,Nublado,Simples,Reta,Não,2.0,0.0,0.0,1.0,1.0,0.0,1.0,2.0,-20.21835445,-41.45132446,SPRF-ES,DEL01-ES,UOP02-DEL01-ES,2025-03-26 19:20:00,2025.0,3.0,19.0,noite,False,1,grave,BR-262
669838.0,2025-03-27,quinta,10:00,ES,259.0,53.2,COLATINA,Demais falhas mecânicas ou elétricas,Incêndio,Sem Vítimas,Pleno dia,Crescente,Céu Claro,Dupla,Aclive;Reta,Não,1.0,0.0,0.0,0.0,1.0,0.0,0.0,1.0,-19.497598,-40.632983,SPRF-ES,DEL02-ES,UOP01-DEL02-ES,2025-03-27 10:00:00,2025.0,3.0,10.0,manha,False,0,baixo,BR-259
669928.0,2025-03-27,quinta,18:50,ES,101.0,143.9,LINHARES,Reação tardia ou ineficiente do condutor,Colisão transversal,Com Vítimas Feridas,Plena Noite,Decrescente,Céu Claro,Simples,Reta,Sim,3.0,0.0,3.0,0.0,0.0,0.0,3.0,2.0,-19.34719172,-40.06360352,SPRF-ES,DEL04-ES,UOP01-DEL04-ES,2025-03-27 18:50:00,2025.0,3.0,18.0,noite,False,0,moderado,BR-101
670039.0,2025-03-28,sexta,06:40,ES,262.0,0.8,CARIACICA,Condutor deixou de manter distância do veículo da frente,Colisão traseira,Com Vítimas Feridas,Pleno dia,Decrescente,Sol,Dupla,Reta;Ponte;Interseção de Vias,Sim,2.0,0.0,1.0,0.0,1.0,0.0,1.0,2.0,-20.3300629,-40.354654,SPRF-ES,DEL01-ES,UOP01-DEL01-ES,2025-03-28 06:40:00,2025.0,3.0,6.0,manha,True,0,moderado,BR-262
670051.0,2025-03-28,sexta,08:40,ES,101.0,300.0,VIANA,Acumulo de areia ou detritos sobre o pavimento,Tombamento,Com Vítimas Feridas,Pleno dia,Decrescente,Céu Claro,Múltipla,Viaduto,Sim,2.0,0.0,1.0,0.0,1.0,0.0,1.0,1.0,-20.36888318,-40.44385845,SPRF-ES,DEL01-ES,UOP01-DEL01-ES,2025-03-28 08:40:00,2025.0,3.0,8.0,manha,True,0,moderado,BR-101
670055.0,2025-03-28,sexta,08:48,ES,259.0,12.5,JOAO NEIVA,Ultrapassagem Indevida,Colisão frontal,Com Vítimas Feridas,Pleno dia,Decrescente,Sol,Simples,Declive;Reta,Não,5.0,0.0,1.0,4.0,0.0,0.0,5.0,2.0,-19.64721,-40.41098833,SPRF-ES,DEL02-ES,UOP01-DEL02-ES,2025-03-28 08:48:00,2025.0,3.0,8.0,manha,False,1,grave,BR-259
670095.0,2025-03-28,sexta,11:40,ES,101.0,295.6,CARIACICA,Reação tardia ou ineficiente do condutor,Queda de ocupante de veículo,Com Vítimas Feridas,Pleno dia,Crescente,Céu Claro,Múltipla,Reta,Sim,1.0,0.0,1.0,0.0,0.0,0.0,1.0,1.0,-20.33628185,-40.40247029,SPRF-ES,DEL01-ES,UOP01-DEL01-ES,2025-03-28 11:40:00,2025.0,3.0,11.0,manha,True,0,moderado,BR-101
670106.0,2025-03-28,sexta,13:30,ES,101.0,292.8,CARIACICA,Acesso irregular,Colisão lateral mesmo sentido,Com Vítimas Feridas,Pleno dia,Crescente,Sol,Múltipla,Reta,Sim,3.0,0.0,2.0,0.0,1.0,0.0,2.0,2.0,-20.311744,-40.395167,SPRF-ES,DEL01-ES,UOP01-DEL01-ES,2025-03-28 13:30:00,2025.0,3.0,13.0,tarde,True,0,moderado,BR-101
670127.0,2025-03-28,sexta,17:40,ES,101.0,283.0,CARIACICA,Reação tardia ou ineficiente do condutor,Tombamento,Com Vítimas Feridas,Anoitecer,Crescente,Céu Claro,Múltipla,Reta,Sim,2.0,0.0,1.0,1.0,0.0,0.0,2.0,1.0,-20.242584,-40.369826,SPRF-ES,DEL01-ES,UOP01-DEL01-ES,2025-03-28 17:40:00,2025.0,3.0,17.0,tarde,True,1,grave,BR-101
670151.0,2025-03-28,sexta,18:20,ES,262.0,104.7,VENDA NOVA DO IMIGRANTE,Reação tardia ou ineficiente do condutor,Colisão traseira,Com Vítimas Feridas,Plena Noite,Crescente,Céu Claro,Simples,Reta,Sim,2.0,0.0,1.0,0.0,1.0,0.0,1.0,2.0,-20.325957,-41.136038,SPRF-ES,DEL01-ES,UOP02-DEL01-ES,2025-03-28 18:20:00,2025.0,3.0,18.0,noite,False,0,moderado,BR-262
670179.0,2025-03-28,sexta,21:20,ES,101.0,241.0,SERRA,Transitar na contramão,Colisão frontal,Com Vítimas Feridas,Plena Noite,Crescente,Céu Claro,Simples,Reta,Não,2.0,0.0,0.0,1.0,1.0,0.0,1.0,2.0,-20.02616333,-40.39835,SPRF-ES,DEL02-ES,UOP01-DEL02-ES,2025-03-28 21:20:00,2025.0,3.0,21.0,noite,True,1,grave,BR-101
670266.0,2025-03-29,sabado,07:50,ES,259.0,60.9,COLATINA,Condutor deixou de manter distância do veículo da frente,Tombamento,Com Vítimas Feridas,Pleno dia,Decrescente,Céu Claro,Dupla,Curva,Sim,3.0,0.0,1.0,0.0,1.0,1.0,1.0,2.0,-19.533361,-40.684874,SPRF-ES,DEL02-ES,UOP01-DEL02-ES,2025-03-29 07:50:00,2025.0,3.0,7.0,manha,False,0,moderado,BR-259
670311.0,2025-03-29,sabado,13:20,ES,259.0,8.5,JOAO NEIVA,Reação tardia ou ineficiente do condutor,Tombamento,Com Vítimas Feridas,Pleno dia,Crescente,Céu Claro,Simples,Reta,Não,1.0,0.0,0.0,1.0,0.0,0.0,1.0,1.0,-19.67734105,-40.39954744,SPRF-ES,DEL02-ES,UOP01-DEL02-ES,2025-03-29 13:20:00,2025.0,3.0,13.0,tarde,False,1,grave,BR-259
670332.0,2025-03-29,sabado,15:43,ES,101.0,281.9,SERRA,Demais falhas mecânicas ou elétricas,Tombamento,Com Vítimas Feridas,Pleno dia,Crescente,Sol,Dupla,Reta,Não,2.0,0.0,2.0,0.0,0.0,0.0,2.0,1.0,-20.226233,-40.363418,SPRF-ES,DEL02-ES,UOP01-DEL02-ES,2025-03-29 15:43:00,2025.0,3.0,15.0,tarde,True,0,moderado,BR-101
670380.0,2025-03-29,sabado,19:35,ES,101.0,288.9,CARIACICA,Reação tardia ou ineficiente do condutor,Colisão traseira,Com Vítimas Feridas,Plena Noite,Decrescente,Céu Claro,Dupla,Reta,Sim,3.0,0.0,0.0,2.0,1.0,0.0,2.0,2.0,-20.278582,-40.392597,SPRF-ES,DEL01-ES,UOP01-DEL01-ES,2025-03-29 19:35:00,2025.0,3.0,19.0,noite,True,1,grave,BR-101
670418.0,2025-03-29,sabado,20:40,ES,262.0,73.6,DOMINGOS MARTINS,Velocidade Incompatível,Colisão lateral sentido oposto,Sem Vítimas,Plena Noite,Crescente,Nublado,Simples,Curva,Não,2.0,0.0,0.0,0.0,2.0,0.0,0.0,2.0,-20.41003037,-40.88822722,SPRF-ES,DEL01-ES,UOP02-DEL01-ES,2025-03-29 20:40:00,2025.0,3.0,20.0,noite,False,0,baixo,BR-262
670508.0,2025-03-30,domingo,11:00,ES,262.0,53.0,MARECHAL FLORIANO,Reação tardia ou ineficiente do condutor,Colisão lateral sentido oposto,Sem Vítimas,Pleno dia,Crescente,Céu Claro,Simples,Curva,Não,2.0,0.0,0.0,0.0,2.0,0.0,0.0,2.0,-20.40720983,-40.73587239,SPRF-ES,DEL01-ES,UOP01-DEL01-ES,2025-03-30 11:00:00,2025.0,3.0,11.0,manha,False,0,baixo,BR-262
670561.0,2025-03-30,domingo,18:15,ES,101.0,212.9,IBIRACU,Acessar a via sem observar a presença dos outros veículos,Colisão transversal,Com Vítimas Feridas,Plena Noite,Crescente,Céu Claro,Simples,Reta,Sim,3.0,0.0,2.0,0.0,0.0,1.0,2.0,2.0,-19.8193927,-40.36785007,SPRF-ES,DEL02-ES,UOP01-DEL02-ES,2025-03-30 18:15:00,2025.0,3.0,18.0,noite,False,0,moderado,BR-101
670571.0,2025-03-30,domingo,18:40,ES,101.0,166.1,LINHARES,Acessar a via sem observar a presença dos outros veículos,Colisão transversal,Com Vítimas Fatais,Plena Noite,Crescente,Céu Claro,Simples,Reta,Não,2.0,1.0,1.0,0.0,0.0,0.0,1.0,2.0,-19.521247,-40.1461374,SPRF-ES,DEL04-ES,UOP01-DEL04-ES,2025-03-30 18:40:00,2025.0,3.0,18.0,noite,False,1,fatal,BR-101
670578.0,2025-03-30,domingo,18:00,ES,393.0,8.2,CACHOEIRO DE ITAPEMIRIM,Reação tardia ou ineficiente do condutor,Tombamento,Com Vítimas Feridas,Plena Noite,Decrescente,Céu Claro,Simples,Declive,Não,1.0,0.0,0.0,1.0,0.0,0.0,1.0,1.0,-20.82919554,-41.20606408,SPRF-ES,DEL03-ES,UOP02-DEL03-ES,2025-03-30 18:00:00,2025.0,3.0,18.0,noite,False,1,grave,BR-393
670594.0,2025-03-30,domingo,19:40,ES,101.0,415.7,ITAPEMIRIM,Transitar no Acostamento,Atropelamento de Pedestre,Com Vítimas Feridas,Plena Noite,Crescente,Céu Claro,Simples,Reta,Não,2.0,0.0,1.0,0.0,0.0,1.0,1.0,2.0,-20.93871975,-41.08269626,SPRF-ES,DEL03-ES,UOP02-DEL03-ES,2025-03-30 19:40:00,2025.0,3.0,19.0,noite,False,0,moderado,BR-101
670601.0,2025-03-30,domingo,21:00,ES,101.0,280.6,SERRA,Condutor Dormindo,Capotamento,Com Vítimas Feridas,Plena Noite,Crescente,Céu Claro,Dupla,Reta,Não,3.0,0.0,3.0,0.0,0.0,0.0,3.0,1.0,-20.21838846,-40.34145355,SPRF-ES,DEL02-ES,UOP01-DEL02-ES,2025-03-30 21:00:00,2025.0,3.0,21.0,noite,True,0,moderado,BR-101
670694.0,2025-03-31,segunda,08:55,ES,101.0,260.7,SERRA,Condutor deixou de manter distância do veículo da frente,Colisão traseira,Com Vítimas Feridas,Pleno dia,Crescente,Céu Claro,Dupla,Curva,Sim,2.0,0.0,1.0,0.0,1.0,0.0,1.0,2.0,-20.1465779,-40.2821566,SPRF-ES,DEL02-ES,UOP01-DEL02-ES,2025-03-31 08:55:00,2025.0,3.0,8.0,manha,True,0,moderado,BR-101
670729.0,2025-03-31,segunda,11:30,ES,101.0,260.7,SERRA,Reação tardia ou ineficiente do condutor,Tombamento,Com Vítimas Feridas,Pleno dia,Crescente,Céu Claro,Simples,Curva,Não,1.0,0.0,1.0,0.0,0.0,0.0,1.0,1.0,-20.148073,-40.280028,SPRF-ES,DEL02-ES,UOP01-DEL02-ES,2025-03-31 11:30:00,2025.0,3.0,11.0,manha,True,0,moderado,BR-101
670834.0,2025-03-31,segunda,22:30,ES,101.0,140.5,LINHARES,Condutor desrespeitou a iluminação vermelha do semáforo,Colisão transversal,Com Vítimas Feridas,Plena Noite,Crescente,Céu Claro,Simples,Interseção de Vias,Sim,2.0,0.0,1.0,0.0,1.0,0.0,1.0,2.0,-19.36275143,-40.06493014,SPRF-ES,DEL04-ES,UOP01-DEL04-ES,2025-03-31 22:30:00,2025.0,3.0,22.0,noite,False,0,moderado,BR-101
670845.0,2025-04-01,terca,04:40,ES,101.0,159.1,LINHARES,Acessar a via sem observar a presença dos outros veículos,Colisão transversal,Com Vítimas Feridas,Amanhecer,Crescente,Céu Claro,Simples,Interseção de Vias,Não,2.0,0.0,1.0,0.0,1.0,0.0,1.0,2.0,-19.47016756,-40.11122162,SPRF-ES,DEL04-ES,UOP01-DEL04-ES,2025-04-01 04:40:00,2025.0,4.0,4.0,madrugada,False,0,moderado,BR-101
670926.0,2025-04-01,terca,14:44,ES,101.0,288.4,CARIACICA,Ausência de reação do condutor,Saída de leito carroçável,Com Vítimas Feridas,Pleno dia,Crescente,Sol,Dupla,Reta,Sim,2.0,0.0,2.0,0.0,0.0,0.0,2.0,1.0,-20.274991,-40.392349,SPRF-ES,DEL01-ES,UOP01-DEL01-ES,2025-04-01 14:44:00,2025.0,4.0,14.0,tarde,True,0,moderado,BR-101
670970.0,2025-04-01,terca,18:36,ES,101.0,292.5,CARIACICA,Desrespeitar a preferência no cruzamento,Colisão transversal,Com Vítimas Feridas,Plena Noite,Crescente,Nublado,Dupla,Reta;Retorno Regulamentado,Sim,2.0,0.0,1.0,0.0,1.0,0.0,1.0,2.0,-20.30610061,-40.39505151,SPRF-ES,DEL01-ES,UOP01-DEL01-ES,2025-04-01 18:36:00,2025.0,4.0,18.0,noite,True,0,moderado,BR-101
670986.0,2025-04-01,terca,21:48,ES,262.0,87.9,DOMINGOS MARTINS,Ultrapassagem Indevida,Colisão frontal,Com Vítimas Fatais,Plena Noite,Crescente,Céu Claro,Simples,Reta,Não,4.0,1.0,2.0,1.0,0.0,0.0,3.0,2.0,-20.391672,-41.009276,SPRF-ES,DEL01-ES,UOP02-DEL01-ES,2025-04-01 21:48:00,2025.0,4.0,21.0,noite,False,1,fatal,BR-262
671027.0,2025-04-02,quarta,06:25,ES,101.0,141.9,LINHARES,Reação tardia ou ineficiente do condutor,Atropelamento de Animal,Com Vítimas Feridas,Pleno dia,Decrescente,Céu Claro,Dupla,Reta,Não,1.0,0.0,1.0,0.0,0.0,0.0,1.0,1.0,-19.33477085,-40.06725485,SPRF-ES,DEL04-ES,UOP01-DEL04-ES,2025-04-02 06:25:00,2025.0,4.0,6.0,manha,False,0,moderado,BR-101
671070.0,2025-04-02,quarta,10:50,ES,101.0,270.0,SERRA,Acumulo de areia ou detritos sobre o pavimento,Queda de ocupante de veículo,Com Vítimas Feridas,Pleno dia,Crescente,Céu Claro,Dupla,Curva,Sim,1.0,0.0,1.0,0.0,0.0,0.0,1.0,1.0,-20.0488586,-40.386697,SPRF-ES,DEL02-ES,UOP01-DEL02-ES,2025-04-02 10:50:00,2025.0,4.0,10.0,manha,True,0,moderado,BR-101
671083.0,2025-04-02,quarta,12:50,ES,101.0,254.0,SERRA,Ausência de reação do condutor,Colisão com objeto,Com Vítimas Feridas,Pleno dia,Decrescente,Céu Claro,Simples,Reta,Sim,1.0,0.0,1.0,0.0,0.0,0.0,1.0,1.0,-20.112009,-40.325225,SPRF-ES,DEL02-ES,UOP01-DEL02-ES,2025-04-02 12:50:00,2025.0,4.0,12.0,tarde,True,0,moderado,BR-101
671103.0,2025-04-02,quarta,15:20,ES,101.0,266.5,SERRA,Ausência de reação do condutor,Colisão lateral sentido oposto,Com Vítimas Feridas,Pleno dia,Decrescente,Sol,Múltipla,Reta,Sim,2.0,0.0,0.0,1.0,1.0,0.0,1.0,2.0,-20.195745,-40.268515,SPRF-ES,DEL02-ES,UOP01-DEL02-ES,2025-04-02 15:20:00,2025.0,4.0,15.0,tarde,True,1,grave,BR-101
671118.0,2025-04-02,quarta,12:00,ES,262.0,159.2,IBATIBA,Acessar a via sem observar a presença dos outros veículos,Colisão transversal,Com Vítimas Feridas,Pleno dia,Crescente,Céu Claro,Simples,Reta,Sim,2.0,0.0,1.0,0.0,1.0,0.0,1.0,2.0,-20.2347554,-41.5071772,SPRF-ES,DEL01-ES,UOP02-DEL01-ES,2025-04-02 12:00:00,2025.0,4.0,12.0,tarde,False,0,moderado,BR-262
671130.0,2025-04-02,quarta,17:20,ES,101.0,63.8,SAO MATEUS,Transitar no Acostamento,Colisão transversal,Com Vítimas Feridas,Pleno dia,Crescente,Céu Claro,Simples,Declive,Não,2.0,0.0,1.0,0.0,1.0,0.0,1.0,2.0,-18.69499277,-39.86432076,SPRF-ES,DEL04-ES,UOP02-DEL04-ES,2025-04-02 17:20:00,2025.0,4.0,17.0,tarde,False,0,moderado,BR-101
671149.0,2025-04-02,quarta,18:25,ES,101.0,295.1,CARIACICA,Entrada inopinada do pedestre,Atropelamento de Pedestre,Com Vítimas Feridas,Plena Noite,Decrescente,Céu Claro,Dupla,Reta,Sim,2.0,0.0,0.0,1.0,1.0,0.0,1.0,2.0,-20.3334435,-40.4010046,SPRF-ES,DEL01-ES,UOP01-DEL01-ES,2025-04-02 18:25:00,2025.0,4.0,18.0,noite,True,1,grave,BR-101
671154.0,2025-04-02,quarta,19:20,ES,101.0,266.6,SERRA,Pedestre andava na pista,Queda de ocupante de veículo,Com Vítimas Feridas,Plena Noite,Crescente,Céu Claro,Múltipla,Reta,Sim,1.0,0.0,1.0,0.0,0.0,0.0,1.0,1.0,-20.048857,-40.3867007,SPRF-ES,DEL02-ES,UOP01-DEL02-ES,2025-04-02 19:20:00,2025.0,4.0,19.0,noite,True,0,moderado,BR-101
671187.0,2025-04-02,quarta,22:10,ES,101.0,267.9,SERRA,Acessar a via sem observar a presença dos outros veículos,Colisão lateral mesmo sentido,Com Vítimas Feridas,Plena Noite,Crescente,Céu Claro,Múltipla,Reta,Sim,3.0,0.0,2.0,0.0,1.0,0.0,2.0,2.0,-20.20706,-40.269677,SPRF-ES,DEL02-ES,UOP01-DEL02-ES,2025-04-02 22:10:00,2025.0,4.0,22.0,noite,True,0,moderado,BR-101
671194.0,2025-04-02,quarta,21:30,ES,101.0,385.8,RIO NOVO DO SUL,Condutor Dormindo,Saída de leito carroçável,Com Vítimas Feridas,Plena Noite,Decrescente,Céu Claro,Simples,Curva,Não,1.0,0.0,1.0,0.0,0.0,0.0,1.0,1.0,-20.84093767,-40.87172706,SPRF-ES,DEL03-ES,UOP01-DEL03-ES,2025-04-02 21:30:00,2025.0,4.0,21.0,noite,False,0,moderado,BR-101
671217.0,2025-04-03,quinta,05:00,ES,101.0,140.1,LINHARES,Reação tardia ou ineficiente do condutor,Colisão traseira,Com Vítimas Feridas,Amanhecer,Decrescente,Céu Claro,Múltipla,Reta,Sim,2.0,0.0,1.0,0.0,0.0,1.0,1.0,2.0,-19.31773102,-40.07555485,SPRF-ES,DEL04-ES,UOP01-DEL04-ES,2025-04-03 05:00:00,2025.0,4.0,5.0,madrugada,False,0,moderado,BR-101
671281.0,2025-04-03,quinta,11:49,ES,101.0,148.8,LINHARES,Manobra de mudança de faixa,Colisão lateral mesmo sentido,Com Vítimas Feridas,Pleno dia,Crescente,Céu Claro,Múltipla,Reta,Não,2.0,0.0,1.0,0.0,1.0,0.0,1.0,2.0,-19.39885714,-40.06305957,SPRF-ES,DEL04-ES,UOP01-DEL04-ES,2025-04-03 11:49:00,2025.0,4.0,11.0,manha,False,0,moderado,BR-101
671288.0,2025-04-03,quinta,12:20,ES,262.0,112.0,VENDA NOVA DO IMIGRANTE,Conversão proibida,Colisão transversal,Com Vítimas Feridas,Pleno dia,Crescente,Céu Claro,Simples,Reta,Não,2.0,0.0,1.0,0.0,1.0,0.0,1.0,2.0,-20.335994,-41.203531,SPRF-ES,DEL01-ES,UOP02-DEL01-ES,2025-04-03 12:20:00,2025.0,4.0,12.0,tarde,False,0,moderado,BR-262
671294.0,2025-04-03,quinta,12:00,ES,101.0,72.0,SAO MATEUS,Ausência de reação do condutor,Tombamento,Com Vítimas Feridas,Pleno dia,Crescente,Céu Claro,Simples,Curva,Não,1.0,0.0,1.0,0.0,0.0,0.0,1.0,1.0,-18.764004,-39.86383,SPRF-ES,DEL04-ES,UOP02-DEL04-ES,2025-04-03 12:00:00,2025.0,4.0,12.0,tarde,False,0,moderado,BR-101
671306.0,2025-04-03,quinta,15:00,ES,101.0,267.9,SERRA,Ausência de reação do condutor,Colisão traseira,Com Vítimas Feridas,Pleno dia,Decrescente,Céu Claro,Dupla,Reta,Sim,2.0,0.0,1.0,0.0,1.0,0.0,1.0,2.0,-20.2063692,-40.26911728,SPRF-ES,DEL02-ES,UOP01-DEL02-ES,2025-04-03 15:00:00,2025.0,4.0,15.0,tarde,True,0,moderado,BR-101
671340.0,2025-04-03,quinta,18:30,ES,101.0,170.8,LINHARES,Reação tardia ou ineficiente do condutor,Colisão com objeto,Com Vítimas Feridas,Plena Noite,Decrescente,Céu Claro,Simples,Retorno Regulamentado,Sim,1.0,0.0,1.0,0.0,0.0,0.0,1.0,1.0,-19.55645948,-40.17278435,SPRF-ES,DEL04-ES,UOP01-DEL04-ES,2025-04-03 18:30:00,2025.0,4.0,18.0,noite,False,0,moderado,BR-101
671342.0,2025-04-03,quinta,18:35,ES,101.0,259.5,SERRA,Velocidade Incompatível,Colisão traseira,Com Vítimas Feridas,Anoitecer,Decrescente,Ignorado,Dupla,Curva,Não,2.0,0.0,1.0,0.0,1.0,0.0,1.0,2.0,-20.14636266,-40.28823607,SPRF-ES,DEL02-ES,UOP01-DEL02-ES,2025-04-03 18:35:00,2025.0,4.0,18.0,noite,True,0,moderado,BR-101
671507.0,2025-04-04,sexta,13:45,ES,101.0,267.1,SERRA,Ausência de reação do condutor,Colisão traseira,Com Vítimas Feridas,Pleno dia,Crescente,Céu Claro,Múltipla,Reta,Sim,2.0,0.0,1.0,0.0,0.0,1.0,1.0,2.0,-20.20097028,-40.26926994,SPRF-ES,DEL02-ES,UOP01-DEL02-ES,2025-04-04 13:45:00,2025.0,4.0,13.0,tarde,True,0,moderado,BR-101
671525.0,2025-04-04,sexta,16:00,ES,101.0,221.4,IBIRACU,Reação tardia ou ineficiente do condutor,Engavetamento,Com Vítimas Feridas,Pleno dia,Decrescente,Céu Claro,Simples,Reta,Sim,4.0,0.0,1.0,0.0,3.0,0.0,1.0,3.0,-19.867988,-40.404121,SPRF-ES,DEL02-ES,UOP01-DEL02-ES,2025-04-04 16:00:00,2025.0,4.0,16.0,tarde,False,0,moderado,BR-101
671527.0,2025-04-04,sexta,16:00,ES,101.0,268.5,SERRA,Pedestre cruzava a pista fora da faixa,Atropelamento de Pedestre,Com Vítimas Feridas,Pleno dia,Crescente,Sol,Múltipla,Reta,Sim,2.0,0.0,2.0,0.0,0.0,0.0,2.0,2.0,-20.21476333,-40.26998833,SPRF-ES,DEL02-ES,UOP01-DEL02-ES,2025-04-04 16:00:00,2025.0,4.0,16.0,tarde,True,0,moderado,BR-101
671624.0,2025-04-04,sexta,22:30,ES,101.0,132.5,LINHARES,Transitar na contramão,Colisão lateral sentido oposto,Com Vítimas Feridas,Plena Noite,Crescente,Céu Claro,Simples,Reta,Não,2.0,0.0,0.0,1.0,1.0,0.0,1.0,2.0,-19.35188295,-40.0636685,SPRF-ES,DEL04-ES,UOP01-DEL04-ES,2025-04-04 22:30:00,2025.0,4.0,22.0,noite,False,1,grave,BR-101
671694.0,2025-04-05,sabado,07:35,ES,101.0,270.7,SERRA,Condutor deixou de manter distância do veículo da frente,Colisão traseira,Com Vítimas Feridas,Pleno dia,Crescente,Nublado,Dupla,Curva,Sim,2.0,0.0,0.0,1.0,1.0,0.0,1.0,2.0,-20.23250385,-40.2762961,SPRF-ES,DEL02-ES,UOP01-DEL02-ES,2025-04-05 07:35:00,2025.0,4.0,7.0,manha,True,1,grave,BR-101
671715.0,2025-04-05,sabado,10:13,ES,101.0,297.0,CARIACICA,Acesso irregular,Colisão lateral mesmo sentido,Com Vítimas Feridas,Pleno dia,Decrescente,Céu Claro,Dupla,Curva;Aclive;Interseção de Vias,Sim,3.0,0.0,1.0,1.0,1.0,0.0,2.0,2.0,-20.345774,-40.410576,SPRF-ES,DEL01-ES,UOP01-DEL01-ES,2025-04-05 10:13:00,2025.0,4.0,10.0,manha,True,1,grave,BR-101
671803.0,2025-04-05,sabado,19:15,ES,259.0,61.6,COLATINA,Ingestão de álcool pelo condutor,Colisão transversal,Com Vítimas Feridas,Plena Noite,Crescente,Nublado,Simples,Reta,Não,4.0,0.0,2.0,1.0,0.0,1.0,3.0,2.0,-19.5296775,-40.6925889,SPRF-ES,DEL02-ES,UOP01-DEL02-ES,2025-04-05 19:15:00,2025.0,4.0,19.0,noite,False,1,grave,BR-259
671833.0,2025-04-05,sabado,21:00,ES,259.0,55.0,COLATINA,Conversão proibida,Colisão lateral sentido oposto,Com Vítimas Feridas,Plena Noite,Crescente,Nublado,Simples,Curva,Sim,2.0,0.0,1.0,0.0,0.0,1.0,1.0,2.0,-19.50134934,-40.62826227,SPRF-ES,DEL02-ES,UOP01-DEL02-ES,2025-04-05 21:00:00,2025.0,4.0,21.0,noite,False,0,moderado,BR-259
671867.0,2025-04-06,domingo,00:28,ES,262.0,162.0,IBATIBA,Ultrapassagem Indevida,Colisão lateral mesmo sentido,Com Vítimas Feridas,Plena Noite,Crescente,Céu Claro,Simples,Curva,Não,3.0,0.0,1.0,1.0,0.0,1.0,2.0,2.0,-20.2351362,-41.5299927,SPRF-ES,DEL01-ES,UOP02-DEL01-ES,2025-04-06 00:28:00,2025.0,4.0,0.0,madrugada,False,1,grave,BR-262
671914.0,2025-04-06,domingo,07:00,ES,101.0,267.0,SERRA,Ausência de reação do condutor,Colisão traseira,Com Vítimas Feridas,Pleno dia,Crescente,Garoa/Chuvisco,Múltipla,Reta,Sim,3.0,0.0,0.0,2.0,1.0,0.0,2.0,2.0,-20.205417,-40.269545,SPRF-ES,DEL02-ES,UOP01-DEL02-ES,2025-04-06 07:00:00,2025.0,4.0,7.0,manha,True,1,grave,BR-101
671939.0,2025-04-06,domingo,10:26,ES,262.0,41.0,DOMINGOS MARTINS,Velocidade Incompatível,Saída de leito carroçável,Com Vítimas Feridas,Pleno dia,Crescente,Chuva,Dupla,Aclive;Curva,Não,1.0,0.0,0.0,1.0,0.0,0.0,1.0,1.0,-20.38480015,-40.64425042,SPRF-ES,DEL01-ES,UOP01-DEL01-ES,2025-04-06 10:26:00,2025.0,4.0,10.0,manha,False,1,grave,BR-262
671940.0,2025-04-06,domingo,10:00,ES,101.0,150.6,LINHARES,Condutor deixou de manter distância do veículo da frente,Colisão traseira,Com Vítimas Feridas,Pleno dia,Decrescente,Céu Claro,Múltipla,Interseção de Vias;Declive;Curva,Sim,4.0,0.0,2.0,1.0,1.0,0.0,3.0,2.0,-19.40711212,-40.06402731,SPRF-ES,DEL04-ES,UOP01-DEL04-ES,2025-04-06 10:00:00,2025.0,4.0,10.0,manha,False,1,grave,BR-101
671955.0,2025-04-06,domingo,13:30,ES,101.0,268.2,SERRA,Condutor deixou de manter distância do veículo da frente,Colisão traseira,Com Vítimas Feridas,Pleno dia,Crescente,Céu Claro,Múltipla,Reta,Sim,3.0,0.0,1.0,0.0,2.0,0.0,1.0,2.0,-20.0488865,-40.3867121,SPRF-ES,DEL02-ES,UOP01-DEL02-ES,2025-04-06 13:30:00,2025.0,4.0,13.0,tarde,True,0,moderado,BR-101
671983.0,2025-04-06,domingo,14:30,ES,262.0,87.0,DOMINGOS MARTINS,Chuva,Tombamento,Com Vítimas Feridas,Pleno dia,Crescente,Chuva,Simples,Reta,Não,1.0,0.0,1.0,0.0,0.0,0.0,1.0,1.0,-20.39614518,-40.99593094,SPRF-ES,DEL01-ES,UOP02-DEL01-ES,2025-04-06 14:30:00,2025.0,4.0,14.0,tarde,False,0,moderado,BR-262
671988.0,2025-04-06,domingo,17:13,ES,101.0,144.1,LINHARES,Manobra de mudança de faixa,Queda de ocupante de veículo,Com Vítimas Feridas,Pleno dia,Decrescente,Nublado,Múltipla,Reta,Sim,1.0,0.0,1.0,0.0,0.0,0.0,1.0,1.0,-19.35184157,-40.06355524,SPRF-ES,DEL04-ES,UOP01-DEL04-ES,2025-04-06 17:13:00,2025.0,4.0,17.0,tarde,False,0,moderado,BR-101
672001.0,2025-04-06,domingo,18:30,ES,101.0,209.1,IBIRACU,Condutor deixou de manter distância do veículo da frente,Colisão traseira,Com Vítimas Feridas,Plena Noite,Decrescente,Chuva,Simples,Reta,Não,4.0,0.0,3.0,0.0,1.0,0.0,3.0,2.0,-19.79174,-40.37139,SPRF-ES,DEL02-ES,UOP01-DEL02-ES,2025-04-06 18:30:00,2025.0,4.0,18.0,noite,False,0,moderado,BR-101
672017.0,2025-04-06,domingo,19:36,ES,101.0,18.0,SAO MATEUS,Ausência de reação do condutor,Eventos atípicos,Com Vítimas Feridas,Anoitecer,Crescente,Céu Claro,Dupla,Reta,Não,1.0,0.0,1.0,0.0,0.0,0.0,1.0,1.0,-18.6489235,-39.8735974,SPRF-ES,DEL04-ES,UOP02-DEL04-ES,2025-04-06 19:36:00,2025.0,4.0,19.0,noite,False,0,moderado,BR-101
672104.0,2025-04-07,segunda,06:45,ES,101.0,336.0,GUARAPARI,Chuva,Saída de leito carroçável,Com Vítimas Feridas,Amanhecer,Decrescente,Chuva,Dupla,Aclive;Reta,Não,2.0,0.0,1.0,0.0,1.0,0.0,1.0,1.0,-20.6635008,-40.6061056,SPRF-ES,DEL03-ES,UOP01-DEL03-ES,2025-04-07 06:45:00,2025.0,4.0,6.0,manha,True,0,moderado,BR-101
672142.0,2025-04-07,segunda,08:20,ES,101.0,267.6,SERRA,Manobra de mudança de faixa,Colisão lateral mesmo sentido,Com Vítimas Feridas,Pleno dia,Crescente,Chuva,Dupla,Reta,Sim,3.0,0.0,1.0,0.0,2.0,0.0,1.0,2.0,-20.20282998,-40.26916589,SPRF-ES,DEL02-ES,UOP01-DEL02-ES,2025-04-07 08:20:00,2025.0,4.0,8.0,manha,True,0,moderado,BR-101
672146.0,2025-04-07,segunda,08:50,ES,101.0,335.4,GUARAPARI,Chuva,Saída de leito carroçável,Com Vítimas Feridas,Pleno dia,Decrescente,Chuva,Dupla,Aclive;Curva,Não,2.0,0.0,1.0,0.0,1.0,0.0,1.0,1.0,-20.62941055,-40.53711534,SPRF-ES,DEL03-ES,UOP01-DEL03-ES,2025-04-07 08:50:00,2025.0,4.0,8.0,manha,True,0,moderado,BR-101
672226.0,2025-04-07,segunda,18:00,ES,101.0,144.8,LINHARES,Ausência de reação do condutor,Colisão traseira,Com Vítimas Feridas,Anoitecer,Crescente,Céu Claro,Dupla,Reta,Sim,2.0,0.0,1.0,0.0,1.0,0.0,1.0,2.0,-19.36038489,-40.06439209,SPRF-ES,DEL04-ES,UOP01-DEL04-ES,2025-04-07 18:00:00,2025.0,4.0,18.0,noite,False,0,moderado,BR-101
672325.0,2025-04-08,terca,08:55,ES,101.0,269.2,SERRA,Manobra de mudança de faixa,Colisão lateral mesmo sentido,Com Vítimas Feridas,Pleno dia,Crescente,Sol,Múltipla,Reta,Sim,2.0,0.0,2.0,0.0,0.0,0.0,2.0,2.0,-20.22002047,-40.2702665,SPRF-ES,DEL02-ES,UOP01-DEL02-ES,2025-04-08 08:55:00,2025.0,4.0,8.0,manha,True,0,moderado,BR-101
672402.0,2025-04-08,terca,17:10,ES,101.0,287.0,CARIACICA,Acessar a via sem observar a presença dos outros veículos,Colisão transversal,Com Vítimas Feridas,Anoitecer,Crescente,Céu Claro,Dupla,Reta,Sim,2.0,0.0,1.0,0.0,1.0,0.0,1.0,2.0,-20.25231936,-40.37333965,SPRF-ES,DEL01-ES,UOP01-DEL01-ES,2025-04-08 17:10:00,2025.0,4.0,17.0,tarde,True,0,moderado,BR-101
672413.0,2025-04-08,terca,17:50,ES,101.0,215.8,IBIRACU,Reação tardia ou ineficiente do condutor,Tombamento,Com Vítimas Feridas,Anoitecer,Crescente,Nublado,Simples,Reta,Não,1.0,0.0,1.0,0.0,0.0,0.0,1.0,1.0,-19.83920833,-40.38316333,SPRF-ES,DEL02-ES,UOP01-DEL02-ES,2025-04-08 17:50:00,2025.0,4.0,17.0,tarde,False,0,moderado,BR-101
672472.0,2025-04-09,quarta,06:30,ES,259.0,63.2,COLATINA,Reação tardia ou ineficiente do condutor,Colisão transversal,Com Vítimas Feridas,Pleno dia,Crescente,Céu Claro,Simples,Reta,Sim,3.0,0.0,1.0,1.0,1.0,0.0,2.0,2.0,-19.522715,-40.707203,SPRF-ES,DEL02-ES,UOP01-DEL02-ES,2025-04-09 06:30:00,2025.0,4.0,6.0,manha,False,1,grave,BR-259
672511.0,2025-04-09,quarta,07:30,ES,262.0,70.0,MARECHAL FLORIANO,Reação tardia ou ineficiente do condutor,Colisão traseira,Com Vítimas Feridas,Pleno dia,Crescente,Céu Claro,Simples,Curva;Aclive,Não,2.0,0.0,1.0,0.0,1.0,0.0,1.0,2.0,-20.415415,-40.867134,SPRF-ES,DEL01-ES,UOP02-DEL01-ES,2025-04-09 07:30:00,2025.0,4.0,7.0,manha,False,0,moderado,BR-262
672526.0,2025-04-09,quarta,09:20,ES,0.0,0.0,VITORIA,Condutor deixou de manter distância do veículo da frente,Colisão traseira,Sem Vítimas,Pleno dia,Não Informado,Céu Claro,Dupla,Reta,Sim,2.0,0.0,0.0,0.0,2.0,0.0,0.0,2.0,-20.28727685,-40.30412793,SPRF-ES,DEL02-ES,UOP01-DEL02-ES,2025-04-09 09:20:00,2025.0,4.0,9.0,manha,True,0,baixo,BR-0
672533.0,2025-04-02,quarta,06:15,ES,101.0,36.0,CONCEICAO DA BARRA,Desrespeitar a preferência no cruzamento,Tombamento,Com Vítimas Feridas,Pleno dia,Decrescente,Céu Claro,Simples,Reta,Não,2.0,0.0,1.0,0.0,1.0,0.0,1.0,2.0,-18.45953599,-39.92997939,SPRF-ES,DEL04-ES,UOP02-DEL04-ES,2025-04-02 06:15:00,2025.0,4.0,6.0,manha,False,0,moderado,BR-101
672672.0,2025-04-10,quinta,05:00,ES,101.0,137.0,LINHARES,Reação tardia ou ineficiente do condutor,Tombamento,Com Vítimas Feridas,Amanhecer,Decrescente,Céu Claro,Simples,Reta,Não,1.0,0.0,1.0,0.0,0.0,0.0,1.0,1.0,-19.29994957,-40.08390248,SPRF-ES,DEL04-ES,UOP01-DEL04-ES,2025-04-10 05:00:00,2025.0,4.0,5.0,madrugada,False,0,moderado,BR-101
672693.0,2025-04-10,quinta,08:00,ES,101.0,288.5,CARIACICA,Trafegar com motocicleta (ou similar) entre as faixas,Colisão traseira,Com Vítimas Feridas,Pleno dia,Decrescente,Céu Claro,Dupla,Reta,Sim,2.0,0.0,0.0,1.0,1.0,0.0,1.0,2.0,-20.2667107,-40.38679177,SPRF-ES,DEL01-ES,UOP01-DEL01-ES,2025-04-10 08:00:00,2025.0,4.0,8.0,manha,True,1,grave,BR-101
672701.0,2025-04-10,quinta,08:30,ES,101.0,268.0,SERRA,Pedestre cruzava a pista fora da faixa,Atropelamento de Pedestre,Com Vítimas Feridas,Pleno dia,Crescente,Céu Claro,Dupla,Reta,Sim,2.0,0.0,1.0,0.0,1.0,0.0,1.0,2.0,-20.21641,-40.27012,SPRF-ES,DEL02-ES,UOP01-DEL02-ES,2025-04-10 08:30:00,2025.0,4.0,8.0,manha,True,0,moderado,BR-101
672751.0,2025-04-10,quinta,13:10,ES,101.0,205.0,JOAO NEIVA,Ausência de reação do condutor,Queda de ocupante de veículo,Com Vítimas Feridas,Pleno dia,Crescente,Nublado,Simples,Reta,Sim,1.0,0.0,1.0,0.0,0.0,0.0,1.0,1.0,-19.75707974,-40.37979119,SPRF-ES,DEL02-ES,UOP01-DEL02-ES,2025-04-10 13:10:00,2025.0,4.0,13.0,tarde,False,0,moderado,BR-101
672773.0,2025-04-10,quinta,16:40,ES,101.0,159.9,LINHARES,Acessar a via sem observar a presença dos outros veículos,Colisão lateral mesmo sentido,Com Vítimas Feridas,Pleno dia,Decrescente,Nublado,Simples,Reta,Sim,3.0,0.0,2.0,0.0,1.0,0.0,2.0,2.0,-19.47847375,-40.11491778,SPRF-ES,DEL04-ES,UOP01-DEL04-ES,2025-04-10 16:40:00,2025.0,4.0,16.0,tarde,False,0,moderado,BR-101
672816.0,2025-04-10,quinta,19:30,ES,259.0,68.4,COLATINA,Transitar na contramão,Colisão lateral sentido oposto,Com Vítimas Feridas,Plena Noite,Crescente,Nublado,Simples,Reta,Não,2.0,0.0,2.0,0.0,0.0,0.0,2.0,2.0,-19.501626,-40.74465,SPRF-ES,DEL02-ES,UOP01-DEL02-ES,2025-04-10 19:30:00,2025.0,4.0,19.0,noite,False,0,moderado,BR-259
672845.0,2025-04-11,sexta,00:01,ES,101.0,145.0,LINHARES,Velocidade Incompatível,Saída de leito carroçável,Com Vítimas Feridas,Plena Noite,Decrescente,Chuva,Múltipla,Reta,Sim,1.0,0.0,1.0,0.0,0.0,0.0,1.0,1.0,-19.4222704,-40.0779271,SPRF-ES,DEL04-ES,UOP01-DEL04-ES,2025-04-11 00:01:00,2025.0,4.0,0.0,madrugada,False,0,moderado,BR-101
672858.0,2025-04-11,sexta,04:20,ES,262.0,20.0,VIANA,Reação tardia ou ineficiente do condutor,Colisão com objeto,Sem Vítimas,Plena Noite,Crescente,Nublado,Simples,Reta;Ponte,Não,2.0,0.0,0.0,0.0,2.0,0.0,0.0,1.0,-20.381129,-40.504147,SPRF-ES,DEL01-ES,UOP01-DEL01-ES,2025-04-11 04:20:00,2025.0,4.0,4.0,madrugada,True,0,baixo,BR-262
672906.0,2025-04-11,sexta,09:30,ES,101.0,271.0,SERRA,Ausência de reação do condutor,Queda de ocupante de veículo,Com Vítimas Feridas,Pleno dia,Crescente,Céu Claro,Dupla,Reta,Não,1.0,0.0,1.0,0.0,0.0,0.0,1.0,1.0,-20.23030821,-40.28102875,SPRF-ES,DEL02-ES,UOP01-DEL02-ES,2025-04-11 09:30:00,2025.0,4.0,9.0,manha,True,0,moderado,BR-101
672927.0,2025-04-11,sexta,11:20,ES,101.0,298.0,VIANA,Reação tardia ou ineficiente do condutor,Colisão lateral mesmo sentido,Com Vítimas Feridas,Pleno dia,Crescente,Céu Claro,Dupla,Reta,Não,2.0,0.0,1.0,0.0,0.0,1.0,1.0,2.0,-20.357507,-40.426507,SPRF-ES,DEL01-ES,UOP01-DEL01-ES,2025-04-11 11:20:00,2025.0,4.0,11.0,manha,True,0,moderado,BR-101
672976.0,2025-04-11,sexta,17:05,ES,101.0,267.7,SERRA,Manobra de mudança de faixa,Colisão lateral mesmo sentido,Com Vítimas Feridas,Pleno dia,Decrescente,Céu Claro,Dupla,Reta,Sim,2.0,0.0,1.0,0.0,1.0,0.0,1.0,2.0,-20.19848,-40.26808,SPRF-ES,DEL02-ES,UOP01-DEL02-ES,2025-04-11 17:05:00,2025.0,4.0,17.0,tarde,True,0,moderado,BR-101
673030.0,2025-04-11,sexta,20:30,ES,393.0,1.0,CACHOEIRO DE ITAPEMIRIM,Reação tardia ou ineficiente do condutor,Colisão transversal,Com Vítimas Feridas,Plena Noite,Crescente,Céu Claro,Simples,Reta,Sim,2.0,0.0,1.0,0.0,1.0,0.0,1.0,2.0,-20.83681886,-41.15815938,SPRF-ES,DEL03-ES,UOP02-DEL03-ES,2025-04-11 20:30:00,2025.0,4.0,20.0,noite,False,0,moderado,BR-393
673034.0,2025-04-11,sexta,20:58,ES,101.0,143.0,LINHARES,Velocidade Incompatível,Colisão transversal,Com Vítimas Fatais,Plena Noite,Decrescente,Céu Claro,Múltipla,Reta,Não,2.0,1.0,0.0,0.0,0.0,1.0,0.0,2.0,-19.34286302,-40.06369686,SPRF-ES,DEL04-ES,UOP01-DEL04-ES,2025-04-11 20:58:00,2025.0,4.0,20.0,noite,False,1,fatal,BR-101
673072.0,2025-04-12,sabado,00:45,ES,101.0,395.0,RIO NOVO DO SUL,Pedestre andava na pista,Atropelamento de Pedestre,Com Vítimas Feridas,Plena Noite,Crescente,Nublado,Simples,Curva,Não,2.0,0.0,1.0,0.0,0.0,1.0,1.0,2.0,-20.865157,-40.917123,SPRF-ES,DEL03-ES,UOP02-DEL03-ES,2025-04-12 00:45:00,2025.0,4.0,0.0,madrugada,False,0,moderado,BR-101
673152.0,2025-04-12,sabado,10:39,ES,101.0,145.6,LINHARES,Ausência de reação do condutor,Tombamento,Com Vítimas Feridas,Pleno dia,Crescente,Céu Claro,Dupla,Reta,Sim,1.0,0.0,1.0,0.0,0.0,0.0,1.0,1.0,-19.40572083,-40.06166077,SPRF-ES,DEL04-ES,UOP01-DEL04-ES,2025-04-12 10:39:00,2025.0,4.0,10.0,manha,False,0,moderado,BR-101
673165.0,2025-04-12,sabado,12:00,ES,101.0,149.0,LINHARES,Transitar na contramão,Colisão transversal,Com Vítimas Feridas,Pleno dia,Decrescente,Céu Claro,Dupla,Interseção de Vias,Sim,2.0,0.0,1.0,1.0,0.0,0.0,2.0,2.0,-19.39710134,-40.06365485,SPRF-ES,DEL04-ES,UOP01-DEL04-ES,2025-04-12 12:00:00,2025.0,4.0,12.0,tarde,False,1,grave,BR-101
673174.0,2025-03-16,domingo,13:05,ES,259.0,82.0,COLATINA,Ausência de reação do condutor,Colisão lateral mesmo sentido,Com Vítimas Feridas,Pleno dia,Crescente,Ignorado,Simples,Reta,Não,3.0,0.0,1.0,0.0,0.0,2.0,1.0,3.0,-19.51063749,-40.85212469,SPRF-ES,DEL02-ES,UOP01-DEL02-ES,2025-03-16 13:05:00,2025.0,3.0,13.0,tarde,False,0,moderado,BR-259
673177.0,2025-04-12,sabado,13:20,ES,262.0,36.9,DOMINGOS MARTINS,Ausência de reação do condutor,Queda de ocupante de veículo,Com Vítimas Feridas,Pleno dia,Decrescente,Chuva,Simples,Reta,Sim,1.0,0.0,1.0,0.0,0.0,0.0,1.0,1.0,-20.3819927,-40.6147423,SPRF-ES,DEL01-ES,UOP01-DEL01-ES,2025-04-12 13:20:00,2025.0,4.0,13.0,tarde,False,0,moderado,BR-262
673393.0,2025-04-13,domingo,10:30,ES,259.0,70.0,COLATINA,Ausência de reação do condutor,Queda de ocupante de veículo,Com Vítimas Feridas,Pleno dia,Crescente,Céu Claro,Simples,Reta,Não,1.0,0.0,1.0,0.0,0.0,0.0,1.0,1.0,-19.49606621,-40.76092958,SPRF-ES,DEL02-ES,UOP01-DEL02-ES,2025-04-13 10:30:00,2025.0,4.0,10.0,manha,False,0,moderado,BR-259
673470.0,2025-02-12,quarta,09:10,ES,101.0,219.0,IBIRACU,Velocidade Incompatível,Colisão com objeto,Com Vítimas Feridas,Pleno dia,Crescente,Céu Claro,Dupla,Reta,Não,2.0,0.0,1.0,1.0,0.0,0.0,2.0,1.0,-19.86460092,-40.38336629,SPRF-ES,DEL02-ES,UOP01-DEL02-ES,2025-02-12 09:10:00,2025.0,2.0,9.0,manha,False,1,grave,BR-101
673529.0,2025-04-13,domingo,22:07,ES,101.0,146.8,LINHARES,Conversão proibida,Colisão transversal,Com Vítimas Feridas,Pleno dia,Decrescente,Céu Claro,Dupla,Interseção de Vias,Sim,7.0,0.0,1.0,0.0,0.0,6.0,1.0,3.0,-19.3812525,-40.0666143,SPRF-ES,DEL04-ES,UOP01-DEL04-ES,2025-04-13 22:07:00,2025.0,4.0,22.0,noite,False,0,moderado,BR-101
673603.0,2025-04-14,segunda,07:07,ES,101.0,66.0,SAO MATEUS,Pedestre cruzava a pista fora da faixa,Atropelamento de Pedestre,Com Vítimas Feridas,Pleno dia,Crescente,Céu Claro,Simples,Reta,Sim,2.0,0.0,0.0,1.0,1.0,0.0,1.0,2.0,-18.71941778,-39.86773133,SPRF-ES,DEL04-ES,UOP02-DEL04-ES,2025-04-14 07:07:00,2025.0,4.0,7.0,manha,False,1,grave,BR-101
673645.0,2025-04-14,segunda,11:20,ES,101.0,145.0,LINHARES,Ausência de reação do condutor,Tombamento,Com Vítimas Feridas,Pleno dia,Decrescente,Céu Claro,Múltipla,Reta;Aclive,Sim,2.0,0.0,1.0,0.0,1.0,0.0,1.0,2.0,-19.36091731,-40.06446409,SPRF-ES,DEL04-ES,UOP01-DEL04-ES,2025-04-14 11:20:00,2025.0,4.0,11.0,manha,False,0,moderado,BR-101
673676.0,2025-04-14,segunda,14:40,ES,101.0,300.8,VIANA,Acumulo de areia ou detritos sobre o pavimento,Tombamento,Com Vítimas Feridas,Pleno dia,Decrescente,Nublado,Dupla,Curva,Sim,1.0,0.0,1.0,0.0,0.0,0.0,1.0,1.0,-20.36291413,-40.4376483,SPRF-ES,DEL01-ES,UOP01-DEL01-ES,2025-04-14 14:40:00,2025.0,4.0,14.0,tarde,True,0,moderado,BR-101
673697.0,2025-04-14,segunda,16:15,ES,101.0,254.0,SERRA,Ausência de reação do condutor,Colisão traseira,Com Vítimas Feridas,Pleno dia,Decrescente,Céu Claro,Simples,Em Obras;Reta,Sim,2.0,0.0,1.0,0.0,1.0,0.0,1.0,2.0,-20.11139198,-40.327034,SPRF-ES,DEL02-ES,UOP01-DEL02-ES,2025-04-14 16:15:00,2025.0,4.0,16.0,tarde,True,0,moderado,BR-101
673777.0,2025-04-15,terca,07:45,ES,101.0,142.9,LINHARES,Acessar a via sem observar a presença dos outros veículos,Colisão transversal,Com Vítimas Feridas,Pleno dia,Decrescente,Céu Claro,Dupla,Reta,Sim,2.0,0.0,2.0,0.0,0.0,0.0,2.0,2.0,-19.34291313,-40.06376982,SPRF-ES,DEL04-ES,UOP01-DEL04-ES,2025-04-15 07:45:00,2025.0,4.0,7.0,manha,False,0,moderado,BR-101
673797.0,2025-04-15,terca,08:50,ES,101.0,296.0,CARIACICA,Conversão proibida,Colisão lateral mesmo sentido,Com Vítimas Feridas,Pleno dia,Crescente,Céu Claro,Dupla,Curva,Não,3.0,0.0,2.0,0.0,1.0,0.0,2.0,2.0,-20.34352039,-40.40486097,SPRF-ES,DEL01-ES,UOP01-DEL01-ES,2025-04-15 08:50:00,2025.0,4.0,8.0,manha,True,0,moderado,BR-101
673832.0,2025-04-15,terca,11:40,ES,101.0,141.0,LINHARES,Animais na Pista,Atropelamento de Animal,Com Vítimas Feridas,Pleno dia,Decrescente,Céu Claro,Múltipla,Reta,Sim,1.0,0.0,1.0,0.0,0.0,0.0,1.0,1.0,-19.326444,-40.071735,SPRF-ES,DEL04-ES,UOP01-DEL04-ES,2025-04-15 11:40:00,2025.0,4.0,11.0,manha,False,0,moderado,BR-101
673909.0,2025-04-15,terca,19:00,ES,101.0,66.7,SAO MATEUS,Acessar a via sem observar a presença dos outros veículos,Colisão transversal,Com Vítimas Feridas,Anoitecer,Decrescente,Nublado,Dupla,Reta,Sim,2.0,0.0,2.0,0.0,0.0,0.0,2.0,2.0,-18.70935945,-39.8658931,SPRF-ES,DEL04-ES,UOP02-DEL04-ES,2025-04-15 19:00:00,2025.0,4.0,19.0,noite,False,0,moderado,BR-101
673939.0,2025-02-03,segunda,06:20,ES,101.0,143.2,LINHARES,Manobra de mudança de faixa,Colisão lateral mesmo sentido,Com Vítimas Feridas,Pleno dia,Crescente,Céu Claro,Dupla,Reta,Sim,2.0,0.0,0.0,1.0,1.0,0.0,1.0,2.0,-19.34286596,-40.0638568,SPRF-ES,DEL04-ES,UOP01-DEL04-ES,2025-02-03 06:20:00,2025.0,2.0,6.0,manha,False,1,grave,BR-101
685387.0,2025-04-17,quinta,10:50,ES,101.0,122.4,LINHARES,Ausência de reação do condutor,Saída de leito carroçável,Com Vítimas Feridas,Pleno dia,Decrescente,Nublado,Simples,Reta;Declive,Não,4.0,0.0,3.0,0.0,1.0,0.0,3.0,1.0,-19.16405956,-40.08504326,SPRF-ES,DEL04-ES,UOP01-DEL04-ES,2025-04-17 10:50:00,2025.0,4.0,10.0,manha,False,0,moderado,BR-101
685511.0,2025-04-17,quinta,18:47,ES,101.0,233.0,SERRA,Velocidade Incompatível,Colisão traseira,Com Vítimas Feridas,Plena Noite,Decrescente,Garoa/Chuvisco,Dupla,Reta,Não,4.0,0.0,1.0,0.0,3.0,0.0,1.0,2.0,-20.0409088,-40.38656,SPRF-ES,DEL02-ES,UOP01-DEL02-ES,2025-04-17 18:47:00,2025.0,4.0,18.0,noite,True,0,moderado,BR-101
685576.0,2025-04-17,quinta,23:00,ES,101.0,269.7,SERRA,Reação tardia ou ineficiente do condutor,Engavetamento,Com Vítimas Feridas,Plena Noite,Decrescente,Nublado,Dupla,Reta,Sim,5.0,0.0,1.0,0.0,4.0,0.0,1.0,3.0,-20.224463,-40.270198,SPRF-ES,DEL02-ES,UOP01-DEL02-ES,2025-04-17 23:00:00,2025.0,4.0,23.0,noite,True,0,moderado,BR-101
685622.0,2025-04-18,sexta,03:30,ES,101.0,283.0,CARIACICA,Condutor Dormindo,Saída de leito carroçável,Com Vítimas Feridas,Plena Noite,Decrescente,Céu Claro,Múltipla,Reta,Sim,4.0,0.0,3.0,0.0,1.0,0.0,3.0,1.0,-20.2334214,-40.36909103,SPRF-ES,DEL01-ES,UOP01-DEL01-ES,2025-04-18 03:30:00,2025.0,4.0,3.0,madrugada,True,0,moderado,BR-101
685689.0,2025-04-18,sexta,09:10,ES,101.0,214.0,IBIRACU,Ausência de reação do condutor,Colisão traseira,Sem Vítimas,Pleno dia,Crescente,Nublado,Simples,Reta,Sim,2.0,0.0,0.0,0.0,2.0,0.0,0.0,2.0,-19.830006,-40.372636,SPRF-ES,DEL02-ES,UOP01-DEL02-ES,2025-04-18 09:10:00,2025.0,4.0,9.0,manha,False,0,baixo,BR-101
685724.0,2025-04-18,sexta,11:35,ES,101.0,151.0,LINHARES,Transitar na contramão,Colisão frontal,Sem Vítimas,Pleno dia,Decrescente,Nublado,Simples,Curva,Sim,2.0,0.0,0.0,0.0,2.0,0.0,0.0,2.0,-19.4044895,-40.0609856,SPRF-ES,DEL04-ES,UOP01-DEL04-ES,2025-04-18 11:35:00,2025.0,4.0,11.0,manha,False,0,baixo,BR-101
685811.0,2025-04-18,sexta,19:45,ES,101.0,68.0,SAO MATEUS,Ingestão de álcool pelo condutor,Saída de leito carroçável,Sem Vítimas,Plena Noite,Crescente,Chuva,Múltipla,Retorno Regulamentado;Interseção de Vias,Sim,1.0,0.0,0.0,0.0,0.0,1.0,0.0,1.0,-18.72490549,-39.85975698,SPRF-ES,DEL04-ES,UOP02-DEL04-ES,2025-04-18 19:45:00,2025.0,4.0,19.0,noite,False,0,baixo,BR-101
685869.0,2025-04-19,sabado,06:00,ES,101.0,439.0,MIMOSO DO SUL,Ultrapassagem Indevida,Colisão frontal,Com Vítimas Feridas,Amanhecer,Decrescente,Céu Claro,Simples,Reta,Sim,3.0,0.0,0.0,3.0,0.0,0.0,3.0,2.0,-21.08045577,-41.23653889,SPRF-ES,DEL03-ES,UOP02-DEL03-ES,2025-04-19 06:00:00,2025.0,4.0,6.0,manha,False,1,grave,BR-101
685916.0,2025-04-19,sabado,08:50,ES,101.0,137.1,LINHARES,Acessar a via sem observar a presença dos outros veículos,Colisão transversal,Com Vítimas Feridas,Pleno dia,Decrescente,Céu Claro,Simples,Interseção de Vias,Não,6.0,0.0,3.0,0.0,3.0,0.0,3.0,2.0,-19.29402534,-40.08581573,SPRF-ES,DEL04-ES,UOP01-DEL04-ES,2025-04-19 08:50:00,2025.0,4.0,8.0,manha,False,0,moderado,BR-101
685968.0,2025-04-19,sabado,15:35,ES,262.0,57.1,MARECHAL FLORIANO,Ausência de reação do condutor,Engavetamento,Sem Vítimas,Pleno dia,Crescente,Nublado,Simples,Reta,Não,3.0,0.0,0.0,0.0,3.0,0.0,0.0,3.0,-20.41728006,-40.76425552,SPRF-ES,DEL01-ES,UOP01-DEL01-ES,2025-04-19 15:35:00,2025.0,4.0,15.0,tarde,False,0,baixo,BR-262
685977.0,2025-04-19,sabado,16:15,ES,101.0,352.6,ANCHIETA,Velocidade Incompatível,Tombamento,Com Vítimas Fatais,Pleno dia,Decrescente,Nublado,Simples,Curva,Não,3.0,1.0,0.0,1.0,0.0,1.0,1.0,3.0,-20.672678,-40.664446,SPRF-ES,DEL03-ES,UOP01-DEL03-ES,2025-04-19 16:15:00,2025.0,4.0,16.0,tarde,False,1,fatal,BR-101
686028.0,2025-04-17,quinta,04:45,ES,101.0,283.0,CARIACICA,Acumulo de água sobre o pavimento,Saída de leito carroçável,Com Vítimas Feridas,Plena Noite,Decrescente,Chuva,Dupla,Reta,Não,1.0,0.0,1.0,0.0,0.0,0.0,1.0,1.0,-20.25235585,-40.37246794,SPRF-ES,DEL01-ES,UOP01-DEL01-ES,2025-04-17 04:45:00,2025.0,4.0,4.0,madrugada,True,0,moderado,BR-101
686037.0,2025-04-19,sabado,20:20,ES,101.0,91.0,SAO MATEUS,Ausência de reação do condutor,Colisão lateral sentido oposto,Com Vítimas Feridas,Plena Noite,Crescente,Nublado,Dupla,Reta,Sim,2.0,0.0,0.0,1.0,0.0,1.0,1.0,2.0,-18.6489133,-39.8735389,SPRF-ES,DEL04-ES,UOP02-DEL04-ES,2025-04-19 20:20:00,2025.0,4.0,20.0,noite,False,1,grave,BR-101
686120.0,2025-04-20,domingo,07:00,ES,101.0,209.1,IBIRACU,Manobra de mudança de faixa,Colisão lateral mesmo sentido,Com Vítimas Feridas,Pleno dia,Decrescente,Céu Claro,Simples,Reta,Não,2.0,0.0,1.0,0.0,1.0,0.0,1.0,2.0,-19.790156,-40.371425,SPRF-ES,DEL02-ES,UOP01-DEL02-ES,2025-04-20 07:00:00,2025.0,4.0,7.0,manha,False,0,moderado,BR-101
686198.0,2025-04-16,quarta,20:30,ES,259.0,53.0,COLATINA,Reação tardia ou ineficiente do condutor,Tombamento,Com Vítimas Feridas,Plena Noite,Crescente,Nublado,Múltipla,Reta;Aclive,Não,1.0,0.0,0.0,1.0,0.0,0.0,1.0,1.0,-19.4998405,-40.6293236,SPRF-ES,DEL02-ES,UOP01-DEL02-ES,2025-04-16 20:30:00,2025.0,4.0,20.0,noite,False,1,grave,BR-259
686200.0,2025-04-20,domingo,13:00,ES,101.0,266.1,SERRA,Reação tardia ou ineficiente do condutor,Queda de ocupante de veículo,Com Vítimas Feridas,Pleno dia,Crescente,Céu Claro,Múltipla,Reta,Sim,1.0,0.0,1.0,0.0,0.0,0.0,1.0,1.0,-20.19214333,-40.26803,SPRF-ES,DEL02-ES,UOP01-DEL02-ES,2025-04-20 13:00:00,2025.0,4.0,13.0,tarde,True,0,moderado,BR-101
686203.0,2025-04-16,quarta,22:40,ES,101.0,266.0,SERRA,Trafegar com motocicleta (ou similar) entre as faixas,Colisão lateral mesmo sentido,Sem Vítimas,Plena Noite,Crescente,Garoa/Chuvisco,Dupla,Interseção de Vias;Curva,Sim,2.0,0.0,0.0,0.0,2.0,0.0,0.0,2.0,-20.18744168,-40.26826713,SPRF-ES,DEL02-ES,UOP01-DEL02-ES,2025-04-16 22:40:00,2025.0,4.0,22.0,noite,True,0,baixo,BR-101
686208.0,2025-04-20,domingo,14:00,ES,101.0,270.0,SERRA,Ausência de reação do condutor,Colisão traseira,Com Vítimas Feridas,Pleno dia,Crescente,Céu Claro,Dupla,Reta,Sim,2.0,0.0,0.0,1.0,1.0,0.0,1.0,2.0,-20.227855,-40.271222,SPRF-ES,DEL02-ES,UOP01-DEL02-ES,2025-04-20 14:00:00,2025.0,4.0,14.0,tarde,True,1,grave,BR-101
686230.0,2025-04-20,domingo,15:50,ES,101.0,146.5,LINHARES,Ausência de reação do condutor,Colisão traseira,Com Vítimas Feridas,Pleno dia,Crescente,Céu Claro,Dupla,Reta,Sim,3.0,0.0,2.0,0.0,1.0,0.0,2.0,2.0,-19.3754976,-40.06621834,SPRF-ES,DEL04-ES,UOP01-DEL04-ES,2025-04-20 15:50:00,2025.0,4.0,15.0,tarde,False,0,moderado,BR-101
686236.0,2025-04-20,domingo,16:00,ES,101.0,127.6,SOORETAMA,Reação tardia ou ineficiente do condutor,Colisão com objeto,Com Vítimas Feridas,Pleno dia,Decrescente,Céu Claro,Dupla,Reta,Sim,1.0,0.0,1.0,0.0,0.0,0.0,1.0,1.0,-19.20921366,-40.09409985,SPRF-ES,DEL04-ES,UOP01-DEL04-ES,2025-04-20 16:00:00,2025.0,4.0,16.0,tarde,False,0,moderado,BR-101
686240.0,2025-04-20,domingo,14:10,ES,101.0,372.5,ICONHA,Acessar a via sem observar a presença dos outros veículos,Colisão transversal,Com Vítimas Feridas,Pleno dia,Decrescente,Nublado,Simples,Reta,Não,4.0,0.0,1.0,0.0,3.0,0.0,1.0,2.0,-20.77557896,-40.77835827,SPRF-ES,DEL03-ES,UOP01-DEL03-ES,2025-04-20 14:10:00,2025.0,4.0,14.0,tarde,False,0,moderado,BR-101
686253.0,2025-04-20,domingo,14:55,ES,101.0,213.6,IBIRACU,Manobra de mudança de faixa,Colisão lateral mesmo sentido,Sem Vítimas,Pleno dia,Crescente,Nublado,Múltipla,Retorno Regulamentado;Curva,Sim,2.0,0.0,0.0,0.0,1.0,1.0,0.0,2.0,-19.82874,-40.36889,SPRF-ES,DEL02-ES,UOP01-DEL02-ES,2025-04-20 14:55:00,2025.0,4.0,14.0,tarde,False,0,baixo,BR-101
686292.0,2025-04-20,domingo,19:40,ES,101.0,48.0,CONCEICAO DA BARRA,Transitar na contramão,Colisão frontal,Com Vítimas Feridas,Plena Noite,Crescente,Nublado,Simples,Reta;Declive,Não,3.0,0.0,1.0,0.0,2.0,0.0,1.0,2.0,-18.56955634,-39.89731528,SPRF-ES,DEL04-ES,UOP02-DEL04-ES,2025-04-20 19:40:00,2025.0,4.0,19.0,noite,False,0,moderado,BR-101
686330.0,2025-04-20,domingo,23:50,ES,101.0,210.4,IBIRACU,Condutor Dormindo,Saída de leito carroçável,Com Vítimas Fatais,Plena Noite,Crescente,Céu Claro,Simples,Curva;Declive,Não,4.0,1.0,1.0,2.0,0.0,0.0,3.0,1.0,-19.801326,-40.368169,SPRF-ES,DEL02-ES,UOP01-DEL02-ES,2025-04-20 23:50:00,2025.0,4.0,23.0,noite,False,1,fatal,BR-101
686531.0,2025-04-21,segunda,17:30,ES,262.0,146.0,IBATIBA,Acessar a via sem observar a presença dos outros veículos,Colisão transversal,Com Vítimas Feridas,Anoitecer,Decrescente,Céu Claro,Simples,Reta;Declive,Não,2.0,0.0,0.0,1.0,1.0,0.0,1.0,2.0,-20.22517894,-41.4166556,SPRF-ES,DEL01-ES,UOP02-DEL01-ES,2025-04-21 17:30:00,2025.0,4.0,17.0,tarde,False,1,grave,BR-262
686562.0,2025-04-21,segunda,19:20,ES,101.0,390.3,RIO NOVO DO SUL,Acessar a via sem observar a presença dos outros veículos,Colisão transversal,Com Vítimas Feridas,Plena Noite,Crescente,Chuva,Simples,Reta,Não,3.0,0.0,1.0,0.0,2.0,0.0,1.0,2.0,-20.8626313,-40.8814921,SPRF-ES,DEL03-ES,UOP02-DEL03-ES,2025-04-21 19:20:00,2025.0,4.0,19.0,noite,False,0,moderado,BR-101
686681.0,2025-04-22,terca,11:40,ES,101.0,144.8,LINHARES,Condutor deixou de manter distância do veículo da frente,Colisão traseira,Com Vítimas Feridas,Pleno dia,Decrescente,Nublado,Simples,Reta,Sim,4.0,0.0,1.0,0.0,3.0,0.0,1.0,2.0,-19.37599832,-40.01356697,SPRF-ES,DEL04-ES,UOP01-DEL04-ES,2025-04-22 11:40:00,2025.0,4.0,11.0,manha,False,0,moderado,BR-101
686704.0,2025-04-22,terca,13:45,ES,262.0,159.0,IBATIBA,Manobra de mudança de faixa,Colisão transversal,Com Vítimas Feridas,Pleno dia,Crescente,Céu Claro,Múltipla,Reta,Sim,3.0,0.0,0.0,1.0,2.0,0.0,1.0,3.0,-20.22292986,-41.45413918,SPRF-ES,DEL01-ES,UOP02-DEL01-ES,2025-04-22 13:45:00,2025.0,4.0,13.0,tarde,False,1,grave,BR-262
686724.0,2025-04-22,terca,15:40,ES,101.0,296.1,CARIACICA,Ausência de reação do condutor,Queda de ocupante de veículo,Com Vítimas Feridas,Pleno dia,Decrescente,Céu Claro,Dupla,Curva,Sim,1.0,0.0,1.0,0.0,0.0,0.0,1.0,1.0,-20.34254661,-40.40159321,SPRF-ES,DEL01-ES,UOP01-DEL01-ES,2025-04-22 15:40:00,2025.0,4.0,15.0,tarde,True,0,moderado,BR-101
686747.0,2025-04-22,terca,17:09,ES,101.0,265.0,SERRA,Acumulo de areia ou detritos sobre o pavimento,Queda de ocupante de veículo,Sem Vítimas,Anoitecer,Crescente,Céu Claro,Dupla,Curva,Sim,1.0,0.0,0.0,0.0,0.0,1.0,0.0,1.0,-20.1824,-40.2655,SPRF-ES,DEL02-ES,UOP01-DEL02-ES,2025-04-22 17:09:00,2025.0,4.0,17.0,tarde,True,0,baixo,BR-101
686748.0,2025-04-22,terca,17:18,ES,101.0,269.0,SERRA,Ausência de reação do condutor,Colisão traseira,Com Vítimas Feridas,Anoitecer,Crescente,Nublado,Múltipla,Reta,Sim,2.0,0.0,1.0,0.0,1.0,0.0,1.0,2.0,-20.21701001,-40.2699101,SPRF-ES,DEL02-ES,UOP01-DEL02-ES,2025-04-22 17:18:00,2025.0,4.0,17.0,tarde,True,0,moderado,BR-101
686838.0,2025-04-23,quarta,05:53,ES,101.0,32.0,SAO MATEUS,Mal súbito do condutor,Saída de leito carroçável,Com Vítimas Feridas,Amanhecer,Decrescente,Nublado,Simples,Interseção de Vias,Não,1.0,0.0,1.0,0.0,0.0,0.0,1.0,1.0,-18.6489336,-39.8735425,SPRF-ES,DEL04-ES,UOP02-DEL04-ES,2025-04-23 05:53:00,2025.0,4.0,5.0,madrugada,False,0,moderado,BR-101
686841.0,2025-04-23,quarta,09:20,ES,101.0,269.9,SERRA,Entrada inopinada do pedestre,Atropelamento de Pedestre,Com Vítimas Feridas,Pleno dia,Crescente,Céu Claro,Múltipla,Reta,Sim,2.0,0.0,0.0,1.0,1.0,0.0,1.0,2.0,-20.0488452,-40.38640393,SPRF-ES,DEL02-ES,UOP01-DEL02-ES,2025-04-23 09:20:00,2025.0,4.0,9.0,manha,True,1,grave,BR-101
686927.0,2025-04-23,quarta,18:45,ES,101.0,311.9,VILA VELHA,Acessar a via sem observar a presença dos outros veículos,Atropelamento de Pedestre,Com Vítimas Fatais,Plena Noite,Crescente,Céu Claro,Dupla,Reta,Não,2.0,1.0,0.0,0.0,1.0,0.0,0.0,2.0,-20.443068,-40.46019,SPRF-ES,DEL01-ES,UOP01-DEL01-ES,2025-04-23 18:45:00,2025.0,4.0,18.0,noite,True,1,fatal,BR-101
686932.0,2025-04-23,quarta,19:00,ES,101.0,263.1,SERRA,Demais falhas mecânicas ou elétricas,Eventos atípicos,Com Vítimas Feridas,Plena Noite,Crescente,Nublado,Dupla,Reta,Sim,1.0,0.0,1.0,0.0,0.0,0.0,1.0,1.0,-20.12509291,-40.34179688,SPRF-ES,DEL02-ES,UOP01-DEL02-ES,2025-04-23 19:00:00,2025.0,4.0,19.0,noite,True,0,moderado,BR-101
687030.0,2025-04-16,quarta,15:25,ES,101.0,147.5,LINHARES,Pedestre cruzava a pista fora da faixa,Atropelamento de Pedestre,Com Vítimas Feridas,Pleno dia,Crescente,Céu Claro,Dupla,Reta,Não,2.0,0.0,1.0,0.0,1.0,0.0,1.0,2.0,-19.38642139,-40.06740924,SPRF-ES,DEL04-ES,UOP01-DEL04-ES,2025-04-16 15:25:00,2025.0,4.0,15.0,tarde,False,0,moderado,BR-101
687068.0,2025-04-24,quinta,15:30,ES,101.0,265.0,SERRA,Pista esburacada,Tombamento,Com Vítimas Feridas,Pleno dia,Crescente,Nublado,Múltipla,Reta,Sim,2.0,0.0,1.0,1.0,0.0,0.0,2.0,1.0,-20.18240833,-40.26541,SPRF-ES,DEL02-ES,UOP01-DEL02-ES,2025-04-24 15:30:00,2025.0,4.0,15.0,tarde,True,1,grave,BR-101
687168.0,2025-04-25,sexta,05:30,ES,101.0,71.0,SAO MATEUS,Ausência de reação do condutor,Capotamento,Com Vítimas Feridas,Amanhecer,Crescente,Céu Claro,Simples,Reta;Aclive,Não,1.0,0.0,0.0,1.0,0.0,0.0,1.0,1.0,-18.75469863,-39.86251831,SPRF-ES,DEL04-ES,UOP02-DEL04-ES,2025-04-25 05:30:00,2025.0,4.0,5.0,madrugada,False,1,grave,BR-101
687174.0,2025-04-25,sexta,06:10,ES,101.0,267.8,SERRA,Condutor desrespeitou a iluminação vermelha do semáforo,Colisão transversal,Com Vítimas Feridas,Pleno dia,Crescente,Nublado,Múltipla,Reta;Interseção de Vias,Sim,3.0,0.0,0.0,1.0,2.0,0.0,1.0,2.0,-20.20453,-40.26744,SPRF-ES,DEL02-ES,UOP01-DEL02-ES,2025-04-25 06:10:00,2025.0,4.0,6.0,manha,True,1,grave,BR-101
687222.0,2025-04-25,sexta,12:00,ES,101.0,268.8,SERRA,Acessar a via sem observar a presença dos outros veículos,Atropelamento de Pedestre,Com Vítimas Feridas,Pleno dia,Crescente,Céu Claro,Dupla,Reta,Não,2.0,0.0,0.0,1.0,1.0,0.0,1.0,2.0,-20.2147571,-40.27002007,SPRF-ES,DEL02-ES,UOP01-DEL02-ES,2025-04-25 12:00:00,2025.0,4.0,12.0,tarde,True,1,grave,BR-101
687243.0,2025-04-25,sexta,13:16,ES,262.0,36.5,DOMINGOS MARTINS,Ausência de reação do condutor,Colisão traseira,Com Vítimas Feridas,Pleno dia,Crescente,Céu Claro,Simples,Curva,Não,2.0,0.0,0.0,1.0,1.0,0.0,1.0,2.0,-20.381033,-40.6057,SPRF-ES,DEL01-ES,UOP01-DEL01-ES,2025-04-25 13:16:00,2025.0,4.0,13.0,tarde,False,1,grave,BR-262
687287.0,2025-04-25,sexta,18:10,ES,101.0,298.5,VIANA,Ausência de reação do condutor,Colisão traseira,Com Vítimas Feridas,Plena Noite,Crescente,Nublado,Simples,Reta,Sim,2.0,0.0,0.0,1.0,1.0,0.0,1.0,2.0,-20.356822,-40.41918,SPRF-ES,DEL01-ES,UOP01-DEL01-ES,2025-04-25 18:10:00,2025.0,4.0,18.0,noite,True,1,grave,BR-101
687306.0,2025-04-25,sexta,19:30,ES,101.0,121.0,SOORETAMA,Ultrapassagem Indevida,Colisão lateral sentido oposto,Com Vítimas Feridas,Plena Noite,Crescente,Céu Claro,Simples,Reta;Declive,Não,3.0,0.0,0.0,2.0,1.0,0.0,2.0,2.0,-19.05603549,-40.03174371,SPRF-ES,DEL04-ES,UOP01-DEL04-ES,2025-04-25 19:30:00,2025.0,4.0,19.0,noite,False,1,grave,BR-101
687316.0,2025-04-25,sexta,20:15,ES,101.0,292.0,CARIACICA,Condutor deixou de manter distância do veículo da frente,Colisão traseira,Com Vítimas Feridas,Plena Noite,Decrescente,Chuva,Dupla,Reta;Declive,Sim,2.0,0.0,2.0,0.0,0.0,0.0,2.0,1.0,-20.307885,-40.394741,SPRF-ES,DEL01-ES,UOP01-DEL01-ES,2025-04-25 20:15:00,2025.0,4.0,20.0,noite,True,0,moderado,BR-101
687330.0,2025-04-25,sexta,21:10,ES,101.0,325.0,GUARAPARI,Chuva,Queda de ocupante de veículo,Com Vítimas Feridas,Plena Noite,Crescente,Chuva,Dupla,Reta,Não,2.0,0.0,2.0,0.0,0.0,0.0,2.0,1.0,-20.55633551,-40.48060656,SPRF-ES,DEL03-ES,UOP01-DEL03-ES,2025-04-25 21:10:00,2025.0,4.0,21.0,noite,True,0,moderado,BR-101
687382.0,2025-04-26,sabado,05:20,ES,101.0,292.8,CARIACICA,Reação tardia ou ineficiente do condutor,Queda de ocupante de veículo,Com Vítimas Feridas,Amanhecer,Decrescente,Céu Claro,Múltipla,Reta,Sim,1.0,0.0,1.0,0.0,0.0,0.0,1.0,1.0,-20.32494571,-40.39555618,SPRF-ES,DEL01-ES,UOP01-DEL01-ES,2025-04-26 05:20:00,2025.0,4.0,5.0,madrugada,True,0,moderado,BR-101
687479.0,2025-04-26,sabado,15:30,ES,101.0,198.7,ARACRUZ,Ausência de reação do condutor,Saída de leito carroçável,Com Vítimas Feridas,Pleno dia,Decrescente,Céu Claro,Dupla,Reta,Não,1.0,0.0,1.0,0.0,0.0,0.0,1.0,1.0,-19.71708565,-40.34598335,SPRF-ES,DEL04-ES,UOP01-DEL04-ES,2025-04-26 15:30:00,2025.0,4.0,15.0,tarde,False,0,moderado,BR-101
687500.0,2025-04-26,sabado,18:40,ES,101.0,416.2,ITAPEMIRIM,Acessar a via sem observar a presença dos outros veículos,Colisão transversal,Com Vítimas Feridas,Plena Noite,Decrescente,Nublado,Simples,Reta,Não,2.0,0.0,0.0,1.0,1.0,0.0,1.0,2.0,-20.93814217,-41.08225219,SPRF-ES,DEL03-ES,UOP02-DEL03-ES,2025-04-26 18:40:00,2025.0,4.0,18.0,noite,False,1,grave,BR-101
687502.0,2025-04-26,sabado,18:45,ES,101.0,101.1,JAGUARE,Pedestre andava na pista,Atropelamento de Pedestre,Com Vítimas Feridas,Plena Noite,Crescente,Nublado,Simples,Reta,Não,2.0,0.0,0.0,1.0,1.0,0.0,1.0,2.0,-18.981539,-39.996048,SPRF-ES,DEL04-ES,UOP02-DEL04-ES,2025-04-26 18:45:00,2025.0,4.0,18.0,noite,False,1,grave,BR-101
687540.0,2025-04-26,sabado,17:30,ES,393.0,0.8,CACHOEIRO DE ITAPEMIRIM,Conversão proibida,Colisão transversal,Com Vítimas Feridas,Anoitecer,Crescente,Nublado,Simples,Reta,Sim,2.0,0.0,0.0,1.0,0.0,1.0,1.0,2.0,-20.83808161,-41.16504586,SPRF-ES,DEL03-ES,UOP02-DEL03-ES,2025-04-26 17:30:00,2025.0,4.0,17.0,tarde,False,1,grave,BR-393
687588.0,2025-04-27,domingo,02:30,ES,101.0,255.0,SERRA,Reação tardia ou ineficiente do condutor,Colisão lateral mesmo sentido,Com Vítimas Feridas,Plena Noite,Crescente,Céu Claro,Simples,Reta,Sim,2.0,0.0,2.0,0.0,0.0,0.0,2.0,2.0,-20.118736,-40.311946,SPRF-ES,DEL02-ES,UOP01-DEL02-ES,2025-04-27 02:30:00,2025.0,4.0,2.0,madrugada,True,0,moderado,BR-101
687643.0,2025-02-22,sabado,22:40,ES,101.0,257.3,SERRA,Pedestre andava na pista,Atropelamento de Pedestre,Com Vítimas Feridas,Plena Noite,Decrescente,Ignorado,Dupla,Rotatória,Não,2.0,0.0,0.0,1.0,0.0,1.0,1.0,2.0,-20.12832782,-40.29915935,SPRF-ES,DEL02-ES,UOP01-DEL02-ES,2025-02-22 22:40:00,2025.0,2.0,22.0,noite,True,1,grave,BR-101
687710.0,2025-04-27,domingo,18:45,ES,101.0,66.0,SAO MATEUS,Manobra de mudança de faixa,Colisão lateral mesmo sentido,Com Vítimas Feridas,Plena Noite,Crescente,Céu Claro,Dupla,Reta,Sim,2.0,0.0,1.0,0.0,0.0,1.0,1.0,2.0,-18.71696785,-39.87288086,SPRF-ES,DEL04-ES,UOP02-DEL04-ES,2025-04-27 18:45:00,2025.0,4.0,18.0,noite,False,0,moderado,BR-101
687825.0,2025-04-28,segunda,09:45,ES,101.0,270.8,SERRA,Manobra de mudança de faixa,Colisão lateral mesmo sentido,Com Vítimas Feridas,Pleno dia,Crescente,Nublado,Múltipla,Curva,Sim,6.0,0.0,2.0,2.0,2.0,0.0,4.0,2.0,-20.232365,-40.2745916,SPRF-ES,DEL02-ES,UOP01-DEL02-ES,2025-04-28 09:45:00,2025.0,4.0,9.0,manha,True,1,grave,BR-101
687828.0,2025-04-28,segunda,08:55,ES,262.0,95.0,DOMINGOS MARTINS,Desrespeitar a preferência no cruzamento,Colisão transversal,Com Vítimas Feridas,Pleno dia,Decrescente,Céu Claro,Simples,Interseção de Vias,Sim,2.0,0.0,1.0,0.0,1.0,0.0,1.0,2.0,-20.364862,-41.062845,SPRF-ES,DEL01-ES,UOP02-DEL01-ES,2025-04-28 08:55:00,2025.0,4.0,8.0,manha,False,0,moderado,BR-262
687834.0,2025-04-28,segunda,10:15,ES,101.0,14.9,SERRA,Demais falhas mecânicas ou elétricas,Tombamento,Com Vítimas Feridas,Pleno dia,Decrescente,Céu Claro,Dupla,Reta,Não,1.0,0.0,1.0,0.0,0.0,0.0,1.0,1.0,-20.18372,-40.339705,SPRF-ES,DEL02-ES,UOP01-DEL02-ES,2025-04-28 10:15:00,2025.0,4.0,10.0,manha,True,0,moderado,BR-101
688023.0,2025-04-29,terca,09:40,ES,101.0,296.0,CARIACICA,Ausência de reação do condutor,Colisão traseira,Com Vítimas Feridas,Pleno dia,Decrescente,Nublado,Dupla,Aclive;Curva;Viaduto,Sim,2.0,0.0,0.0,1.0,1.0,0.0,1.0,2.0,-20.343261,-40.405925,SPRF-ES,DEL01-ES,UOP01-DEL01-ES,2025-04-29 09:40:00,2025.0,4.0,9.0,manha,True,1,grave,BR-101
688095.0,2025-04-29,terca,17:10,ES,101.0,285.1,CARIACICA,Acesso irregular,Colisão transversal,Com Vítimas Feridas,Anoitecer,Crescente,Céu Claro,Dupla,Reta;Declive;Interseção de Vias,Sim,2.0,0.0,1.0,1.0,0.0,0.0,2.0,2.0,-20.25205,-40.37313,SPRF-ES,DEL01-ES,UOP01-DEL01-ES,2025-04-29 17:10:00,2025.0,4.0,17.0,tarde,True,1,grave,BR-101
688194.0,2025-04-30,quarta,09:00,ES,101.0,280.8,SERRA,Afundamento ou ondulação no pavimento,Tombamento,Com Vítimas Feridas,Pleno dia,Decrescente,Nublado,Dupla,Reta;Aclive,Não,1.0,0.0,0.0,1.0,0.0,0.0,1.0,1.0,-20.22162017,-40.35751462,SPRF-ES,DEL02-ES,UOP01-DEL02-ES,2025-04-30 09:00:00,2025.0,4.0,9.0,manha,True,1,grave,BR-101
688276.0,2025-04-30,quarta,16:15,ES,101.0,280.0,SERRA,Manobra de mudança de faixa,Colisão lateral mesmo sentido,Com Vítimas Feridas,Pleno dia,Decrescente,Nublado,Dupla,Reta,Não,2.0,0.0,1.0,0.0,1.0,0.0,1.0,2.0,-20.217756,-40.352636,SPRF-ES,DEL02-ES,UOP01-DEL02-ES,2025-04-30 16:15:00,2025.0,4.0,16.0,tarde,True,0,moderado,BR-101
688283.0,2025-04-30,quarta,17:00,ES,101.0,295.2,CARIACICA,Manobra de mudança de faixa,Colisão lateral mesmo sentido,Com Vítimas Feridas,Anoitecer,Crescente,Nublado,Múltipla,Reta,Sim,2.0,0.0,1.0,0.0,1.0,0.0,1.0,2.0,-20.3341961,-40.4015379,SPRF-ES,DEL01-ES,UOP01-DEL01-ES,2025-04-30 17:00:00,2025.0,4.0,17.0,tarde,True,0,moderado,BR-101
688420.0,2025-05-01,quinta,06:40,ES,101.0,232.2,FUNDAO,Ultrapassagem Indevida,Colisão frontal,Com Vítimas Feridas,Pleno dia,Crescente,Céu Claro,Simples,Reta,Não,5.0,0.0,3.0,0.0,2.0,0.0,3.0,2.0,-19.95487046,-40.41010004,SPRF-ES,DEL02-ES,UOP01-DEL02-ES,2025-05-01 06:40:00,2025.0,5.0,6.0,manha,True,0,moderado,BR-101
688438.0,2025-04-03,quinta,10:25,ES,101.0,264.9,SERRA,Condutor deixou de manter distância do veículo da frente,Colisão traseira,Com Vítimas Feridas,Pleno dia,Crescente,Céu Claro,Dupla,Reta,Sim,2.0,0.0,1.0,0.0,1.0,0.0,1.0,2.0,-20.048847,-40.3866996,SPRF-ES,DEL02-ES,UOP01-DEL02-ES,2025-04-03 10:25:00,2025.0,4.0,10.0,manha,True,0,moderado,BR-101
688489.0,2025-05-01,quinta,14:40,ES,262.0,21.0,VIANA,Condutor Dormindo,Colisão frontal,Com Vítimas Feridas,Pleno dia,Crescente,Céu Claro,Simples,Reta;Declive,Não,6.0,0.0,6.0,0.0,0.0,0.0,6.0,2.0,-20.375805,-40.512829,SPRF-ES,DEL01-ES,UOP01-DEL01-ES,2025-05-01 14:40:00,2025.0,5.0,14.0,tarde,True,0,moderado,BR-262
688495.0,2025-05-01,quinta,14:50,ES,101.0,311.0,VILA VELHA,Demais falhas mecânicas ou elétricas,Incêndio,Sem Vítimas,Pleno dia,Decrescente,Céu Claro,Dupla,Reta,Não,1.0,0.0,0.0,0.0,1.0,0.0,0.0,1.0,-20.4363702,-40.45934558,SPRF-ES,DEL01-ES,UOP01-DEL01-ES,2025-05-01 14:50:00,2025.0,5.0,14.0,tarde,True,0,baixo,BR-101
688559.0,2025-05-01,quinta,21:30,ES,101.0,375.5,ICONHA,Velocidade Incompatível,Queda de ocupante de veículo,Com Vítimas Feridas,Plena Noite,Decrescente,Chuva,Dupla,Reta,Não,1.0,0.0,1.0,0.0,0.0,0.0,1.0,1.0,-20.798474,-40.789394,SPRF-ES,DEL03-ES,UOP01-DEL03-ES,2025-05-01 21:30:00,2025.0,5.0,21.0,noite,False,0,moderado,BR-101
688594.0,2025-05-02,sexta,06:00,ES,101.0,208.9,JOAO NEIVA,Ingestão de álcool pelo condutor,Saída de leito carroçável,Com Vítimas Feridas,Pleno dia,Crescente,Céu Claro,Simples,Reta,Não,2.0,0.0,0.0,2.0,0.0,0.0,2.0,1.0,-19.78140362,-40.37166595,SPRF-ES,DEL02-ES,UOP01-DEL02-ES,2025-05-02 06:00:00,2025.0,5.0,6.0,manha,False,1,grave,BR-101
688605.0,2025-05-02,sexta,06:49,ES,101.0,270.0,SERRA,Reação tardia ou ineficiente do condutor,Colisão traseira,Com Vítimas Feridas,Pleno dia,Crescente,Céu Claro,Dupla,Reta,Sim,2.0,0.0,1.0,0.0,1.0,0.0,1.0,2.0,-20.228275,-40.271729,SPRF-ES,DEL02-ES,UOP01-DEL02-ES,2025-05-02 06:49:00,2025.0,5.0,6.0,manha,True,0,moderado,BR-101
688611.0,2025-05-02,sexta,07:50,ES,101.0,264.8,SERRA,Reação tardia ou ineficiente do condutor,Tombamento,Com Vítimas Feridas,Pleno dia,Crescente,Sol,Múltipla,Curva,Sim,1.0,0.0,0.0,1.0,0.0,0.0,1.0,1.0,-20.18065333,-40.26532167,SPRF-ES,DEL02-ES,UOP01-DEL02-ES,2025-05-02 07:50:00,2025.0,5.0,7.0,manha,True,1,grave,BR-101
688642.0,2025-05-02,sexta,10:15,ES,262.0,27.3,VIANA,Velocidade Incompatível,Tombamento,Com Vítimas Feridas,Pleno dia,Decrescente,Céu Claro,Simples,Curva,Não,1.0,0.0,0.0,1.0,0.0,0.0,1.0,1.0,-20.385803,-40.553105,SPRF-ES,DEL01-ES,UOP01-DEL01-ES,2025-05-02 10:15:00,2025.0,5.0,10.0,manha,True,1,grave,BR-262
688676.0,2025-05-02,sexta,10:00,ES,101.0,144.8,LINHARES,Acessar a via sem observar a presença dos outros veículos,Colisão transversal,Com Vítimas Feridas,Pleno dia,Decrescente,Céu Claro,Dupla,Reta,Sim,2.0,0.0,1.0,0.0,1.0,0.0,1.0,2.0,-19.35588602,-40.06381154,SPRF-ES,DEL04-ES,UOP01-DEL04-ES,2025-05-02 10:00:00,2025.0,5.0,10.0,manha,False,0,moderado,BR-101
688694.0,2025-05-02,sexta,16:55,ES,101.0,266.3,SERRA,Reação tardia ou ineficiente do condutor,Tombamento,Com Vítimas Feridas,Pleno dia,Crescente,Céu Claro,Múltipla,Reta;Interseção de Vias,Sim,2.0,0.0,2.0,0.0,0.0,0.0,2.0,1.0,-20.19353927,-40.26839018,SPRF-ES,DEL02-ES,UOP01-DEL02-ES,2025-05-02 16:55:00,2025.0,5.0,16.0,tarde,True,0,moderado,BR-101
688713.0,2025-05-02,sexta,18:40,ES,101.0,396.8,RIO NOVO DO SUL,Transitar na contramão,Colisão frontal,Com Vítimas Feridas,Plena Noite,Crescente,Nublado,Simples,Reta,Não,3.0,0.0,0.0,1.0,2.0,0.0,1.0,3.0,-20.87225701,-40.94702888,SPRF-ES,DEL03-ES,UOP02-DEL03-ES,2025-05-02 18:40:00,2025.0,5.0,18.0,noite,False,1,grave,BR-101
688821.0,2025-04-17,quinta,18:20,ES,101.0,66.5,SAO MATEUS,Acessar a via sem observar a presença dos outros veículos,Colisão transversal,Com Vítimas Feridas,Plena Noite,Crescente,Garoa/Chuvisco,Simples,Reta,Sim,2.0,0.0,2.0,0.0,0.0,0.0,2.0,2.0,-18.6489329,-39.8735795,SPRF-ES,DEL04-ES,UOP02-DEL04-ES,2025-04-17 18:20:00,2025.0,4.0,18.0,noite,False,0,moderado,BR-101
688837.0,2025-05-03,sabado,10:35,ES,101.0,281.0,SERRA,Velocidade Incompatível,Saída de leito carroçável,Com Vítimas Feridas,Pleno dia,Crescente,Céu Claro,Dupla,Curva,Não,1.0,0.0,0.0,1.0,0.0,0.0,1.0,1.0,-20.037632,-40.1965056,SPRF-ES,DEL02-ES,UOP01-DEL02-ES,2025-05-03 10:35:00,2025.0,5.0,10.0,manha,True,1,grave,BR-101
689006.0,2025-05-04,domingo,06:32,ES,101.0,32.0,CONCEICAO DA BARRA,Acessar a via sem observar a presença dos outros veículos,Colisão transversal,Sem Vítimas,Pleno dia,Crescente,Sol,Simples,Interseção de Vias,Não,3.0,0.0,0.0,0.0,1.0,2.0,0.0,2.0,-18.43832056,-39.93303191,SPRF-ES,DEL04-ES,UOP02-DEL04-ES,2025-05-04 06:32:00,2025.0,5.0,6.0,manha,False,0,baixo,BR-101
689058.0,2025-05-04,domingo,14:17,ES,101.0,372.0,ICONHA,Transitar na contramão,Colisão frontal,Com Vítimas Feridas,Pleno dia,Crescente,Nublado,Simples,Reta,Não,5.0,0.0,1.0,2.0,2.0,0.0,3.0,2.0,-20.77681231,-40.77913569,SPRF-ES,DEL03-ES,UOP01-DEL03-ES,2025-05-04 14:17:00,2025.0,5.0,14.0,tarde,False,1,grave,BR-101
689082.0,2025-05-04,domingo,17:08,ES,101.0,150.5,LINHARES,Condutor deixou de manter distância do veículo da frente,Colisão traseira,Com Vítimas Feridas,Pleno dia,Crescente,Nublado,Simples,Curva,Sim,3.0,0.0,1.0,0.0,2.0,0.0,1.0,2.0,-19.40716983,-40.06400434,SPRF-ES,DEL04-ES,UOP01-DEL04-ES,2025-05-04 17:08:00,2025.0,5.0,17.0,tarde,False,0,moderado,BR-101
689089.0,2025-05-04,domingo,17:40,ES,101.0,275.5,SERRA,Ausência de reação do condutor,Saída de leito carroçável,Com Vítimas Feridas,Anoitecer,Crescente,Nublado,Dupla,Curva,Não,3.0,0.0,2.0,0.0,1.0,0.0,2.0,1.0,-20.2095924,-40.2989186,SPRF-ES,DEL02-ES,UOP01-DEL02-ES,2025-05-04 17:40:00,2025.0,5.0,17.0,tarde,True,0,moderado,BR-101
689101.0,2025-05-04,domingo,18:47,ES,101.0,446.0,MIMOSO DO SUL,Manobra de mudança de faixa,Colisão transversal,Com Vítimas Feridas,Anoitecer,Crescente,Céu Claro,Simples,Reta,Não,2.0,0.0,1.0,0.0,1.0,0.0,1.0,2.0,-21.17301949,-41.29296049,SPRF-ES,DEL03-ES,UOP02-DEL03-ES,2025-05-04 18:47:00,2025.0,5.0,18.0,noite,False,0,moderado,BR-101
689122.0,2025-05-04,domingo,20:14,ES,101.0,101.9,SOORETAMA,Ausência de reação do condutor,Tombamento,Com Vítimas Feridas,Plena Noite,Decrescente,Céu Claro,Dupla,Ponte;Reta,Não,1.0,0.0,1.0,0.0,0.0,0.0,1.0,1.0,-18.99648771,-40.0032915,SPRF-ES,DEL04-ES,UOP01-DEL04-ES,2025-05-04 20:14:00,2025.0,5.0,20.0,noite,False,0,moderado,BR-101
689145.0,2025-05-04,domingo,22:10,ES,101.0,278.0,SERRA,Reação tardia ou ineficiente do condutor,Colisão com objeto,Com Vítimas Feridas,Plena Noite,Crescente,Céu Claro,Dupla,Reta,Não,3.0,0.0,1.0,0.0,2.0,0.0,1.0,1.0,-20.218008,-40.33775,SPRF-ES,DEL02-ES,UOP01-DEL02-ES,2025-05-04 22:10:00,2025.0,5.0,22.0,noite,True,0,moderado,BR-101
689194.0,2025-05-05,segunda,07:43,ES,101.0,135.9,LINHARES,Ausência de reação do condutor,Saída de leito carroçável,Sem Vítimas,Pleno dia,Decrescente,Céu Claro,Dupla,Reta,Não,1.0,0.0,0.0,0.0,0.0,1.0,0.0,1.0,-19.283145,-40.086991,SPRF-ES,DEL04-ES,UOP01-DEL04-ES,2025-05-05 07:43:00,2025.0,5.0,7.0,manha,False,0,baixo,BR-101
689233.0,2025-05-05,segunda,09:55,ES,101.0,338.7,GUARAPARI,Avarias e/ou desgaste excessivo no pneu,Tombamento,Com Vítimas Feridas,Pleno dia,Crescente,Chuva,Dupla,Curva,Não,1.0,0.0,1.0,0.0,0.0,0.0,1.0,1.0,-20.64378,-40.55548,SPRF-ES,DEL03-ES,UOP01-DEL03-ES,2025-05-05 09:55:00,2025.0,5.0,9.0,manha,True,0,moderado,BR-101
689279.0,2025-05-05,segunda,15:22,ES,262.0,85.2,DOMINGOS MARTINS,Transitar na contramão,Colisão frontal,Com Vítimas Fatais,Pleno dia,Crescente,Nublado,Simples,Curva,Não,3.0,1.0,0.0,2.0,0.0,0.0,2.0,2.0,-20.39805,-40.986458,SPRF-ES,DEL01-ES,UOP02-DEL01-ES,2025-05-05 15:22:00,2025.0,5.0,15.0,tarde,False,1,fatal,BR-262
689351.0,2025-05-05,segunda,16:37,ES,101.0,165.0,LINHARES,Ausência de reação do condutor,Colisão transversal,Com Vítimas Feridas,Pleno dia,Crescente,Céu Claro,Simples,Reta,Não,2.0,0.0,0.0,1.0,1.0,0.0,1.0,2.0,-19.51847859,-40.14333005,SPRF-ES,DEL04-ES,UOP01-DEL04-ES,2025-05-05 16:37:00,2025.0,5.0,16.0,tarde,False,1,grave,BR-101
689353.0,2025-05-05,segunda,20:20,ES,101.0,69.2,SAO MATEUS,Animais na Pista,Atropelamento de Animal,Com Vítimas Fatais,Plena Noite,Decrescente,Céu Claro,Simples,Reta,Não,2.0,1.0,0.0,0.0,0.0,1.0,0.0,2.0,-18.736655,-39.860802,SPRF-ES,DEL04-ES,UOP02-DEL04-ES,2025-05-05 20:20:00,2025.0,5.0,20.0,noite,False,1,fatal,BR-101
689360.0,2025-05-05,segunda,21:45,ES,262.0,162.0,IBATIBA,Transitar no Acostamento,Colisão lateral mesmo sentido,Com Vítimas Feridas,Plena Noite,Crescente,Nublado,Simples,Reta,Não,3.0,0.0,1.0,0.0,2.0,0.0,1.0,2.0,-20.23417389,-41.52780533,SPRF-ES,DEL01-ES,UOP02-DEL01-ES,2025-05-05 21:45:00,2025.0,5.0,21.0,noite,False,0,moderado,BR-262
689371.0,2025-03-14,sexta,15:11,ES,262.0,35.0,DOMINGOS MARTINS,Entrada inopinada do pedestre,Atropelamento de Pedestre,Com Vítimas Feridas,Pleno dia,Crescente,Ignorado,Simples,Reta,Não,2.0,0.0,1.0,0.0,0.0,1.0,1.0,2.0,-20.38141212,-40.61063716,SPRF-ES,DEL01-ES,UOP01-DEL01-ES,2025-03-14 15:11:00,2025.0,3.0,15.0,tarde,False,0,moderado,BR-262
689373.0,2025-05-06,terca,03:00,ES,262.0,148.0,IBATIBA,Reação tardia ou ineficiente do condutor,Saída de leito carroçável,Com Vítimas Feridas,Plena Noite,Crescente,Céu Claro,Simples,Curva,Não,1.0,0.0,1.0,0.0,0.0,0.0,1.0,1.0,-20.2181871,-41.43147469,SPRF-ES,DEL01-ES,UOP02-DEL01-ES,2025-05-06 03:00:00,2025.0,5.0,3.0,madrugada,False,0,moderado,BR-262
689409.0,2025-05-06,terca,07:30,ES,101.0,42.0,SAO MATEUS,Reação tardia ou ineficiente do condutor,Tombamento,Com Vítimas Feridas,Pleno dia,Crescente,Céu Claro,Simples,Reta,Não,1.0,0.0,1.0,0.0,0.0,0.0,1.0,1.0,-18.6489351,-39.8735889,SPRF-ES,DEL04-ES,UOP02-DEL04-ES,2025-05-06 07:30:00,2025.0,5.0,7.0,manha,False,0,moderado,BR-101
689510.0,2025-05-06,terca,18:20,ES,101.0,288.0,CARIACICA,Avarias e/ou desgaste excessivo no pneu,Queda de ocupante de veículo,Com Vítimas Feridas,Plena Noite,Decrescente,Céu Claro,Dupla,Reta;Declive,Sim,2.0,0.0,0.0,1.0,1.0,0.0,1.0,1.0,-20.276634,-40.392539,SPRF-ES,DEL01-ES,UOP01-DEL01-ES,2025-05-06 18:20:00,2025.0,5.0,18.0,noite,True,1,grave,BR-101
689515.0,2025-05-06,terca,18:20,ES,101.0,266.2,SERRA,Trafegar com motocicleta (ou similar) entre as faixas,Tombamento,Com Vítimas Feridas,Plena Noite,Decrescente,Nublado,Múltipla,Reta,Sim,2.0,0.0,2.0,0.0,0.0,0.0,2.0,1.0,-20.1927205,-40.2684606,SPRF-ES,DEL02-ES,UOP01-DEL02-ES,2025-05-06 18:20:00,2025.0,5.0,18.0,noite,True,0,moderado,BR-101
689525.0,2025-05-06,terca,18:50,ES,101.0,264.6,SERRA,Condutor desrespeitou a iluminação vermelha do semáforo,Colisão transversal,Com Vítimas Feridas,Plena Noite,Crescente,Chuva,Múltipla,Reta,Sim,2.0,0.0,1.0,0.0,1.0,0.0,1.0,2.0,-20.17882667,-40.26541,SPRF-ES,DEL02-ES,UOP01-DEL02-ES,2025-05-06 18:50:00,2025.0,5.0,18.0,noite,True,0,moderado,BR-101
689575.0,2025-05-07,quarta,07:00,ES,101.0,352.3,ANCHIETA,Reação tardia ou ineficiente do condutor,Colisão com objeto,Com Vítimas Feridas,Pleno dia,Decrescente,Chuva,Dupla,Curva,Não,1.0,0.0,0.0,1.0,0.0,0.0,1.0,1.0,-20.672,-40.664,SPRF-ES,DEL03-ES,UOP01-DEL03-ES,2025-05-07 07:00:00,2025.0,5.0,7.0,manha,False,1,grave,BR-101
689633.0,2025-05-07,quarta,14:10,ES,101.0,125.7,SOORETAMA,Reação tardia ou ineficiente do condutor,Colisão traseira,Com Vítimas Feridas,Pleno dia,Crescente,Chuva,Dupla,Reta,Sim,2.0,0.0,0.0,1.0,1.0,0.0,1.0,2.0,-19.1872396,-40.09484975,SPRF-ES,DEL04-ES,UOP01-DEL04-ES,2025-05-07 14:10:00,2025.0,5.0,14.0,tarde,False,1,grave,BR-101
689636.0,2025-05-07,quarta,13:50,ES,101.0,298.0,VIANA,Manobra de mudança de faixa,Colisão lateral mesmo sentido,Com Vítimas Feridas,Pleno dia,Crescente,Céu Claro,Simples,Reta,Sim,2.0,0.0,0.0,1.0,1.0,0.0,1.0,2.0,-20.3827417,-40.4596019,SPRF-ES,DEL01-ES,UOP01-DEL01-ES,2025-05-07 13:50:00,2025.0,5.0,13.0,tarde,True,1,grave,BR-101
689660.0,2025-05-07,quarta,17:00,ES,101.0,157.7,LINHARES,Reação tardia ou ineficiente do condutor,Queda de ocupante de veículo,Com Vítimas Feridas,Anoitecer,Decrescente,Céu Claro,Simples,Reta,Não,1.0,0.0,1.0,0.0,0.0,0.0,1.0,1.0,-19.3631864,-40.0654747,SPRF-ES,DEL04-ES,UOP01-DEL04-ES,2025-05-07 17:00:00,2025.0,5.0,17.0,tarde,False,0,moderado,BR-101
689679.0,2025-05-07,quarta,17:40,ES,101.0,61.4,SAO MATEUS,Transitar no Acostamento,Tombamento,Com Vítimas Feridas,Pleno dia,Crescente,Nublado,Simples,Reta,Sim,2.0,0.0,1.0,0.0,1.0,0.0,1.0,2.0,-18.65004516,-39.87315528,SPRF-ES,DEL04-ES,UOP02-DEL04-ES,2025-05-07 17:40:00,2025.0,5.0,17.0,tarde,False,0,moderado,BR-101
689680.0,2025-05-07,quarta,16:30,ES,101.0,290.0,CARIACICA,Reação tardia ou ineficiente do condutor,Colisão traseira,Com Vítimas Feridas,Pleno dia,Crescente,Nublado,Dupla,Reta,Sim,2.0,0.0,1.0,0.0,1.0,0.0,1.0,2.0,-20.29356942,-40.39275885,SPRF-ES,DEL01-ES,UOP01-DEL01-ES,2025-05-07 16:30:00,2025.0,5.0,16.0,tarde,True,0,moderado,BR-101
689809.0,2025-05-08,quinta,12:30,ES,101.0,232.0,FUNDAO,Mal súbito do condutor,Colisão traseira,Com Vítimas Feridas,Pleno dia,Crescente,Chuva,Simples,Reta,Não,2.0,0.0,2.0,0.0,0.0,0.0,2.0,2.0,-19.960886,-40.406994,SPRF-ES,DEL02-ES,UOP01-DEL02-ES,2025-05-08 12:30:00,2025.0,5.0,12.0,tarde,True,0,moderado,BR-101
689845.0,2025-05-08,quinta,16:00,ES,101.0,295.2,CARIACICA,Desrespeitar a preferência no cruzamento,Colisão transversal,Com Vítimas Feridas,Pleno dia,Crescente,Nublado,Múltipla,Interseção de Vias;Reta,Sim,2.0,0.0,1.0,0.0,1.0,0.0,1.0,2.0,-20.33479295,-40.4015979,SPRF-ES,DEL01-ES,UOP01-DEL01-ES,2025-05-08 16:00:00,2025.0,5.0,16.0,tarde,True,0,moderado,BR-101
689850.0,2025-05-08,quinta,06:40,ES,101.0,66.7,SAO MATEUS,Mal súbito do condutor,Queda de ocupante de veículo,Com Vítimas Feridas,Pleno dia,Crescente,Chuva,Simples,Reta,Sim,1.0,0.0,0.0,1.0,0.0,0.0,1.0,1.0,-18.71922693,-39.86875407,SPRF-ES,DEL04-ES,UOP02-DEL04-ES,2025-05-08 06:40:00,2025.0,5.0,6.0,manha,False,1,grave,BR-101
689918.0,2025-05-08,quinta,21:00,ES,262.0,48.0,VIANA,Transitar na contramão,Colisão lateral sentido oposto,Sem Vítimas,Plena Noite,Crescente,Céu Claro,Simples,Reta,Não,2.0,0.0,0.0,0.0,1.0,1.0,0.0,2.0,-20.3827398,-40.4596022,SPRF-ES,DEL01-ES,UOP01-DEL01-ES,2025-05-08 21:00:00,2025.0,5.0,21.0,noite,True,0,baixo,BR-262
689940.0,2025-05-09,sexta,07:00,ES,101.0,295.6,CARIACICA,Desrespeitar a preferência no cruzamento,Colisão frontal,Com Vítimas Feridas,Pleno dia,Crescente,Céu Claro,Múltipla,Interseção de Vias,Sim,2.0,0.0,1.0,0.0,1.0,0.0,1.0,2.0,-20.330171,-40.3987397,SPRF-ES,DEL01-ES,UOP01-DEL01-ES,2025-05-09 07:00:00,2025.0,5.0,7.0,manha,True,0,moderado,BR-101
689954.0,2025-05-09,sexta,07:30,ES,101.0,290.7,CARIACICA,Manobra de mudança de faixa,Colisão lateral mesmo sentido,Com Vítimas Feridas,Pleno dia,Crescente,Céu Claro,Dupla,Reta,Sim,3.0,0.0,1.0,1.0,1.0,0.0,2.0,2.0,-20.29578,-40.393613,SPRF-ES,DEL01-ES,UOP01-DEL01-ES,2025-05-09 07:30:00,2025.0,5.0,7.0,manha,True,1,grave,BR-101
689978.0,2025-05-09,sexta,08:21,ES,101.0,268.5,SERRA,Acessar a via sem observar a presença dos outros veículos,Atropelamento de Pedestre,Sem Vítimas,Pleno dia,Crescente,Sol,Múltipla,Reta,Sim,2.0,0.0,0.0,0.0,1.0,1.0,0.0,2.0,-20.21232,-40.2698417,SPRF-ES,DEL02-ES,UOP01-DEL02-ES,2025-05-09 08:21:00,2025.0,5.0,8.0,manha,True,0,baixo,BR-101
689996.0,2025-05-09,sexta,10:20,ES,101.0,67.7,SAO MATEUS,Transitar na contramão,Colisão lateral sentido oposto,Com Vítimas Feridas,Pleno dia,Decrescente,Sol,Dupla,Curva,Sim,3.0,0.0,1.0,0.0,1.0,1.0,1.0,3.0,-18.7252991,-39.8451731,SPRF-ES,DEL04-ES,UOP02-DEL04-ES,2025-05-09 10:20:00,2025.0,5.0,10.0,manha,False,0,moderado,BR-101
690004.0,2025-05-09,sexta,11:25,ES,0.0,0.0,VITORIA,Reação tardia ou ineficiente do condutor,Colisão transversal,Sem Vítimas,Pleno dia,Não Informado,Céu Claro,Simples,Interseção de Vias,Sim,2.0,0.0,0.0,0.0,2.0,0.0,0.0,2.0,-20.30985721,-40.31447053,SPRF-ES,,,2025-05-09 11:25:00,2025.0,5.0,11.0,manha,True,0,baixo,BR-0
690032.0,2025-05-09,sexta,13:50,ES,101.0,264.0,SERRA,Condutor deixou de manter distância do veículo da frente,Colisão traseira,Com Vítimas Feridas,Plena Noite,Decrescente,Céu Claro,Dupla,Reta,Sim,2.0,0.0,1.0,0.0,1.0,0.0,1.0,2.0,-20.1772261,-40.265721,SPRF-ES,DEL02-ES,UOP01-DEL02-ES,2025-05-09 13:50:00,2025.0,5.0,13.0,tarde,True,0,moderado,BR-101
690049.0,2025-05-09,sexta,16:20,ES,101.0,303.4,VIANA,Entrada inopinada do pedestre,Atropelamento de Pedestre,Com Vítimas Fatais,Pleno dia,Decrescente,Céu Claro,Dupla,Reta,Sim,3.0,2.0,0.0,0.0,0.0,1.0,0.0,2.0,-20.37810151,-40.44887066,SPRF-ES,DEL01-ES,UOP01-DEL01-ES,2025-05-09 16:20:00,2025.0,5.0,16.0,tarde,True,1,fatal,BR-101
690079.0,2025-05-09,sexta,18:07,ES,101.0,13.5,PINHEIROS,Conversão proibida,Colisão transversal,Com Vítimas Feridas,Anoitecer,Crescente,Céu Claro,Simples,Reta,Não,2.0,0.0,1.0,0.0,1.0,0.0,1.0,2.0,-18.31138487,-39.95688915,SPRF-ES,DEL04-ES,UOP02-DEL04-ES,2025-05-09 18:07:00,2025.0,5.0,18.0,noite,False,0,moderado,BR-101
690181.0,2025-05-10,sabado,01:20,ES,101.0,269.8,SERRA,Condutor desrespeitou a iluminação vermelha do semáforo,Colisão transversal,Com Vítimas Feridas,Plena Noite,Decrescente,Nublado,Múltipla,Interseção de Vias,Sim,4.0,0.0,1.0,1.0,2.0,0.0,2.0,2.0,-20.21232,-40.2698417,SPRF-ES,DEL02-ES,UOP01-DEL02-ES,2025-05-10 01:20:00,2025.0,5.0,1.0,madrugada,True,1,grave,BR-101
690194.0,2025-05-10,sabado,03:00,ES,101.0,135.9,LINHARES,Ingestão de álcool pelo condutor,Saída de leito carroçável,Com Vítimas Feridas,Plena Noite,Crescente,Céu Claro,Simples,Reta,Não,4.0,0.0,1.0,0.0,3.0,0.0,1.0,1.0,-19.28338835,-40.08704321,SPRF-ES,DEL04-ES,UOP01-DEL04-ES,2025-05-10 03:00:00,2025.0,5.0,3.0,madrugada,False,0,moderado,BR-101
690211.0,2025-05-10,sabado,05:15,ES,101.0,151.9,LINHARES,Mal súbito do condutor,Queda de ocupante de veículo,Com Vítimas Feridas,Amanhecer,Crescente,Céu Claro,Simples,Curva,Não,2.0,0.0,0.0,1.0,1.0,0.0,1.0,1.0,-19.417704,-40.068763,SPRF-ES,DEL04-ES,UOP01-DEL04-ES,2025-05-10 05:15:00,2025.0,5.0,5.0,madrugada,False,1,grave,BR-101
690341.0,2025-05-10,sabado,17:00,ES,101.0,262.0,SERRA,Condutor desrespeitou a iluminação vermelha do semáforo,Colisão transversal,Sem Vítimas,Pleno dia,Crescente,Céu Claro,Dupla,Retorno Regulamentado,Sim,2.0,0.0,0.0,0.0,2.0,0.0,0.0,2.0,-20.16678641,-40.27208598,SPRF-ES,DEL02-ES,UOP01-DEL02-ES,2025-05-10 17:00:00,2025.0,5.0,17.0,tarde,True,0,baixo,BR-101
690353.0,2025-05-10,sabado,18:05,ES,101.0,304.4,VIANA,Condutor deixou de manter distância do veículo da frente,Colisão traseira,Com Vítimas Feridas,Plena Noite,Decrescente,Céu Claro,Dupla,Reta;Viaduto,Sim,3.0,0.0,2.0,0.0,1.0,0.0,2.0,2.0,-20.382732,-40.459658,SPRF-ES,DEL01-ES,UOP01-DEL01-ES,2025-05-10 18:05:00,2025.0,5.0,18.0,noite,True,0,moderado,BR-101
690383.0,2025-05-10,sabado,20:00,ES,101.0,331.8,GUARAPARI,Reação tardia ou ineficiente do condutor,Colisão com objeto,Com Vítimas Feridas,Plena Noite,Crescente,Céu Claro,Dupla,Curva,Não,1.0,0.0,1.0,0.0,0.0,0.0,1.0,1.0,-20.606,-40.506,SPRF-ES,DEL03-ES,UOP01-DEL03-ES,2025-05-10 20:00:00,2025.0,5.0,20.0,noite,True,0,moderado,BR-101
690410.0,2025-05-10,sabado,20:30,ES,262.0,102.5,VENDA NOVA DO IMIGRANTE,Ingestão de álcool pelo condutor,Colisão lateral sentido oposto,Sem Vítimas,Plena Noite,Crescente,Céu Claro,Simples,Reta,Sim,2.0,0.0,0.0,0.0,2.0,0.0,0.0,2.0,-20.3366019,-41.1203586,SPRF-ES,DEL01-ES,UOP02-DEL01-ES,2025-05-10 20:30:00,2025.0,5.0,20.0,noite,False,0,baixo,BR-262
690469.0,2025-05-11,domingo,03:30,ES,259.0,69.0,COLATINA,Reação tardia ou ineficiente do condutor,Atropelamento de Animal,Com Vítimas Feridas,Plena Noite,Crescente,Céu Claro,Simples,Curva,Não,2.0,0.0,2.0,0.0,0.0,0.0,2.0,1.0,-19.497428,-40.74968,SPRF-ES,DEL02-ES,UOP01-DEL02-ES,2025-05-11 03:30:00,2025.0,5.0,3.0,madrugada,False,0,moderado,BR-259
690486.0,2025-05-10,sabado,23:30,ES,262.0,175.0,IBATIBA,Ausência de reação do condutor,Saída de leito carroçável,Com Vítimas Feridas,Plena Noite,Decrescente,Nublado,Simples,Aclive;Curva,Não,1.0,0.0,1.0,0.0,0.0,0.0,1.0,1.0,-20.280795,-41.6499193,SPRF-ES,DEL01-ES,UOP02-DEL01-ES,2025-05-10 23:30:00,2025.0,5.0,23.0,noite,False,0,moderado,BR-262
690494.0,2025-05-11,domingo,06:11,ES,101.0,66.9,SAO MATEUS,Condutor desrespeitou a iluminação vermelha do semáforo,Colisão frontal,Com Vítimas Feridas,Amanhecer,Crescente,Nublado,Simples,Reta,Sim,2.0,0.0,1.0,0.0,0.0,1.0,1.0,2.0,-18.7229,-39.86241,SPRF-ES,DEL04-ES,UOP02-DEL04-ES,2025-05-11 06:11:00,2025.0,5.0,6.0,manha,False,0,moderado,BR-101
690500.0,2025-05-11,domingo,06:40,ES,101.0,288.0,CARIACICA,Ausência de reação do condutor,Colisão com objeto,Sem Vítimas,Amanhecer,Decrescente,Céu Claro,Dupla,Reta,Sim,1.0,0.0,0.0,0.0,1.0,0.0,0.0,1.0,-20.26962672,-40.38980265,SPRF-ES,DEL01-ES,UOP01-DEL01-ES,2025-05-11 06:40:00,2025.0,5.0,6.0,manha,True,0,baixo,BR-101
690549.0,2025-04-21,segunda,17:50,ES,101.0,394.0,RIO NOVO DO SUL,Condutor deixou de manter distância do veículo da frente,Engavetamento,Com Vítimas Feridas,Plena Noite,Decrescente,Céu Claro,Simples,Reta;Declive,Não,8.0,0.0,1.0,0.0,7.0,0.0,1.0,5.0,-20.8656423,-40.9231379,SPRF-ES,DEL03-ES,UOP02-DEL03-ES,2025-04-21 17:50:00,2025.0,4.0,17.0,tarde,False,0,moderado,BR-101
690639.0,2025-05-11,domingo,19:30,ES,262.0,147.2,IBATIBA,Ausência de reação do condutor,Colisão lateral mesmo sentido,Com Vítimas Fatais,Plena Noite,Crescente,Garoa/Chuvisco,Simples,Curva,Não,4.0,1.0,0.0,1.0,1.0,1.0,1.0,3.0,-20.21697897,-41.42008781,SPRF-ES,DEL01-ES,UOP02-DEL01-ES,2025-05-11 19:30:00,2025.0,5.0,19.0,noite,False,1,fatal,BR-262
690650.0,2025-05-11,domingo,18:00,ES,101.0,327.0,GUARAPARI,Chuva,Queda de ocupante de veículo,Com Vítimas Feridas,Plena Noite,Crescente,Chuva,Dupla,Reta,Não,2.0,0.0,2.0,0.0,0.0,0.0,2.0,1.0,-20.5732622,-40.4852525,SPRF-ES,DEL03-ES,UOP01-DEL03-ES,2025-05-11 18:00:00,2025.0,5.0,18.0,noite,True,0,moderado,BR-101
690674.0,2025-05-11,domingo,21:40,ES,262.0,39.0,DOMINGOS MARTINS,Ausência de reação do condutor,Colisão frontal,Com Vítimas Feridas,Plena Noite,Crescente,Ignorado,Simples,Curva;Aclive,Não,7.0,0.0,6.0,0.0,1.0,0.0,6.0,2.0,-20.3848546,-40.6342091,SPRF-ES,DEL01-ES,UOP01-DEL01-ES,2025-05-11 21:40:00,2025.0,5.0,21.0,noite,False,0,moderado,BR-262
690694.0,2025-05-11,domingo,22:10,ES,262.0,39.0,DOMINGOS MARTINS,Ausência de reação do condutor,Engavetamento,Sem Vítimas,Plena Noite,Decrescente,Ignorado,Simples,Curva;Aclive,Não,3.0,0.0,0.0,0.0,3.0,0.0,0.0,3.0,-20.3804603,-40.6062798,SPRF-ES,DEL01-ES,UOP01-DEL01-ES,2025-05-11 22:10:00,2025.0,5.0,22.0,noite,False,0,baixo,BR-262
690697.0,2025-05-11,domingo,22:45,ES,101.0,162.1,LINHARES,Ingestão de álcool pelo condutor,Colisão traseira,Com Vítimas Feridas,Pleno dia,Crescente,Céu Claro,Simples,Reta,Não,3.0,0.0,1.0,0.0,1.0,1.0,1.0,2.0,-19.49160601,-40.12730598,SPRF-ES,DEL04-ES,UOP01-DEL04-ES,2025-05-11 22:45:00,2025.0,5.0,22.0,noite,False,0,moderado,BR-101
690820.0,2025-05-12,segunda,14:05,ES,262.0,79.9,DOMINGOS MARTINS,Acessar a via sem observar a presença dos outros veículos,Colisão lateral mesmo sentido,Sem Vítimas,Pleno dia,Crescente,Chuva,Simples,Curva,Não,2.0,0.0,0.0,0.0,2.0,0.0,0.0,2.0,-20.4089425,-40.9394675,SPRF-ES,DEL01-ES,UOP02-DEL01-ES,2025-05-12 14:05:00,2025.0,5.0,14.0,tarde,False,0,baixo,BR-262
690824.0,2025-05-12,segunda,13:30,ES,101.0,182.5,ARACRUZ,Condutor deixou de manter distância do veículo da frente,Colisão traseira,Com Vítimas Feridas,Pleno dia,Decrescente,Garoa/Chuvisco,Simples,Reta;Declive,Não,2.0,0.0,1.0,0.0,1.0,0.0,1.0,2.0,-19.64349899,-40.2335415,SPRF-ES,DEL04-ES,UOP01-DEL04-ES,2025-05-12 13:30:00,2025.0,5.0,13.0,tarde,False,0,moderado,BR-101
690888.0,2025-05-12,segunda,18:20,ES,101.0,160.2,LINHARES,Ausência de reação do condutor,Colisão traseira,Com Vítimas Feridas,Plena Noite,Decrescente,Nublado,Simples,Reta,Não,3.0,0.0,1.0,2.0,0.0,0.0,3.0,2.0,-19.47862118,-40.11498618,SPRF-ES,DEL04-ES,UOP01-DEL04-ES,2025-05-12 18:20:00,2025.0,5.0,18.0,noite,False,1,grave,BR-101
690892.0,2025-05-12,segunda,19:20,ES,101.0,229.6,FUNDAO,Pedestre cruzava a pista fora da faixa,Atropelamento de Pedestre,Com Vítimas Feridas,Plena Noite,Crescente,Chuva,Múltipla,Reta,Sim,2.0,0.0,1.0,0.0,0.0,1.0,1.0,2.0,-19.93429833,-40.40494167,SPRF-ES,DEL02-ES,UOP01-DEL02-ES,2025-05-12 19:20:00,2025.0,5.0,19.0,noite,True,0,moderado,BR-101
690947.0,2025-05-13,terca,07:25,ES,101.0,152.0,LINHARES,Transitar na contramão,Colisão frontal,Com Vítimas Feridas,Pleno dia,Crescente,Garoa/Chuvisco,Simples,Reta,Não,4.0,0.0,0.0,3.0,1.0,0.0,3.0,3.0,-19.4825928,-40.1173097,SPRF-ES,DEL04-ES,UOP01-DEL04-ES,2025-05-13 07:25:00,2025.0,5.0,7.0,manha,False,1,grave,BR-101
690979.0,2025-05-13,terca,09:20,ES,101.0,262.1,SERRA,Acessar a via sem observar a presença dos outros veículos,Colisão lateral mesmo sentido,Com Vítimas Feridas,Pleno dia,Crescente,Céu Claro,Dupla,Reta,Sim,4.0,0.0,0.0,1.0,3.0,0.0,1.0,2.0,-20.04884974,-40.38639807,SPRF-ES,DEL02-ES,UOP01-DEL02-ES,2025-05-13 09:20:00,2025.0,5.0,9.0,manha,True,1,grave,BR-101
690983.0,2025-05-13,terca,09:00,ES,393.0,2.0,CACHOEIRO DE ITAPEMIRIM,Acesso irregular,Colisão lateral sentido oposto,Com Vítimas Feridas,Pleno dia,Crescente,Sol,Simples,Reta,Não,2.0,0.0,1.0,0.0,1.0,0.0,1.0,2.0,-20.8621561,-41.1182488,SPRF-ES,DEL03-ES,UOP02-DEL03-ES,2025-05-13 09:00:00,2025.0,5.0,9.0,manha,False,0,moderado,BR-393
691001.0,2025-05-13,terca,11:40,ES,101.0,166.0,LINHARES,Ausência de reação do condutor,Colisão traseira,Com Vítimas Feridas,Pleno dia,Crescente,Céu Claro,Simples,Reta,Não,2.0,0.0,1.0,0.0,1.0,0.0,1.0,2.0,-19.51864195,-40.1434396,SPRF-ES,DEL04-ES,UOP01-DEL04-ES,2025-05-13 11:40:00,2025.0,5.0,11.0,manha,False,0,moderado,BR-101
691007.0,2025-05-13,terca,11:30,ES,101.0,205.5,JOAO NEIVA,Retorno proibido,Colisão transversal,Com Vítimas Fatais,Pleno dia,Crescente,Nublado,Simples,Reta,Não,3.0,1.0,0.0,2.0,0.0,0.0,2.0,2.0,-19.76413561,-40.37306428,SPRF-ES,DEL02-ES,UOP01-DEL02-ES,2025-05-13 11:30:00,2025.0,5.0,11.0,manha,False,1,fatal,BR-101
691025.0,2025-05-13,terca,14:00,ES,101.0,267.5,SERRA,Manobra de mudança de faixa,Saída de leito carroçável,Com Vítimas Feridas,Pleno dia,Decrescente,Sol,Múltipla,Reta,Sim,2.0,0.0,1.0,0.0,1.0,0.0,1.0,1.0,-20.2049518,-40.26888,SPRF-ES,DEL02-ES,UOP01-DEL02-ES,2025-05-13 14:00:00,2025.0,5.0,14.0,tarde,True,0,moderado,BR-101
691090.0,2025-03-30,domingo,17:10,ES,101.0,160.9,LINHARES,Animais na Pista,Atropelamento de Animal,Com Vítimas Feridas,Anoitecer,Crescente,Céu Claro,Simples,Reta,Não,1.0,0.0,0.0,1.0,0.0,0.0,1.0,1.0,-19.483641,-40.119811,SPRF-ES,DEL04-ES,UOP01-DEL04-ES,2025-03-30 17:10:00,2025.0,3.0,17.0,tarde,False,1,grave,BR-101
691094.0,2025-05-13,terca,19:40,ES,101.0,257.5,SERRA,Acessar a via sem observar a presença dos outros veículos,Colisão transversal,Com Vítimas Feridas,Pleno dia,Crescente,Nublado,Dupla,Reta,Sim,2.0,0.0,0.0,1.0,1.0,0.0,1.0,2.0,-20.12848049,-40.29900802,SPRF-ES,DEL02-ES,UOP01-DEL02-ES,2025-05-13 19:40:00,2025.0,5.0,19.0,noite,True,1,grave,BR-101
691150.0,2025-05-14,quarta,06:46,ES,101.0,122.8,LINHARES,Ultrapassagem Indevida,Saída de leito carroçável,Com Vítimas Feridas,Pleno dia,Decrescente,Céu Claro,Simples,Reta,Não,1.0,0.0,1.0,0.0,0.0,0.0,1.0,1.0,-19.1671819,-40.08656296,SPRF-ES,DEL04-ES,UOP01-DEL04-ES,2025-05-14 06:46:00,2025.0,5.0,6.0,manha,False,0,moderado,BR-101
691154.0,2025-05-14,quarta,07:28,ES,101.0,322.0,GUARAPARI,Demais falhas mecânicas ou elétricas,Incêndio,Sem Vítimas,Pleno dia,Crescente,Nublado,Dupla,Reta,Não,1.0,0.0,0.0,0.0,1.0,0.0,0.0,1.0,-20.52694351,-40.48180668,SPRF-ES,DEL03-ES,UOP01-DEL03-ES,2025-05-14 07:28:00,2025.0,5.0,7.0,manha,True,0,baixo,BR-101
691174.0,2025-05-14,quarta,09:30,ES,101.0,219.0,IBIRACU,Velocidade Incompatível,Saída de leito carroçável,Com Vítimas Feridas,Pleno dia,Crescente,Chuva,Dupla,Curva,Não,1.0,0.0,1.0,0.0,0.0,0.0,1.0,1.0,-19.86,-40.38,SPRF-ES,DEL02-ES,UOP01-DEL02-ES,2025-05-14 09:30:00,2025.0,5.0,9.0,manha,False,0,moderado,BR-101
691194.0,2025-03-07,sexta,08:50,ES,101.0,148.6,LINHARES,Acessar a via sem observar a presença dos outros veículos,Colisão transversal,Com Vítimas Feridas,Pleno dia,Crescente,Céu Claro,Simples,Interseção de Vias,Sim,2.0,0.0,0.0,1.0,1.0,0.0,1.0,2.0,-19.39976728,-40.06234742,SPRF-ES,DEL04-ES,UOP01-DEL04-ES,2025-03-07 08:50:00,2025.0,3.0,8.0,manha,False,1,grave,BR-101
691215.0,2025-05-14,quarta,13:20,ES,101.0,67.0,SAO MATEUS,Condutor deixou de manter distância do veículo da frente,Colisão traseira,Com Vítimas Feridas,Pleno dia,Decrescente,Céu Claro,Simples,Reta,Sim,2.0,0.0,1.0,0.0,0.0,1.0,1.0,2.0,-18.72190163,-39.86367702,SPRF-ES,DEL04-ES,UOP02-DEL04-ES,2025-05-14 13:20:00,2025.0,5.0,13.0,tarde,False,0,moderado,BR-101
691238.0,2025-05-14,quarta,15:30,ES,101.0,266.5,SERRA,Condutor desrespeitou a iluminação vermelha do semáforo,Colisão transversal,Com Vítimas Feridas,Anoitecer,Crescente,Chuva,Múltipla,Reta,Não,2.0,0.0,1.0,1.0,0.0,0.0,2.0,2.0,-20.19551333,-40.26872333,SPRF-ES,DEL02-ES,UOP01-DEL02-ES,2025-05-14 15:30:00,2025.0,5.0,15.0,tarde,True,1,grave,BR-101
691324.0,2025-05-14,quarta,23:00,ES,101.0,420.8,ATILIO VIVACQUA,Chuva,Saída de leito carroçável,Com Vítimas Feridas,Plena Noite,Decrescente,Chuva,Simples,Reta,Não,2.0,0.0,1.0,0.0,1.0,0.0,1.0,1.0,-20.97242891,-41.1104935,SPRF-ES,DEL03-ES,UOP02-DEL03-ES,2025-05-14 23:00:00,2025.0,5.0,23.0,noite,False,0,moderado,BR-101
691372.0,2025-05-15,quinta,08:35,ES,101.0,252.3,SERRA,Animais na Pista,Tombamento,Com Vítimas Feridas,Pleno dia,Crescente,Céu Claro,Simples,Reta,Não,1.0,0.0,0.0,1.0,0.0,0.0,1.0,1.0,-20.0999583,-40.337041,SPRF-ES,DEL02-ES,UOP01-DEL02-ES,2025-05-15 08:35:00,2025.0,5.0,8.0,manha,True,1,grave,BR-101
691405.0,2025-05-15,quinta,10:50,ES,101.0,289.0,CARIACICA,Ausência de reação do condutor,Queda de ocupante de veículo,Com Vítimas Feridas,Pleno dia,Decrescente,Céu Claro,Dupla,Reta,Sim,1.0,0.0,1.0,0.0,0.0,0.0,1.0,1.0,-20.270987,-40.3905461,SPRF-ES,DEL01-ES,UOP01-DEL01-ES,2025-05-15 10:50:00,2025.0,5.0,10.0,manha,True,0,moderado,BR-101
691419.0,2025-05-15,quinta,12:40,ES,101.0,190.0,ARACRUZ,Reação tardia ou ineficiente do condutor,Tombamento,Com Vítimas Feridas,Pleno dia,Crescente,Céu Claro,Simples,Curva,Não,1.0,0.0,1.0,0.0,0.0,0.0,1.0,1.0,-19.68577278,-40.28173484,SPRF-ES,DEL04-ES,UOP01-DEL04-ES,2025-05-15 12:40:00,2025.0,5.0,12.0,tarde,False,0,moderado,BR-101
691450.0,2025-05-15,quinta,16:20,ES,101.0,255.0,SERRA,Reação tardia ou ineficiente do condutor,Colisão traseira,Com Vítimas Feridas,Pleno dia,Crescente,Céu Claro,Simples,Reta,Não,2.0,0.0,1.0,0.0,1.0,0.0,1.0,2.0,-20.048857,-40.3866912,SPRF-ES,DEL02-ES,UOP01-DEL02-ES,2025-05-15 16:20:00,2025.0,5.0,16.0,tarde,True,0,moderado,BR-101
691501.0,2025-05-15,quinta,20:20,ES,101.0,265.0,SERRA,Deficiência do Sistema de Iluminação/Sinalização,Atropelamento de Pedestre,Com Vítimas Feridas,Plena Noite,Crescente,Chuva,Dupla,Reta,Sim,3.0,0.0,2.0,0.0,0.0,1.0,2.0,2.0,-20.18178891,-40.26542191,SPRF-ES,DEL02-ES,UOP01-DEL02-ES,2025-05-15 20:20:00,2025.0,5.0,20.0,noite,True,0,moderado,BR-101
691592.0,2025-05-16,sexta,08:30,ES,101.0,299.2,VIANA,Reação tardia ou ineficiente do condutor,Colisão lateral mesmo sentido,Com Vítimas Feridas,Pleno dia,Crescente,Nublado,Múltipla,Reta,Sim,2.0,0.0,1.0,0.0,1.0,0.0,1.0,2.0,-20.35814639,-40.42076111,SPRF-ES,DEL01-ES,UOP01-DEL01-ES,2025-05-16 08:30:00,2025.0,5.0,8.0,manha,True,0,moderado,BR-101
691613.0,2025-05-16,sexta,12:45,ES,101.0,270.6,SERRA,Condutor desrespeitou a iluminação vermelha do semáforo,Colisão transversal,Com Vítimas Feridas,Pleno dia,Decrescente,Céu Claro,Múltipla,Interseção de Vias,Sim,4.0,0.0,2.0,1.0,1.0,0.0,3.0,2.0,-20.23085183,-40.27316451,SPRF-ES,DEL02-ES,UOP01-DEL02-ES,2025-05-16 12:45:00,2025.0,5.0,12.0,tarde,True,1,grave,BR-101
691675.0,2025-05-16,sexta,15:20,ES,101.0,146.0,LINHARES,Reação tardia ou ineficiente do condutor,Colisão traseira,Com Vítimas Feridas,Pleno dia,Decrescente,Céu Claro,Múltipla,Reta,Sim,2.0,0.0,0.0,1.0,0.0,1.0,1.0,2.0,-19.37707696,-40.06599506,SPRF-ES,DEL04-ES,UOP01-DEL04-ES,2025-05-16 15:20:00,2025.0,5.0,15.0,tarde,False,1,grave,BR-101
691739.0,2025-05-16,sexta,23:30,ES,101.0,206.0,JOAO NEIVA,Reação tardia ou ineficiente do condutor,Colisão com objeto,Com Vítimas Feridas,Plena Noite,Decrescente,Céu Claro,Múltipla,Reta,Sim,2.0,0.0,1.0,0.0,1.0,0.0,1.0,1.0,-19.765273,-40.37168,SPRF-ES,DEL02-ES,UOP01-DEL02-ES,2025-05-16 23:30:00,2025.0,5.0,23.0,noite,False,0,moderado,BR-101
691755.0,2025-05-17,sabado,03:00,ES,101.0,295.0,CARIACICA,Velocidade Incompatível,Capotamento,Com Vítimas Feridas,Plena Noite,Decrescente,Nublado,Dupla,Reta,Sim,1.0,0.0,0.0,1.0,0.0,0.0,1.0,1.0,-20.33691812,-40.40232253,SPRF-ES,DEL01-ES,UOP01-DEL01-ES,2025-05-17 03:00:00,2025.0,5.0,3.0,madrugada,True,1,grave,BR-101
691805.0,2025-05-17,sabado,09:00,ES,101.0,270.7,SERRA,Velocidade Incompatível,Colisão com objeto,Com Vítimas Feridas,Pleno dia,Crescente,Nublado,Múltipla,Curva,Sim,1.0,0.0,1.0,0.0,0.0,0.0,1.0,1.0,-20.23272427,-40.2755785,SPRF-ES,DEL02-ES,UOP01-DEL02-ES,2025-05-17 09:00:00,2025.0,5.0,9.0,manha,True,0,moderado,BR-101
691853.0,2025-05-17,sabado,14:00,ES,101.0,269.9,SERRA,Manobra de mudança de faixa,Colisão lateral mesmo sentido,Com Vítimas Feridas,Pleno dia,Decrescente,Céu Claro,Dupla,Reta,Sim,2.0,0.0,1.0,0.0,1.0,0.0,1.0,2.0,-20.0488618,-40.3866904,SPRF-ES,DEL02-ES,UOP01-DEL02-ES,2025-05-17 14:00:00,2025.0,5.0,14.0,tarde,True,0,moderado,BR-101
691864.0,2025-05-17,sabado,14:39,ES,101.0,161.0,LINHARES,Ultrapassagem Indevida,Tombamento,Com Vítimas Feridas,Pleno dia,Crescente,Céu Claro,Simples,Reta,Não,1.0,0.0,1.0,0.0,0.0,0.0,1.0,1.0,-19.4887139,-40.12536661,SPRF-ES,DEL04-ES,UOP01-DEL04-ES,2025-05-17 14:39:00,2025.0,5.0,14.0,tarde,False,0,moderado,BR-101
691894.0,2025-05-17,sabado,16:51,ES,101.0,270.4,SERRA,Condutor desrespeitou a iluminação vermelha do semáforo,Colisão transversal,Com Vítimas Feridas,Pleno dia,Decrescente,Céu Claro,Múltipla,Reta,Sim,5.0,0.0,0.0,1.0,4.0,0.0,1.0,2.0,-20.0488623,-40.386691,SPRF-ES,DEL02-ES,UOP01-DEL02-ES,2025-05-17 16:51:00,2025.0,5.0,16.0,tarde,True,1,grave,BR-101
691924.0,2025-05-17,sabado,18:25,ES,101.0,426.3,ATILIO VIVACQUA,Ausência de reação do condutor,Colisão com objeto,Com Vítimas Feridas,Plena Noite,Crescente,Céu Claro,Dupla,Reta,Não,1.0,0.0,0.0,1.0,0.0,0.0,1.0,1.0,-21.00998291,-41.14428163,SPRF-ES,DEL03-ES,UOP02-DEL03-ES,2025-05-17 18:25:00,2025.0,5.0,18.0,noite,False,1,grave,BR-101
691943.0,2025-05-17,sabado,20:30,ES,101.0,25.0,CONCEICAO DA BARRA,Ausência de reação do condutor,Colisão traseira,Com Vítimas Feridas,Plena Noite,Crescente,Chuva,Simples,Reta,Não,3.0,0.0,2.0,0.0,0.0,1.0,2.0,2.0,-18.376312,-39.94730696,SPRF-ES,DEL04-ES,UOP02-DEL04-ES,2025-05-17 20:30:00,2025.0,5.0,20.0,noite,False,0,moderado,BR-101
691968.0,2025-05-17,sabado,22:00,ES,101.0,265.4,SERRA,Entrada inopinada do pedestre,Atropelamento de Pedestre,Com Vítimas Feridas,Plena Noite,Decrescente,Nublado,Múltipla,Declive;Reta,Sim,4.0,0.0,1.0,0.0,1.0,2.0,1.0,2.0,-20.20495438,-40.26906983,SPRF-ES,DEL02-ES,UOP01-DEL02-ES,2025-05-17 22:00:00,2025.0,5.0,22.0,noite,True,0,moderado,BR-101
692030.0,2025-05-18,domingo,07:15,ES,101.0,144.0,LINHARES,Condutor deixou de manter distância do veículo da frente,Colisão traseira,Com Vítimas Feridas,Pleno dia,Decrescente,Céu Claro,Múltipla,Retorno Regulamentado;Reta,Sim,3.0,0.0,2.0,0.0,0.0,1.0,2.0,2.0,-19.35293532,-40.06365435,SPRF-ES,DEL04-ES,UOP01-DEL04-ES,2025-05-18 07:15:00,2025.0,5.0,7.0,manha,False,0,moderado,BR-101
692056.0,2025-05-18,domingo,10:00,ES,101.0,344.7,GUARAPARI,Reação tardia ou ineficiente do condutor,Colisão com objeto,Com Vítimas Feridas,Pleno dia,Decrescente,Nublado,Dupla,Reta,Não,1.0,0.0,1.0,0.0,0.0,0.0,1.0,1.0,-20.66136735,-40.60512543,SPRF-ES,DEL03-ES,UOP01-DEL03-ES,2025-05-18 10:00:00,2025.0,5.0,10.0,manha,True,0,moderado,BR-101
692101.0,2025-05-18,domingo,15:50,ES,262.0,56.2,MARECHAL FLORIANO,Acessar a via sem observar a presença dos outros veículos,Queda de ocupante de veículo,Com Vítimas Feridas,Pleno dia,Crescente,Céu Claro,Dupla,Curva;Rotatória,Sim,2.0,0.0,1.0,0.0,1.0,0.0,1.0,2.0,-20.41286163,-40.75911644,SPRF-ES,DEL01-ES,UOP01-DEL01-ES,2025-05-18 15:50:00,2025.0,5.0,15.0,tarde,False,0,moderado,BR-262
692148.0,2025-05-18,domingo,19:30,ES,101.0,265.2,SERRA,Reação tardia ou ineficiente do condutor,Engavetamento,Com Vítimas Feridas,Plena Noite,Crescente,Céu Claro,Dupla,Reta,Sim,6.0,0.0,2.0,0.0,4.0,0.0,2.0,3.0,-20.18479,-40.26783,SPRF-ES,DEL02-ES,UOP01-DEL02-ES,2025-05-18 19:30:00,2025.0,5.0,19.0,noite,True,0,moderado,BR-101
692156.0,2025-05-18,domingo,19:40,ES,101.0,141.0,LINHARES,Ausência de reação do condutor,Atropelamento de Pedestre,Com Vítimas Feridas,Plena Noite,Crescente,Céu Claro,Dupla,Reta,Não,2.0,0.0,1.0,0.0,1.0,0.0,1.0,2.0,-19.32248419,-40.07347378,SPRF-ES,DEL04-ES,UOP01-DEL04-ES,2025-05-18 19:40:00,2025.0,5.0,19.0,noite,False,0,moderado,BR-101
692169.0,2025-05-18,domingo,20:09,ES,101.0,72.5,SAO MATEUS,Transitar na contramão,Colisão frontal,Com Vítimas Fatais,Plena Noite,Crescente,Céu Claro,Simples,Declive,Não,2.0,1.0,0.0,0.0,1.0,0.0,0.0,2.0,-18.757493,-39.862935,SPRF-ES,DEL04-ES,UOP02-DEL04-ES,2025-05-18 20:09:00,2025.0,5.0,20.0,noite,False,1,fatal,BR-101
692209.0,2025-05-18,domingo,19:15,ES,101.0,69.0,SAO MATEUS,Transitar na contramão,Colisão frontal,Sem Vítimas,Plena Noite,Crescente,Céu Claro,Simples,Reta,Sim,3.0,0.0,0.0,0.0,3.0,0.0,0.0,2.0,-18.73750272,-39.86088663,SPRF-ES,DEL04-ES,UOP02-DEL04-ES,2025-05-18 19:15:00,2025.0,5.0,19.0,noite,False,0,baixo,BR-101
692220.0,2025-05-18,domingo,21:20,ES,262.0,56.0,MARECHAL FLORIANO,Ingestão de álcool pelo condutor,Capotamento,Com Vítimas Feridas,Plena Noite,Decrescente,Céu Claro,Dupla,Declive;Reta,Sim,2.0,0.0,0.0,1.0,1.0,0.0,1.0,1.0,-20.41275533,-40.75909495,SPRF-ES,DEL01-ES,UOP01-DEL01-ES,2025-05-18 21:20:00,2025.0,5.0,21.0,noite,False,1,grave,BR-262
692240.0,2025-05-19,segunda,02:44,ES,101.0,150.0,LINHARES,Reação tardia ou ineficiente do condutor,Colisão com objeto,Sem Vítimas,Plena Noite,Decrescente,Garoa/Chuvisco,Simples,Reta;Ponte,Não,1.0,0.0,0.0,0.0,1.0,0.0,0.0,1.0,-19.41284962,-40.06645203,SPRF-ES,DEL04-ES,UOP01-DEL04-ES,2025-05-19 02:44:00,2025.0,5.0,2.0,madrugada,False,0,baixo,BR-101
692265.0,2025-05-19,segunda,07:15,ES,101.0,245.9,SERRA,Demais falhas mecânicas ou elétricas,Incêndio,Sem Vítimas,Pleno dia,Crescente,Nublado,Dupla,Reta,Não,1.0,0.0,0.0,0.0,1.0,0.0,0.0,1.0,-20.0488636,-40.3866951,SPRF-ES,DEL02-ES,UOP01-DEL02-ES,2025-05-19 07:15:00,2025.0,5.0,7.0,manha,True,0,baixo,BR-101
692274.0,2025-05-19,segunda,06:55,ES,101.0,146.0,LINHARES,Manobra de mudança de faixa,Colisão lateral mesmo sentido,Com Vítimas Feridas,Pleno dia,Crescente,Céu Claro,Dupla,Reta,Não,2.0,0.0,1.0,0.0,1.0,0.0,1.0,2.0,-19.37129579,-40.06595901,SPRF-ES,DEL04-ES,UOP01-DEL04-ES,2025-05-19 06:55:00,2025.0,5.0,6.0,manha,False,0,moderado,BR-101
692302.0,2025-05-19,segunda,09:30,ES,101.0,125.9,SOORETAMA,Mal súbito do condutor,Colisão com objeto,Com Vítimas Feridas,Pleno dia,Crescente,Chuva,Múltipla,Reta,Sim,1.0,0.0,1.0,0.0,0.0,0.0,1.0,1.0,-19.19332932,-40.09507505,SPRF-ES,DEL04-ES,UOP01-DEL04-ES,2025-05-19 09:30:00,2025.0,5.0,9.0,manha,False,0,moderado,BR-101
692381.0,2025-03-01,sabado,04:30,ES,101.0,133.8,LINHARES,Ultrapassagem Indevida,Colisão transversal,Com Vítimas Feridas,Plena Noite,Crescente,Nublado,Simples,Interseção de Vias;Reta,Não,6.0,0.0,6.0,0.0,0.0,0.0,6.0,2.0,-19.28321568,-40.08700848,SPRF-ES,DEL04-ES,UOP01-DEL04-ES,2025-03-01 04:30:00,2025.0,3.0,4.0,madrugada,False,0,moderado,BR-101
692430.0,2025-05-19,segunda,19:50,ES,262.0,99.4,VENDA NOVA DO IMIGRANTE,Transitar na contramão,Colisão lateral sentido oposto,Com Vítimas Feridas,Plena Noite,Crescente,Céu Claro,Simples,Curva,Não,2.0,0.0,2.0,0.0,0.0,0.0,2.0,2.0,-20.35088889,-41.09637201,SPRF-ES,DEL01-ES,UOP02-DEL01-ES,2025-05-19 19:50:00,2025.0,5.0,19.0,noite,False,0,moderado,BR-262
692482.0,2025-05-20,terca,08:20,ES,101.0,288.0,CARIACICA,Manobra de mudança de faixa,Colisão lateral mesmo sentido,Com Vítimas Feridas,Pleno dia,Decrescente,Sol,Dupla,Reta;Declive,Sim,2.0,0.0,0.0,1.0,1.0,0.0,1.0,2.0,-20.27164276,-40.39123535,SPRF-ES,DEL01-ES,UOP01-DEL01-ES,2025-05-20 08:20:00,2025.0,5.0,8.0,manha,True,1,grave,BR-101
692551.0,2025-05-20,terca,15:00,ES,101.0,282.9,CARIACICA,Pista esburacada,Colisão com objeto,Com Vítimas Feridas,Pleno dia,Decrescente,Céu Claro,Múltipla,Retorno Regulamentado;Reta,Não,2.0,0.0,0.0,1.0,0.0,1.0,1.0,2.0,-20.23265836,-40.36839215,SPRF-ES,DEL01-ES,UOP01-DEL01-ES,2025-05-20 15:00:00,2025.0,5.0,15.0,tarde,True,1,grave,BR-101
692567.0,2025-05-12,segunda,14:40,ES,101.0,147.0,LINHARES,Acessar a via sem observar a presença dos outros veículos,Colisão transversal,Com Vítimas Feridas,Pleno dia,Crescente,Nublado,Múltipla,Reta,Sim,2.0,0.0,1.0,0.0,1.0,0.0,1.0,2.0,-19.3970634,-40.06396294,SPRF-ES,DEL04-ES,UOP01-DEL04-ES,2025-05-12 14:40:00,2025.0,5.0,14.0,tarde,False,0,moderado,BR-101
692570.0,2025-05-20,terca,17:00,ES,262.0,158.7,IBATIBA,Reação tardia ou ineficiente do condutor,Colisão frontal,Sem Vítimas,Pleno dia,Decrescente,Céu Claro,Dupla,Reta,Não,2.0,0.0,0.0,0.0,2.0,0.0,0.0,2.0,-20.231735,-41.501957,SPRF-ES,DEL01-ES,UOP02-DEL01-ES,2025-05-20 17:00:00,2025.0,5.0,17.0,tarde,False,0,baixo,BR-262
692628.0,2025-05-20,terca,21:02,ES,101.0,140.0,LINHARES,Mal súbito do condutor,Tombamento,Com Vítimas Feridas,Plena Noite,Crescente,Céu Claro,Múltipla,Reta,Sim,1.0,0.0,1.0,0.0,0.0,0.0,1.0,1.0,-19.33720016,-40.06647038,SPRF-ES,DEL04-ES,UOP01-DEL04-ES,2025-05-20 21:02:00,2025.0,5.0,21.0,noite,False,0,moderado,BR-101
692777.0,2025-05-21,quarta,17:15,ES,101.0,212.9,IBIRACU,Manobra de mudança de faixa,Colisão lateral mesmo sentido,Com Vítimas Feridas,Anoitecer,Crescente,Céu Claro,Simples,Reta,Sim,3.0,0.0,0.0,1.0,0.0,2.0,1.0,3.0,-19.82345458,-40.36983043,SPRF-ES,DEL02-ES,UOP01-DEL02-ES,2025-05-21 17:15:00,2025.0,5.0,17.0,tarde,False,1,grave,BR-101
692780.0,2025-05-21,quarta,17:26,ES,101.0,263.1,SERRA,Manobra de mudança de faixa,Colisão lateral mesmo sentido,Com Vítimas Feridas,Pleno dia,Decrescente,Céu Claro,Simples,Reta,Sim,2.0,0.0,1.0,0.0,1.0,0.0,1.0,2.0,-20.17453061,-40.2669688,SPRF-ES,DEL02-ES,UOP01-DEL02-ES,2025-05-21 17:26:00,2025.0,5.0,17.0,tarde,True,0,moderado,BR-101
692783.0,2025-05-21,quarta,17:30,ES,101.0,263.1,SERRA,Manobra de mudança de faixa,Colisão lateral mesmo sentido,Com Vítimas Feridas,Anoitecer,Decrescente,Nublado,Dupla,Reta,Sim,3.0,0.0,1.0,1.0,1.0,0.0,2.0,2.0,-20.16776216,-40.27132315,SPRF-ES,DEL02-ES,UOP01-DEL02-ES,2025-05-21 17:30:00,2025.0,5.0,17.0,tarde,True,1,grave,BR-101
692788.0,2025-05-21,quarta,17:40,ES,101.0,146.0,LINHARES,Velocidade Incompatível,Colisão traseira,Com Vítimas Feridas,Anoitecer,Crescente,Céu Claro,Dupla,Reta,Sim,4.0,0.0,4.0,0.0,0.0,0.0,4.0,3.0,-19.37329061,-40.06569283,SPRF-ES,DEL04-ES,UOP01-DEL04-ES,2025-05-21 17:40:00,2025.0,5.0,17.0,tarde,False,0,moderado,BR-101
692858.0,2025-05-22,quinta,01:00,ES,101.0,279.0,SERRA,Ausência de reação do condutor,Saída de leito carroçável,Com Vítimas Feridas,Plena Noite,Crescente,Céu Claro,Dupla,Reta,Não,1.0,0.0,0.0,1.0,0.0,0.0,1.0,1.0,-20.21737431,-40.3303037,SPRF-ES,DEL02-ES,UOP01-DEL02-ES,2025-05-22 01:00:00,2025.0,5.0,1.0,madrugada,True,1,grave,BR-101
692945.0,2025-05-22,quinta,13:08,ES,101.0,289.7,CARIACICA,Manobra de mudança de faixa,Tombamento,Com Vítimas Feridas,Pleno dia,Decrescente,Céu Claro,Dupla,Reta,Não,1.0,0.0,0.0,1.0,0.0,0.0,1.0,1.0,-20.291155,-40.391728,SPRF-ES,DEL01-ES,UOP01-DEL01-ES,2025-05-22 13:08:00,2025.0,5.0,13.0,tarde,True,1,grave,BR-101
692958.0,2025-05-11,domingo,04:30,ES,262.0,65.0,MARECHAL FLORIANO,Transitar na contramão,Colisão lateral sentido oposto,Com Vítimas Feridas,Amanhecer,Decrescente,Céu Claro,Simples,Curva,Não,3.0,0.0,2.0,0.0,1.0,0.0,2.0,2.0,-20.4145767,-40.826455,SPRF-ES,DEL01-ES,UOP02-DEL01-ES,2025-05-11 04:30:00,2025.0,5.0,4.0,madrugada,False,0,moderado,BR-262
692961.0,2025-05-22,quinta,14:50,ES,101.0,294.7,CARIACICA,Manobra de mudança de faixa,Colisão lateral mesmo sentido,Com Vítimas Feridas,Pleno dia,Decrescente,Céu Claro,Múltipla,Reta,Sim,3.0,0.0,2.0,0.0,1.0,0.0,2.0,2.0,-20.330453,-40.399162,SPRF-ES,DEL01-ES,UOP01-DEL01-ES,2025-05-22 14:50:00,2025.0,5.0,14.0,tarde,True,0,moderado,BR-101
692970.0,2025-05-22,quinta,14:45,ES,101.0,380.9,ICONHA,Condutor Dormindo,Saída de leito carroçável,Com Vítimas Feridas,Pleno dia,Decrescente,Nublado,Simples,Curva,Não,2.0,0.0,1.0,1.0,0.0,0.0,2.0,1.0,-20.811965,-40.8391842,SPRF-ES,DEL03-ES,UOP01-DEL03-ES,2025-05-22 14:45:00,2025.0,5.0,14.0,tarde,False,1,grave,BR-101
692972.0,2025-05-22,quinta,15:40,ES,101.0,337.8,GUARAPARI,Acessar a via sem observar a presença dos outros veículos,Tombamento,Com Vítimas Feridas,Pleno dia,Crescente,Nublado,Dupla,Reta,Não,1.0,0.0,0.0,1.0,0.0,0.0,1.0,1.0,-20.6063591,-40.50693154,SPRF-ES,DEL03-ES,UOP01-DEL03-ES,2025-05-22 15:40:00,2025.0,5.0,15.0,tarde,True,1,grave,BR-101
692981.0,2025-05-22,quinta,16:00,ES,101.0,10.5,SERRA,Demais falhas mecânicas ou elétricas,Incêndio,Sem Vítimas,Pleno dia,Crescente,Nublado,Dupla,Reta,Não,1.0,0.0,0.0,0.0,1.0,0.0,0.0,1.0,-20.14814211,-40.34507811,SPRF-ES,DEL02-ES,UOP01-DEL02-ES,2025-05-22 16:00:00,2025.0,5.0,16.0,tarde,True,0,baixo,BR-101
693024.0,2025-05-22,quinta,19:32,ES,101.0,187.0,ARACRUZ,Velocidade Incompatível,Saída de leito carroçável,Com Vítimas Feridas,Plena Noite,Decrescente,Céu Claro,Simples,Curva,Não,1.0,0.0,1.0,0.0,0.0,0.0,1.0,1.0,-19.65670241,-40.23420222,SPRF-ES,DEL04-ES,UOP01-DEL04-ES,2025-05-22 19:32:00,2025.0,5.0,19.0,noite,False,0,moderado,BR-101
693042.0,2025-04-14,segunda,15:10,ES,101.0,264.0,SERRA,Semáforo com defeito,Colisão transversal,Com Vítimas Feridas,Pleno dia,Crescente,Nublado,Múltipla,Interseção de Vias,Sim,2.0,0.0,0.0,1.0,1.0,0.0,1.0,2.0,-20.17698542,-40.2658784,SPRF-ES,DEL02-ES,UOP01-DEL02-ES,2025-04-14 15:10:00,2025.0,4.0,15.0,tarde,True,1,grave,BR-101
693044.0,2025-05-22,quinta,21:10,ES,101.0,270.2,SERRA,Reação tardia ou ineficiente do condutor,Colisão transversal,Com Vítimas Feridas,Plena Noite,Crescente,Céu Claro,Dupla,Interseção de Vias,Sim,3.0,0.0,1.0,0.0,2.0,0.0,1.0,2.0,-20.230815,-40.273087,SPRF-ES,DEL02-ES,UOP01-DEL02-ES,2025-05-22 21:10:00,2025.0,5.0,21.0,noite,True,0,moderado,BR-101
693098.0,2025-05-23,sexta,06:30,ES,101.0,284.0,CARIACICA,Ausência de reação do condutor,Queda de ocupante de veículo,Com Vítimas Feridas,Pleno dia,Crescente,Céu Claro,Dupla,Aclive;Curva,Não,2.0,0.0,2.0,0.0,0.0,0.0,2.0,1.0,-20.2473824,-40.3706038,SPRF-ES,DEL01-ES,UOP01-DEL01-ES,2025-05-23 06:30:00,2025.0,5.0,6.0,manha,True,0,moderado,BR-101
693100.0,2025-05-23,sexta,06:58,ES,101.0,144.0,LINHARES,Acesso irregular,Colisão transversal,Com Vítimas Feridas,Pleno dia,Crescente,Céu Claro,Simples,Interseção de Vias,Sim,2.0,0.0,1.0,0.0,1.0,0.0,1.0,2.0,-19.34935256,-40.06310916,SPRF-ES,DEL04-ES,UOP01-DEL04-ES,2025-05-23 06:58:00,2025.0,5.0,6.0,manha,False,0,moderado,BR-101
693105.0,2025-05-23,sexta,08:10,ES,101.0,268.0,SERRA,Ausência de reação do condutor,Colisão traseira,Com Vítimas Feridas,Pleno dia,Crescente,Céu Claro,Dupla,Reta,Sim,3.0,0.0,2.0,0.0,1.0,0.0,2.0,2.0,-20.21692066,-40.27014792,SPRF-ES,DEL02-ES,UOP01-DEL02-ES,2025-05-23 08:10:00,2025.0,5.0,8.0,manha,True,0,moderado,BR-101
693108.0,2025-05-23,sexta,07:30,ES,101.0,147.0,LINHARES,Acessar a via sem observar a presença dos outros veículos,Colisão transversal,Com Vítimas Feridas,Pleno dia,Crescente,Céu Claro,Simples,Reta,Sim,2.0,0.0,2.0,0.0,0.0,0.0,2.0,2.0,-19.38046598,-40.06628036,SPRF-ES,DEL04-ES,UOP01-DEL04-ES,2025-05-23 07:30:00,2025.0,5.0,7.0,manha,False,0,moderado,BR-101
693166.0,2025-05-23,sexta,13:35,ES,101.0,259.2,SERRA,Retorno proibido,Colisão transversal,Com Vítimas Feridas,Pleno dia,Decrescente,Céu Claro,Dupla,Reta;Declive,Sim,2.0,0.0,0.0,1.0,1.0,0.0,1.0,2.0,-20.140411,-40.2923,SPRF-ES,DEL02-ES,UOP01-DEL02-ES,2025-05-23 13:35:00,2025.0,5.0,13.0,tarde,True,1,grave,BR-101
693222.0,2025-05-23,sexta,17:30,ES,101.0,162.9,LINHARES,Acessar a via sem observar a presença dos outros veículos,Colisão transversal,Com Vítimas Feridas,Plena Noite,Decrescente,Céu Claro,Simples,Reta,Não,2.0,0.0,1.0,0.0,1.0,0.0,1.0,2.0,-19.49782981,-40.1305129,SPRF-ES,DEL04-ES,UOP01-DEL04-ES,2025-05-23 17:30:00,2025.0,5.0,17.0,tarde,False,0,moderado,BR-101
693248.0,2025-05-23,sexta,18:40,ES,262.0,98.0,DOMINGOS MARTINS,Acessar a via sem observar a presença dos outros veículos,Colisão transversal,Com Vítimas Feridas,Plena Noite,Crescente,Céu Claro,Simples,Interseção de Vias,Não,3.0,0.0,1.0,0.0,2.0,0.0,1.0,2.0,-20.3548323,-41.0873625,SPRF-ES,DEL01-ES,UOP02-DEL01-ES,2025-05-23 18:40:00,2025.0,5.0,18.0,noite,False,0,moderado,BR-262
693259.0,2025-05-23,sexta,19:30,ES,262.0,21.0,VIANA,Ausência de reação do condutor,Tombamento,Com Vítimas Feridas,Plena Noite,Crescente,Céu Claro,Simples,Reta,Não,1.0,0.0,1.0,0.0,0.0,0.0,1.0,1.0,-20.3805859,-40.505194,SPRF-ES,DEL01-ES,UOP01-DEL01-ES,2025-05-23 19:30:00,2025.0,5.0,19.0,noite,True,0,moderado,BR-262
693269.0,2025-05-23,sexta,20:39,ES,101.0,26.6,CONCEICAO DA BARRA,Ingestão de álcool pelo condutor,Colisão traseira,Com Vítimas Fatais,Plena Noite,Crescente,Céu Claro,Simples,Reta,Não,6.0,1.0,4.0,0.0,1.0,0.0,4.0,3.0,-18.37559291,-39.94731903,SPRF-ES,DEL04-ES,UOP02-DEL04-ES,2025-05-23 20:39:00,2025.0,5.0,20.0,noite,False,1,fatal,BR-101
693334.0,2025-05-24,sabado,05:53,ES,101.0,143.9,LINHARES,Ingestão de álcool pelo condutor,Colisão com objeto,Com Vítimas Fatais,Amanhecer,Decrescente,Céu Claro,Simples,Interseção de Vias,Sim,1.0,1.0,0.0,0.0,0.0,0.0,0.0,1.0,-19.3512073,-40.0631498,SPRF-ES,DEL04-ES,UOP01-DEL04-ES,2025-05-24 05:53:00,2025.0,5.0,5.0,madrugada,False,1,fatal,BR-101
693341.0,2025-05-24,sabado,05:50,ES,101.0,211.6,IBIRACU,Transitar na contramão,Colisão frontal,Com Vítimas Feridas,Amanhecer,Crescente,Céu Claro,Simples,Curva,Não,5.0,0.0,3.0,0.0,2.0,0.0,3.0,2.0,-19.81260183,-40.36550455,SPRF-ES,DEL02-ES,UOP01-DEL02-ES,2025-05-24 05:50:00,2025.0,5.0,5.0,madrugada,False,0,moderado,BR-101
693344.0,2025-05-24,sabado,07:20,ES,101.0,272.0,SERRA,Acumulo de água sobre o pavimento,Queda de ocupante de veículo,Com Vítimas Feridas,Pleno dia,Crescente,Chuva,Dupla,Reta,Não,1.0,0.0,1.0,0.0,0.0,0.0,1.0,1.0,-20.22724888,-40.28426988,SPRF-ES,DEL02-ES,UOP01-DEL02-ES,2025-05-24 07:20:00,2025.0,5.0,7.0,manha,True,0,moderado,BR-101
693394.0,2025-05-24,sabado,09:00,ES,393.0,8.0,CACHOEIRO DE ITAPEMIRIM,Velocidade Incompatível,Queda de ocupante de veículo,Com Vítimas Feridas,Pleno dia,Crescente,Nublado,Simples,Reta,Não,1.0,0.0,0.0,1.0,0.0,0.0,1.0,1.0,-20.82809834,-41.20438814,SPRF-ES,DEL03-ES,UOP02-DEL03-ES,2025-05-24 09:00:00,2025.0,5.0,9.0,manha,False,1,grave,BR-393
693405.0,2025-05-24,sabado,11:00,ES,101.0,352.5,ANCHIETA,Chuva,Tombamento,Com Vítimas Fatais,Pleno dia,Decrescente,Chuva,Dupla,Reta,Não,2.0,1.0,0.0,0.0,1.0,0.0,0.0,2.0,-20.674307,-40.664595,SPRF-ES,DEL03-ES,UOP01-DEL03-ES,2025-05-24 11:00:00,2025.0,5.0,11.0,manha,False,1,fatal,BR-101
693456.0,2025-05-24,sabado,18:10,ES,101.0,49.0,SAO MATEUS,Entrada inopinada do pedestre,Atropelamento de Pedestre,Com Vítimas Feridas,Plena Noite,Crescente,Nublado,Simples,Reta,Não,2.0,0.0,1.0,1.0,0.0,0.0,2.0,2.0,-18.6489432,-39.8735828,SPRF-ES,DEL04-ES,UOP02-DEL04-ES,2025-05-24 18:10:00,2025.0,5.0,18.0,noite,False,1,grave,BR-101
693493.0,2025-05-24,sabado,17:40,ES,101.0,255.0,SERRA,Reação tardia ou ineficiente do condutor,Atropelamento de Pedestre,Com Vítimas Feridas,Anoitecer,Crescente,Chuva,Simples,Reta,Sim,2.0,0.0,0.0,1.0,0.0,1.0,1.0,2.0,-20.117527,-40.314354,SPRF-ES,DEL02-ES,UOP01-DEL02-ES,2025-05-24 17:40:00,2025.0,5.0,17.0,tarde,True,1,grave,BR-101
693500.0,2025-05-24,sabado,21:15,ES,101.0,144.1,LINHARES,Ausência de reação do condutor,Colisão traseira,Com Vítimas Feridas,Plena Noite,Decrescente,Nublado,Múltipla,Reta,Sim,2.0,0.0,1.0,0.0,1.0,0.0,1.0,2.0,-19.35260537,-40.06351815,SPRF-ES,DEL04-ES,UOP01-DEL04-ES,2025-05-24 21:15:00,2025.0,5.0,21.0,noite,False,0,moderado,BR-101
693545.0,2025-05-25,domingo,04:25,ES,101.0,121.5,LINHARES,Ingestão de álcool pelo condutor,Tombamento,Com Vítimas Feridas,Plena Noite,Crescente,Céu Claro,Simples,Reta,Não,2.0,0.0,2.0,0.0,0.0,0.0,2.0,1.0,-19.16217675,-40.08427984,SPRF-ES,DEL04-ES,UOP01-DEL04-ES,2025-05-25 04:25:00,2025.0,5.0,4.0,madrugada,False,0,moderado,BR-101
693631.0,2025-05-25,domingo,14:00,ES,101.0,195.3,ARACRUZ,Conversão proibida,Colisão transversal,Com Vítimas Feridas,Pleno dia,Crescente,Céu Claro,Simples,Reta;Declive,Não,4.0,0.0,1.0,1.0,2.0,0.0,2.0,2.0,-19.70218142,-40.32486602,SPRF-ES,DEL04-ES,UOP01-DEL04-ES,2025-05-25 14:00:00,2025.0,5.0,14.0,tarde,False,1,grave,BR-101
693655.0,2025-05-09,sexta,11:25,ES,101.0,265.5,SERRA,Condutor desrespeitou a iluminação vermelha do semáforo,Colisão transversal,Com Vítimas Feridas,Pleno dia,Crescente,Céu Claro,Múltipla,Reta,Sim,2.0,0.0,2.0,0.0,0.0,0.0,2.0,2.0,-20.1906852,-40.26840712,SPRF-ES,DEL02-ES,UOP01-DEL02-ES,2025-05-09 11:25:00,2025.0,5.0,11.0,manha,True,0,moderado,BR-101
693671.0,2025-05-25,domingo,17:56,ES,101.0,271.0,SERRA,Condutor deixou de manter distância do veículo da frente,Colisão traseira,Com Vítimas Feridas,Anoitecer,Decrescente,Céu Claro,Dupla,Reta,Sim,3.0,0.0,1.0,0.0,1.0,1.0,1.0,2.0,-20.23044915,-40.28023481,SPRF-ES,DEL02-ES,UOP01-DEL02-ES,2025-05-25 17:56:00,2025.0,5.0,17.0,tarde,True,0,moderado,BR-101
693681.0,2025-05-25,domingo,19:25,ES,101.0,100.0,JAGUARE,Acessar a via sem observar a presença dos outros veículos,Atropelamento de Pedestre,Com Vítimas Feridas,Plena Noite,Decrescente,Chuva,Simples,Interseção de Vias,Sim,2.0,0.0,1.0,0.0,1.0,0.0,1.0,2.0,-18.96626041,-39.98881213,SPRF-ES,DEL04-ES,UOP02-DEL04-ES,2025-05-25 19:25:00,2025.0,5.0,19.0,noite,False,0,moderado,BR-101
693730.0,2025-05-25,domingo,23:55,ES,101.0,304.8,VIANA,Ausência de reação do condutor,Tombamento,Com Vítimas Feridas,Plena Noite,Crescente,Chuva,Dupla,Reta,Sim,1.0,0.0,1.0,0.0,0.0,0.0,1.0,1.0,-20.38267822,-40.45925617,SPRF-ES,DEL01-ES,UOP01-DEL01-ES,2025-05-25 23:55:00,2025.0,5.0,23.0,noite,True,0,moderado,BR-101
693741.0,2025-05-26,segunda,01:58,ES,101.0,33.0,PINHEIROS,Reação tardia ou ineficiente do condutor,Saída de leito carroçável,Com Vítimas Feridas,Plena Noite,Crescente,Chuva,Simples,Reta,Não,3.0,0.0,1.0,0.0,2.0,0.0,1.0,1.0,-18.35874568,-39.95418429,SPRF-ES,DEL04-ES,UOP02-DEL04-ES,2025-05-26 01:58:00,2025.0,5.0,1.0,madrugada,False,0,moderado,BR-101
693847.0,2025-05-18,domingo,20:30,ES,101.0,255.5,SERRA,Condutor desrespeitou a iluminação vermelha do semáforo,Colisão transversal,Com Vítimas Feridas,Plena Noite,Crescente,Céu Claro,Simples,Interseção de Vias,Sim,4.0,0.0,3.0,0.0,0.0,1.0,3.0,3.0,-20.11732584,-40.31478167,SPRF-ES,DEL02-ES,UOP01-DEL02-ES,2025-05-18 20:30:00,2025.0,5.0,20.0,noite,True,0,moderado,BR-101
693849.0,2025-05-26,segunda,13:00,ES,101.0,94.0,JAGUARE,Acessar a via sem observar a presença dos outros veículos,Colisão transversal,Com Vítimas Feridas,Pleno dia,Decrescente,Chuva,Simples,Reta,Sim,3.0,0.0,2.0,0.0,1.0,0.0,2.0,2.0,-18.93251667,-39.9726483,SPRF-ES,DEL04-ES,UOP02-DEL04-ES,2025-05-26 13:00:00,2025.0,5.0,13.0,tarde,False,0,moderado,BR-101
693914.0,2025-05-26,segunda,17:20,ES,101.0,147.6,LINHARES,Acessar a via sem observar a presença dos outros veículos,Colisão transversal,Com Vítimas Feridas,Anoitecer,Crescente,Chuva,Dupla,Reta,Sim,2.0,0.0,1.0,0.0,1.0,0.0,1.0,2.0,-19.38659826,-40.06761559,SPRF-ES,DEL04-ES,UOP01-DEL04-ES,2025-05-26 17:20:00,2025.0,5.0,17.0,tarde,False,0,moderado,BR-101
693949.0,2025-05-14,quarta,17:20,ES,101.0,270.0,SERRA,Reação tardia ou ineficiente do condutor,Colisão traseira,Com Vítimas Feridas,Anoitecer,Decrescente,Chuva,Múltipla,Reta,Sim,2.0,0.0,1.0,0.0,1.0,0.0,1.0,2.0,-20.229368,-40.272189,SPRF-ES,DEL02-ES,UOP01-DEL02-ES,2025-05-14 17:20:00,2025.0,5.0,17.0,tarde,True,0,moderado,BR-101
693955.0,2025-05-26,segunda,18:40,ES,262.0,171.5,IBATIBA,Ausência de reação do condutor,Colisão traseira,Com Vítimas Feridas,Plena Noite,Decrescente,Garoa/Chuvisco,Simples,Reta;Aclive,Não,3.0,0.0,2.0,0.0,1.0,0.0,2.0,2.0,-20.265353,-41.60062,SPRF-ES,DEL01-ES,UOP02-DEL01-ES,2025-05-26 18:40:00,2025.0,5.0,18.0,noite,False,0,moderado,BR-262
694020.0,2025-05-27,terca,07:40,ES,101.0,68.8,SAO MATEUS,Acessar a via sem observar a presença dos outros veículos,Colisão transversal,Com Vítimas Feridas,Pleno dia,Crescente,Nublado,Simples,Reta;Declive,Não,2.0,0.0,1.0,1.0,0.0,0.0,2.0,2.0,-18.73289373,-39.86036651,SPRF-ES,DEL04-ES,UOP02-DEL04-ES,2025-05-27 07:40:00,2025.0,5.0,7.0,manha,False,1,grave,BR-101
694024.0,2025-05-27,terca,10:00,ES,101.0,169.2,LINHARES,Ausência de reação do condutor,Saída de leito carroçável,Com Vítimas Feridas,Pleno dia,Crescente,Céu Claro,Simples,Reta,Não,1.0,0.0,1.0,0.0,0.0,0.0,1.0,1.0,-19.54391289,-40.16421385,SPRF-ES,DEL04-ES,UOP01-DEL04-ES,2025-05-27 10:00:00,2025.0,5.0,10.0,manha,False,0,moderado,BR-101
694149.0,2025-05-27,terca,22:15,ES,101.0,251.9,SERRA,Reação tardia ou ineficiente do condutor,Colisão com objeto,Com Vítimas Feridas,Plena Noite,Decrescente,Céu Claro,Simples,Reta,Não,1.0,0.0,1.0,0.0,0.0,0.0,1.0,1.0,-20.09685719,-40.33920818,SPRF-ES,DEL02-ES,UOP01-DEL02-ES,2025-05-27 22:15:00,2025.0,5.0,22.0,noite,True,0,moderado,BR-101
694167.0,2025-05-28,quarta,02:40,ES,101.0,265.0,SERRA,Ausência de reação do condutor,Capotamento,Com Vítimas Feridas,Plena Noite,Decrescente,Ignorado,Dupla,Reta,Sim,1.0,0.0,0.0,1.0,0.0,0.0,1.0,1.0,-20.18453806,-40.26700526,SPRF-ES,DEL02-ES,UOP01-DEL02-ES,2025-05-28 02:40:00,2025.0,5.0,2.0,madrugada,True,1,grave,BR-101
694203.0,2025-05-28,quarta,07:30,ES,259.0,62.0,COLATINA,Demais falhas mecânicas ou elétricas,Queda de ocupante de veículo,Com Vítimas Feridas,Pleno dia,Crescente,Nublado,Simples,Reta,Não,1.0,0.0,1.0,0.0,0.0,0.0,1.0,1.0,-19.53124185,-40.68990791,SPRF-ES,DEL02-ES,UOP01-DEL02-ES,2025-05-28 07:30:00,2025.0,5.0,7.0,manha,False,0,moderado,BR-259
694298.0,2025-03-01,sabado,20:50,ES,101.0,91.0,JAGUARE,Ausência de reação do condutor,Colisão com objeto,Com Vítimas Feridas,Plena Noite,Crescente,Céu Claro,Simples,Reta,Sim,1.0,0.0,1.0,0.0,0.0,0.0,1.0,1.0,-18.9081892,-39.9613262,SPRF-ES,DEL04-ES,UOP02-DEL04-ES,2025-03-01 20:50:00,2025.0,3.0,20.0,noite,False,0,moderado,BR-101
694306.0,2025-05-28,quarta,17:30,ES,101.0,208.9,IBIRACU,Condutor deixou de manter distância do veículo da frente,Colisão traseira,Com Vítimas Feridas,Plena Noite,Decrescente,Chuva,Simples,Reta,Não,3.0,0.0,2.0,0.0,1.0,0.0,2.0,2.0,-19.7880753,-40.3711588,SPRF-ES,DEL02-ES,UOP01-DEL02-ES,2025-05-28 17:30:00,2025.0,5.0,17.0,tarde,False,0,moderado,BR-101
694312.0,2025-05-28,quarta,17:50,ES,101.0,147.5,LINHARES,Condutor deixou de manter distância do veículo da frente,Colisão traseira,Com Vítimas Feridas,Anoitecer,Decrescente,Nublado,Múltipla,Reta,Sim,2.0,0.0,1.0,0.0,1.0,0.0,1.0,2.0,-19.38408202,-40.06686735,SPRF-ES,DEL04-ES,UOP01-DEL04-ES,2025-05-28 17:50:00,2025.0,5.0,17.0,tarde,False,0,moderado,BR-101
694317.0,2025-05-28,quarta,18:00,ES,101.0,264.0,SERRA,Ausência de reação do condutor,Colisão traseira,Com Vítimas Feridas,Anoitecer,Decrescente,Chuva,Múltipla,Interseção de Vias,Sim,2.0,0.0,0.0,1.0,1.0,0.0,1.0,2.0,-20.17804445,-40.26562982,SPRF-ES,DEL02-ES,UOP01-DEL02-ES,2025-05-28 18:00:00,2025.0,5.0,18.0,noite,True,1,grave,BR-101
694442.0,2025-05-29,quinta,11:30,ES,262.0,73.1,DOMINGOS MARTINS,Reação tardia ou ineficiente do condutor,Colisão traseira,Com Vítimas Feridas,Pleno dia,Crescente,Chuva,Simples,Curva;Em Obras;Declive,Não,3.0,0.0,1.0,0.0,2.0,0.0,1.0,2.0,-20.40982,-40.89182496,SPRF-ES,DEL01-ES,UOP02-DEL01-ES,2025-05-29 11:30:00,2025.0,5.0,11.0,manha,False,0,moderado,BR-262
694482.0,2025-05-29,quinta,17:20,ES,101.0,287.3,CARIACICA,Manobra de mudança de faixa,Colisão lateral mesmo sentido,Com Vítimas Feridas,Anoitecer,Crescente,Nublado,Dupla,Reta,Sim,2.0,0.0,1.0,0.0,1.0,0.0,1.0,2.0,-20.26685007,-40.386986,SPRF-ES,DEL01-ES,UOP01-DEL01-ES,2025-05-29 17:20:00,2025.0,5.0,17.0,tarde,True,0,moderado,BR-101
694513.0,2025-05-29,quinta,19:30,ES,259.0,11.9,JOAO NEIVA,Iluminação deficiente,Atropelamento de Pedestre,Com Vítimas Feridas,Plena Noite,Crescente,Céu Claro,Simples,Reta,Não,3.0,0.0,0.0,1.0,2.0,0.0,1.0,2.0,-19.68364697,-40.39089203,SPRF-ES,DEL02-ES,UOP01-DEL02-ES,2025-05-29 19:30:00,2025.0,5.0,19.0,noite,False,1,grave,BR-259
694663.0,2025-05-30,sexta,14:40,ES,101.0,264.4,SERRA,Retorno proibido,Colisão transversal,Com Vítimas Feridas,Pleno dia,Decrescente,Nublado,Dupla,Reta,Não,3.0,0.0,0.0,1.0,2.0,0.0,1.0,2.0,-20.176,-40.265,SPRF-ES,DEL02-ES,UOP01-DEL02-ES,2025-05-30 14:40:00,2025.0,5.0,14.0,tarde,True,1,grave,BR-101
694682.0,2025-05-30,sexta,16:30,ES,101.0,271.0,SERRA,Acessar a via sem observar a presença dos outros veículos,Colisão transversal,Com Vítimas Feridas,Pleno dia,Crescente,Céu Claro,Múltipla,Reta,Sim,3.0,0.0,2.0,0.0,1.0,0.0,2.0,2.0,-20.231522,-40.278382,SPRF-ES,DEL02-ES,UOP01-DEL02-ES,2025-05-30 16:30:00,2025.0,5.0,16.0,tarde,True,0,moderado,BR-101
694706.0,2025-05-30,sexta,17:45,ES,259.0,23.4,COLATINA,Reação tardia ou ineficiente do condutor,Colisão lateral mesmo sentido,Com Vítimas Feridas,Anoitecer,Crescente,Nublado,Simples,Curva,Não,2.0,0.0,0.0,1.0,1.0,0.0,1.0,2.0,-19.623535,-40.466651,SPRF-ES,DEL02-ES,UOP01-DEL02-ES,2025-05-30 17:45:00,2025.0,5.0,17.0,tarde,False,1,grave,BR-259
694708.0,2025-05-30,sexta,18:30,ES,101.0,168.0,LINHARES,Acessar a via sem observar a presença dos outros veículos,Colisão transversal,Com Vítimas Feridas,Plena Noite,Crescente,Céu Claro,Simples,Interseção de Vias,Não,5.0,0.0,3.0,0.0,2.0,0.0,3.0,2.0,-19.53698103,-40.15957832,SPRF-ES,DEL04-ES,UOP01-DEL04-ES,2025-05-30 18:30:00,2025.0,5.0,18.0,noite,False,0,moderado,BR-101
694722.0,2025-05-30,sexta,19:30,ES,101.0,61.0,SAO MATEUS,Acessar a via sem observar a presença dos outros veículos,Colisão transversal,Com Vítimas Feridas,Plena Noite,Crescente,Nublado,Simples,Interseção de Vias;Reta,Sim,2.0,0.0,0.0,1.0,1.0,0.0,1.0,2.0,-18.678,-39.865,SPRF-ES,DEL04-ES,UOP02-DEL04-ES,2025-05-30 19:30:00,2025.0,5.0,19.0,noite,False,1,grave,BR-101
694733.0,2025-05-30,sexta,19:00,ES,262.0,160.0,IBATIBA,Transitar na contramão,Colisão frontal,Com Vítimas Feridas,Plena Noite,Decrescente,Nublado,Simples,Reta;Aclive,Sim,4.0,0.0,2.0,0.0,2.0,0.0,2.0,2.0,-20.2372373,-41.5150807,SPRF-ES,DEL01-ES,UOP02-DEL01-ES,2025-05-30 19:00:00,2025.0,5.0,19.0,noite,False,0,moderado,BR-262
694806.0,2025-05-31,sabado,00:30,ES,101.0,176.7,ARACRUZ,Condutor Dormindo,Queda de ocupante de veículo,Com Vítimas Feridas,Plena Noite,Crescente,Céu Claro,Simples,Aclive;Reta,Não,1.0,0.0,0.0,1.0,0.0,0.0,1.0,1.0,-19.60023398,-40.20188212,SPRF-ES,DEL04-ES,UOP01-DEL04-ES,2025-05-31 00:30:00,2025.0,5.0,0.0,madrugada,False,1,grave,BR-101
694827.0,2025-05-31,sabado,06:42,ES,101.0,342.5,GUARAPARI,Velocidade Incompatível,Saída de leito carroçável,Sem Vítimas,Pleno dia,Crescente,Chuva,Dupla,Curva;Aclive,Não,1.0,0.0,0.0,0.0,1.0,0.0,0.0,1.0,-20.65842407,-40.58503501,SPRF-ES,DEL03-ES,UOP01-DEL03-ES,2025-05-31 06:42:00,2025.0,5.0,6.0,manha,True,0,baixo,BR-101
694851.0,2025-05-31,sabado,08:47,ES,101.0,259.4,SERRA,Acesso irregular,Atropelamento de Pedestre,Com Vítimas Fatais,Pleno dia,Crescente,Céu Claro,Dupla,Reta,Sim,2.0,1.0,0.0,0.0,1.0,0.0,0.0,2.0,-20.0369655,-40.4089556,SPRF-ES,DEL02-ES,UOP01-DEL02-ES,2025-05-31 08:47:00,2025.0,5.0,8.0,manha,True,1,fatal,BR-101
694869.0,2025-05-31,sabado,06:10,ES,101.0,280.0,SERRA,Manobra de mudança de faixa,Colisão com objeto,Sem Vítimas,Pleno dia,Crescente,Céu Claro,Simples,Reta,Não,1.0,0.0,0.0,0.0,0.0,1.0,0.0,1.0,-20.2214658,-40.3580904,SPRF-ES,DEL02-ES,UOP01-DEL02-ES,2025-05-31 06:10:00,2025.0,5.0,6.0,manha,True,0,baixo,BR-101
694891.0,2025-05-31,sabado,12:55,ES,101.0,289.8,CARIACICA,Velocidade Incompatível,Saída de leito carroçável,Com Vítimas Feridas,Pleno dia,Decrescente,Nublado,Simples,Reta;Declive,Não,2.0,0.0,2.0,0.0,0.0,0.0,2.0,1.0,-20.28480583,-40.39270369,SPRF-ES,DEL01-ES,UOP01-DEL01-ES,2025-05-31 12:55:00,2025.0,5.0,12.0,tarde,True,0,moderado,BR-101
694920.0,2025-05-31,sabado,15:30,ES,101.0,333.0,GUARAPARI,Avarias e/ou desgaste excessivo no pneu,Queda de ocupante de veículo,Com Vítimas Feridas,Pleno dia,Crescente,Nublado,Dupla,Reta,Não,2.0,0.0,2.0,0.0,0.0,0.0,2.0,1.0,-20.6149111,-40.5152516,SPRF-ES,DEL03-ES,UOP01-DEL03-ES,2025-05-31 15:30:00,2025.0,5.0,15.0,tarde,True,0,moderado,BR-101
694967.0,2025-05-31,sabado,17:44,ES,101.0,372.5,ICONHA,Acessar a via sem observar a presença dos outros veículos,Colisão transversal,Com Vítimas Feridas,Anoitecer,Crescente,Nublado,Dupla,Reta,Não,4.0,0.0,1.0,0.0,3.0,0.0,1.0,2.0,-20.774527,-40.777779,SPRF-ES,DEL03-ES,UOP01-DEL03-ES,2025-05-31 17:44:00,2025.0,5.0,17.0,tarde,False,0,moderado,BR-101
694984.0,2025-05-31,sabado,19:45,ES,101.0,126.0,SOORETAMA,Ingestão de álcool pelo condutor,Colisão traseira,Sem Vítimas,Plena Noite,Crescente,Céu Claro,Múltipla,Reta,Sim,2.0,0.0,0.0,0.0,2.0,0.0,0.0,2.0,-19.19434167,-40.09525333,SPRF-ES,DEL04-ES,UOP01-DEL04-ES,2025-05-31 19:45:00,2025.0,5.0,19.0,noite,False,0,baixo,BR-101
695019.0,2025-05-31,sabado,22:10,ES,101.0,264.0,SERRA,Ausência de reação do condutor,Queda de ocupante de veículo,Com Vítimas Feridas,Plena Noite,Crescente,Céu Claro,Múltipla,Reta,Sim,1.0,0.0,1.0,0.0,0.0,0.0,1.0,1.0,-20.18374253,-40.26641518,SPRF-ES,DEL02-ES,UOP01-DEL02-ES,2025-05-31 22:10:00,2025.0,5.0,22.0,noite,True,0,moderado,BR-101
695148.0,2025-03-05,quarta,20:30,ES,101.0,298.0,VIANA,Ausência de reação do condutor,Queda de ocupante de veículo,Com Vítimas Feridas,Plena Noite,Decrescente,Ignorado,Dupla,Curva,Não,1.0,0.0,0.0,1.0,0.0,0.0,1.0,1.0,-20.354248,-40.41616,SPRF-ES,DEL01-ES,UOP01-DEL01-ES,2025-03-05 20:30:00,2025.0,3.0,20.0,noite,True,1,grave,BR-101
695320.0,2025-06-02,segunda,07:40,ES,101.0,294.7,CARIACICA,Ausência de reação do condutor,Colisão lateral mesmo sentido,Com Vítimas Feridas,Pleno dia,Crescente,Céu Claro,Dupla,Reta,Sim,2.0,0.0,1.0,0.0,0.0,1.0,1.0,2.0,-20.32902159,-40.39848089,SPRF-ES,DEL01-ES,UOP01-DEL01-ES,2025-06-02 07:40:00,2025.0,6.0,7.0,manha,True,0,moderado,BR-101
695340.0,2025-06-02,segunda,11:15,ES,101.0,9.0,PEDRO CANARIO,Reação tardia ou ineficiente do condutor,Saída de leito carroçável,Com Vítimas Feridas,Pleno dia,Crescente,Nublado,Simples,Reta,Não,2.0,0.0,1.0,1.0,0.0,0.0,2.0,1.0,-18.232275,-39.953819,SPRF-ES,DEL04-ES,UOP02-DEL04-ES,2025-06-02 11:15:00,2025.0,6.0,11.0,manha,False,1,grave,BR-101
695358.0,2025-06-02,segunda,13:15,ES,101.0,265.8,SERRA,Reação tardia ou ineficiente do condutor,Colisão lateral mesmo sentido,Com Vítimas Feridas,Pleno dia,Decrescente,Nublado,Múltipla,Reta,Sim,2.0,0.0,2.0,0.0,0.0,0.0,2.0,2.0,-20.1880472,-40.2687369,SPRF-ES,DEL02-ES,UOP01-DEL02-ES,2025-06-02 13:15:00,2025.0,6.0,13.0,tarde,True,0,moderado,BR-101
695365.0,2025-06-02,segunda,13:30,ES,101.0,138.9,LINHARES,Ausência de reação do condutor,Colisão traseira,Com Vítimas Feridas,Pleno dia,Decrescente,Céu Claro,Múltipla,Reta,Sim,2.0,0.0,1.0,0.0,0.0,1.0,1.0,2.0,-19.30744812,-40.08174317,SPRF-ES,DEL04-ES,UOP01-DEL04-ES,2025-06-02 13:30:00,2025.0,6.0,13.0,tarde,False,0,moderado,BR-101
695484.0,2025-06-03,terca,02:00,ES,101.0,265.0,SERRA,Entrada inopinada do pedestre,Atropelamento de Pedestre,Com Vítimas Feridas,Plena Noite,Crescente,Chuva,Dupla,Reta,Sim,2.0,0.0,0.0,1.0,1.0,0.0,1.0,2.0,-20.18679475,-40.26808083,SPRF-ES,DEL02-ES,UOP01-DEL02-ES,2025-06-03 02:00:00,2025.0,6.0,2.0,madrugada,True,1,grave,BR-101
695491.0,2025-06-03,terca,05:26,ES,101.0,162.0,LINHARES,Neblina,Colisão lateral mesmo sentido,Com Vítimas Feridas,Pleno dia,Decrescente,Céu Claro,Simples,Reta,Não,2.0,0.0,1.0,0.0,1.0,0.0,1.0,2.0,-19.49393272,-40.12896077,SPRF-ES,DEL04-ES,UOP01-DEL04-ES,2025-06-03 05:26:00,2025.0,6.0,5.0,madrugada,False,0,moderado,BR-101
695526.0,2025-06-03,terca,09:00,ES,101.0,150.0,LINHARES,Condutor deixou de manter distância do veículo da frente,Colisão traseira,Com Vítimas Feridas,Pleno dia,Crescente,Céu Claro,Simples,Interseção de Vias,Não,2.0,0.0,1.0,0.0,1.0,0.0,1.0,2.0,-19.40719766,-40.0640258,SPRF-ES,DEL04-ES,UOP01-DEL04-ES,2025-06-03 09:00:00,2025.0,6.0,9.0,manha,False,0,moderado,BR-101
695590.0,2025-04-06,domingo,20:40,ES,101.0,91.0,JAGUARE,Pedestre andava na pista,Atropelamento de Pedestre,Com Vítimas Feridas,Plena Noite,Decrescente,Nublado,Simples,Reta,Não,3.0,0.0,0.0,1.0,2.0,0.0,1.0,2.0,-18.93134912,-39.97211404,SPRF-ES,DEL04-ES,UOP02-DEL04-ES,2025-04-06 20:40:00,2025.0,4.0,20.0,noite,False,1,grave,BR-101
695600.0,2025-06-03,terca,17:00,ES,101.0,266.0,SERRA,Manobra de mudança de faixa,Colisão lateral mesmo sentido,Com Vítimas Feridas,Anoitecer,Decrescente,Nublado,Dupla,Reta,Sim,2.0,0.0,1.0,0.0,1.0,0.0,1.0,2.0,-20.194865,-40.268418,SPRF-ES,DEL02-ES,UOP01-DEL02-ES,2025-06-03 17:00:00,2025.0,6.0,17.0,tarde,True,0,moderado,BR-101
695614.0,2025-06-03,terca,16:07,ES,101.0,137.0,LINHARES,Ultrapassagem Indevida,Colisão transversal,Com Vítimas Feridas,Plena Noite,Crescente,Céu Claro,Simples,Interseção de Vias,Não,3.0,0.0,3.0,0.0,0.0,0.0,3.0,2.0,-19.29409265,-40.08591923,SPRF-ES,DEL04-ES,UOP01-DEL04-ES,2025-06-03 16:07:00,2025.0,6.0,16.0,tarde,False,0,moderado,BR-101
695648.0,2025-06-03,terca,18:00,ES,101.0,348.2,ANCHIETA,Conversão proibida,Colisão transversal,Com Vítimas Feridas,Plena Noite,Decrescente,Chuva,Simples,Em Obras;Desvio Temporário,Sim,2.0,0.0,1.0,1.0,0.0,0.0,2.0,2.0,-20.65047943,-40.63850133,SPRF-ES,DEL03-ES,UOP01-DEL03-ES,2025-06-03 18:00:00,2025.0,6.0,18.0,noite,False,1,grave,BR-101
695660.0,2025-06-03,terca,18:55,ES,101.0,267.8,SERRA,Manobra de mudança de faixa,Colisão traseira,Sem Vítimas,Plena Noite,Decrescente,Chuva,Múltipla,Reta,Sim,2.0,0.0,0.0,0.0,2.0,0.0,0.0,2.0,-20.2066465,-40.2691885,SPRF-ES,DEL02-ES,UOP01-DEL02-ES,2025-06-03 18:55:00,2025.0,6.0,18.0,noite,True,0,baixo,BR-101
695705.0,2025-06-04,quarta,05:55,ES,101.0,265.7,SERRA,Ausência de reação do condutor,Colisão lateral mesmo sentido,Com Vítimas Feridas,Amanhecer,Crescente,Ignorado,Dupla,Reta,Sim,2.0,0.0,1.0,0.0,1.0,0.0,1.0,2.0,-20.196453,-40.268785,SPRF-ES,DEL02-ES,UOP01-DEL02-ES,2025-06-04 05:55:00,2025.0,6.0,5.0,madrugada,True,0,moderado,BR-101
695718.0,2025-06-04,quarta,07:30,ES,101.0,189.0,ARACRUZ,Ausência de reação do condutor,Colisão com objeto,Com Vítimas Feridas,Pleno dia,Crescente,Céu Claro,Simples,Retorno Regulamentado,Sim,1.0,0.0,1.0,0.0,0.0,0.0,1.0,1.0,-19.68159038,-40.27084453,SPRF-ES,DEL04-ES,UOP01-DEL04-ES,2025-06-04 07:30:00,2025.0,6.0,7.0,manha,False,0,moderado,BR-101
695748.0,2025-06-04,quarta,08:35,ES,101.0,297.8,CARIACICA,Manobra de mudança de faixa,Colisão lateral mesmo sentido,Com Vítimas Feridas,Pleno dia,Crescente,Sol,Dupla,Reta,Sim,3.0,0.0,2.0,0.0,1.0,0.0,2.0,2.0,-20.34842595,-40.41178107,SPRF-ES,DEL01-ES,UOP01-DEL01-ES,2025-06-04 08:35:00,2025.0,6.0,8.0,manha,True,0,moderado,BR-101
695774.0,2025-06-04,quarta,12:30,ES,101.0,352.9,ANCHIETA,Reação tardia ou ineficiente do condutor,Colisão com objeto,Com Vítimas Feridas,Pleno dia,Crescente,Sol,Dupla,Reta;Em Obras,Não,1.0,0.0,0.0,1.0,0.0,0.0,1.0,1.0,-20.67678,-40.66593,SPRF-ES,DEL03-ES,UOP01-DEL03-ES,2025-06-04 12:30:00,2025.0,6.0,12.0,tarde,False,1,grave,BR-101
695797.0,2025-06-04,quarta,14:05,ES,101.0,71.0,SAO MATEUS,Transitar no Acostamento,Colisão lateral mesmo sentido,Com Vítimas Feridas,Pleno dia,Decrescente,Céu Claro,Simples,Reta;Aclive,Não,3.0,0.0,1.0,1.0,1.0,0.0,2.0,2.0,-18.76098324,-39.8634135,SPRF-ES,DEL04-ES,UOP02-DEL04-ES,2025-06-04 14:05:00,2025.0,6.0,14.0,tarde,False,1,grave,BR-101
695805.0,2025-06-04,quarta,14:40,ES,262.0,0.7,CARIACICA,Reação tardia ou ineficiente do condutor,Colisão traseira,Com Vítimas Feridas,Pleno dia,Decrescente,Céu Claro,Dupla,Ponte,Não,2.0,0.0,1.0,0.0,1.0,0.0,1.0,2.0,-20.32699,-40.35472,SPRF-ES,DEL01-ES,UOP01-DEL01-ES,2025-06-04 14:40:00,2025.0,6.0,14.0,tarde,True,0,moderado,BR-262
695829.0,2025-04-05,sabado,18:15,ES,101.0,285.1,CARIACICA,Pedestre cruzava a pista fora da faixa,Atropelamento de Pedestre,Com Vítimas Feridas,Plena Noite,Crescente,Nublado,Dupla,Reta,Sim,2.0,0.0,0.0,1.0,1.0,0.0,1.0,2.0,-20.253721,-40.374341,SPRF-ES,DEL01-ES,UOP01-DEL01-ES,2025-04-05 18:15:00,2025.0,4.0,18.0,noite,True,1,grave,BR-101
695842.0,2025-06-04,quarta,17:00,ES,101.0,136.9,LINHARES,Reação tardia ou ineficiente do condutor,Engavetamento,Com Vítimas Feridas,Pleno dia,Crescente,Céu Claro,Simples,Reta;Declive,Não,15.0,0.0,12.0,0.0,3.0,0.0,12.0,3.0,-19.29270433,-40.08603869,SPRF-ES,DEL04-ES,UOP01-DEL04-ES,2025-06-04 17:00:00,2025.0,6.0,17.0,tarde,False,0,moderado,BR-101
695878.0,2025-06-04,quarta,19:00,ES,101.0,25.5,PINHEIROS,Pedestre cruzava a pista fora da faixa,Atropelamento de Pedestre,Com Vítimas Feridas,Plena Noite,Crescente,Céu Claro,Simples,Reta,Não,2.0,0.0,2.0,0.0,0.0,0.0,2.0,2.0,-18.37509167,-39.94805167,SPRF-ES,DEL04-ES,UOP02-DEL04-ES,2025-06-04 19:00:00,2025.0,6.0,19.0,noite,False,0,moderado,BR-101
695926.0,2025-06-05,quinta,05:20,ES,101.0,119.8,SOORETAMA,Ultrapassagem Indevida,Colisão frontal,Com Vítimas Feridas,Amanhecer,Crescente,Nublado,Simples,Reta;Declive,Não,3.0,0.0,0.0,2.0,1.0,0.0,2.0,2.0,-19.14158123,-40.07403168,SPRF-ES,DEL04-ES,UOP01-DEL04-ES,2025-06-05 05:20:00,2025.0,6.0,5.0,madrugada,False,1,grave,BR-101
696072.0,2025-06-05,quinta,18:09,ES,101.0,264.0,SERRA,Reação tardia ou ineficiente do condutor,Colisão lateral mesmo sentido,Com Vítimas Feridas,Plena Noite,Decrescente,Céu Claro,Dupla,Reta,Sim,2.0,0.0,0.0,1.0,0.0,1.0,1.0,2.0,-20.179607,-40.265201,SPRF-ES,DEL02-ES,UOP01-DEL02-ES,2025-06-05 18:09:00,2025.0,6.0,18.0,noite,True,1,grave,BR-101
696080.0,2025-06-05,quinta,18:00,ES,262.0,26.9,VIANA,Manobra de mudança de faixa,Colisão lateral mesmo sentido,Com Vítimas Feridas,Anoitecer,Decrescente,Nublado,Simples,Curva,Não,2.0,0.0,1.0,0.0,0.0,1.0,1.0,2.0,-20.38294909,-40.55124521,SPRF-ES,DEL01-ES,UOP01-DEL01-ES,2025-06-05 18:00:00,2025.0,6.0,18.0,noite,True,0,moderado,BR-262
696104.0,2025-06-05,quinta,20:15,ES,101.0,259.0,SERRA,Ausência de reação do condutor,Queda de ocupante de veículo,Com Vítimas Fatais,Plena Noite,Decrescente,Nublado,Dupla,Reta,Sim,3.0,2.0,0.0,0.0,1.0,0.0,0.0,2.0,-20.13930636,-40.29233694,SPRF-ES,DEL02-ES,UOP01-DEL02-ES,2025-06-05 20:15:00,2025.0,6.0,20.0,noite,True,1,fatal,BR-101
696129.0,2025-06-05,quinta,23:18,ES,101.0,133.6,LINHARES,Demais falhas mecânicas ou elétricas,Tombamento,Com Vítimas Feridas,Plena Noite,Decrescente,Céu Claro,Simples,Reta,Não,2.0,0.0,2.0,0.0,0.0,0.0,2.0,1.0,-19.25379315,-40.09013796,SPRF-ES,DEL04-ES,UOP01-DEL04-ES,2025-06-05 23:18:00,2025.0,6.0,23.0,noite,False,0,moderado,BR-101
696138.0,2025-06-06,sexta,03:00,ES,101.0,264.0,SERRA,Ingestão de álcool pelo condutor,Colisão com objeto,Sem Vítimas,Plena Noite,Crescente,Céu Claro,Múltipla,Interseção de Vias,Sim,1.0,0.0,0.0,0.0,1.0,0.0,0.0,1.0,-20.17789511,-40.26540667,SPRF-ES,DEL02-ES,UOP01-DEL02-ES,2025-06-06 03:00:00,2025.0,6.0,3.0,madrugada,True,0,baixo,BR-101
696157.0,2025-06-06,sexta,05:00,ES,259.0,50.9,COLATINA,Entrada inopinada do pedestre,Atropelamento de Pedestre,Com Vítimas Feridas,Amanhecer,Decrescente,Ignorado,Simples,Reta,Não,2.0,0.0,1.0,0.0,0.0,1.0,1.0,2.0,-19.504339,-40.61366558,SPRF-ES,DEL02-ES,UOP01-DEL02-ES,2025-06-06 05:00:00,2025.0,6.0,5.0,madrugada,False,0,moderado,BR-259
696216.0,2025-06-06,sexta,12:20,ES,101.0,140.5,LINHARES,Reação tardia ou ineficiente do condutor,Colisão traseira,Com Vítimas Feridas,Pleno dia,Crescente,Céu Claro,Simples,Reta,Sim,3.0,0.0,0.0,1.0,2.0,0.0,1.0,2.0,-19.322767,-40.073838,SPRF-ES,DEL04-ES,UOP01-DEL04-ES,2025-06-06 12:20:00,2025.0,6.0,12.0,tarde,False,1,grave,BR-101
696366.0,2025-06-06,sexta,22:50,ES,101.0,269.0,SERRA,Manobra de mudança de faixa,Tombamento,Com Vítimas Feridas,Pleno dia,Decrescente,Céu Claro,Dupla,Reta,Sim,1.0,0.0,1.0,0.0,0.0,0.0,1.0,1.0,-20.21919388,-40.27021408,SPRF-ES,DEL02-ES,UOP01-DEL02-ES,2025-06-06 22:50:00,2025.0,6.0,22.0,noite,True,0,moderado,BR-101
696408.0,2025-06-07,sabado,02:30,ES,101.0,211.4,IBIRACU,Ingestão de álcool pelo condutor,Saída de leito carroçável,Com Vítimas Feridas,Plena Noite,Crescente,Nublado,Simples,Curva;Declive,Não,2.0,0.0,1.0,0.0,0.0,1.0,1.0,2.0,-19.82115566,-40.36918759,SPRF-ES,DEL02-ES,UOP01-DEL02-ES,2025-06-07 02:30:00,2025.0,6.0,2.0,madrugada,False,0,moderado,BR-101
696429.0,2025-06-07,sabado,06:45,ES,101.0,252.9,SERRA,Acessar a via sem observar a presença dos outros veículos,Tombamento,Com Vítimas Feridas,Pleno dia,Crescente,Céu Claro,Simples,Reta;Interseção de Vias,Não,1.0,0.0,0.0,1.0,0.0,0.0,1.0,1.0,-20.10481,-40.33258,SPRF-ES,DEL02-ES,UOP01-DEL02-ES,2025-06-07 06:45:00,2025.0,6.0,6.0,manha,True,1,grave,BR-101
696445.0,2025-06-07,sabado,08:30,ES,101.0,264.2,SERRA,Manobra de mudança de faixa,Colisão lateral mesmo sentido,Com Vítimas Feridas,Pleno dia,Crescente,Céu Claro,Dupla,Reta,Não,2.0,0.0,0.0,1.0,1.0,0.0,1.0,2.0,-20.17582,-40.26622,SPRF-ES,DEL02-ES,UOP01-DEL02-ES,2025-06-07 08:30:00,2025.0,6.0,8.0,manha,True,1,grave,BR-101
696479.0,2025-06-07,sabado,10:00,ES,262.0,61.8,MARECHAL FLORIANO,Ausência de reação do condutor,Engavetamento,Com Vítimas Feridas,Pleno dia,Decrescente,Nublado,Simples,Reta,Não,4.0,0.0,2.0,0.0,2.0,0.0,2.0,3.0,-20.42341,-40.800368,SPRF-ES,DEL01-ES,UOP02-DEL01-ES,2025-06-07 10:00:00,2025.0,6.0,10.0,manha,False,0,moderado,BR-262
696481.0,2025-06-07,sabado,08:30,ES,101.0,13.0,SERRA,Reação tardia ou ineficiente do condutor,Tombamento,Sem Vítimas,Pleno dia,Crescente,Céu Claro,Dupla,Reta,Não,1.0,0.0,0.0,0.0,0.0,1.0,0.0,1.0,-20.170852,-40.347757,SPRF-ES,DEL02-ES,UOP01-DEL02-ES,2025-06-07 08:30:00,2025.0,6.0,8.0,manha,True,0,baixo,BR-101
696516.0,2025-06-07,sabado,12:30,ES,262.0,38.0,DOMINGOS MARTINS,Acessar a via sem observar a presença dos outros veículos,Colisão transversal,Com Vítimas Feridas,Pleno dia,Crescente,Céu Claro,Simples,Reta,Não,5.0,0.0,1.0,0.0,3.0,1.0,1.0,2.0,-20.38049515,-40.6294477,SPRF-ES,DEL01-ES,UOP01-DEL01-ES,2025-06-07 12:30:00,2025.0,6.0,12.0,tarde,False,0,moderado,BR-262
696529.0,2025-06-07,sabado,15:30,ES,101.0,61.3,SAO MATEUS,Acessar a via sem observar a presença dos outros veículos,Colisão transversal,Com Vítimas Feridas,Pleno dia,Crescente,Céu Claro,Simples,Reta,Sim,2.0,0.0,1.0,1.0,0.0,0.0,2.0,2.0,-18.68373205,-39.86337662,SPRF-ES,DEL04-ES,UOP02-DEL04-ES,2025-06-07 15:30:00,2025.0,6.0,15.0,tarde,False,1,grave,BR-101
696539.0,2025-06-07,sabado,16:30,ES,101.0,282.4,CARIACICA,Avarias e/ou desgaste excessivo no pneu,Queda de ocupante de veículo,Com Vítimas Feridas,Pleno dia,Decrescente,Nublado,Dupla,Reta,Não,2.0,0.0,1.0,0.0,1.0,0.0,1.0,1.0,-20.22700071,-40.36444394,SPRF-ES,DEL01-ES,UOP01-DEL01-ES,2025-06-07 16:30:00,2025.0,6.0,16.0,tarde,True,0,moderado,BR-101
696559.0,2025-06-07,sabado,17:30,ES,101.0,14.0,SERRA,Avarias e/ou desgaste excessivo no pneu,Tombamento,Com Vítimas Feridas,Anoitecer,Crescente,Céu Claro,Dupla,Curva,Não,2.0,0.0,1.0,1.0,0.0,0.0,2.0,1.0,-20.20632,-40.333585,SPRF-ES,DEL02-ES,UOP01-DEL02-ES,2025-06-07 17:30:00,2025.0,6.0,17.0,tarde,True,1,grave,BR-101
696689.0,2025-06-08,domingo,05:00,ES,101.0,141.5,LINHARES,Reação tardia ou ineficiente do condutor,Colisão com objeto,Sem Vítimas,Amanhecer,Crescente,Céu Claro,Dupla,Reta,Sim,1.0,0.0,0.0,0.0,1.0,0.0,0.0,1.0,-19.33333628,-40.06851196,SPRF-ES,DEL04-ES,UOP01-DEL04-ES,2025-06-08 05:00:00,2025.0,6.0,5.0,madrugada,False,0,baixo,BR-101
696690.0,2025-06-08,domingo,05:00,ES,101.0,289.8,CARIACICA,Reação tardia ou ineficiente do condutor,Saída de leito carroçável,Sem Vítimas,Plena Noite,Decrescente,Nublado,Dupla,Reta;Declive,Sim,1.0,0.0,0.0,0.0,1.0,0.0,0.0,1.0,-20.2873756,-40.3919448,SPRF-ES,DEL01-ES,UOP01-DEL01-ES,2025-06-08 05:00:00,2025.0,6.0,5.0,madrugada,True,0,baixo,BR-101
696788.0,2025-06-08,domingo,15:40,ES,101.0,370.0,ANCHIETA,Condutor deixou de manter distância do veículo da frente,Colisão traseira,Com Vítimas Feridas,Pleno dia,Crescente,Céu Claro,Simples,Reta,Não,2.0,0.0,1.0,0.0,1.0,0.0,1.0,2.0,-20.7712248,-40.7653018,SPRF-ES,DEL03-ES,UOP01-DEL03-ES,2025-06-08 15:40:00,2025.0,6.0,15.0,tarde,False,0,moderado,BR-101
696805.0,2025-06-08,domingo,17:15,ES,101.0,174.5,ARACRUZ,Ingestão de álcool pelo condutor,Colisão transversal,Com Vítimas Feridas,Anoitecer,Crescente,Céu Claro,Simples,Interseção de Vias,Sim,3.0,0.0,1.0,0.0,1.0,1.0,1.0,2.0,-19.58515,-40.18985,SPRF-ES,DEL04-ES,UOP01-DEL04-ES,2025-06-08 17:15:00,2025.0,6.0,17.0,tarde,False,0,moderado,BR-101
696828.0,2025-06-08,domingo,18:40,ES,262.0,110.0,VENDA NOVA DO IMIGRANTE,Suicídio (presumido),Atropelamento de Pedestre,Com Vítimas Feridas,Plena Noite,Crescente,Céu Claro,Simples,Reta,Sim,2.0,0.0,1.0,0.0,1.0,0.0,1.0,2.0,-20.336698,-41.18602,SPRF-ES,DEL01-ES,UOP02-DEL01-ES,2025-06-08 18:40:00,2025.0,6.0,18.0,noite,False,0,moderado,BR-262
696988.0,2025-06-09,segunda,12:00,ES,101.0,290.7,CARIACICA,Manobra de mudança de faixa,Colisão lateral mesmo sentido,Com Vítimas Feridas,Pleno dia,Crescente,Céu Claro,Dupla,Reta,Sim,3.0,0.0,0.0,2.0,1.0,0.0,2.0,2.0,-20.29494211,-40.39327383,SPRF-ES,DEL01-ES,UOP01-DEL01-ES,2025-06-09 12:00:00,2025.0,6.0,12.0,tarde,True,1,grave,BR-101
696991.0,2025-06-09,segunda,12:00,ES,101.0,266.9,SERRA,Reação tardia ou ineficiente do condutor,Queda de ocupante de veículo,Com Vítimas Feridas,Pleno dia,Crescente,Céu Claro,Dupla,Reta,Sim,1.0,0.0,1.0,0.0,0.0,0.0,1.0,1.0,-20.129886,-40.296982,SPRF-ES,DEL02-ES,UOP01-DEL02-ES,2025-06-09 12:00:00,2025.0,6.0,12.0,tarde,True,0,moderado,BR-101
697102.0,2025-06-09,segunda,19:30,ES,101.0,294.7,CARIACICA,Condutor desrespeitou a iluminação vermelha do semáforo,Colisão lateral mesmo sentido,Sem Vítimas,Plena Noite,Decrescente,Nublado,Múltipla,Interseção de Vias,Sim,2.0,0.0,0.0,0.0,2.0,0.0,0.0,2.0,-20.32992924,-40.39880991,SPRF-ES,DEL01-ES,UOP01-DEL01-ES,2025-06-09 19:30:00,2025.0,6.0,19.0,noite,True,0,baixo,BR-101
697148.0,2025-06-10,terca,05:40,ES,101.0,274.0,VITORIA,Demais falhas mecânicas ou elétricas,Queda de ocupante de veículo,Com Vítimas Feridas,Amanhecer,Decrescente,Nublado,Dupla,Reta,Não,2.0,0.0,2.0,0.0,0.0,0.0,2.0,1.0,-20.2604544,-40.2784256,SPRF-ES,DEL02-ES,UOP01-DEL02-ES,2025-06-10 05:40:00,2025.0,6.0,5.0,madrugada,True,0,moderado,BR-101
697154.0,2025-06-10,terca,07:20,ES,101.0,268.9,SERRA,Manobra de mudança de faixa,Colisão lateral mesmo sentido,Com Vítimas Feridas,Pleno dia,Crescente,Nublado,Dupla,Reta,Sim,2.0,0.0,1.0,0.0,0.0,1.0,1.0,2.0,-20.22076653,-40.27025521,SPRF-ES,DEL02-ES,UOP01-DEL02-ES,2025-06-10 07:20:00,2025.0,6.0,7.0,manha,True,0,moderado,BR-101
697156.0,2025-06-10,terca,07:45,ES,101.0,146.7,LINHARES,Condutor desrespeitou a iluminação vermelha do semáforo,Colisão transversal,Com Vítimas Feridas,Pleno dia,Decrescente,Céu Claro,Múltipla,Reta;Interseção de Vias,Sim,2.0,0.0,1.0,0.0,0.0,1.0,1.0,2.0,-19.3764486,-40.06616171,SPRF-ES,DEL04-ES,UOP01-DEL04-ES,2025-06-10 07:45:00,2025.0,6.0,7.0,manha,False,0,moderado,BR-101
697177.0,2025-06-10,terca,09:00,ES,101.0,269.4,SERRA,Condutor deixou de manter distância do veículo da frente,Colisão traseira,Com Vítimas Feridas,Pleno dia,Decrescente,Céu Claro,Múltipla,Reta,Não,2.0,0.0,1.0,0.0,1.0,0.0,1.0,2.0,-20.22176196,-40.2701962,SPRF-ES,DEL02-ES,UOP01-DEL02-ES,2025-06-10 09:00:00,2025.0,6.0,9.0,manha,True,0,moderado,BR-101
697185.0,2025-06-10,terca,09:52,ES,101.0,268.7,SERRA,Trafegar com motocicleta (ou similar) entre as faixas,Tombamento,Com Vítimas Feridas,Pleno dia,Crescente,Céu Claro,Múltipla,Reta,Sim,1.0,0.0,0.0,1.0,0.0,0.0,1.0,1.0,-20.0488571,-40.3866823,SPRF-ES,DEL02-ES,UOP01-DEL02-ES,2025-06-10 09:52:00,2025.0,6.0,9.0,manha,True,1,grave,BR-101
697203.0,2025-06-10,terca,11:43,ES,101.0,269.5,SERRA,Ausência de reação do condutor,Colisão traseira,Com Vítimas Feridas,Pleno dia,Decrescente,Sol,Múltipla,Reta;Interseção de Vias,Sim,2.0,0.0,1.0,0.0,1.0,0.0,1.0,2.0,-20.22198245,-40.2702551,SPRF-ES,DEL02-ES,UOP01-DEL02-ES,2025-06-10 11:43:00,2025.0,6.0,11.0,manha,True,0,moderado,BR-101
697212.0,2025-06-10,terca,08:00,ES,101.0,296.0,CARIACICA,Acessar a via sem observar a presença dos outros veículos,Colisão traseira,Com Vítimas Feridas,Pleno dia,Crescente,Chuva,Dupla,Curva;Retorno Regulamentado;Viaduto,Sim,5.0,0.0,2.0,0.0,3.0,0.0,2.0,3.0,-20.34169572,-40.40556084,SPRF-ES,DEL01-ES,UOP01-DEL01-ES,2025-06-10 08:00:00,2025.0,6.0,8.0,manha,True,0,moderado,BR-101
697221.0,2025-06-10,terca,14:17,ES,101.0,127.7,SOORETAMA,Ausência de reação do condutor,Saída de leito carroçável,Com Vítimas Feridas,Pleno dia,Decrescente,Céu Claro,Múltipla,Curva,Sim,1.0,0.0,1.0,0.0,0.0,0.0,1.0,1.0,-19.2094062,-40.0947213,SPRF-ES,DEL04-ES,UOP01-DEL04-ES,2025-06-10 14:17:00,2025.0,6.0,14.0,tarde,False,0,moderado,BR-101
697243.0,2025-06-10,terca,16:33,ES,101.0,66.2,SAO MATEUS,Acessar a via sem observar a presença dos outros veículos,Atropelamento de Pedestre,Com Vítimas Feridas,Anoitecer,Decrescente,Céu Claro,Dupla,Reta,Sim,2.0,0.0,2.0,0.0,0.0,0.0,2.0,2.0,-18.7265246,-39.8574295,SPRF-ES,DEL04-ES,UOP02-DEL04-ES,2025-06-10 16:33:00,2025.0,6.0,16.0,tarde,False,0,moderado,BR-101
697357.0,2025-06-11,quarta,07:10,ES,101.0,267.9,SERRA,Ausência de reação do condutor,Tombamento,Com Vítimas Feridas,Pleno dia,Crescente,Nublado,Múltipla,Reta,Sim,1.0,0.0,1.0,0.0,0.0,0.0,1.0,1.0,-20.207284,-40.269528,SPRF-ES,DEL02-ES,UOP01-DEL02-ES,2025-06-11 07:10:00,2025.0,6.0,7.0,manha,True,0,moderado,BR-101
697400.0,2025-06-11,quarta,07:00,ES,259.0,100.9,BAIXO GUANDU,Reação tardia ou ineficiente do condutor,Colisão transversal,Com Vítimas Feridas,Pleno dia,Crescente,Céu Claro,Simples,Reta,Sim,2.0,0.0,0.0,1.0,0.0,1.0,1.0,2.0,-19.522191,-41.009528,SPRF-ES,DEL02-ES,UOP01-DEL02-ES,2025-06-11 07:00:00,2025.0,6.0,7.0,manha,False,1,grave,BR-259
697432.0,2025-06-11,quarta,14:19,ES,101.0,287.0,CARIACICA,Velocidade Incompatível,Colisão traseira,Com Vítimas Feridas,Pleno dia,Decrescente,Garoa/Chuvisco,Dupla,Retorno Regulamentado,Sim,3.0,0.0,1.0,1.0,1.0,0.0,2.0,2.0,-20.26612129,-40.38619341,SPRF-ES,DEL01-ES,UOP01-DEL01-ES,2025-06-11 14:19:00,2025.0,6.0,14.0,tarde,True,1,grave,BR-101
697488.0,2025-06-11,quarta,19:00,ES,101.0,290.6,CARIACICA,Manobra de mudança de faixa,Colisão traseira,Com Vítimas Feridas,Plena Noite,Decrescente,Nublado,Dupla,Reta;Retorno Regulamentado,Não,3.0,0.0,2.0,0.0,1.0,0.0,2.0,2.0,-20.294183,-40.393092,SPRF-ES,DEL01-ES,UOP01-DEL01-ES,2025-06-11 19:00:00,2025.0,6.0,19.0,noite,True,0,moderado,BR-101
697492.0,2025-06-11,quarta,19:50,ES,101.0,305.1,VIANA,Chuva,Saída de leito carroçável,Com Vítimas Feridas,Plena Noite,Decrescente,Chuva,Múltipla,Reta,Não,1.0,0.0,1.0,0.0,0.0,0.0,1.0,1.0,-20.38654947,-40.46307564,SPRF-ES,DEL01-ES,UOP01-DEL01-ES,2025-06-11 19:50:00,2025.0,6.0,19.0,noite,True,0,moderado,BR-101
697513.0,2025-06-11,quarta,21:29,ES,101.0,296.9,CARIACICA,Ausência de reação do condutor,Tombamento,Com Vítimas Feridas,Plena Noite,Crescente,Nublado,Dupla,Reta,Sim,2.0,0.0,1.0,0.0,1.0,0.0,1.0,1.0,-20.34577373,-40.41070819,SPRF-ES,DEL01-ES,UOP01-DEL01-ES,2025-06-11 21:29:00,2025.0,6.0,21.0,noite,True,0,moderado,BR-101
697559.0,2025-06-12,quinta,05:30,ES,101.0,94.0,JAGUARE,Acessar a via sem observar a presença dos outros veículos,Colisão transversal,Com Vítimas Feridas,Amanhecer,Decrescente,Céu Claro,Simples,Reta,Sim,2.0,0.0,1.0,0.0,0.0,1.0,1.0,2.0,-18.933256,-39.972669,SPRF-ES,DEL04-ES,UOP02-DEL04-ES,2025-06-12 05:30:00,2025.0,6.0,5.0,madrugada,False,0,moderado,BR-101
697584.0,2025-06-12,quinta,08:00,ES,101.0,144.0,LINHARES,Reação tardia ou ineficiente do condutor,Colisão lateral mesmo sentido,Com Vítimas Feridas,Pleno dia,Crescente,Céu Claro,Simples,Interseção de Vias,Sim,2.0,0.0,1.0,0.0,1.0,0.0,1.0,2.0,-19.3713974,-40.06645203,SPRF-ES,DEL04-ES,UOP01-DEL04-ES,2025-06-12 08:00:00,2025.0,6.0,8.0,manha,False,0,moderado,BR-101
697604.0,2025-06-12,quinta,09:50,ES,101.0,8.0,SERRA,Ausência de reação do condutor,Queda de ocupante de veículo,Com Vítimas Feridas,Pleno dia,Crescente,Céu Claro,Dupla,Reta,Não,1.0,0.0,0.0,1.0,0.0,0.0,1.0,1.0,-20.04887441,-40.3865193,SPRF-ES,DEL02-ES,UOP01-DEL02-ES,2025-06-12 09:50:00,2025.0,6.0,9.0,manha,True,1,grave,BR-101
697649.0,2025-05-04,domingo,17:30,ES,101.0,61.0,SAO MATEUS,Animais na Pista,Capotamento,Com Vítimas Feridas,Anoitecer,Decrescente,Ignorado,Simples,Reta,Sim,1.0,0.0,1.0,0.0,0.0,0.0,1.0,1.0,-18.67853544,-39.86449091,SPRF-ES,DEL04-ES,UOP02-DEL04-ES,2025-05-04 17:30:00,2025.0,5.0,17.0,tarde,False,0,moderado,BR-101
697658.0,2025-06-12,quinta,15:30,ES,262.0,20.0,VIANA,Condutor desrespeitou a iluminação vermelha do semáforo,Colisão transversal,Com Vítimas Feridas,Pleno dia,Crescente,Céu Claro,Simples,Reta,Sim,2.0,0.0,1.0,0.0,1.0,0.0,1.0,2.0,-20.3885841,-40.4949076,SPRF-ES,DEL01-ES,UOP01-DEL01-ES,2025-06-12 15:30:00,2025.0,6.0,15.0,tarde,True,0,moderado,BR-262
697659.0,2025-06-12,quinta,11:50,ES,101.0,144.4,LINHARES,Manobra de mudança de faixa,Colisão lateral mesmo sentido,Com Vítimas Feridas,Pleno dia,Crescente,Céu Claro,Simples,Reta,Sim,4.0,0.0,1.0,0.0,2.0,1.0,1.0,3.0,-19.35572167,-40.06428178,SPRF-ES,DEL04-ES,UOP01-DEL04-ES,2025-06-12 11:50:00,2025.0,6.0,11.0,manha,False,0,moderado,BR-101
697735.0,2025-06-12,quinta,19:30,ES,393.0,1.2,CACHOEIRO DE ITAPEMIRIM,Condutor deixou de manter distância do veículo da frente,Colisão traseira,Sem Vítimas,Plena Noite,Crescente,Céu Claro,Simples,Reta,Sim,3.0,0.0,0.0,0.0,1.0,2.0,0.0,3.0,-20.8335224,-41.1726068,SPRF-ES,DEL03-ES,UOP02-DEL03-ES,2025-06-12 19:30:00,2025.0,6.0,19.0,noite,False,0,baixo,BR-393
697741.0,2025-06-12,quinta,20:55,ES,262.0,18.0,VIANA,Ausência de reação do condutor,Tombamento,Com Vítimas Feridas,Plena Noite,Crescente,Céu Claro,Simples,Reta,Sim,1.0,0.0,1.0,0.0,0.0,0.0,1.0,1.0,-20.38815306,-40.47669975,SPRF-ES,DEL01-ES,UOP01-DEL01-ES,2025-06-12 20:55:00,2025.0,6.0,20.0,noite,True,0,moderado,BR-262
697759.0,2025-06-12,quinta,21:20,ES,262.0,72.0,MARECHAL FLORIANO,Ausência de reação do condutor,Colisão lateral sentido oposto,Sem Vítimas,Plena Noite,Crescente,Céu Claro,Simples,Curva;Ponte,Não,2.0,0.0,0.0,0.0,1.0,1.0,0.0,2.0,-20.4097023,-40.8860513,SPRF-ES,DEL01-ES,UOP02-DEL01-ES,2025-06-12 21:20:00,2025.0,6.0,21.0,noite,False,0,baixo,BR-262
697818.0,2025-06-13,sexta,07:55,ES,101.0,225.0,IBIRACU,Ausência de reação do condutor,Queda de ocupante de veículo,Com Vítimas Feridas,Pleno dia,Crescente,Nublado,Simples,Curva,Não,1.0,0.0,1.0,0.0,0.0,0.0,1.0,1.0,-19.895018,-40.411759,SPRF-ES,DEL02-ES,UOP01-DEL02-ES,2025-06-13 07:55:00,2025.0,6.0,7.0,manha,False,0,moderado,BR-101
697927.0,2025-06-13,sexta,18:00,ES,101.0,148.7,LINHARES,Condutor deixou de manter distância do veículo da frente,Colisão traseira,Com Vítimas Feridas,Plena Noite,Decrescente,Céu Claro,Múltipla,Reta;Aclive,Sim,2.0,0.0,1.0,0.0,1.0,0.0,1.0,2.0,-19.39666447,-40.06387602,SPRF-ES,DEL04-ES,UOP01-DEL04-ES,2025-06-13 18:00:00,2025.0,6.0,18.0,noite,False,0,moderado,BR-101
697942.0,2025-06-13,sexta,18:20,ES,101.0,266.2,SERRA,Pedestre cruzava a pista fora da faixa,Atropelamento de Pedestre,Com Vítimas Fatais,Plena Noite,Crescente,Nublado,Dupla,Reta,Sim,2.0,1.0,1.0,0.0,0.0,0.0,1.0,2.0,-20.04889234,-40.38647665,SPRF-ES,DEL02-ES,UOP01-DEL02-ES,2025-06-13 18:20:00,2025.0,6.0,18.0,noite,True,1,fatal,BR-101
697987.0,2025-06-13,sexta,20:45,ES,101.0,29.9,CONCEICAO DA BARRA,Velocidade Incompatível,Colisão traseira,Com Vítimas Feridas,Plena Noite,Decrescente,Nublado,Simples,Reta;Aclive,Não,3.0,0.0,2.0,0.0,1.0,0.0,2.0,2.0,-18.410592,-39.937021,SPRF-ES,DEL04-ES,UOP02-DEL04-ES,2025-06-13 20:45:00,2025.0,6.0,20.0,noite,False,0,moderado,BR-101
698018.0,2025-06-13,sexta,23:30,ES,101.0,260.6,SERRA,Acesso irregular,Colisão transversal,Com Vítimas Feridas,Plena Noite,Decrescente,Céu Claro,Dupla,Curva,Não,2.0,0.0,0.0,1.0,1.0,0.0,1.0,2.0,-20.14718146,-40.28093577,SPRF-ES,DEL02-ES,UOP01-DEL02-ES,2025-06-13 23:30:00,2025.0,6.0,23.0,noite,True,1,grave,BR-101
698022.0,2025-06-13,sexta,23:45,ES,101.0,101.0,JAGUARE,Velocidade Incompatível,Saída de leito carroçável,Com Vítimas Feridas,Plena Noite,Crescente,Céu Claro,Simples,Reta,Não,1.0,0.0,1.0,0.0,0.0,0.0,1.0,1.0,-18.9843277,-39.9974592,SPRF-ES,DEL04-ES,UOP02-DEL04-ES,2025-06-13 23:45:00,2025.0,6.0,23.0,noite,False,0,moderado,BR-101
698060.0,2025-06-14,sabado,08:15,ES,101.0,139.5,LINHARES,Demais falhas mecânicas ou elétricas,Queda de ocupante de veículo,Com Vítimas Feridas,Pleno dia,Crescente,Céu Claro,Múltipla,Reta,Sim,2.0,0.0,2.0,0.0,0.0,0.0,2.0,1.0,-19.31167999,-40.07941573,SPRF-ES,DEL04-ES,UOP01-DEL04-ES,2025-06-14 08:15:00,2025.0,6.0,8.0,manha,False,0,moderado,BR-101
698085.0,2025-06-14,sabado,12:00,ES,101.0,281.0,SERRA,Reação tardia ou ineficiente do condutor,Tombamento,Com Vítimas Feridas,Pleno dia,Crescente,Céu Claro,Dupla,Reta,Não,2.0,0.0,2.0,0.0,0.0,0.0,2.0,1.0,-20.22353411,-40.36114296,SPRF-ES,DEL02-ES,UOP01-DEL02-ES,2025-06-14 12:00:00,2025.0,6.0,12.0,tarde,True,0,moderado,BR-101
698093.0,2025-06-14,sabado,13:30,ES,101.0,289.9,CARIACICA,Manobra de mudança de faixa,Colisão lateral mesmo sentido,Com Vítimas Feridas,Pleno dia,Crescente,Nublado,Dupla,Reta,Não,2.0,0.0,1.0,0.0,0.0,1.0,1.0,2.0,-20.28341071,-40.39319706,SPRF-ES,DEL01-ES,UOP01-DEL01-ES,2025-06-14 13:30:00,2025.0,6.0,13.0,tarde,True,0,moderado,BR-101
698099.0,2025-06-14,sabado,14:20,ES,101.0,267.5,SERRA,Condutor deixou de manter distância do veículo da frente,Colisão traseira,Com Vítimas Feridas,Pleno dia,Decrescente,Céu Claro,Múltipla,Reta,Sim,2.0,0.0,1.0,0.0,1.0,0.0,1.0,2.0,-20.19987382,-40.26886135,SPRF-ES,DEL02-ES,UOP01-DEL02-ES,2025-06-14 14:20:00,2025.0,6.0,14.0,tarde,True,0,moderado,BR-101
698111.0,2025-06-14,sabado,15:15,ES,101.0,125.0,SOORETAMA,Condutor desrespeitou a iluminação vermelha do semáforo,Colisão traseira,Com Vítimas Feridas,Pleno dia,Decrescente,Céu Claro,Simples,Reta,Sim,2.0,0.0,0.0,1.0,1.0,0.0,1.0,2.0,-19.189867,-40.094536,SPRF-ES,DEL04-ES,UOP01-DEL04-ES,2025-06-14 15:15:00,2025.0,6.0,15.0,tarde,False,1,grave,BR-101
698112.0,2025-06-14,sabado,16:00,ES,101.0,262.1,SERRA,Trafegar com motocicleta (ou similar) entre as faixas,Queda de ocupante de veículo,Com Vítimas Feridas,Pleno dia,Decrescente,Céu Claro,Dupla,Reta,Sim,2.0,0.0,1.0,1.0,0.0,0.0,2.0,1.0,-20.04888827,-40.38647878,SPRF-ES,DEL02-ES,UOP01-DEL02-ES,2025-06-14 16:00:00,2025.0,6.0,16.0,tarde,True,1,grave,BR-101
698165.0,2025-06-14,sabado,18:30,ES,393.0,26.0,MUQUI,Acessar a via sem observar a presença dos outros veículos,Queda de ocupante de veículo,Com Vítimas Feridas,Plena Noite,Crescente,Nublado,Simples,Reta,Não,1.0,0.0,1.0,0.0,0.0,0.0,1.0,1.0,-20.94459203,-41.34699762,SPRF-ES,DEL03-ES,UOP02-DEL03-ES,2025-06-14 18:30:00,2025.0,6.0,18.0,noite,False,0,moderado,BR-393
698281.0,2025-06-15,domingo,11:40,ES,101.0,208.0,JOAO NEIVA,Velocidade Incompatível,Colisão com objeto,Com Vítimas Feridas,Pleno dia,Crescente,Chuva,Dupla,Curva,Não,2.0,0.0,1.0,0.0,1.0,0.0,1.0,1.0,-19.77935053,-40.37216323,SPRF-ES,DEL02-ES,UOP01-DEL02-ES,2025-06-15 11:40:00,2025.0,6.0,11.0,manha,False,0,moderado,BR-101
698283.0,2025-06-15,domingo,12:25,ES,101.0,270.6,SERRA,Conversão proibida,Colisão traseira,Com Vítimas Feridas,Pleno dia,Decrescente,Nublado,Múltipla,Reta,Não,3.0,0.0,1.0,0.0,2.0,0.0,1.0,2.0,-20.23076167,-40.27322667,SPRF-ES,DEL02-ES,UOP01-DEL02-ES,2025-06-15 12:25:00,2025.0,6.0,12.0,tarde,True,0,moderado,BR-101
698300.0,2025-06-15,domingo,14:15,ES,101.0,260.1,SERRA,Condutor deixou de manter distância do veículo da frente,Colisão traseira,Com Vítimas Feridas,Pleno dia,Decrescente,Céu Claro,Simples,Reta;Aclive,Não,3.0,0.0,1.0,0.0,2.0,0.0,1.0,2.0,-20.146443,-40.285803,SPRF-ES,DEL02-ES,UOP01-DEL02-ES,2025-06-15 14:15:00,2025.0,6.0,14.0,tarde,True,0,moderado,BR-101
698305.0,2025-06-15,domingo,11:10,ES,262.0,29.5,DOMINGOS MARTINS,Reação tardia ou ineficiente do condutor,Queda de ocupante de veículo,Com Vítimas Feridas,Pleno dia,Decrescente,Céu Claro,Simples,Declive;Curva,Não,1.0,0.0,1.0,0.0,0.0,0.0,1.0,1.0,-20.37303251,-40.59216499,SPRF-ES,DEL01-ES,UOP01-DEL01-ES,2025-06-15 11:10:00,2025.0,6.0,11.0,manha,False,0,moderado,BR-262
698311.0,2025-06-15,domingo,15:00,ES,101.0,308.6,VIANA,Ausência de reação do condutor,Colisão transversal,Com Vítimas Fatais,Pleno dia,Crescente,Céu Claro,Dupla,Reta,Não,3.0,1.0,0.0,0.0,2.0,0.0,0.0,2.0,-20.4102156,-40.4581576,SPRF-ES,DEL01-ES,UOP01-DEL01-ES,2025-06-15 15:00:00,2025.0,6.0,15.0,tarde,True,1,fatal,BR-101
698410.0,2025-06-16,segunda,00:00,ES,101.0,266.7,SERRA,Demais falhas mecânicas ou elétricas,Tombamento,Com Vítimas Feridas,Plena Noite,Crescente,Nublado,Múltipla,Reta,Sim,2.0,0.0,0.0,2.0,0.0,0.0,2.0,1.0,-20.197344,-40.268765,SPRF-ES,DEL02-ES,UOP01-DEL02-ES,2025-06-16 00:00:00,2025.0,6.0,0.0,madrugada,True,1,grave,BR-101
698448.0,2025-06-16,segunda,07:10,ES,101.0,149.0,LINHARES,Acessar a via sem observar a presença dos outros veículos,Colisão lateral mesmo sentido,Com Vítimas Feridas,Pleno dia,Decrescente,Céu Claro,Dupla,Interseção de Vias,Sim,2.0,0.0,1.0,0.0,1.0,0.0,1.0,2.0,-19.40022077,-40.06233215,SPRF-ES,DEL04-ES,UOP01-DEL04-ES,2025-06-16 07:10:00,2025.0,6.0,7.0,manha,False,0,moderado,BR-101
698451.0,2025-06-16,segunda,07:00,ES,101.0,204.0,JOAO NEIVA,Acessar a via sem observar a presença dos outros veículos,Colisão transversal,Com Vítimas Feridas,Pleno dia,Crescente,Nublado,Simples,Retorno Regulamentado,Sim,2.0,0.0,1.0,0.0,1.0,0.0,1.0,2.0,-19.75567761,-40.37974477,SPRF-ES,DEL02-ES,UOP01-DEL02-ES,2025-06-16 07:00:00,2025.0,6.0,7.0,manha,False,0,moderado,BR-101
698507.0,2025-06-16,segunda,12:00,ES,101.0,296.0,CARIACICA,Ausência de reação do condutor,Queda de ocupante de veículo,Com Vítimas Feridas,Pleno dia,Crescente,Céu Claro,Dupla,Curva,Sim,1.0,0.0,1.0,0.0,0.0,0.0,1.0,1.0,-20.34305,-40.406438,SPRF-ES,DEL01-ES,UOP01-DEL01-ES,2025-06-16 12:00:00,2025.0,6.0,12.0,tarde,True,0,moderado,BR-101
698518.0,2025-06-16,segunda,07:00,ES,101.0,144.0,LINHARES,Acumulo de areia ou detritos sobre o pavimento,Tombamento,Com Vítimas Feridas,Pleno dia,Crescente,Nublado,Dupla,Reta,Sim,1.0,0.0,1.0,0.0,0.0,0.0,1.0,1.0,-19.35977376,-40.06420836,SPRF-ES,DEL04-ES,UOP01-DEL04-ES,2025-06-16 07:00:00,2025.0,6.0,7.0,manha,False,0,moderado,BR-101
698546.0,2025-06-16,segunda,15:30,ES,101.0,282.2,CARIACICA,Avarias e/ou desgaste excessivo no pneu,Queda de ocupante de veículo,Com Vítimas Feridas,Pleno dia,Decrescente,Nublado,Dupla,Reta,Sim,2.0,0.0,2.0,0.0,0.0,0.0,2.0,1.0,-20.22997223,-40.36681652,SPRF-ES,DEL01-ES,UOP01-DEL01-ES,2025-06-16 15:30:00,2025.0,6.0,15.0,tarde,True,0,moderado,BR-101
698577.0,2025-06-16,segunda,18:00,ES,101.0,269.4,SERRA,Acumulo de óleo sobre o pavimento,Queda de ocupante de veículo,Com Vítimas Feridas,Plena Noite,Crescente,Céu Claro,Dupla,Reta,Não,1.0,0.0,0.0,1.0,0.0,0.0,1.0,1.0,-20.0488644,-40.3866806,SPRF-ES,DEL02-ES,UOP01-DEL02-ES,2025-06-16 18:00:00,2025.0,6.0,18.0,noite,True,1,grave,BR-101
698580.0,2025-06-16,segunda,18:10,ES,101.0,285.0,CARIACICA,Pedestre cruzava a pista fora da faixa,Atropelamento de Pedestre,Com Vítimas Feridas,Plena Noite,Crescente,Céu Claro,Múltipla,Reta,Não,2.0,0.0,0.0,1.0,1.0,0.0,1.0,2.0,-20.253575,-40.373956,SPRF-ES,DEL01-ES,UOP01-DEL01-ES,2025-06-16 18:10:00,2025.0,6.0,18.0,noite,True,1,grave,BR-101
698591.0,2025-06-16,segunda,18:30,ES,101.0,270.0,SERRA,Ausência de reação do condutor,Colisão lateral mesmo sentido,Com Vítimas Feridas,Plena Noite,Decrescente,Céu Claro,Dupla,Reta,Sim,3.0,0.0,0.0,2.0,1.0,0.0,2.0,2.0,-20.22378325,-40.2703618,SPRF-ES,DEL02-ES,UOP01-DEL02-ES,2025-06-16 18:30:00,2025.0,6.0,18.0,noite,True,1,grave,BR-101
698601.0,2025-06-16,segunda,20:20,ES,101.0,296.0,CARIACICA,Animais na Pista,Atropelamento de Animal,Com Vítimas Feridas,Plena Noite,Crescente,Céu Claro,Dupla,Curva;Declive,Sim,1.0,0.0,1.0,0.0,0.0,0.0,1.0,1.0,-20.34234973,-40.40584028,SPRF-ES,DEL01-ES,UOP01-DEL01-ES,2025-06-16 20:20:00,2025.0,6.0,20.0,noite,True,0,moderado,BR-101
698628.0,2025-05-07,quarta,08:10,ES,101.0,18.9,CONCEICAO DA BARRA,Chuva,Tombamento,Com Vítimas Feridas,Pleno dia,Crescente,Chuva,Simples,Aclive;Reta,Não,1.0,0.0,0.0,1.0,0.0,0.0,1.0,1.0,-18.324455,-39.95810956,SPRF-ES,DEL04-ES,UOP02-DEL04-ES,2025-05-07 08:10:00,2025.0,5.0,8.0,manha,False,1,grave,BR-101
698671.0,2025-06-17,terca,08:30,ES,101.0,289.8,CARIACICA,Ausência de reação do condutor,Tombamento,Com Vítimas Feridas,Pleno dia,Decrescente,Céu Claro,Dupla,Reta,Sim,1.0,0.0,1.0,0.0,0.0,0.0,1.0,1.0,-20.2856396,-40.39245266,SPRF-ES,DEL01-ES,UOP01-DEL01-ES,2025-06-17 08:30:00,2025.0,6.0,8.0,manha,True,0,moderado,BR-101
698774.0,2025-06-17,terca,17:30,ES,101.0,135.8,LINHARES,Acessar a via sem observar a presença dos outros veículos,Colisão frontal,Com Vítimas Feridas,Anoitecer,Crescente,Céu Claro,Simples,Interseção de Vias,Sim,3.0,0.0,1.0,0.0,2.0,0.0,1.0,2.0,-19.23258,-40.14583,SPRF-ES,DEL04-ES,UOP01-DEL04-ES,2025-06-17 17:30:00,2025.0,6.0,17.0,tarde,False,0,moderado,BR-101
698784.0,2025-06-17,terca,18:33,ES,101.0,166.1,LINHARES,Transitar na contramão,Colisão frontal,Com Vítimas Feridas,Plena Noite,Decrescente,Céu Claro,Dupla,Reta,Sim,3.0,0.0,1.0,2.0,0.0,0.0,3.0,2.0,-19.52196492,-40.14682116,SPRF-ES,DEL04-ES,UOP01-DEL04-ES,2025-06-17 18:33:00,2025.0,6.0,18.0,noite,False,1,grave,BR-101
698803.0,2025-06-17,terca,19:10,ES,101.0,3.7,ICONHA,Velocidade Incompatível,Tombamento,Com Vítimas Feridas,Plena Noite,Decrescente,Nublado,Dupla,Reta,Não,1.0,0.0,0.0,1.0,0.0,0.0,1.0,1.0,-20.8095,-40.8016,SPRF-ES,DEL03-ES,UOP02-DEL03-ES,2025-06-17 19:10:00,2025.0,6.0,19.0,noite,False,1,grave,BR-101
698860.0,2025-06-18,quarta,06:30,ES,101.0,268.0,SERRA,Ausência de reação do condutor,Colisão traseira,Com Vítimas Feridas,Pleno dia,Crescente,Céu Claro,Múltipla,Reta,Sim,2.0,0.0,0.0,1.0,0.0,1.0,1.0,2.0,-20.21091801,-40.26978493,SPRF-ES,DEL02-ES,UOP01-DEL02-ES,2025-06-18 06:30:00,2025.0,6.0,6.0,manha,True,1,grave,BR-101
698940.0,2025-06-18,quarta,13:30,ES,101.0,29.5,PINHEIROS,Ausência de reação do condutor,Colisão traseira,Com Vítimas Feridas,Pleno dia,Crescente,Céu Claro,Simples,Declive;Reta,Não,4.0,0.0,1.0,3.0,0.0,0.0,4.0,1.0,-18.406237,-39.937727,SPRF-ES,DEL04-ES,UOP02-DEL04-ES,2025-06-18 13:30:00,2025.0,6.0,13.0,tarde,False,1,grave,BR-101
698977.0,2025-06-18,quarta,16:00,ES,101.0,239.9,SERRA,Falta de elemento de contenção que evite a saída do leito carroçável,Capotamento,Sem Vítimas,Pleno dia,Decrescente,Céu Claro,Simples,Reta,Não,1.0,0.0,0.0,0.0,0.0,1.0,0.0,1.0,-20.02819355,-40.39878845,SPRF-ES,DEL02-ES,UOP01-DEL02-ES,2025-06-18 16:00:00,2025.0,6.0,16.0,tarde,True,0,baixo,BR-101
698983.0,2025-06-18,quarta,18:00,ES,101.0,259.0,SERRA,Ausência de reação do condutor,Tombamento,Com Vítimas Feridas,Plena Noite,Decrescente,Céu Claro,Simples,Reta,Não,1.0,0.0,1.0,0.0,0.0,0.0,1.0,1.0,-20.13230003,-40.29399557,SPRF-ES,DEL02-ES,UOP01-DEL02-ES,2025-06-18 18:00:00,2025.0,6.0,18.0,noite,True,0,moderado,BR-101
699060.0,2025-06-18,quarta,22:40,ES,101.0,69.0,SAO MATEUS,Transitar na contramão,Colisão frontal,Com Vítimas Feridas,Plena Noite,Crescente,Céu Claro,Simples,Reta,Não,2.0,0.0,0.0,2.0,0.0,0.0,2.0,2.0,-18.742992,-39.861523,SPRF-ES,DEL04-ES,UOP02-DEL04-ES,2025-06-18 22:40:00,2025.0,6.0,22.0,noite,False,1,grave,BR-101
699124.0,2025-06-19,quinta,08:25,ES,101.0,292.0,CARIACICA,Acessar a via sem observar a presença dos outros veículos,Colisão com objeto,Sem Vítimas,Pleno dia,Decrescente,Céu Claro,Simples,Reta,Sim,2.0,0.0,0.0,0.0,1.0,1.0,0.0,2.0,-20.30675,-40.395132,SPRF-ES,DEL01-ES,UOP01-DEL01-ES,2025-06-19 08:25:00,2025.0,6.0,8.0,manha,True,0,baixo,BR-101
699196.0,2025-06-19,quinta,16:20,ES,101.0,299.9,VIANA,Condutor desrespeitou a iluminação vermelha do semáforo,Colisão transversal,Com Vítimas Feridas,Pleno dia,Crescente,Céu Claro,Múltipla,Declive;Reta,Sim,4.0,0.0,3.0,0.0,1.0,0.0,3.0,2.0,-20.3571773,-40.43008447,SPRF-ES,DEL01-ES,UOP01-DEL01-ES,2025-06-19 16:20:00,2025.0,6.0,16.0,tarde,True,0,moderado,BR-101
699216.0,2025-06-19,quinta,18:40,ES,259.0,52.0,COLATINA,Reação tardia ou ineficiente do condutor,Atropelamento de Pedestre,Com Vítimas Feridas,Plena Noite,Crescente,Céu Claro,Simples,Aclive,Não,2.0,0.0,0.0,2.0,0.0,0.0,2.0,2.0,-19.5020411,-40.6241007,SPRF-ES,DEL02-ES,UOP01-DEL02-ES,2025-06-19 18:40:00,2025.0,6.0,18.0,noite,False,1,grave,BR-259
699314.0,2025-06-20,sexta,08:30,ES,101.0,288.3,CARIACICA,Ausência de reação do condutor,Queda de ocupante de veículo,Com Vítimas Feridas,Pleno dia,Decrescente,Céu Claro,Dupla,Reta,Sim,1.0,0.0,1.0,0.0,0.0,0.0,1.0,1.0,-20.2728368,-40.39127214,SPRF-ES,DEL01-ES,UOP01-DEL01-ES,2025-06-20 08:30:00,2025.0,6.0,8.0,manha,True,0,moderado,BR-101
699329.0,2025-06-20,sexta,10:25,ES,101.0,360.9,ANCHIETA,Ausência de reação do condutor,Colisão com objeto,Com Vítimas Feridas,Pleno dia,Crescente,Sol,Simples,Declive;Curva,Não,4.0,0.0,2.0,0.0,2.0,0.0,2.0,1.0,-20.71017809,-40.72118998,SPRF-ES,DEL03-ES,UOP01-DEL03-ES,2025-06-20 10:25:00,2025.0,6.0,10.0,manha,False,0,moderado,BR-101
699339.0,2025-05-16,sexta,16:20,ES,259.0,100.5,BAIXO GUANDU,Demais falhas mecânicas ou elétricas,Eventos atípicos,Com Vítimas Feridas,Pleno dia,Crescente,Céu Claro,Simples,Reta,Sim,2.0,0.0,1.0,0.0,1.0,0.0,1.0,2.0,-19.52214163,-41.01194054,SPRF-ES,DEL02-ES,UOP01-DEL02-ES,2025-05-16 16:20:00,2025.0,5.0,16.0,tarde,False,0,moderado,BR-259
699361.0,2025-06-20,sexta,13:20,ES,101.0,146.0,LINHARES,Condutor deixou de manter distância do veículo da frente,Colisão lateral mesmo sentido,Com Vítimas Feridas,Pleno dia,Decrescente,Céu Claro,Dupla,Reta,Sim,3.0,0.0,2.0,0.0,1.0,0.0,2.0,2.0,-19.36897633,-40.06529117,SPRF-ES,DEL04-ES,UOP01-DEL04-ES,2025-06-20 13:20:00,2025.0,6.0,13.0,tarde,False,0,moderado,BR-101
699389.0,2025-06-20,sexta,15:36,ES,101.0,380.7,ICONHA,Transitar na contramão,Colisão frontal,Com Vítimas Fatais,Pleno dia,Decrescente,Céu Claro,Simples,Curva,Não,6.0,1.0,0.0,2.0,0.0,3.0,2.0,3.0,-20.80987854,-40.83665371,SPRF-ES,DEL03-ES,UOP01-DEL03-ES,2025-06-20 15:36:00,2025.0,6.0,15.0,tarde,False,1,fatal,BR-101
699411.0,2025-06-20,sexta,17:10,ES,101.0,300.1,VIANA,Reação tardia ou ineficiente do condutor,Colisão traseira,Com Vítimas Feridas,Anoitecer,Crescente,Céu Claro,Múltipla,Declive;Interseção de Vias,Sim,3.0,0.0,0.0,1.0,2.0,0.0,1.0,2.0,-20.35945765,-40.43340984,SPRF-ES,DEL01-ES,UOP01-DEL01-ES,2025-06-20 17:10:00,2025.0,6.0,17.0,tarde,True,1,grave,BR-101
699419.0,2025-06-20,sexta,18:50,ES,262.0,93.0,DOMINGOS MARTINS,Ausência de reação do condutor,Colisão traseira,Com Vítimas Feridas,Plena Noite,Crescente,Céu Claro,Simples,Reta,Não,4.0,0.0,1.0,0.0,3.0,0.0,1.0,3.0,-20.375707,-41.055392,SPRF-ES,DEL01-ES,UOP02-DEL01-ES,2025-06-20 18:50:00,2025.0,6.0,18.0,noite,False,0,moderado,BR-262
699420.0,2025-06-20,sexta,18:50,ES,101.0,33.0,CONCEICAO DA BARRA,Ausência de reação do condutor,Atropelamento de Pedestre,Com Vítimas Feridas,Plena Noite,Decrescente,Céu Claro,Simples,Reta,Não,2.0,0.0,1.0,0.0,0.0,1.0,1.0,2.0,-18.4439812,-39.93219882,SPRF-ES,DEL04-ES,UOP02-DEL04-ES,2025-06-20 18:50:00,2025.0,6.0,18.0,noite,False,0,moderado,BR-101
699442.0,2025-06-20,sexta,20:30,ES,101.0,122.1,LINHARES,Ausência de reação do condutor,Colisão traseira,Com Vítimas Fatais,Plena Noite,Crescente,Nevoeiro/Neblina,Simples,Reta,Não,2.0,1.0,0.0,0.0,1.0,0.0,0.0,2.0,-19.16110319,-40.08360528,SPRF-ES,DEL04-ES,UOP01-DEL04-ES,2025-06-20 20:30:00,2025.0,6.0,20.0,noite,False,1,fatal,BR-101
699549.0,2025-06-21,sabado,13:30,ES,101.0,73.0,SAO MATEUS,Conversão proibida,Colisão lateral mesmo sentido,Com Vítimas Feridas,Pleno dia,Crescente,Céu Claro,Simples,Reta,Não,2.0,0.0,1.0,0.0,1.0,0.0,1.0,2.0,-18.77893478,-39.87439983,SPRF-ES,DEL04-ES,UOP02-DEL04-ES,2025-06-21 13:30:00,2025.0,6.0,13.0,tarde,False,0,moderado,BR-101
699556.0,2025-06-21,sabado,13:00,ES,262.0,105.0,VENDA NOVA DO IMIGRANTE,Acessar a via sem observar a presença dos outros veículos,Colisão lateral mesmo sentido,Com Vítimas Feridas,Pleno dia,Crescente,Sol,Simples,Reta,Sim,2.0,0.0,1.0,0.0,0.0,1.0,1.0,2.0,-20.32705034,-41.13323855,SPRF-ES,DEL01-ES,UOP02-DEL01-ES,2025-06-21 13:00:00,2025.0,6.0,13.0,tarde,False,0,moderado,BR-262
699576.0,2025-06-21,sabado,16:18,ES,101.0,282.4,CARIACICA,Manobra de mudança de faixa,Queda de ocupante de veículo,Com Vítimas Feridas,Pleno dia,Crescente,Céu Claro,Dupla,Reta,Sim,2.0,0.0,1.0,0.0,1.0,0.0,1.0,2.0,-20.2304138,-40.3672913,SPRF-ES,DEL01-ES,UOP01-DEL01-ES,2025-06-21 16:18:00,2025.0,6.0,16.0,tarde,True,0,moderado,BR-101
699599.0,2025-06-09,segunda,08:00,ES,101.0,276.9,SERRA,Carga excessiva e/ou mal acondicionada,Derramamento de carga,Com Vítimas Feridas,Pleno dia,Decrescente,Sol,Dupla,Reta,Sim,3.0,0.0,1.0,0.0,1.0,1.0,1.0,3.0,-20.2128425,-40.3208445,SPRF-ES,DEL02-ES,UOP01-DEL02-ES,2025-06-09 08:00:00,2025.0,6.0,8.0,manha,True,0,moderado,BR-101
699604.0,2025-06-21,sabado,19:00,ES,262.0,112.0,VENDA NOVA DO IMIGRANTE,Demais falhas mecânicas ou elétricas,Incêndio,Sem Vítimas,Plena Noite,Crescente,Céu Claro,Simples,Curva,Não,1.0,0.0,0.0,0.0,0.0,1.0,0.0,1.0,-20.32997655,-41.20495168,SPRF-ES,DEL01-ES,UOP02-DEL01-ES,2025-06-21 19:00:00,2025.0,6.0,19.0,noite,False,0,baixo,BR-262
699608.0,2025-06-21,sabado,19:22,ES,101.0,223.0,IBIRACU,Transitar na contramão,Colisão lateral sentido oposto,Com Vítimas Feridas,Plena Noite,Crescente,Céu Claro,Simples,Curva,Não,2.0,0.0,0.0,1.0,1.0,0.0,1.0,2.0,-19.879549,-40.417088,SPRF-ES,DEL02-ES,UOP01-DEL02-ES,2025-06-21 19:22:00,2025.0,6.0,19.0,noite,False,1,grave,BR-101
699693.0,2025-06-22,domingo,06:00,ES,101.0,280.5,SERRA,Demais falhas mecânicas ou elétricas,Queda de ocupante de veículo,Com Vítimas Feridas,Amanhecer,Decrescente,Nublado,Dupla,Reta,Não,1.0,0.0,1.0,0.0,0.0,0.0,1.0,1.0,-20.04888867,-40.38648021,SPRF-ES,DEL02-ES,UOP01-DEL02-ES,2025-06-22 06:00:00,2025.0,6.0,6.0,manha,True,0,moderado,BR-101
699752.0,2025-06-22,domingo,13:30,ES,101.0,335.6,GUARAPARI,Reação tardia ou ineficiente do condutor,Colisão transversal,Com Vítimas Feridas,Pleno dia,Crescente,Céu Claro,Dupla,Curva,Não,3.0,0.0,1.0,0.0,2.0,0.0,1.0,2.0,-20.62791666,-40.53403166,SPRF-ES,DEL03-ES,UOP01-DEL03-ES,2025-06-22 13:30:00,2025.0,6.0,13.0,tarde,True,0,moderado,BR-101
699768.0,2025-06-22,domingo,14:30,ES,101.0,301.0,VIANA,Velocidade Incompatível,Capotamento,Com Vítimas Feridas,Pleno dia,Crescente,Céu Claro,Simples,Declive;Curva,Não,2.0,0.0,1.0,0.0,1.0,0.0,1.0,1.0,-20.36924731,-40.44430939,SPRF-ES,DEL01-ES,UOP01-DEL01-ES,2025-06-22 14:30:00,2025.0,6.0,14.0,tarde,True,0,moderado,BR-101
699819.0,2025-06-22,domingo,17:55,ES,101.0,240.6,SERRA,Entrada inopinada do pedestre,Atropelamento de Pedestre,Com Vítimas Fatais,Anoitecer,Crescente,Céu Claro,Dupla,Reta,Não,2.0,1.0,0.0,0.0,1.0,0.0,0.0,2.0,-20.03132299,-40.39736941,SPRF-ES,DEL02-ES,UOP01-DEL02-ES,2025-06-22 17:55:00,2025.0,6.0,17.0,tarde,True,1,fatal,BR-101
699823.0,2025-06-22,domingo,18:00,ES,101.0,89.5,SAO MATEUS,Pedestre cruzava a pista fora da faixa,Atropelamento de Pedestre,Com Vítimas Feridas,Plena Noite,Crescente,Céu Claro,Simples,Reta,Não,2.0,0.0,1.0,1.0,0.0,0.0,2.0,2.0,-18.894675,-39.954436,SPRF-ES,DEL04-ES,UOP02-DEL04-ES,2025-06-22 18:00:00,2025.0,6.0,18.0,noite,False,1,grave,BR-101
699904.0,2025-06-23,segunda,02:50,ES,101.0,42.0,CONCEICAO DA BARRA,Ausência de reação do condutor,Colisão traseira,Com Vítimas Feridas,Plena Noite,Crescente,Céu Claro,Simples,Reta,Não,3.0,0.0,1.0,0.0,2.0,0.0,1.0,2.0,-18.52550417,-39.91081651,SPRF-ES,DEL04-ES,UOP02-DEL04-ES,2025-06-23 02:50:00,2025.0,6.0,2.0,madrugada,False,0,moderado,BR-101
699935.0,2025-06-23,segunda,08:34,ES,101.0,284.6,CARIACICA,Afundamento ou ondulação no pavimento,Tombamento,Com Vítimas Feridas,Pleno dia,Decrescente,Céu Claro,Simples,Declive,Sim,2.0,0.0,1.0,1.0,0.0,0.0,2.0,1.0,-20.24802,-40.370447,SPRF-ES,DEL01-ES,UOP01-DEL01-ES,2025-06-23 08:34:00,2025.0,6.0,8.0,manha,True,1,grave,BR-101
699997.0,2025-06-23,segunda,13:00,ES,101.0,257.6,SERRA,Acessar a via sem observar a presença dos outros veículos,Colisão transversal,Com Vítimas Feridas,Pleno dia,Decrescente,Sol,Dupla,Rotatória,Sim,2.0,0.0,0.0,1.0,1.0,0.0,1.0,2.0,-20.12782145,-40.29941549,SPRF-ES,DEL02-ES,UOP01-DEL02-ES,2025-06-23 13:00:00,2025.0,6.0,13.0,tarde,True,1,grave,BR-101
700019.0,2025-06-23,segunda,14:40,ES,101.0,256.9,SERRA,Velocidade Incompatível,Colisão lateral mesmo sentido,Com Vítimas Feridas,Pleno dia,Crescente,Céu Claro,Múltipla,Reta;Declive,Sim,4.0,0.0,2.0,0.0,2.0,0.0,2.0,2.0,-20.12534476,-40.30265808,SPRF-ES,DEL02-ES,UOP01-DEL02-ES,2025-06-23 14:40:00,2025.0,6.0,14.0,tarde,True,0,moderado,BR-101
700043.0,2025-06-23,segunda,17:15,ES,101.0,270.6,SERRA,Acessar a via sem observar a presença dos outros veículos,Colisão transversal,Com Vítimas Feridas,Anoitecer,Crescente,Céu Claro,Múltipla,Reta,Sim,2.0,0.0,1.0,0.0,1.0,0.0,1.0,2.0,-20.230926,-40.27346,SPRF-ES,DEL02-ES,UOP01-DEL02-ES,2025-06-23 17:15:00,2025.0,6.0,17.0,tarde,True,0,moderado,BR-101
700098.0,2025-06-23,segunda,21:10,ES,101.0,270.2,SERRA,Condutor desrespeitou a iluminação vermelha do semáforo,Colisão transversal,Com Vítimas Feridas,Plena Noite,Crescente,Céu Claro,Múltipla,Reta,Não,2.0,0.0,1.0,0.0,1.0,0.0,1.0,2.0,-20.23091223,-40.2733469,SPRF-ES,DEL02-ES,UOP01-DEL02-ES,2025-06-23 21:10:00,2025.0,6.0,21.0,noite,True,0,moderado,BR-101
700111.0,2025-06-23,segunda,21:05,ES,101.0,161.7,LINHARES,Ultrapassagem Indevida,Colisão frontal,Com Vítimas Feridas,Plena Noite,Crescente,Céu Claro,Simples,Curva,Não,8.0,0.0,7.0,0.0,1.0,0.0,7.0,2.0,-19.48624173,-40.12292258,SPRF-ES,DEL04-ES,UOP01-DEL04-ES,2025-06-23 21:05:00,2025.0,6.0,21.0,noite,False,0,moderado,BR-101
700185.0,2025-03-21,sexta,06:30,ES,259.0,52.0,COLATINA,Ausência de reação do condutor,Colisão lateral mesmo sentido,Com Vítimas Feridas,Pleno dia,Crescente,Céu Claro,Simples,Reta,Não,2.0,0.0,1.0,0.0,1.0,0.0,1.0,2.0,-19.52315515,-40.70842624,SPRF-ES,DEL02-ES,UOP01-DEL02-ES,2025-03-21 06:30:00,2025.0,3.0,6.0,manha,False,0,moderado,BR-259
700236.0,2025-06-24,terca,14:10,ES,101.0,125.0,SOORETAMA,Reação tardia ou ineficiente do condutor,Colisão lateral mesmo sentido,Com Vítimas Feridas,Pleno dia,Crescente,Céu Claro,Múltipla,Reta,Não,2.0,0.0,0.0,1.0,1.0,0.0,1.0,2.0,-19.19293167,-40.09523667,SPRF-ES,DEL04-ES,UOP01-DEL04-ES,2025-06-24 14:10:00,2025.0,6.0,14.0,tarde,False,1,grave,BR-101
700248.0,2025-06-24,terca,14:50,ES,101.0,295.0,CARIACICA,Ausência de reação do condutor,Colisão lateral mesmo sentido,Com Vítimas Feridas,Pleno dia,Crescente,Sol,Dupla,Em Obras,Não,2.0,0.0,1.0,0.0,1.0,0.0,1.0,2.0,-20.3318546,-40.3999901,SPRF-ES,DEL01-ES,UOP01-DEL01-ES,2025-06-24 14:50:00,2025.0,6.0,14.0,tarde,True,0,moderado,BR-101
700269.0,2025-06-24,terca,16:30,ES,101.0,224.0,IBIRACU,Ausência de reação do condutor,Tombamento,Com Vítimas Feridas,Pleno dia,Decrescente,Céu Claro,Simples,Reta,Não,3.0,0.0,0.0,2.0,0.0,1.0,2.0,2.0,-19.8872865,-40.4145109,SPRF-ES,DEL02-ES,UOP01-DEL02-ES,2025-06-24 16:30:00,2025.0,6.0,16.0,tarde,False,1,grave,BR-101
700360.0,2025-06-25,quarta,06:50,ES,101.0,262.7,SERRA,Condutor deixou de manter distância do veículo da frente,Colisão traseira,Com Vítimas Feridas,Pleno dia,Decrescente,Céu Claro,Dupla,Reta,Não,3.0,0.0,2.0,0.0,0.0,1.0,2.0,3.0,-20.16054717,-40.27570583,SPRF-ES,DEL02-ES,UOP01-DEL02-ES,2025-06-25 06:50:00,2025.0,6.0,6.0,manha,True,0,moderado,BR-101
700371.0,2025-06-25,quarta,08:00,ES,262.0,46.6,MARECHAL FLORIANO,Conversão proibida,Colisão lateral mesmo sentido,Com Vítimas Feridas,Pleno dia,Decrescente,Céu Claro,Simples,Reta,Sim,3.0,0.0,1.0,0.0,2.0,0.0,1.0,2.0,-20.39964746,-40.67215769,SPRF-ES,DEL01-ES,UOP01-DEL01-ES,2025-06-25 08:00:00,2025.0,6.0,8.0,manha,False,0,moderado,BR-262
700399.0,2025-06-25,quarta,10:00,ES,101.0,269.3,SERRA,Manobra de mudança de faixa,Colisão lateral mesmo sentido,Com Vítimas Feridas,Pleno dia,Crescente,Nublado,Múltipla,Reta,Sim,2.0,0.0,1.0,0.0,1.0,0.0,1.0,2.0,-20.2205119,-40.2704562,SPRF-ES,DEL02-ES,UOP01-DEL02-ES,2025-06-25 10:00:00,2025.0,6.0,10.0,manha,True,0,moderado,BR-101
700460.0,2025-06-25,quarta,17:55,ES,101.0,283.1,CARIACICA,Manobra de mudança de faixa,Colisão lateral mesmo sentido,Com Vítimas Feridas,Anoitecer,Crescente,Nublado,Dupla,Reta,Sim,3.0,0.0,1.0,0.0,1.0,1.0,1.0,3.0,-20.23517757,-40.36965815,SPRF-ES,DEL01-ES,UOP01-DEL01-ES,2025-06-25 17:55:00,2025.0,6.0,17.0,tarde,True,0,moderado,BR-101
700522.0,2025-06-25,quarta,22:00,ES,101.0,17.9,SERRA,Condutor deixou de manter distância do veículo da frente,Colisão traseira,Com Vítimas Feridas,Plena Noite,Crescente,Céu Claro,Dupla,Reta,Não,3.0,0.0,1.0,0.0,1.0,1.0,1.0,2.0,-20.215975,-40.334882,SPRF-ES,DEL02-ES,UOP01-DEL02-ES,2025-06-25 22:00:00,2025.0,6.0,22.0,noite,True,0,moderado,BR-101
700558.0,2025-06-26,quinta,07:06,ES,101.0,335.0,GUARAPARI,Acumulo de areia ou detritos sobre o pavimento,Queda de ocupante de veículo,Com Vítimas Feridas,Pleno dia,Decrescente,Céu Claro,Simples,Curva,Sim,1.0,0.0,1.0,0.0,0.0,0.0,1.0,1.0,-20.62744994,-40.52738118,SPRF-ES,DEL03-ES,UOP01-DEL03-ES,2025-06-26 07:06:00,2025.0,6.0,7.0,manha,True,0,moderado,BR-101
700625.0,2025-06-26,quinta,13:15,ES,101.0,281.0,SERRA,Demais falhas mecânicas ou elétricas,Tombamento,Com Vítimas Feridas,Pleno dia,Crescente,Céu Claro,Simples,Reta,Não,2.0,0.0,2.0,0.0,0.0,0.0,2.0,1.0,-20.21891645,-40.35015663,SPRF-ES,DEL02-ES,UOP01-DEL02-ES,2025-06-26 13:15:00,2025.0,6.0,13.0,tarde,True,0,moderado,BR-101
700631.0,2025-06-26,quinta,12:26,ES,393.0,2.0,CACHOEIRO DE ITAPEMIRIM,Ausência de reação do condutor,Colisão traseira,Com Vítimas Feridas,Pleno dia,Decrescente,Céu Claro,Simples,Reta,Sim,3.0,0.0,1.0,0.0,0.0,2.0,1.0,2.0,-20.83260344,-41.17567884,SPRF-ES,DEL03-ES,UOP02-DEL03-ES,2025-06-26 12:26:00,2025.0,6.0,12.0,tarde,False,0,moderado,BR-393
700672.0,2025-06-26,quinta,15:00,ES,101.0,14.9,SERRA,Reação tardia ou ineficiente do condutor,Colisão traseira,Com Vítimas Feridas,Pleno dia,Crescente,Céu Claro,Dupla,Reta,Não,3.0,0.0,1.0,1.0,1.0,0.0,2.0,3.0,-20.210955,-40.334542,SPRF-ES,DEL02-ES,UOP01-DEL02-ES,2025-06-26 15:00:00,2025.0,6.0,15.0,tarde,True,1,grave,BR-101
700689.0,2025-06-26,quinta,17:45,ES,101.0,301.0,VIANA,Pedestre andava na pista,Atropelamento de Pedestre,Com Vítimas Feridas,Plena Noite,Decrescente,Céu Claro,Dupla,Reta,Sim,2.0,0.0,1.0,0.0,1.0,0.0,1.0,2.0,-20.3610942,-40.4361423,SPRF-ES,DEL01-ES,UOP01-DEL01-ES,2025-06-26 17:45:00,2025.0,6.0,17.0,tarde,True,0,moderado,BR-101
700696.0,2025-06-26,quinta,18:11,ES,101.0,146.0,LINHARES,Ausência de reação do condutor,Atropelamento de Pedestre,Com Vítimas Feridas,Amanhecer,Crescente,Céu Claro,Múltipla,Reta,Não,2.0,0.0,0.0,2.0,0.0,0.0,2.0,2.0,-19.38251089,-40.0667979,SPRF-ES,DEL04-ES,UOP01-DEL04-ES,2025-06-26 18:11:00,2025.0,6.0,18.0,noite,False,1,grave,BR-101
700698.0,2025-06-26,quinta,18:00,ES,101.0,298.0,VIANA,Objeto estático sobre o leito carroçável,Colisão com objeto,Com Vítimas Feridas,Pleno dia,Crescente,Céu Claro,Dupla,Reta;Viaduto,Sim,1.0,0.0,1.0,0.0,0.0,0.0,1.0,1.0,-20.3547459,-40.4168813,SPRF-ES,DEL01-ES,UOP01-DEL01-ES,2025-06-26 18:00:00,2025.0,6.0,18.0,noite,True,0,moderado,BR-101
700716.0,2025-06-26,quinta,19:34,ES,101.0,271.5,SERRA,Condutor desrespeitou a iluminação vermelha do semáforo,Colisão transversal,Com Vítimas Feridas,Plena Noite,Crescente,Céu Claro,Simples,Reta,Não,2.0,0.0,0.0,1.0,1.0,0.0,1.0,2.0,-20.22702858,-40.28503696,SPRF-ES,DEL02-ES,UOP01-DEL02-ES,2025-06-26 19:34:00,2025.0,6.0,19.0,noite,True,1,grave,BR-101
700725.0,2025-06-26,quinta,21:00,ES,101.0,262.2,SERRA,Reação tardia ou ineficiente do condutor,Colisão transversal,Com Vítimas Feridas,Plena Noite,Crescente,Céu Claro,Dupla,Reta,Não,5.0,0.0,1.0,0.0,4.0,0.0,1.0,2.0,-20.160828,-40.27547,SPRF-ES,DEL02-ES,UOP01-DEL02-ES,2025-06-26 21:00:00,2025.0,6.0,21.0,noite,True,0,moderado,BR-101
700780.0,2025-06-27,sexta,05:50,ES,101.0,298.0,VIANA,Animais na Pista,Atropelamento de Animal,Com Vítimas Feridas,Amanhecer,Decrescente,Nublado,Simples,Reta,Sim,2.0,0.0,0.0,2.0,0.0,0.0,2.0,1.0,-20.3554354,-40.4168915,SPRF-ES,DEL01-ES,UOP01-DEL01-ES,2025-06-27 05:50:00,2025.0,6.0,5.0,madrugada,True,1,grave,BR-101
700784.0,2025-06-27,sexta,05:30,ES,262.0,136.6,BREJETUBA,Reação tardia ou ineficiente do condutor,Saída de leito carroçável,Com Vítimas Feridas,Amanhecer,Decrescente,Nublado,Simples,Curva,Não,2.0,0.0,1.0,0.0,0.0,1.0,1.0,2.0,-20.234757,-41.340208,SPRF-ES,DEL01-ES,UOP02-DEL01-ES,2025-06-27 05:30:00,2025.0,6.0,5.0,madrugada,False,0,moderado,BR-262
700849.0,2025-06-27,sexta,07:55,ES,262.0,113.0,VENDA NOVA DO IMIGRANTE,Reação tardia ou ineficiente do condutor,Colisão com objeto,Com Vítimas Feridas,Pleno dia,Decrescente,Céu Claro,Simples,Declive;Curva,Não,1.0,0.0,1.0,0.0,0.0,0.0,1.0,1.0,-20.331795,-41.204607,SPRF-ES,DEL01-ES,UOP02-DEL01-ES,2025-06-27 07:55:00,2025.0,6.0,7.0,manha,False,0,moderado,BR-262
700855.0,2025-06-27,sexta,10:00,ES,101.0,61.0,SAO MATEUS,Condutor deixou de manter distância do veículo da frente,Colisão traseira,Com Vítimas Feridas,Pleno dia,Crescente,Céu Claro,Simples,Reta;Interseção de Vias,Sim,3.0,0.0,1.0,0.0,2.0,0.0,1.0,2.0,-18.682215,-39.863374,SPRF-ES,DEL04-ES,UOP02-DEL04-ES,2025-06-27 10:00:00,2025.0,6.0,10.0,manha,False,0,moderado,BR-101
700891.0,2025-05-30,sexta,12:10,ES,101.0,145.2,LINHARES,Ausência de reação do condutor,Colisão traseira,Com Vítimas Feridas,Pleno dia,Crescente,Céu Claro,Dupla,Reta,Não,2.0,0.0,1.0,0.0,0.0,1.0,1.0,2.0,-19.36208944,-40.06487435,SPRF-ES,DEL04-ES,UOP01-DEL04-ES,2025-05-30 12:10:00,2025.0,5.0,12.0,tarde,False,0,moderado,BR-101
700952.0,2025-06-27,sexta,19:50,ES,101.0,212.8,IBIRACU,Transitar na contramão,Colisão frontal,Com Vítimas Feridas,Plena Noite,Decrescente,Céu Claro,Simples,Reta,Sim,2.0,0.0,0.0,1.0,1.0,0.0,1.0,2.0,-19.8223709,-40.369911,SPRF-ES,DEL02-ES,UOP01-DEL02-ES,2025-06-27 19:50:00,2025.0,6.0,19.0,noite,False,1,grave,BR-101
700963.0,2025-06-27,sexta,19:40,ES,101.0,353.5,ANCHIETA,Entrada inopinada do pedestre,Atropelamento de Pedestre,Com Vítimas Fatais,Plena Noite,Decrescente,Céu Claro,Dupla,Reta,Não,6.0,1.0,0.0,0.0,5.0,0.0,0.0,2.0,-20.681867,-40.667871,SPRF-ES,DEL03-ES,UOP01-DEL03-ES,2025-06-27 19:40:00,2025.0,6.0,19.0,noite,False,1,fatal,BR-101
701042.0,2025-06-28,sabado,06:00,ES,101.0,267.0,SERRA,Manobra de mudança de faixa,Colisão lateral mesmo sentido,Com Vítimas Feridas,Pleno dia,Crescente,Sol,Múltipla,Reta,Sim,3.0,0.0,2.0,0.0,0.0,1.0,2.0,2.0,-20.2050693,-40.26933342,SPRF-ES,DEL02-ES,UOP01-DEL02-ES,2025-06-28 06:00:00,2025.0,6.0,6.0,manha,True,0,moderado,BR-101
701080.0,2025-06-28,sabado,11:56,ES,101.0,266.0,SERRA,Ausência de reação do condutor,Queda de ocupante de veículo,Com Vítimas Feridas,Pleno dia,Crescente,Sol,Dupla,Reta,Sim,1.0,0.0,0.0,1.0,0.0,0.0,1.0,1.0,-20.1932524,-40.2682186,SPRF-ES,DEL02-ES,UOP01-DEL02-ES,2025-06-28 11:56:00,2025.0,6.0,11.0,manha,True,1,grave,BR-101
701084.0,2025-06-28,sabado,12:55,ES,101.0,194.8,ARACRUZ,Reação tardia ou ineficiente do condutor,Tombamento,Com Vítimas Feridas,Pleno dia,Crescente,Céu Claro,Simples,Reta,Não,2.0,0.0,0.0,1.0,0.0,1.0,1.0,1.0,-19.70190532,-40.32074557,SPRF-ES,DEL04-ES,UOP01-DEL04-ES,2025-06-28 12:55:00,2025.0,6.0,12.0,tarde,False,1,grave,BR-101
701155.0,2025-06-28,sabado,19:07,ES,101.0,256.0,SERRA,Acessar a via sem observar a presença dos outros veículos,Atropelamento de Pedestre,Com Vítimas Feridas,Plena Noite,Crescente,Céu Claro,Simples,Reta,Sim,3.0,0.0,2.0,0.0,1.0,0.0,2.0,2.0,-20.0488693,-40.3866778,SPRF-ES,DEL02-ES,UOP01-DEL02-ES,2025-06-28 19:07:00,2025.0,6.0,19.0,noite,True,0,moderado,BR-101
701165.0,2025-06-28,sabado,19:20,ES,101.0,262.0,SERRA,Acessar a via sem observar a presença dos outros veículos,Colisão traseira,Sem Vítimas,Plena Noite,Decrescente,Céu Claro,Dupla,Reta,Não,2.0,0.0,0.0,0.0,2.0,0.0,0.0,2.0,-20.160472,-40.275685,SPRF-ES,DEL02-ES,UOP01-DEL02-ES,2025-06-28 19:20:00,2025.0,6.0,19.0,noite,True,0,baixo,BR-101
701212.0,2025-06-28,sabado,22:00,ES,101.0,62.0,SAO MATEUS,Ingestão de álcool pelo condutor,Colisão lateral mesmo sentido,Com Vítimas Feridas,Plena Noite,Crescente,Nublado,Dupla,Reta;Aclive,Não,2.0,0.0,2.0,0.0,0.0,0.0,2.0,2.0,-18.69209541,-39.86270841,SPRF-ES,DEL04-ES,UOP02-DEL04-ES,2025-06-28 22:00:00,2025.0,6.0,22.0,noite,False,0,moderado,BR-101
701220.0,2025-06-29,domingo,00:10,ES,101.0,258.5,SERRA,Condutor deixou de manter distância do veículo da frente,Colisão traseira,Com Vítimas Feridas,Plena Noite,Decrescente,Céu Claro,Dupla,Reta,Sim,3.0,0.0,2.0,0.0,0.0,1.0,2.0,2.0,-20.13689998,-40.29217511,SPRF-ES,DEL02-ES,UOP01-DEL02-ES,2025-06-29 00:10:00,2025.0,6.0,0.0,madrugada,True,0,moderado,BR-101
701249.0,2025-06-29,domingo,04:38,ES,101.0,233.0,FUNDAO,Condutor deixou de manter distância do veículo da frente,Colisão traseira,Com Vítimas Feridas,Plena Noite,Decrescente,Nublado,Simples,Reta,Não,4.0,0.0,2.0,0.0,0.0,2.0,2.0,2.0,-19.96177,-40.40434,SPRF-ES,DEL02-ES,UOP01-DEL02-ES,2025-06-29 04:38:00,2025.0,6.0,4.0,madrugada,True,0,moderado,BR-101
701292.0,2025-06-29,domingo,09:30,ES,101.0,266.1,SERRA,Condutor desrespeitou a iluminação vermelha do semáforo,Colisão transversal,Com Vítimas Feridas,Pleno dia,Crescente,Sol,Dupla,Retorno Regulamentado,Sim,3.0,0.0,1.0,0.0,2.0,0.0,1.0,2.0,-20.2244,-40.273,SPRF-ES,DEL02-ES,UOP01-DEL02-ES,2025-06-29 09:30:00,2025.0,6.0,9.0,manha,True,0,moderado,BR-101
701330.0,2025-06-29,domingo,14:35,ES,101.0,292.0,CARIACICA,Ingestão de álcool pelo condutor,Colisão traseira,Com Vítimas Feridas,Pleno dia,Crescente,Sol,Dupla,Declive;Reta,Sim,2.0,0.0,1.0,0.0,1.0,0.0,1.0,2.0,-20.306112,-40.395107,SPRF-ES,DEL01-ES,UOP01-DEL01-ES,2025-06-29 14:35:00,2025.0,6.0,14.0,tarde,True,0,moderado,BR-101
701337.0,2025-06-29,domingo,14:30,ES,101.0,77.9,SAO MATEUS,Acessar a via sem observar a presença dos outros veículos,Colisão lateral sentido oposto,Com Vítimas Feridas,Pleno dia,Decrescente,Céu Claro,Simples,Reta,Não,4.0,0.0,1.0,1.0,2.0,0.0,2.0,2.0,-18.806228,-39.895135,SPRF-ES,DEL04-ES,UOP02-DEL04-ES,2025-06-29 14:30:00,2025.0,6.0,14.0,tarde,False,1,grave,BR-101
701357.0,2025-06-29,domingo,17:00,ES,101.0,266.0,SERRA,Ausência de reação do condutor,Colisão traseira,Com Vítimas Feridas,Pleno dia,Decrescente,Céu Claro,Múltipla,Reta,Não,2.0,0.0,1.0,0.0,1.0,0.0,1.0,2.0,-20.19649061,-40.26859313,SPRF-ES,DEL02-ES,UOP01-DEL02-ES,2025-06-29 17:00:00,2025.0,6.0,17.0,tarde,True,0,moderado,BR-101
701388.0,2025-06-29,domingo,18:55,ES,101.0,264.9,SERRA,Condutor desrespeitou a iluminação vermelha do semáforo,Atropelamento de Pedestre,Com Vítimas Feridas,Plena Noite,Crescente,Céu Claro,Múltipla,Reta,Sim,2.0,0.0,1.0,0.0,1.0,0.0,1.0,2.0,-20.1822104,-40.2656856,SPRF-ES,DEL02-ES,UOP01-DEL02-ES,2025-06-29 18:55:00,2025.0,6.0,18.0,noite,True,0,moderado,BR-101
701391.0,2025-06-29,domingo,19:00,ES,101.0,267.9,SERRA,Ausência de reação do condutor,Colisão traseira,Com Vítimas Feridas,Plena Noite,Crescente,Céu Claro,Dupla,Reta,Não,2.0,0.0,1.0,0.0,0.0,1.0,1.0,2.0,-20.205374,-40.269542,SPRF-ES,DEL02-ES,UOP01-DEL02-ES,2025-06-29 19:00:00,2025.0,6.0,19.0,noite,True,0,moderado,BR-101
701394.0,2025-06-29,domingo,18:00,ES,101.0,305.7,VIANA,Ausência de reação do condutor,Atropelamento de Pedestre,Com Vítimas Feridas,Plena Noite,Decrescente,Céu Claro,Dupla,Reta,Não,2.0,0.0,0.0,1.0,0.0,1.0,1.0,2.0,-20.39097441,-40.46310425,SPRF-ES,DEL01-ES,UOP01-DEL01-ES,2025-06-29 18:00:00,2025.0,6.0,18.0,noite,True,1,grave,BR-101
701402.0,2025-06-29,domingo,20:10,ES,101.0,269.1,SERRA,Ausência de reação do condutor,Colisão traseira,Com Vítimas Feridas,Plena Noite,Crescente,Céu Claro,Dupla,Interseção de Vias,Sim,2.0,0.0,1.0,0.0,1.0,0.0,1.0,2.0,-20.04887489,-40.38651095,SPRF-ES,DEL02-ES,UOP01-DEL02-ES,2025-06-29 20:10:00,2025.0,6.0,20.0,noite,True,0,moderado,BR-101
701483.0,2025-06-30,segunda,06:30,ES,101.0,214.0,IBIRACU,Acessar a via sem observar a presença dos outros veículos,Colisão transversal,Com Vítimas Feridas,Pleno dia,Decrescente,Sol,Simples,Interseção de Vias;Retorno Regulamentado,Sim,2.0,0.0,2.0,0.0,0.0,0.0,2.0,2.0,-19.82988037,-40.37313491,SPRF-ES,DEL02-ES,UOP01-DEL02-ES,2025-06-30 06:30:00,2025.0,6.0,6.0,manha,False,0,moderado,BR-101
701492.0,2025-06-30,segunda,06:48,ES,259.0,58.4,COLATINA,Demais Fenômenos da natureza,Colisão traseira,Com Vítimas Feridas,Pleno dia,Decrescente,Sol,Simples,Aclive;Reta,Sim,4.0,0.0,2.0,2.0,0.0,0.0,4.0,2.0,-19.52172911,-40.66671904,SPRF-ES,DEL02-ES,UOP01-DEL02-ES,2025-06-30 06:48:00,2025.0,6.0,6.0,manha,False,1,grave,BR-259
701495.0,2025-06-30,segunda,06:50,ES,259.0,57.7,COLATINA,Condutor deixou de manter distância do veículo da frente,Colisão traseira,Com Vítimas Feridas,Pleno dia,Decrescente,Céu Claro,Simples,Reta,Sim,4.0,0.0,3.0,0.0,1.0,0.0,3.0,2.0,-19.53139959,-40.68211555,SPRF-ES,DEL02-ES,UOP01-DEL02-ES,2025-06-30 06:50:00,2025.0,6.0,6.0,manha,False,0,moderado,BR-259
701509.0,2025-06-30,segunda,07:47,ES,101.0,262.0,SERRA,Condutor desrespeitou a iluminação vermelha do semáforo,Colisão transversal,Com Vítimas Feridas,Pleno dia,Crescente,Céu Claro,Dupla,Reta;Retorno Regulamentado,Sim,2.0,0.0,0.0,1.0,1.0,0.0,1.0,2.0,-20.15941505,-40.27609197,SPRF-ES,DEL02-ES,UOP01-DEL02-ES,2025-06-30 07:47:00,2025.0,6.0,7.0,manha,True,1,grave,BR-101
701516.0,2025-06-30,segunda,08:00,ES,101.0,298.0,VIANA,Condutor deixou de manter distância do veículo da frente,Colisão traseira,Com Vítimas Feridas,Pleno dia,Crescente,Céu Claro,Dupla,Reta,Não,2.0,0.0,0.0,1.0,1.0,0.0,1.0,2.0,-20.35785519,-40.42080657,SPRF-ES,DEL01-ES,UOP01-DEL01-ES,2025-06-30 08:00:00,2025.0,6.0,8.0,manha,True,1,grave,BR-101
701533.0,2025-06-30,segunda,10:38,ES,101.0,148.0,LINHARES,Acessar a via sem observar a presença dos outros veículos,Colisão transversal,Com Vítimas Feridas,Pleno dia,Decrescente,Céu Claro,Simples,Reta,Sim,2.0,0.0,0.0,1.0,1.0,0.0,1.0,2.0,-19.387981,-40.067323,SPRF-ES,DEL04-ES,UOP01-DEL04-ES,2025-06-30 10:38:00,2025.0,6.0,10.0,manha,False,1,grave,BR-101
701551.0,2025-06-30,segunda,10:30,ES,101.0,296.0,CARIACICA,Ingestão de álcool pelo condutor,Colisão com objeto,Com Vítimas Feridas,Pleno dia,Crescente,Céu Claro,Dupla,Declive;Curva,Não,1.0,0.0,1.0,0.0,0.0,0.0,1.0,1.0,-20.34255516,-40.4051532,SPRF-ES,DEL01-ES,UOP01-DEL01-ES,2025-06-30 10:30:00,2025.0,6.0,10.0,manha,True,0,moderado,BR-101
701562.0,2025-06-30,segunda,13:10,ES,0.0,0.0,CARIACICA,Reação tardia ou ineficiente do condutor,Colisão transversal,Sem Vítimas,Pleno dia,Não Informado,Sol,Dupla,Reta,Sim,2.0,0.0,0.0,0.0,1.0,1.0,0.0,2.0,-20.33532091,-40.37543631,SPRF-ES,DEL01-ES,UOP01-DEL01-ES,2025-06-30 13:10:00,2025.0,6.0,13.0,tarde,True,0,baixo,BR-0
701588.0,2025-06-30,segunda,14:50,ES,393.0,0.8,CACHOEIRO DE ITAPEMIRIM,Acessar a via sem observar a presença dos outros veículos,Colisão transversal,Com Vítimas Feridas,Pleno dia,Crescente,Sol,Simples,Reta;Interseção de Vias,Sim,3.0,0.0,2.0,0.0,0.0,1.0,2.0,2.0,-20.83784367,-41.16575036,SPRF-ES,DEL03-ES,UOP02-DEL03-ES,2025-06-30 14:50:00,2025.0,6.0,14.0,tarde,False,0,moderado,BR-393
701612.0,2025-06-30,segunda,17:20,ES,101.0,288.3,CARIACICA,Ausência de reação do condutor,Colisão lateral mesmo sentido,Com Vítimas Feridas,Pleno dia,Crescente,Nublado,Dupla,Reta,Não,2.0,0.0,0.0,1.0,1.0,0.0,1.0,2.0,-20.27616,-40.391613,SPRF-ES,DEL01-ES,UOP01-DEL01-ES,2025-06-30 17:20:00,2025.0,6.0,17.0,tarde,True,1,grave,BR-101
701706.0,2025-07-01,terca,05:15,ES,101.0,52.0,CONCEICAO DA BARRA,Neblina,Colisão traseira,Com Vítimas Feridas,Amanhecer,Decrescente,Céu Claro,Simples,Declive;Reta,Não,2.0,0.0,1.0,0.0,1.0,0.0,1.0,2.0,-18.60154709,-39.8875688,SPRF-ES,DEL04-ES,UOP02-DEL04-ES,2025-07-01 05:15:00,2025.0,7.0,5.0,madrugada,False,0,moderado,BR-101
701724.0,2025-07-01,terca,07:09,ES,101.0,295.2,CARIACICA,Manobra de mudança de faixa,Colisão lateral mesmo sentido,Com Vítimas Feridas,Pleno dia,Decrescente,Céu Claro,Múltipla,Reta;Declive,Sim,2.0,0.0,1.0,0.0,1.0,0.0,1.0,2.0,-20.335002,-40.400952,SPRF-ES,DEL01-ES,UOP01-DEL01-ES,2025-07-01 07:09:00,2025.0,7.0,7.0,manha,True,0,moderado,BR-101
701726.0,2025-07-01,terca,07:07,ES,101.0,270.2,SERRA,Ausência de reação do condutor,Colisão com objeto,Com Vítimas Feridas,Pleno dia,Decrescente,Céu Claro,Dupla,Reta,Sim,3.0,0.0,1.0,0.0,1.0,1.0,1.0,3.0,-20.228948,-40.272239,SPRF-ES,DEL02-ES,UOP01-DEL02-ES,2025-07-01 07:07:00,2025.0,7.0,7.0,manha,True,0,moderado,BR-101
701769.0,2025-07-01,terca,11:00,ES,101.0,143.0,LINHARES,Transitar na contramão,Colisão transversal,Com Vítimas Feridas,Pleno dia,Crescente,Céu Claro,Simples,Retorno Regulamentado,Sim,2.0,0.0,1.0,0.0,1.0,0.0,1.0,2.0,-19.33299713,-40.06835103,SPRF-ES,DEL04-ES,UOP01-DEL04-ES,2025-07-01 11:00:00,2025.0,7.0,11.0,manha,False,0,moderado,BR-101
701802.0,2025-07-01,terca,12:20,ES,262.0,166.3,IBATIBA,Desrespeitar a preferência no cruzamento,Colisão transversal,Com Vítimas Feridas,Pleno dia,Crescente,Céu Claro,Simples,Curva;Rotatória,Não,2.0,0.0,0.0,1.0,1.0,0.0,1.0,2.0,-20.251455,-41.563513,SPRF-ES,DEL01-ES,UOP02-DEL01-ES,2025-07-01 12:20:00,2025.0,7.0,12.0,tarde,False,1,grave,BR-262
701812.0,2025-07-01,terca,15:40,ES,101.0,58.6,COLATINA,Conversão proibida,Colisão transversal,Com Vítimas Feridas,Pleno dia,Crescente,Céu Claro,Simples,Declive,Não,2.0,0.0,1.0,0.0,1.0,0.0,1.0,2.0,-19.5225136,-40.6684762,SPRF-ES,DEL04-ES,UOP02-DEL04-ES,2025-07-01 15:40:00,2025.0,7.0,15.0,tarde,False,0,moderado,BR-101
701845.0,2025-07-01,terca,18:40,ES,101.0,53.1,CONCEICAO DA BARRA,Deficiência do Sistema de Iluminação/Sinalização,Colisão lateral mesmo sentido,Com Vítimas Fatais,Anoitecer,Crescente,Céu Claro,Simples,Reta,Não,2.0,1.0,0.0,0.0,0.0,1.0,0.0,2.0,-18.61385926,-39.88375604,SPRF-ES,DEL04-ES,UOP02-DEL04-ES,2025-07-01 18:40:00,2025.0,7.0,18.0,noite,False,1,fatal,BR-101
701895.0,2025-07-02,quarta,04:50,ES,262.0,172.0,IBATIBA,Reação tardia ou ineficiente do condutor,Capotamento,Com Vítimas Feridas,Plena Noite,Decrescente,Céu Claro,Simples,Curva,Não,1.0,0.0,1.0,0.0,0.0,0.0,1.0,1.0,-20.268595,-41.6058003,SPRF-ES,DEL01-ES,UOP02-DEL01-ES,2025-07-02 04:50:00,2025.0,7.0,4.0,madrugada,False,0,moderado,BR-262
701921.0,2025-07-02,quarta,07:40,ES,259.0,8.0,JOAO NEIVA,Ausência de reação do condutor,Saída de leito carroçável,Com Vítimas Feridas,Pleno dia,Crescente,Céu Claro,Simples,Reta,Não,1.0,0.0,1.0,0.0,0.0,0.0,1.0,1.0,-19.65782861,-40.4287827,SPRF-ES,DEL02-ES,UOP01-DEL02-ES,2025-07-02 07:40:00,2025.0,7.0,7.0,manha,False,0,moderado,BR-259
701923.0,2025-07-02,quarta,08:10,ES,101.0,265.9,SERRA,Reação tardia ou ineficiente do condutor,Colisão lateral mesmo sentido,Com Vítimas Feridas,Pleno dia,Crescente,Céu Claro,Dupla,Reta,Sim,3.0,0.0,1.0,0.0,2.0,0.0,1.0,2.0,-20.054016,-40.3767296,SPRF-ES,DEL02-ES,UOP01-DEL02-ES,2025-07-02 08:10:00,2025.0,7.0,8.0,manha,True,0,moderado,BR-101
702033.0,2025-07-02,quarta,17:40,ES,101.0,160.0,LINHARES,Acessar a via sem observar a presença dos outros veículos,Colisão transversal,Com Vítimas Feridas,Anoitecer,Crescente,Céu Claro,Simples,Reta,Não,2.0,0.0,1.0,0.0,0.0,1.0,1.0,2.0,-19.47681975,-40.11409963,SPRF-ES,DEL04-ES,UOP01-DEL04-ES,2025-07-02 17:40:00,2025.0,7.0,17.0,tarde,False,0,moderado,BR-101
702064.0,2025-07-02,quarta,21:00,ES,101.0,297.8,VIANA,Demais falhas mecânicas ou elétricas,Queda de ocupante de veículo,Com Vítimas Feridas,Plena Noite,Crescente,Ignorado,Dupla,Reta,Sim,1.0,0.0,1.0,0.0,0.0,0.0,1.0,1.0,-20.3508415,-40.414221,SPRF-ES,DEL01-ES,UOP01-DEL01-ES,2025-07-02 21:00:00,2025.0,7.0,21.0,noite,True,0,moderado,BR-101
702078.0,2025-06-16,segunda,06:30,ES,101.0,267.0,SERRA,Conversão proibida,Colisão lateral mesmo sentido,Com Vítimas Feridas,Amanhecer,Crescente,Céu Claro,Dupla,Reta,Sim,2.0,0.0,1.0,0.0,1.0,0.0,1.0,2.0,-20.2130726,-40.26987076,SPRF-ES,DEL02-ES,UOP01-DEL02-ES,2025-06-16 06:30:00,2025.0,6.0,6.0,manha,True,0,moderado,BR-101
702125.0,2025-07-03,quinta,07:15,ES,101.0,263.1,SERRA,Condutor deixou de manter distância do veículo da frente,Colisão traseira,Com Vítimas Feridas,Pleno dia,Crescente,Chuva,Dupla,Reta,Sim,2.0,0.0,1.0,0.0,1.0,0.0,1.0,2.0,-20.16703657,-40.27190745,SPRF-ES,DEL02-ES,UOP01-DEL02-ES,2025-07-03 07:15:00,2025.0,7.0,7.0,manha,True,0,moderado,BR-101
702143.0,2025-06-22,domingo,09:45,ES,262.0,77.8,DOMINGOS MARTINS,Velocidade Incompatível,Queda de ocupante de veículo,Com Vítimas Feridas,Pleno dia,Decrescente,Céu Claro,Simples,Curva,Não,1.0,0.0,1.0,0.0,0.0,0.0,1.0,1.0,-20.41060352,-40.92012405,SPRF-ES,DEL01-ES,UOP02-DEL01-ES,2025-06-22 09:45:00,2025.0,6.0,9.0,manha,False,0,moderado,BR-262
702168.0,2025-07-03,quinta,12:30,ES,101.0,255.9,SERRA,Chuva,Saída de leito carroçável,Sem Vítimas,Pleno dia,Crescente,Chuva,Simples,Reta,Sim,1.0,0.0,0.0,0.0,1.0,0.0,0.0,1.0,-20.1198544,-40.3096446,SPRF-ES,DEL02-ES,UOP01-DEL02-ES,2025-07-03 12:30:00,2025.0,7.0,12.0,tarde,True,0,baixo,BR-101
702179.0,2025-06-17,terca,12:22,ES,101.0,97.3,JAGUARE,Acessar a via sem observar a presença dos outros veículos,Colisão transversal,Com Vítimas Feridas,Pleno dia,Decrescente,Céu Claro,Simples,Reta,Não,2.0,0.0,1.0,0.0,1.0,0.0,1.0,2.0,-18.92311031,-39.96764374,SPRF-ES,DEL04-ES,UOP02-DEL04-ES,2025-06-17 12:22:00,2025.0,6.0,12.0,tarde,False,0,moderado,BR-101
702253.0,2025-06-09,segunda,15:05,ES,262.0,44.0,MARECHAL FLORIANO,Velocidade Incompatível,Saída de leito carroçável,Com Vítimas Feridas,Pleno dia,Decrescente,Nublado,Simples,Reta,Não,2.0,0.0,0.0,2.0,0.0,0.0,2.0,1.0,-20.388655,-40.668755,SPRF-ES,DEL01-ES,UOP01-DEL01-ES,2025-06-09 15:05:00,2025.0,6.0,15.0,tarde,False,1,grave,BR-262
702346.0,2025-07-04,sexta,09:00,ES,101.0,393.0,RIO NOVO DO SUL,Acessar a via sem observar a presença dos outros veículos,Atropelamento de Pedestre,Com Vítimas Feridas,Pleno dia,Decrescente,Nublado,Simples,Reta,Não,2.0,0.0,1.0,0.0,1.0,0.0,1.0,2.0,-20.86697748,-40.90376794,SPRF-ES,DEL03-ES,UOP02-DEL03-ES,2025-07-04 09:00:00,2025.0,7.0,9.0,manha,False,0,moderado,BR-101
702406.0,2025-07-04,sexta,11:50,ES,259.0,61.9,COLATINA,Acesso irregular,Queda de ocupante de veículo,Com Vítimas Feridas,Pleno dia,Crescente,Nublado,Simples,Reta,Sim,2.0,0.0,2.0,0.0,0.0,0.0,2.0,1.0,-19.53007358,-40.69202758,SPRF-ES,DEL02-ES,UOP01-DEL02-ES,2025-07-04 11:50:00,2025.0,7.0,11.0,manha,False,0,moderado,BR-259
702435.0,2025-07-04,sexta,16:00,ES,101.0,256.0,SERRA,Transitar no Acostamento,Queda de ocupante de veículo,Com Vítimas Feridas,Pleno dia,Decrescente,Céu Claro,Simples,Reta,Sim,1.0,0.0,1.0,0.0,0.0,0.0,1.0,1.0,-20.04886866,-40.38653706,SPRF-ES,DEL02-ES,UOP01-DEL02-ES,2025-07-04 16:00:00,2025.0,7.0,16.0,tarde,True,0,moderado,BR-101
702454.0,2025-07-04,sexta,17:30,ES,262.0,93.0,DOMINGOS MARTINS,Desrespeitar a preferência no cruzamento,Colisão transversal,Com Vítimas Feridas,Anoitecer,Crescente,Céu Claro,Simples,Reta,Sim,4.0,0.0,2.0,2.0,0.0,0.0,4.0,2.0,-20.37668185,-41.05403829,SPRF-ES,DEL01-ES,UOP02-DEL01-ES,2025-07-04 17:30:00,2025.0,7.0,17.0,tarde,False,1,grave,BR-262
702488.0,2025-07-04,sexta,19:50,ES,101.0,92.0,JAGUARE,Ultrapassagem Indevida,Colisão frontal,Com Vítimas Feridas,Plena Noite,Crescente,Céu Claro,Simples,Reta,Não,4.0,0.0,0.0,1.0,3.0,0.0,1.0,3.0,-18.919268,-39.966487,SPRF-ES,DEL04-ES,UOP02-DEL04-ES,2025-07-04 19:50:00,2025.0,7.0,19.0,noite,False,1,grave,BR-101
702497.0,2025-07-04,sexta,20:20,ES,101.0,179.0,ARACRUZ,Reação tardia ou ineficiente do condutor,Tombamento,Com Vítimas Feridas,Plena Noite,Crescente,Céu Claro,Simples,Reta,Não,1.0,0.0,1.0,0.0,0.0,0.0,1.0,1.0,-19.61908732,-40.21724431,SPRF-ES,DEL04-ES,UOP01-DEL04-ES,2025-07-04 20:20:00,2025.0,7.0,20.0,noite,False,0,moderado,BR-101
702532.0,2025-07-04,sexta,23:21,ES,262.0,45.0,MARECHAL FLORIANO,Pedestre andava na pista,Atropelamento de Pedestre,Com Vítimas Feridas,Plena Noite,Decrescente,Nublado,Simples,Reta,Sim,2.0,0.0,1.0,0.0,1.0,0.0,1.0,2.0,-20.3993654,-40.6711489,SPRF-ES,DEL01-ES,UOP01-DEL01-ES,2025-07-04 23:21:00,2025.0,7.0,23.0,noite,False,0,moderado,BR-262
702569.0,2025-07-05,sabado,02:40,ES,101.0,88.0,SAO MATEUS,Condutor deixou de manter distância do veículo da frente,Colisão traseira,Sem Vítimas,Plena Noite,Decrescente,Nublado,Simples,Reta,Não,2.0,0.0,0.0,0.0,2.0,0.0,0.0,2.0,-18.884891,-39.949695,SPRF-ES,DEL04-ES,UOP02-DEL04-ES,2025-07-05 02:40:00,2025.0,7.0,2.0,madrugada,False,0,baixo,BR-101
702635.0,2025-07-05,sabado,10:30,ES,101.0,265.8,SERRA,Ausência de reação do condutor,Colisão traseira,Com Vítimas Feridas,Pleno dia,Decrescente,Céu Claro,Dupla,Reta,Sim,2.0,0.0,1.0,0.0,1.0,0.0,1.0,2.0,-20.18824,-40.268035,SPRF-ES,DEL02-ES,UOP01-DEL02-ES,2025-07-05 10:30:00,2025.0,7.0,10.0,manha,True,0,moderado,BR-101
702674.0,2025-07-05,sabado,13:45,ES,101.0,116.0,LINHARES,Acessar a via sem observar a presença dos outros veículos,Colisão transversal,Com Vítimas Feridas,Pleno dia,Decrescente,Céu Claro,Simples,Interseção de Vias,Não,3.0,0.0,1.0,0.0,2.0,0.0,1.0,2.0,-19.11790862,-40.06229687,SPRF-ES,DEL04-ES,UOP01-DEL04-ES,2025-07-05 13:45:00,2025.0,7.0,13.0,tarde,False,0,moderado,BR-101
702687.0,2025-07-05,sabado,13:35,ES,101.0,253.7,SERRA,Reação tardia ou ineficiente do condutor,Saída de leito carroçável,Sem Vítimas,Pleno dia,Crescente,Céu Claro,Simples,Reta,Não,1.0,0.0,0.0,0.0,0.0,1.0,0.0,1.0,-20.109502,-40.328113,SPRF-ES,DEL02-ES,UOP01-DEL02-ES,2025-07-05 13:35:00,2025.0,7.0,13.0,tarde,True,0,baixo,BR-101
702704.0,2025-07-05,sabado,15:50,ES,101.0,264.3,SERRA,Reação tardia ou ineficiente do condutor,Colisão transversal,Com Vítimas Feridas,Pleno dia,Crescente,Céu Claro,Múltipla,Interseção de Vias,Sim,4.0,0.0,1.0,2.0,1.0,0.0,3.0,3.0,-20.178604,-40.265467,SPRF-ES,DEL02-ES,UOP01-DEL02-ES,2025-07-05 15:50:00,2025.0,7.0,15.0,tarde,True,1,grave,BR-101
702714.0,2025-07-05,sabado,17:00,ES,101.0,236.2,FUNDAO,Conversão proibida,Colisão transversal,Com Vítimas Feridas,Anoitecer,Decrescente,Céu Claro,Simples,Curva,Não,3.0,0.0,2.0,0.0,1.0,0.0,2.0,2.0,-19.9899069,-40.4134209,SPRF-ES,DEL02-ES,UOP01-DEL02-ES,2025-07-05 17:00:00,2025.0,7.0,17.0,tarde,True,0,moderado,BR-101
702735.0,2025-07-05,sabado,18:25,ES,101.0,102.3,LINHARES,Ausência de reação do condutor,Saída de leito carroçável,Com Vítimas Feridas,Anoitecer,Crescente,Céu Claro,Simples,Reta,Não,1.0,0.0,0.0,1.0,0.0,0.0,1.0,1.0,-19.00008307,-40.0046137,SPRF-ES,DEL04-ES,UOP01-DEL04-ES,2025-07-05 18:25:00,2025.0,7.0,18.0,noite,False,1,grave,BR-101
702747.0,2025-02-16,domingo,03:10,ES,101.0,353.5,ANCHIETA,Ingestão de álcool pelo condutor,Colisão com objeto,Com Vítimas Fatais,Plena Noite,Crescente,Céu Claro,Dupla,Reta,Não,2.0,1.0,0.0,1.0,0.0,0.0,1.0,1.0,-20.682612,-40.66807151,SPRF-ES,DEL03-ES,UOP01-DEL03-ES,2025-02-16 03:10:00,2025.0,2.0,3.0,madrugada,False,1,fatal,BR-101
702828.0,2025-07-06,domingo,00:10,ES,262.0,109.7,VENDA NOVA DO IMIGRANTE,Ausência de reação do condutor,Colisão com objeto,Com Vítimas Feridas,Plena Noite,Crescente,Nublado,Simples,Reta,Sim,1.0,0.0,0.0,1.0,0.0,0.0,1.0,1.0,-20.3367383,-41.1807305,SPRF-ES,DEL01-ES,UOP02-DEL01-ES,2025-07-06 00:10:00,2025.0,7.0,0.0,madrugada,False,1,grave,BR-262
702848.0,2025-07-06,domingo,04:15,ES,101.0,151.0,LINHARES,Condutor Dormindo,Tombamento,Com Vítimas Feridas,Amanhecer,Crescente,Nublado,Simples,Declive,Não,1.0,0.0,1.0,0.0,0.0,0.0,1.0,1.0,-19.40692036,-40.06387241,SPRF-ES,DEL04-ES,UOP01-DEL04-ES,2025-07-06 04:15:00,2025.0,7.0,4.0,madrugada,False,0,moderado,BR-101
702939.0,2025-07-06,domingo,15:49,ES,101.0,259.0,SERRA,Conversão proibida,Colisão transversal,Com Vítimas Feridas,Pleno dia,Decrescente,Céu Claro,Dupla,Reta,Sim,2.0,0.0,1.0,0.0,1.0,0.0,1.0,2.0,-20.138375,-40.292264,SPRF-ES,DEL02-ES,UOP01-DEL02-ES,2025-07-06 15:49:00,2025.0,7.0,15.0,tarde,True,0,moderado,BR-101
703072.0,2025-07-07,segunda,05:27,ES,101.0,264.0,SERRA,Condutor desrespeitou a iluminação vermelha do semáforo,Colisão transversal,Com Vítimas Feridas,Pleno dia,Decrescente,Céu Claro,Múltipla,Interseção de Vias,Sim,3.0,0.0,1.0,0.0,2.0,0.0,1.0,2.0,-20.178502,-40.265286,SPRF-ES,DEL02-ES,UOP01-DEL02-ES,2025-07-07 05:27:00,2025.0,7.0,5.0,madrugada,True,0,moderado,BR-101
703167.0,2025-07-07,segunda,14:17,ES,101.0,335.0,GUARAPARI,Condutor Dormindo,Saída de leito carroçável,Com Vítimas Feridas,Pleno dia,Crescente,Céu Claro,Dupla,Reta;Declive,Não,1.0,0.0,1.0,0.0,0.0,0.0,1.0,1.0,-20.6281024,-40.5331143,SPRF-ES,DEL03-ES,UOP01-DEL03-ES,2025-07-07 14:17:00,2025.0,7.0,14.0,tarde,True,0,moderado,BR-101
703170.0,2025-07-07,segunda,14:45,ES,101.0,293.2,CARIACICA,Pista Escorregadia,Tombamento,Com Vítimas Feridas,Pleno dia,Decrescente,Céu Claro,Múltipla,Reta,Sim,1.0,0.0,1.0,0.0,0.0,0.0,1.0,1.0,-20.316122,-40.3954811,SPRF-ES,DEL01-ES,UOP01-DEL01-ES,2025-07-07 14:45:00,2025.0,7.0,14.0,tarde,True,0,moderado,BR-101
703177.0,2025-05-18,domingo,10:50,ES,262.0,171.0,IBATIBA,Acumulo de areia ou detritos sobre o pavimento,Queda de ocupante de veículo,Com Vítimas Feridas,Pleno dia,Decrescente,Ignorado,Simples,Curva,Não,2.0,0.0,1.0,1.0,0.0,0.0,2.0,1.0,-20.26371314,-41.59707069,SPRF-ES,DEL01-ES,UOP02-DEL01-ES,2025-05-18 10:50:00,2025.0,5.0,10.0,manha,False,1,grave,BR-262
703220.0,2025-07-07,segunda,17:55,ES,101.0,136.0,LINHARES,Velocidade Incompatível,Saída de leito carroçável,Sem Vítimas,Plena Noite,Crescente,Céu Claro,Simples,Reta,Não,1.0,0.0,0.0,0.0,0.0,1.0,0.0,1.0,-19.28352607,-40.08687155,SPRF-ES,DEL04-ES,UOP01-DEL04-ES,2025-07-07 17:55:00,2025.0,7.0,17.0,tarde,False,0,baixo,BR-101
703300.0,2025-06-14,sabado,18:00,ES,101.0,270.4,SERRA,Ausência de reação do condutor,Colisão traseira,Com Vítimas Feridas,Plena Noite,Decrescente,Céu Claro,Simples,Reta,Não,5.0,0.0,1.0,0.0,2.0,2.0,1.0,4.0,-20.22967735,-40.2719907,SPRF-ES,DEL02-ES,UOP01-DEL02-ES,2025-06-14 18:00:00,2025.0,6.0,18.0,noite,True,0,moderado,BR-101
703330.0,2025-07-08,terca,08:20,ES,259.0,83.5,COLATINA,Ausência de reação do condutor,Capotamento,Com Vítimas Feridas,Pleno dia,Decrescente,Céu Claro,Simples,Reta,Não,1.0,0.0,1.0,0.0,0.0,0.0,1.0,1.0,-19.528948,-40.8170033,SPRF-ES,DEL02-ES,UOP01-DEL02-ES,2025-07-08 08:20:00,2025.0,7.0,8.0,manha,False,0,moderado,BR-259
703456.0,2025-05-09,sexta,19:50,ES,101.0,126.0,SOORETAMA,Ausência de reação do condutor,Queda de ocupante de veículo,Com Vítimas Feridas,Plena Noite,Crescente,Céu Claro,Simples,Reta,Sim,1.0,0.0,0.0,1.0,0.0,0.0,1.0,1.0,-19.201095,-40.095748,SPRF-ES,DEL04-ES,UOP01-DEL04-ES,2025-05-09 19:50:00,2025.0,5.0,19.0,noite,False,1,grave,BR-101
703462.0,2025-05-09,sexta,18:30,ES,101.0,151.0,LINHARES,Acessar a via sem observar a presença dos outros veículos,Colisão transversal,Com Vítimas Feridas,Anoitecer,Decrescente,Céu Claro,Simples,Curva,Não,3.0,0.0,0.0,2.0,1.0,0.0,2.0,2.0,-19.41701,-40.068199,SPRF-ES,DEL04-ES,UOP01-DEL04-ES,2025-05-09 18:30:00,2025.0,5.0,18.0,noite,False,1,grave,BR-101
703517.0,2025-07-09,quarta,07:04,ES,101.0,320.8,GUARAPARI,Manobra de mudança de faixa,Colisão lateral mesmo sentido,Com Vítimas Feridas,Pleno dia,Crescente,Céu Claro,Múltipla,Reta,Não,2.0,0.0,0.0,1.0,1.0,0.0,1.0,2.0,-20.518841,-40.4783309,SPRF-ES,DEL03-ES,UOP01-DEL03-ES,2025-07-09 07:04:00,2025.0,7.0,7.0,manha,True,1,grave,BR-101
703519.0,2025-07-09,quarta,07:30,ES,101.0,440.0,MIMOSO DO SUL,Transitar no Acostamento,Colisão traseira,Com Vítimas Feridas,Pleno dia,Crescente,Nevoeiro/Neblina,Simples,Curva,Não,2.0,0.0,1.0,0.0,1.0,0.0,1.0,2.0,-21.11898171,-41.26993009,SPRF-ES,DEL03-ES,UOP02-DEL03-ES,2025-07-09 07:30:00,2025.0,7.0,7.0,manha,False,0,moderado,BR-101
703533.0,2025-07-09,quarta,07:20,ES,259.0,58.0,COLATINA,Condutor deixou de manter distância do veículo da frente,Colisão traseira,Com Vítimas Feridas,Pleno dia,Decrescente,Nublado,Simples,Reta,Não,2.0,0.0,0.0,1.0,0.0,1.0,1.0,2.0,-19.522357,-40.668353,SPRF-ES,DEL02-ES,UOP01-DEL02-ES,2025-07-09 07:20:00,2025.0,7.0,7.0,manha,False,1,grave,BR-259
703548.0,2025-07-09,quarta,08:45,ES,101.0,262.1,SERRA,Condutor desrespeitou a iluminação vermelha do semáforo,Colisão transversal,Com Vítimas Fatais,Pleno dia,Crescente,Chuva,Múltipla,Interseção de Vias;Retorno Regulamentado;Reta,Sim,3.0,1.0,1.0,0.0,1.0,0.0,1.0,2.0,-20.1594149,-40.2761924,SPRF-ES,DEL02-ES,UOP01-DEL02-ES,2025-07-09 08:45:00,2025.0,7.0,8.0,manha,True,1,fatal,BR-101
703582.0,2025-07-09,quarta,12:40,ES,101.0,266.4,SERRA,Desrespeitar a preferência no cruzamento,Colisão transversal,Com Vítimas Feridas,Pleno dia,Crescente,Céu Claro,Múltipla,Interseção de Vias,Sim,2.0,0.0,1.0,0.0,1.0,0.0,1.0,2.0,-20.19357,-40.26849,SPRF-ES,DEL02-ES,UOP01-DEL02-ES,2025-07-09 12:40:00,2025.0,7.0,12.0,tarde,True,0,moderado,BR-101
703665.0,2025-07-09,quarta,19:35,ES,101.0,306.0,VIANA,Ausência de reação do condutor,Colisão frontal,Com Vítimas Feridas,Plena Noite,Decrescente,Nublado,Dupla,Reta,Não,2.0,0.0,1.0,0.0,1.0,0.0,1.0,2.0,-20.39556767,-40.45908158,SPRF-ES,DEL01-ES,UOP01-DEL01-ES,2025-07-09 19:35:00,2025.0,7.0,19.0,noite,True,0,moderado,BR-101
703672.0,2025-07-09,quarta,18:20,ES,393.0,0.0,CACHOEIRO DE ITAPEMIRIM,Condutor desrespeitou a iluminação vermelha do semáforo,Atropelamento de Pedestre,Com Vítimas Feridas,Plena Noite,Decrescente,Céu Claro,Simples,Reta,Sim,2.0,0.0,1.0,0.0,0.0,1.0,1.0,2.0,-20.84089484,-41.15981698,SPRF-ES,DEL03-ES,UOP02-DEL03-ES,2025-07-09 18:20:00,2025.0,7.0,18.0,noite,False,0,moderado,BR-393
703673.0,2025-07-09,quarta,19:45,ES,101.0,204.8,JOAO NEIVA,Desrespeitar a preferência no cruzamento,Colisão transversal,Com Vítimas Feridas,Plena Noite,Decrescente,Nublado,Simples,Reta;Interseção de Vias,Sim,2.0,0.0,0.0,1.0,1.0,0.0,1.0,2.0,-19.7559859,-40.3799067,SPRF-ES,DEL02-ES,UOP01-DEL02-ES,2025-07-09 19:45:00,2025.0,7.0,19.0,noite,False,1,grave,BR-101
703742.0,2025-07-10,quinta,07:00,ES,101.0,354.3,ANCHIETA,Avarias e/ou desgaste excessivo no pneu,Tombamento,Com Vítimas Feridas,Pleno dia,Crescente,Nublado,Simples,Reta,Sim,1.0,0.0,1.0,0.0,0.0,0.0,1.0,1.0,-20.68517198,-40.6734666,SPRF-ES,DEL03-ES,UOP01-DEL03-ES,2025-07-10 07:00:00,2025.0,7.0,7.0,manha,False,0,moderado,BR-101
703762.0,2025-07-10,quinta,08:40,ES,101.0,270.0,SERRA,Manobra de mudança de faixa,Colisão lateral mesmo sentido,Com Vítimas Feridas,Pleno dia,Crescente,Nublado,Dupla,Reta,Sim,2.0,0.0,1.0,0.0,1.0,0.0,1.0,2.0,-20.22608585,-40.27072194,SPRF-ES,DEL02-ES,UOP01-DEL02-ES,2025-07-10 08:40:00,2025.0,7.0,8.0,manha,True,0,moderado,BR-101
703767.0,2025-06-16,segunda,01:20,ES,101.0,291.1,CARIACICA,Transitar na contramão,Colisão frontal,Com Vítimas Feridas,Plena Noite,Decrescente,Céu Claro,Dupla,Reta,Não,3.0,0.0,0.0,2.0,1.0,0.0,2.0,2.0,-20.29190589,-40.39200783,SPRF-ES,DEL01-ES,UOP01-DEL01-ES,2025-06-16 01:20:00,2025.0,6.0,1.0,madrugada,True,1,grave,BR-101
703777.0,2025-06-24,terca,18:20,ES,101.0,266.2,SERRA,Reação tardia ou ineficiente do condutor,Colisão traseira,Com Vítimas Feridas,Plena Noite,Decrescente,Nublado,Simples,Reta,Não,3.0,0.0,2.0,0.0,0.0,1.0,2.0,2.0,-20.192634,-40.26846,SPRF-ES,DEL02-ES,UOP01-DEL02-ES,2025-06-24 18:20:00,2025.0,6.0,18.0,noite,True,0,moderado,BR-101
703794.0,2025-07-10,quinta,11:30,ES,101.0,146.6,LINHARES,Reação tardia ou ineficiente do condutor,Colisão traseira,Com Vítimas Feridas,Pleno dia,Decrescente,Céu Claro,Dupla,Interseção de Vias,Sim,2.0,0.0,1.0,0.0,0.0,1.0,1.0,2.0,-19.37572181,-40.06595979,SPRF-ES,DEL04-ES,UOP01-DEL04-ES,2025-07-10 11:30:00,2025.0,7.0,11.0,manha,False,0,moderado,BR-101
703818.0,2025-07-10,quinta,12:48,ES,101.0,61.0,SAO MATEUS,Acessar a via sem observar a presença dos outros veículos,Colisão transversal,Com Vítimas Feridas,Pleno dia,Decrescente,Nublado,Simples,Interseção de Vias;Rotatória,Não,2.0,0.0,0.0,1.0,1.0,0.0,1.0,2.0,-18.68186864,-39.86338584,SPRF-ES,DEL04-ES,UOP02-DEL04-ES,2025-07-10 12:48:00,2025.0,7.0,12.0,tarde,False,1,grave,BR-101
703869.0,2025-07-10,quinta,18:10,ES,262.0,0.3,VITORIA,Pista esburacada,Tombamento,Com Vítimas Feridas,Plena Noite,Crescente,Céu Claro,Dupla,Reta;Ponte,Sim,2.0,0.0,2.0,0.0,0.0,0.0,2.0,1.0,-20.3219121,-40.3538621,SPRF-ES,DEL01-ES,UOP01-DEL01-ES,2025-07-10 18:10:00,2025.0,7.0,18.0,noite,True,0,moderado,BR-262
703958.0,2025-07-11,sexta,06:50,ES,101.0,290.1,CARIACICA,Acostamento em desnível,Colisão lateral mesmo sentido,Com Vítimas Feridas,Pleno dia,Decrescente,Nublado,Dupla,Curva,Não,2.0,0.0,0.0,1.0,1.0,0.0,1.0,2.0,-20.2908053,-40.3917302,SPRF-ES,DEL01-ES,UOP01-DEL01-ES,2025-07-11 06:50:00,2025.0,7.0,6.0,manha,True,1,grave,BR-101
704017.0,2025-07-11,sexta,12:00,ES,101.0,269.5,SERRA,Acessar a via sem observar a presença dos outros veículos,Atropelamento de Pedestre,Com Vítimas Feridas,Pleno dia,Crescente,Garoa/Chuvisco,Dupla,Interseção de Vias,Sim,2.0,0.0,1.0,0.0,1.0,0.0,1.0,2.0,-20.22174203,-40.27035266,SPRF-ES,DEL02-ES,UOP01-DEL02-ES,2025-07-11 12:00:00,2025.0,7.0,12.0,tarde,True,0,moderado,BR-101
704026.0,2025-07-11,sexta,12:45,ES,101.0,352.0,ANCHIETA,Ingestão de álcool pelo condutor,Saída de leito carroçável,Sem Vítimas,Pleno dia,Crescente,Nublado,Dupla,Reta,Não,1.0,0.0,0.0,0.0,1.0,0.0,0.0,1.0,-20.674545,-40.664625,SPRF-ES,DEL03-ES,UOP01-DEL03-ES,2025-07-11 12:45:00,2025.0,7.0,12.0,tarde,False,0,baixo,BR-101
704029.0,2025-07-11,sexta,11:20,ES,262.0,72.0,MARECHAL FLORIANO,Acumulo de água sobre o pavimento,Saída de leito carroçável,Sem Vítimas,Pleno dia,Decrescente,Chuva,Simples,Reta,Não,1.0,0.0,0.0,0.0,1.0,0.0,0.0,1.0,-20.41166445,-40.88046074,SPRF-ES,DEL01-ES,UOP02-DEL01-ES,2025-07-11 11:20:00,2025.0,7.0,11.0,manha,False,0,baixo,BR-262
704107.0,2025-07-11,sexta,19:20,ES,101.0,64.2,SAO MATEUS,Transitar no Acostamento,Atropelamento de Pedestre,Com Vítimas Feridas,Plena Noite,Crescente,Nublado,Simples,Reta;Aclive,Não,3.0,0.0,0.0,2.0,0.0,1.0,2.0,2.0,-18.648929,-39.8735932,SPRF-ES,DEL04-ES,UOP02-DEL04-ES,2025-07-11 19:20:00,2025.0,7.0,19.0,noite,False,1,grave,BR-101
704124.0,2025-07-11,sexta,20:00,ES,101.0,271.3,SERRA,Condutor desrespeitou a iluminação vermelha do semáforo,Colisão transversal,Com Vítimas Feridas,Plena Noite,Crescente,Chuva,Múltipla,Interseção de Vias,Sim,3.0,0.0,1.0,0.0,1.0,1.0,1.0,3.0,-20.2196142,-40.29093862,SPRF-ES,DEL02-ES,UOP01-DEL02-ES,2025-07-11 20:00:00,2025.0,7.0,20.0,noite,True,0,moderado,BR-101
704130.0,2025-07-11,sexta,21:20,ES,259.0,102.6,BAIXO GUANDU,Ingestão de álcool pelo condutor,Colisão transversal,Com Vítimas Fatais,Plena Noite,Crescente,Chuva,Simples,Reta,Sim,3.0,1.0,1.0,0.0,1.0,0.0,1.0,2.0,-19.514563,-41.023907,SPRF-ES,DEL02-ES,UOP01-DEL02-ES,2025-07-11 21:20:00,2025.0,7.0,21.0,noite,False,1,fatal,BR-259
704245.0,2025-07-12,sabado,09:40,ES,259.0,51.6,COLATINA,Reação tardia ou ineficiente do condutor,Colisão lateral sentido oposto,Com Vítimas Feridas,Pleno dia,Crescente,Céu Claro,Dupla,Reta,Não,5.0,0.0,2.0,0.0,3.0,0.0,2.0,2.0,-19.50209597,-40.61649621,SPRF-ES,DEL02-ES,UOP01-DEL02-ES,2025-07-12 09:40:00,2025.0,7.0,9.0,manha,False,0,moderado,BR-259
704267.0,2025-07-12,sabado,13:38,ES,101.0,172.9,LINHARES,Acessar a via sem observar a presença dos outros veículos,Colisão transversal,Com Vítimas Feridas,Pleno dia,Decrescente,Céu Claro,Simples,Reta,Não,4.0,0.0,0.0,2.0,2.0,0.0,2.0,2.0,-19.53477477,-40.15737677,SPRF-ES,DEL04-ES,UOP01-DEL04-ES,2025-07-12 13:38:00,2025.0,7.0,13.0,tarde,False,1,grave,BR-101
704321.0,2025-07-12,sabado,17:00,ES,259.0,71.8,COLATINA,Velocidade Incompatível,Colisão transversal,Com Vítimas Feridas,Anoitecer,Crescente,Nublado,Simples,Reta;Interseção de Vias,Não,2.0,0.0,0.0,1.0,0.0,1.0,1.0,2.0,-19.49994424,-40.77002764,SPRF-ES,DEL02-ES,UOP01-DEL02-ES,2025-07-12 17:00:00,2025.0,7.0,17.0,tarde,False,1,grave,BR-259
704394.0,2025-06-02,segunda,07:00,ES,101.0,267.9,SERRA,Condutor desrespeitou a iluminação vermelha do semáforo,Colisão transversal,Sem Vítimas,Pleno dia,Crescente,Céu Claro,Simples,Reta,Sim,1.0,0.0,0.0,0.0,0.0,1.0,0.0,1.0,-20.19810692,-40.26855532,SPRF-ES,DEL02-ES,UOP01-DEL02-ES,2025-06-02 07:00:00,2025.0,6.0,7.0,manha,True,0,baixo,BR-101
704491.0,2025-07-13,domingo,11:00,ES,262.0,84.6,DOMINGOS MARTINS,Mal súbito do condutor,Tombamento,Com Vítimas Feridas,Pleno dia,Decrescente,Sol,Simples,Declive;Reta,Não,2.0,0.0,2.0,0.0,0.0,0.0,2.0,1.0,-20.399802,-40.982405,SPRF-ES,DEL01-ES,UOP02-DEL01-ES,2025-07-13 11:00:00,2025.0,7.0,11.0,manha,False,0,moderado,BR-262
704582.0,2025-07-13,domingo,20:00,ES,101.0,230.2,FUNDAO,Entrada inopinada do pedestre,Atropelamento de Pedestre,Com Vítimas Feridas,Plena Noite,Decrescente,Céu Claro,Simples,Reta,Sim,3.0,0.0,1.0,0.0,1.0,1.0,1.0,2.0,-19.9382946,-40.40656686,SPRF-ES,DEL02-ES,UOP01-DEL02-ES,2025-07-13 20:00:00,2025.0,7.0,20.0,noite,True,0,moderado,BR-101
704613.0,2025-07-13,domingo,22:35,ES,101.0,98.0,JAGUARE,Ingestão de álcool pelo condutor,Queda de ocupante de veículo,Com Vítimas Feridas,Plena Noite,Crescente,Céu Claro,Simples,Reta,Não,2.0,0.0,0.0,2.0,0.0,0.0,2.0,1.0,-18.966926,-39.988902,SPRF-ES,DEL04-ES,UOP02-DEL04-ES,2025-07-13 22:35:00,2025.0,7.0,22.0,noite,False,1,grave,BR-101
704677.0,2025-07-14,segunda,07:40,ES,101.0,151.0,LINHARES,Reação tardia ou ineficiente do condutor,Colisão lateral mesmo sentido,Com Vítimas Feridas,Pleno dia,Crescente,Céu Claro,Simples,Declive,Sim,2.0,0.0,1.0,0.0,1.0,0.0,1.0,2.0,-19.40805131,-40.06434314,SPRF-ES,DEL04-ES,UOP01-DEL04-ES,2025-07-14 07:40:00,2025.0,7.0,7.0,manha,False,0,moderado,BR-101
704728.0,2025-07-14,segunda,11:32,ES,101.0,392.0,CACHOEIRO DE ITAPEMIRIM,Desrespeitar a preferência no cruzamento,Colisão transversal,Com Vítimas Feridas,Pleno dia,Crescente,Céu Claro,Simples,Interseção de Vias,Não,2.0,0.0,0.0,1.0,1.0,0.0,1.0,2.0,-20.9246801,-41.0807224,SPRF-ES,DEL03-ES,UOP02-DEL03-ES,2025-07-14 11:32:00,2025.0,7.0,11.0,manha,False,1,grave,BR-101
704808.0,2025-07-14,segunda,18:30,ES,101.0,355.0,ANCHIETA,Acesso irregular,Colisão transversal,Com Vítimas Feridas,Plena Noite,Crescente,Céu Claro,Dupla,Reta,Não,2.0,0.0,2.0,0.0,0.0,0.0,2.0,2.0,-20.69180914,-40.68284512,SPRF-ES,DEL03-ES,UOP01-DEL03-ES,2025-07-14 18:30:00,2025.0,7.0,18.0,noite,False,0,moderado,BR-101
704822.0,2025-06-04,quarta,05:56,ES,101.0,274.0,SERRA,Ausência de reação do condutor,Colisão frontal,Com Vítimas Fatais,Amanhecer,Crescente,Céu Claro,Simples,Reta,Não,2.0,1.0,1.0,0.0,0.0,0.0,1.0,2.0,-20.0488604,-40.3866836,SPRF-ES,DEL02-ES,UOP01-DEL02-ES,2025-06-04 05:56:00,2025.0,6.0,5.0,madrugada,True,1,fatal,BR-101
704865.0,2025-07-15,terca,06:20,ES,101.0,263.9,SERRA,Condutor desrespeitou a iluminação vermelha do semáforo,Colisão transversal,Com Vítimas Feridas,Pleno dia,Crescente,Céu Claro,Múltipla,Interseção de Vias,Sim,3.0,0.0,2.0,0.0,1.0,0.0,2.0,2.0,-20.17328657,-40.26736383,SPRF-ES,DEL02-ES,UOP01-DEL02-ES,2025-07-15 06:20:00,2025.0,7.0,6.0,manha,True,0,moderado,BR-101
704877.0,2025-07-15,terca,08:20,ES,101.0,270.0,SERRA,Conversão proibida,Colisão lateral mesmo sentido,Com Vítimas Feridas,Pleno dia,Decrescente,Céu Claro,Múltipla,Reta;Interseção de Vias,Sim,2.0,0.0,2.0,0.0,0.0,0.0,2.0,2.0,-20.21368087,-40.26965261,SPRF-ES,DEL02-ES,UOP01-DEL02-ES,2025-07-15 08:20:00,2025.0,7.0,8.0,manha,True,0,moderado,BR-101
704901.0,2025-07-15,terca,09:45,ES,101.0,264.0,SERRA,Reação tardia ou ineficiente do condutor,Colisão traseira,Com Vítimas Feridas,Pleno dia,Crescente,Nublado,Múltipla,Reta,Sim,2.0,0.0,1.0,0.0,1.0,0.0,1.0,2.0,-20.1767759,-40.2660588,SPRF-ES,DEL02-ES,UOP01-DEL02-ES,2025-07-15 09:45:00,2025.0,7.0,9.0,manha,True,0,moderado,BR-101
704989.0,2025-07-15,terca,17:45,ES,101.0,298.1,VIANA,Ausência de reação do condutor,Colisão traseira,Com Vítimas Feridas,Anoitecer,Decrescente,Céu Claro,Dupla,Interseção de Vias,Sim,3.0,0.0,1.0,0.0,2.0,0.0,1.0,3.0,-20.3547929,-40.4150631,SPRF-ES,DEL01-ES,UOP01-DEL01-ES,2025-07-15 17:45:00,2025.0,7.0,17.0,tarde,True,0,moderado,BR-101
705002.0,2025-07-15,terca,18:00,ES,259.0,64.5,COLATINA,Transitar na contramão,Colisão frontal,Com Vítimas Feridas,Plena Noite,Crescente,Céu Claro,Simples,Reta,Não,3.0,0.0,3.0,0.0,0.0,0.0,3.0,2.0,-19.52067748,-40.71276695,SPRF-ES,DEL02-ES,UOP01-DEL02-ES,2025-07-15 18:00:00,2025.0,7.0,18.0,noite,False,0,moderado,BR-259
705092.0,2025-07-16,quarta,06:25,ES,101.0,290.7,CARIACICA,Acessar a via sem observar a presença dos outros veículos,Colisão transversal,Com Vítimas Fatais,Pleno dia,Decrescente,Céu Claro,Dupla,Reta,Sim,2.0,1.0,0.0,0.0,1.0,0.0,0.0,2.0,-20.29417999,-40.39407594,SPRF-ES,DEL01-ES,UOP01-DEL01-ES,2025-07-16 06:25:00,2025.0,7.0,6.0,manha,True,1,fatal,BR-101
705129.0,2025-07-16,quarta,09:20,ES,101.0,290.0,CARIACICA,Conversão proibida,Colisão transversal,Com Vítimas Feridas,Pleno dia,Crescente,Céu Claro,Dupla,Curva;Retorno Regulamentado;Aclive,Não,3.0,0.0,2.0,0.0,1.0,0.0,2.0,2.0,-20.2960054,-40.3868236,SPRF-ES,DEL01-ES,UOP01-DEL01-ES,2025-07-16 09:20:00,2025.0,7.0,9.0,manha,True,0,moderado,BR-101
705181.0,2025-07-16,quarta,15:30,ES,101.0,265.7,SERRA,Ausência de reação do condutor,Colisão lateral mesmo sentido,Com Vítimas Feridas,Pleno dia,Decrescente,Céu Claro,Simples,Reta,Não,2.0,0.0,1.0,0.0,1.0,0.0,1.0,2.0,-20.19027243,-40.2682689,SPRF-ES,DEL02-ES,UOP01-DEL02-ES,2025-07-16 15:30:00,2025.0,7.0,15.0,tarde,True,0,moderado,BR-101
705246.0,2025-07-16,quarta,21:10,ES,101.0,85.0,BAIXO GUANDU,Ausência de reação do condutor,Saída de leito carroçável,Com Vítimas Feridas,Plena Noite,Crescente,Céu Claro,Simples,Curva,Não,1.0,0.0,1.0,0.0,0.0,0.0,1.0,1.0,-19.5125844,-40.8838749,SPRF-ES,DEL04-ES,UOP02-DEL04-ES,2025-07-16 21:10:00,2025.0,7.0,21.0,noite,False,0,moderado,BR-101
705258.0,2025-07-16,quarta,20:30,ES,393.0,5.7,CACHOEIRO DE ITAPEMIRIM,Animais na Pista,Atropelamento de Animal,Com Vítimas Feridas,Plena Noite,Crescente,Céu Claro,Simples,Reta,Não,1.0,0.0,1.0,0.0,0.0,0.0,1.0,1.0,-20.75785276,-41.25297544,SPRF-ES,DEL03-ES,UOP02-DEL03-ES,2025-07-16 20:30:00,2025.0,7.0,20.0,noite,False,0,moderado,BR-393
705276.0,2025-07-17,quinta,05:50,ES,393.0,16.6,MUQUI,Animais na Pista,Atropelamento de Animal,Com Vítimas Feridas,Amanhecer,Crescente,Nevoeiro/Neblina,Simples,Reta,Não,2.0,0.0,1.0,1.0,0.0,0.0,2.0,1.0,-20.881281,-41.269114,SPRF-ES,DEL03-ES,UOP02-DEL03-ES,2025-07-17 05:50:00,2025.0,7.0,5.0,madrugada,False,1,grave,BR-393
705289.0,2025-07-17,quinta,09:00,ES,101.0,270.0,SERRA,Velocidade Incompatível,Queda de ocupante de veículo,Com Vítimas Feridas,Pleno dia,Crescente,Sol,Múltipla,Reta,Sim,2.0,0.0,1.0,0.0,1.0,0.0,1.0,1.0,-20.22096578,-40.27038574,SPRF-ES,DEL02-ES,UOP01-DEL02-ES,2025-07-17 09:00:00,2025.0,7.0,9.0,manha,True,0,moderado,BR-101
705363.0,2025-07-17,quinta,15:20,ES,101.0,241.4,SERRA,Conversão proibida,Colisão transversal,Com Vítimas Feridas,Pleno dia,Decrescente,Céu Claro,Simples,Retorno Regulamentado;Reta,Não,2.0,0.0,0.0,1.0,1.0,0.0,1.0,2.0,-20.02778,-40.398021,SPRF-ES,DEL02-ES,UOP01-DEL02-ES,2025-07-17 15:20:00,2025.0,7.0,15.0,tarde,True,1,grave,BR-101
705440.0,2025-07-17,quinta,22:50,ES,101.0,296.0,CARIACICA,Ausência de reação do condutor,Capotamento,Sem Vítimas,Plena Noite,Crescente,Céu Claro,Simples,Curva,Sim,1.0,0.0,0.0,0.0,0.0,1.0,0.0,1.0,-20.330719,-40.373472,SPRF-ES,DEL01-ES,UOP01-DEL01-ES,2025-07-17 22:50:00,2025.0,7.0,22.0,noite,True,0,baixo,BR-101
705539.0,2025-07-18,sexta,14:32,ES,101.0,49.0,CONCEICAO DA BARRA,Acessar a via sem observar a presença dos outros veículos,Colisão transversal,Com Vítimas Feridas,Pleno dia,Crescente,Sol,Simples,Interseção de Vias,Não,3.0,0.0,2.0,0.0,0.0,1.0,2.0,3.0,-18.51586551,-39.91350174,SPRF-ES,DEL04-ES,UOP02-DEL04-ES,2025-07-18 14:32:00,2025.0,7.0,14.0,tarde,False,0,moderado,BR-101
705566.0,2025-07-18,sexta,16:50,ES,101.0,129.1,SOORETAMA,Condutor deixou de manter distância do veículo da frente,Colisão traseira,Com Vítimas Feridas,Pleno dia,Crescente,Céu Claro,Simples,Declive;Reta,Não,2.0,0.0,0.0,1.0,1.0,0.0,1.0,2.0,-19.21947659,-40.09376657,SPRF-ES,DEL04-ES,UOP01-DEL04-ES,2025-07-18 16:50:00,2025.0,7.0,16.0,tarde,False,1,grave,BR-101
705629.0,2025-07-18,sexta,21:00,ES,101.0,270.0,SERRA,Acessar a via sem observar a presença dos outros veículos,Colisão transversal,Com Vítimas Feridas,Plena Noite,Crescente,Céu Claro,Dupla,Reta,Sim,2.0,0.0,0.0,1.0,1.0,0.0,1.0,2.0,-20.2265372,-40.2707054,SPRF-ES,DEL02-ES,UOP01-DEL02-ES,2025-07-18 21:00:00,2025.0,7.0,21.0,noite,True,1,grave,BR-101
705745.0,2025-07-19,sabado,09:10,ES,101.0,159.0,LINHARES,Acessar a via sem observar a presença dos outros veículos,Colisão transversal,Com Vítimas Feridas,Pleno dia,Crescente,Céu Claro,Simples,Interseção de Vias;Reta,Não,3.0,0.0,1.0,0.0,2.0,0.0,1.0,2.0,-19.46991652,-40.11122469,SPRF-ES,DEL04-ES,UOP01-DEL04-ES,2025-07-19 09:10:00,2025.0,7.0,9.0,manha,False,0,moderado,BR-101
705772.0,2025-07-19,sabado,11:15,ES,101.0,268.7,SERRA,Ingestão de álcool pelo condutor,Colisão lateral mesmo sentido,Sem Vítimas,Pleno dia,Crescente,Céu Claro,Múltipla,Reta,Sim,2.0,0.0,0.0,0.0,1.0,1.0,0.0,2.0,-20.21415,-40.26961,SPRF-ES,DEL02-ES,UOP01-DEL02-ES,2025-07-19 11:15:00,2025.0,7.0,11.0,manha,True,0,baixo,BR-101
705813.0,2025-07-19,sabado,12:00,ES,259.0,48.5,COLATINA,Acessar a via sem observar a presença dos outros veículos,Colisão lateral mesmo sentido,Com Vítimas Feridas,Pleno dia,Crescente,Céu Claro,Simples,Reta,Sim,2.0,0.0,1.0,0.0,1.0,0.0,1.0,2.0,-19.5189074,-40.6000022,SPRF-ES,DEL02-ES,UOP01-DEL02-ES,2025-07-19 12:00:00,2025.0,7.0,12.0,tarde,False,0,moderado,BR-259
705814.0,2025-07-19,sabado,15:40,ES,101.0,264.2,SERRA,Condutor deixou de manter distância do veículo da frente,Colisão traseira,Com Vítimas Feridas,Pleno dia,Crescente,Nublado,Múltipla,Reta,Sim,5.0,0.0,1.0,1.0,1.0,2.0,2.0,3.0,-20.17207897,-40.26804076,SPRF-ES,DEL02-ES,UOP01-DEL02-ES,2025-07-19 15:40:00,2025.0,7.0,15.0,tarde,True,1,grave,BR-101
705820.0,2025-07-19,sabado,15:25,ES,262.0,106.7,VENDA NOVA DO IMIGRANTE,Transitar na contramão,Colisão lateral sentido oposto,Com Vítimas Fatais,Pleno dia,Decrescente,Céu Claro,Simples,Reta,Sim,4.0,1.0,1.0,0.0,2.0,0.0,1.0,3.0,-20.32879742,-41.15072966,SPRF-ES,DEL01-ES,UOP02-DEL01-ES,2025-07-19 15:25:00,2025.0,7.0,15.0,tarde,False,1,fatal,BR-262
705827.0,2025-07-19,sabado,16:05,ES,101.0,288.2,CARIACICA,Pedestre cruzava a pista fora da faixa,Atropelamento de Pedestre,Com Vítimas Feridas,Pleno dia,Decrescente,Nublado,Dupla,Reta,Sim,2.0,0.0,0.0,1.0,1.0,0.0,1.0,2.0,-20.2738388,-40.39201705,SPRF-ES,DEL01-ES,UOP01-DEL01-ES,2025-07-19 16:05:00,2025.0,7.0,16.0,tarde,True,1,grave,BR-101
705917.0,2025-07-19,sabado,21:40,ES,101.0,257.8,SERRA,Ingestão de substâncias psicoativas pelo condutor,Colisão lateral mesmo sentido,Com Vítimas Feridas,Plena Noite,Decrescente,Céu Claro,Dupla,Aclive;Reta,Sim,3.0,0.0,1.0,0.0,1.0,1.0,1.0,2.0,-20.1342461,-40.2976538,SPRF-ES,DEL02-ES,UOP01-DEL02-ES,2025-07-19 21:40:00,2025.0,7.0,21.0,noite,True,0,moderado,BR-101
705961.0,2025-07-20,domingo,04:30,ES,101.0,296.1,CARIACICA,Velocidade Incompatível,Saída de leito carroçável,Com Vítimas Feridas,Plena Noite,Decrescente,Nublado,Múltipla,Curva,Sim,1.0,0.0,1.0,0.0,0.0,0.0,1.0,1.0,-20.34087468,-40.4041636,SPRF-ES,DEL01-ES,UOP01-DEL01-ES,2025-07-20 04:30:00,2025.0,7.0,4.0,madrugada,True,0,moderado,BR-101
705999.0,2025-07-20,domingo,09:35,ES,101.0,264.5,SERRA,Ausência de reação do condutor,Colisão lateral mesmo sentido,Com Vítimas Feridas,Pleno dia,Crescente,Céu Claro,Dupla,Reta,Sim,3.0,0.0,1.0,1.0,0.0,1.0,2.0,2.0,-20.17651907,-40.26599618,SPRF-ES,DEL02-ES,UOP01-DEL02-ES,2025-07-20 09:35:00,2025.0,7.0,9.0,manha,True,1,grave,BR-101
706026.0,2025-07-20,domingo,14:25,ES,101.0,148.0,LINHARES,Manobra de mudança de faixa,Tombamento,Com Vítimas Feridas,Pleno dia,Decrescente,Céu Claro,Múltipla,Reta,Sim,2.0,0.0,1.0,0.0,0.0,1.0,1.0,2.0,-19.3875722,-40.06734579,SPRF-ES,DEL04-ES,UOP01-DEL04-ES,2025-07-20 14:25:00,2025.0,7.0,14.0,tarde,False,0,moderado,BR-101
706027.0,2025-07-20,domingo,14:20,ES,262.0,185.0,IUNA,Ausência de reação do condutor,Tombamento,Com Vítimas Feridas,Pleno dia,Crescente,Sol,Simples,Reta,Não,1.0,0.0,0.0,1.0,0.0,0.0,1.0,1.0,-20.3006269,-41.7082346,SPRF-ES,DEL01-ES,UOP02-DEL01-ES,2025-07-20 14:20:00,2025.0,7.0,14.0,tarde,False,1,grave,BR-262
706043.0,2025-07-20,domingo,16:15,ES,262.0,191.0,IUNA,Mal súbito do condutor,Colisão com objeto,Com Vítimas Feridas,Pleno dia,Crescente,Céu Claro,Simples,Declive;Reta,Não,2.0,0.0,2.0,0.0,0.0,0.0,2.0,1.0,-20.3022279,-41.7463857,SPRF-ES,DEL01-ES,UOP02-DEL01-ES,2025-07-20 16:15:00,2025.0,7.0,16.0,tarde,False,0,moderado,BR-262
706088.0,2025-07-20,domingo,19:27,ES,447.0,14.0,VILA VELHA,Pedestre cruzava a pista fora da faixa,Atropelamento de Pedestre,Com Vítimas Feridas,Plena Noite,Crescente,Céu Claro,Simples,Reta,Sim,3.0,0.0,1.0,0.0,1.0,1.0,1.0,2.0,-20.340489,-40.327832,SPRF-ES,DEL01-ES,UOP01-DEL01-ES,2025-07-20 19:27:00,2025.0,7.0,19.0,noite,True,0,moderado,BR-447
706112.0,2025-07-20,domingo,21:15,ES,101.0,117.0,SOORETAMA,Acessar a via sem observar a presença dos outros veículos,Colisão transversal,Com Vítimas Feridas,Plena Noite,Decrescente,Céu Claro,Simples,Reta;Interseção de Vias,Não,3.0,0.0,1.0,0.0,2.0,0.0,1.0,2.0,-19.11787173,-40.06231324,SPRF-ES,DEL04-ES,UOP01-DEL04-ES,2025-07-20 21:15:00,2025.0,7.0,21.0,noite,False,0,moderado,BR-101
706217.0,2025-07-21,segunda,08:50,ES,101.0,292.1,CARIACICA,Acessar a via sem observar a presença dos outros veículos,Colisão transversal,Com Vítimas Feridas,Pleno dia,Decrescente,Céu Claro,Dupla,Interseção de Vias,Sim,3.0,0.0,0.0,1.0,1.0,1.0,1.0,2.0,-20.30785364,-40.39462566,SPRF-ES,DEL01-ES,UOP01-DEL01-ES,2025-07-21 08:50:00,2025.0,7.0,8.0,manha,True,1,grave,BR-101
706220.0,2025-07-21,segunda,08:20,ES,101.0,371.7,ANCHIETA,Condutor Dormindo,Saída de leito carroçável,Com Vítimas Feridas,Pleno dia,Decrescente,Céu Claro,Simples,Curva,Não,1.0,0.0,0.0,1.0,0.0,0.0,1.0,1.0,-20.76906,-40.771342,SPRF-ES,DEL03-ES,UOP01-DEL03-ES,2025-07-21 08:20:00,2025.0,7.0,8.0,manha,False,1,grave,BR-101
706249.0,2025-07-21,segunda,11:50,ES,262.0,160.0,IBATIBA,Reação tardia ou ineficiente do condutor,Colisão lateral sentido oposto,Com Vítimas Feridas,Pleno dia,Crescente,Sol,Simples,Declive;Curva,Sim,2.0,0.0,1.0,0.0,1.0,0.0,1.0,2.0,-20.236898,-41.516178,SPRF-ES,DEL01-ES,UOP02-DEL01-ES,2025-07-21 11:50:00,2025.0,7.0,11.0,manha,False,0,moderado,BR-262
706272.0,2025-07-21,segunda,11:40,ES,101.0,270.0,SERRA,Pedestre cruzava a pista fora da faixa,Atropelamento de Pedestre,Com Vítimas Feridas,Pleno dia,Crescente,Céu Claro,Dupla,Curva,Sim,2.0,0.0,0.0,1.0,1.0,0.0,1.0,2.0,-20.2262056,-40.2709164,SPRF-ES,DEL02-ES,UOP01-DEL02-ES,2025-07-21 11:40:00,2025.0,7.0,11.0,manha,True,1,grave,BR-101
706286.0,2025-07-21,segunda,15:40,ES,101.0,228.6,FUNDAO,Acessar a via sem observar a presença dos outros veículos,Colisão transversal,Sem Vítimas,Pleno dia,Decrescente,Nublado,Simples,Reta,Não,2.0,0.0,0.0,0.0,2.0,0.0,0.0,2.0,-19.924132,-40.4065605,SPRF-ES,DEL02-ES,UOP01-DEL02-ES,2025-07-21 15:40:00,2025.0,7.0,15.0,tarde,True,0,baixo,BR-101
706311.0,2025-07-21,segunda,10:00,ES,101.0,66.0,SAO MATEUS,Condutor deixou de manter distância do veículo da frente,Colisão traseira,Com Vítimas Feridas,Pleno dia,Crescente,Céu Claro,Dupla,Reta,Não,2.0,0.0,1.0,0.0,1.0,0.0,1.0,2.0,-18.71539,-39.87622,SPRF-ES,DEL04-ES,UOP02-DEL04-ES,2025-07-21 10:00:00,2025.0,7.0,10.0,manha,False,0,moderado,BR-101
706353.0,2025-07-21,segunda,22:00,ES,101.0,18.5,SERRA,Reação tardia ou ineficiente do condutor,Colisão com objeto,Com Vítimas Feridas,Plena Noite,Decrescente,Céu Claro,Dupla,Curva,Não,1.0,0.0,0.0,1.0,0.0,0.0,1.0,1.0,-20.217911,-40.33605,SPRF-ES,DEL02-ES,UOP01-DEL02-ES,2025-07-21 22:00:00,2025.0,7.0,22.0,noite,True,1,grave,BR-101
706389.0,2025-07-22,terca,07:00,ES,101.0,265.5,SERRA,Condutor deixou de manter distância do veículo da frente,Colisão traseira,Com Vítimas Feridas,Pleno dia,Crescente,Céu Claro,Dupla,Reta,Sim,2.0,0.0,1.0,0.0,1.0,0.0,1.0,2.0,-20.18813439,-40.26843381,SPRF-ES,DEL02-ES,UOP01-DEL02-ES,2025-07-22 07:00:00,2025.0,7.0,7.0,manha,True,0,moderado,BR-101
706390.0,2025-07-22,terca,07:20,ES,101.0,203.0,JOAO NEIVA,Velocidade Incompatível,Saída de leito carroçável,Sem Vítimas,Pleno dia,Crescente,Céu Claro,Simples,Reta,Não,1.0,0.0,0.0,0.0,0.0,1.0,0.0,1.0,-19.74554411,-40.37613837,SPRF-ES,DEL04-ES,UOP01-DEL04-ES,2025-07-22 07:20:00,2025.0,7.0,7.0,manha,False,0,baixo,BR-101
706395.0,2025-07-22,terca,07:40,ES,101.0,144.0,LINHARES,Velocidade Incompatível,Atropelamento de Pedestre,Com Vítimas Feridas,Pleno dia,Decrescente,Céu Claro,Dupla,Reta,Não,3.0,0.0,3.0,0.0,0.0,0.0,3.0,2.0,-19.35402527,-40.06360143,SPRF-ES,DEL04-ES,UOP01-DEL04-ES,2025-07-22 07:40:00,2025.0,7.0,7.0,manha,False,0,moderado,BR-101
706470.0,2025-07-22,terca,13:20,ES,101.0,58.9,SAO MATEUS,Condutor deixou de manter distância do veículo da frente,Colisão traseira,Com Vítimas Feridas,Pleno dia,Crescente,Sol,Simples,Reta;Aclive,Não,2.0,0.0,1.0,0.0,1.0,0.0,1.0,2.0,-18.67188567,-39.86658303,SPRF-ES,DEL04-ES,UOP02-DEL04-ES,2025-07-22 13:20:00,2025.0,7.0,13.0,tarde,False,0,moderado,BR-101
706513.0,2025-07-22,terca,17:40,ES,259.0,30.0,COLATINA,Ultrapassagem Indevida,Colisão frontal,Com Vítimas Feridas,Plena Noite,Decrescente,Céu Claro,Dupla,Reta,Não,5.0,0.0,5.0,0.0,0.0,0.0,5.0,2.0,-19.57401021,-40.50709009,SPRF-ES,DEL02-ES,UOP01-DEL02-ES,2025-07-22 17:40:00,2025.0,7.0,17.0,tarde,False,0,moderado,BR-259
706633.0,2025-07-23,quarta,07:40,ES,101.0,290.3,CARIACICA,Avarias e/ou desgaste excessivo no pneu,Tombamento,Com Vítimas Feridas,Pleno dia,Crescente,Céu Claro,Dupla,Reta,Sim,2.0,0.0,2.0,0.0,0.0,0.0,2.0,1.0,-20.29406848,-40.39324936,SPRF-ES,DEL01-ES,UOP01-DEL01-ES,2025-07-23 07:40:00,2025.0,7.0,7.0,manha,True,0,moderado,BR-101
706709.0,2025-07-23,quarta,16:15,ES,101.0,70.5,SAO MATEUS,Acesso irregular,Colisão transversal,Com Vítimas Feridas,Pleno dia,Crescente,Céu Claro,Simples,Reta,Não,2.0,0.0,1.0,0.0,1.0,0.0,1.0,2.0,-18.7480909,-39.8618377,SPRF-ES,DEL04-ES,UOP02-DEL04-ES,2025-07-23 16:15:00,2025.0,7.0,16.0,tarde,False,0,moderado,BR-101
706735.0,2025-07-23,quarta,18:20,ES,101.0,260.5,SERRA,Condutor deixou de manter distância do veículo da frente,Colisão traseira,Com Vítimas Feridas,Anoitecer,Crescente,Ignorado,Dupla,Curva,Não,3.0,0.0,1.0,0.0,2.0,0.0,1.0,2.0,-20.14704296,-40.28123975,SPRF-ES,DEL02-ES,UOP01-DEL02-ES,2025-07-23 18:20:00,2025.0,7.0,18.0,noite,True,0,moderado,BR-101
706801.0,2025-07-24,quinta,03:30,ES,101.0,302.6,VIANA,Velocidade Incompatível,Saída de leito carroçável,Com Vítimas Feridas,Plena Noite,Decrescente,Céu Claro,Dupla,Curva,Sim,1.0,0.0,1.0,0.0,0.0,0.0,1.0,1.0,-20.37560324,-40.44286108,SPRF-ES,DEL01-ES,UOP01-DEL01-ES,2025-07-24 03:30:00,2025.0,7.0,3.0,madrugada,True,0,moderado,BR-101
706834.0,2025-07-24,quinta,08:25,ES,101.0,296.8,CARIACICA,Manobra de mudança de faixa,Colisão com objeto,Com Vítimas Feridas,Pleno dia,Crescente,Céu Claro,Múltipla,Curva,Sim,1.0,0.0,1.0,0.0,0.0,0.0,1.0,1.0,-20.343869,-40.408154,SPRF-ES,DEL01-ES,UOP01-DEL01-ES,2025-07-24 08:25:00,2025.0,7.0,8.0,manha,True,0,moderado,BR-101
706919.0,2025-07-24,quinta,17:00,ES,101.0,144.0,LINHARES,Condutor deixou de manter distância do veículo da frente,Colisão traseira,Com Vítimas Feridas,Anoitecer,Crescente,Céu Claro,Simples,Reta,Sim,3.0,0.0,1.0,0.0,2.0,0.0,1.0,2.0,-19.35584,-40.06423,SPRF-ES,DEL04-ES,UOP01-DEL04-ES,2025-07-24 17:00:00,2025.0,7.0,17.0,tarde,False,0,moderado,BR-101
706923.0,2025-07-24,quinta,17:30,ES,101.0,290.8,CARIACICA,Desrespeitar a preferência no cruzamento,Colisão transversal,Com Vítimas Feridas,Anoitecer,Decrescente,Céu Claro,Dupla,Reta;Aclive,Sim,2.0,0.0,0.0,1.0,1.0,0.0,1.0,2.0,-20.29572166,-40.39364934,SPRF-ES,DEL01-ES,UOP01-DEL01-ES,2025-07-24 17:30:00,2025.0,7.0,17.0,tarde,True,1,grave,BR-101
707047.0,2025-03-15,sabado,10:30,ES,101.0,218.9,IBIRACU,Pedestre cruzava a pista fora da faixa,Atropelamento de Pedestre,Com Vítimas Fatais,Pleno dia,Decrescente,Céu Claro,Dupla,Curva,Não,3.0,1.0,0.0,0.0,1.0,1.0,0.0,2.0,-19.8121756,-40.36557075,SPRF-ES,DEL02-ES,UOP01-DEL02-ES,2025-03-15 10:30:00,2025.0,3.0,10.0,manha,False,1,fatal,BR-101
707127.0,2025-07-25,sexta,15:20,ES,101.0,81.0,JAGUARE,Avarias e/ou desgaste excessivo no pneu,Saída de leito carroçável,Com Vítimas Feridas,Pleno dia,Decrescente,Céu Claro,Simples,Reta,Não,1.0,0.0,1.0,0.0,0.0,0.0,1.0,1.0,-18.94558273,-39.97650146,SPRF-ES,DEL04-ES,UOP02-DEL04-ES,2025-07-25 15:20:00,2025.0,7.0,15.0,tarde,False,0,moderado,BR-101
707152.0,2025-07-25,sexta,16:45,ES,101.0,254.8,SERRA,Condutor deixou de manter distância do veículo da frente,Colisão traseira,Com Vítimas Feridas,Pleno dia,Crescente,Céu Claro,Simples,Aclive;Reta,Sim,2.0,0.0,1.0,0.0,1.0,0.0,1.0,2.0,-20.114917,-40.319548,SPRF-ES,DEL02-ES,UOP01-DEL02-ES,2025-07-25 16:45:00,2025.0,7.0,16.0,tarde,True,0,moderado,BR-101
707160.0,2025-07-25,sexta,17:40,ES,101.0,270.4,SERRA,Manobra de mudança de faixa,Colisão lateral mesmo sentido,Com Vítimas Feridas,Plena Noite,Decrescente,Céu Claro,Dupla,Reta,Sim,3.0,0.0,2.0,0.0,1.0,0.0,2.0,2.0,-20.231971,-40.273888,SPRF-ES,DEL02-ES,UOP01-DEL02-ES,2025-07-25 17:40:00,2025.0,7.0,17.0,tarde,True,0,moderado,BR-101
707220.0,2025-07-25,sexta,20:50,ES,101.0,213.0,IBIRACU,Reação tardia ou ineficiente do condutor,Colisão transversal,Com Vítimas Feridas,Plena Noite,Crescente,Céu Claro,Simples,Reta,Sim,3.0,0.0,1.0,0.0,2.0,0.0,1.0,2.0,-19.82459,-40.369548,SPRF-ES,DEL02-ES,UOP01-DEL02-ES,2025-07-25 20:50:00,2025.0,7.0,20.0,noite,False,0,moderado,BR-101
707285.0,2025-07-26,sabado,06:30,ES,101.0,373.9,ICONHA,Chuva,Colisão com objeto,Com Vítimas Feridas,Pleno dia,Decrescente,Chuva,Dupla,Curva,Não,1.0,0.0,1.0,0.0,0.0,0.0,1.0,1.0,-20.78585639,-40.78216966,SPRF-ES,DEL03-ES,UOP01-DEL03-ES,2025-07-26 06:30:00,2025.0,7.0,6.0,manha,False,0,moderado,BR-101
707355.0,2025-07-26,sabado,13:40,ES,101.0,239.0,FUNDAO,Ingestão de álcool pelo condutor,Colisão traseira,Com Vítimas Feridas,Pleno dia,Decrescente,Céu Claro,Dupla,Reta,Não,6.0,0.0,2.0,1.0,3.0,0.0,3.0,4.0,-20.01375833,-40.40522575,SPRF-ES,DEL02-ES,UOP01-DEL02-ES,2025-07-26 13:40:00,2025.0,7.0,13.0,tarde,True,1,grave,BR-101
707360.0,2025-07-26,sabado,13:00,ES,262.0,36.0,DOMINGOS MARTINS,Acesso irregular,Colisão lateral mesmo sentido,Com Vítimas Feridas,Pleno dia,Crescente,Céu Claro,Simples,Curva,Não,2.0,0.0,2.0,0.0,0.0,0.0,2.0,2.0,-20.382063,-40.607021,SPRF-ES,DEL01-ES,UOP01-DEL01-ES,2025-07-26 13:00:00,2025.0,7.0,13.0,tarde,False,0,moderado,BR-262
707374.0,2025-07-26,sabado,15:40,ES,101.0,251.0,SERRA,Reação tardia ou ineficiente do condutor,Tombamento,Com Vítimas Feridas,Pleno dia,Decrescente,Céu Claro,Simples,Reta;Aclive,Não,1.0,0.0,1.0,0.0,0.0,0.0,1.0,1.0,-20.0852763,-40.3452301,SPRF-ES,DEL02-ES,UOP01-DEL02-ES,2025-07-26 15:40:00,2025.0,7.0,15.0,tarde,True,0,moderado,BR-101
707426.0,2025-07-26,sabado,19:45,ES,101.0,294.8,CARIACICA,Reação tardia ou ineficiente do condutor,Colisão com objeto,Com Vítimas Feridas,Plena Noite,Decrescente,Nublado,Múltipla,Declive;Reta,Sim,1.0,0.0,1.0,0.0,0.0,0.0,1.0,1.0,-20.33093023,-40.39923833,SPRF-ES,DEL01-ES,UOP01-DEL01-ES,2025-07-26 19:45:00,2025.0,7.0,19.0,noite,True,0,moderado,BR-101
707450.0,2025-07-26,sabado,21:00,ES,101.0,32.3,CONCEICAO DA BARRA,Condutor deixou de manter distância do veículo da frente,Colisão traseira,Com Vítimas Feridas,Plena Noite,Crescente,Nublado,Simples,Reta;Aclive,Sim,2.0,0.0,1.0,0.0,1.0,0.0,1.0,2.0,-18.43157039,-39.93394939,SPRF-ES,DEL04-ES,UOP02-DEL04-ES,2025-07-26 21:00:00,2025.0,7.0,21.0,noite,False,0,moderado,BR-101
707479.0,2025-07-27,domingo,00:30,ES,262.0,185.0,IUNA,Acesso irregular,Colisão frontal,Com Vítimas Feridas,Plena Noite,Crescente,Céu Claro,Simples,Reta;Interseção de Vias,Sim,2.0,0.0,0.0,1.0,0.0,1.0,1.0,2.0,-20.300513,-41.708798,SPRF-ES,DEL01-ES,UOP02-DEL01-ES,2025-07-27 00:30:00,2025.0,7.0,0.0,madrugada,False,1,grave,BR-262
707485.0,2025-07-27,domingo,01:30,ES,262.0,162.6,IBATIBA,Ausência de reação do condutor,Saída de leito carroçável,Com Vítimas Feridas,Plena Noite,Crescente,Céu Claro,Simples,Curva,Não,1.0,0.0,1.0,0.0,0.0,0.0,1.0,1.0,-20.234369,-41.527972,SPRF-ES,DEL01-ES,UOP02-DEL01-ES,2025-07-27 01:30:00,2025.0,7.0,1.0,madrugada,False,0,moderado,BR-262
707493.0,2025-07-27,domingo,03:30,ES,101.0,338.5,GUARAPARI,Afundamento ou ondulação no pavimento,Colisão com objeto,Com Vítimas Feridas,Plena Noite,Decrescente,Céu Claro,Dupla,Curva,Não,2.0,0.0,2.0,0.0,0.0,0.0,2.0,1.0,-20.64374884,-40.55453897,SPRF-ES,DEL03-ES,UOP01-DEL03-ES,2025-07-27 03:30:00,2025.0,7.0,3.0,madrugada,True,0,moderado,BR-101
707494.0,2025-07-27,domingo,05:20,ES,101.0,372.1,ICONHA,Ingestão de álcool pelo condutor,Colisão lateral sentido oposto,Sem Vítimas,Plena Noite,Crescente,Céu Claro,Simples,Curva,Não,3.0,0.0,0.0,0.0,3.0,0.0,0.0,2.0,-20.7717528,-40.77659067,SPRF-ES,DEL03-ES,UOP01-DEL03-ES,2025-07-27 05:20:00,2025.0,7.0,5.0,madrugada,False,0,baixo,BR-101
707505.0,2025-07-27,domingo,06:00,ES,101.0,142.3,LINHARES,Reação tardia ou ineficiente do condutor,Colisão traseira,Com Vítimas Feridas,Amanhecer,Crescente,Garoa/Chuvisco,Múltipla,Reta,Não,3.0,0.0,1.0,0.0,1.0,1.0,1.0,2.0,-19.33698667,-40.06665667,SPRF-ES,DEL04-ES,UOP01-DEL04-ES,2025-07-27 06:00:00,2025.0,7.0,6.0,manha,False,0,moderado,BR-101
707529.0,2025-07-27,domingo,08:10,ES,101.0,243.0,SERRA,Demais falhas mecânicas ou elétricas,Incêndio,Sem Vítimas,Pleno dia,Crescente,Céu Claro,Simples,Reta,Não,4.0,0.0,0.0,0.0,4.0,0.0,0.0,1.0,-20.0442,-40.3897,SPRF-ES,DEL02-ES,UOP01-DEL02-ES,2025-07-27 08:10:00,2025.0,7.0,8.0,manha,True,0,baixo,BR-101
707625.0,2025-07-27,domingo,16:50,ES,101.0,141.7,LINHARES,Demais falhas mecânicas ou elétricas,Saída de leito carroçável,Com Vítimas Feridas,Pleno dia,Crescente,Nublado,Múltipla,Reta,Não,2.0,0.0,2.0,0.0,0.0,0.0,2.0,1.0,-19.33189509,-40.06938863,SPRF-ES,DEL04-ES,UOP01-DEL04-ES,2025-07-27 16:50:00,2025.0,7.0,16.0,tarde,False,0,moderado,BR-101
707660.0,2025-07-27,domingo,19:30,ES,259.0,60.0,COLATINA,Reação tardia ou ineficiente do condutor,Colisão com objeto,Com Vítimas Feridas,Plena Noite,Crescente,Céu Claro,Simples,Rotatória,Sim,1.0,0.0,1.0,0.0,0.0,0.0,1.0,1.0,-19.52477054,-40.67318559,SPRF-ES,DEL02-ES,UOP01-DEL02-ES,2025-07-27 19:30:00,2025.0,7.0,19.0,noite,False,0,moderado,BR-259
707718.0,2025-07-27,domingo,23:00,ES,101.0,298.0,VIANA,Objeto estático sobre o leito carroçável,Queda de ocupante de veículo,Com Vítimas Feridas,Plena Noite,Crescente,Céu Claro,Dupla,Reta,Sim,2.0,0.0,1.0,1.0,0.0,0.0,2.0,1.0,-20.351398,-40.413696,SPRF-ES,DEL01-ES,UOP01-DEL01-ES,2025-07-27 23:00:00,2025.0,7.0,23.0,noite,True,1,grave,BR-101
707753.0,2025-07-28,segunda,07:05,ES,101.0,146.6,LINHARES,Manobra de mudança de faixa,Colisão lateral mesmo sentido,Com Vítimas Feridas,Pleno dia,Crescente,Céu Claro,Múltipla,Reta,Sim,3.0,0.0,1.0,0.0,1.0,1.0,1.0,3.0,-19.37623298,-40.06660283,SPRF-ES,DEL04-ES,UOP01-DEL04-ES,2025-07-28 07:05:00,2025.0,7.0,7.0,manha,False,0,moderado,BR-101
707757.0,2025-07-28,segunda,07:21,ES,101.0,290.8,CARIACICA,Acessar a via sem observar a presença dos outros veículos,Colisão transversal,Com Vítimas Feridas,Pleno dia,Crescente,Céu Claro,Dupla,Reta;Retorno Regulamentado,Sim,2.0,0.0,1.0,0.0,1.0,0.0,1.0,2.0,-20.295806,-40.393701,SPRF-ES,DEL01-ES,UOP01-DEL01-ES,2025-07-28 07:21:00,2025.0,7.0,7.0,manha,True,0,moderado,BR-101
707769.0,2025-07-28,segunda,08:10,ES,101.0,125.0,SOORETAMA,Condutor deixou de manter distância do veículo da frente,Colisão traseira,Com Vítimas Feridas,Pleno dia,Crescente,Céu Claro,Múltipla,Reta;Aclive,Sim,2.0,0.0,1.0,0.0,1.0,0.0,1.0,2.0,-19.18919522,-40.09490146,SPRF-ES,DEL04-ES,UOP01-DEL04-ES,2025-07-28 08:10:00,2025.0,7.0,8.0,manha,False,0,moderado,BR-101
707789.0,2025-07-28,segunda,09:30,ES,101.0,267.1,SERRA,Manobra de mudança de faixa,Queda de ocupante de veículo,Com Vítimas Feridas,Pleno dia,Crescente,Céu Claro,Múltipla,Reta,Sim,1.0,0.0,1.0,0.0,0.0,0.0,1.0,1.0,-20.19859505,-40.26896864,SPRF-ES,DEL02-ES,UOP01-DEL02-ES,2025-07-28 09:30:00,2025.0,7.0,9.0,manha,True,0,moderado,BR-101
707793.0,2025-07-28,segunda,09:37,ES,101.0,294.0,CARIACICA,Entrada inopinada do pedestre,Atropelamento de Pedestre,Com Vítimas Feridas,Pleno dia,Decrescente,Céu Claro,Dupla,Reta,Sim,2.0,0.0,0.0,1.0,1.0,0.0,1.0,2.0,-20.3296923,-40.3997527,SPRF-ES,DEL01-ES,UOP01-DEL01-ES,2025-07-28 09:37:00,2025.0,7.0,9.0,manha,True,1,grave,BR-101
707796.0,2025-07-28,segunda,10:29,ES,101.0,292.9,CARIACICA,Ausência de reação do condutor,Colisão traseira,Com Vítimas Feridas,Pleno dia,Decrescente,Céu Claro,Dupla,Declive,Sim,4.0,0.0,1.0,0.0,3.0,0.0,1.0,4.0,-20.31855038,-40.39638519,SPRF-ES,DEL01-ES,UOP01-DEL01-ES,2025-07-28 10:29:00,2025.0,7.0,10.0,manha,True,0,moderado,BR-101
707861.0,2025-07-28,segunda,15:30,ES,101.0,386.5,RIO NOVO DO SUL,Ausência de reação do condutor,Saída de leito carroçável,Com Vítimas Feridas,Pleno dia,Decrescente,Céu Claro,Simples,Curva,Não,2.0,0.0,1.0,1.0,0.0,0.0,2.0,1.0,-20.844807,-40.877143,SPRF-ES,DEL03-ES,UOP01-DEL03-ES,2025-07-28 15:30:00,2025.0,7.0,15.0,tarde,False,1,grave,BR-101
707891.0,2025-07-28,segunda,17:45,ES,101.0,297.0,CARIACICA,Condutor deixou de manter distância do veículo da frente,Colisão traseira,Com Vítimas Feridas,Plena Noite,Crescente,Céu Claro,Dupla,Reta,Sim,2.0,0.0,1.0,0.0,0.0,1.0,1.0,2.0,-20.34817903,-40.41180575,SPRF-ES,DEL01-ES,UOP01-DEL01-ES,2025-07-28 17:45:00,2025.0,7.0,17.0,tarde,True,0,moderado,BR-101
707968.0,2025-07-29,terca,06:00,ES,262.0,25.0,VIANA,Condutor deixou de manter distância do veículo da frente,Colisão traseira,Com Vítimas Feridas,Pleno dia,Crescente,Céu Claro,Simples,Reta,Não,2.0,0.0,1.0,0.0,1.0,0.0,1.0,2.0,-20.379485,-40.537222,SPRF-ES,DEL01-ES,UOP01-DEL01-ES,2025-07-29 06:00:00,2025.0,7.0,6.0,manha,True,0,moderado,BR-262
708046.0,2025-07-29,terca,14:00,ES,101.0,79.0,SAO MATEUS,Ausência de reação do condutor,Capotamento,Com Vítimas Feridas,Pleno dia,Decrescente,Céu Claro,Simples,Reta;Ponte,Não,2.0,0.0,2.0,0.0,0.0,0.0,2.0,1.0,-18.7271255,-39.8366474,SPRF-ES,DEL04-ES,UOP02-DEL04-ES,2025-07-29 14:00:00,2025.0,7.0,14.0,tarde,False,0,moderado,BR-101
708060.0,2025-07-29,terca,15:30,ES,101.0,141.5,LINHARES,Pedestre - Ingestão de álcool/ substâncias psicoativas,Colisão traseira,Com Vítimas Feridas,Pleno dia,Decrescente,Céu Claro,Dupla,Reta,Sim,4.0,0.0,1.0,0.0,2.0,1.0,1.0,3.0,-19.3299559,-40.06984744,SPRF-ES,DEL04-ES,UOP01-DEL04-ES,2025-07-29 15:30:00,2025.0,7.0,15.0,tarde,False,0,moderado,BR-101
708173.0,2025-07-30,quarta,07:50,ES,101.0,69.0,SAO MATEUS,Acessar a via sem observar a presença dos outros veículos,Colisão transversal,Com Vítimas Feridas,Pleno dia,Crescente,Nublado,Simples,Reta,Sim,3.0,0.0,2.0,0.0,1.0,0.0,2.0,2.0,-18.73872765,-39.86103773,SPRF-ES,DEL04-ES,UOP02-DEL04-ES,2025-07-30 07:50:00,2025.0,7.0,7.0,manha,False,0,moderado,BR-101
708194.0,2025-07-30,quarta,08:49,ES,262.0,169.0,IBATIBA,Ausência de reação do condutor,Colisão transversal,Com Vítimas Feridas,Pleno dia,Crescente,Sol,Simples,Retorno Regulamentado,Não,2.0,0.0,1.0,0.0,1.0,0.0,1.0,2.0,-20.251363,-41.56377,SPRF-ES,DEL01-ES,UOP02-DEL01-ES,2025-07-30 08:49:00,2025.0,7.0,8.0,manha,False,0,moderado,BR-262
708248.0,2025-07-30,quarta,16:45,ES,101.0,287.4,CARIACICA,Acessar a via sem observar a presença dos outros veículos,Colisão lateral mesmo sentido,Com Vítimas Feridas,Pleno dia,Crescente,Céu Claro,Dupla,Reta,Sim,3.0,0.0,2.0,0.0,0.0,1.0,2.0,2.0,-20.267112,-40.387315,SPRF-ES,DEL01-ES,UOP01-DEL01-ES,2025-07-30 16:45:00,2025.0,7.0,16.0,tarde,True,0,moderado,BR-101
708271.0,2025-07-30,quarta,18:50,ES,101.0,264.0,SERRA,Acesso irregular,Colisão transversal,Com Vítimas Feridas,Anoitecer,Decrescente,Céu Claro,Dupla,Reta,Não,2.0,0.0,1.0,0.0,0.0,1.0,1.0,2.0,-20.178088,-40.265524,SPRF-ES,DEL02-ES,UOP01-DEL02-ES,2025-07-30 18:50:00,2025.0,7.0,18.0,noite,True,0,moderado,BR-101
708319.0,2025-07-30,quarta,22:39,ES,101.0,240.0,SERRA,Reação tardia ou ineficiente do condutor,Colisão frontal,Com Vítimas Feridas,Pleno dia,Decrescente,Chuva,Dupla,Reta,Não,2.0,0.0,0.0,1.0,1.0,0.0,1.0,2.0,-20.054016,-40.3800064,SPRF-ES,DEL02-ES,UOP01-DEL02-ES,2025-07-30 22:39:00,2025.0,7.0,22.0,noite,True,1,grave,BR-101
708411.0,2025-07-31,quinta,12:10,ES,101.0,189.0,ARACRUZ,Acessar a via sem observar a presença dos outros veículos,Colisão transversal,Com Vítimas Feridas,Pleno dia,Decrescente,Céu Claro,Simples,Retorno Regulamentado;Reta,Sim,2.0,0.0,1.0,0.0,1.0,0.0,1.0,2.0,-19.68162431,-40.27077592,SPRF-ES,DEL04-ES,UOP01-DEL04-ES,2025-07-31 12:10:00,2025.0,7.0,12.0,tarde,False,0,moderado,BR-101
708424.0,2025-07-31,quinta,12:50,ES,101.0,147.4,LINHARES,Condutor desrespeitou a iluminação vermelha do semáforo,Colisão transversal,Com Vítimas Feridas,Pleno dia,Crescente,Céu Claro,Dupla,Reta;Interseção de Vias,Sim,2.0,0.0,1.0,0.0,1.0,0.0,1.0,2.0,-19.39481488,-40.06537311,SPRF-ES,DEL04-ES,UOP01-DEL04-ES,2025-07-31 12:50:00,2025.0,7.0,12.0,tarde,False,0,moderado,BR-101
708522.0,2025-07-31,quinta,23:10,ES,101.0,149.0,LINHARES,Animais na Pista,Tombamento,Com Vítimas Feridas,Plena Noite,Crescente,Céu Claro,Múltipla,Curva;Declive,Sim,1.0,0.0,1.0,0.0,0.0,0.0,1.0,1.0,-19.40223508,-40.0610687,SPRF-ES,DEL04-ES,UOP01-DEL04-ES,2025-07-31 23:10:00,2025.0,7.0,23.0,noite,False,0,moderado,BR-101
708572.0,2025-08-01,sexta,07:40,ES,101.0,278.8,SERRA,Ausência de reação do condutor,Colisão traseira,Com Vítimas Feridas,Pleno dia,Decrescente,Céu Claro,Dupla,Interseção de Vias,Sim,2.0,0.0,1.0,0.0,1.0,0.0,1.0,2.0,-20.04888027,-40.38652411,SPRF-ES,DEL02-ES,UOP01-DEL02-ES,2025-08-01 07:40:00,2025.0,8.0,7.0,manha,True,0,moderado,BR-101
708603.0,2025-07-09,quarta,13:39,ES,101.0,288.4,CARIACICA,Acessar a via sem observar a presença dos outros veículos,Colisão transversal,Com Vítimas Feridas,Pleno dia,Decrescente,Nublado,Dupla,Retorno Regulamentado;Interseção de Vias;Reta,Sim,2.0,0.0,0.0,1.0,1.0,0.0,1.0,2.0,-20.274515,-40.392152,SPRF-ES,DEL01-ES,UOP01-DEL01-ES,2025-07-09 13:39:00,2025.0,7.0,13.0,tarde,True,1,grave,BR-101
708694.0,2025-08-01,sexta,18:20,ES,101.0,284.5,CARIACICA,Manobra de mudança de faixa,Colisão lateral mesmo sentido,Com Vítimas Feridas,Plena Noite,Crescente,Nublado,Dupla,Reta,Sim,2.0,0.0,1.0,0.0,1.0,0.0,1.0,2.0,-20.2506968,-40.3703938,SPRF-ES,DEL01-ES,UOP01-DEL01-ES,2025-08-01 18:20:00,2025.0,8.0,18.0,noite,True,0,moderado,BR-101
708707.0,2025-08-01,sexta,17:40,ES,101.0,147.0,LINHARES,Ausência de reação do condutor,Tombamento,Com Vítimas Feridas,Plena Noite,Crescente,Céu Claro,Múltipla,Reta,Não,2.0,0.0,1.0,0.0,1.0,0.0,1.0,1.0,-19.3831121,-40.06676165,SPRF-ES,DEL04-ES,UOP01-DEL04-ES,2025-08-01 17:40:00,2025.0,8.0,17.0,tarde,False,0,moderado,BR-101
708735.0,2025-08-01,sexta,18:40,ES,101.0,253.7,SERRA,Animais na Pista,Atropelamento de Animal,Com Vítimas Feridas,Plena Noite,Decrescente,Nublado,Simples,Reta,Não,1.0,0.0,1.0,0.0,0.0,0.0,1.0,1.0,-20.10808697,-40.32925862,SPRF-ES,DEL02-ES,UOP01-DEL02-ES,2025-08-01 18:40:00,2025.0,8.0,18.0,noite,True,0,moderado,BR-101
708813.0,2025-08-02,sabado,05:28,ES,262.0,47.6,MARECHAL FLORIANO,Entrada inopinada do pedestre,Atropelamento de Pedestre,Com Vítimas Fatais,Plena Noite,Crescente,Nublado,Simples,Reta,Não,2.0,1.0,0.0,0.0,1.0,0.0,0.0,2.0,-20.41179942,-40.68244195,SPRF-ES,DEL01-ES,UOP01-DEL01-ES,2025-08-02 05:28:00,2025.0,8.0,5.0,madrugada,False,1,fatal,BR-262
708853.0,2025-08-02,sabado,08:58,ES,101.0,148.1,LINHARES,Ingestão de álcool pelo condutor,Colisão com objeto,Com Vítimas Feridas,Pleno dia,Crescente,Céu Claro,Dupla,Reta,Sim,1.0,0.0,0.0,1.0,0.0,0.0,1.0,1.0,-19.38903866,-40.06754892,SPRF-ES,DEL04-ES,UOP01-DEL04-ES,2025-08-02 08:58:00,2025.0,8.0,8.0,manha,False,1,grave,BR-101
708877.0,2025-08-02,sabado,07:00,ES,259.0,44.0,COLATINA,Reação tardia ou ineficiente do condutor,Colisão com objeto,Sem Vítimas,Pleno dia,Crescente,Sol,Dupla,Interseção de Vias,Não,1.0,0.0,0.0,0.0,1.0,0.0,0.0,1.0,-19.53099513,-40.58246613,SPRF-ES,DEL02-ES,UOP01-DEL02-ES,2025-08-02 07:00:00,2025.0,8.0,7.0,manha,False,0,baixo,BR-259
708939.0,2025-08-02,sabado,19:35,ES,101.0,94.0,JAGUARE,Reação tardia ou ineficiente do condutor,Colisão traseira,Com Vítimas Feridas,Plena Noite,Decrescente,Céu Claro,Simples,Reta;Declive,Sim,4.0,0.0,1.0,0.0,0.0,3.0,1.0,3.0,-18.93381566,-39.97318475,SPRF-ES,DEL04-ES,UOP02-DEL04-ES,2025-08-02 19:35:00,2025.0,8.0,19.0,noite,False,0,moderado,BR-101
709007.0,2025-08-02,sabado,23:25,ES,101.0,421.5,ATILIO VIVACQUA,Ingestão de álcool pelo condutor,Colisão com objeto,Com Vítimas Feridas,Plena Noite,Crescente,Nublado,Simples,Curva,Não,2.0,0.0,1.0,0.0,1.0,0.0,1.0,1.0,-20.9772395,-41.1116758,SPRF-ES,DEL03-ES,UOP02-DEL03-ES,2025-08-02 23:25:00,2025.0,8.0,23.0,noite,False,0,moderado,BR-101
709029.0,2025-08-03,domingo,03:40,ES,259.0,104.0,BAIXO GUANDU,Ingestão de álcool pelo condutor,Colisão lateral sentido oposto,Com Vítimas Feridas,Plena Noite,Crescente,Céu Claro,Simples,Curva,Não,3.0,0.0,2.0,0.0,0.0,1.0,2.0,2.0,-19.5083467,-41.0343139,SPRF-ES,DEL02-ES,UOP01-DEL02-ES,2025-08-03 03:40:00,2025.0,8.0,3.0,madrugada,False,0,moderado,BR-259
709116.0,2025-08-03,domingo,12:58,ES,101.0,211.0,IBIRACU,Manobra de mudança de faixa,Colisão lateral mesmo sentido,Com Vítimas Feridas,Pleno dia,Crescente,Céu Claro,Simples,Reta,Não,6.0,0.0,5.0,0.0,1.0,0.0,5.0,2.0,-19.80791491,-40.36752284,SPRF-ES,DEL02-ES,UOP01-DEL02-ES,2025-08-03 12:58:00,2025.0,8.0,12.0,tarde,False,0,moderado,BR-101
709173.0,2025-08-03,domingo,17:39,ES,101.0,157.7,LINHARES,Demais falhas mecânicas ou elétricas,Tombamento,Com Vítimas Feridas,Anoitecer,Decrescente,Céu Claro,Simples,Reta,Não,2.0,0.0,2.0,0.0,0.0,0.0,2.0,1.0,-19.42963092,-40.08310318,SPRF-ES,DEL04-ES,UOP01-DEL04-ES,2025-08-03 17:39:00,2025.0,8.0,17.0,tarde,False,0,moderado,BR-101
709198.0,2025-08-03,domingo,19:00,ES,101.0,127.7,SOORETAMA,Ingestão de álcool pelo condutor,Tombamento,Com Vítimas Feridas,Plena Noite,Decrescente,Céu Claro,Dupla,Curva,Sim,1.0,0.0,0.0,1.0,0.0,0.0,1.0,1.0,-19.21075166,-40.09477615,SPRF-ES,DEL04-ES,UOP01-DEL04-ES,2025-08-03 19:00:00,2025.0,8.0,19.0,noite,False,1,grave,BR-101
709244.0,2025-08-03,domingo,22:20,ES,101.0,175.0,ARACRUZ,Acumulo de areia ou detritos sobre o pavimento,Saída de leito carroçável,Com Vítimas Feridas,Plena Noite,Decrescente,Céu Claro,Simples,Reta,Não,1.0,0.0,1.0,0.0,0.0,0.0,1.0,1.0,-19.58842636,-40.19146228,SPRF-ES,DEL04-ES,UOP01-DEL04-ES,2025-08-03 22:20:00,2025.0,8.0,22.0,noite,False,0,moderado,BR-101
709320.0,2025-08-04,segunda,07:45,ES,101.0,294.8,CARIACICA,Velocidade Incompatível,Tombamento,Com Vítimas Feridas,Pleno dia,Crescente,Céu Claro,Múltipla,Reta,Sim,1.0,0.0,1.0,0.0,0.0,0.0,1.0,1.0,-20.33035781,-40.39916849,SPRF-ES,DEL01-ES,UOP01-DEL01-ES,2025-08-04 07:45:00,2025.0,8.0,7.0,manha,True,0,moderado,BR-101
709322.0,2025-08-04,segunda,08:30,ES,101.0,67.3,SAO MATEUS,Ausência de reação do condutor,Colisão traseira,Com Vítimas Feridas,Pleno dia,Crescente,Sol,Dupla,Reta,Sim,2.0,0.0,1.0,0.0,1.0,0.0,1.0,2.0,-18.719597,-39.868443,SPRF-ES,DEL04-ES,UOP02-DEL04-ES,2025-08-04 08:30:00,2025.0,8.0,8.0,manha,False,0,moderado,BR-101
709330.0,2025-08-04,segunda,07:20,ES,101.0,291.6,CARIACICA,Manobra de mudança de faixa,Colisão lateral mesmo sentido,Com Vítimas Feridas,Pleno dia,Decrescente,Céu Claro,Dupla,Reta,Sim,2.0,0.0,1.0,0.0,1.0,0.0,1.0,2.0,-20.30093861,-40.3952229,SPRF-ES,DEL01-ES,UOP01-DEL01-ES,2025-08-04 07:20:00,2025.0,8.0,7.0,manha,True,0,moderado,BR-101
709384.0,2025-08-04,segunda,14:30,ES,101.0,146.5,LINHARES,Condutor deixou de manter distância do veículo da frente,Colisão traseira,Com Vítimas Feridas,Pleno dia,Crescente,Céu Claro,Múltipla,Reta,Sim,2.0,0.0,1.0,0.0,0.0,1.0,1.0,2.0,-19.37377861,-40.0662595,SPRF-ES,DEL04-ES,UOP01-DEL04-ES,2025-08-04 14:30:00,2025.0,8.0,14.0,tarde,False,0,moderado,BR-101
709393.0,2025-08-04,segunda,14:50,ES,262.0,117.0,CONCEICAO DO CASTELO,Transitar na contramão,Colisão frontal,Com Vítimas Feridas,Pleno dia,Crescente,Céu Claro,Simples,Declive;Curva,Não,6.0,0.0,3.0,1.0,2.0,0.0,4.0,2.0,-20.3107332,-41.2427853,SPRF-ES,DEL01-ES,UOP02-DEL01-ES,2025-08-04 14:50:00,2025.0,8.0,14.0,tarde,False,1,grave,BR-262
709430.0,2025-08-04,segunda,18:30,ES,101.0,77.5,SAO MATEUS,Reação tardia ou ineficiente do condutor,Tombamento,Com Vítimas Feridas,Plena Noite,Decrescente,Nublado,Simples,Reta;Declive,Não,1.0,0.0,1.0,0.0,0.0,0.0,1.0,1.0,-18.796976,-39.888254,SPRF-ES,DEL04-ES,UOP02-DEL04-ES,2025-08-04 18:30:00,2025.0,8.0,18.0,noite,False,0,moderado,BR-101
709490.0,2025-08-05,terca,03:40,ES,101.0,267.8,SERRA,Ingestão de álcool pelo condutor,Saída de leito carroçável,Sem Vítimas,Plena Noite,Decrescente,Céu Claro,Múltipla,Interseção de Vias,Sim,1.0,0.0,0.0,0.0,1.0,0.0,0.0,1.0,-20.2065946,-40.2691459,SPRF-ES,DEL02-ES,UOP01-DEL02-ES,2025-08-05 03:40:00,2025.0,8.0,3.0,madrugada,True,0,baixo,BR-101
709503.0,2025-08-05,terca,07:41,ES,101.0,16.1,SERRA,Sinalização mal posicionada,Colisão traseira,Com Vítimas Feridas,Pleno dia,Crescente,Céu Claro,Dupla,Curva,Não,4.0,0.0,0.0,2.0,2.0,0.0,2.0,2.0,-20.0488657,-40.3866812,SPRF-ES,DEL02-ES,UOP01-DEL02-ES,2025-08-05 07:41:00,2025.0,8.0,7.0,manha,True,1,grave,BR-101
709524.0,2025-08-05,terca,07:51,ES,101.0,154.0,LINHARES,Ausência de reação do condutor,Saída de leito carroçável,Com Vítimas Feridas,Pleno dia,Decrescente,Céu Claro,Simples,Reta,Não,1.0,0.0,1.0,0.0,0.0,0.0,1.0,1.0,-19.43877314,-40.08922371,SPRF-ES,DEL04-ES,UOP01-DEL04-ES,2025-08-05 07:51:00,2025.0,8.0,7.0,manha,False,0,moderado,BR-101
709593.0,2025-08-05,terca,17:01,ES,101.0,372.0,ICONHA,Acessar a via sem observar a presença dos outros veículos,Colisão transversal,Com Vítimas Feridas,Anoitecer,Crescente,Céu Claro,Simples,Reta,Não,2.0,0.0,1.0,0.0,1.0,0.0,1.0,2.0,-20.77482334,-40.77796698,SPRF-ES,DEL03-ES,UOP01-DEL03-ES,2025-08-05 17:01:00,2025.0,8.0,17.0,tarde,False,0,moderado,BR-101
709622.0,2025-08-05,terca,18:30,ES,101.0,143.4,LINHARES,Retorno proibido,Colisão transversal,Com Vítimas Feridas,Pleno dia,Decrescente,Céu Claro,Simples,Reta,Sim,2.0,0.0,1.0,0.0,1.0,0.0,1.0,2.0,-19.34509012,-40.06368653,SPRF-ES,DEL04-ES,UOP01-DEL04-ES,2025-08-05 18:30:00,2025.0,8.0,18.0,noite,False,0,moderado,BR-101
709873.0,2025-08-06,quarta,21:20,ES,101.0,150.0,LINHARES,Ingestão de álcool pelo condutor,Colisão traseira,Sem Vítimas,Plena Noite,Crescente,Céu Claro,Dupla,Interseção de Vias,Sim,3.0,0.0,0.0,0.0,2.0,1.0,0.0,3.0,-19.39706543,-40.06381541,SPRF-ES,DEL04-ES,UOP01-DEL04-ES,2025-08-06 21:20:00,2025.0,8.0,21.0,noite,False,0,baixo,BR-101
709963.0,2025-07-31,quinta,16:15,ES,101.0,204.0,JOAO NEIVA,Reação tardia ou ineficiente do condutor,Colisão traseira,Com Vítimas Feridas,Anoitecer,Crescente,Céu Claro,Simples,Reta,Sim,3.0,0.0,2.0,0.0,1.0,0.0,2.0,2.0,-19.74804487,-40.37794143,SPRF-ES,DEL02-ES,UOP01-DEL02-ES,2025-07-31 16:15:00,2025.0,7.0,16.0,tarde,False,0,moderado,BR-101
710037.0,2025-08-07,quinta,17:45,ES,101.0,266.0,SERRA,Manobra de mudança de faixa,Colisão lateral mesmo sentido,Com Vítimas Feridas,Anoitecer,Decrescente,Céu Claro,Dupla,Reta,Sim,2.0,0.0,0.0,1.0,1.0,0.0,1.0,2.0,-20.13173474,-40.29644967,SPRF-ES,DEL02-ES,UOP01-DEL02-ES,2025-08-07 17:45:00,2025.0,8.0,17.0,tarde,True,1,grave,BR-101
710080.0,2025-08-07,quinta,20:45,ES,101.0,285.0,CARIACICA,Ausência de reação do condutor,Colisão transversal,Com Vítimas Feridas,Plena Noite,Crescente,Céu Claro,Dupla,Reta;Retorno Regulamentado,Sim,2.0,0.0,1.0,0.0,1.0,0.0,1.0,2.0,-20.251689,-40.3737594,SPRF-ES,DEL01-ES,UOP01-DEL01-ES,2025-08-07 20:45:00,2025.0,8.0,20.0,noite,True,0,moderado,BR-101
710148.0,2025-08-08,sexta,07:00,ES,101.0,277.1,SERRA,Reação tardia ou ineficiente do condutor,Colisão traseira,Com Vítimas Feridas,Pleno dia,Decrescente,Céu Claro,Simples,Reta,Sim,2.0,0.0,1.0,0.0,1.0,0.0,1.0,2.0,-20.217039,-40.328454,SPRF-ES,DEL02-ES,UOP01-DEL02-ES,2025-08-08 07:00:00,2025.0,8.0,7.0,manha,True,0,moderado,BR-101
710175.0,2025-07-19,sabado,07:30,ES,101.0,117.9,LINHARES,Condutor deixou de manter distância do veículo da frente,Colisão traseira,Com Vítimas Feridas,Pleno dia,Crescente,Nevoeiro/Neblina,Simples,Reta,Não,4.0,0.0,3.0,0.0,1.0,0.0,3.0,3.0,-19.11912214,-40.06255149,SPRF-ES,DEL04-ES,UOP01-DEL04-ES,2025-07-19 07:30:00,2025.0,7.0,7.0,manha,False,0,moderado,BR-101
710188.0,2025-08-08,sexta,09:05,ES,101.0,144.1,LINHARES,Acumulo de óleo sobre o pavimento,Tombamento,Com Vítimas Feridas,Pleno dia,Decrescente,Céu Claro,Múltipla,Retorno Regulamentado,Sim,1.0,0.0,1.0,0.0,0.0,0.0,1.0,1.0,-19.35284389,-40.06369564,SPRF-ES,DEL04-ES,UOP01-DEL04-ES,2025-08-08 09:05:00,2025.0,8.0,9.0,manha,False,0,moderado,BR-101
710203.0,2025-07-17,quinta,16:00,ES,101.0,262.2,SERRA,Reação tardia ou ineficiente do condutor,Colisão lateral mesmo sentido,Com Vítimas Feridas,Pleno dia,Decrescente,Céu Claro,Dupla,Retorno Regulamentado;Reta,Sim,3.0,0.0,2.0,0.0,1.0,0.0,2.0,2.0,-20.159866,-40.27573,SPRF-ES,DEL02-ES,UOP01-DEL02-ES,2025-07-17 16:00:00,2025.0,7.0,16.0,tarde,True,0,moderado,BR-101
710207.0,2025-08-08,sexta,11:45,ES,101.0,157.4,LINHARES,Transitar na contramão,Colisão frontal,Com Vítimas Feridas,Pleno dia,Crescente,Céu Claro,Simples,Reta,Não,2.0,0.0,1.0,0.0,1.0,0.0,1.0,2.0,-19.45661599,-40.10182446,SPRF-ES,DEL04-ES,UOP01-DEL04-ES,2025-08-08 11:45:00,2025.0,8.0,11.0,manha,False,0,moderado,BR-101
710265.0,2025-08-08,sexta,15:30,ES,101.0,360.6,ANCHIETA,Demais falhas mecânicas ou elétricas,Queda de ocupante de veículo,Com Vítimas Feridas,Pleno dia,Crescente,Céu Claro,Simples,Curva,Não,2.0,0.0,2.0,0.0,0.0,0.0,2.0,1.0,-20.70917,-40.718823,SPRF-ES,DEL03-ES,UOP01-DEL03-ES,2025-08-08 15:30:00,2025.0,8.0,15.0,tarde,False,0,moderado,BR-101
710277.0,2025-08-08,sexta,16:30,ES,101.0,213.0,IBIRACU,Ausência de reação do condutor,Colisão traseira,Com Vítimas Feridas,Pleno dia,Decrescente,Céu Claro,Simples,Reta,Não,2.0,0.0,1.0,0.0,0.0,1.0,1.0,2.0,-19.826083,-40.369049,SPRF-ES,DEL02-ES,UOP01-DEL02-ES,2025-08-08 16:30:00,2025.0,8.0,16.0,tarde,False,0,moderado,BR-101
710279.0,2025-08-08,sexta,16:30,ES,101.0,109.7,SOORETAMA,Velocidade Incompatível,Saída de leito carroçável,Com Vítimas Feridas,Pleno dia,Decrescente,Céu Claro,Simples,Reta;Aclive,Não,2.0,0.0,2.0,0.0,0.0,0.0,2.0,1.0,-19.05109376,-40.02899504,SPRF-ES,DEL04-ES,UOP01-DEL04-ES,2025-08-08 16:30:00,2025.0,8.0,16.0,tarde,False,0,moderado,BR-101
710367.0,2025-08-08,sexta,21:30,ES,259.0,53.6,COLATINA,Ausência de reação do condutor,Colisão frontal,Com Vítimas Feridas,Plena Noite,Crescente,Céu Claro,Simples,Curva;Declive,Não,2.0,0.0,2.0,0.0,0.0,0.0,2.0,2.0,-19.50493944,-40.654507,SPRF-ES,DEL02-ES,UOP01-DEL02-ES,2025-08-08 21:30:00,2025.0,8.0,21.0,noite,False,0,moderado,BR-259
710372.0,2025-08-08,sexta,23:00,ES,101.0,147.2,LINHARES,Condutor desrespeitou a iluminação vermelha do semáforo,Colisão transversal,Com Vítimas Feridas,Plena Noite,Decrescente,Nublado,Múltipla,Interseção de Vias,Sim,2.0,0.0,1.0,0.0,1.0,0.0,1.0,2.0,-19.4005446,-40.06370544,SPRF-ES,DEL04-ES,UOP01-DEL04-ES,2025-08-08 23:00:00,2025.0,8.0,23.0,noite,False,0,moderado,BR-101
710424.0,2025-08-09,sabado,07:05,ES,101.0,171.7,ARACRUZ,Trafegar com motocicleta (ou similar) entre as faixas,Colisão com objeto,Com Vítimas Feridas,Pleno dia,Decrescente,Céu Claro,Múltipla,Reta,Não,1.0,0.0,1.0,0.0,0.0,0.0,1.0,1.0,-19.56313305,-40.1774384,SPRF-ES,DEL04-ES,UOP01-DEL04-ES,2025-08-09 07:05:00,2025.0,8.0,7.0,manha,False,0,moderado,BR-101
710452.0,2025-08-09,sabado,10:30,ES,101.0,261.0,SERRA,Ultrapassagem Indevida,Colisão traseira,Com Vítimas Feridas,Pleno dia,Decrescente,Céu Claro,Simples,Curva;Aclive,Sim,2.0,0.0,1.0,0.0,0.0,1.0,1.0,2.0,-20.16099306,-40.27539975,SPRF-ES,DEL02-ES,UOP01-DEL02-ES,2025-08-09 10:30:00,2025.0,8.0,10.0,manha,True,0,moderado,BR-101
710469.0,2025-08-09,sabado,10:44,ES,262.0,139.2,MUNIZ FREIRE,Acessar a via sem observar a presença dos outros veículos,Colisão transversal,Sem Vítimas,Pleno dia,Decrescente,Nublado,Simples,Curva,Não,2.0,0.0,0.0,0.0,1.0,1.0,0.0,2.0,-20.23245202,-41.36233139,SPRF-ES,DEL01-ES,UOP02-DEL01-ES,2025-08-09 10:44:00,2025.0,8.0,10.0,manha,False,0,baixo,BR-262
710476.0,2025-08-09,sabado,12:40,ES,101.0,257.0,SERRA,Manobra de mudança de faixa,Colisão lateral mesmo sentido,Com Vítimas Feridas,Pleno dia,Decrescente,Céu Claro,Dupla,Reta,Não,2.0,0.0,0.0,1.0,1.0,0.0,1.0,2.0,-20.13130033,-40.29531777,SPRF-ES,DEL02-ES,UOP01-DEL02-ES,2025-08-09 12:40:00,2025.0,8.0,12.0,tarde,True,1,grave,BR-101
710509.0,2025-08-09,sabado,15:09,ES,101.0,262.1,SERRA,Acessar a via sem observar a presença dos outros veículos,Colisão traseira,Com Vítimas Feridas,Pleno dia,Decrescente,Sol,Dupla,Interseção de Vias;Reta;Aclive,Sim,4.0,0.0,1.0,0.0,3.0,0.0,1.0,2.0,-20.15995493,-40.27592182,SPRF-ES,DEL02-ES,UOP01-DEL02-ES,2025-08-09 15:09:00,2025.0,8.0,15.0,tarde,True,0,moderado,BR-101
710551.0,2025-08-09,sabado,18:20,ES,262.0,55.0,MARECHAL FLORIANO,Curva acentuada,Queda de ocupante de veículo,Com Vítimas Feridas,Plena Noite,Crescente,Nublado,Simples,Curva,Não,1.0,0.0,1.0,0.0,0.0,0.0,1.0,1.0,-20.412784,-40.750743,SPRF-ES,DEL01-ES,UOP01-DEL01-ES,2025-08-09 18:20:00,2025.0,8.0,18.0,noite,False,0,moderado,BR-262
710569.0,2025-08-09,sabado,19:10,ES,101.0,230.4,FUNDAO,Manobra de mudança de faixa,Colisão traseira,Com Vítimas Feridas,Plena Noite,Crescente,Céu Claro,Simples,Curva,Sim,3.0,0.0,2.0,0.0,1.0,0.0,2.0,2.0,-19.94204645,-40.40634155,SPRF-ES,DEL02-ES,UOP01-DEL02-ES,2025-08-09 19:10:00,2025.0,8.0,19.0,noite,True,0,moderado,BR-101
710590.0,2025-08-09,sabado,20:25,ES,101.0,263.0,SERRA,Afundamento ou ondulação no pavimento,Queda de ocupante de veículo,Com Vítimas Feridas,Plena Noite,Crescente,Céu Claro,Dupla,Reta,Sim,1.0,0.0,1.0,0.0,0.0,0.0,1.0,1.0,-20.17343401,-40.267219,SPRF-ES,DEL02-ES,UOP01-DEL02-ES,2025-08-09 20:25:00,2025.0,8.0,20.0,noite,True,0,moderado,BR-101
710662.0,2025-08-10,domingo,03:21,ES,262.0,155.0,IBATIBA,Ingestão de álcool pelo condutor,Colisão transversal,Com Vítimas Feridas,Plena Noite,Crescente,Nublado,Simples,Reta,Sim,2.0,0.0,1.0,0.0,1.0,0.0,1.0,2.0,-20.2296621,-41.4771344,SPRF-ES,DEL01-ES,UOP02-DEL01-ES,2025-08-10 03:21:00,2025.0,8.0,3.0,madrugada,False,0,moderado,BR-262
710678.0,2025-08-10,domingo,04:58,ES,101.0,266.0,SERRA,Acessar a via sem observar a presença dos outros veículos,Colisão transversal,Com Vítimas Feridas,Amanhecer,Decrescente,Nublado,Dupla,Reta,Sim,2.0,0.0,1.0,0.0,1.0,0.0,1.0,2.0,-20.19318516,-40.26866198,SPRF-ES,DEL02-ES,UOP01-DEL02-ES,2025-08-10 04:58:00,2025.0,8.0,4.0,madrugada,True,0,moderado,BR-101
710701.0,2025-08-10,domingo,07:00,ES,101.0,232.8,FUNDAO,Reação tardia ou ineficiente do condutor,Tombamento,Com Vítimas Feridas,Pleno dia,Decrescente,Nublado,Simples,Reta,Não,1.0,0.0,1.0,0.0,0.0,0.0,1.0,1.0,-19.96819603,-40.40678144,SPRF-ES,DEL02-ES,UOP01-DEL02-ES,2025-08-10 07:00:00,2025.0,8.0,7.0,manha,True,0,moderado,BR-101
710777.0,2025-08-10,domingo,16:00,ES,259.0,9.0,JOAO NEIVA,Reação tardia ou ineficiente do condutor,Tombamento,Com Vítimas Feridas,Pleno dia,Crescente,Céu Claro,Simples,Reta,Não,1.0,0.0,0.0,1.0,0.0,0.0,1.0,1.0,-19.67457,-40.400959,SPRF-ES,DEL02-ES,UOP01-DEL02-ES,2025-08-10 16:00:00,2025.0,8.0,16.0,tarde,False,1,grave,BR-259
710883.0,2025-08-10,domingo,22:00,ES,101.0,296.7,CARIACICA,Reação tardia ou ineficiente do condutor,Colisão com objeto,Com Vítimas Feridas,Plena Noite,Decrescente,Céu Claro,Simples,Reta,Sim,1.0,0.0,1.0,0.0,0.0,0.0,1.0,1.0,-20.3437483,-40.40643811,SPRF-ES,DEL01-ES,UOP01-DEL01-ES,2025-08-10 22:00:00,2025.0,8.0,22.0,noite,True,0,moderado,BR-101
710888.0,2025-08-10,domingo,23:10,ES,101.0,296.7,CARIACICA,Reação tardia ou ineficiente do condutor,Colisão lateral mesmo sentido,Com Vítimas Feridas,Plena Noite,Decrescente,Céu Claro,Dupla,Reta,Sim,3.0,0.0,1.0,0.0,1.0,1.0,1.0,2.0,-20.34395751,-40.40776698,SPRF-ES,DEL01-ES,UOP01-DEL01-ES,2025-08-10 23:10:00,2025.0,8.0,23.0,noite,True,0,moderado,BR-101
710938.0,2025-08-11,segunda,06:33,ES,101.0,264.0,SERRA,Demais falhas mecânicas ou elétricas,Incêndio,Sem Vítimas,Pleno dia,Crescente,Céu Claro,Simples,Reta,Sim,1.0,0.0,0.0,0.0,1.0,0.0,0.0,1.0,-20.0488669,-40.3866817,SPRF-ES,DEL02-ES,UOP01-DEL02-ES,2025-08-11 06:33:00,2025.0,8.0,6.0,manha,True,0,baixo,BR-101
710999.0,2025-08-11,segunda,12:20,ES,101.0,149.3,LINHARES,Velocidade Incompatível,Colisão lateral mesmo sentido,Com Vítimas Feridas,Pleno dia,Decrescente,Céu Claro,Múltipla,Reta;Interseção de Vias,Não,3.0,0.0,1.0,0.0,2.0,0.0,1.0,2.0,-19.39895518,-40.06271047,SPRF-ES,DEL04-ES,UOP01-DEL04-ES,2025-08-11 12:20:00,2025.0,8.0,12.0,tarde,False,0,moderado,BR-101
711011.0,2025-08-11,segunda,13:46,ES,101.0,155.4,LINHARES,Transitar na contramão,Saída de leito carroçável,Com Vítimas Feridas,Pleno dia,Decrescente,Céu Claro,Simples,Reta,Não,1.0,0.0,1.0,0.0,0.0,0.0,1.0,1.0,-19.44153333,-40.091225,SPRF-ES,DEL04-ES,UOP01-DEL04-ES,2025-08-11 13:46:00,2025.0,8.0,13.0,tarde,False,0,moderado,BR-101
711039.0,2025-08-11,segunda,13:40,ES,262.0,163.0,IBATIBA,Manobra de mudança de faixa,Colisão lateral sentido oposto,Com Vítimas Feridas,Pleno dia,Crescente,Sol,Simples,Reta,Não,3.0,0.0,2.0,0.0,1.0,0.0,2.0,3.0,-20.23842,-41.536527,SPRF-ES,DEL01-ES,UOP02-DEL01-ES,2025-08-11 13:40:00,2025.0,8.0,13.0,tarde,False,0,moderado,BR-262
711083.0,2025-08-11,segunda,18:00,ES,101.0,282.2,CARIACICA,Acumulo de areia ou detritos sobre o pavimento,Queda de ocupante de veículo,Com Vítimas Feridas,Plena Noite,Decrescente,Céu Claro,Múltipla,Aclive,Sim,1.0,0.0,1.0,0.0,0.0,0.0,1.0,1.0,-20.22835175,-40.36567926,SPRF-ES,DEL01-ES,UOP01-DEL01-ES,2025-08-11 18:00:00,2025.0,8.0,18.0,noite,True,0,moderado,BR-101
711098.0,2025-08-11,segunda,18:57,ES,101.0,268.9,SERRA,Ausência de reação do condutor,Tombamento,Com Vítimas Feridas,Pleno dia,Crescente,Céu Claro,Dupla,Reta,Sim,2.0,0.0,2.0,0.0,0.0,0.0,2.0,1.0,-20.21672832,-40.2701059,SPRF-ES,DEL02-ES,UOP01-DEL02-ES,2025-08-11 18:57:00,2025.0,8.0,18.0,noite,True,0,moderado,BR-101
711113.0,2025-08-11,segunda,20:20,ES,262.0,75.0,DOMINGOS MARTINS,Ultrapassagem Indevida,Colisão lateral sentido oposto,Sem Vítimas,Plena Noite,Crescente,Céu Claro,Simples,Reta,Não,3.0,0.0,0.0,0.0,1.0,2.0,0.0,2.0,-20.415347,-40.902587,SPRF-ES,DEL01-ES,UOP02-DEL01-ES,2025-08-11 20:20:00,2025.0,8.0,20.0,noite,False,0,baixo,BR-262
711200.0,2025-08-12,terca,10:15,ES,101.0,289.3,CARIACICA,Ausência de reação do condutor,Tombamento,Com Vítimas Feridas,Pleno dia,Crescente,Céu Claro,Dupla,Reta,Sim,1.0,0.0,0.0,1.0,0.0,0.0,1.0,1.0,-20.27777682,-40.39279461,SPRF-ES,DEL01-ES,UOP01-DEL01-ES,2025-08-12 10:15:00,2025.0,8.0,10.0,manha,True,1,grave,BR-101
711244.0,2025-08-12,terca,15:06,ES,101.0,255.5,SERRA,Condutor desrespeitou a iluminação vermelha do semáforo,Colisão transversal,Com Vítimas Feridas,Pleno dia,Decrescente,Nublado,Simples,Reta,Sim,5.0,0.0,3.0,0.0,2.0,0.0,3.0,2.0,-20.1172859,-40.314724,SPRF-ES,DEL02-ES,UOP01-DEL02-ES,2025-08-12 15:06:00,2025.0,8.0,15.0,tarde,True,0,moderado,BR-101
711248.0,2025-08-12,terca,16:00,ES,101.0,268.9,SERRA,Manobra de mudança de faixa,Colisão lateral mesmo sentido,Com Vítimas Feridas,Pleno dia,Decrescente,Nublado,Múltipla,Reta,Sim,3.0,0.0,2.0,0.0,1.0,0.0,2.0,2.0,-20.22467144,-40.27042508,SPRF-ES,DEL02-ES,UOP01-DEL02-ES,2025-08-12 16:00:00,2025.0,8.0,16.0,tarde,True,0,moderado,BR-101
711262.0,2025-08-12,terca,17:30,ES,101.0,298.5,VIANA,Manobra de mudança de faixa,Colisão lateral mesmo sentido,Com Vítimas Feridas,Anoitecer,Crescente,Nublado,Múltipla,Viaduto;Reta,Sim,2.0,0.0,1.0,0.0,1.0,0.0,1.0,2.0,-20.35728134,-40.41977406,SPRF-ES,DEL01-ES,UOP01-DEL01-ES,2025-08-12 17:30:00,2025.0,8.0,17.0,tarde,True,0,moderado,BR-101
711271.0,2025-08-12,terca,17:00,ES,262.0,133.0,BREJETUBA,Acessar a via sem observar a presença dos outros veículos,Colisão transversal,Com Vítimas Feridas,Anoitecer,Decrescente,Céu Claro,Simples,Retorno Regulamentado;Reta,Não,3.0,0.0,0.0,2.0,1.0,0.0,2.0,2.0,-20.24183102,-41.32081389,SPRF-ES,DEL01-ES,UOP02-DEL01-ES,2025-08-12 17:00:00,2025.0,8.0,17.0,tarde,False,1,grave,BR-262
711373.0,2025-08-13,quarta,10:30,ES,101.0,134.0,LINHARES,Reação tardia ou ineficiente do condutor,Capotamento,Com Vítimas Feridas,Pleno dia,Crescente,Nublado,Simples,Reta,Não,2.0,0.0,1.0,1.0,0.0,0.0,2.0,1.0,-19.26515537,-40.0889918,SPRF-ES,DEL04-ES,UOP01-DEL04-ES,2025-08-13 10:30:00,2025.0,8.0,10.0,manha,False,1,grave,BR-101
711415.0,2025-08-13,quarta,12:45,ES,101.0,125.7,SOORETAMA,Acessar a via sem observar a presença dos outros veículos,Colisão transversal,Com Vítimas Feridas,Pleno dia,Crescente,Nublado,Simples,Reta,Sim,2.0,0.0,0.0,1.0,1.0,0.0,1.0,2.0,-19.192489,-40.095195,SPRF-ES,DEL04-ES,UOP01-DEL04-ES,2025-08-13 12:45:00,2025.0,8.0,12.0,tarde,False,1,grave,BR-101
711425.0,2025-08-13,quarta,15:56,ES,101.0,169.5,LINHARES,Ultrapassagem Indevida,Colisão frontal,Com Vítimas Fatais,Pleno dia,Crescente,Céu Claro,Simples,Reta,Não,2.0,1.0,0.0,0.0,1.0,0.0,0.0,2.0,-19.53798014,-40.15978687,SPRF-ES,DEL04-ES,UOP01-DEL04-ES,2025-08-13 15:56:00,2025.0,8.0,15.0,tarde,False,1,fatal,BR-101
711437.0,2025-08-13,quarta,17:34,ES,259.0,65.3,COLATINA,Conversão proibida,Colisão transversal,Com Vítimas Feridas,Anoitecer,Crescente,Nublado,Simples,Reta,Não,4.0,0.0,1.0,1.0,2.0,0.0,2.0,2.0,-19.51560058,-40.72519183,SPRF-ES,DEL02-ES,UOP01-DEL02-ES,2025-08-13 17:34:00,2025.0,8.0,17.0,tarde,False,1,grave,BR-259
711451.0,2025-08-13,quarta,19:00,ES,101.0,65.0,SAO MATEUS,Reação tardia ou ineficiente do condutor,Colisão traseira,Com Vítimas Feridas,Plena Noite,Decrescente,Céu Claro,Simples,Reta,Sim,3.0,0.0,1.0,0.0,2.0,0.0,1.0,2.0,-18.7155813,-39.8757107,SPRF-ES,DEL04-ES,UOP02-DEL04-ES,2025-08-13 19:00:00,2025.0,8.0,19.0,noite,False,0,moderado,BR-101
711499.0,2025-08-13,quarta,23:34,ES,101.0,205.6,JOAO NEIVA,Demais falhas mecânicas ou elétricas,Tombamento,Com Vítimas Feridas,Plena Noite,Decrescente,Céu Claro,Simples,Reta,Sim,2.0,0.0,0.0,1.0,1.0,0.0,1.0,1.0,-19.74828617,-40.37750244,SPRF-ES,DEL02-ES,UOP01-DEL02-ES,2025-08-13 23:34:00,2025.0,8.0,23.0,noite,False,1,grave,BR-101
711507.0,2025-08-14,quinta,00:02,ES,101.0,267.1,SERRA,Ausência de reação do condutor,Saída de leito carroçável,Sem Vítimas,Plena Noite,Decrescente,Nublado,Dupla,Reta,Sim,1.0,0.0,0.0,0.0,0.0,1.0,0.0,1.0,-20.20028783,-40.26847482,SPRF-ES,DEL02-ES,UOP01-DEL02-ES,2025-08-14 00:02:00,2025.0,8.0,0.0,madrugada,True,0,baixo,BR-101
711533.0,2025-08-14,quinta,07:20,ES,262.0,17.7,VIANA,Retorno proibido,Colisão transversal,Com Vítimas Feridas,Pleno dia,Crescente,Céu Claro,Simples,Reta,Sim,2.0,0.0,1.0,0.0,1.0,0.0,1.0,2.0,-20.39007,-40.478578,SPRF-ES,DEL01-ES,UOP01-DEL01-ES,2025-08-14 07:20:00,2025.0,8.0,7.0,manha,True,0,moderado,BR-262
711555.0,2025-08-14,quinta,08:25,ES,259.0,18.0,JOAO NEIVA,Ausência de reação do condutor,Queda de ocupante de veículo,Com Vítimas Feridas,Pleno dia,Crescente,Céu Claro,Simples,Curva,Não,1.0,0.0,1.0,0.0,0.0,0.0,1.0,1.0,-19.663366,-40.452287,SPRF-ES,DEL02-ES,UOP01-DEL02-ES,2025-08-14 08:25:00,2025.0,8.0,8.0,manha,False,0,moderado,BR-259
711566.0,2025-08-14,quinta,10:05,ES,101.0,289.0,CARIACICA,Ausência de reação do condutor,Tombamento,Com Vítimas Feridas,Pleno dia,Crescente,Sol,Dupla,Aclive;Reta,Sim,2.0,0.0,1.0,0.0,1.0,0.0,1.0,1.0,-20.2957936,-40.3957834,SPRF-ES,DEL01-ES,UOP01-DEL01-ES,2025-08-14 10:05:00,2025.0,8.0,10.0,manha,True,0,moderado,BR-101
711678.0,2025-08-14,quinta,21:30,ES,101.0,147.0,LINHARES,Acesso irregular,Atropelamento de Pedestre,Com Vítimas Feridas,Plena Noite,Crescente,Céu Claro,Dupla,Reta,Sim,2.0,0.0,1.0,0.0,0.0,1.0,1.0,2.0,-19.37027,-40.06571,SPRF-ES,DEL04-ES,UOP01-DEL04-ES,2025-08-14 21:30:00,2025.0,8.0,21.0,noite,False,0,moderado,BR-101
711691.0,2025-08-14,quinta,21:00,ES,101.0,71.1,SAO MATEUS,Acessar a via sem observar a presença dos outros veículos,Colisão transversal,Com Vítimas Feridas,Plena Noite,Crescente,Céu Claro,Simples,Reta,Não,2.0,0.0,0.0,1.0,0.0,1.0,1.0,2.0,-18.77501576,-39.86938477,SPRF-ES,DEL04-ES,UOP02-DEL04-ES,2025-08-14 21:00:00,2025.0,8.0,21.0,noite,False,1,grave,BR-101
711708.0,2025-08-15,sexta,06:32,ES,101.0,255.0,SERRA,Acesso irregular,Colisão transversal,Com Vítimas Feridas,Amanhecer,Decrescente,Céu Claro,Simples,Reta,Não,2.0,0.0,1.0,0.0,1.0,0.0,1.0,2.0,-20.11813,-40.313117,SPRF-ES,DEL02-ES,UOP01-DEL02-ES,2025-08-15 06:32:00,2025.0,8.0,6.0,manha,True,0,moderado,BR-101
711877.0,2025-08-15,sexta,20:30,ES,101.0,298.5,VIANA,Reação tardia ou ineficiente do condutor,Colisão lateral mesmo sentido,Com Vítimas Feridas,Plena Noite,Decrescente,Céu Claro,Múltipla,Viaduto,Sim,5.0,0.0,4.0,0.0,1.0,0.0,4.0,3.0,-20.35743537,-40.41966677,SPRF-ES,DEL01-ES,UOP01-DEL01-ES,2025-08-15 20:30:00,2025.0,8.0,20.0,noite,True,0,moderado,BR-101
711934.0,2025-08-16,sabado,06:07,ES,101.0,146.9,LINHARES,Condutor desrespeitou a iluminação vermelha do semáforo,Colisão transversal,Sem Vítimas,Pleno dia,Crescente,Chuva,Dupla,Interseção de Vias,Sim,2.0,0.0,0.0,0.0,1.0,1.0,0.0,2.0,-19.37554162,-40.06645052,SPRF-ES,DEL04-ES,UOP01-DEL04-ES,2025-08-16 06:07:00,2025.0,8.0,6.0,manha,False,0,baixo,BR-101
712052.0,2025-08-16,sabado,18:00,ES,101.0,134.3,LINHARES,Transitar na contramão,Colisão frontal,Com Vítimas Feridas,Plena Noite,Crescente,Céu Claro,Dupla,Reta,Não,3.0,0.0,1.0,1.0,0.0,1.0,2.0,2.0,-19.26907492,-40.08854274,SPRF-ES,DEL04-ES,UOP01-DEL04-ES,2025-08-16 18:00:00,2025.0,8.0,18.0,noite,False,1,grave,BR-101
712056.0,2025-08-16,sabado,18:00,ES,101.0,255.0,SERRA,Ingestão de álcool pelo condutor,Colisão transversal,Com Vítimas Feridas,Plena Noite,Crescente,Céu Claro,Simples,Reta,Sim,3.0,0.0,2.0,0.0,1.0,0.0,2.0,2.0,-20.118479,-40.31253,SPRF-ES,DEL02-ES,UOP01-DEL02-ES,2025-08-16 18:00:00,2025.0,8.0,18.0,noite,True,0,moderado,BR-101
712076.0,2025-08-16,sabado,19:15,ES,101.0,131.1,LINHARES,Demais falhas mecânicas ou elétricas,Colisão com objeto,Com Vítimas Feridas,Plena Noite,Crescente,Nublado,Simples,Reta;Declive,Não,3.0,0.0,2.0,0.0,1.0,0.0,2.0,2.0,-19.24025776,-40.09160925,SPRF-ES,DEL04-ES,UOP01-DEL04-ES,2025-08-16 19:15:00,2025.0,8.0,19.0,noite,False,0,moderado,BR-101
712097.0,2025-08-16,sabado,20:30,ES,101.0,258.5,SERRA,Ausência de reação do condutor,Colisão com objeto,Com Vítimas Feridas,Plena Noite,Crescente,Nublado,Dupla,Curva;Declive,Sim,2.0,0.0,2.0,0.0,0.0,0.0,2.0,1.0,-20.13300171,-40.29359798,SPRF-ES,DEL02-ES,UOP01-DEL02-ES,2025-08-16 20:30:00,2025.0,8.0,20.0,noite,True,0,moderado,BR-101
712134.0,2025-08-17,domingo,01:00,ES,262.0,156.4,IBATIBA,Ingestão de álcool pelo condutor,Colisão frontal,Com Vítimas Feridas,Plena Noite,Decrescente,Céu Claro,Simples,Reta,Não,2.0,0.0,1.0,1.0,0.0,0.0,2.0,2.0,-20.23102766,-41.4815178,SPRF-ES,DEL01-ES,UOP02-DEL01-ES,2025-08-17 01:00:00,2025.0,8.0,1.0,madrugada,False,1,grave,BR-262
712162.0,2025-08-17,domingo,04:40,ES,262.0,36.0,DOMINGOS MARTINS,Neblina,Colisão lateral sentido oposto,Sem Vítimas,Amanhecer,Decrescente,Nevoeiro/Neblina,Simples,Curva,Não,2.0,0.0,0.0,0.0,2.0,0.0,0.0,2.0,-20.381092,-40.604513,SPRF-ES,DEL01-ES,UOP01-DEL01-ES,2025-08-17 04:40:00,2025.0,8.0,4.0,madrugada,False,0,baixo,BR-262
712163.0,2025-08-17,domingo,05:00,ES,101.0,138.7,LINHARES,Reação tardia ou ineficiente do condutor,Tombamento,Com Vítimas Feridas,Amanhecer,Decrescente,Céu Claro,Múltipla,Reta,Sim,1.0,0.0,1.0,0.0,0.0,0.0,1.0,1.0,-19.30813706,-40.08077966,SPRF-ES,DEL04-ES,UOP01-DEL04-ES,2025-08-17 05:00:00,2025.0,8.0,5.0,madrugada,False,0,moderado,BR-101
712164.0,2025-08-17,domingo,05:30,ES,101.0,139.3,LINHARES,Reação tardia ou ineficiente do condutor,Tombamento,Com Vítimas Feridas,Amanhecer,Decrescente,Céu Claro,Múltipla,Reta,Não,1.0,0.0,1.0,0.0,0.0,0.0,1.0,1.0,-19.31042738,-40.0794972,SPRF-ES,DEL04-ES,UOP01-DEL04-ES,2025-08-17 05:30:00,2025.0,8.0,5.0,madrugada,False,0,moderado,BR-101
712209.0,2025-08-17,domingo,09:15,ES,101.0,214.0,IBIRACU,Conversão proibida,Colisão lateral mesmo sentido,Com Vítimas Feridas,Pleno dia,Crescente,Céu Claro,Simples,Retorno Regulamentado;Curva,Sim,2.0,0.0,1.0,0.0,1.0,0.0,1.0,2.0,-19.83033722,-40.37946431,SPRF-ES,DEL02-ES,UOP01-DEL02-ES,2025-08-17 09:15:00,2025.0,8.0,9.0,manha,False,0,moderado,BR-101
712234.0,2025-07-08,terca,11:50,ES,101.0,150.0,LINHARES,Manobra de mudança de faixa,Colisão lateral mesmo sentido,Com Vítimas Feridas,Pleno dia,Decrescente,Céu Claro,Simples,Curva,Sim,2.0,0.0,0.0,1.0,1.0,0.0,1.0,2.0,-19.404295,-40.060675,SPRF-ES,DEL04-ES,UOP01-DEL04-ES,2025-07-08 11:50:00,2025.0,7.0,11.0,manha,False,1,grave,BR-101
712235.0,2025-08-17,domingo,13:05,ES,101.0,179.7,LINHARES,Ausência de reação do condutor,Saída de leito carroçável,Com Vítimas Feridas,Pleno dia,Crescente,Céu Claro,Simples,Reta,Não,1.0,0.0,1.0,0.0,0.0,0.0,1.0,1.0,-19.61914043,-40.21744734,SPRF-ES,DEL04-ES,UOP01-DEL04-ES,2025-08-17 13:05:00,2025.0,8.0,13.0,tarde,False,0,moderado,BR-101
712240.0,2025-06-30,segunda,22:20,ES,101.0,123.5,SOORETAMA,Ausência de reação do condutor,Colisão lateral mesmo sentido,Com Vítimas Feridas,Plena Noite,Decrescente,Céu Claro,Simples,Reta;Declive,Não,2.0,0.0,1.0,1.0,0.0,0.0,2.0,2.0,-19.1707098,-40.08828445,SPRF-ES,DEL04-ES,UOP01-DEL04-ES,2025-06-30 22:20:00,2025.0,6.0,22.0,noite,False,1,grave,BR-101
712255.0,2025-08-17,domingo,15:40,ES,101.0,446.0,MIMOSO DO SUL,Acessar a via sem observar a presença dos outros veículos,Colisão transversal,Com Vítimas Feridas,Pleno dia,Decrescente,Céu Claro,Simples,Reta,Não,2.0,0.0,1.0,0.0,1.0,0.0,1.0,2.0,-21.12008786,-41.2717816,SPRF-ES,DEL03-ES,UOP02-DEL03-ES,2025-08-17 15:40:00,2025.0,8.0,15.0,tarde,False,0,moderado,BR-101
712277.0,2025-08-17,domingo,17:00,ES,101.0,174.5,ARACRUZ,Acessar a via sem observar a presença dos outros veículos,Colisão transversal,Sem Vítimas,Plena Noite,Decrescente,Céu Claro,Simples,Rotatória,Sim,2.0,0.0,0.0,0.0,2.0,0.0,0.0,2.0,-19.58521862,-40.18992869,SPRF-ES,DEL04-ES,UOP01-DEL04-ES,2025-08-17 17:00:00,2025.0,8.0,17.0,tarde,False,0,baixo,BR-101
712420.0,2025-08-18,segunda,10:00,ES,101.0,269.6,SERRA,Condutor desrespeitou a iluminação vermelha do semáforo,Colisão transversal,Com Vítimas Feridas,Pleno dia,Crescente,Céu Claro,Múltipla,Interseção de Vias;Reta,Sim,3.0,0.0,2.0,0.0,1.0,0.0,2.0,2.0,-20.22188,-40.27042,SPRF-ES,DEL02-ES,UOP01-DEL02-ES,2025-08-18 10:00:00,2025.0,8.0,10.0,manha,True,0,moderado,BR-101
712487.0,2025-08-18,segunda,16:30,ES,101.0,279.5,SERRA,Desrespeitar a preferência no cruzamento,Colisão transversal,Com Vítimas Feridas,Pleno dia,Decrescente,Nublado,Múltipla,Retorno Regulamentado;Reta,Não,4.0,0.0,4.0,0.0,0.0,0.0,4.0,2.0,-20.218255,-40.3456,SPRF-ES,DEL02-ES,UOP01-DEL02-ES,2025-08-18 16:30:00,2025.0,8.0,16.0,tarde,True,0,moderado,BR-101
712607.0,2025-08-19,terca,08:10,ES,101.0,297.2,CARIACICA,Reação tardia ou ineficiente do condutor,Tombamento,Com Vítimas Feridas,Pleno dia,Crescente,Céu Claro,Dupla,Reta,Sim,1.0,0.0,1.0,0.0,0.0,0.0,1.0,1.0,-20.3479868,-40.41172743,SPRF-ES,DEL01-ES,UOP01-DEL01-ES,2025-08-19 08:10:00,2025.0,8.0,8.0,manha,True,0,moderado,BR-101
712654.0,2025-08-19,terca,07:30,ES,101.0,268.7,SERRA,Pedestre cruzava a pista fora da faixa,Atropelamento de Pedestre,Com Vítimas Feridas,Pleno dia,Crescente,Chuva,Dupla,Reta,Sim,2.0,0.0,0.0,1.0,0.0,1.0,1.0,2.0,-20.21565001,-40.26980639,SPRF-ES,DEL02-ES,UOP01-DEL02-ES,2025-08-19 07:30:00,2025.0,8.0,7.0,manha,True,1,grave,BR-101
712678.0,2025-08-19,terca,15:00,ES,101.0,335.3,GUARAPARI,Ausência de reação do condutor,Colisão com objeto,Com Vítimas Feridas,Pleno dia,Decrescente,Céu Claro,Dupla,Curva;Aclive;Viaduto,Sim,1.0,0.0,1.0,0.0,0.0,0.0,1.0,1.0,-20.62804498,-40.52955151,SPRF-ES,DEL03-ES,UOP01-DEL03-ES,2025-08-19 15:00:00,2025.0,8.0,15.0,tarde,True,0,moderado,BR-101
712729.0,2025-08-19,terca,20:00,ES,101.0,143.9,LINHARES,Reação tardia ou ineficiente do condutor,Colisão lateral mesmo sentido,Com Vítimas Feridas,Plena Noite,Crescente,Céu Claro,Múltipla,Interseção de Vias,Sim,2.0,0.0,2.0,0.0,0.0,0.0,2.0,2.0,-19.35134833,-40.06375,SPRF-ES,DEL04-ES,UOP01-DEL04-ES,2025-08-19 20:00:00,2025.0,8.0,20.0,noite,False,0,moderado,BR-101
712732.0,2025-08-19,terca,20:00,ES,262.0,17.3,VIANA,Pedestre andava na pista,Atropelamento de Pedestre,Com Vítimas Feridas,Plena Noite,Decrescente,Céu Claro,Simples,Reta,Sim,2.0,0.0,1.0,0.0,1.0,0.0,1.0,2.0,-20.38851662,-40.47730839,SPRF-ES,DEL01-ES,UOP01-DEL01-ES,2025-08-19 20:00:00,2025.0,8.0,20.0,noite,True,0,moderado,BR-262
712739.0,2025-08-19,terca,20:50,ES,101.0,146.8,LINHARES,Reação tardia ou ineficiente do condutor,Colisão traseira,Com Vítimas Feridas,Plena Noite,Crescente,Nublado,Dupla,Reta,Sim,3.0,0.0,0.0,2.0,0.0,1.0,2.0,2.0,-19.377127,-40.06679046,SPRF-ES,DEL04-ES,UOP01-DEL04-ES,2025-08-19 20:50:00,2025.0,8.0,20.0,noite,False,1,grave,BR-101
712788.0,2025-08-20,quarta,06:50,ES,101.0,304.9,VIANA,Acessar a via sem observar a presença dos outros veículos,Colisão transversal,Com Vítimas Feridas,Amanhecer,Crescente,Sol,Múltipla,Curva,Sim,2.0,0.0,1.0,1.0,0.0,0.0,2.0,2.0,-20.38450167,-40.46367335,SPRF-ES,DEL01-ES,UOP01-DEL01-ES,2025-08-20 06:50:00,2025.0,8.0,6.0,manha,True,1,grave,BR-101
712791.0,2025-08-20,quarta,06:37,ES,259.0,90.0,BAIXO GUANDU,Demais falhas mecânicas ou elétricas,Queda de ocupante de veículo,Com Vítimas Feridas,Pleno dia,Decrescente,Céu Claro,Simples,Reta,Não,2.0,0.0,2.0,0.0,0.0,0.0,2.0,1.0,-19.515209,-40.909421,SPRF-ES,DEL02-ES,UOP01-DEL02-ES,2025-08-20 06:37:00,2025.0,8.0,6.0,manha,False,0,moderado,BR-259
712816.0,2025-08-10,domingo,19:20,ES,101.0,56.5,SAO MATEUS,Sinalização mal posicionada,Colisão com objeto,Com Vítimas Feridas,Plena Noite,Decrescente,Nublado,Simples,Reta,Não,3.0,0.0,1.0,0.0,2.0,0.0,1.0,1.0,-18.64566014,-39.87440435,SPRF-ES,DEL04-ES,UOP02-DEL04-ES,2025-08-10 19:20:00,2025.0,8.0,19.0,noite,False,0,moderado,BR-101
712869.0,2025-08-20,quarta,15:20,ES,101.0,266.3,SERRA,Demais falhas mecânicas ou elétricas,Tombamento,Com Vítimas Feridas,Pleno dia,Decrescente,Sol,Múltipla,Reta,Sim,2.0,0.0,2.0,0.0,0.0,0.0,2.0,1.0,-20.1929442,-40.2688107,SPRF-ES,DEL02-ES,UOP01-DEL02-ES,2025-08-20 15:20:00,2025.0,8.0,15.0,tarde,True,0,moderado,BR-101
712895.0,2025-08-20,quarta,17:20,ES,101.0,140.0,LINHARES,Pista Escorregadia,Tombamento,Com Vítimas Feridas,Anoitecer,Decrescente,Céu Claro,Múltipla,Reta,Sim,1.0,0.0,1.0,0.0,0.0,0.0,1.0,1.0,-19.31833719,-40.07534593,SPRF-ES,DEL04-ES,UOP01-DEL04-ES,2025-08-20 17:20:00,2025.0,8.0,17.0,tarde,False,0,moderado,BR-101
712979.0,2025-08-15,sexta,22:20,ES,262.0,160.0,IBATIBA,Acessar a via sem observar a presença dos outros veículos,Colisão transversal,Com Vítimas Feridas,Plena Noite,Decrescente,Céu Claro,Simples,Interseção de Vias,Não,2.0,0.0,1.0,0.0,0.0,1.0,1.0,2.0,-20.237554,-41.513237,SPRF-ES,DEL01-ES,UOP02-DEL01-ES,2025-08-15 22:20:00,2025.0,8.0,22.0,noite,False,0,moderado,BR-262
713014.0,2025-08-21,quinta,09:40,ES,101.0,294.5,CARIACICA,Condutor deixou de manter distância do veículo da frente,Colisão traseira,Com Vítimas Feridas,Pleno dia,Decrescente,Céu Claro,Dupla,Reta,Sim,2.0,0.0,1.0,0.0,1.0,0.0,1.0,2.0,-20.3299535,-40.398857,SPRF-ES,DEL01-ES,UOP01-DEL01-ES,2025-08-21 09:40:00,2025.0,8.0,9.0,manha,True,0,moderado,BR-101
713047.0,2025-08-21,quinta,13:42,ES,101.0,149.0,LINHARES,Ausência de reação do condutor,Colisão lateral mesmo sentido,Com Vítimas Feridas,Pleno dia,Crescente,Céu Claro,Múltipla,Curva,Não,3.0,0.0,0.0,1.0,2.0,0.0,1.0,3.0,-19.40218856,-40.06113974,SPRF-ES,DEL04-ES,UOP01-DEL04-ES,2025-08-21 13:42:00,2025.0,8.0,13.0,tarde,False,1,grave,BR-101
713097.0,2025-08-21,quinta,18:20,ES,101.0,442.0,MIMOSO DO SUL,Acessar a via sem observar a presença dos outros veículos,Queda de ocupante de veículo,Com Vítimas Feridas,Plena Noite,Crescente,Céu Claro,Simples,Reta,Não,1.0,0.0,1.0,0.0,0.0,0.0,1.0,1.0,-21.0952767,-41.2517363,SPRF-ES,DEL03-ES,UOP02-DEL03-ES,2025-08-21 18:20:00,2025.0,8.0,18.0,noite,False,0,moderado,BR-101
713190.0,2025-08-22,sexta,07:10,ES,101.0,269.0,SERRA,Ausência de reação do condutor,Colisão lateral mesmo sentido,Com Vítimas Feridas,Pleno dia,Crescente,Sol,Dupla,Reta,Sim,3.0,0.0,2.0,0.0,1.0,0.0,2.0,2.0,-20.217,-40.27,SPRF-ES,DEL02-ES,UOP01-DEL02-ES,2025-08-22 07:10:00,2025.0,8.0,7.0,manha,True,0,moderado,BR-101
713244.0,2025-07-22,terca,13:00,ES,101.0,277.9,SERRA,Acessar a via sem observar a presença dos outros veículos,Colisão transversal,Com Vítimas Fatais,Pleno dia,Crescente,Sol,Dupla,Reta,Sim,3.0,1.0,0.0,0.0,2.0,0.0,0.0,2.0,-20.21686025,-40.3288132,SPRF-ES,DEL02-ES,UOP01-DEL02-ES,2025-07-22 13:00:00,2025.0,7.0,13.0,tarde,True,1,fatal,BR-101
713268.0,2025-05-23,sexta,07:22,ES,393.0,27.3,MUQUI,Ausência de reação do condutor,Colisão frontal,Com Vítimas Feridas,Pleno dia,Decrescente,Céu Claro,Simples,Reta,Não,2.0,0.0,0.0,1.0,1.0,0.0,1.0,2.0,-20.94478146,-41.33612093,SPRF-ES,DEL03-ES,UOP02-DEL03-ES,2025-05-23 07:22:00,2025.0,5.0,7.0,manha,False,1,grave,BR-393
713286.0,2025-08-22,sexta,16:05,ES,101.0,65.0,SAO MATEUS,Demais falhas mecânicas ou elétricas,Incêndio,Sem Vítimas,Anoitecer,Crescente,Céu Claro,Simples,Aclive;Reta,Não,1.0,0.0,0.0,0.0,1.0,0.0,0.0,1.0,-18.70867231,-39.87722191,SPRF-ES,DEL04-ES,UOP02-DEL04-ES,2025-08-22 16:05:00,2025.0,8.0,16.0,tarde,False,0,baixo,BR-101
713322.0,2025-08-22,sexta,17:55,ES,101.0,65.0,SAO MATEUS,Ausência de reação do condutor,Tombamento,Com Vítimas Feridas,Anoitecer,Crescente,Céu Claro,Dupla,Reta,Não,1.0,0.0,1.0,0.0,0.0,0.0,1.0,1.0,-18.7156782,-39.8755792,SPRF-ES,DEL04-ES,UOP02-DEL04-ES,2025-08-22 17:55:00,2025.0,8.0,17.0,tarde,False,0,moderado,BR-101
713332.0,2025-08-22,sexta,18:50,ES,101.0,146.0,LINHARES,Condutor deixou de manter distância do veículo da frente,Colisão traseira,Com Vítimas Feridas,Plena Noite,Crescente,Céu Claro,Dupla,Reta,Sim,3.0,0.0,2.0,0.0,1.0,0.0,2.0,2.0,-19.35232366,-40.06335005,SPRF-ES,DEL04-ES,UOP01-DEL04-ES,2025-08-22 18:50:00,2025.0,8.0,18.0,noite,False,0,moderado,BR-101
713354.0,2025-08-22,sexta,19:40,ES,101.0,56.0,SAO MATEUS,Iluminação deficiente,Tombamento,Com Vítimas Feridas,Plena Noite,Decrescente,Céu Claro,Simples,Reta,Não,1.0,0.0,1.0,0.0,0.0,0.0,1.0,1.0,-18.63656917,-39.87707681,SPRF-ES,DEL04-ES,UOP02-DEL04-ES,2025-08-22 19:40:00,2025.0,8.0,19.0,noite,False,0,moderado,BR-101
713375.0,2025-08-22,sexta,23:15,ES,101.0,262.0,SERRA,Reação tardia ou ineficiente do condutor,Colisão traseira,Com Vítimas Feridas,Plena Noite,Decrescente,Céu Claro,Dupla,Reta,Sim,2.0,0.0,1.0,0.0,0.0,1.0,1.0,2.0,-20.15999151,-40.27581329,SPRF-ES,DEL02-ES,UOP01-DEL02-ES,2025-08-22 23:15:00,2025.0,8.0,23.0,noite,True,0,moderado,BR-101
713397.0,2025-08-23,sabado,02:15,ES,101.0,416.2,CACHOEIRO DE ITAPEMIRIM,Pedestre andava na pista,Atropelamento de Pedestre,Com Vítimas Fatais,Plena Noite,Decrescente,Nublado,Simples,Curva,Não,2.0,1.0,0.0,0.0,0.0,1.0,0.0,2.0,-20.9239472,-41.0807048,SPRF-ES,DEL03-ES,UOP02-DEL03-ES,2025-08-23 02:15:00,2025.0,8.0,2.0,madrugada,False,1,fatal,BR-101
713436.0,2025-08-23,sabado,07:30,ES,101.0,270.5,SERRA,Condutor deixou de manter distância do veículo da frente,Colisão traseira,Com Vítimas Feridas,Pleno dia,Crescente,Céu Claro,Múltipla,Reta,Sim,2.0,0.0,1.0,0.0,0.0,1.0,1.0,2.0,-20.229509,-40.272567,SPRF-ES,DEL02-ES,UOP01-DEL02-ES,2025-08-23 07:30:00,2025.0,8.0,7.0,manha,True,0,moderado,BR-101
713472.0,2025-08-23,sabado,10:40,ES,101.0,356.5,ANCHIETA,Demais falhas mecânicas ou elétricas,Queda de ocupante de veículo,Com Vítimas Feridas,Pleno dia,Crescente,Céu Claro,Dupla,Reta,Não,1.0,0.0,1.0,0.0,0.0,0.0,1.0,1.0,-20.692424,-40.691807,SPRF-ES,DEL03-ES,UOP01-DEL03-ES,2025-08-23 10:40:00,2025.0,8.0,10.0,manha,False,0,moderado,BR-101
713510.0,2025-08-23,sabado,08:55,ES,101.0,66.0,SAO MATEUS,Reação tardia ou ineficiente do condutor,Tombamento,Com Vítimas Feridas,Pleno dia,Crescente,Nublado,Dupla,Reta,Sim,1.0,0.0,1.0,0.0,0.0,0.0,1.0,1.0,-18.718034,-39.8716901,SPRF-ES,DEL04-ES,UOP02-DEL04-ES,2025-08-23 08:55:00,2025.0,8.0,8.0,manha,False,0,moderado,BR-101
713657.0,2025-08-23,sabado,21:20,ES,101.0,73.0,SAO MATEUS,Ausência de reação do condutor,Colisão traseira,Com Vítimas Feridas,Pleno dia,Decrescente,Sol,Simples,Reta,Não,4.0,0.0,2.0,0.0,0.0,2.0,2.0,2.0,-18.772369,-39.869595,SPRF-ES,DEL04-ES,UOP02-DEL04-ES,2025-08-23 21:20:00,2025.0,8.0,21.0,noite,False,0,moderado,BR-101
713700.0,2025-08-24,domingo,09:10,ES,101.0,298.2,VIANA,Condutor deixou de manter distância do veículo da frente,Colisão lateral mesmo sentido,Com Vítimas Feridas,Pleno dia,Crescente,Céu Claro,Múltipla,Viaduto;Retorno Regulamentado,Sim,2.0,0.0,1.0,0.0,1.0,0.0,1.0,2.0,-20.35753737,-40.41987984,SPRF-ES,DEL01-ES,UOP01-DEL01-ES,2025-08-24 09:10:00,2025.0,8.0,9.0,manha,True,0,moderado,BR-101
713777.0,2025-08-24,domingo,17:04,ES,101.0,111.8,LINHARES,Transitar no Acostamento,Colisão lateral mesmo sentido,Com Vítimas Feridas,Pleno dia,Crescente,Céu Claro,Simples,Aclive;Reta,Não,4.0,0.0,2.0,0.0,2.0,0.0,2.0,2.0,-19.07718,-40.04227,SPRF-ES,DEL04-ES,UOP01-DEL04-ES,2025-08-24 17:04:00,2025.0,8.0,17.0,tarde,False,0,moderado,BR-101
713916.0,2025-08-25,segunda,07:30,ES,259.0,60.0,COLATINA,Condutor desrespeitou a iluminação vermelha do semáforo,Colisão transversal,Com Vítimas Feridas,Pleno dia,Crescente,Céu Claro,Simples,Reta,Não,2.0,0.0,1.0,0.0,0.0,1.0,1.0,2.0,-19.524645,-40.673119,SPRF-ES,DEL02-ES,UOP01-DEL02-ES,2025-08-25 07:30:00,2025.0,8.0,7.0,manha,False,0,moderado,BR-259
713919.0,2025-08-25,segunda,08:40,ES,101.0,61.6,SAO MATEUS,Acessar a via sem observar a presença dos outros veículos,Colisão transversal,Com Vítimas Feridas,Pleno dia,Decrescente,Chuva,Simples,Reta,Não,3.0,0.0,1.0,0.0,2.0,0.0,1.0,2.0,-18.6855885,-39.8624234,SPRF-ES,DEL04-ES,UOP02-DEL04-ES,2025-08-25 08:40:00,2025.0,8.0,8.0,manha,False,0,moderado,BR-101
713968.0,2025-08-25,segunda,14:10,ES,101.0,67.0,SAO MATEUS,Acessar a via sem observar a presença dos outros veículos,Colisão transversal,Com Vítimas Feridas,Pleno dia,Decrescente,Céu Claro,Simples,Reta,Sim,2.0,0.0,1.0,0.0,1.0,0.0,1.0,2.0,-18.722629,-39.862337,SPRF-ES,DEL04-ES,UOP02-DEL04-ES,2025-08-25 14:10:00,2025.0,8.0,14.0,tarde,False,0,moderado,BR-101
714008.0,2025-08-25,segunda,19:25,ES,393.0,2.0,CACHOEIRO DE ITAPEMIRIM,Acessar a via sem observar a presença dos outros veículos,Colisão transversal,Com Vítimas Feridas,Plena Noite,Crescente,Céu Claro,Simples,Reta,Sim,2.0,0.0,2.0,0.0,0.0,0.0,2.0,1.0,-20.8325661,-41.1763491,SPRF-ES,DEL03-ES,UOP02-DEL03-ES,2025-08-25 19:25:00,2025.0,8.0,19.0,noite,False,0,moderado,BR-393
714024.0,2025-08-25,segunda,20:10,ES,101.0,260.5,SERRA,Conversão proibida,Colisão transversal,Com Vítimas Feridas,Plena Noite,Decrescente,Céu Claro,Múltipla,Reta,Não,2.0,0.0,1.0,0.0,0.0,1.0,1.0,2.0,-20.1464868,-40.2822158,SPRF-ES,DEL02-ES,UOP01-DEL02-ES,2025-08-25 20:10:00,2025.0,8.0,20.0,noite,True,0,moderado,BR-101
714031.0,2025-08-25,segunda,20:30,ES,101.0,390.0,RIO NOVO DO SUL,Demais falhas na via,Queda de ocupante de veículo,Com Vítimas Feridas,Plena Noite,Crescente,Céu Claro,Simples,Reta,Não,2.0,0.0,2.0,0.0,0.0,0.0,2.0,1.0,-20.86651131,-40.89935303,SPRF-ES,DEL03-ES,UOP02-DEL03-ES,2025-08-25 20:30:00,2025.0,8.0,20.0,noite,False,0,moderado,BR-101
714149.0,2025-08-26,terca,13:00,ES,101.0,185.0,ARACRUZ,Ausência de reação do condutor,Colisão lateral mesmo sentido,Com Vítimas Feridas,Pleno dia,Crescente,Céu Claro,Simples,Reta,Não,3.0,0.0,0.0,2.0,1.0,0.0,2.0,2.0,-19.69723953,-40.29907465,SPRF-ES,DEL04-ES,UOP01-DEL04-ES,2025-08-26 13:00:00,2025.0,8.0,13.0,tarde,False,1,grave,BR-101
714205.0,2025-08-26,terca,17:30,ES,101.0,73.0,SAO MATEUS,Conversão proibida,Colisão transversal,Com Vítimas Feridas,Anoitecer,Decrescente,Céu Claro,Simples,Reta,Não,2.0,0.0,1.0,0.0,1.0,0.0,1.0,2.0,-18.7715122,-39.8700101,SPRF-ES,DEL04-ES,UOP02-DEL04-ES,2025-08-26 17:30:00,2025.0,8.0,17.0,tarde,False,0,moderado,BR-101
714207.0,2025-08-26,terca,16:10,ES,262.0,72.0,MARECHAL FLORIANO,Reação tardia ou ineficiente do condutor,Saída de leito carroçável,Com Vítimas Feridas,Pleno dia,Decrescente,Sol,Simples,Reta,Não,1.0,0.0,1.0,0.0,0.0,0.0,1.0,1.0,-20.419978,-40.876847,SPRF-ES,DEL01-ES,UOP02-DEL01-ES,2025-08-26 16:10:00,2025.0,8.0,16.0,tarde,False,0,moderado,BR-262
714227.0,2025-08-26,terca,18:30,ES,262.0,141.7,MUNIZ FREIRE,Transitar na contramão,Colisão frontal,Com Vítimas Fatais,Plena Noite,Decrescente,Céu Claro,Simples,Aclive;Curva,Não,5.0,1.0,0.0,4.0,0.0,0.0,4.0,2.0,-20.22921,-41.38435,SPRF-ES,DEL01-ES,UOP02-DEL01-ES,2025-08-26 18:30:00,2025.0,8.0,18.0,noite,False,1,fatal,BR-262
714285.0,2025-08-27,quarta,05:48,ES,101.0,270.0,SERRA,Entrada inopinada do pedestre,Atropelamento de Pedestre,Com Vítimas Feridas,Pleno dia,Crescente,Sol,Dupla,Interseção de Vias,Sim,2.0,0.0,1.0,0.0,1.0,0.0,1.0,2.0,-20.227,-40.271,SPRF-ES,DEL02-ES,UOP01-DEL02-ES,2025-08-27 05:48:00,2025.0,8.0,5.0,madrugada,True,0,moderado,BR-101
714317.0,2025-08-27,quarta,08:15,ES,101.0,256.0,SERRA,Ausência de reação do condutor,Queda de ocupante de veículo,Com Vítimas Feridas,Pleno dia,Crescente,Sol,Simples,Reta,Sim,1.0,0.0,1.0,0.0,0.0,0.0,1.0,1.0,-20.12002677,-40.30926615,SPRF-ES,DEL02-ES,UOP01-DEL02-ES,2025-08-27 08:15:00,2025.0,8.0,8.0,manha,True,0,moderado,BR-101
714337.0,2025-08-27,quarta,11:30,ES,101.0,73.9,SAO MATEUS,Conversão proibida,Colisão transversal,Com Vítimas Feridas,Pleno dia,Crescente,Sol,Simples,Reta;Aclive,Não,2.0,0.0,2.0,0.0,0.0,0.0,2.0,2.0,-18.77615628,-39.8724954,SPRF-ES,DEL04-ES,UOP02-DEL04-ES,2025-08-27 11:30:00,2025.0,8.0,11.0,manha,False,0,moderado,BR-101
714338.0,2025-08-27,quarta,10:30,ES,101.0,302.0,VIANA,Reação tardia ou ineficiente do condutor,Tombamento,Com Vítimas Feridas,Pleno dia,Crescente,Céu Claro,Dupla,Curva,Sim,1.0,0.0,1.0,0.0,0.0,0.0,1.0,1.0,-20.37572245,-40.44271449,SPRF-ES,DEL01-ES,UOP01-DEL01-ES,2025-08-27 10:30:00,2025.0,8.0,10.0,manha,True,0,moderado,BR-101
714418.0,2025-08-27,quarta,20:00,ES,101.0,37.8,CONCEICAO DA BARRA,Ultrapassagem Indevida,Colisão frontal,Com Vítimas Feridas,Plena Noite,Crescente,Céu Claro,Simples,Reta,Sim,3.0,0.0,1.0,1.0,1.0,0.0,2.0,3.0,-18.47967011,-39.92470264,SPRF-ES,DEL04-ES,UOP02-DEL04-ES,2025-08-27 20:00:00,2025.0,8.0,20.0,noite,False,1,grave,BR-101
714421.0,2025-08-27,quarta,18:16,ES,101.0,265.0,SERRA,Ausência de reação do condutor,Atropelamento de Pedestre,Com Vítimas Feridas,Plena Noite,Crescente,Céu Claro,Dupla,Reta,Sim,2.0,0.0,1.0,0.0,0.0,1.0,1.0,2.0,-20.18138972,-40.34028491,SPRF-ES,DEL02-ES,UOP01-DEL02-ES,2025-08-27 18:16:00,2025.0,8.0,18.0,noite,True,0,moderado,BR-101
714436.0,2025-08-27,quarta,22:30,ES,101.0,145.9,LINHARES,Condutor desrespeitou a iluminação vermelha do semáforo,Colisão transversal,Com Vítimas Feridas,Plena Noite,Crescente,Céu Claro,Dupla,Interseção de Vias,Sim,3.0,0.0,1.0,0.0,1.0,1.0,1.0,2.0,-19.36926635,-40.06531326,SPRF-ES,DEL04-ES,UOP01-DEL04-ES,2025-08-27 22:30:00,2025.0,8.0,22.0,noite,False,0,moderado,BR-101
714488.0,2025-08-28,quinta,07:40,ES,101.0,275.0,SERRA,Transitar no Acostamento,Colisão com objeto,Com Vítimas Feridas,Pleno dia,Decrescente,Nublado,Dupla,Reta,Sim,2.0,0.0,0.0,2.0,0.0,0.0,2.0,1.0,-20.21381512,-40.32209516,SPRF-ES,DEL02-ES,UOP01-DEL02-ES,2025-08-28 07:40:00,2025.0,8.0,7.0,manha,True,1,grave,BR-101
714505.0,2025-08-28,quinta,08:10,ES,101.0,141.9,LINHARES,Condutor deixou de manter distância do veículo da frente,Colisão traseira,Com Vítimas Feridas,Pleno dia,Decrescente,Céu Claro,Múltipla,Reta;Interseção de Vias,Sim,2.0,0.0,0.0,1.0,1.0,0.0,1.0,2.0,-19.33312068,-40.06812282,SPRF-ES,DEL04-ES,UOP01-DEL04-ES,2025-08-28 08:10:00,2025.0,8.0,8.0,manha,False,1,grave,BR-101
714512.0,2025-08-28,quinta,10:30,ES,262.0,0.1,VITORIA,Reação tardia ou ineficiente do condutor,Colisão com objeto,Com Vítimas Feridas,Pleno dia,Crescente,Céu Claro,Dupla,Reta;Ponte,Sim,1.0,0.0,1.0,0.0,0.0,0.0,1.0,1.0,-20.32202855,-40.35381166,SPRF-ES,DEL01-ES,UOP01-DEL01-ES,2025-08-28 10:30:00,2025.0,8.0,10.0,manha,True,0,moderado,BR-262
714539.0,2025-08-28,quinta,13:50,ES,101.0,151.6,LINHARES,Acessar a via sem observar a presença dos outros veículos,Colisão transversal,Sem Vítimas,Pleno dia,Crescente,Céu Claro,Simples,Interseção de Vias;Curva,Não,2.0,0.0,0.0,0.0,2.0,0.0,0.0,2.0,-19.41721935,-40.06842303,SPRF-ES,DEL04-ES,UOP01-DEL04-ES,2025-08-28 13:50:00,2025.0,8.0,13.0,tarde,False,0,baixo,BR-101
714597.0,2025-08-28,quinta,18:15,ES,101.0,288.2,CARIACICA,Desrespeitar a preferência no cruzamento,Colisão transversal,Com Vítimas Feridas,Plena Noite,Crescente,Nublado,Dupla,Retorno Regulamentado,Sim,2.0,0.0,0.0,1.0,1.0,0.0,1.0,2.0,-20.27364868,-40.39191596,SPRF-ES,DEL01-ES,UOP01-DEL01-ES,2025-08-28 18:15:00,2025.0,8.0,18.0,noite,True,1,grave,BR-101
714613.0,2025-08-28,quinta,20:00,ES,101.0,261.9,SERRA,Animais na Pista,Atropelamento de Animal,Com Vítimas Feridas,Plena Noite,Decrescente,Céu Claro,Simples,Reta,Sim,2.0,0.0,2.0,0.0,0.0,0.0,2.0,1.0,-20.157535,-40.276766,SPRF-ES,DEL02-ES,UOP01-DEL02-ES,2025-08-28 20:00:00,2025.0,8.0,20.0,noite,True,0,moderado,BR-101
714635.0,2025-08-28,quinta,21:00,ES,262.0,105.0,VENDA NOVA DO IMIGRANTE,Acessar a via sem observar a presença dos outros veículos,Colisão transversal,Com Vítimas Feridas,Plena Noite,Decrescente,Céu Claro,Simples,Interseção de Vias,Sim,2.0,0.0,0.0,1.0,1.0,0.0,1.0,2.0,-20.32766158,-41.1333673,SPRF-ES,DEL01-ES,UOP02-DEL01-ES,2025-08-28 21:00:00,2025.0,8.0,21.0,noite,False,1,grave,BR-262
714675.0,2025-08-29,sexta,05:30,ES,259.0,30.0,COLATINA,Condutor Dormindo,Colisão frontal,Com Vítimas Feridas,Amanhecer,Crescente,Céu Claro,Simples,Curva,Não,3.0,0.0,3.0,0.0,0.0,0.0,3.0,2.0,-19.5919364,-40.5087476,SPRF-ES,DEL02-ES,UOP01-DEL02-ES,2025-08-29 05:30:00,2025.0,8.0,5.0,madrugada,False,0,moderado,BR-259
714732.0,2025-08-29,sexta,10:43,ES,0.0,0.0,VILA VELHA,Trafegar com motocicleta (ou similar) entre as faixas,Colisão lateral mesmo sentido,Sem Vítimas,Pleno dia,Não Informado,Céu Claro,Múltipla,Reta,Sim,4.0,0.0,0.0,0.0,4.0,0.0,0.0,4.0,-20.33359172,-40.29144323,SPRF-ES,,,2025-08-29 10:43:00,2025.0,8.0,10.0,manha,True,0,baixo,BR-0
714761.0,2025-08-29,sexta,13:49,ES,101.0,296.0,CARIACICA,Reação tardia ou ineficiente do condutor,Colisão com objeto,Com Vítimas Feridas,Pleno dia,Crescente,Sol,Simples,Curva;Aclive;Viaduto,Sim,1.0,0.0,1.0,0.0,0.0,0.0,1.0,1.0,-20.342795,-40.406188,SPRF-ES,DEL01-ES,UOP01-DEL01-ES,2025-08-29 13:49:00,2025.0,8.0,13.0,tarde,True,0,moderado,BR-101
714788.0,2025-08-29,sexta,16:26,ES,262.0,62.5,MARECHAL FLORIANO,Desrespeitar a preferência no cruzamento,Colisão transversal,Com Vítimas Feridas,Pleno dia,Crescente,Nublado,Simples,Reta,Não,2.0,0.0,0.0,1.0,1.0,0.0,1.0,2.0,-20.42211235,-40.80568882,SPRF-ES,DEL01-ES,UOP02-DEL01-ES,2025-08-29 16:26:00,2025.0,8.0,16.0,tarde,False,1,grave,BR-262
714837.0,2025-08-29,sexta,18:30,ES,101.0,269.9,SERRA,Manobra de mudança de faixa,Colisão lateral mesmo sentido,Com Vítimas Feridas,Plena Noite,Crescente,Nublado,Múltipla,Interseção de Vias,Sim,2.0,0.0,1.0,0.0,1.0,0.0,1.0,2.0,-20.04887598,-40.3865263,SPRF-ES,DEL02-ES,UOP01-DEL02-ES,2025-08-29 18:30:00,2025.0,8.0,18.0,noite,True,0,moderado,BR-101
714844.0,2025-08-29,sexta,18:20,ES,262.0,56.0,MARECHAL FLORIANO,Entrada inopinada do pedestre,Atropelamento de Pedestre,Com Vítimas Feridas,Plena Noite,Crescente,Ignorado,Dupla,Reta,Não,2.0,0.0,1.0,0.0,0.0,1.0,1.0,2.0,-20.41250596,-40.75826263,SPRF-ES,DEL01-ES,UOP01-DEL01-ES,2025-08-29 18:20:00,2025.0,8.0,18.0,noite,False,0,moderado,BR-262
714873.0,2025-08-29,sexta,21:00,ES,101.0,139.0,LINHARES,Ausência de reação do condutor,Colisão transversal,Com Vítimas Feridas,Plena Noite,Crescente,Céu Claro,Múltipla,Reta,Não,4.0,0.0,1.0,2.0,0.0,1.0,3.0,3.0,-19.31863029,-40.07529108,SPRF-ES,DEL04-ES,UOP01-DEL04-ES,2025-08-29 21:00:00,2025.0,8.0,21.0,noite,False,1,grave,BR-101
714925.0,2025-08-30,sabado,01:00,ES,447.0,14.0,VILA VELHA,Acessar a via sem observar a presença dos outros veículos,Colisão transversal,Com Vítimas Feridas,Plena Noite,Crescente,Chuva,Simples,Reta,Sim,2.0,0.0,1.0,1.0,0.0,0.0,2.0,2.0,-20.350168,-40.333452,SPRF-ES,DEL01-ES,UOP01-DEL01-ES,2025-08-30 01:00:00,2025.0,8.0,1.0,madrugada,True,1,grave,BR-447
714937.0,2025-08-30,sabado,02:00,ES,262.0,115.9,CONCEICAO DO CASTELO,Ingestão de álcool pelo condutor,Colisão frontal,Sem Vítimas,Plena Noite,Crescente,Chuva,Simples,Interseção de Vias,Não,2.0,0.0,0.0,0.0,2.0,0.0,0.0,2.0,-20.3187017,-41.2247733,SPRF-ES,DEL01-ES,UOP02-DEL01-ES,2025-08-30 02:00:00,2025.0,8.0,2.0,madrugada,False,0,baixo,BR-262
714944.0,2025-08-30,sabado,04:44,ES,259.0,57.7,COLATINA,Falta de acostamento,Colisão lateral mesmo sentido,Com Vítimas Feridas,Amanhecer,Decrescente,Céu Claro,Simples,Aclive;Reta,Sim,1.0,0.0,1.0,0.0,0.0,0.0,1.0,1.0,-19.52367424,-40.67082882,SPRF-ES,DEL02-ES,UOP01-DEL02-ES,2025-08-30 04:44:00,2025.0,8.0,4.0,madrugada,False,0,moderado,BR-259
714976.0,2025-08-30,sabado,08:30,ES,101.0,259.7,SERRA,Condutor deixou de manter distância do veículo da frente,Colisão traseira,Com Vítimas Feridas,Pleno dia,Crescente,Céu Claro,Simples,Curva,Sim,3.0,0.0,2.0,0.0,0.0,1.0,2.0,2.0,-20.146539,-40.287022,SPRF-ES,DEL02-ES,UOP01-DEL02-ES,2025-08-30 08:30:00,2025.0,8.0,8.0,manha,True,0,moderado,BR-101
715052.0,2025-08-30,sabado,15:30,ES,101.0,229.0,FUNDAO,Acesso irregular,Colisão transversal,Sem Vítimas,Pleno dia,Decrescente,Nublado,Simples,Reta,Sim,2.0,0.0,0.0,0.0,1.0,1.0,0.0,2.0,-19.931509,-40.40552,SPRF-ES,DEL02-ES,UOP01-DEL02-ES,2025-08-30 15:30:00,2025.0,8.0,15.0,tarde,True,0,baixo,BR-101
715059.0,2025-08-30,sabado,16:30,ES,101.0,287.3,CARIACICA,Mal súbito do condutor,Tombamento,Com Vítimas Feridas,Pleno dia,Crescente,Nublado,Dupla,Reta;Declive,Não,1.0,0.0,1.0,0.0,0.0,0.0,1.0,1.0,-20.26152392,-40.37874406,SPRF-ES,DEL01-ES,UOP01-DEL01-ES,2025-08-30 16:30:00,2025.0,8.0,16.0,tarde,True,0,moderado,BR-101
715066.0,2025-08-30,sabado,16:45,ES,262.0,19.8,VIANA,Entrada inopinada do pedestre,Atropelamento de Pedestre,Com Vítimas Feridas,Pleno dia,Crescente,Céu Claro,Simples,Curva,Sim,6.0,0.0,1.0,0.0,5.0,0.0,1.0,2.0,-20.38625971,-40.49624847,SPRF-ES,DEL01-ES,UOP01-DEL01-ES,2025-08-30 16:45:00,2025.0,8.0,16.0,tarde,True,0,moderado,BR-262
715076.0,2025-08-30,sabado,17:24,ES,259.0,20.0,JOAO NEIVA,Acessar a via sem observar a presença dos outros veículos,Colisão transversal,Com Vítimas Feridas,Pleno dia,Crescente,Nublado,Simples,Interseção de Vias,Não,3.0,0.0,2.0,0.0,1.0,0.0,2.0,2.0,-19.6490634,-40.4622066,SPRF-ES,DEL02-ES,UOP01-DEL02-ES,2025-08-30 17:24:00,2025.0,8.0,17.0,tarde,False,0,moderado,BR-259
715095.0,2025-08-30,sabado,19:20,ES,262.0,113.0,VENDA NOVA DO IMIGRANTE,Ingestão de álcool pelo condutor,Colisão lateral sentido oposto,Sem Vítimas,Plena Noite,Crescente,Nublado,Simples,Declive;Curva,Não,3.0,0.0,0.0,0.0,3.0,0.0,0.0,3.0,-20.331878,-41.204408,SPRF-ES,DEL01-ES,UOP02-DEL01-ES,2025-08-30 19:20:00,2025.0,8.0,19.0,noite,False,0,baixo,BR-262
715115.0,2025-08-30,sabado,18:40,ES,101.0,146.0,LINHARES,Velocidade Incompatível,Colisão transversal,Com Vítimas Fatais,Plena Noite,Decrescente,Céu Claro,Dupla,Reta,Não,2.0,1.0,0.0,0.0,0.0,1.0,0.0,2.0,-19.36647881,-40.06553538,SPRF-ES,DEL04-ES,UOP01-DEL04-ES,2025-08-30 18:40:00,2025.0,8.0,18.0,noite,False,1,fatal,BR-101
715143.0,2025-08-30,sabado,22:50,ES,101.0,385.9,RIO NOVO DO SUL,Reação tardia ou ineficiente do condutor,Saída de leito carroçável,Com Vítimas Feridas,Plena Noite,Decrescente,Chuva,Simples,Curva,Não,1.0,0.0,1.0,0.0,0.0,0.0,1.0,1.0,-20.8412309,-40.8714874,SPRF-ES,DEL03-ES,UOP01-DEL03-ES,2025-08-30 22:50:00,2025.0,8.0,22.0,noite,False,0,moderado,BR-101
715176.0,2025-08-31,domingo,02:00,ES,101.0,294.0,VIANA,Chuva,Colisão com objeto,Com Vítimas Feridas,Plena Noite,Crescente,Chuva,Múltipla,Reta,Não,1.0,0.0,1.0,0.0,0.0,0.0,1.0,1.0,-20.35623752,-40.41775118,SPRF-ES,DEL01-ES,UOP01-DEL01-ES,2025-08-31 02:00:00,2025.0,8.0,2.0,madrugada,True,0,moderado,BR-101
715179.0,2025-08-31,domingo,02:03,ES,101.0,32.0,CONCEICAO DA BARRA,Avarias e/ou desgaste excessivo no pneu,Saída de leito carroçável,Sem Vítimas,Plena Noite,Crescente,Chuva,Simples,Reta,Sim,1.0,0.0,0.0,0.0,1.0,0.0,0.0,1.0,-18.4219208,-39.9358207,SPRF-ES,DEL04-ES,UOP02-DEL04-ES,2025-08-31 02:03:00,2025.0,8.0,2.0,madrugada,False,0,baixo,BR-101
715219.0,2025-08-31,domingo,04:00,ES,101.0,98.0,JAGUARE,Condutor Dormindo,Capotamento,Sem Vítimas,Plena Noite,Decrescente,Chuva,Simples,Reta,Não,1.0,0.0,0.0,0.0,0.0,1.0,0.0,1.0,-18.963667,-39.987567,SPRF-ES,DEL04-ES,UOP02-DEL04-ES,2025-08-31 04:00:00,2025.0,8.0,4.0,madrugada,False,0,baixo,BR-101
715222.0,2025-08-31,domingo,09:40,ES,101.0,284.0,CARIACICA,Avarias e/ou desgaste excessivo no pneu,Queda de ocupante de veículo,Com Vítimas Feridas,Pleno dia,Crescente,Céu Claro,Dupla,Reta,Não,2.0,0.0,1.0,1.0,0.0,0.0,2.0,1.0,-20.24481,-40.36973,SPRF-ES,DEL01-ES,UOP01-DEL01-ES,2025-08-31 09:40:00,2025.0,8.0,9.0,manha,True,1,grave,BR-101
715241.0,2025-08-31,domingo,13:40,ES,101.0,151.0,LINHARES,Ingestão de álcool pelo condutor,Colisão transversal,Com Vítimas Feridas,Pleno dia,Crescente,Chuva,Simples,Interseção de Vias,Não,3.0,0.0,0.0,2.0,1.0,0.0,2.0,2.0,-19.41719432,-40.06821424,SPRF-ES,DEL04-ES,UOP01-DEL04-ES,2025-08-31 13:40:00,2025.0,8.0,13.0,tarde,False,1,grave,BR-101
715274.0,2025-08-31,domingo,17:20,ES,101.0,298.4,VIANA,Velocidade Incompatível,Colisão com objeto,Sem Vítimas,Plena Noite,Crescente,Garoa/Chuvisco,Múltipla,Reta;Interseção de Vias,Sim,1.0,0.0,0.0,0.0,1.0,0.0,0.0,1.0,-20.35751928,-40.42723877,SPRF-ES,DEL01-ES,UOP01-DEL01-ES,2025-08-31 17:20:00,2025.0,8.0,17.0,tarde,True,0,baixo,BR-101
715317.0,2025-08-19,terca,18:30,ES,101.0,264.6,SERRA,Manobra de mudança de faixa,Colisão traseira,Com Vítimas Feridas,Plena Noite,Decrescente,Céu Claro,Dupla,Reta,Sim,2.0,0.0,0.0,1.0,1.0,0.0,1.0,2.0,-20.179623,-40.26513,SPRF-ES,DEL02-ES,UOP01-DEL02-ES,2025-08-19 18:30:00,2025.0,8.0,18.0,noite,True,1,grave,BR-101
715327.0,2025-08-31,domingo,21:00,ES,101.0,295.1,CARIACICA,Condutor deixou de manter distância do veículo da frente,Colisão lateral mesmo sentido,Com Vítimas Feridas,Plena Noite,Crescente,Chuva,Múltipla,Reta,Sim,2.0,0.0,1.0,0.0,0.0,1.0,1.0,2.0,-20.33411089,-40.40103078,SPRF-ES,DEL01-ES,UOP01-DEL01-ES,2025-08-31 21:00:00,2025.0,8.0,21.0,noite,True,0,moderado,BR-101
715366.0,2025-09-01,segunda,00:20,ES,101.0,232.3,FUNDAO,Acumulo de água sobre o pavimento,Capotamento,Com Vítimas Feridas,Plena Noite,Crescente,Chuva,Simples,Reta,Não,2.0,0.0,1.0,1.0,0.0,0.0,2.0,1.0,-19.95504667,-40.408055,SPRF-ES,DEL02-ES,UOP01-DEL02-ES,2025-09-01 00:20:00,2025.0,9.0,0.0,madrugada,True,1,grave,BR-101
715449.0,2025-09-01,segunda,10:10,ES,101.0,348.7,ANCHIETA,Reação tardia ou ineficiente do condutor,Tombamento,Com Vítimas Feridas,Pleno dia,Crescente,Chuva,Dupla,Curva,Não,2.0,0.0,1.0,1.0,0.0,0.0,2.0,1.0,-20.65050356,-40.64245726,SPRF-ES,DEL03-ES,UOP01-DEL03-ES,2025-09-01 10:10:00,2025.0,9.0,10.0,manha,False,1,grave,BR-101
715592.0,2025-09-02,terca,06:45,ES,101.0,282.3,CARIACICA,Chuva,Tombamento,Com Vítimas Feridas,Pleno dia,Crescente,Chuva,Múltipla,Retorno Regulamentado,Não,1.0,0.0,1.0,0.0,0.0,0.0,1.0,1.0,-20.22867736,-40.3660655,SPRF-ES,DEL01-ES,UOP01-DEL01-ES,2025-09-02 06:45:00,2025.0,9.0,6.0,manha,True,0,moderado,BR-101
715641.0,2025-09-02,terca,11:05,ES,101.0,298.3,VIANA,Reação tardia ou ineficiente do condutor,Tombamento,Com Vítimas Feridas,Pleno dia,Crescente,Chuva,Múltipla,Reta,Sim,1.0,0.0,0.0,1.0,0.0,0.0,1.0,1.0,-20.35540428,-40.41762471,SPRF-ES,DEL01-ES,UOP01-DEL01-ES,2025-09-02 11:05:00,2025.0,9.0,11.0,manha,True,1,grave,BR-101
715717.0,2025-09-02,terca,19:03,ES,101.0,405.3,ITAPEMIRIM,Reação tardia ou ineficiente do condutor,Atropelamento de Pedestre,Com Vítimas Fatais,Plena Noite,Decrescente,Nublado,Simples,Curva,Não,2.0,1.0,0.0,0.0,0.0,1.0,0.0,2.0,-20.89879306,-41.01127663,SPRF-ES,DEL03-ES,UOP02-DEL03-ES,2025-09-02 19:03:00,2025.0,9.0,19.0,noite,False,1,fatal,BR-101
715723.0,2025-09-02,terca,19:30,ES,101.0,205.0,IBIRACU,Reação tardia ou ineficiente do condutor,Saída de leito carroçável,Com Vítimas Feridas,Plena Noite,Crescente,Chuva,Simples,Reta,Não,1.0,0.0,1.0,0.0,0.0,0.0,1.0,1.0,-19.79771749,-40.3692627,SPRF-ES,DEL02-ES,UOP01-DEL02-ES,2025-09-02 19:30:00,2025.0,9.0,19.0,noite,False,0,moderado,BR-101
715834.0,2025-09-03,quarta,09:50,ES,101.0,148.5,LINHARES,Trafegar com motocicleta (ou similar) entre as faixas,Colisão lateral mesmo sentido,Com Vítimas Feridas,Pleno dia,Crescente,Céu Claro,Dupla,Reta,Sim,2.0,0.0,1.0,0.0,1.0,0.0,1.0,2.0,-19.3843726,-40.06707323,SPRF-ES,DEL04-ES,UOP01-DEL04-ES,2025-09-03 09:50:00,2025.0,9.0,9.0,manha,False,0,moderado,BR-101
715859.0,2025-08-10,domingo,23:30,ES,101.0,10.8,SERRA,Transitar na contramão,Colisão frontal,Com Vítimas Fatais,Plena Noite,Crescente,Nublado,Dupla,Reta;Ponte,Não,3.0,1.0,1.0,0.0,1.0,0.0,1.0,2.0,-20.14954166,-40.345588,SPRF-ES,DEL02-ES,UOP01-DEL02-ES,2025-08-10 23:30:00,2025.0,8.0,23.0,noite,True,1,fatal,BR-101
715936.0,2025-09-03,quarta,18:45,ES,101.0,269.5,SERRA,Reação tardia ou ineficiente do condutor,Colisão traseira,Com Vítimas Feridas,Pleno dia,Crescente,Nublado,Múltipla,Reta,Sim,4.0,0.0,1.0,1.0,2.0,0.0,2.0,3.0,-20.22213167,-40.27024833,SPRF-ES,DEL02-ES,UOP01-DEL02-ES,2025-09-03 18:45:00,2025.0,9.0,18.0,noite,True,1,grave,BR-101
715953.0,2025-09-03,quarta,20:40,ES,101.0,292.0,CARIACICA,Acessar a via sem observar a presença dos outros veículos,Colisão transversal,Com Vítimas Feridas,Plena Noite,Crescente,Garoa/Chuvisco,Dupla,Reta;Interseção de Vias,Sim,2.0,0.0,1.0,0.0,1.0,0.0,1.0,2.0,-20.30689907,-40.39478586,SPRF-ES,DEL01-ES,UOP01-DEL01-ES,2025-09-03 20:40:00,2025.0,9.0,20.0,noite,True,0,moderado,BR-101
715956.0,2025-09-03,quarta,21:45,ES,101.0,262.5,SERRA,Manobra de mudança de faixa,Tombamento,Com Vítimas Feridas,Plena Noite,Crescente,Garoa/Chuvisco,Dupla,Reta;Declive,Não,2.0,0.0,1.0,0.0,1.0,0.0,1.0,2.0,-20.16429,-40.2741,SPRF-ES,DEL02-ES,UOP01-DEL02-ES,2025-09-03 21:45:00,2025.0,9.0,21.0,noite,True,0,moderado,BR-101
716006.0,2025-09-04,quinta,07:15,ES,101.0,291.0,CARIACICA,Reação tardia ou ineficiente do condutor,Tombamento,Com Vítimas Feridas,Pleno dia,Decrescente,Céu Claro,Dupla,Reta,Sim,1.0,0.0,1.0,0.0,0.0,0.0,1.0,1.0,-20.297934,-40.394587,SPRF-ES,DEL01-ES,UOP01-DEL01-ES,2025-09-04 07:15:00,2025.0,9.0,7.0,manha,True,0,moderado,BR-101
716008.0,2025-09-04,quinta,07:30,ES,101.0,291.2,CARIACICA,Ausência de reação do condutor,Saída de leito carroçável,Com Vítimas Feridas,Pleno dia,Crescente,Nublado,Dupla,Reta,Não,2.0,0.0,2.0,0.0,0.0,0.0,2.0,1.0,-20.3039005,-40.39587021,SPRF-ES,DEL01-ES,UOP01-DEL01-ES,2025-09-04 07:30:00,2025.0,9.0,7.0,manha,True,0,moderado,BR-101
716088.0,2025-09-04,quinta,15:00,ES,101.0,263.0,SERRA,Acessar a via sem observar a presença dos outros veículos,Colisão traseira,Com Vítimas Feridas,Pleno dia,Decrescente,Nublado,Dupla,Declive;Reta,Sim,2.0,0.0,2.0,0.0,0.0,0.0,2.0,2.0,-20.1695432,-40.27002007,SPRF-ES,DEL02-ES,UOP01-DEL02-ES,2025-09-04 15:00:00,2025.0,9.0,15.0,tarde,True,0,moderado,BR-101
716113.0,2025-09-04,quinta,17:20,ES,262.0,188.1,IUNA,Transitar na contramão,Colisão frontal,Com Vítimas Fatais,Anoitecer,Crescente,Céu Claro,Simples,Aclive;Curva,Não,2.0,1.0,0.0,0.0,0.0,1.0,0.0,2.0,-20.31544,-41.72836,SPRF-ES,DEL01-ES,UOP02-DEL01-ES,2025-09-04 17:20:00,2025.0,9.0,17.0,tarde,False,1,fatal,BR-262
716119.0,2025-09-04,quinta,18:44,ES,262.0,0.9,CARIACICA,Manobra de mudança de faixa,Colisão lateral mesmo sentido,Com Vítimas Feridas,Plena Noite,Crescente,Nublado,Dupla,Ponte,Sim,2.0,0.0,1.0,0.0,1.0,0.0,1.0,2.0,-20.32638444,-40.35470366,SPRF-ES,DEL01-ES,UOP01-DEL01-ES,2025-09-04 18:44:00,2025.0,9.0,18.0,noite,True,0,moderado,BR-262
716201.0,2025-09-05,sexta,05:50,ES,101.0,149.2,LINHARES,Condutor desrespeitou a iluminação vermelha do semáforo,Colisão transversal,Com Vítimas Feridas,Pleno dia,Decrescente,Céu Claro,Dupla,Interseção de Vias,Sim,2.0,0.0,1.0,0.0,1.0,0.0,1.0,2.0,-19.39957873,-40.06240711,SPRF-ES,DEL04-ES,UOP01-DEL04-ES,2025-09-05 05:50:00,2025.0,9.0,5.0,madrugada,False,0,moderado,BR-101
716224.0,2025-09-05,sexta,08:00,ES,101.0,297.5,CARIACICA,Trafegar com motocicleta (ou similar) entre as faixas,Colisão traseira,Com Vítimas Feridas,Pleno dia,Crescente,Céu Claro,Dupla,Reta,Sim,2.0,0.0,0.0,1.0,1.0,0.0,1.0,2.0,-20.34786385,-40.41160202,SPRF-ES,DEL01-ES,UOP01-DEL01-ES,2025-09-05 08:00:00,2025.0,9.0,8.0,manha,True,1,grave,BR-101
716287.0,2025-09-05,sexta,14:00,ES,101.0,370.7,ANCHIETA,Desrespeitar a preferência no cruzamento,Colisão transversal,Com Vítimas Feridas,Pleno dia,Decrescente,Céu Claro,Simples,Interseção de Vias,Não,3.0,0.0,1.0,0.0,2.0,0.0,1.0,2.0,-20.7709959,-40.76377843,SPRF-ES,DEL03-ES,UOP01-DEL03-ES,2025-09-05 14:00:00,2025.0,9.0,14.0,tarde,False,0,moderado,BR-101
716303.0,2025-09-05,sexta,15:10,ES,101.0,257.0,SERRA,Acessar a via sem observar a presença dos outros veículos,Colisão frontal,Com Vítimas Feridas,Pleno dia,Decrescente,Céu Claro,Dupla,Interseção de Vias,Sim,2.0,0.0,1.0,0.0,1.0,0.0,1.0,2.0,-20.12369122,-40.30423274,SPRF-ES,DEL02-ES,UOP01-DEL02-ES,2025-09-05 15:10:00,2025.0,9.0,15.0,tarde,True,0,moderado,BR-101
716360.0,2025-09-05,sexta,17:45,ES,101.0,297.2,CARIACICA,Trafegar com motocicleta (ou similar) entre as faixas,Colisão traseira,Com Vítimas Feridas,Anoitecer,Crescente,Céu Claro,Dupla,Reta,Sim,2.0,0.0,1.0,0.0,1.0,0.0,1.0,2.0,-20.347605,-40.411545,SPRF-ES,DEL01-ES,UOP01-DEL01-ES,2025-09-05 17:45:00,2025.0,9.0,17.0,tarde,True,0,moderado,BR-101
716386.0,2025-09-05,sexta,18:19,ES,393.0,1.0,CACHOEIRO DE ITAPEMIRIM,Condutor deixou de manter distância do veículo da frente,Queda de ocupante de veículo,Com Vítimas Feridas,Anoitecer,Crescente,Céu Claro,Simples,Reta,Sim,1.0,0.0,0.0,1.0,0.0,0.0,1.0,1.0,-20.83369788,-41.177077,SPRF-ES,DEL03-ES,UOP02-DEL03-ES,2025-09-05 18:19:00,2025.0,9.0,18.0,noite,False,1,grave,BR-393
716390.0,2025-09-05,sexta,19:20,ES,101.0,53.4,CONCEICAO DA BARRA,Velocidade Incompatível,Saída de leito carroçável,Com Vítimas Feridas,Plena Noite,Crescente,Nublado,Simples,Reta,Não,2.0,0.0,2.0,0.0,0.0,0.0,2.0,1.0,-18.618851,-39.882419,SPRF-ES,DEL04-ES,UOP02-DEL04-ES,2025-09-05 19:20:00,2025.0,9.0,19.0,noite,False,0,moderado,BR-101
716443.0,2025-09-06,sabado,02:20,ES,101.0,141.8,LINHARES,Ingestão de álcool pelo condutor,Saída de leito carroçável,Com Vítimas Feridas,Plena Noite,Decrescente,Céu Claro,Múltipla,Retorno Regulamentado;Reta,Sim,1.0,0.0,1.0,0.0,0.0,0.0,1.0,1.0,-19.3329536,-40.06843376,SPRF-ES,DEL04-ES,UOP01-DEL04-ES,2025-09-06 02:20:00,2025.0,9.0,2.0,madrugada,False,0,moderado,BR-101
716486.0,2025-09-06,sabado,08:00,ES,101.0,288.8,CARIACICA,Condutor deixou de manter distância do veículo da frente,Colisão traseira,Com Vítimas Feridas,Pleno dia,Decrescente,Céu Claro,Múltipla,Interseção de Vias,Sim,2.0,0.0,1.0,0.0,1.0,0.0,1.0,2.0,-20.2800659,-40.3924427,SPRF-ES,DEL01-ES,UOP01-DEL01-ES,2025-09-06 08:00:00,2025.0,9.0,8.0,manha,True,0,moderado,BR-101
716492.0,2025-09-06,sabado,08:00,ES,101.0,395.0,RIO NOVO DO SUL,Ausência de reação do condutor,Colisão traseira,Com Vítimas Feridas,Pleno dia,Crescente,Céu Claro,Simples,Curva,Não,3.0,0.0,1.0,0.0,2.0,0.0,1.0,2.0,-20.86583834,-40.93312791,SPRF-ES,DEL03-ES,UOP02-DEL03-ES,2025-09-06 08:00:00,2025.0,9.0,8.0,manha,False,0,moderado,BR-101
716506.0,2025-09-06,sabado,08:00,ES,262.0,151.6,IBATIBA,Acumulo de óleo sobre o pavimento,Queda de ocupante de veículo,Com Vítimas Feridas,Pleno dia,Decrescente,Céu Claro,Simples,Curva,Não,1.0,0.0,1.0,0.0,0.0,0.0,1.0,1.0,-20.21967712,-41.44738197,SPRF-ES,DEL01-ES,UOP02-DEL01-ES,2025-09-06 08:00:00,2025.0,9.0,8.0,manha,False,0,moderado,BR-262
716552.0,2025-09-06,sabado,13:10,ES,101.0,331.0,GUARAPARI,Avarias e/ou desgaste excessivo no pneu,Tombamento,Com Vítimas Feridas,Pleno dia,Decrescente,Céu Claro,Dupla,Curva,Não,2.0,0.0,1.0,1.0,0.0,0.0,2.0,1.0,-20.6013553,-40.5042874,SPRF-ES,DEL03-ES,UOP01-DEL03-ES,2025-09-06 13:10:00,2025.0,9.0,13.0,tarde,True,1,grave,BR-101
716603.0,2025-09-06,sabado,17:00,ES,101.0,205.4,IBIRACU,Manobra de mudança de faixa,Colisão lateral mesmo sentido,Com Vítimas Feridas,Pleno dia,Crescente,Céu Claro,Simples,Reta,Sim,2.0,0.0,0.0,1.0,1.0,0.0,1.0,2.0,-19.77621155,-40.37162623,SPRF-ES,DEL02-ES,UOP01-DEL02-ES,2025-09-06 17:00:00,2025.0,9.0,17.0,tarde,False,1,grave,BR-101
716622.0,2025-09-06,sabado,18:15,ES,262.0,102.6,VENDA NOVA DO IMIGRANTE,Acessar a via sem observar a presença dos outros veículos,Colisão transversal,Com Vítimas Feridas,Plena Noite,Crescente,Nublado,Simples,Reta,Sim,2.0,0.0,0.0,2.0,0.0,0.0,2.0,2.0,-20.33868096,-41.11920214,SPRF-ES,DEL01-ES,UOP02-DEL01-ES,2025-09-06 18:15:00,2025.0,9.0,18.0,noite,False,1,grave,BR-262
716649.0,2025-09-06,sabado,20:20,ES,262.0,37.0,DOMINGOS MARTINS,Ultrapassagem Indevida,Colisão frontal,Com Vítimas Feridas,Plena Noite,Crescente,Céu Claro,Simples,Reta,Não,2.0,0.0,1.0,0.0,0.0,1.0,1.0,2.0,-20.381745,-40.615676,SPRF-ES,DEL01-ES,UOP01-DEL01-ES,2025-09-06 20:20:00,2025.0,9.0,20.0,noite,False,0,moderado,BR-262
716710.0,2025-09-07,domingo,00:30,ES,101.0,88.0,SAO MATEUS,Acesso irregular,Colisão transversal,Com Vítimas Feridas,Plena Noite,Crescente,Céu Claro,Simples,Reta,Não,5.0,0.0,3.0,0.0,1.0,1.0,3.0,2.0,-18.88334165,-39.94823456,SPRF-ES,DEL04-ES,UOP02-DEL04-ES,2025-09-07 00:30:00,2025.0,9.0,0.0,madrugada,False,0,moderado,BR-101
716777.0,2025-09-07,domingo,10:20,ES,101.0,241.9,SERRA,Demais falhas na via,Colisão com objeto,Com Vítimas Feridas,Pleno dia,Crescente,Céu Claro,Múltipla,Reta,Não,1.0,0.0,1.0,0.0,0.0,0.0,1.0,1.0,-20.03295,-40.39673,SPRF-ES,DEL02-ES,UOP01-DEL02-ES,2025-09-07 10:20:00,2025.0,9.0,10.0,manha,True,0,moderado,BR-101
716798.0,2025-09-07,domingo,12:40,ES,101.0,39.9,CONCEICAO DA BARRA,Transitar na contramão,Colisão lateral sentido oposto,Com Vítimas Feridas,Pleno dia,Crescente,Céu Claro,Simples,Reta,Não,2.0,0.0,1.0,0.0,1.0,0.0,1.0,2.0,-18.498036,-39.91906,SPRF-ES,DEL04-ES,UOP02-DEL04-ES,2025-09-07 12:40:00,2025.0,9.0,12.0,tarde,False,0,moderado,BR-101
716824.0,2025-09-07,domingo,15:50,ES,101.0,213.0,IBIRACU,Conversão proibida,Colisão lateral mesmo sentido,Com Vítimas Feridas,Pleno dia,Crescente,Nublado,Simples,Reta,Sim,4.0,0.0,0.0,1.0,3.0,0.0,1.0,2.0,-19.82404,-40.36971,SPRF-ES,DEL02-ES,UOP01-DEL02-ES,2025-09-07 15:50:00,2025.0,9.0,15.0,tarde,False,1,grave,BR-101
716873.0,2025-09-07,domingo,17:10,ES,101.0,32.3,CONCEICAO DA BARRA,Ausência de reação do condutor,Colisão traseira,Com Vítimas Feridas,Pleno dia,Crescente,Céu Claro,Simples,Aclive;Reta,Sim,6.0,0.0,5.0,0.0,1.0,0.0,5.0,2.0,-18.42898249,-39.93437855,SPRF-ES,DEL04-ES,UOP02-DEL04-ES,2025-09-07 17:10:00,2025.0,9.0,17.0,tarde,False,0,moderado,BR-101
716943.0,2025-09-08,segunda,06:09,ES,101.0,217.0,IBIRACU,Reação tardia ou ineficiente do condutor,Colisão com objeto,Com Vítimas Feridas,Pleno dia,Crescente,Nublado,Dupla,Curva,Não,1.0,0.0,1.0,0.0,0.0,0.0,1.0,1.0,-19.85063,-40.38308,SPRF-ES,DEL02-ES,UOP01-DEL02-ES,2025-09-08 06:09:00,2025.0,9.0,6.0,manha,False,0,moderado,BR-101
717059.0,2025-09-08,segunda,15:45,ES,101.0,350.3,ANCHIETA,Condutor Dormindo,Colisão com objeto,Com Vítimas Feridas,Anoitecer,Decrescente,Céu Claro,Dupla,Reta,Não,2.0,0.0,0.0,2.0,0.0,0.0,2.0,1.0,-20.661612,-40.651018,SPRF-ES,DEL03-ES,UOP01-DEL03-ES,2025-09-08 15:45:00,2025.0,9.0,15.0,tarde,False,1,grave,BR-101
717064.0,2025-09-08,segunda,16:57,ES,101.0,286.0,CARIACICA,Acessar a via sem observar a presença dos outros veículos,Colisão lateral mesmo sentido,Com Vítimas Feridas,Plena Noite,Crescente,Céu Claro,Dupla,Reta,Não,2.0,0.0,1.0,0.0,1.0,0.0,1.0,2.0,-20.265964,-40.385661,SPRF-ES,DEL01-ES,UOP01-DEL01-ES,2025-09-08 16:57:00,2025.0,9.0,16.0,tarde,True,0,moderado,BR-101
717074.0,2025-09-08,segunda,17:14,ES,101.0,276.4,SERRA,Acessar a via sem observar a presença dos outros veículos,Colisão transversal,Com Vítimas Feridas,Anoitecer,Crescente,Nublado,Dupla,Retorno Regulamentado;Reta,Não,2.0,0.0,0.0,1.0,1.0,0.0,1.0,2.0,-20.209032,-40.315957,SPRF-ES,DEL02-ES,UOP01-DEL02-ES,2025-09-08 17:14:00,2025.0,9.0,17.0,tarde,True,1,grave,BR-101
717266.0,2025-09-09,terca,17:00,ES,259.0,53.8,COLATINA,Trafegar com motocicleta (ou similar) entre as faixas,Colisão lateral mesmo sentido,Com Vítimas Feridas,Pleno dia,Crescente,Céu Claro,Simples,Reta;Aclive,Não,2.0,0.0,2.0,0.0,0.0,0.0,2.0,2.0,-19.496888,-40.639497,SPRF-ES,DEL02-ES,UOP01-DEL02-ES,2025-09-09 17:00:00,2025.0,9.0,17.0,tarde,False,0,moderado,BR-259
717269.0,2025-09-09,terca,16:30,ES,101.0,297.6,VIANA,Condutor deixou de manter distância do veículo da frente,Colisão traseira,Com Vítimas Feridas,Pleno dia,Decrescente,Céu Claro,Dupla,Curva,Sim,2.0,0.0,0.0,1.0,1.0,0.0,1.0,2.0,-20.35077321,-40.41291833,SPRF-ES,DEL01-ES,UOP01-DEL01-ES,2025-09-09 16:30:00,2025.0,9.0,16.0,tarde,True,1,grave,BR-101
717285.0,2025-09-09,terca,18:20,ES,101.0,299.0,VIANA,Entrada inopinada do pedestre,Atropelamento de Pedestre,Com Vítimas Feridas,Plena Noite,Decrescente,Céu Claro,Múltipla,Reta,Sim,3.0,0.0,3.0,0.0,0.0,0.0,3.0,2.0,-20.357599,-40.427582,SPRF-ES,DEL01-ES,UOP01-DEL01-ES,2025-09-09 18:20:00,2025.0,9.0,18.0,noite,True,0,moderado,BR-101
717288.0,2025-09-09,terca,18:50,ES,101.0,121.0,LINHARES,Condutor usando celular,Tombamento,Com Vítimas Feridas,Plena Noite,Crescente,Céu Claro,Dupla,Reta,Não,1.0,0.0,1.0,0.0,0.0,0.0,1.0,1.0,-19.1520459,-40.0794874,SPRF-ES,DEL04-ES,UOP01-DEL04-ES,2025-09-09 18:50:00,2025.0,9.0,18.0,noite,False,0,moderado,BR-101
717393.0,2025-09-10,quarta,08:37,ES,101.0,73.0,SAO MATEUS,Reação tardia ou ineficiente do condutor,Tombamento,Com Vítimas Feridas,Pleno dia,Crescente,Sol,Simples,Reta,Não,1.0,0.0,0.0,1.0,0.0,0.0,1.0,1.0,-18.74045276,-39.86111641,SPRF-ES,DEL04-ES,UOP02-DEL04-ES,2025-09-10 08:37:00,2025.0,9.0,8.0,manha,False,1,grave,BR-101
717397.0,2025-09-10,quarta,13:10,ES,262.0,17.0,VIANA,Condutor deixou de manter distância do veículo da frente,Colisão traseira,Com Vítimas Feridas,Pleno dia,Decrescente,Céu Claro,Simples,Reta,Sim,2.0,0.0,1.0,0.0,1.0,0.0,1.0,2.0,-20.386885,-40.473821,SPRF-ES,DEL01-ES,UOP01-DEL01-ES,2025-09-10 13:10:00,2025.0,9.0,13.0,tarde,True,0,moderado,BR-262
717401.0,2025-09-10,quarta,13:04,ES,101.0,136.5,LINHARES,Ausência de reação do condutor,Tombamento,Com Vítimas Feridas,Pleno dia,Decrescente,Céu Claro,Simples,Reta,Não,1.0,0.0,1.0,0.0,0.0,0.0,1.0,1.0,-19.287717,-40.086452,SPRF-ES,DEL04-ES,UOP01-DEL04-ES,2025-09-10 13:04:00,2025.0,9.0,13.0,tarde,False,0,moderado,BR-101
717416.0,2025-09-10,quarta,14:09,ES,101.0,148.0,LINHARES,Entrada inopinada do pedestre,Atropelamento de Pedestre,Com Vítimas Feridas,Pleno dia,Crescente,Céu Claro,Dupla,Reta,Sim,2.0,0.0,1.0,0.0,1.0,0.0,1.0,2.0,-19.389511,-40.067773,SPRF-ES,DEL04-ES,UOP01-DEL04-ES,2025-09-10 14:09:00,2025.0,9.0,14.0,tarde,False,0,moderado,BR-101
717423.0,2025-09-10,quarta,14:40,ES,101.0,267.0,SERRA,Avarias e/ou desgaste excessivo no pneu,Tombamento,Com Vítimas Feridas,Pleno dia,Crescente,Sol,Múltipla,Reta,Sim,2.0,0.0,1.0,0.0,0.0,1.0,1.0,1.0,-20.1992787,-40.26899099,SPRF-ES,DEL02-ES,UOP01-DEL02-ES,2025-09-10 14:40:00,2025.0,9.0,14.0,tarde,True,0,moderado,BR-101
717468.0,2025-09-10,quarta,18:20,ES,101.0,142.3,LINHARES,Manobra de mudança de faixa,Colisão traseira,Com Vítimas Feridas,Plena Noite,Crescente,Céu Claro,Dupla,Reta,Sim,3.0,0.0,1.0,0.0,2.0,0.0,1.0,2.0,-19.340733,-40.064766,SPRF-ES,DEL04-ES,UOP01-DEL04-ES,2025-09-10 18:20:00,2025.0,9.0,18.0,noite,False,0,moderado,BR-101
717574.0,2025-09-11,quinta,09:15,ES,101.0,340.7,GUARAPARI,Reação tardia ou ineficiente do condutor,Saída de leito carroçável,Com Vítimas Feridas,Pleno dia,Decrescente,Céu Claro,Dupla,Reta,Não,2.0,0.0,1.0,1.0,0.0,0.0,2.0,1.0,-20.6507953,-40.569761,SPRF-ES,DEL03-ES,UOP01-DEL03-ES,2025-09-11 09:15:00,2025.0,9.0,9.0,manha,True,1,grave,BR-101
717637.0,2025-09-11,quinta,15:40,ES,101.0,221.2,IBIRACU,Demais falhas mecânicas ou elétricas,Tombamento,Com Vítimas Feridas,Pleno dia,Crescente,Nublado,Simples,Reta,Não,2.0,0.0,1.0,0.0,1.0,0.0,1.0,1.0,-19.867377,-40.402486,SPRF-ES,DEL02-ES,UOP01-DEL02-ES,2025-09-11 15:40:00,2025.0,9.0,15.0,tarde,False,0,moderado,BR-101
717677.0,2025-09-11,quinta,18:30,ES,101.0,279.0,SERRA,Acessar a via sem observar a presença dos outros veículos,Colisão transversal,Com Vítimas Feridas,Plena Noite,Decrescente,Céu Claro,Dupla,Retorno Regulamentado;Reta,Não,4.0,0.0,2.0,0.0,2.0,0.0,2.0,2.0,-20.21856,-40.34559,SPRF-ES,DEL02-ES,UOP01-DEL02-ES,2025-09-11 18:30:00,2025.0,9.0,18.0,noite,True,0,moderado,BR-101
717706.0,2025-09-11,quinta,19:34,ES,259.0,58.8,COLATINA,Reação tardia ou ineficiente do condutor,Eventos atípicos,Com Vítimas Feridas,Plena Noite,Crescente,Nublado,Simples,Reta;Declive,Não,3.0,0.0,1.0,1.0,1.0,0.0,2.0,3.0,-19.52261,-40.668633,SPRF-ES,DEL02-ES,UOP01-DEL02-ES,2025-09-11 19:34:00,2025.0,9.0,19.0,noite,False,1,grave,BR-259
717726.0,2025-09-11,quinta,23:50,ES,101.0,18.0,PINHEIROS,Velocidade Incompatível,Colisão lateral sentido oposto,Com Vítimas Feridas,Plena Noite,Crescente,Nevoeiro/Neblina,Simples,Declive;Curva,Não,2.0,0.0,2.0,0.0,0.0,0.0,2.0,1.0,-18.31289547,-39.95497464,SPRF-ES,DEL04-ES,UOP02-DEL04-ES,2025-09-11 23:50:00,2025.0,9.0,23.0,noite,False,0,moderado,BR-101
717745.0,2025-09-12,sexta,05:21,ES,393.0,1.4,CACHOEIRO DE ITAPEMIRIM,Acessar a via sem observar a presença dos outros veículos,Colisão transversal,Com Vítimas Feridas,Pleno dia,Crescente,Nublado,Simples,Reta,Não,1.0,0.0,0.0,1.0,0.0,0.0,1.0,1.0,-20.834131,-41.171818,SPRF-ES,DEL03-ES,UOP02-DEL03-ES,2025-09-12 05:21:00,2025.0,9.0,5.0,madrugada,False,1,grave,BR-393
717771.0,2025-09-12,sexta,08:20,ES,101.0,270.1,SERRA,Condutor deixou de manter distância do veículo da frente,Colisão traseira,Com Vítimas Feridas,Pleno dia,Decrescente,Nublado,Múltipla,Reta,Sim,2.0,0.0,1.0,0.0,1.0,0.0,1.0,2.0,-20.2276829,-40.2713021,SPRF-ES,DEL02-ES,UOP01-DEL02-ES,2025-09-12 08:20:00,2025.0,9.0,8.0,manha,True,0,moderado,BR-101
717810.0,2025-09-12,sexta,10:55,ES,101.0,273.3,SERRA,Reação tardia ou ineficiente do condutor,Tombamento,Com Vítimas Feridas,Pleno dia,Crescente,Céu Claro,Dupla,Reta,Não,1.0,0.0,0.0,1.0,0.0,0.0,1.0,1.0,-20.125707,-40.34259922,SPRF-ES,DEL02-ES,UOP01-DEL02-ES,2025-09-12 10:55:00,2025.0,9.0,10.0,manha,True,1,grave,BR-101
717924.0,2025-09-12,sexta,19:50,ES,262.0,103.0,VENDA NOVA DO IMIGRANTE,Reação tardia ou ineficiente do condutor,Tombamento,Com Vítimas Feridas,Plena Noite,Crescente,Nublado,Simples,Rotatória,Sim,1.0,0.0,1.0,0.0,0.0,0.0,1.0,1.0,-20.33250804,-41.12929885,SPRF-ES,DEL01-ES,UOP02-DEL01-ES,2025-09-12 19:50:00,2025.0,9.0,19.0,noite,False,0,moderado,BR-262
717931.0,2025-09-12,sexta,20:30,ES,262.0,17.2,VIANA,Ausência de reação do condutor,Colisão transversal,Com Vítimas Feridas,Plena Noite,Decrescente,Céu Claro,Simples,Reta,Sim,3.0,0.0,0.0,1.0,2.0,0.0,1.0,3.0,-20.3879314,-40.476268,SPRF-ES,DEL01-ES,UOP01-DEL01-ES,2025-09-12 20:30:00,2025.0,9.0,20.0,noite,True,1,grave,BR-262
717945.0,2025-09-12,sexta,19:50,ES,393.0,1.0,CACHOEIRO DE ITAPEMIRIM,Velocidade Incompatível,Atropelamento de Pedestre,Com Vítimas Feridas,Plena Noite,Crescente,Garoa/Chuvisco,Simples,Aclive;Reta,Sim,2.0,0.0,1.0,1.0,0.0,0.0,2.0,2.0,-20.838637,-41.163564,SPRF-ES,DEL03-ES,UOP02-DEL03-ES,2025-09-12 19:50:00,2025.0,9.0,19.0,noite,False,1,grave,BR-393
717962.0,2025-09-12,sexta,22:20,ES,101.0,289.0,CARIACICA,Velocidade Incompatível,Colisão com objeto,Sem Vítimas,Plena Noite,Crescente,Chuva,Dupla,Reta,Sim,1.0,0.0,0.0,0.0,0.0,1.0,0.0,1.0,-20.2800176,-40.39296269,SPRF-ES,DEL01-ES,UOP01-DEL01-ES,2025-09-12 22:20:00,2025.0,9.0,22.0,noite,True,0,baixo,BR-101
717982.0,2025-09-13,sabado,01:20,ES,101.0,137.9,LINHARES,Ingestão de álcool pelo condutor,Colisão com objeto,Sem Vítimas,Plena Noite,Crescente,Céu Claro,Simples,Interseção de Vias,Não,1.0,0.0,0.0,0.0,1.0,0.0,0.0,1.0,-19.29178283,-40.08619308,SPRF-ES,DEL04-ES,UOP01-DEL04-ES,2025-09-13 01:20:00,2025.0,9.0,1.0,madrugada,False,0,baixo,BR-101
717994.0,2025-09-13,sabado,03:05,ES,101.0,4.3,SERRA,Ausência de reação do condutor,Saída de leito carroçável,Sem Vítimas,Plena Noite,Decrescente,Nublado,Dupla,Curva,Não,3.0,0.0,0.0,0.0,2.0,1.0,0.0,1.0,-20.0987588,-40.3533874,SPRF-ES,DEL04-ES,UOP02-DEL04-ES,2025-09-13 03:05:00,2025.0,9.0,3.0,madrugada,True,0,baixo,BR-101
718018.0,2025-09-13,sabado,06:30,ES,101.0,141.0,LINHARES,Velocidade Incompatível,Colisão traseira,Com Vítimas Feridas,Pleno dia,Crescente,Nublado,Dupla,Reta,Sim,3.0,0.0,0.0,2.0,0.0,1.0,2.0,2.0,-19.3262728,-40.07184146,SPRF-ES,DEL04-ES,UOP01-DEL04-ES,2025-09-13 06:30:00,2025.0,9.0,6.0,manha,False,1,grave,BR-101
718092.0,2025-09-06,sabado,11:05,ES,262.0,46.0,MARECHAL FLORIANO,Retorno proibido,Colisão transversal,Com Vítimas Feridas,Pleno dia,Crescente,Céu Claro,Simples,Declive;Reta,Sim,2.0,0.0,1.0,0.0,1.0,0.0,1.0,2.0,-20.4025813,-40.6719234,SPRF-ES,DEL01-ES,UOP01-DEL01-ES,2025-09-06 11:05:00,2025.0,9.0,11.0,manha,False,0,moderado,BR-262
718100.0,2025-09-13,sabado,13:50,ES,101.0,331.8,GUARAPARI,Acumulo de água sobre o pavimento,Saída de leito carroçável,Com Vítimas Feridas,Pleno dia,Crescente,Chuva,Dupla,Reta,Não,1.0,0.0,1.0,0.0,0.0,0.0,1.0,1.0,-20.60633483,-40.50646305,SPRF-ES,DEL03-ES,UOP01-DEL03-ES,2025-09-13 13:50:00,2025.0,9.0,13.0,tarde,True,0,moderado,BR-101
718114.0,2025-09-13,sabado,14:20,ES,262.0,43.1,MARECHAL FLORIANO,Demais falhas mecânicas ou elétricas,Incêndio,Sem Vítimas,Pleno dia,Crescente,Chuva,Simples,Curva;Declive,Não,2.0,0.0,0.0,0.0,2.0,0.0,0.0,1.0,-20.38445,-40.66377,SPRF-ES,DEL01-ES,UOP01-DEL01-ES,2025-09-13 14:20:00,2025.0,9.0,14.0,tarde,False,0,baixo,BR-262
718123.0,2025-09-13,sabado,14:50,ES,101.0,284.0,CARIACICA,Reação tardia ou ineficiente do condutor,Colisão traseira,Com Vítimas Feridas,Pleno dia,Crescente,Chuva,Dupla,Reta;Declive,Não,2.0,0.0,1.0,0.0,1.0,0.0,1.0,2.0,-20.246943,-40.369971,SPRF-ES,DEL01-ES,UOP01-DEL01-ES,2025-09-13 14:50:00,2025.0,9.0,14.0,tarde,True,0,moderado,BR-101
718178.0,2025-09-13,sabado,18:30,ES,101.0,140.7,LINHARES,Ingestão de álcool pelo condutor,Colisão lateral mesmo sentido,Sem Vítimas,Plena Noite,Decrescente,Nublado,Múltipla,Reta,Sim,2.0,0.0,0.0,0.0,2.0,0.0,0.0,2.0,-19.32477737,-40.07266092,SPRF-ES,DEL04-ES,UOP01-DEL04-ES,2025-09-13 18:30:00,2025.0,9.0,18.0,noite,False,0,baixo,BR-101
718266.0,2025-09-14,domingo,04:50,ES,101.0,293.2,CARIACICA,Velocidade Incompatível,Saída de leito carroçável,Com Vítimas Feridas,Plena Noite,Decrescente,Céu Claro,Múltipla,Reta,Não,1.0,0.0,0.0,1.0,0.0,0.0,1.0,1.0,-20.3186199,-40.3969695,SPRF-ES,DEL01-ES,UOP01-DEL01-ES,2025-09-14 04:50:00,2025.0,9.0,4.0,madrugada,True,1,grave,BR-101
718313.0,2025-09-14,domingo,10:20,ES,101.0,170.3,LINHARES,Demais falhas mecânicas ou elétricas,Tombamento,Com Vítimas Feridas,Pleno dia,Crescente,Nublado,Simples,Reta,Não,2.0,0.0,0.0,1.0,1.0,0.0,1.0,1.0,-19.55218,-40.170038,SPRF-ES,DEL04-ES,UOP01-DEL04-ES,2025-09-14 10:20:00,2025.0,9.0,10.0,manha,False,1,grave,BR-101
718352.0,2025-09-14,domingo,16:20,ES,262.0,63.7,MARECHAL FLORIANO,Condutor Dormindo,Colisão frontal,Com Vítimas Feridas,Pleno dia,Crescente,Nublado,Simples,Reta,Não,5.0,0.0,1.0,4.0,0.0,0.0,5.0,2.0,-20.412165,-40.858965,SPRF-ES,DEL01-ES,UOP02-DEL01-ES,2025-09-14 16:20:00,2025.0,9.0,16.0,tarde,False,1,grave,BR-262
718370.0,2025-09-14,domingo,17:00,ES,393.0,2.2,CACHOEIRO DE ITAPEMIRIM,Pedestre - Ingestão de álcool/ substâncias psicoativas,Atropelamento de Pedestre,Com Vítimas Feridas,Pleno dia,Crescente,Nublado,Simples,Reta,Sim,2.0,0.0,1.0,0.0,0.0,1.0,1.0,2.0,-20.8327139,-41.1761915,SPRF-ES,DEL03-ES,UOP02-DEL03-ES,2025-09-14 17:00:00,2025.0,9.0,17.0,tarde,False,0,moderado,BR-393
718391.0,2025-09-14,domingo,19:10,ES,101.0,266.4,SERRA,Pedestre cruzava a pista fora da faixa,Atropelamento de Pedestre,Com Vítimas Feridas,Plena Noite,Crescente,Céu Claro,Dupla,Reta,Sim,1.0,0.0,1.0,0.0,0.0,0.0,1.0,1.0,-20.19440188,-40.26848317,SPRF-ES,DEL02-ES,UOP01-DEL02-ES,2025-09-14 19:10:00,2025.0,9.0,19.0,noite,True,0,moderado,BR-101
718400.0,2025-09-14,domingo,19:45,ES,101.0,174.0,ARACRUZ,Condutor deixou de manter distância do veículo da frente,Colisão traseira,Sem Vítimas,Plena Noite,Crescente,Céu Claro,Simples,Reta,Sim,4.0,0.0,0.0,0.0,4.0,0.0,0.0,2.0,-19.5808007,-40.1880271,SPRF-ES,DEL04-ES,UOP01-DEL04-ES,2025-09-14 19:45:00,2025.0,9.0,19.0,noite,False,0,baixo,BR-101
718411.0,2025-09-14,domingo,19:00,ES,101.0,287.5,CARIACICA,Reação tardia ou ineficiente do condutor,Colisão com objeto,Sem Vítimas,Plena Noite,Crescente,Nublado,Dupla,Reta,Sim,1.0,0.0,0.0,0.0,1.0,0.0,0.0,1.0,-20.27904545,-40.39281964,SPRF-ES,DEL01-ES,UOP01-DEL01-ES,2025-09-14 19:00:00,2025.0,9.0,19.0,noite,True,0,baixo,BR-101
718730.0,2025-09-16,terca,07:30,ES,259.0,51.0,COLATINA,Ausência de reação do condutor,Tombamento,Com Vítimas Feridas,Pleno dia,Decrescente,Chuva,Simples,Reta,Não,1.0,0.0,0.0,1.0,0.0,0.0,1.0,1.0,-19.5044513,-40.61286002,SPRF-ES,DEL02-ES,UOP01-DEL02-ES,2025-09-16 07:30:00,2025.0,9.0,7.0,manha,False,1,grave,BR-259
718759.0,2025-09-16,terca,08:40,ES,393.0,1.0,CACHOEIRO DE ITAPEMIRIM,Ausência de reação do condutor,Colisão traseira,Com Vítimas Feridas,Pleno dia,Crescente,Sol,Simples,Reta;Interseção de Vias,Sim,2.0,0.0,1.0,0.0,1.0,0.0,1.0,2.0,-20.83999696,-41.16072742,SPRF-ES,DEL03-ES,UOP02-DEL03-ES,2025-09-16 08:40:00,2025.0,9.0,8.0,manha,False,0,moderado,BR-393
718764.0,2025-09-13,sabado,12:00,ES,262.0,56.2,MARECHAL FLORIANO,Avarias e/ou desgaste excessivo no pneu,Saída de leito carroçável,Com Vítimas Feridas,Pleno dia,Crescente,Chuva,Simples,Retorno Regulamentado,Não,2.0,0.0,1.0,1.0,0.0,0.0,2.0,1.0,-20.413767,-40.7590073,SPRF-ES,DEL01-ES,UOP01-DEL01-ES,2025-09-13 12:00:00,2025.0,9.0,12.0,tarde,False,1,grave,BR-262
718766.0,2025-09-16,terca,09:10,ES,101.0,157.8,ARACRUZ,Condutor Dormindo,Colisão com objeto,Com Vítimas Feridas,Pleno dia,Crescente,Céu Claro,Simples,Reta,Não,1.0,0.0,1.0,0.0,0.0,0.0,1.0,1.0,-19.638385,-40.2263254,SPRF-ES,DEL04-ES,UOP01-DEL04-ES,2025-09-16 09:10:00,2025.0,9.0,9.0,manha,False,0,moderado,BR-101
718768.0,2025-09-16,terca,10:10,ES,101.0,264.5,SERRA,Acesso irregular,Colisão transversal,Com Vítimas Feridas,Pleno dia,Crescente,Garoa/Chuvisco,Dupla,Reta,Não,2.0,0.0,1.0,0.0,0.0,1.0,1.0,2.0,-20.17825181,-40.26548018,SPRF-ES,DEL02-ES,UOP01-DEL02-ES,2025-09-16 10:10:00,2025.0,9.0,10.0,manha,True,0,moderado,BR-101
718781.0,2025-09-16,terca,12:15,ES,447.0,13.9,VILA VELHA,Condutor deixou de manter distância do veículo da frente,Colisão traseira,Com Vítimas Feridas,Pleno dia,Crescente,Céu Claro,Dupla,Reta,Sim,2.0,0.0,1.0,0.0,1.0,0.0,1.0,2.0,-20.35011936,-40.33327818,SPRF-ES,DEL01-ES,UOP01-DEL01-ES,2025-09-16 12:15:00,2025.0,9.0,12.0,tarde,True,0,moderado,BR-447
718785.0,2025-09-16,terca,13:00,ES,262.0,17.0,VIANA,Acessar a via sem observar a presença dos outros veículos,Colisão transversal,Com Vítimas Feridas,Pleno dia,Decrescente,Sol,Simples,Reta,Sim,2.0,0.0,1.0,0.0,1.0,0.0,1.0,2.0,-20.38662993,-40.47324657,SPRF-ES,DEL01-ES,UOP01-DEL01-ES,2025-09-16 13:00:00,2025.0,9.0,13.0,tarde,True,0,moderado,BR-262
718815.0,2025-09-16,terca,15:00,ES,262.0,104.0,VENDA NOVA DO IMIGRANTE,Ausência de reação do condutor,Colisão traseira,Com Vítimas Feridas,Pleno dia,Crescente,Céu Claro,Simples,Reta,Sim,2.0,0.0,1.0,0.0,1.0,0.0,1.0,2.0,-20.329835,-41.131113,SPRF-ES,DEL01-ES,UOP02-DEL01-ES,2025-09-16 15:00:00,2025.0,9.0,15.0,tarde,False,0,moderado,BR-262
718818.0,2025-09-13,sabado,06:55,ES,101.0,31.0,CONCEICAO DA BARRA,Reação tardia ou ineficiente do condutor,Tombamento,Com Vítimas Feridas,Pleno dia,Decrescente,Nublado,Simples,Aclive;Reta,Não,1.0,0.0,1.0,0.0,0.0,0.0,1.0,1.0,-18.41689798,-39.93602411,SPRF-ES,DEL04-ES,UOP02-DEL04-ES,2025-09-13 06:55:00,2025.0,9.0,6.0,manha,False,0,moderado,BR-101
718829.0,2025-09-16,terca,17:15,ES,101.0,147.1,LINHARES,Acessar a via sem observar a presença dos outros veículos,Colisão transversal,Com Vítimas Feridas,Pleno dia,Decrescente,Céu Claro,Múltipla,Reta;Interseção de Vias,Sim,3.0,0.0,2.0,0.0,1.0,0.0,2.0,2.0,-19.38002066,-40.0666666,SPRF-ES,DEL04-ES,UOP01-DEL04-ES,2025-09-16 17:15:00,2025.0,9.0,17.0,tarde,False,0,moderado,BR-101
719003.0,2025-09-17,quarta,16:00,ES,101.0,67.5,SAO MATEUS,Condutor desrespeitou a iluminação vermelha do semáforo,Colisão transversal,Com Vítimas Feridas,Pleno dia,Decrescente,Céu Claro,Múltipla,Interseção de Vias,Sim,2.0,0.0,1.0,0.0,1.0,0.0,1.0,2.0,-18.722397,-39.861909,SPRF-ES,DEL04-ES,UOP02-DEL04-ES,2025-09-17 16:00:00,2025.0,9.0,16.0,tarde,False,0,moderado,BR-101
719103.0,2025-09-18,quinta,07:00,ES,262.0,16.0,VIANA,Acessar a via sem observar a presença dos outros veículos,Colisão transversal,Com Vítimas Feridas,Pleno dia,Crescente,Nublado,Simples,Curva,Não,2.0,0.0,1.0,0.0,1.0,0.0,1.0,2.0,-20.38418159,-40.46709438,SPRF-ES,DEL01-ES,UOP01-DEL01-ES,2025-09-18 07:00:00,2025.0,9.0,7.0,manha,True,0,moderado,BR-262
719113.0,2025-09-18,quinta,07:40,ES,101.0,236.5,FUNDAO,Ausência de reação do condutor,Colisão lateral sentido oposto,Com Vítimas Feridas,Pleno dia,Crescente,Chuva,Simples,Curva,Não,2.0,0.0,0.0,1.0,1.0,0.0,1.0,2.0,-19.991428,-40.414103,SPRF-ES,DEL02-ES,UOP01-DEL02-ES,2025-09-18 07:40:00,2025.0,9.0,7.0,manha,True,1,grave,BR-101
719233.0,2025-09-18,quinta,18:25,ES,101.0,127.0,SOORETAMA,Desrespeitar a preferência no cruzamento,Colisão transversal,Com Vítimas Feridas,Plena Noite,Crescente,Céu Claro,Simples,Interseção de Vias,Sim,2.0,0.0,1.0,0.0,1.0,0.0,1.0,2.0,-19.203053,-40.09563,SPRF-ES,DEL04-ES,UOP01-DEL04-ES,2025-09-18 18:25:00,2025.0,9.0,18.0,noite,False,0,moderado,BR-101
719245.0,2025-09-18,quinta,19:10,ES,101.0,268.9,SERRA,Acessar a via sem observar a presença dos outros veículos,Colisão traseira,Com Vítimas Feridas,Plena Noite,Crescente,Céu Claro,Dupla,Reta,Sim,4.0,0.0,2.0,0.0,2.0,0.0,2.0,3.0,-20.216857,-40.270283,SPRF-ES,DEL02-ES,UOP01-DEL02-ES,2025-09-18 19:10:00,2025.0,9.0,19.0,noite,True,0,moderado,BR-101
719315.0,2025-09-19,sexta,06:40,ES,101.0,268.5,SERRA,Trafegar com motocicleta (ou similar) entre as faixas,Colisão lateral mesmo sentido,Com Vítimas Feridas,Pleno dia,Crescente,Nublado,Múltipla,Reta,Não,4.0,0.0,3.0,0.0,1.0,0.0,3.0,4.0,-20.21246,-40.26983,SPRF-ES,DEL02-ES,UOP01-DEL02-ES,2025-09-19 06:40:00,2025.0,9.0,6.0,manha,True,0,moderado,BR-101
719327.0,2025-09-19,sexta,08:41,ES,101.0,291.8,CARIACICA,Manobra de mudança de faixa,Colisão lateral mesmo sentido,Com Vítimas Feridas,Pleno dia,Decrescente,Céu Claro,Dupla,Reta,Sim,2.0,0.0,1.0,0.0,1.0,0.0,1.0,2.0,-20.30533515,-40.3951149,SPRF-ES,DEL01-ES,UOP01-DEL01-ES,2025-09-19 08:41:00,2025.0,9.0,8.0,manha,True,0,moderado,BR-101
719354.0,2025-09-19,sexta,11:40,ES,101.0,259.2,SERRA,Reação tardia ou ineficiente do condutor,Tombamento,Com Vítimas Feridas,Pleno dia,Decrescente,Chuva,Simples,Curva;Declive,Sim,1.0,0.0,1.0,0.0,0.0,0.0,1.0,1.0,-20.1434,-40.2921,SPRF-ES,DEL02-ES,UOP01-DEL02-ES,2025-09-19 11:40:00,2025.0,9.0,11.0,manha,True,0,moderado,BR-101
719388.0,2025-09-18,quinta,20:40,ES,101.0,53.7,CONCEICAO DA BARRA,Ultrapassagem Indevida,Colisão frontal,Com Vítimas Feridas,Plena Noite,Decrescente,Ignorado,Simples,Interseção de Vias,Sim,3.0,0.0,1.0,0.0,2.0,0.0,1.0,2.0,-18.60520724,-39.88660812,SPRF-ES,DEL04-ES,UOP02-DEL04-ES,2025-09-18 20:40:00,2025.0,9.0,20.0,noite,False,0,moderado,BR-101
719409.0,2025-09-19,sexta,14:00,ES,262.0,104.0,VENDA NOVA DO IMIGRANTE,Mal súbito do condutor,Colisão com objeto,Com Vítimas Feridas,Pleno dia,Decrescente,Céu Claro,Simples,Reta,Sim,1.0,0.0,0.0,1.0,0.0,0.0,1.0,1.0,-20.326355,-41.135758,SPRF-ES,DEL01-ES,UOP02-DEL01-ES,2025-09-19 14:00:00,2025.0,9.0,14.0,tarde,False,1,grave,BR-262
719477.0,2025-09-19,sexta,19:40,ES,101.0,149.4,LINHARES,Condutor desrespeitou a iluminação vermelha do semáforo,Colisão transversal,Com Vítimas Feridas,Plena Noite,Crescente,Céu Claro,Dupla,Interseção de Vias,Sim,2.0,0.0,1.0,0.0,0.0,1.0,1.0,2.0,-19.40116854,-40.06160259,SPRF-ES,DEL04-ES,UOP01-DEL04-ES,2025-09-19 19:40:00,2025.0,9.0,19.0,noite,False,0,moderado,BR-101
719549.0,2025-09-20,sabado,01:40,ES,262.0,159.1,IBATIBA,Ingestão de álcool pelo condutor,Colisão traseira,Com Vítimas Feridas,Plena Noite,Crescente,Garoa/Chuvisco,Simples,Reta,Sim,2.0,0.0,1.0,0.0,0.0,1.0,1.0,2.0,-20.23425547,-41.50624663,SPRF-ES,DEL01-ES,UOP02-DEL01-ES,2025-09-20 01:40:00,2025.0,9.0,1.0,madrugada,False,0,moderado,BR-262
719571.0,2025-09-20,sabado,04:00,ES,101.0,130.0,LINHARES,Redutor de velocidade em desacordo,Colisão traseira,Com Vítimas Feridas,Plena Noite,Crescente,Chuva,Simples,Reta,Não,3.0,0.0,0.0,1.0,2.0,0.0,1.0,2.0,-19.15394119,-40.07866144,SPRF-ES,DEL04-ES,UOP01-DEL04-ES,2025-09-20 04:00:00,2025.0,9.0,4.0,madrugada,False,1,grave,BR-101
719592.0,2025-08-30,sabado,11:10,ES,101.0,295.6,CARIACICA,Objeto estático sobre o leito carroçável,Tombamento,Com Vítimas Feridas,Pleno dia,Decrescente,Nublado,Dupla,Reta,Sim,1.0,0.0,1.0,0.0,0.0,0.0,1.0,1.0,-20.33713308,-40.40256354,SPRF-ES,DEL01-ES,UOP01-DEL01-ES,2025-08-30 11:10:00,2025.0,8.0,11.0,manha,True,0,moderado,BR-101
719631.0,2025-09-20,sabado,11:48,ES,101.0,285.7,CARIACICA,Velocidade Incompatível,Colisão com objeto,Com Vítimas Feridas,Pleno dia,Crescente,Nublado,Dupla,Curva,Sim,4.0,0.0,2.0,0.0,2.0,0.0,2.0,1.0,-20.25761892,-40.37724458,SPRF-ES,DEL01-ES,UOP01-DEL01-ES,2025-09-20 11:48:00,2025.0,9.0,11.0,manha,True,0,moderado,BR-101
719651.0,2025-09-20,sabado,12:20,ES,101.0,125.7,SOORETAMA,Transitar na contramão,Colisão transversal,Com Vítimas Feridas,Pleno dia,Decrescente,Céu Claro,Múltipla,Reta,Sim,2.0,0.0,1.0,0.0,1.0,0.0,1.0,2.0,-19.19185587,-40.09501876,SPRF-ES,DEL04-ES,UOP01-DEL04-ES,2025-09-20 12:20:00,2025.0,9.0,12.0,tarde,False,0,moderado,BR-101
719750.0,2025-09-20,sabado,20:42,ES,101.0,165.2,LINHARES,Ingestão de álcool pelo condutor,Colisão lateral sentido oposto,Com Vítimas Feridas,Plena Noite,Crescente,Nublado,Simples,Reta,Não,2.0,0.0,1.0,0.0,1.0,0.0,1.0,2.0,-19.5159193,-40.14159437,SPRF-ES,DEL04-ES,UOP01-DEL04-ES,2025-09-20 20:42:00,2025.0,9.0,20.0,noite,False,0,moderado,BR-101
719769.0,2025-09-20,sabado,21:40,ES,262.0,96.0,DOMINGOS MARTINS,Reação tardia ou ineficiente do condutor,Tombamento,Com Vítimas Feridas,Plena Noite,Crescente,Céu Claro,Simples,Reta,Não,2.0,0.0,0.0,1.0,0.0,1.0,1.0,2.0,-20.36377915,-41.06758118,SPRF-ES,DEL01-ES,UOP02-DEL01-ES,2025-09-20 21:40:00,2025.0,9.0,21.0,noite,False,1,grave,BR-262
719771.0,2025-09-20,sabado,21:50,ES,101.0,263.0,SERRA,Manobra de mudança de faixa,Colisão lateral mesmo sentido,Com Vítimas Feridas,Plena Noite,Crescente,Garoa/Chuvisco,Dupla,Reta,Não,2.0,0.0,0.0,1.0,0.0,1.0,1.0,2.0,-20.0538237,-40.3802811,SPRF-ES,DEL02-ES,UOP01-DEL02-ES,2025-09-20 21:50:00,2025.0,9.0,21.0,noite,True,1,grave,BR-101
719803.0,2025-09-20,sabado,23:50,ES,101.0,144.8,LINHARES,Reação tardia ou ineficiente do condutor,Colisão traseira,Sem Vítimas,Plena Noite,Decrescente,Chuva,Dupla,Reta,Sim,2.0,0.0,0.0,0.0,2.0,0.0,0.0,2.0,-19.36004222,-40.06426243,SPRF-ES,DEL04-ES,UOP01-DEL04-ES,2025-09-20 23:50:00,2025.0,9.0,23.0,noite,False,0,baixo,BR-101
719817.0,2025-09-21,domingo,01:15,ES,101.0,337.4,GUARAPARI,Animais na Pista,Atropelamento de Animal,Com Vítimas Feridas,Plena Noite,Crescente,Céu Claro,Dupla,Reta,Não,1.0,0.0,0.0,1.0,0.0,0.0,1.0,1.0,-20.63816595,-40.54384232,SPRF-ES,DEL03-ES,UOP01-DEL03-ES,2025-09-21 01:15:00,2025.0,9.0,1.0,madrugada,True,1,grave,BR-101
719822.0,2025-09-21,domingo,01:45,ES,101.0,10.0,SERRA,Sinalização mal posicionada,Tombamento,Com Vítimas Feridas,Plena Noite,Crescente,Céu Claro,Dupla,Em Obras;Reta,Não,2.0,0.0,1.0,0.0,1.0,0.0,1.0,1.0,-20.14201594,-40.34145355,SPRF-ES,DEL02-ES,UOP01-DEL02-ES,2025-09-21 01:45:00,2025.0,9.0,1.0,madrugada,True,0,moderado,BR-101
719835.0,2025-09-21,domingo,04:45,ES,101.0,297.5,VIANA,Reação tardia ou ineficiente do condutor,Saída de leito carroçável,Com Vítimas Feridas,Amanhecer,Crescente,Céu Claro,Dupla,Reta,Sim,2.0,0.0,0.0,1.0,1.0,0.0,1.0,1.0,-20.349968,-40.412722,SPRF-ES,DEL01-ES,UOP01-DEL01-ES,2025-09-21 04:45:00,2025.0,9.0,4.0,madrugada,True,1,grave,BR-101
719836.0,2025-09-21,domingo,03:45,ES,101.0,239.0,FUNDAO,Velocidade Incompatível,Capotamento,Sem Vítimas,Plena Noite,Crescente,Nublado,Simples,Curva,Não,1.0,0.0,0.0,0.0,0.0,1.0,0.0,1.0,-20.01000923,-40.4068771,SPRF-ES,DEL02-ES,UOP01-DEL02-ES,2025-09-21 03:45:00,2025.0,9.0,3.0,madrugada,True,0,baixo,BR-101
719887.0,2025-09-21,domingo,10:20,ES,101.0,263.0,SERRA,Avarias e/ou desgaste excessivo no pneu,Queda de ocupante de veículo,Com Vítimas Feridas,Pleno dia,Decrescente,Céu Claro,Dupla,Reta,Sim,2.0,0.0,1.0,0.0,1.0,0.0,1.0,1.0,-20.169558,-40.269888,SPRF-ES,DEL02-ES,UOP01-DEL02-ES,2025-09-21 10:20:00,2025.0,9.0,10.0,manha,True,0,moderado,BR-101
719892.0,2025-09-21,domingo,10:45,ES,262.0,19.0,VIANA,Desrespeitar a preferência no cruzamento,Colisão transversal,Com Vítimas Feridas,Pleno dia,Crescente,Céu Claro,Simples,Reta,Sim,3.0,0.0,0.0,2.0,1.0,0.0,2.0,2.0,-20.392183,-40.489528,SPRF-ES,DEL01-ES,UOP01-DEL01-ES,2025-09-21 10:45:00,2025.0,9.0,10.0,manha,True,1,grave,BR-262
719932.0,2025-09-21,domingo,13:30,ES,101.0,148.2,LINHARES,Velocidade Incompatível,Saída de leito carroçável,Com Vítimas Feridas,Pleno dia,Decrescente,Céu Claro,Múltipla,Curva,Sim,1.0,0.0,1.0,0.0,0.0,0.0,1.0,1.0,-19.39013185,-40.06743732,SPRF-ES,DEL04-ES,UOP01-DEL04-ES,2025-09-21 13:30:00,2025.0,9.0,13.0,tarde,False,0,moderado,BR-101
719965.0,2025-09-21,domingo,15:50,ES,262.0,94.3,DOMINGOS MARTINS,Frear bruscamente,Colisão traseira,Com Vítimas Feridas,Pleno dia,Crescente,Sol,Simples,Curva,Não,2.0,0.0,1.0,0.0,1.0,0.0,1.0,2.0,-20.37114932,-41.06050182,SPRF-ES,DEL01-ES,UOP02-DEL01-ES,2025-09-21 15:50:00,2025.0,9.0,15.0,tarde,False,0,moderado,BR-262
720030.0,2025-09-21,domingo,19:50,ES,262.0,45.0,MARECHAL FLORIANO,Reação tardia ou ineficiente do condutor,Colisão lateral sentido oposto,Sem Vítimas,Plena Noite,Crescente,Chuva,Simples,Reta;Aclive,Sim,3.0,0.0,0.0,0.0,1.0,2.0,0.0,2.0,-20.40135084,-40.6722784,SPRF-ES,DEL01-ES,UOP01-DEL01-ES,2025-09-21 19:50:00,2025.0,9.0,19.0,noite,False,0,baixo,BR-262
720054.0,2025-09-21,domingo,20:00,ES,262.0,26.0,VIANA,Velocidade Incompatível,Colisão lateral sentido oposto,Com Vítimas Feridas,Plena Noite,Crescente,Céu Claro,Simples,Curva;Declive,Não,4.0,0.0,2.0,0.0,2.0,0.0,2.0,2.0,-20.38249,-40.55027,SPRF-ES,DEL01-ES,UOP01-DEL01-ES,2025-09-21 20:00:00,2025.0,9.0,20.0,noite,True,0,moderado,BR-262
720070.0,2025-09-21,domingo,22:10,ES,101.0,266.0,SERRA,Acessar a via sem observar a presença dos outros veículos,Colisão transversal,Com Vítimas Feridas,Plena Noite,Crescente,Nublado,Dupla,Reta,Sim,4.0,0.0,3.0,0.0,1.0,0.0,3.0,2.0,-20.195246,-40.26891,SPRF-ES,DEL02-ES,UOP01-DEL02-ES,2025-09-21 22:10:00,2025.0,9.0,22.0,noite,True,0,moderado,BR-101
720137.0,2025-09-22,segunda,06:50,ES,101.0,298.0,VIANA,Demais falhas mecânicas ou elétricas,Queda de ocupante de veículo,Com Vítimas Feridas,Pleno dia,Decrescente,Céu Claro,Dupla,Reta,Sim,2.0,0.0,2.0,0.0,0.0,0.0,2.0,1.0,-20.3530172,-40.417406,SPRF-ES,DEL01-ES,UOP01-DEL01-ES,2025-09-22 06:50:00,2025.0,9.0,6.0,manha,True,0,moderado,BR-101
720217.0,2025-09-22,segunda,13:40,ES,101.0,270.0,SERRA,Condutor deixou de manter distância do veículo da frente,Colisão traseira,Com Vítimas Feridas,Pleno dia,Crescente,Céu Claro,Múltipla,Reta,Sim,4.0,0.0,1.0,0.0,3.0,0.0,1.0,2.0,-20.22996,-40.273005,SPRF-ES,DEL02-ES,UOP01-DEL02-ES,2025-09-22 13:40:00,2025.0,9.0,13.0,tarde,True,0,moderado,BR-101
720294.0,2025-09-22,segunda,16:50,ES,259.0,49.9,COLATINA,Transitar na contramão,Colisão frontal,Com Vítimas Feridas,Pleno dia,Crescente,Ignorado,Simples,Reta,Não,2.0,0.0,0.0,1.0,1.0,0.0,1.0,2.0,-19.50527784,-40.61129809,SPRF-ES,DEL02-ES,UOP01-DEL02-ES,2025-09-22 16:50:00,2025.0,9.0,16.0,tarde,False,1,grave,BR-259
720324.0,2025-09-22,segunda,20:05,ES,101.0,379.9,ICONHA,Ausência de reação do condutor,Colisão transversal,Com Vítimas Feridas,Plena Noite,Crescente,Nublado,Simples,Curva,Não,2.0,0.0,2.0,0.0,0.0,0.0,2.0,2.0,-20.80603192,-40.8319637,SPRF-ES,DEL03-ES,UOP01-DEL03-ES,2025-09-22 20:05:00,2025.0,9.0,20.0,noite,False,0,moderado,BR-101
720347.0,2025-09-22,segunda,22:00,ES,101.0,58.0,SAO MATEUS,Reação tardia ou ineficiente do condutor,Colisão traseira,Com Vítimas Feridas,Plena Noite,Decrescente,Céu Claro,Simples,Reta,Não,2.0,0.0,1.0,0.0,0.0,1.0,1.0,2.0,-18.65416,-39.871907,SPRF-ES,DEL04-ES,UOP02-DEL04-ES,2025-09-22 22:00:00,2025.0,9.0,22.0,noite,False,0,moderado,BR-101
720366.0,2025-09-23,terca,01:10,ES,101.0,335.0,GUARAPARI,Acumulo de água sobre o pavimento,Saída de leito carroçável,Com Vítimas Feridas,Plena Noite,Decrescente,Chuva,Dupla,Reta,Não,1.0,0.0,0.0,1.0,0.0,0.0,1.0,1.0,-20.6270669,-40.5281334,SPRF-ES,DEL03-ES,UOP01-DEL03-ES,2025-09-23 01:10:00,2025.0,9.0,1.0,madrugada,True,1,grave,BR-101
720403.0,2025-08-26,terca,10:00,ES,101.0,127.0,SOORETAMA,Ausência de reação do condutor,Colisão com objeto,Com Vítimas Feridas,Pleno dia,Decrescente,Céu Claro,Dupla,Curva,Sim,1.0,0.0,0.0,1.0,0.0,0.0,1.0,1.0,-19.20053991,-40.09534612,SPRF-ES,DEL04-ES,UOP01-DEL04-ES,2025-08-26 10:00:00,2025.0,8.0,10.0,manha,False,1,grave,BR-101
720412.0,2025-09-23,terca,07:30,ES,262.0,99.0,VENDA NOVA DO IMIGRANTE,Ultrapassagem Indevida,Colisão transversal,Com Vítimas Feridas,Pleno dia,Crescente,Sol,Simples,Curva,Não,2.0,0.0,1.0,0.0,1.0,0.0,1.0,2.0,-20.35425615,-41.08938217,SPRF-ES,DEL01-ES,UOP02-DEL01-ES,2025-09-23 07:30:00,2025.0,9.0,7.0,manha,False,0,moderado,BR-262
720427.0,2025-09-23,terca,11:40,ES,101.0,266.5,SERRA,Condutor desrespeitou a iluminação vermelha do semáforo,Colisão transversal,Com Vítimas Feridas,Pleno dia,Decrescente,Nublado,Múltipla,Reta,Sim,2.0,0.0,1.0,0.0,1.0,0.0,1.0,2.0,-20.19568333,-40.268765,SPRF-ES,DEL02-ES,UOP01-DEL02-ES,2025-09-23 11:40:00,2025.0,9.0,11.0,manha,True,0,moderado,BR-101
720453.0,2025-08-18,segunda,20:35,ES,101.0,292.0,CARIACICA,Reação tardia ou ineficiente do condutor,Tombamento,Com Vítimas Feridas,Plena Noite,Decrescente,Céu Claro,Dupla,Reta,Não,2.0,0.0,2.0,0.0,0.0,0.0,2.0,1.0,-20.30832089,-40.39475441,SPRF-ES,DEL01-ES,UOP01-DEL01-ES,2025-08-18 20:35:00,2025.0,8.0,20.0,noite,True,0,moderado,BR-101
720577.0,2025-09-24,quarta,08:30,ES,101.0,298.0,VIANA,Demais falhas mecânicas ou elétricas,Incêndio,Sem Vítimas,Pleno dia,Crescente,Céu Claro,Dupla,Reta,Sim,1.0,0.0,0.0,0.0,1.0,0.0,0.0,1.0,-20.34983965,-40.41262719,SPRF-ES,DEL01-ES,UOP01-DEL01-ES,2025-09-24 08:30:00,2025.0,9.0,8.0,manha,True,0,baixo,BR-101
720780.0,2025-09-19,sexta,23:15,ES,101.0,361.3,ANCHIETA,Ausência de sinalização,Colisão traseira,Com Vítimas Feridas,Plena Noite,Decrescente,Nublado,Simples,Reta,Não,2.0,0.0,1.0,0.0,1.0,0.0,1.0,2.0,-20.7117281,-40.72364537,SPRF-ES,DEL03-ES,UOP01-DEL03-ES,2025-09-19 23:15:00,2025.0,9.0,23.0,noite,False,0,moderado,BR-101
720785.0,2025-08-02,sabado,07:30,ES,101.0,141.0,LINHARES,Reação tardia ou ineficiente do condutor,Colisão com objeto,Com Vítimas Feridas,Pleno dia,Decrescente,Céu Claro,Simples,Reta,Sim,1.0,0.0,0.0,1.0,0.0,0.0,1.0,1.0,-19.327912,-40.070822,SPRF-ES,DEL04-ES,UOP01-DEL04-ES,2025-08-02 07:30:00,2025.0,8.0,7.0,manha,False,1,grave,BR-101
720794.0,2025-09-25,quinta,08:00,ES,101.0,137.0,MUNIZ FREIRE,Velocidade Incompatível,Queda de ocupante de veículo,Com Vítimas Feridas,Pleno dia,Decrescente,Chuva,Simples,Curva,Não,1.0,0.0,0.0,1.0,0.0,0.0,1.0,1.0,-20.23568,-41.351067,SPRF-ES,DEL04-ES,UOP01-DEL04-ES,2025-09-25 08:00:00,2025.0,9.0,8.0,manha,False,1,grave,BR-101
720842.0,2025-09-25,quinta,17:50,ES,101.0,143.8,LINHARES,Condutor deixou de manter distância do veículo da frente,Colisão traseira,Com Vítimas Feridas,Plena Noite,Decrescente,Garoa/Chuvisco,Múltipla,Declive;Reta,Sim,3.0,0.0,2.0,0.0,0.0,1.0,2.0,2.0,-19.35054897,-40.06320144,SPRF-ES,DEL04-ES,UOP01-DEL04-ES,2025-09-25 17:50:00,2025.0,9.0,17.0,tarde,False,0,moderado,BR-101
720882.0,2025-09-25,quinta,19:40,ES,101.0,348.9,ANCHIETA,Entrada inopinada do pedestre,Atropelamento de Pedestre,Com Vítimas Feridas,Plena Noite,Crescente,Chuva,Dupla,Curva,Não,2.0,0.0,0.0,1.0,0.0,1.0,1.0,2.0,-20.65097988,-40.64227865,SPRF-ES,DEL03-ES,UOP01-DEL03-ES,2025-09-25 19:40:00,2025.0,9.0,19.0,noite,False,1,grave,BR-101
720959.0,2025-09-26,sexta,09:00,ES,262.0,166.0,IBATIBA,Ausência de reação do condutor,Saída de leito carroçável,Com Vítimas Feridas,Pleno dia,Crescente,Sol,Simples,Curva,Não,1.0,0.0,0.0,1.0,0.0,0.0,1.0,1.0,-20.25231103,-41.56551565,SPRF-ES,DEL01-ES,UOP02-DEL01-ES,2025-09-26 09:00:00,2025.0,9.0,9.0,manha,False,1,grave,BR-262
721033.0,2025-09-26,sexta,16:30,ES,101.0,212.7,IBIRACU,Reação tardia ou ineficiente do condutor,Tombamento,Com Vítimas Feridas,Pleno dia,Crescente,Nublado,Simples,Reta,Sim,1.0,0.0,1.0,0.0,0.0,0.0,1.0,1.0,-19.82021867,-40.36848307,SPRF-ES,DEL02-ES,UOP01-DEL02-ES,2025-09-26 16:30:00,2025.0,9.0,16.0,tarde,False,0,moderado,BR-101
721155.0,2025-09-27,sabado,05:50,ES,101.0,264.0,SERRA,Ausência de reação do condutor,Colisão traseira,Sem Vítimas,Pleno dia,Decrescente,Céu Claro,Múltipla,Reta,Sim,1.0,0.0,0.0,0.0,0.0,1.0,0.0,1.0,-20.17831568,-40.26548052,SPRF-ES,DEL02-ES,UOP01-DEL02-ES,2025-09-27 05:50:00,2025.0,9.0,5.0,madrugada,True,0,baixo,BR-101
721174.0,2025-09-27,sabado,06:50,ES,101.0,293.8,CARIACICA,Reação tardia ou ineficiente do condutor,Capotamento,Sem Vítimas,Amanhecer,Crescente,Céu Claro,Múltipla,Curva,Não,1.0,0.0,0.0,0.0,0.0,1.0,0.0,1.0,-20.321424,-40.395868,SPRF-ES,DEL01-ES,UOP01-DEL01-ES,2025-09-27 06:50:00,2025.0,9.0,6.0,manha,True,0,baixo,BR-101
721207.0,2025-09-26,sexta,22:15,ES,262.0,64.9,MARECHAL FLORIANO,Reação tardia ou ineficiente do condutor,Saída de leito carroçável,Com Vítimas Feridas,Plena Noite,Decrescente,Nublado,Simples,Curva;Aclive,Não,1.0,0.0,1.0,0.0,0.0,0.0,1.0,1.0,-20.414308,-40.82534,SPRF-ES,DEL01-ES,UOP02-DEL01-ES,2025-09-26 22:15:00,2025.0,9.0,22.0,noite,False,0,moderado,BR-262
721233.0,2025-09-27,sabado,12:29,ES,262.0,30.0,DOMINGOS MARTINS,Retorno proibido,Colisão transversal,Com Vítimas Feridas,Pleno dia,Crescente,Céu Claro,Simples,Aclive;Curva,Não,2.0,0.0,1.0,0.0,1.0,0.0,1.0,2.0,-20.37439035,-40.56467625,SPRF-ES,DEL01-ES,UOP01-DEL01-ES,2025-09-27 12:29:00,2025.0,9.0,12.0,tarde,False,0,moderado,BR-262
721250.0,2025-09-27,sabado,15:35,ES,101.0,65.0,SAO MATEUS,Ausência de reação do condutor,Atropelamento de Pedestre,Com Vítimas Feridas,Pleno dia,Crescente,Céu Claro,Simples,Reta,Sim,2.0,0.0,1.0,0.0,0.0,1.0,1.0,2.0,-18.71775866,-39.87254904,SPRF-ES,DEL04-ES,UOP02-DEL04-ES,2025-09-27 15:35:00,2025.0,9.0,15.0,tarde,False,0,moderado,BR-101
721268.0,2025-09-27,sabado,17:05,ES,101.0,210.8,IBIRACU,Ultrapassagem Indevida,Colisão lateral mesmo sentido,Com Vítimas Feridas,Pleno dia,Crescente,Céu Claro,Simples,Declive;Reta,Não,3.0,0.0,0.0,2.0,0.0,1.0,2.0,3.0,-19.8042291,-40.3678401,SPRF-ES,DEL02-ES,UOP01-DEL02-ES,2025-09-27 17:05:00,2025.0,9.0,17.0,tarde,False,1,grave,BR-101
721295.0,2025-09-27,sabado,17:45,ES,101.0,265.0,SERRA,Reação tardia ou ineficiente do condutor,Colisão com objeto,Com Vítimas Feridas,Anoitecer,Decrescente,Nublado,Dupla,Reta,Sim,1.0,0.0,0.0,1.0,0.0,0.0,1.0,1.0,-20.18478,-40.26714,SPRF-ES,DEL02-ES,UOP01-DEL02-ES,2025-09-27 17:45:00,2025.0,9.0,17.0,tarde,True,1,grave,BR-101
721428.0,2025-09-28,domingo,07:30,ES,101.0,294.0,CARIACICA,Velocidade Incompatível,Colisão com objeto,Sem Vítimas,Pleno dia,Decrescente,Sol,Dupla,Curva,Sim,1.0,0.0,0.0,0.0,1.0,0.0,0.0,1.0,-20.32386263,-40.39518356,SPRF-ES,DEL01-ES,UOP01-DEL01-ES,2025-09-28 07:30:00,2025.0,9.0,7.0,manha,True,0,baixo,BR-101
721471.0,2025-09-28,domingo,15:54,ES,101.0,276.0,CARIACICA,Conversão proibida,Colisão transversal,Com Vítimas Feridas,Pleno dia,Crescente,Céu Claro,Dupla,Reta,Sim,2.0,0.0,0.0,1.0,1.0,0.0,1.0,2.0,-20.22936695,-40.36693812,SPRF-ES,DEL02-ES,UOP01-DEL02-ES,2025-09-28 15:54:00,2025.0,9.0,15.0,tarde,True,1,grave,BR-101
721500.0,2025-09-28,domingo,17:55,ES,101.0,247.0,SERRA,Reação tardia ou ineficiente do condutor,Tombamento,Com Vítimas Feridas,Anoitecer,Crescente,Céu Claro,Dupla,Curva;Declive;Em Obras,Não,1.0,0.0,1.0,0.0,0.0,0.0,1.0,1.0,-20.05661658,-40.38008809,SPRF-ES,DEL02-ES,UOP01-DEL02-ES,2025-09-28 17:55:00,2025.0,9.0,17.0,tarde,True,0,moderado,BR-101
721618.0,2025-09-29,segunda,05:44,ES,262.0,116.0,CONCEICAO DO CASTELO,Ingestão de álcool pelo condutor,Tombamento,Com Vítimas Feridas,Amanhecer,Crescente,Céu Claro,Simples,Declive;Curva,Não,2.0,0.0,1.0,0.0,1.0,0.0,1.0,1.0,-20.314665,-41.236263,SPRF-ES,DEL01-ES,UOP02-DEL01-ES,2025-09-29 05:44:00,2025.0,9.0,5.0,madrugada,False,0,moderado,BR-262
721632.0,2025-09-29,segunda,09:10,ES,101.0,7.1,PEDRO CANARIO,Acessar a via sem observar a presença dos outros veículos,Colisão transversal,Com Vítimas Feridas,Pleno dia,Decrescente,Sol,Simples,Reta;Aclive,Não,2.0,0.0,1.0,0.0,1.0,0.0,1.0,2.0,-18.24019455,-39.95415257,SPRF-ES,DEL04-ES,UOP02-DEL04-ES,2025-09-29 09:10:00,2025.0,9.0,9.0,manha,False,0,moderado,BR-101
721655.0,2025-09-29,segunda,09:10,ES,262.0,77.9,DOMINGOS MARTINS,Reação tardia ou ineficiente do condutor,Saída de leito carroçável,Com Vítimas Feridas,Pleno dia,Crescente,Céu Claro,Simples,Curva,Não,1.0,0.0,1.0,0.0,0.0,0.0,1.0,1.0,-20.410986,-40.922877,SPRF-ES,DEL01-ES,UOP02-DEL01-ES,2025-09-29 09:10:00,2025.0,9.0,9.0,manha,False,0,moderado,BR-262
721737.0,2025-09-29,segunda,17:48,ES,101.0,255.0,SERRA,Ausência de reação do condutor,Colisão frontal,Com Vítimas Feridas,Anoitecer,Crescente,Céu Claro,Simples,Retorno Regulamentado;Interseção de Vias,Sim,2.0,0.0,2.0,0.0,0.0,0.0,2.0,2.0,-20.11771261,-40.3145078,SPRF-ES,DEL02-ES,UOP01-DEL02-ES,2025-09-29 17:48:00,2025.0,9.0,17.0,tarde,True,0,moderado,BR-101
721802.0,2025-09-30,terca,06:30,ES,101.0,276.0,SERRA,Condutor deixou de manter distância do veículo da frente,Colisão traseira,Com Vítimas Feridas,Pleno dia,Crescente,Céu Claro,Dupla,Reta,Não,4.0,0.0,2.0,2.0,0.0,0.0,4.0,3.0,-20.21362718,-40.32226682,SPRF-ES,DEL02-ES,UOP01-DEL02-ES,2025-09-30 06:30:00,2025.0,9.0,6.0,manha,True,1,grave,BR-101
721831.0,2025-09-30,terca,08:00,ES,393.0,1.0,ATILIO VIVACQUA,Condutor deixou de manter distância do veículo da frente,Colisão traseira,Com Vítimas Feridas,Pleno dia,Crescente,Sol,Simples,Reta,Não,1.0,0.0,0.0,1.0,0.0,0.0,1.0,1.0,-20.9246929,-41.17000462,SPRF-ES,DEL03-ES,UOP02-DEL03-ES,2025-09-30 08:00:00,2025.0,9.0,8.0,manha,False,1,grave,BR-393
721832.0,2025-09-30,terca,08:23,ES,101.0,189.0,ARACRUZ,Ausência de reação do condutor,Saída de leito carroçável,Com Vítimas Feridas,Pleno dia,Crescente,Nublado,Simples,Reta,Não,2.0,0.0,2.0,0.0,0.0,0.0,2.0,1.0,-19.678752,-40.26818991,SPRF-ES,DEL04-ES,UOP01-DEL04-ES,2025-09-30 08:23:00,2025.0,9.0,8.0,manha,False,0,moderado,BR-101
721848.0,2025-09-30,terca,09:00,ES,262.0,39.0,DOMINGOS MARTINS,Demais falhas mecânicas ou elétricas,Incêndio,Sem Vítimas,Pleno dia,Crescente,Céu Claro,Simples,Reta,Não,1.0,0.0,0.0,0.0,1.0,0.0,0.0,1.0,-20.3802214,-40.63187599,SPRF-ES,DEL01-ES,UOP01-DEL01-ES,2025-09-30 09:00:00,2025.0,9.0,9.0,manha,False,0,baixo,BR-262
721895.0,2025-09-10,quarta,17:40,ES,101.0,147.0,LINHARES,Acessar a via sem observar a presença dos outros veículos,Colisão traseira,Com Vítimas Feridas,Anoitecer,Crescente,Céu Claro,Simples,Reta,Sim,2.0,0.0,1.0,0.0,1.0,0.0,1.0,2.0,-19.38553,-40.067417,SPRF-ES,DEL04-ES,UOP01-DEL04-ES,2025-09-10 17:40:00,2025.0,9.0,17.0,tarde,False,0,moderado,BR-101
721903.0,2025-09-30,terca,16:32,ES,101.0,101.0,JAGUARE,Declive acentuado,Colisão traseira,Com Vítimas Feridas,Anoitecer,Crescente,Céu Claro,Simples,Declive,Não,2.0,0.0,1.0,1.0,0.0,0.0,2.0,2.0,-18.99047898,-40.00025209,SPRF-ES,DEL04-ES,UOP02-DEL04-ES,2025-09-30 16:32:00,2025.0,9.0,16.0,tarde,False,1,grave,BR-101
721924.0,2025-09-30,terca,18:15,ES,101.0,298.0,VIANA,Reação tardia ou ineficiente do condutor,Colisão traseira,Com Vítimas Feridas,Plena Noite,Decrescente,Céu Claro,Simples,Aclive;Reta,Sim,3.0,0.0,1.0,0.0,2.0,0.0,1.0,2.0,-20.353535,-40.415369,SPRF-ES,DEL01-ES,UOP01-DEL01-ES,2025-09-30 18:15:00,2025.0,9.0,18.0,noite,True,0,moderado,BR-101
721929.0,2025-09-30,terca,18:45,ES,101.0,443.0,MIMOSO DO SUL,Reação tardia ou ineficiente do condutor,Colisão lateral mesmo sentido,Com Vítimas Feridas,Plena Noite,Crescente,Céu Claro,Simples,Curva,Não,2.0,0.0,2.0,0.0,0.0,0.0,2.0,2.0,-21.09825713,-41.25351012,SPRF-ES,DEL03-ES,UOP02-DEL03-ES,2025-09-30 18:45:00,2025.0,9.0,18.0,noite,False,0,moderado,BR-101
722109.0,2025-10-01,quarta,17:30,ES,259.0,85.0,BAIXO GUANDU,Pedestre andava na pista,Colisão traseira,Com Vítimas Feridas,Anoitecer,Crescente,Céu Claro,Simples,Aclive,Não,2.0,0.0,1.0,0.0,1.0,0.0,1.0,2.0,-19.5117495,-40.8815622,SPRF-ES,DEL02-ES,UOP01-DEL02-ES,2025-10-01 17:30:00,2025.0,10.0,17.0,tarde,False,0,moderado,BR-259
722116.0,2025-10-01,quarta,18:40,ES,101.0,285.1,CARIACICA,Transitar na contramão,Atropelamento de Pedestre,Com Vítimas Feridas,Plena Noite,Decrescente,Nublado,Dupla,Reta;Interseção de Vias,Sim,2.0,0.0,0.0,1.0,0.0,1.0,1.0,2.0,-20.252243,-40.373105,SPRF-ES,DEL01-ES,UOP01-DEL01-ES,2025-10-01 18:40:00,2025.0,10.0,18.0,noite,True,1,grave,BR-101
722146.0,2025-10-01,quarta,22:20,ES,101.0,147.6,LINHARES,Ausência de reação do condutor,Tombamento,Com Vítimas Feridas,Plena Noite,Decrescente,Céu Claro,Dupla,Reta,Sim,1.0,0.0,1.0,0.0,0.0,0.0,1.0,1.0,-19.38408574,-40.06688118,SPRF-ES,DEL04-ES,UOP01-DEL04-ES,2025-10-01 22:20:00,2025.0,10.0,22.0,noite,False,0,moderado,BR-101
722181.0,2025-10-02,quinta,03:20,ES,259.0,93.3,BAIXO GUANDU,Reação tardia ou ineficiente do condutor,Saída de leito carroçável,Com Vítimas Fatais,Plena Noite,Crescente,Nublado,Simples,Curva,Não,1.0,1.0,0.0,0.0,0.0,0.0,0.0,1.0,-19.5031169,-40.943762,SPRF-ES,DEL02-ES,UOP01-DEL02-ES,2025-10-02 03:20:00,2025.0,10.0,3.0,madrugada,False,1,fatal,BR-259
722186.0,2025-10-02,quinta,06:55,ES,101.0,269.0,SERRA,Condutor deixou de manter distância do veículo da frente,Colisão traseira,Com Vítimas Feridas,Pleno dia,Crescente,Céu Claro,Dupla,Reta,Sim,3.0,0.0,2.0,0.0,1.0,0.0,2.0,3.0,-20.21652,-40.27011,SPRF-ES,DEL02-ES,UOP01-DEL02-ES,2025-10-02 06:55:00,2025.0,10.0,6.0,manha,True,0,moderado,BR-101
722223.0,2025-10-02,quinta,10:48,ES,101.0,282.1,CARIACICA,Ausência de reação do condutor,Colisão traseira,Com Vítimas Feridas,Pleno dia,Crescente,Sol,Dupla,Reta,Sim,2.0,0.0,0.0,1.0,1.0,0.0,1.0,2.0,-20.2277112,-40.3653903,SPRF-ES,DEL01-ES,UOP01-DEL01-ES,2025-10-02 10:48:00,2025.0,10.0,10.0,manha,True,1,grave,BR-101
722246.0,2025-08-31,domingo,06:40,ES,259.0,25.0,COLATINA,Pista Escorregadia,Colisão lateral sentido oposto,Com Vítimas Feridas,Pleno dia,Crescente,Chuva,Simples,Curva,Não,2.0,0.0,1.0,0.0,1.0,0.0,1.0,2.0,-19.61800371,-40.48054129,SPRF-ES,DEL02-ES,UOP01-DEL02-ES,2025-08-31 06:40:00,2025.0,8.0,6.0,manha,False,0,moderado,BR-259
722283.0,2025-09-16,terca,18:30,ES,101.0,301.0,VIANA,Pedestre cruzava a pista fora da faixa,Atropelamento de Pedestre,Com Vítimas Fatais,Plena Noite,Decrescente,Céu Claro,Dupla,Curva,Sim,2.0,1.0,0.0,0.0,1.0,0.0,0.0,2.0,-20.3632875,-40.4422094,SPRF-ES,DEL01-ES,UOP01-DEL01-ES,2025-09-16 18:30:00,2025.0,9.0,18.0,noite,True,1,fatal,BR-101
722363.0,2025-10-03,sexta,02:10,ES,101.0,148.7,LINHARES,Condutor desrespeitou a iluminação vermelha do semáforo,Colisão transversal,Com Vítimas Feridas,Plena Noite,Decrescente,Nublado,Múltipla,Interseção de Vias;Reta,Sim,3.0,0.0,2.0,0.0,0.0,1.0,2.0,2.0,-19.39471558,-40.06518602,SPRF-ES,DEL04-ES,UOP01-DEL04-ES,2025-10-03 02:10:00,2025.0,10.0,2.0,madrugada,False,0,moderado,BR-101
722393.0,2025-10-03,sexta,07:40,ES,101.0,37.2,CONCEICAO DA BARRA,Acessar a via sem observar a presença dos outros veículos,Colisão transversal,Com Vítimas Feridas,Pleno dia,Crescente,Céu Claro,Simples,Interseção de Vias,Sim,3.0,0.0,1.0,0.0,2.0,0.0,1.0,2.0,-18.49039118,-39.92559603,SPRF-ES,DEL04-ES,UOP02-DEL04-ES,2025-10-03 07:40:00,2025.0,10.0,7.0,manha,False,0,moderado,BR-101
722412.0,2025-08-04,segunda,23:50,ES,393.0,0.7,CACHOEIRO DE ITAPEMIRIM,Ingestão de álcool pelo condutor,Colisão frontal,Com Vítimas Feridas,Plena Noite,Crescente,Céu Claro,Simples,Reta,Sim,4.0,0.0,2.0,1.0,1.0,0.0,3.0,2.0,-20.9247285,-41.0806888,SPRF-ES,DEL03-ES,UOP02-DEL03-ES,2025-08-04 23:50:00,2025.0,8.0,23.0,noite,False,1,grave,BR-393
722431.0,2025-10-03,sexta,08:10,ES,262.0,106.0,VENDA NOVA DO IMIGRANTE,Manobra de mudança de faixa,Colisão lateral mesmo sentido,Com Vítimas Feridas,Pleno dia,Crescente,Nublado,Simples,Reta,Sim,2.0,0.0,0.0,1.0,1.0,0.0,1.0,2.0,-20.3269161,-41.1450675,SPRF-ES,DEL01-ES,UOP02-DEL01-ES,2025-10-03 08:10:00,2025.0,10.0,8.0,manha,False,1,grave,BR-262
722460.0,2025-10-03,sexta,13:30,ES,101.0,266.0,SERRA,Manobra de mudança de faixa,Colisão lateral mesmo sentido,Com Vítimas Feridas,Pleno dia,Crescente,Sol,Dupla,Reta,Sim,2.0,0.0,1.0,0.0,1.0,0.0,1.0,2.0,-20.190199,-40.26828891,SPRF-ES,DEL02-ES,UOP01-DEL02-ES,2025-10-03 13:30:00,2025.0,10.0,13.0,tarde,True,0,moderado,BR-101
722526.0,2025-10-03,sexta,18:30,ES,101.0,148.0,LINHARES,Desrespeitar a preferência no cruzamento,Colisão transversal,Com Vítimas Feridas,Plena Noite,Crescente,Chuva,Múltipla,Interseção de Vias;Reta,Sim,2.0,0.0,1.0,0.0,1.0,0.0,1.0,2.0,-19.38794741,-40.06730423,SPRF-ES,DEL04-ES,UOP01-DEL04-ES,2025-10-03 18:30:00,2025.0,10.0,18.0,noite,False,0,moderado,BR-101
722541.0,2025-10-03,sexta,19:45,ES,101.0,262.0,SERRA,Acessar a via sem observar a presença dos outros veículos,Colisão frontal,Com Vítimas Feridas,Plena Noite,Decrescente,Nublado,Múltipla,Interseção de Vias,Não,2.0,0.0,0.0,1.0,1.0,0.0,1.0,2.0,-20.15858567,-40.27607113,SPRF-ES,DEL02-ES,UOP01-DEL02-ES,2025-10-03 19:45:00,2025.0,10.0,19.0,noite,True,1,grave,BR-101
722579.0,2025-10-03,sexta,22:10,ES,101.0,260.0,SERRA,Velocidade Incompatível,Colisão com objeto,Com Vítimas Feridas,Plena Noite,Decrescente,Chuva,Dupla,Curva;Declive,Sim,3.0,0.0,3.0,0.0,0.0,0.0,3.0,1.0,-20.14650934,-40.28729349,SPRF-ES,DEL02-ES,UOP01-DEL02-ES,2025-10-03 22:10:00,2025.0,10.0,22.0,noite,True,0,moderado,BR-101
722599.0,2025-10-04,sabado,02:00,ES,101.0,188.1,ARACRUZ,Velocidade Incompatível,Saída de leito carroçável,Com Vítimas Feridas,Plena Noite,Decrescente,Garoa/Chuvisco,Simples,Curva,Não,1.0,0.0,1.0,0.0,0.0,0.0,1.0,1.0,-19.67628657,-40.26474833,SPRF-ES,DEL04-ES,UOP01-DEL04-ES,2025-10-04 02:00:00,2025.0,10.0,2.0,madrugada,False,0,moderado,BR-101
722610.0,2025-10-04,sabado,04:10,ES,101.0,13.0,PEDRO CANARIO,Reação tardia ou ineficiente do condutor,Saída de leito carroçável,Com Vítimas Feridas,Amanhecer,Decrescente,Garoa/Chuvisco,Dupla,Reta,Não,3.0,0.0,1.0,0.0,2.0,0.0,1.0,1.0,-18.268942,-39.959046,SPRF-ES,DEL04-ES,UOP02-DEL04-ES,2025-10-04 04:10:00,2025.0,10.0,4.0,madrugada,False,0,moderado,BR-101
722614.0,2025-10-04,sabado,03:50,ES,101.0,139.8,LINHARES,Ingestão de álcool pelo condutor,Saída de leito carroçável,Com Vítimas Feridas,Plena Noite,Crescente,Céu Claro,Múltipla,Reta,Sim,1.0,0.0,1.0,0.0,0.0,0.0,1.0,1.0,-19.31632715,-40.07677527,SPRF-ES,DEL04-ES,UOP01-DEL04-ES,2025-10-04 03:50:00,2025.0,10.0,3.0,madrugada,False,0,moderado,BR-101
722640.0,2025-10-04,sabado,07:25,ES,262.0,17.0,VIANA,Ultrapassagem Indevida,Queda de ocupante de veículo,Com Vítimas Feridas,Pleno dia,Crescente,Garoa/Chuvisco,Simples,Reta;Rotatória,Não,2.0,0.0,1.0,0.0,1.0,0.0,1.0,2.0,-20.392064,-40.482477,SPRF-ES,DEL01-ES,UOP01-DEL01-ES,2025-10-04 07:25:00,2025.0,10.0,7.0,manha,True,0,moderado,BR-262
722688.0,2025-10-04,sabado,12:00,ES,101.0,371.0,ANCHIETA,Condutor deixou de manter distância do veículo da frente,Colisão traseira,Sem Vítimas,Pleno dia,Decrescente,Nublado,Simples,Reta,Não,5.0,0.0,0.0,0.0,4.0,1.0,0.0,2.0,-20.77082081,-40.76590776,SPRF-ES,DEL03-ES,UOP01-DEL03-ES,2025-10-04 12:00:00,2025.0,10.0,12.0,tarde,False,0,baixo,BR-101
722777.0,2025-10-04,sabado,18:30,ES,101.0,147.0,LINHARES,Reação tardia ou ineficiente do condutor,Colisão com objeto,Sem Vítimas,Plena Noite,Crescente,Garoa/Chuvisco,Dupla,Reta,Sim,1.0,0.0,0.0,0.0,0.0,1.0,0.0,1.0,-19.38336,-40.067229,SPRF-ES,DEL04-ES,UOP01-DEL04-ES,2025-10-04 18:30:00,2025.0,10.0,18.0,noite,False,0,baixo,BR-101
722783.0,2025-10-04,sabado,20:00,ES,101.0,257.0,SERRA,Manobra de mudança de faixa,Colisão lateral mesmo sentido,Com Vítimas Feridas,Plena Noite,Crescente,Céu Claro,Simples,Reta,Não,2.0,0.0,1.0,0.0,0.0,1.0,1.0,2.0,-20.12292536,-40.30531168,SPRF-ES,DEL02-ES,UOP01-DEL02-ES,2025-10-04 20:00:00,2025.0,10.0,20.0,noite,True,0,moderado,BR-101
722785.0,2025-10-04,sabado,20:30,ES,101.0,237.0,SERRA,Conversão proibida,Colisão frontal,Com Vítimas Feridas,Plena Noite,Crescente,Chuva,Dupla,Reta,Não,4.0,0.0,1.0,0.0,3.0,0.0,1.0,2.0,-20.0441856,-40.3898368,SPRF-ES,DEL02-ES,UOP01-DEL02-ES,2025-10-04 20:30:00,2025.0,10.0,20.0,noite,True,0,moderado,BR-101
722794.0,2025-10-04,sabado,20:00,ES,101.0,5.5,SERRA,Chuva,Colisão lateral mesmo sentido,Sem Vítimas,Plena Noite,Crescente,Chuva,Dupla,Reta,Não,2.0,0.0,0.0,0.0,2.0,0.0,0.0,2.0,-20.18950877,-40.33862753,SPRF-ES,DEL02-ES,UOP01-DEL02-ES,2025-10-04 20:00:00,2025.0,10.0,20.0,noite,True,0,baixo,BR-101
722811.0,2025-10-04,sabado,21:50,ES,101.0,139.0,LINHARES,Ingestão de álcool pelo condutor,Queda de ocupante de veículo,Com Vítimas Feridas,Plena Noite,Decrescente,Céu Claro,Simples,Reta,Não,2.0,0.0,2.0,0.0,0.0,0.0,2.0,1.0,-19.31863,-40.07529,SPRF-ES,DEL04-ES,UOP01-DEL04-ES,2025-10-04 21:50:00,2025.0,10.0,21.0,noite,False,0,moderado,BR-101
722827.0,2025-06-09,segunda,18:30,ES,101.0,296.0,CARIACICA,Acessar a via sem observar a presença dos outros veículos,Colisão lateral mesmo sentido,Com Vítimas Feridas,Plena Noite,Crescente,Chuva,Múltipla,Interseção de Vias;Declive;Viaduto,Sim,2.0,0.0,0.0,1.0,1.0,0.0,1.0,2.0,-20.34350734,-40.40700523,SPRF-ES,DEL01-ES,UOP01-DEL01-ES,2025-06-09 18:30:00,2025.0,6.0,18.0,noite,True,1,grave,BR-101
722831.0,2025-10-04,sabado,20:30,ES,262.0,1.0,CARIACICA,Ingestão de álcool pelo condutor,Colisão com objeto,Sem Vítimas,Plena Noite,Crescente,Céu Claro,Dupla,Declive;Reta;Ponte,Sim,1.0,0.0,0.0,0.0,1.0,0.0,0.0,1.0,-20.33093984,-40.35488455,SPRF-ES,DEL01-ES,UOP01-DEL01-ES,2025-10-04 20:30:00,2025.0,10.0,20.0,noite,True,0,baixo,BR-262
722886.0,2025-10-05,domingo,06:15,ES,259.0,47.0,COLATINA,Reação tardia ou ineficiente do condutor,Colisão transversal,Com Vítimas Feridas,Amanhecer,Crescente,Ignorado,Simples,Declive;Curva,Não,3.0,0.0,0.0,1.0,2.0,0.0,1.0,2.0,-19.52507,-40.59016,SPRF-ES,DEL02-ES,UOP01-DEL02-ES,2025-10-05 06:15:00,2025.0,10.0,6.0,manha,False,1,grave,BR-259
722914.0,2025-10-05,domingo,09:20,ES,262.0,32.9,DOMINGOS MARTINS,Manobra de mudança de faixa,Colisão lateral mesmo sentido,Com Vítimas Feridas,Pleno dia,Decrescente,Céu Claro,Simples,Declive;Reta,Não,4.0,0.0,1.0,0.0,3.0,0.0,1.0,2.0,-20.37582303,-40.58374135,SPRF-ES,DEL01-ES,UOP01-DEL01-ES,2025-10-05 09:20:00,2025.0,10.0,9.0,manha,False,0,moderado,BR-262
722970.0,2025-10-05,domingo,16:30,ES,101.0,399.0,RIO NOVO DO SUL,Condutor deixou de manter distância do veículo da frente,Colisão traseira,Com Vítimas Feridas,Pleno dia,Crescente,Céu Claro,Simples,Reta,Não,3.0,0.0,2.0,0.0,1.0,0.0,2.0,2.0,-20.87573522,-40.96318871,SPRF-ES,DEL03-ES,UOP02-DEL03-ES,2025-10-05 16:30:00,2025.0,10.0,16.0,tarde,False,0,moderado,BR-101
723006.0,2025-10-05,domingo,19:00,ES,262.0,66.1,MARECHAL FLORIANO,Ingestão de álcool pelo condutor,Colisão lateral sentido oposto,Sem Vítimas,Plena Noite,Decrescente,Nublado,Simples,Reta,Não,6.0,0.0,0.0,0.0,6.0,0.0,0.0,3.0,-20.4125,-40.83426,SPRF-ES,DEL01-ES,UOP02-DEL01-ES,2025-10-05 19:00:00,2025.0,10.0,19.0,noite,False,0,baixo,BR-262
723054.0,2025-10-05,domingo,21:15,ES,101.0,287.8,CARIACICA,Ausência de reação do condutor,Colisão com objeto,Sem Vítimas,Plena Noite,Crescente,Nublado,Dupla,Reta;Declive,Não,1.0,0.0,0.0,0.0,1.0,0.0,0.0,1.0,-20.25243581,-40.37305773,SPRF-ES,DEL01-ES,UOP01-DEL01-ES,2025-10-05 21:15:00,2025.0,10.0,21.0,noite,True,0,baixo,BR-101
723058.0,2025-10-05,domingo,22:00,ES,101.0,159.4,LINHARES,Ausência de reação do condutor,Colisão transversal,Com Vítimas Feridas,Plena Noite,Decrescente,Céu Claro,Simples,Reta,Sim,3.0,0.0,2.0,0.0,1.0,0.0,2.0,2.0,-19.47522719,-40.11333704,SPRF-ES,DEL04-ES,UOP01-DEL04-ES,2025-10-05 22:00:00,2025.0,10.0,22.0,noite,False,0,moderado,BR-101
723080.0,2025-10-06,segunda,01:10,ES,101.0,147.0,LINHARES,Ingestão de álcool pelo condutor,Colisão com objeto,Sem Vítimas,Plena Noite,Crescente,Nublado,Dupla,Reta,Não,1.0,0.0,0.0,0.0,0.0,1.0,0.0,1.0,-19.38704696,-40.06772058,SPRF-ES,DEL04-ES,UOP01-DEL04-ES,2025-10-06 01:10:00,2025.0,10.0,1.0,madrugada,False,0,baixo,BR-101
723108.0,2025-09-07,domingo,09:00,ES,101.0,239.8,FUNDAO,Reação tardia ou ineficiente do condutor,Colisão traseira,Com Vítimas Feridas,Pleno dia,Crescente,Nublado,Simples,Reta,Não,2.0,0.0,0.0,1.0,1.0,0.0,1.0,2.0,-20.0154185,-40.4041978,SPRF-ES,DEL02-ES,UOP01-DEL02-ES,2025-09-07 09:00:00,2025.0,9.0,9.0,manha,True,1,grave,BR-101
723179.0,2025-10-06,segunda,11:10,ES,101.0,268.2,SERRA,Ausência de reação do condutor,Queda de ocupante de veículo,Com Vítimas Feridas,Pleno dia,Crescente,Sol,Simples,Reta,Sim,2.0,0.0,1.0,0.0,0.0,1.0,1.0,1.0,-20.212007,-40.269852,SPRF-ES,DEL02-ES,UOP01-DEL02-ES,2025-10-06 11:10:00,2025.0,10.0,11.0,manha,True,0,moderado,BR-101
723263.0,2025-10-06,segunda,19:00,ES,101.0,62.7,SAO MATEUS,Manobra de mudança de faixa,Colisão lateral sentido oposto,Com Vítimas Feridas,Plena Noite,Decrescente,Céu Claro,Simples,Reta;Aclive,Não,4.0,0.0,3.0,0.0,0.0,1.0,3.0,3.0,-18.69533132,-39.86436065,SPRF-ES,DEL04-ES,UOP02-DEL04-ES,2025-10-06 19:00:00,2025.0,10.0,19.0,noite,False,0,moderado,BR-101
723365.0,2025-10-07,terca,10:20,ES,101.0,13.0,SERRA,Demais falhas mecânicas ou elétricas,Queda de ocupante de veículo,Com Vítimas Feridas,Pleno dia,Decrescente,Nublado,Dupla,Reta,Não,1.0,0.0,1.0,0.0,0.0,0.0,1.0,1.0,-20.14814211,-40.34507811,SPRF-ES,DEL02-ES,UOP01-DEL02-ES,2025-10-07 10:20:00,2025.0,10.0,10.0,manha,True,0,moderado,BR-101
723481.0,2025-10-07,terca,20:15,ES,259.0,5.0,JOAO NEIVA,Avarias e/ou desgaste excessivo no pneu,Tombamento,Com Vítimas Feridas,Plena Noite,Crescente,Céu Claro,Simples,Reta,Não,1.0,0.0,1.0,0.0,0.0,0.0,1.0,1.0,-19.7031989,-40.3821232,SPRF-ES,DEL02-ES,UOP01-DEL02-ES,2025-10-07 20:15:00,2025.0,10.0,20.0,noite,False,0,moderado,BR-259
723540.0,2025-10-08,quarta,06:20,ES,101.0,286.0,CARIACICA,Condutor deixou de manter distância do veículo da frente,Colisão traseira,Com Vítimas Feridas,Pleno dia,Decrescente,Céu Claro,Dupla,Reta,Sim,2.0,0.0,1.0,0.0,1.0,0.0,1.0,2.0,-20.259358,-40.377558,SPRF-ES,DEL01-ES,UOP01-DEL01-ES,2025-10-08 06:20:00,2025.0,10.0,6.0,manha,True,0,moderado,BR-101
723545.0,2025-10-08,quarta,07:35,ES,101.0,148.9,LINHARES,Ingestão de álcool pelo condutor,Colisão transversal,Com Vítimas Feridas,Pleno dia,Decrescente,Céu Claro,Múltipla,Reta,Sim,3.0,0.0,2.0,0.0,1.0,0.0,2.0,2.0,-19.39711198,-40.06360579,SPRF-ES,DEL04-ES,UOP01-DEL04-ES,2025-10-08 07:35:00,2025.0,10.0,7.0,manha,False,0,moderado,BR-101
723553.0,2025-10-08,quarta,08:20,ES,101.0,298.2,VIANA,Acessar a via sem observar a presença dos outros veículos,Colisão transversal,Com Vítimas Feridas,Pleno dia,Decrescente,Céu Claro,Múltipla,Reta,Sim,3.0,0.0,0.0,2.0,1.0,0.0,2.0,2.0,-20.35507904,-40.41671991,SPRF-ES,DEL01-ES,UOP01-DEL01-ES,2025-10-08 08:20:00,2025.0,10.0,8.0,manha,True,1,grave,BR-101
723686.0,2025-10-08,quarta,21:20,ES,101.0,76.0,SAO MATEUS,Ingestão de álcool pelo condutor,Tombamento,Com Vítimas Feridas,Plena Noite,Decrescente,Céu Claro,Simples,Reta;Aclive,Não,1.0,0.0,0.0,1.0,0.0,0.0,1.0,1.0,-18.76221859,-39.86344814,SPRF-ES,DEL04-ES,UOP02-DEL04-ES,2025-10-08 21:20:00,2025.0,10.0,21.0,noite,False,1,grave,BR-101
723722.0,2025-09-26,sexta,14:50,ES,262.0,36.0,DOMINGOS MARTINS,Manobra de mudança de faixa,Engavetamento,Com Vítimas Feridas,Plena Noite,Crescente,Céu Claro,Simples,Curva,Não,8.0,0.0,4.0,0.0,2.0,2.0,4.0,6.0,-20.37384626,-40.56364274,SPRF-ES,DEL01-ES,UOP01-DEL01-ES,2025-09-26 14:50:00,2025.0,9.0,14.0,tarde,False,0,moderado,BR-262
723784.0,2025-10-09,quinta,09:38,ES,262.0,78.5,DOMINGOS MARTINS,Reação tardia ou ineficiente do condutor,Colisão transversal,Com Vítimas Feridas,Pleno dia,Crescente,Sol,Simples,Reta,Não,3.0,0.0,3.0,0.0,0.0,0.0,3.0,2.0,-20.408008,-40.929675,SPRF-ES,DEL01-ES,UOP02-DEL01-ES,2025-10-09 09:38:00,2025.0,10.0,9.0,manha,False,0,moderado,BR-262
723955.0,2025-10-10,sexta,07:15,ES,101.0,265.0,SERRA,Transitar na contramão,Colisão lateral mesmo sentido,Com Vítimas Feridas,Pleno dia,Decrescente,Nublado,Dupla,Interseção de Vias;Reta,Sim,3.0,0.0,1.0,0.0,2.0,0.0,1.0,2.0,-20.189469,-40.2681096,SPRF-ES,DEL02-ES,UOP01-DEL02-ES,2025-10-10 07:15:00,2025.0,10.0,7.0,manha,True,0,moderado,BR-101
723976.0,2025-10-10,sexta,07:50,ES,101.0,298.0,VIANA,Trafegar com motocicleta (ou similar) entre as faixas,Colisão traseira,Com Vítimas Feridas,Pleno dia,Crescente,Nublado,Múltipla,Reta,Sim,2.0,0.0,0.0,1.0,0.0,1.0,1.0,2.0,-20.35313159,-40.41496603,SPRF-ES,DEL01-ES,UOP01-DEL01-ES,2025-10-10 07:50:00,2025.0,10.0,7.0,manha,True,1,grave,BR-101
724034.0,2025-10-10,sexta,12:30,ES,101.0,348.0,ANCHIETA,Chuva,Colisão com objeto,Com Vítimas Feridas,Pleno dia,Crescente,Chuva,Dupla,Curva,Não,4.0,0.0,2.0,0.0,2.0,0.0,2.0,1.0,-20.650973,-40.641882,SPRF-ES,DEL03-ES,UOP01-DEL03-ES,2025-10-10 12:30:00,2025.0,10.0,12.0,tarde,False,0,moderado,BR-101
724061.0,2025-10-10,sexta,14:40,ES,101.0,113.5,LINHARES,Condutor usando celular,Colisão traseira,Com Vítimas Feridas,Pleno dia,Decrescente,Nublado,Simples,Reta,Não,3.0,0.0,2.0,0.0,1.0,0.0,2.0,2.0,-19.0917932,-40.04932554,SPRF-ES,DEL04-ES,UOP01-DEL04-ES,2025-10-10 14:40:00,2025.0,10.0,14.0,tarde,False,0,moderado,BR-101
724063.0,2025-10-10,sexta,15:35,ES,101.0,266.9,SERRA,Manobra de mudança de faixa,Tombamento,Com Vítimas Feridas,Pleno dia,Crescente,Sol,Múltipla,Reta,Sim,1.0,0.0,1.0,0.0,0.0,0.0,1.0,1.0,-20.19763819,-40.26897187,SPRF-ES,DEL02-ES,UOP01-DEL02-ES,2025-10-10 15:35:00,2025.0,10.0,15.0,tarde,True,0,moderado,BR-101
724091.0,2025-10-10,sexta,18:10,ES,262.0,110.0,VENDA NOVA DO IMIGRANTE,Iluminação deficiente,Atropelamento de Pedestre,Com Vítimas Feridas,Amanhecer,Crescente,Nublado,Simples,Reta,Sim,2.0,0.0,1.0,1.0,0.0,0.0,2.0,2.0,-20.33685071,-41.18761539,SPRF-ES,DEL01-ES,UOP02-DEL01-ES,2025-10-10 18:10:00,2025.0,10.0,18.0,noite,False,1,grave,BR-262
724092.0,2025-10-10,sexta,18:00,ES,262.0,104.0,VENDA NOVA DO IMIGRANTE,Transitar na contramão,Colisão transversal,Com Vítimas Feridas,Plena Noite,Decrescente,Céu Claro,Simples,Rotatória,Não,3.0,0.0,1.0,0.0,2.0,0.0,1.0,2.0,-20.332847,-41.129468,SPRF-ES,DEL01-ES,UOP02-DEL01-ES,2025-10-10 18:00:00,2025.0,10.0,18.0,noite,False,0,moderado,BR-262
724112.0,2025-10-10,sexta,18:40,ES,101.0,260.1,SERRA,Ausência de reação do condutor,Colisão traseira,Com Vítimas Feridas,Plena Noite,Decrescente,Ignorado,Dupla,Aclive,Sim,2.0,0.0,1.0,0.0,0.0,1.0,1.0,2.0,-20.14629677,-40.28792739,SPRF-ES,DEL02-ES,UOP01-DEL02-ES,2025-10-10 18:40:00,2025.0,10.0,18.0,noite,True,0,moderado,BR-101
724116.0,2025-10-10,sexta,19:20,ES,101.0,270.0,SERRA,Manobra de mudança de faixa,Colisão lateral sentido oposto,Com Vítimas Feridas,Plena Noite,Decrescente,Céu Claro,Dupla,Reta,Sim,2.0,0.0,1.0,0.0,1.0,0.0,1.0,2.0,-20.22850733,-40.27176509,SPRF-ES,DEL02-ES,UOP01-DEL02-ES,2025-10-10 19:20:00,2025.0,10.0,19.0,noite,True,0,moderado,BR-101
724123.0,2025-10-10,sexta,18:00,ES,262.0,45.0,MARECHAL FLORIANO,Reação tardia ou ineficiente do condutor,Colisão traseira,Sem Vítimas,Plena Noite,Decrescente,Ignorado,Simples,Reta,Sim,3.0,0.0,0.0,0.0,3.0,0.0,0.0,3.0,-20.4005834,-40.67219,SPRF-ES,DEL01-ES,UOP01-DEL01-ES,2025-10-10 18:00:00,2025.0,10.0,18.0,noite,False,0,baixo,BR-262
724217.0,2025-10-11,sabado,06:14,ES,101.0,265.0,SERRA,Transitar na contramão,Colisão frontal,Com Vítimas Feridas,Pleno dia,Crescente,Céu Claro,Múltipla,Curva,Sim,3.0,0.0,1.0,2.0,0.0,0.0,3.0,2.0,-20.18065437,-40.26523501,SPRF-ES,DEL02-ES,UOP01-DEL02-ES,2025-10-11 06:14:00,2025.0,10.0,6.0,manha,True,1,grave,BR-101
724265.0,2025-10-11,sabado,09:30,ES,393.0,0.5,CACHOEIRO DE ITAPEMIRIM,Ultrapassagem Indevida,Colisão frontal,Com Vítimas Feridas,Pleno dia,Crescente,Nublado,Simples,Reta,Sim,2.0,0.0,1.0,0.0,1.0,0.0,1.0,2.0,-20.8388083,-41.163215,SPRF-ES,DEL03-ES,UOP02-DEL03-ES,2025-10-11 09:30:00,2025.0,10.0,9.0,manha,False,0,moderado,BR-393
724284.0,2025-10-11,sabado,12:30,ES,262.0,78.8,DOMINGOS MARTINS,Ultrapassagem Indevida,Colisão frontal,Com Vítimas Feridas,Pleno dia,Crescente,Sol,Simples,Curva,Não,5.0,0.0,1.0,1.0,3.0,0.0,2.0,3.0,-20.409761,-40.928312,SPRF-ES,DEL01-ES,UOP02-DEL01-ES,2025-10-11 12:30:00,2025.0,10.0,12.0,tarde,False,1,grave,BR-262
724350.0,2025-10-11,sabado,13:30,ES,259.0,52.6,COLATINA,Reação tardia ou ineficiente do condutor,Saída de leito carroçável,Sem Vítimas,Pleno dia,Crescente,Céu Claro,Simples,Curva,Não,1.0,0.0,0.0,0.0,0.0,1.0,0.0,1.0,-19.500716,-40.629415,SPRF-ES,DEL02-ES,UOP01-DEL02-ES,2025-10-11 13:30:00,2025.0,10.0,13.0,tarde,False,0,baixo,BR-259
724355.0,2025-10-11,sabado,18:30,ES,101.0,270.0,SERRA,Manobra de mudança de faixa,Colisão lateral sentido oposto,Com Vítimas Feridas,Plena Noite,Crescente,Nublado,Dupla,Reta,Sim,2.0,0.0,1.0,0.0,1.0,0.0,1.0,2.0,-20.23085183,-40.27316451,SPRF-ES,DEL02-ES,UOP01-DEL02-ES,2025-10-11 18:30:00,2025.0,10.0,18.0,noite,True,0,moderado,BR-101
724365.0,2025-10-11,sabado,19:40,ES,101.0,266.0,SERRA,Velocidade Incompatível,Engavetamento,Com Vítimas Feridas,Plena Noite,Decrescente,Céu Claro,Múltipla,Reta,Sim,4.0,0.0,2.0,0.0,2.0,0.0,2.0,3.0,-20.19490975,-40.26862532,SPRF-ES,DEL02-ES,UOP01-DEL02-ES,2025-10-11 19:40:00,2025.0,10.0,19.0,noite,True,0,moderado,BR-101
724409.0,2025-10-11,sabado,22:00,ES,101.0,41.5,CONCEICAO DA BARRA,Demais falhas mecânicas ou elétricas,Incêndio,Sem Vítimas,Plena Noite,Crescente,Céu Claro,Simples,Reta,Não,1.0,0.0,0.0,0.0,1.0,0.0,0.0,1.0,-18.510195,-39.9154433,SPRF-ES,DEL04-ES,UOP02-DEL04-ES,2025-10-11 22:00:00,2025.0,10.0,22.0,noite,False,0,baixo,BR-101
724427.0,2025-10-11,sabado,23:30,ES,101.0,268.6,SERRA,Ausência de reação do condutor,Colisão com objeto,Com Vítimas Feridas,Plena Noite,Decrescente,Céu Claro,Múltipla,Reta,Não,2.0,0.0,2.0,0.0,0.0,0.0,2.0,1.0,-20.214889,-40.2696864,SPRF-ES,DEL02-ES,UOP01-DEL02-ES,2025-10-11 23:30:00,2025.0,10.0,23.0,noite,True,0,moderado,BR-101
724445.0,2025-10-12,domingo,02:15,ES,101.0,260.9,SERRA,Ausência de reação do condutor,Capotamento,Com Vítimas Fatais,Plena Noite,Decrescente,Nublado,Dupla,Reta,Não,3.0,1.0,1.0,1.0,0.0,0.0,2.0,1.0,-20.14650934,-40.28729349,SPRF-ES,DEL02-ES,UOP01-DEL02-ES,2025-10-12 02:15:00,2025.0,10.0,2.0,madrugada,True,1,fatal,BR-101
724570.0,2025-10-12,domingo,15:57,ES,262.0,20.0,VIANA,Reação tardia ou ineficiente do condutor,Engavetamento,Com Vítimas Feridas,Pleno dia,Crescente,Céu Claro,Simples,Reta,Não,4.0,0.0,1.0,0.0,3.0,0.0,1.0,3.0,-20.37869945,-40.5081567,SPRF-ES,DEL01-ES,UOP01-DEL01-ES,2025-10-12 15:57:00,2025.0,10.0,15.0,tarde,True,0,moderado,BR-262
724588.0,2025-10-12,domingo,17:34,ES,101.0,190.0,ARACRUZ,Acessar a via sem observar a presença dos outros veículos,Queda de ocupante de veículo,Com Vítimas Feridas,Anoitecer,Crescente,Céu Claro,Simples,Curva,Não,1.0,0.0,1.0,0.0,0.0,0.0,1.0,1.0,-19.68766,-40.285613,SPRF-ES,DEL04-ES,UOP01-DEL04-ES,2025-10-12 17:34:00,2025.0,10.0,17.0,tarde,False,0,moderado,BR-101
724599.0,2025-10-12,domingo,17:49,ES,262.0,20.0,VIANA,Acessar a via sem observar a presença dos outros veículos,Colisão transversal,Com Vítimas Feridas,Anoitecer,Decrescente,Céu Claro,Simples,Curva,Sim,3.0,0.0,0.0,1.0,2.0,0.0,1.0,2.0,-20.386318,-40.496128,SPRF-ES,DEL01-ES,UOP01-DEL01-ES,2025-10-12 17:49:00,2025.0,10.0,17.0,tarde,True,1,grave,BR-262
724623.0,2025-10-12,domingo,19:15,ES,101.0,66.0,SAO MATEUS,Reação tardia ou ineficiente do condutor,Saída de leito carroçável,Com Vítimas Feridas,Plena Noite,Decrescente,Céu Claro,Simples,Reta,Sim,1.0,0.0,1.0,0.0,0.0,0.0,1.0,1.0,-18.71945,-39.86779,SPRF-ES,DEL04-ES,UOP02-DEL04-ES,2025-10-12 19:15:00,2025.0,10.0,19.0,noite,False,0,moderado,BR-101
724735.0,2025-10-13,segunda,07:40,ES,101.0,230.9,FUNDAO,Condutor deixou de manter distância do veículo da frente,Colisão traseira,Com Vítimas Feridas,Pleno dia,Decrescente,Céu Claro,Simples,Reta,Não,3.0,0.0,1.0,0.0,2.0,0.0,1.0,2.0,-19.944287,-40.40667,SPRF-ES,DEL02-ES,UOP01-DEL02-ES,2025-10-13 07:40:00,2025.0,10.0,7.0,manha,True,0,moderado,BR-101
724736.0,2025-10-13,segunda,08:15,ES,101.0,204.8,JOAO NEIVA,Acessar a via sem observar a presença dos outros veículos,Colisão transversal,Com Vítimas Feridas,Pleno dia,Decrescente,Nublado,Simples,Reta;Rotatória,Sim,18.0,0.0,3.0,0.0,15.0,0.0,3.0,2.0,-19.75602,-40.37992,SPRF-ES,DEL02-ES,UOP01-DEL02-ES,2025-10-13 08:15:00,2025.0,10.0,8.0,manha,False,0,moderado,BR-101
724771.0,2025-10-13,segunda,12:20,ES,262.0,126.4,CONCEICAO DO CASTELO,Condutor Dormindo,Capotamento,Com Vítimas Feridas,Pleno dia,Decrescente,Céu Claro,Simples,Curva,Não,3.0,0.0,1.0,0.0,2.0,0.0,1.0,1.0,-20.26774,-41.269357,SPRF-ES,DEL01-ES,UOP02-DEL01-ES,2025-10-13 12:20:00,2025.0,10.0,12.0,tarde,False,0,moderado,BR-262
724792.0,2025-10-13,segunda,14:21,ES,262.0,47.5,MARECHAL FLORIANO,Transitar na contramão,Colisão lateral sentido oposto,Com Vítimas Feridas,Pleno dia,Decrescente,Nublado,Simples,Reta,Não,2.0,0.0,0.0,2.0,0.0,0.0,2.0,2.0,-20.41235,-40.685858,SPRF-ES,DEL01-ES,UOP01-DEL01-ES,2025-10-13 14:21:00,2025.0,10.0,14.0,tarde,False,1,grave,BR-262
724803.0,2025-10-13,segunda,15:30,ES,101.0,304.5,VIANA,Pista esburacada,Eventos atípicos,Com Vítimas Feridas,Pleno dia,Crescente,Céu Claro,Dupla,Reta,Não,4.0,0.0,0.0,1.0,0.0,3.0,1.0,2.0,-20.38254454,-40.45919411,SPRF-ES,DEL01-ES,UOP01-DEL01-ES,2025-10-13 15:30:00,2025.0,10.0,15.0,tarde,True,1,grave,BR-101
724821.0,2025-10-13,segunda,16:30,ES,101.0,275.0,SERRA,Reação tardia ou ineficiente do condutor,Tombamento,Com Vítimas Feridas,Pleno dia,Crescente,Vento,Múltipla,Reta,Sim,1.0,0.0,1.0,0.0,0.0,0.0,1.0,1.0,-20.2081011,-40.3045303,SPRF-ES,DEL02-ES,UOP01-DEL02-ES,2025-10-13 16:30:00,2025.0,10.0,16.0,tarde,True,0,moderado,BR-101
724861.0,2025-10-13,segunda,20:15,ES,101.0,395.0,RIO NOVO DO SUL,Transitar no Acostamento,Atropelamento de Pedestre,Com Vítimas Feridas,Plena Noite,Crescente,Nublado,Simples,Reta,Sim,2.0,0.0,0.0,1.0,1.0,0.0,1.0,2.0,-20.86608127,-40.93246132,SPRF-ES,DEL03-ES,UOP02-DEL03-ES,2025-10-13 20:15:00,2025.0,10.0,20.0,noite,False,1,grave,BR-101
724934.0,2025-10-14,terca,07:40,ES,101.0,283.1,CARIACICA,Pedestre cruzava a pista fora da faixa,Atropelamento de Pedestre,Com Vítimas Feridas,Pleno dia,Crescente,Nublado,Múltipla,Reta;Aclive,Não,2.0,0.0,1.0,0.0,0.0,1.0,1.0,2.0,-20.23536632,-40.36964742,SPRF-ES,DEL01-ES,UOP01-DEL01-ES,2025-10-14 07:40:00,2025.0,10.0,7.0,manha,True,0,moderado,BR-101
724980.0,2025-10-14,terca,11:00,ES,262.0,77.6,DOMINGOS MARTINS,Ultrapassagem Indevida,Capotamento,Com Vítimas Feridas,Pleno dia,Decrescente,Nublado,Simples,Declive;Curva,Não,1.0,0.0,1.0,0.0,0.0,0.0,1.0,1.0,-20.411044,-40.920481,SPRF-ES,DEL01-ES,UOP02-DEL01-ES,2025-10-14 11:00:00,2025.0,10.0,11.0,manha,False,0,moderado,BR-262
725075.0,2025-10-14,terca,20:15,ES,262.0,26.8,VIANA,Acumulo de água sobre o pavimento,Saída de leito carroçável,Com Vítimas Feridas,Plena Noite,Crescente,Chuva,Simples,Curva,Não,1.0,0.0,1.0,0.0,0.0,0.0,1.0,1.0,-20.3823001,-40.5471223,SPRF-ES,DEL01-ES,UOP01-DEL01-ES,2025-10-14 20:15:00,2025.0,10.0,20.0,noite,True,0,moderado,BR-262
725139.0,2025-10-15,quarta,08:09,ES,101.0,289.4,CARIACICA,Manobra de mudança de faixa,Queda de ocupante de veículo,Com Vítimas Feridas,Pleno dia,Decrescente,Nublado,Dupla,Declive;Reta,Não,1.0,0.0,1.0,0.0,0.0,0.0,1.0,1.0,-20.28358962,-40.39295959,SPRF-ES,DEL01-ES,UOP01-DEL01-ES,2025-10-15 08:09:00,2025.0,10.0,8.0,manha,True,0,moderado,BR-101
725195.0,2025-10-15,quarta,09:10,ES,262.0,191.2,IUNA,Reação tardia ou ineficiente do condutor,Colisão transversal,Com Vítimas Feridas,Pleno dia,Crescente,Sol,Simples,Declive;Reta,Não,2.0,0.0,1.0,1.0,0.0,0.0,2.0,2.0,-20.3014441,-41.7463549,SPRF-ES,DEL01-ES,UOP02-DEL01-ES,2025-10-15 09:10:00,2025.0,10.0,9.0,manha,False,1,grave,BR-262
725200.0,2025-10-15,quarta,14:30,ES,101.0,149.3,LINHARES,Velocidade Incompatível,Colisão traseira,Com Vítimas Feridas,Pleno dia,Crescente,Nublado,Dupla,Reta,Sim,5.0,0.0,0.0,1.0,4.0,0.0,1.0,2.0,-19.400138,-40.061958,SPRF-ES,DEL04-ES,UOP01-DEL04-ES,2025-10-15 14:30:00,2025.0,10.0,14.0,tarde,False,1,grave,BR-101
725304.0,2025-10-16,quinta,05:10,ES,101.0,386.0,RIO NOVO DO SUL,Ausência de reação do condutor,Saída de leito carroçável,Com Vítimas Feridas,Amanhecer,Crescente,Céu Claro,Simples,Reta,Não,1.0,0.0,1.0,0.0,0.0,0.0,1.0,1.0,-20.84291023,-40.87323189,SPRF-ES,DEL03-ES,UOP01-DEL03-ES,2025-10-16 05:10:00,2025.0,10.0,5.0,madrugada,False,0,moderado,BR-101
725339.0,2025-10-16,quinta,08:11,ES,101.0,369.7,ANCHIETA,Velocidade Incompatível,Tombamento,Com Vítimas Feridas,Pleno dia,Crescente,Céu Claro,Simples,Curva,Não,1.0,0.0,1.0,0.0,0.0,0.0,1.0,1.0,-20.76514704,-40.76073289,SPRF-ES,DEL03-ES,UOP01-DEL03-ES,2025-10-16 08:11:00,2025.0,10.0,8.0,manha,False,0,moderado,BR-101
725375.0,2025-10-16,quinta,11:55,ES,101.0,159.0,LINHARES,Transitar no Acostamento,Colisão transversal,Com Vítimas Feridas,Pleno dia,Decrescente,Nublado,Simples,Interseção de Vias,Não,2.0,0.0,0.0,1.0,1.0,0.0,1.0,2.0,-19.470252,-40.111259,SPRF-ES,DEL04-ES,UOP01-DEL04-ES,2025-10-16 11:55:00,2025.0,10.0,11.0,manha,False,1,grave,BR-101
725378.0,2025-10-16,quinta,10:56,ES,259.0,105.0,BAIXO GUANDU,Ausência de reação do condutor,Tombamento,Com Vítimas Feridas,Pleno dia,Crescente,Sol,Simples,Reta,Não,1.0,0.0,1.0,0.0,0.0,0.0,1.0,1.0,-19.52241495,-41.01220513,SPRF-ES,DEL02-ES,UOP01-DEL02-ES,2025-10-16 10:56:00,2025.0,10.0,10.0,manha,False,0,moderado,BR-259
725436.0,2025-10-16,quinta,17:20,ES,101.0,144.2,LINHARES,Acessar a via sem observar a presença dos outros veículos,Colisão transversal,Com Vítimas Feridas,Pleno dia,Crescente,Céu Claro,Simples,Reta,Sim,2.0,0.0,1.0,0.0,0.0,1.0,1.0,2.0,-19.354274,-40.063756,SPRF-ES,DEL04-ES,UOP01-DEL04-ES,2025-10-16 17:20:00,2025.0,10.0,17.0,tarde,False,0,moderado,BR-101
725475.0,2025-10-16,quinta,20:00,ES,262.0,144.0,MUNIZ FREIRE,Acessar a via sem observar a presença dos outros veículos,Colisão transversal,Com Vítimas Feridas,Plena Noite,Decrescente,Céu Claro,Simples,Aclive;Reta,Não,4.0,0.0,1.0,0.0,2.0,1.0,1.0,2.0,-20.2387985,-41.4038051,SPRF-ES,DEL01-ES,UOP02-DEL01-ES,2025-10-16 20:00:00,2025.0,10.0,20.0,noite,False,0,moderado,BR-262
725509.0,2025-10-17,sexta,02:00,ES,101.0,294.6,CARIACICA,Velocidade Incompatível,Tombamento,Com Vítimas Feridas,Plena Noite,Crescente,Nublado,Dupla,Reta,Não,1.0,0.0,0.0,1.0,0.0,0.0,1.0,1.0,-20.3292284,-40.398508,SPRF-ES,DEL01-ES,UOP01-DEL01-ES,2025-10-17 02:00:00,2025.0,10.0,2.0,madrugada,True,1,grave,BR-101
725527.0,2025-10-17,sexta,06:13,ES,101.0,330.0,GUARAPARI,Acessar a via sem observar a presença dos outros veículos,Colisão transversal,Com Vítimas Fatais,Amanhecer,Crescente,Sol,Dupla,Curva,Sim,26.0,1.0,0.0,0.0,25.0,0.0,0.0,2.0,-20.59468327,-40.50275338,SPRF-ES,DEL03-ES,UOP01-DEL03-ES,2025-10-17 06:13:00,2025.0,10.0,6.0,manha,True,1,fatal,BR-101
725548.0,2025-09-14,domingo,17:15,ES,101.0,68.3,SAO MATEUS,Acessar a via sem observar a presença dos outros veículos,Queda de ocupante de veículo,Com Vítimas Feridas,Plena Noite,Crescente,Céu Claro,Simples,Aclive;Curva,Não,1.0,0.0,0.0,1.0,0.0,0.0,1.0,1.0,-18.7187,-39.8549,SPRF-ES,DEL04-ES,UOP02-DEL04-ES,2025-09-14 17:15:00,2025.0,9.0,17.0,tarde,False,1,grave,BR-101
725612.0,2025-10-17,sexta,13:55,ES,101.0,94.2,JAGUARE,Acessar a via sem observar a presença dos outros veículos,Colisão transversal,Com Vítimas Feridas,Pleno dia,Decrescente,Céu Claro,Simples,Retorno Regulamentado;Declive,Sim,2.0,0.0,0.0,1.0,1.0,0.0,1.0,2.0,-18.93310734,-39.97285366,SPRF-ES,DEL04-ES,UOP02-DEL04-ES,2025-10-17 13:55:00,2025.0,10.0,13.0,tarde,False,1,grave,BR-101
725617.0,2025-10-01,quarta,10:27,ES,101.0,119.6,SOORETAMA,Condutor deixou de manter distância do veículo da frente,Colisão traseira,Com Vítimas Feridas,Pleno dia,Decrescente,Céu Claro,Simples,Reta,Não,3.0,0.0,1.0,1.0,1.0,0.0,2.0,2.0,-19.17249308,-40.08912152,SPRF-ES,DEL04-ES,UOP01-DEL04-ES,2025-10-01 10:27:00,2025.0,10.0,10.0,manha,False,1,grave,BR-101
725653.0,2025-10-17,sexta,16:10,ES,101.0,68.0,SAO MATEUS,Ausência de reação do condutor,Queda de ocupante de veículo,Com Vítimas Feridas,Pleno dia,Crescente,Céu Claro,Dupla,Reta,Sim,2.0,0.0,2.0,0.0,0.0,0.0,2.0,1.0,-18.72191846,-39.86355398,SPRF-ES,DEL04-ES,UOP02-DEL04-ES,2025-10-17 16:10:00,2025.0,10.0,16.0,tarde,False,0,moderado,BR-101
725657.0,2025-10-17,sexta,17:20,ES,101.0,270.2,SERRA,Reação tardia ou ineficiente do condutor,Colisão lateral mesmo sentido,Com Vítimas Feridas,Anoitecer,Decrescente,Céu Claro,Múltipla,Interseção de Vias;Reta,Sim,2.0,0.0,1.0,0.0,1.0,0.0,1.0,2.0,-20.22856,-40.27161,SPRF-ES,DEL02-ES,UOP01-DEL02-ES,2025-10-17 17:20:00,2025.0,10.0,17.0,tarde,True,0,moderado,BR-101
725677.0,2025-10-17,sexta,18:00,ES,101.0,135.0,LINHARES,Condutor deixou de manter distância do veículo da frente,Colisão traseira,Com Vítimas Feridas,Plena Noite,Decrescente,Céu Claro,Dupla,Retorno Regulamentado;Reta,Sim,2.0,0.0,0.0,2.0,0.0,0.0,2.0,2.0,-19.31166607,-40.07897124,SPRF-ES,DEL04-ES,UOP01-DEL04-ES,2025-10-17 18:00:00,2025.0,10.0,18.0,noite,False,1,grave,BR-101
725691.0,2025-10-17,sexta,19:35,ES,262.0,186.8,IUNA,Transitar no Acostamento,Atropelamento de Pedestre,Com Vítimas Feridas,Plena Noite,Decrescente,Céu Claro,Simples,Reta,Não,2.0,0.0,0.0,2.0,0.0,0.0,2.0,2.0,-20.312895,-41.718533,SPRF-ES,DEL01-ES,UOP02-DEL01-ES,2025-10-17 19:35:00,2025.0,10.0,19.0,noite,False,1,grave,BR-262
725761.0,2025-10-17,sexta,19:30,ES,101.0,57.0,SAO MATEUS,Reação tardia ou ineficiente do condutor,Colisão com objeto,Sem Vítimas,Plena Noite,Crescente,Céu Claro,Simples,Reta,Não,1.0,0.0,0.0,0.0,0.0,1.0,0.0,1.0,-18.64257847,-39.87528563,SPRF-ES,DEL04-ES,UOP02-DEL04-ES,2025-10-17 19:30:00,2025.0,10.0,19.0,noite,False,0,baixo,BR-101
725790.0,2025-10-18,sabado,05:50,ES,101.0,266.4,SERRA,Deficiência do Sistema de Iluminação/Sinalização,Colisão transversal,Com Vítimas Feridas,Amanhecer,Decrescente,Céu Claro,Múltipla,Reta,Sim,5.0,0.0,4.0,0.0,0.0,1.0,4.0,3.0,-20.193505,-40.268465,SPRF-ES,DEL02-ES,UOP01-DEL02-ES,2025-10-18 05:50:00,2025.0,10.0,5.0,madrugada,True,0,moderado,BR-101
725877.0,2025-10-18,sabado,13:30,ES,101.0,141.8,LINHARES,Condutor desrespeitou a iluminação vermelha do semáforo,Colisão transversal,Com Vítimas Feridas,Pleno dia,Crescente,Céu Claro,Múltipla,Interseção de Vias;Reta,Sim,2.0,0.0,1.0,0.0,0.0,1.0,1.0,2.0,-19.33301231,-40.06849704,SPRF-ES,DEL04-ES,UOP01-DEL04-ES,2025-10-18 13:30:00,2025.0,10.0,13.0,tarde,False,0,moderado,BR-101
725907.0,2025-10-18,sabado,16:00,ES,101.0,288.0,CARIACICA,Acessar a via sem observar a presença dos outros veículos,Colisão transversal,Com Vítimas Feridas,Pleno dia,Crescente,Céu Claro,Dupla,Retorno Regulamentado;Curva,Sim,2.0,0.0,1.0,0.0,0.0,1.0,1.0,2.0,-20.273526,-40.39191,SPRF-ES,DEL01-ES,UOP01-DEL01-ES,2025-10-18 16:00:00,2025.0,10.0,16.0,tarde,True,0,moderado,BR-101
725912.0,2025-10-18,sabado,15:35,ES,101.0,251.0,SERRA,Transitar no Acostamento,Tombamento,Com Vítimas Feridas,Pleno dia,Decrescente,Céu Claro,Simples,Interseção de Vias;Reta,Sim,2.0,0.0,2.0,0.0,0.0,0.0,2.0,1.0,-20.09135221,-40.34191489,SPRF-ES,DEL02-ES,UOP01-DEL02-ES,2025-10-18 15:35:00,2025.0,10.0,15.0,tarde,True,0,moderado,BR-101
725950.0,2025-10-18,sabado,20:00,ES,101.0,274.5,SERRA,Reação tardia ou ineficiente do condutor,Saída de leito carroçável,Com Vítimas Feridas,Plena Noite,Crescente,Céu Claro,Dupla,Reta,Não,1.0,0.0,0.0,1.0,0.0,0.0,1.0,1.0,-20.0488505,-40.3866982,SPRF-ES,DEL02-ES,UOP01-DEL02-ES,2025-10-18 20:00:00,2025.0,10.0,20.0,noite,True,1,grave,BR-101
725956.0,2025-10-18,sabado,20:30,ES,101.0,136.6,LINHARES,Reação tardia ou ineficiente do condutor,Colisão traseira,Sem Vítimas,Plena Noite,Crescente,Céu Claro,Simples,Reta,Não,2.0,0.0,0.0,0.0,1.0,1.0,0.0,2.0,-19.28982667,-40.086265,SPRF-ES,DEL04-ES,UOP01-DEL04-ES,2025-10-18 20:30:00,2025.0,10.0,20.0,noite,False,0,baixo,BR-101
725997.0,2025-10-19,domingo,02:20,ES,101.0,151.0,LINHARES,Ingestão de álcool pelo condutor,Colisão traseira,Com Vítimas Feridas,Plena Noite,Decrescente,Nublado,Simples,Reta;Ponte,Sim,2.0,0.0,1.0,0.0,0.0,1.0,1.0,2.0,-19.41197171,-40.06611963,SPRF-ES,DEL04-ES,UOP01-DEL04-ES,2025-10-19 02:20:00,2025.0,10.0,2.0,madrugada,False,0,moderado,BR-101
726050.0,2025-10-19,domingo,07:50,ES,101.0,396.6,RIO NOVO DO SUL,Velocidade Incompatível,Saída de leito carroçável,Com Vítimas Feridas,Pleno dia,Decrescente,Chuva,Simples,Reta,Não,2.0,0.0,2.0,0.0,0.0,0.0,2.0,1.0,-20.8706,-40.944,SPRF-ES,DEL03-ES,UOP02-DEL03-ES,2025-10-19 07:50:00,2025.0,10.0,7.0,manha,False,0,moderado,BR-101
726114.0,2025-10-19,domingo,07:00,ES,101.0,30.0,CONCEICAO DA BARRA,Ausência de reação do condutor,Tombamento,Com Vítimas Feridas,Pleno dia,Decrescente,Céu Claro,Simples,Reta,Não,2.0,0.0,1.0,0.0,1.0,0.0,1.0,1.0,-18.45152205,-39.93126869,SPRF-ES,DEL04-ES,UOP02-DEL04-ES,2025-10-19 07:00:00,2025.0,10.0,7.0,manha,False,0,moderado,BR-101
726121.0,2025-10-19,domingo,14:45,ES,262.0,83.0,DOMINGOS MARTINS,Chuva,Tombamento,Com Vítimas Feridas,Pleno dia,Crescente,Chuva,Simples,Curva,Não,2.0,0.0,1.0,1.0,0.0,0.0,2.0,1.0,-20.34763807,-41.07270241,SPRF-ES,DEL01-ES,UOP02-DEL01-ES,2025-10-19 14:45:00,2025.0,10.0,14.0,tarde,False,1,grave,BR-262
726156.0,2025-10-19,domingo,18:40,ES,101.0,269.5,SERRA,Ingestão de álcool pelo condutor,Colisão traseira,Com Vítimas Feridas,Plena Noite,Crescente,Nublado,Múltipla,Reta,Sim,4.0,0.0,3.0,0.0,1.0,0.0,3.0,3.0,-20.2213618,-40.2705348,SPRF-ES,DEL02-ES,UOP01-DEL02-ES,2025-10-19 18:40:00,2025.0,10.0,18.0,noite,True,0,moderado,BR-101
726241.0,2025-10-20,segunda,04:30,ES,101.0,340.2,GUARAPARI,Chuva,Queda de ocupante de veículo,Com Vítimas Feridas,Amanhecer,Crescente,Chuva,Dupla,Aclive;Reta,Não,1.0,0.0,1.0,0.0,0.0,0.0,1.0,1.0,-20.64740276,-40.56667328,SPRF-ES,DEL03-ES,UOP01-DEL03-ES,2025-10-20 04:30:00,2025.0,10.0,4.0,madrugada,True,0,moderado,BR-101
726325.0,2025-10-20,segunda,12:20,ES,101.0,215.9,IBIRACU,Ausência de reação do condutor,Tombamento,Com Vítimas Feridas,Pleno dia,Decrescente,Garoa/Chuvisco,Simples,Reta,Não,1.0,0.0,1.0,0.0,0.0,0.0,1.0,1.0,-19.78760768,-40.36996562,SPRF-ES,DEL02-ES,UOP01-DEL02-ES,2025-10-20 12:20:00,2025.0,10.0,12.0,tarde,False,0,moderado,BR-101
726358.0,2025-10-20,segunda,14:20,ES,101.0,125.8,SOORETAMA,Transitar na contramão,Colisão transversal,Com Vítimas Feridas,Pleno dia,Crescente,Nublado,Simples,Reta,Não,5.0,0.0,2.0,0.0,3.0,0.0,2.0,2.0,-19.19171366,-40.09509802,SPRF-ES,DEL04-ES,UOP01-DEL04-ES,2025-10-20 14:20:00,2025.0,10.0,14.0,tarde,False,0,moderado,BR-101
726412.0,2025-10-20,segunda,18:30,ES,262.0,183.4,IRUPI,Ultrapassagem Indevida,Colisão frontal,Com Vítimas Feridas,Plena Noite,Crescente,Chuva,Simples,Reta,Não,3.0,0.0,1.0,2.0,0.0,0.0,3.0,2.0,-20.29636972,-41.7021857,SPRF-ES,DEL01-ES,UOP02-DEL01-ES,2025-10-20 18:30:00,2025.0,10.0,18.0,noite,False,1,grave,BR-262
726415.0,2025-10-20,segunda,18:20,ES,101.0,255.9,SERRA,Transitar na contramão,Colisão transversal,Com Vítimas Feridas,Plena Noite,Crescente,Nublado,Simples,Reta,Sim,4.0,0.0,0.0,1.0,3.0,0.0,1.0,3.0,-20.119687,-40.31002,SPRF-ES,DEL02-ES,UOP01-DEL02-ES,2025-10-20 18:20:00,2025.0,10.0,18.0,noite,True,1,grave,BR-101
726439.0,2025-10-20,segunda,20:10,ES,262.0,19.0,VIANA,Desrespeitar a preferência no cruzamento,Colisão transversal,Com Vítimas Feridas,Plena Noite,Crescente,Nublado,Simples,Reta,Não,3.0,0.0,0.0,2.0,1.0,0.0,2.0,2.0,-20.39220586,-40.48957435,SPRF-ES,DEL01-ES,UOP01-DEL01-ES,2025-10-20 20:10:00,2025.0,10.0,20.0,noite,True,1,grave,BR-262
726528.0,2025-10-21,terca,10:50,ES,262.0,185.7,IRUPI,Retorno proibido,Colisão transversal,Com Vítimas Feridas,Pleno dia,Crescente,Céu Claro,Simples,Reta,Não,4.0,0.0,0.0,2.0,2.0,0.0,2.0,2.0,-20.307208,-41.710345,SPRF-ES,DEL01-ES,UOP02-DEL01-ES,2025-10-21 10:50:00,2025.0,10.0,10.0,manha,False,1,grave,BR-262
726529.0,2025-10-21,terca,09:40,ES,101.0,61.0,SAO MATEUS,Acessar a via sem observar a presença dos outros veículos,Colisão transversal,Com Vítimas Feridas,Pleno dia,Decrescente,Nublado,Simples,Interseção de Vias;Retorno Regulamentado;Reta,Sim,2.0,0.0,0.0,1.0,1.0,0.0,1.0,2.0,-18.67786209,-39.86476986,SPRF-ES,DEL04-ES,UOP02-DEL04-ES,2025-10-21 09:40:00,2025.0,10.0,9.0,manha,False,1,grave,BR-101
726530.0,2025-10-21,terca,10:10,ES,101.0,366.8,ANCHIETA,Condutor Dormindo,Saída de leito carroçável,Com Vítimas Feridas,Pleno dia,Decrescente,Nublado,Simples,Em Obras;Reta,Não,1.0,0.0,0.0,1.0,0.0,0.0,1.0,1.0,-20.7415277,-40.7602704,SPRF-ES,DEL03-ES,UOP01-DEL03-ES,2025-10-21 10:10:00,2025.0,10.0,10.0,manha,False,1,grave,BR-101
726596.0,2025-10-21,terca,17:05,ES,447.0,15.3,VILA VELHA,Reação tardia ou ineficiente do condutor,Colisão lateral mesmo sentido,Com Vítimas Feridas,Anoitecer,Decrescente,Céu Claro,Dupla,Reta,Sim,2.0,0.0,1.0,0.0,1.0,0.0,1.0,2.0,-20.34258484,-40.32871842,SPRF-ES,DEL01-ES,UOP01-DEL01-ES,2025-10-21 17:05:00,2025.0,10.0,17.0,tarde,True,0,moderado,BR-447
726613.0,2025-10-21,terca,18:45,ES,101.0,266.0,SERRA,Ausência de reação do condutor,Tombamento,Com Vítimas Feridas,Plena Noite,Decrescente,Chuva,Dupla,Reta,Sim,1.0,0.0,1.0,0.0,0.0,0.0,1.0,1.0,-20.19190908,-40.26824266,SPRF-ES,DEL02-ES,UOP01-DEL02-ES,2025-10-21 18:45:00,2025.0,10.0,18.0,noite,True,0,moderado,BR-101
726672.0,2025-10-22,quarta,07:02,ES,101.0,268.0,SERRA,Pedestre cruzava a pista fora da faixa,Atropelamento de Pedestre,Com Vítimas Feridas,Pleno dia,Crescente,Chuva,Dupla,Reta,Sim,3.0,0.0,3.0,0.0,0.0,0.0,3.0,2.0,-20.18959623,-40.26832223,SPRF-ES,DEL02-ES,UOP01-DEL02-ES,2025-10-22 07:02:00,2025.0,10.0,7.0,manha,True,0,moderado,BR-101
726688.0,2025-10-22,quarta,08:43,ES,101.0,269.0,SERRA,Ausência de reação do condutor,Colisão traseira,Com Vítimas Feridas,Pleno dia,Crescente,Nublado,Dupla,Reta,Sim,3.0,0.0,0.0,2.0,0.0,1.0,2.0,2.0,-20.222233,-40.27047,SPRF-ES,DEL02-ES,UOP01-DEL02-ES,2025-10-22 08:43:00,2025.0,10.0,8.0,manha,True,1,grave,BR-101
726731.0,2025-10-17,sexta,22:37,ES,101.0,94.0,JAGUARE,Condutor deixou de manter distância do veículo da frente,Colisão traseira,Sem Vítimas,Plena Noite,Crescente,Céu Claro,Simples,Reta,Sim,2.0,0.0,0.0,0.0,1.0,1.0,0.0,2.0,-18.9361585,-39.9744144,SPRF-ES,DEL04-ES,UOP02-DEL04-ES,2025-10-17 22:37:00,2025.0,10.0,22.0,noite,False,0,baixo,BR-101
726753.0,2025-10-22,quarta,14:24,ES,101.0,224.0,IBIRACU,Ultrapassagem Indevida,Colisão traseira,Com Vítimas Feridas,Pleno dia,Crescente,Garoa/Chuvisco,Simples,Reta,Não,5.0,0.0,1.0,0.0,4.0,0.0,1.0,4.0,-19.83841412,-40.38162231,SPRF-ES,DEL02-ES,UOP01-DEL02-ES,2025-10-22 14:24:00,2025.0,10.0,14.0,tarde,False,0,moderado,BR-101
726768.0,2025-10-22,quarta,16:45,ES,262.0,163.0,IBATIBA,Acessar a via sem observar a presença dos outros veículos,Colisão transversal,Com Vítimas Feridas,Pleno dia,Decrescente,Céu Claro,Simples,Aclive;Reta,Não,3.0,0.0,2.0,0.0,1.0,0.0,2.0,2.0,-20.2381,-41.54293,SPRF-ES,DEL01-ES,UOP02-DEL01-ES,2025-10-22 16:45:00,2025.0,10.0,16.0,tarde,False,0,moderado,BR-262
726772.0,2025-10-22,quarta,17:30,ES,101.0,258.0,SERRA,Acessar a via sem observar a presença dos outros veículos,Colisão transversal,Com Vítimas Feridas,Plena Noite,Crescente,Céu Claro,Dupla,Curva,Sim,2.0,0.0,1.0,0.0,1.0,0.0,1.0,2.0,-20.1228943,-40.30535817,SPRF-ES,DEL02-ES,UOP01-DEL02-ES,2025-10-22 17:30:00,2025.0,10.0,17.0,tarde,True,0,moderado,BR-101
726789.0,2025-10-22,quarta,18:50,ES,101.0,265.0,SERRA,Condutor desrespeitou a iluminação vermelha do semáforo,Colisão transversal,Com Vítimas Feridas,Plena Noite,Crescente,Céu Claro,Dupla,Interseção de Vias;Reta,Sim,3.0,0.0,3.0,0.0,0.0,0.0,3.0,2.0,-20.18985084,-40.26824506,SPRF-ES,DEL02-ES,UOP01-DEL02-ES,2025-10-22 18:50:00,2025.0,10.0,18.0,noite,True,0,moderado,BR-101
726836.0,2025-10-22,quarta,20:12,ES,101.0,15.0,PEDRO CANARIO,Ausência de reação do condutor,Queda de ocupante de veículo,Com Vítimas Feridas,Plena Noite,Crescente,Nublado,Dupla,Reta,Sim,1.0,0.0,1.0,0.0,0.0,0.0,1.0,1.0,-18.29048953,-39.95457172,SPRF-ES,DEL04-ES,UOP02-DEL04-ES,2025-10-22 20:12:00,2025.0,10.0,20.0,noite,False,0,moderado,BR-101
726861.0,2025-10-23,quinta,06:16,ES,259.0,62.0,COLATINA,Ausência de reação do condutor,Queda de ocupante de veículo,Com Vítimas Feridas,Pleno dia,Crescente,Chuva,Simples,Reta,Sim,1.0,0.0,1.0,0.0,0.0,0.0,1.0,1.0,-19.527663,-40.698471,SPRF-ES,DEL02-ES,UOP01-DEL02-ES,2025-10-23 06:16:00,2025.0,10.0,6.0,manha,False,0,moderado,BR-259
726909.0,2025-09-21,domingo,16:30,ES,0.0,0.0,VITORIA,Demais falhas mecânicas ou elétricas,Colisão com objeto,Sem Vítimas,Pleno dia,Não Informado,Céu Claro,Simples,Reta,Sim,4.0,0.0,0.0,0.0,1.0,3.0,0.0,3.0,-20.31855494,-40.30606834,SPRF-ES,,,2025-09-21 16:30:00,2025.0,9.0,16.0,tarde,True,0,baixo,BR-0
726926.0,2025-10-23,quinta,11:00,ES,262.0,44.0,DOMINGOS MARTINS,Desrespeitar a preferência no cruzamento,Colisão transversal,Com Vítimas Feridas,Pleno dia,Crescente,Nublado,Simples,Reta,Não,2.0,0.0,1.0,0.0,1.0,0.0,1.0,2.0,-20.38788703,-40.66829681,SPRF-ES,DEL01-ES,UOP01-DEL01-ES,2025-10-23 11:00:00,2025.0,10.0,11.0,manha,False,0,moderado,BR-262
726996.0,2025-10-23,quinta,18:45,ES,101.0,255.0,SERRA,Transitar na contramão,Colisão frontal,Com Vítimas Feridas,Plena Noite,Crescente,Nublado,Simples,Reta,Sim,3.0,0.0,3.0,0.0,0.0,0.0,3.0,2.0,-20.11849082,-40.31272548,SPRF-ES,DEL02-ES,UOP01-DEL02-ES,2025-10-23 18:45:00,2025.0,10.0,18.0,noite,True,0,moderado,BR-101
727072.0,2025-10-24,sexta,06:45,ES,101.0,152.0,LINHARES,Condutor deixou de manter distância do veículo da frente,Colisão traseira,Com Vítimas Feridas,Pleno dia,Crescente,Céu Claro,Simples,Reta,Não,2.0,0.0,1.0,0.0,1.0,0.0,1.0,2.0,-19.4199622,-40.0731277,SPRF-ES,DEL04-ES,UOP01-DEL04-ES,2025-10-24 06:45:00,2025.0,10.0,6.0,manha,False,0,moderado,BR-101
727081.0,2025-10-24,sexta,07:20,ES,101.0,143.0,LINHARES,Manobra de mudança de faixa,Colisão lateral mesmo sentido,Com Vítimas Feridas,Pleno dia,Decrescente,Céu Claro,Múltipla,Reta,Sim,2.0,0.0,1.0,0.0,1.0,0.0,1.0,2.0,-19.33094074,-40.06996537,SPRF-ES,DEL04-ES,UOP01-DEL04-ES,2025-10-24 07:20:00,2025.0,10.0,7.0,manha,False,0,moderado,BR-101
727100.0,2025-10-24,sexta,08:30,ES,101.0,288.0,CARIACICA,Acessar a via sem observar a presença dos outros veículos,Colisão transversal,Com Vítimas Feridas,Pleno dia,Decrescente,Céu Claro,Dupla,Retorno Regulamentado,Não,2.0,0.0,0.0,1.0,0.0,1.0,1.0,2.0,-20.27912784,-40.39274502,SPRF-ES,DEL01-ES,UOP01-DEL01-ES,2025-10-24 08:30:00,2025.0,10.0,8.0,manha,True,1,grave,BR-101
727164.0,2025-10-18,sabado,20:12,ES,262.0,112.0,VENDA NOVA DO IMIGRANTE,Reação tardia ou ineficiente do condutor,Colisão traseira,Com Vítimas Feridas,Plena Noite,Crescente,Nublado,Simples,Reta,Não,2.0,0.0,0.0,2.0,0.0,0.0,2.0,2.0,-20.328458,-41.206355,SPRF-ES,DEL01-ES,UOP02-DEL01-ES,2025-10-18 20:12:00,2025.0,10.0,20.0,noite,False,1,grave,BR-262
727237.0,2025-10-24,sexta,18:20,ES,101.0,146.0,LINHARES,Trafegar com motocicleta (ou similar) entre as faixas,Colisão lateral mesmo sentido,Com Vítimas Feridas,Plena Noite,Decrescente,Céu Claro,Simples,Reta,Sim,3.0,0.0,0.0,1.0,2.0,0.0,1.0,2.0,-19.377415,-40.066177,SPRF-ES,DEL04-ES,UOP01-DEL04-ES,2025-10-24 18:20:00,2025.0,10.0,18.0,noite,False,1,grave,BR-101
727295.0,2025-10-24,sexta,23:45,ES,262.0,17.0,VIANA,Ausência de reação do condutor,Colisão traseira,Com Vítimas Feridas,Plena Noite,Crescente,Céu Claro,Simples,Reta,Sim,2.0,0.0,1.0,0.0,1.0,0.0,1.0,2.0,-20.3882908,-40.4769436,SPRF-ES,DEL01-ES,UOP01-DEL01-ES,2025-10-24 23:45:00,2025.0,10.0,23.0,noite,True,0,moderado,BR-262
727367.0,2025-10-25,sabado,09:35,ES,101.0,416.3,ITAPEMIRIM,Ultrapassagem Indevida,Colisão frontal,Com Vítimas Feridas,Pleno dia,Crescente,Nublado,Simples,Reta,Não,3.0,0.0,2.0,0.0,1.0,0.0,2.0,2.0,-20.95134031,-41.09049797,SPRF-ES,DEL03-ES,UOP02-DEL03-ES,2025-10-25 09:35:00,2025.0,10.0,9.0,manha,False,0,moderado,BR-101
727400.0,2025-10-25,sabado,11:50,ES,101.0,64.0,SAO MATEUS,Ultrapassagem Indevida,Colisão frontal,Com Vítimas Feridas,Pleno dia,Crescente,Chuva,Simples,Curva,Não,4.0,0.0,1.0,1.0,2.0,0.0,2.0,3.0,-18.704061,-39.869205,SPRF-ES,DEL04-ES,UOP02-DEL04-ES,2025-10-25 11:50:00,2025.0,10.0,11.0,manha,False,1,grave,BR-101
727432.0,2025-10-25,sabado,14:30,ES,101.0,266.0,SERRA,Ingestão de álcool pelo condutor,Colisão traseira,Com Vítimas Feridas,Pleno dia,Crescente,Chuva,Múltipla,Reta;Retorno Regulamentado,Sim,3.0,0.0,1.0,0.0,1.0,1.0,1.0,3.0,-20.19546,-40.268828,SPRF-ES,DEL02-ES,UOP01-DEL02-ES,2025-10-25 14:30:00,2025.0,10.0,14.0,tarde,True,0,moderado,BR-101
727444.0,2025-10-25,sabado,16:30,ES,101.0,148.0,LINHARES,Condutor deixou de manter distância do veículo da frente,Colisão traseira,Com Vítimas Feridas,Pleno dia,Crescente,Céu Claro,Dupla,Reta,Sim,3.0,0.0,1.0,0.0,2.0,0.0,1.0,2.0,-19.40024101,-40.06226671,SPRF-ES,DEL04-ES,UOP01-DEL04-ES,2025-10-25 16:30:00,2025.0,10.0,16.0,tarde,False,0,moderado,BR-101
727457.0,2025-10-25,sabado,17:30,ES,101.0,145.8,LINHARES,Condutor deixou de manter distância do veículo da frente,Colisão traseira,Com Vítimas Feridas,Plena Noite,Decrescente,Chuva,Dupla,Reta,Não,3.0,0.0,1.0,0.0,2.0,0.0,1.0,2.0,-19.36853149,-40.06515639,SPRF-ES,DEL04-ES,UOP01-DEL04-ES,2025-10-25 17:30:00,2025.0,10.0,17.0,tarde,False,0,moderado,BR-101
727499.0,2025-10-25,sabado,20:10,ES,101.0,281.8,SERRA,Reação tardia ou ineficiente do condutor,Colisão com objeto,Com Vítimas Feridas,Plena Noite,Crescente,Garoa/Chuvisco,Múltipla,Reta;Ponte,Não,2.0,0.0,2.0,0.0,0.0,0.0,2.0,1.0,-20.22630151,-40.36355495,SPRF-ES,DEL02-ES,UOP01-DEL02-ES,2025-10-25 20:10:00,2025.0,10.0,20.0,noite,True,0,moderado,BR-101
727501.0,2025-10-25,sabado,18:10,ES,393.0,4.0,CACHOEIRO DE ITAPEMIRIM,Reação tardia ou ineficiente do condutor,Saída de leito carroçável,Com Vítimas Feridas,Plena Noite,Crescente,Nublado,Simples,Curva,Não,1.0,0.0,0.0,1.0,0.0,0.0,1.0,1.0,-20.8233876,-41.1833731,SPRF-ES,DEL03-ES,UOP02-DEL03-ES,2025-10-25 18:10:00,2025.0,10.0,18.0,noite,False,1,grave,BR-393
727568.0,2025-10-26,domingo,03:30,ES,262.0,157.5,IBATIBA,Reação tardia ou ineficiente do condutor,Colisão lateral sentido oposto,Sem Vítimas,Plena Noite,Crescente,Nublado,Simples,Curva,Sim,2.0,0.0,0.0,0.0,2.0,0.0,0.0,2.0,-20.231458,-41.495458,SPRF-ES,DEL01-ES,UOP02-DEL01-ES,2025-10-26 03:30:00,2025.0,10.0,3.0,madrugada,False,0,baixo,BR-262
727619.0,2025-10-26,domingo,07:50,ES,262.0,64.0,MARECHAL FLORIANO,Reação tardia ou ineficiente do condutor,Saída de leito carroçável,Com Vítimas Feridas,Pleno dia,Crescente,Céu Claro,Simples,Curva,Não,1.0,0.0,1.0,0.0,0.0,0.0,1.0,1.0,-20.418009,-40.815931,SPRF-ES,DEL01-ES,UOP02-DEL01-ES,2025-10-26 07:50:00,2025.0,10.0,7.0,manha,False,0,moderado,BR-262
727672.0,2025-10-26,domingo,15:13,ES,259.0,34.0,COLATINA,Transitar na contramão,Colisão frontal,Com Vítimas Feridas,Pleno dia,Crescente,Céu Claro,Simples,Reta,Não,2.0,0.0,1.0,0.0,1.0,0.0,1.0,2.0,-19.5193853,-40.59597748,SPRF-ES,DEL02-ES,UOP01-DEL02-ES,2025-10-26 15:13:00,2025.0,10.0,15.0,tarde,False,0,moderado,BR-259
727705.0,2025-10-26,domingo,17:55,ES,101.0,268.5,VITORIA,Condutor deixou de manter distância do veículo da frente,Colisão traseira,Com Vítimas Feridas,Plena Noite,Decrescente,Nublado,Múltipla,Reta,Sim,2.0,0.0,1.0,0.0,1.0,0.0,1.0,2.0,-20.213741,-40.2697,SPRF-ES,DEL02-ES,UOP01-DEL02-ES,2025-10-26 17:55:00,2025.0,10.0,17.0,tarde,True,0,moderado,BR-101
727716.0,2025-10-26,domingo,19:20,ES,101.0,401.0,ITAPEMIRIM,Reação tardia ou ineficiente do condutor,Colisão lateral mesmo sentido,Com Vítimas Feridas,Plena Noite,Crescente,Céu Claro,Simples,Reta,Não,1.0,0.0,1.0,0.0,0.0,0.0,1.0,1.0,-20.88135236,-40.97499702,SPRF-ES,DEL03-ES,UOP02-DEL03-ES,2025-10-26 19:20:00,2025.0,10.0,19.0,noite,False,0,moderado,BR-101
727735.0,2025-10-26,domingo,19:45,ES,259.0,24.0,JOAO NEIVA,Acessar a via sem observar a presença dos outros veículos,Colisão frontal,Com Vítimas Feridas,Pleno dia,Crescente,Céu Claro,Simples,Reta,Não,3.0,0.0,0.0,2.0,1.0,0.0,2.0,2.0,-19.68267719,-40.39260864,SPRF-ES,DEL02-ES,UOP01-DEL02-ES,2025-10-26 19:45:00,2025.0,10.0,19.0,noite,False,1,grave,BR-259
727741.0,2025-10-26,domingo,20:58,ES,101.0,276.0,SERRA,Afundamento ou ondulação no pavimento,Tombamento,Com Vítimas Feridas,Plena Noite,Decrescente,Céu Claro,Dupla,Reta,Não,2.0,0.0,1.0,0.0,1.0,0.0,1.0,1.0,-20.20759142,-40.30764773,SPRF-ES,DEL02-ES,UOP01-DEL02-ES,2025-10-26 20:58:00,2025.0,10.0,20.0,noite,True,0,moderado,BR-101
727772.0,2025-10-26,domingo,22:20,ES,101.0,217.0,IBIRACU,Animais na Pista,Atropelamento de Animal,Com Vítimas Feridas,Plena Noite,Crescente,Céu Claro,Dupla,Aclive;Curva,Não,2.0,0.0,1.0,0.0,1.0,0.0,1.0,1.0,-19.85418282,-40.38219521,SPRF-ES,DEL02-ES,UOP01-DEL02-ES,2025-10-26 22:20:00,2025.0,10.0,22.0,noite,False,0,moderado,BR-101
727852.0,2025-10-12,domingo,19:00,ES,101.0,146.0,LINHARES,Manobra de mudança de faixa,Colisão traseira,Com Vítimas Feridas,Plena Noite,Crescente,Céu Claro,Dupla,Reta,Sim,4.0,0.0,2.0,0.0,0.0,2.0,2.0,3.0,-19.373014,-40.065606,SPRF-ES,DEL04-ES,UOP01-DEL04-ES,2025-10-12 19:00:00,2025.0,10.0,19.0,noite,False,0,moderado,BR-101
727888.0,2025-10-27,segunda,10:55,ES,101.0,129.3,SOORETAMA,Ingestão de álcool pelo condutor,Colisão traseira,Com Vítimas Feridas,Pleno dia,Crescente,Céu Claro,Simples,Reta,Não,2.0,0.0,1.0,0.0,1.0,0.0,1.0,2.0,-19.2243819,-40.09323615,SPRF-ES,DEL04-ES,UOP01-DEL04-ES,2025-10-27 10:55:00,2025.0,10.0,10.0,manha,False,0,moderado,BR-101
728003.0,2025-10-27,segunda,22:10,ES,101.0,127.0,SOORETAMA,Velocidade Incompatível,Tombamento,Com Vítimas Feridas,Plena Noite,Crescente,Céu Claro,Múltipla,Reta;Aclive,Não,2.0,0.0,0.0,1.0,1.0,0.0,1.0,2.0,-19.20841602,-40.09491253,SPRF-ES,DEL04-ES,UOP01-DEL04-ES,2025-10-27 22:10:00,2025.0,10.0,22.0,noite,False,1,grave,BR-101
728047.0,2025-10-28,terca,08:24,ES,101.0,299.7,VIANA,Reação tardia ou ineficiente do condutor,Tombamento,Com Vítimas Feridas,Pleno dia,Crescente,Céu Claro,Múltipla,Curva,Sim,1.0,0.0,1.0,0.0,0.0,0.0,1.0,1.0,-20.35799609,-40.43161511,SPRF-ES,DEL01-ES,UOP01-DEL01-ES,2025-10-28 08:24:00,2025.0,10.0,8.0,manha,True,0,moderado,BR-101
728061.0,2025-10-28,terca,08:30,ES,101.0,162.0,LINHARES,Acessar a via sem observar a presença dos outros veículos,Colisão transversal,Com Vítimas Feridas,Pleno dia,Crescente,Céu Claro,Simples,Interseção de Vias;Reta,Não,2.0,0.0,1.0,0.0,1.0,0.0,1.0,2.0,-19.49787547,-40.13057573,SPRF-ES,DEL04-ES,UOP01-DEL04-ES,2025-10-28 08:30:00,2025.0,10.0,8.0,manha,False,0,moderado,BR-101
728241.0,2025-10-29,quarta,08:33,ES,101.0,297.7,VIANA,Ausência de reação do condutor,Tombamento,Com Vítimas Feridas,Pleno dia,Decrescente,Céu Claro,Dupla,Reta,Sim,3.0,0.0,1.0,0.0,2.0,0.0,1.0,2.0,-20.350743,-40.412927,SPRF-ES,DEL01-ES,UOP01-DEL01-ES,2025-10-29 08:33:00,2025.0,10.0,8.0,manha,True,0,moderado,BR-101
728308.0,2025-10-29,quarta,13:50,ES,101.0,273.9,SERRA,Acessar a via sem observar a presença dos outros veículos,Tombamento,Com Vítimas Feridas,Pleno dia,Crescente,Sol,Dupla,Interseção de Vias;Reta;Declive,Sim,2.0,0.0,2.0,0.0,0.0,0.0,2.0,1.0,-20.2128064,-40.2960451,SPRF-ES,DEL02-ES,UOP01-DEL02-ES,2025-10-29 13:50:00,2025.0,10.0,13.0,tarde,True,0,moderado,BR-101
728376.0,2025-10-29,quarta,19:35,ES,101.0,127.2,SOORETAMA,Reação tardia ou ineficiente do condutor,Tombamento,Com Vítimas Feridas,Plena Noite,Crescente,Céu Claro,Dupla,Declive,Não,1.0,0.0,1.0,0.0,0.0,0.0,1.0,1.0,-19.2018855,-40.0958031,SPRF-ES,DEL04-ES,UOP01-DEL04-ES,2025-10-29 19:35:00,2025.0,10.0,19.0,noite,False,0,moderado,BR-101
728425.0,2025-10-30,quinta,04:50,ES,101.0,270.0,SERRA,Ausência de reação do condutor,Colisão com objeto,Com Vítimas Feridas,Amanhecer,Decrescente,Céu Claro,Dupla,Interseção de Vias;Reta,Sim,2.0,0.0,2.0,0.0,0.0,0.0,2.0,1.0,-20.2299848,-40.2726369,SPRF-ES,DEL02-ES,UOP01-DEL02-ES,2025-10-30 04:50:00,2025.0,10.0,4.0,madrugada,True,0,moderado,BR-101
728505.0,2025-10-30,quinta,13:00,ES,101.0,213.0,IBIRACU,Acessar a via sem observar a presença dos outros veículos,Colisão transversal,Com Vítimas Feridas,Pleno dia,Decrescente,Céu Claro,Dupla,Interseção de Vias,Não,3.0,0.0,2.0,0.0,1.0,0.0,2.0,2.0,-19.83004487,-40.37300649,SPRF-ES,DEL02-ES,UOP01-DEL02-ES,2025-10-30 13:00:00,2025.0,10.0,13.0,tarde,False,0,moderado,BR-101
728517.0,2025-10-30,quinta,13:40,ES,101.0,289.0,CARIACICA,Reação tardia ou ineficiente do condutor,Incêndio,Com Vítimas Feridas,Pleno dia,Crescente,Céu Claro,Dupla,Reta,Não,3.0,0.0,1.0,0.0,2.0,0.0,1.0,3.0,-20.23841821,-40.44598326,SPRF-ES,DEL01-ES,UOP01-DEL01-ES,2025-10-30 13:40:00,2025.0,10.0,13.0,tarde,True,0,moderado,BR-101
728545.0,2025-10-30,quinta,16:50,ES,101.0,87.0,SAO MATEUS,Mal súbito do condutor,Colisão traseira,Com Vítimas Feridas,Pleno dia,Decrescente,Céu Claro,Simples,Reta;Aclive,Não,5.0,0.0,4.0,0.0,1.0,0.0,4.0,2.0,-18.87613475,-39.94546143,SPRF-ES,DEL04-ES,UOP02-DEL04-ES,2025-10-30 16:50:00,2025.0,10.0,16.0,tarde,False,0,moderado,BR-101
728612.0,2025-10-30,quinta,21:20,ES,262.0,26.0,VIANA,Demais falhas mecânicas ou elétricas,Incêndio,Sem Vítimas,Plena Noite,Crescente,Chuva,Simples,Reta,Não,1.0,0.0,0.0,0.0,1.0,0.0,0.0,1.0,-20.38249102,-40.54827332,SPRF-ES,DEL01-ES,UOP01-DEL01-ES,2025-10-30 21:20:00,2025.0,10.0,21.0,noite,True,0,baixo,BR-262
728616.0,2025-10-20,segunda,07:40,ES,262.0,97.0,DOMINGOS MARTINS,Conversão proibida,Colisão lateral mesmo sentido,Com Vítimas Feridas,Pleno dia,Crescente,Nublado,Simples,Reta,Não,8.0,0.0,4.0,1.0,3.0,0.0,5.0,2.0,-20.360803,-41.075352,SPRF-ES,DEL01-ES,UOP02-DEL01-ES,2025-10-20 07:40:00,2025.0,10.0,7.0,manha,False,1,grave,BR-262
728626.0,2025-08-04,segunda,01:30,ES,101.0,262.0,SERRA,Desrespeitar a preferência no cruzamento,Colisão transversal,Com Vítimas Feridas,Plena Noite,Crescente,Céu Claro,Dupla,Interseção de Vias;Reta,Não,2.0,0.0,0.0,1.0,1.0,0.0,1.0,2.0,-20.173115,-40.26732167,SPRF-ES,DEL02-ES,UOP01-DEL02-ES,2025-08-04 01:30:00,2025.0,8.0,1.0,madrugada,True,1,grave,BR-101
728708.0,2025-10-31,sexta,11:25,ES,101.0,145.1,LINHARES,Velocidade Incompatível,Tombamento,Com Vítimas Feridas,Pleno dia,Crescente,Nublado,Múltipla,Reta,Não,1.0,0.0,1.0,0.0,0.0,0.0,1.0,1.0,-19.3587967,-40.0646779,SPRF-ES,DEL04-ES,UOP01-DEL04-ES,2025-10-31 11:25:00,2025.0,10.0,11.0,manha,False,0,moderado,BR-101
728727.0,2025-10-31,sexta,13:50,ES,101.0,265.0,SERRA,Reação tardia ou ineficiente do condutor,Colisão traseira,Com Vítimas Feridas,Pleno dia,Crescente,Garoa/Chuvisco,Dupla,Reta,Sim,2.0,0.0,0.0,1.0,1.0,0.0,1.0,2.0,-20.18060213,-40.26498377,SPRF-ES,DEL02-ES,UOP01-DEL02-ES,2025-10-31 13:50:00,2025.0,10.0,13.0,tarde,True,1,grave,BR-101
728739.0,2025-10-31,sexta,13:50,ES,101.0,292.0,CARIACICA,Acessar a via sem observar a presença dos outros veículos,Colisão transversal,Com Vítimas Feridas,Pleno dia,Crescente,Sol,Dupla,Reta,Não,3.0,0.0,1.0,0.0,2.0,0.0,1.0,2.0,-20.30884804,-40.39481375,SPRF-ES,DEL01-ES,UOP01-DEL01-ES,2025-10-31 13:50:00,2025.0,10.0,13.0,tarde,True,0,moderado,BR-101
728776.0,2025-08-20,quarta,10:30,ES,262.0,107.0,VENDA NOVA DO IMIGRANTE,Ausência de reação do condutor,Colisão transversal,Com Vítimas Feridas,Pleno dia,Crescente,Sol,Simples,Reta,Sim,2.0,0.0,0.0,1.0,1.0,0.0,1.0,2.0,-20.32974516,-41.15283821,SPRF-ES,DEL01-ES,UOP02-DEL01-ES,2025-08-20 10:30:00,2025.0,8.0,10.0,manha,False,1,grave,BR-262
728788.0,2025-10-31,sexta,13:50,ES,262.0,39.9,DOMINGOS MARTINS,Curva acentuada,Colisão transversal,Com Vítimas Feridas,Pleno dia,Crescente,Chuva,Simples,Curva;Declive,Não,4.0,0.0,1.0,0.0,3.0,0.0,1.0,2.0,-20.38389901,-40.6357011,SPRF-ES,DEL01-ES,UOP01-DEL01-ES,2025-10-31 13:50:00,2025.0,10.0,13.0,tarde,False,0,moderado,BR-262
728793.0,2025-10-31,sexta,18:30,ES,101.0,299.0,VIANA,Manobra de mudança de faixa,Queda de ocupante de veículo,Com Vítimas Feridas,Plena Noite,Decrescente,Céu Claro,Dupla,Curva,Sim,2.0,0.0,1.0,0.0,0.0,1.0,1.0,2.0,-20.35768331,-40.42706719,SPRF-ES,DEL01-ES,UOP01-DEL01-ES,2025-10-31 18:30:00,2025.0,10.0,18.0,noite,True,0,moderado,BR-101
728887.0,2025-11-01,sabado,07:00,ES,101.0,140.5,LINHARES,Demais falhas mecânicas ou elétricas,Incêndio,Sem Vítimas,Pleno dia,Crescente,Céu Claro,Múltipla,Reta;Aclive,Sim,1.0,0.0,0.0,0.0,1.0,0.0,0.0,1.0,-19.32258038,-40.07363725,SPRF-ES,DEL04-ES,UOP01-DEL04-ES,2025-11-01 07:00:00,2025.0,11.0,7.0,manha,False,0,baixo,BR-101
728888.0,2025-11-01,sabado,07:15,ES,101.0,148.4,LINHARES,Condutor deixou de manter distância do veículo da frente,Colisão traseira,Com Vítimas Feridas,Pleno dia,Decrescente,Céu Claro,Múltipla,Reta,Sim,3.0,0.0,2.0,0.0,1.0,0.0,2.0,2.0,-19.392214,-40.0665229,SPRF-ES,DEL04-ES,UOP01-DEL04-ES,2025-11-01 07:15:00,2025.0,11.0,7.0,manha,False,0,moderado,BR-101
728912.0,2025-11-01,sabado,07:00,ES,101.0,270.0,SERRA,Condutor desrespeitou a iluminação vermelha do semáforo,Atropelamento de Pedestre,Com Vítimas Feridas,Pleno dia,Crescente,Céu Claro,Simples,Reta,Não,2.0,0.0,1.0,0.0,0.0,1.0,1.0,2.0,-20.23067133,-40.27337852,SPRF-ES,DEL02-ES,UOP01-DEL02-ES,2025-11-01 07:00:00,2025.0,11.0,7.0,manha,True,0,moderado,BR-101
728954.0,2025-11-01,sabado,15:30,ES,101.0,65.0,SAO MATEUS,Reação tardia ou ineficiente do condutor,Tombamento,Com Vítimas Feridas,Pleno dia,Crescente,Céu Claro,Simples,Reta,Sim,2.0,0.0,1.0,0.0,0.0,1.0,1.0,2.0,-18.714378,-39.877271,SPRF-ES,DEL04-ES,UOP02-DEL04-ES,2025-11-01 15:30:00,2025.0,11.0,15.0,tarde,False,0,moderado,BR-101
728957.0,2025-11-01,sabado,16:30,ES,101.0,399.6,ITAPEMIRIM,Acessar a via sem observar a presença dos outros veículos,Colisão lateral mesmo sentido,Com Vítimas Feridas,Anoitecer,Crescente,Nublado,Simples,Reta,Não,2.0,0.0,2.0,0.0,0.0,0.0,2.0,2.0,-20.8785333,-40.9660825,SPRF-ES,DEL03-ES,UOP02-DEL03-ES,2025-11-01 16:30:00,2025.0,11.0,16.0,tarde,False,0,moderado,BR-101
729001.0,2025-11-01,sabado,19:40,ES,101.0,296.0,CARIACICA,Reação tardia ou ineficiente do condutor,Colisão traseira,Com Vítimas Feridas,Plena Noite,Decrescente,Céu Claro,Dupla,Reta,Sim,4.0,0.0,0.0,1.0,3.0,0.0,1.0,2.0,-20.3383642,-40.4025451,SPRF-ES,DEL01-ES,UOP01-DEL01-ES,2025-11-01 19:40:00,2025.0,11.0,19.0,noite,True,1,grave,BR-101
729093.0,2025-11-02,domingo,02:00,ES,101.0,213.0,IBIRACU,Demais falhas mecânicas ou elétricas,Incêndio,Sem Vítimas,Plena Noite,Crescente,Nublado,Simples,Reta,Não,1.0,0.0,0.0,0.0,0.0,1.0,0.0,1.0,-19.83003744,-40.37261009,SPRF-ES,DEL02-ES,UOP01-DEL02-ES,2025-11-02 02:00:00,2025.0,11.0,2.0,madrugada,False,0,baixo,BR-101
729142.0,2025-11-02,domingo,10:30,ES,101.0,282.8,CARIACICA,Transitar na contramão,Colisão lateral sentido oposto,Com Vítimas Feridas,Pleno dia,Crescente,Céu Claro,Dupla,Declive,Não,2.0,0.0,1.0,1.0,0.0,0.0,2.0,2.0,-20.23468336,-40.36946571,SPRF-ES,DEL01-ES,UOP01-DEL01-ES,2025-11-02 10:30:00,2025.0,11.0,10.0,manha,True,1,grave,BR-101
729163.0,2025-11-02,domingo,13:10,ES,262.0,59.0,MARECHAL FLORIANO,Condutor deixou de manter distância do veículo da frente,Colisão traseira,Com Vítimas Feridas,Pleno dia,Decrescente,Chuva,Simples,Reta,Sim,3.0,0.0,1.0,0.0,2.0,0.0,1.0,2.0,-20.41086951,-40.67757575,SPRF-ES,DEL01-ES,UOP01-DEL01-ES,2025-11-02 13:10:00,2025.0,11.0,13.0,tarde,False,0,moderado,BR-262
729167.0,2025-11-02,domingo,14:50,ES,101.0,145.7,LINHARES,Acessar a via sem observar a presença dos outros veículos,Colisão transversal,Com Vítimas Feridas,Pleno dia,Decrescente,Céu Claro,Simples,Reta,Sim,2.0,0.0,0.0,1.0,0.0,1.0,1.0,2.0,-19.36126545,-40.0646052,SPRF-ES,DEL04-ES,UOP01-DEL04-ES,2025-11-02 14:50:00,2025.0,11.0,14.0,tarde,False,1,grave,BR-101
729224.0,2025-11-02,domingo,17:55,ES,101.0,228.1,FUNDAO,Reação tardia ou ineficiente do condutor,Tombamento,Com Vítimas Feridas,Plena Noite,Crescente,Céu Claro,Simples,Reta,Não,3.0,0.0,1.0,1.0,1.0,0.0,2.0,2.0,-19.924925,-40.406535,SPRF-ES,DEL02-ES,UOP01-DEL02-ES,2025-11-02 17:55:00,2025.0,11.0,17.0,tarde,True,1,grave,BR-101
729239.0,2025-11-02,domingo,19:00,ES,262.0,19.9,VIANA,Acessar a via sem observar a presença dos outros veículos,Colisão transversal,Com Vítimas Feridas,Plena Noite,Crescente,Céu Claro,Simples,Curva,Sim,5.0,0.0,5.0,0.0,0.0,0.0,5.0,3.0,-20.386523,-40.496017,SPRF-ES,DEL01-ES,UOP01-DEL01-ES,2025-11-02 19:00:00,2025.0,11.0,19.0,noite,True,0,moderado,BR-262
729261.0,2025-11-02,domingo,20:40,ES,101.0,65.0,SAO MATEUS,Ausência de reação do condutor,Colisão lateral mesmo sentido,Sem Vítimas,Plena Noite,Decrescente,Céu Claro,Dupla,Reta,Sim,4.0,0.0,0.0,0.0,3.0,1.0,0.0,3.0,-18.71872577,-39.86930816,SPRF-ES,DEL04-ES,UOP02-DEL04-ES,2025-11-02 20:40:00,2025.0,11.0,20.0,noite,False,0,baixo,BR-101
729262.0,2025-11-02,domingo,19:00,ES,101.0,65.0,SAO MATEUS,Ausência de reação do condutor,Tombamento,Com Vítimas Feridas,Plena Noite,Decrescente,Céu Claro,Dupla,Retorno Regulamentado,Sim,1.0,0.0,1.0,0.0,0.0,0.0,1.0,1.0,-18.72167253,-39.86316053,SPRF-ES,DEL04-ES,UOP02-DEL04-ES,2025-11-02 19:00:00,2025.0,11.0,19.0,noite,False,0,moderado,BR-101
729307.0,2025-11-03,segunda,06:00,ES,262.0,51.0,MARECHAL FLORIANO,Ausência de reação do condutor,Queda de ocupante de veículo,Com Vítimas Feridas,Pleno dia,Crescente,Céu Claro,Simples,Reta,Não,2.0,0.0,2.0,0.0,0.0,0.0,2.0,1.0,-20.4136603,-40.7150185,SPRF-ES,DEL01-ES,UOP01-DEL01-ES,2025-11-03 06:00:00,2025.0,11.0,6.0,manha,False,0,moderado,BR-262
729362.0,2025-11-03,segunda,11:30,ES,101.0,238.0,FUNDAO,Objeto estático sobre o leito carroçável,Colisão com objeto,Com Vítimas Feridas,Pleno dia,Crescente,Céu Claro,Simples,Reta,Não,1.0,0.0,1.0,0.0,0.0,0.0,1.0,1.0,-20.01210422,-40.40600916,SPRF-ES,DEL02-ES,UOP01-DEL02-ES,2025-11-03 11:30:00,2025.0,11.0,11.0,manha,True,0,moderado,BR-101
729431.0,2025-11-03,segunda,16:35,ES,262.0,89.0,DOMINGOS MARTINS,Acessar a via sem observar a presença dos outros veículos,Colisão transversal,Com Vítimas Feridas,Pleno dia,Crescente,Nublado,Simples,Aclive;Reta,Sim,2.0,0.0,1.0,0.0,1.0,0.0,1.0,2.0,-20.381048,-41.025632,SPRF-ES,DEL01-ES,UOP02-DEL01-ES,2025-11-03 16:35:00,2025.0,11.0,16.0,tarde,False,0,moderado,BR-262
729449.0,2025-11-03,segunda,18:45,ES,101.0,140.5,LINHARES,Reação tardia ou ineficiente do condutor,Atropelamento de Pedestre,Com Vítimas Feridas,Plena Noite,Decrescente,Céu Claro,Simples,Reta,Sim,3.0,0.0,1.0,0.0,1.0,1.0,1.0,2.0,-19.4223318,-40.0778325,SPRF-ES,DEL04-ES,UOP01-DEL04-ES,2025-11-03 18:45:00,2025.0,11.0,18.0,noite,False,0,moderado,BR-101
729514.0,2025-11-04,terca,07:10,ES,101.0,269.5,SERRA,Manobra de mudança de faixa,Colisão lateral mesmo sentido,Sem Vítimas,Pleno dia,Crescente,Céu Claro,Dupla,Reta,Sim,2.0,0.0,0.0,0.0,2.0,0.0,0.0,2.0,-20.0488573,-40.3867013,SPRF-ES,DEL02-ES,UOP01-DEL02-ES,2025-11-04 07:10:00,2025.0,11.0,7.0,manha,True,0,baixo,BR-101
729601.0,2025-11-04,terca,17:05,ES,101.0,146.7,LINHARES,Manobra de mudança de faixa,Colisão lateral mesmo sentido,Com Vítimas Feridas,Pleno dia,Crescente,Céu Claro,Múltipla,Reta;Retorno Regulamentado,Sim,2.0,0.0,1.0,0.0,0.0,1.0,1.0,2.0,-19.37645806,-40.06654859,SPRF-ES,DEL04-ES,UOP01-DEL04-ES,2025-11-04 17:05:00,2025.0,11.0,17.0,tarde,False,0,moderado,BR-101
729606.0,2025-11-04,terca,15:00,ES,101.0,66.9,SAO MATEUS,Manobra de mudança de faixa,Colisão lateral mesmo sentido,Com Vítimas Feridas,Pleno dia,Decrescente,Céu Claro,Múltipla,Reta,Sim,3.0,0.0,2.0,0.0,1.0,0.0,2.0,2.0,-18.720011,-39.866424,SPRF-ES,DEL04-ES,UOP02-DEL04-ES,2025-11-04 15:00:00,2025.0,11.0,15.0,tarde,False,0,moderado,BR-101
729623.0,2025-11-04,terca,19:30,ES,101.0,189.9,ARACRUZ,Acessar a via sem observar a presença dos outros veículos,Colisão transversal,Com Vítimas Feridas,Plena Noite,Crescente,Nublado,Simples,Interseção de Vias;Reta,Sim,2.0,0.0,1.0,0.0,1.0,0.0,1.0,2.0,-19.68155182,-40.27130532,SPRF-ES,DEL04-ES,UOP01-DEL04-ES,2025-11-04 19:30:00,2025.0,11.0,19.0,noite,False,0,moderado,BR-101
729685.0,2025-11-05,quarta,06:00,ES,101.0,270.5,SERRA,Ausência de reação do condutor,Colisão com objeto,Com Vítimas Fatais,Amanhecer,Crescente,Céu Claro,Dupla,Curva,Sim,2.0,1.0,0.0,1.0,0.0,0.0,1.0,1.0,-20.23243894,-40.27519226,SPRF-ES,DEL02-ES,UOP01-DEL02-ES,2025-11-05 06:00:00,2025.0,11.0,6.0,manha,True,1,fatal,BR-101
729774.0,2025-11-05,quarta,13:30,ES,101.0,288.4,CARIACICA,Velocidade Incompatível,Saída de leito carroçável,Com Vítimas Feridas,Pleno dia,Crescente,Céu Claro,Múltipla,Reta,Sim,4.0,0.0,3.0,1.0,0.0,0.0,4.0,1.0,-20.27487744,-40.39231424,SPRF-ES,DEL01-ES,UOP01-DEL01-ES,2025-11-05 13:30:00,2025.0,11.0,13.0,tarde,True,1,grave,BR-101
729818.0,2025-11-05,quarta,17:50,ES,101.0,122.1,LINHARES,Retorno proibido,Colisão transversal,Com Vítimas Feridas,Plena Noite,Decrescente,Céu Claro,Simples,Reta,Não,2.0,0.0,1.0,0.0,1.0,0.0,1.0,2.0,-19.161118,-40.083653,SPRF-ES,DEL04-ES,UOP01-DEL04-ES,2025-11-05 17:50:00,2025.0,11.0,17.0,tarde,False,0,moderado,BR-101
729820.0,2025-11-05,quarta,18:15,ES,101.0,262.3,SERRA,Condutor desrespeitou a iluminação vermelha do semáforo,Colisão transversal,Com Vítimas Feridas,Plena Noite,Crescente,Nublado,Múltipla,Interseção de Vias,Sim,3.0,0.0,1.0,0.0,1.0,1.0,1.0,3.0,-20.1535907,-40.27801752,SPRF-ES,DEL02-ES,UOP01-DEL02-ES,2025-11-05 18:15:00,2025.0,11.0,18.0,noite,True,0,moderado,BR-101
729828.0,2025-11-05,quarta,18:09,ES,101.0,264.0,SERRA,Ausência de reação do condutor,Colisão traseira,Com Vítimas Feridas,Pleno dia,Decrescente,Céu Claro,Simples,Reta,Não,2.0,0.0,1.0,0.0,1.0,0.0,1.0,2.0,-20.22230476,-40.27050161,SPRF-ES,DEL02-ES,UOP01-DEL02-ES,2025-11-05 18:09:00,2025.0,11.0,18.0,noite,True,0,moderado,BR-101
729862.0,2025-11-05,quarta,19:40,ES,262.0,89.0,DOMINGOS MARTINS,Reação tardia ou ineficiente do condutor,Colisão traseira,Com Vítimas Feridas,Plena Noite,Decrescente,Nublado,Simples,Reta,Sim,2.0,0.0,1.0,0.0,0.0,1.0,1.0,2.0,-20.38878578,-41.01554836,SPRF-ES,DEL01-ES,UOP02-DEL01-ES,2025-11-05 19:40:00,2025.0,11.0,19.0,noite,False,0,moderado,BR-262
729955.0,2025-11-06,quinta,13:00,ES,259.0,49.1,COLATINA,Acessar a via sem observar a presença dos outros veículos,Colisão transversal,Com Vítimas Feridas,Pleno dia,Crescente,Nublado,Múltipla,Retorno Regulamentado;Curva;Interseção de Vias,Não,3.0,0.0,2.0,0.0,1.0,0.0,2.0,2.0,-19.511289,-40.605233,SPRF-ES,DEL02-ES,UOP01-DEL02-ES,2025-11-06 13:00:00,2025.0,11.0,13.0,tarde,False,0,moderado,BR-259
729976.0,2025-11-06,quinta,15:30,ES,101.0,144.0,LINHARES,Acumulo de areia ou detritos sobre o pavimento,Tombamento,Com Vítimas Feridas,Pleno dia,Decrescente,Céu Claro,Dupla,Reta,Sim,1.0,0.0,1.0,0.0,0.0,0.0,1.0,1.0,-19.26327363,-40.08908791,SPRF-ES,DEL04-ES,UOP01-DEL04-ES,2025-11-06 15:30:00,2025.0,11.0,15.0,tarde,False,0,moderado,BR-101
730011.0,2025-11-06,quinta,19:30,ES,259.0,4.0,JOAO NEIVA,Transitar na contramão,Colisão frontal,Com Vítimas Feridas,Plena Noite,Crescente,Nublado,Simples,Reta,Não,4.0,0.0,3.0,0.0,1.0,0.0,3.0,2.0,-19.70358,-40.38188,SPRF-ES,DEL02-ES,UOP01-DEL02-ES,2025-11-06 19:30:00,2025.0,11.0,19.0,noite,False,0,moderado,BR-259
730018.0,2025-11-06,quinta,20:10,ES,101.0,264.5,SERRA,Reação tardia ou ineficiente do condutor,Tombamento,Com Vítimas Feridas,Plena Noite,Crescente,Nublado,Múltipla,Reta,Sim,1.0,0.0,1.0,0.0,0.0,0.0,1.0,1.0,-20.17775167,-40.26560667,SPRF-ES,DEL02-ES,UOP01-DEL02-ES,2025-11-06 20:10:00,2025.0,11.0,20.0,noite,True,0,moderado,BR-101
730147.0,2025-11-07,sexta,12:50,ES,262.0,17.0,VIANA,Condutor deixou de manter distância do veículo da frente,Colisão traseira,Com Vítimas Feridas,Pleno dia,Crescente,Nublado,Simples,Reta,Sim,4.0,0.0,1.0,0.0,3.0,0.0,1.0,2.0,-20.38565,-40.471053,SPRF-ES,DEL01-ES,UOP01-DEL01-ES,2025-11-07 12:50:00,2025.0,11.0,12.0,tarde,True,0,moderado,BR-262
730180.0,2025-10-19,domingo,05:40,ES,101.0,269.0,SERRA,Condutor desrespeitou a iluminação vermelha do semáforo,Colisão transversal,Com Vítimas Feridas,Amanhecer,Decrescente,Nublado,Dupla,Interseção de Vias;Reta,Sim,2.0,0.0,1.0,0.0,1.0,0.0,1.0,2.0,-20.11139198,-40.32669067,SPRF-ES,DEL02-ES,UOP01-DEL02-ES,2025-10-19 05:40:00,2025.0,10.0,5.0,madrugada,True,0,moderado,BR-101
730198.0,2025-11-07,sexta,07:45,ES,101.0,68.3,SAO MATEUS,Animais na Pista,Tombamento,Com Vítimas Feridas,Pleno dia,Decrescente,Nublado,Simples,Interseção de Vias,Sim,1.0,0.0,1.0,0.0,0.0,0.0,1.0,1.0,-18.72927656,-39.85959403,SPRF-ES,DEL04-ES,UOP02-DEL04-ES,2025-11-07 07:45:00,2025.0,11.0,7.0,manha,False,0,moderado,BR-101
730216.0,2025-11-07,sexta,17:50,ES,101.0,65.0,SAO MATEUS,Ausência de reação do condutor,Colisão traseira,Com Vítimas Feridas,Anoitecer,Crescente,Nublado,Múltipla,Reta,Sim,2.0,0.0,1.0,0.0,1.0,0.0,1.0,2.0,-18.714398,-39.87733,SPRF-ES,DEL04-ES,UOP02-DEL04-ES,2025-11-07 17:50:00,2025.0,11.0,17.0,tarde,False,0,moderado,BR-101
730262.0,2025-11-07,sexta,21:00,ES,101.0,297.0,CARIACICA,Reação tardia ou ineficiente do condutor,Colisão com objeto,Com Vítimas Fatais,Plena Noite,Crescente,Garoa/Chuvisco,Dupla,Aclive;Curva,Não,1.0,1.0,0.0,0.0,0.0,0.0,0.0,1.0,-20.344911,-40.410048,SPRF-ES,DEL01-ES,UOP01-DEL01-ES,2025-11-07 21:00:00,2025.0,11.0,21.0,noite,True,1,fatal,BR-101
730342.0,2025-11-08,sabado,06:00,ES,259.0,53.5,COLATINA,Ausência de reação do condutor,Capotamento,Com Vítimas Feridas,Pleno dia,Crescente,Nublado,Simples,Aclive;Reta,Não,2.0,0.0,1.0,0.0,1.0,0.0,1.0,1.0,-19.50383017,-40.65457971,SPRF-ES,DEL02-ES,UOP01-DEL02-ES,2025-11-08 06:00:00,2025.0,11.0,6.0,manha,False,0,moderado,BR-259
730387.0,2025-11-08,sabado,10:40,ES,101.0,265.0,SERRA,Ausência de reação do condutor,Atropelamento de Pedestre,Com Vítimas Feridas,Pleno dia,Crescente,Nublado,Dupla,Reta,Sim,3.0,0.0,2.0,0.0,0.0,1.0,2.0,2.0,-20.0488582,-40.3867015,SPRF-ES,DEL02-ES,UOP01-DEL02-ES,2025-11-08 10:40:00,2025.0,11.0,10.0,manha,True,0,moderado,BR-101
730420.0,2025-11-08,sabado,13:00,ES,262.0,35.0,DOMINGOS MARTINS,Reação tardia ou ineficiente do condutor,Tombamento,Com Vítimas Feridas,Pleno dia,Crescente,Nublado,Dupla,Aclive;Curva,Não,1.0,0.0,0.0,1.0,0.0,0.0,1.0,1.0,-20.379668,-40.594603,SPRF-ES,DEL01-ES,UOP01-DEL01-ES,2025-11-08 13:00:00,2025.0,11.0,13.0,tarde,False,1,grave,BR-262
730527.0,2025-09-25,quinta,09:10,ES,101.0,144.9,LINHARES,Objeto estático sobre o leito carroçável,Colisão traseira,Com Vítimas Feridas,Pleno dia,Crescente,Nublado,Múltipla,Reta,Sim,3.0,0.0,1.0,0.0,2.0,0.0,1.0,3.0,-19.3603269,-40.0650771,SPRF-ES,DEL04-ES,UOP01-DEL04-ES,2025-09-25 09:10:00,2025.0,9.0,9.0,manha,False,0,moderado,BR-101
730555.0,2025-11-08,sabado,22:30,ES,101.0,313.2,VILA VELHA,Animais na Pista,Atropelamento de Animal,Com Vítimas Feridas,Plena Noite,Crescente,Céu Claro,Dupla,Reta,Não,1.0,0.0,1.0,0.0,0.0,0.0,1.0,1.0,-20.45533709,-40.46342467,SPRF-ES,DEL01-ES,UOP01-DEL01-ES,2025-11-08 22:30:00,2025.0,11.0,22.0,noite,True,0,moderado,BR-101
730560.0,2025-11-08,sabado,23:00,ES,101.0,401.0,ITAPEMIRIM,Acessar a via sem observar a presença dos outros veículos,Colisão transversal,Com Vítimas Feridas,Plena Noite,Crescente,Nublado,Simples,Curva,Não,5.0,0.0,2.0,0.0,2.0,1.0,2.0,2.0,-20.88888,-40.98522,SPRF-ES,DEL03-ES,UOP02-DEL03-ES,2025-11-08 23:00:00,2025.0,11.0,23.0,noite,False,0,moderado,BR-101
730572.0,2025-11-09,domingo,00:30,ES,101.0,269.6,SERRA,Acessar a via sem observar a presença dos outros veículos,Colisão lateral mesmo sentido,Com Vítimas Feridas,Plena Noite,Decrescente,Nublado,Múltipla,Retorno Regulamentado,Sim,3.0,0.0,2.0,0.0,1.0,0.0,2.0,2.0,-20.2231921,-40.2702095,SPRF-ES,DEL02-ES,UOP01-DEL02-ES,2025-11-09 00:30:00,2025.0,11.0,0.0,madrugada,True,0,moderado,BR-101
730573.0,2025-11-09,domingo,00:00,ES,259.0,63.6,COLATINA,Ausência de reação do condutor,Colisão transversal,Com Vítimas Feridas,Plena Noite,Crescente,Céu Claro,Simples,Interseção de Vias;Reta,Sim,3.0,0.0,1.0,0.0,2.0,0.0,1.0,2.0,-19.524,-40.704,SPRF-ES,DEL02-ES,UOP01-DEL02-ES,2025-11-09 00:00:00,2025.0,11.0,0.0,madrugada,False,0,moderado,BR-259
730603.0,2025-11-09,domingo,04:50,ES,101.0,26.0,CONCEICAO DA BARRA,Reação tardia ou ineficiente do condutor,Saída de leito carroçável,Sem Vítimas,Amanhecer,Crescente,Céu Claro,Simples,Reta,Não,1.0,0.0,0.0,0.0,0.0,1.0,0.0,1.0,-18.42424475,-39.93461609,SPRF-ES,DEL04-ES,UOP02-DEL04-ES,2025-11-09 04:50:00,2025.0,11.0,4.0,madrugada,False,0,baixo,BR-101
730697.0,2025-11-09,domingo,13:50,ES,101.0,391.0,RIO NOVO DO SUL,Reação tardia ou ineficiente do condutor,Colisão frontal,Com Vítimas Feridas,Pleno dia,Crescente,Chuva,Simples,Curva,Não,3.0,0.0,3.0,0.0,0.0,0.0,3.0,2.0,-20.86556581,-40.89650993,SPRF-ES,DEL03-ES,UOP02-DEL03-ES,2025-11-09 13:50:00,2025.0,11.0,13.0,tarde,False,0,moderado,BR-101
730718.0,2025-11-09,domingo,14:40,ES,101.0,448.3,MIMOSO DO SUL,Ausência de reação do condutor,Queda de ocupante de veículo,Com Vítimas Feridas,Pleno dia,Crescente,Chuva,Simples,Curva,Não,1.0,0.0,1.0,0.0,0.0,0.0,1.0,1.0,-21.1311171,-41.2791321,SPRF-ES,DEL03-ES,UOP02-DEL03-ES,2025-11-09 14:40:00,2025.0,11.0,14.0,tarde,False,0,moderado,BR-101
730730.0,2025-11-09,domingo,17:00,ES,101.0,141.0,LINHARES,Ausência de reação do condutor,Colisão lateral mesmo sentido,Com Vítimas Feridas,Anoitecer,Crescente,Chuva,Múltipla,Reta,Não,3.0,0.0,1.0,1.0,0.0,1.0,2.0,2.0,-19.3319898,-40.06931663,SPRF-ES,DEL04-ES,UOP01-DEL04-ES,2025-11-09 17:00:00,2025.0,11.0,17.0,tarde,False,1,grave,BR-101
730763.0,2025-11-09,domingo,19:10,ES,101.0,208.0,IBIRACU,Animais na Pista,Atropelamento de Animal,Com Vítimas Feridas,Plena Noite,Crescente,Nublado,Simples,Curva,Não,5.0,0.0,2.0,0.0,3.0,0.0,2.0,2.0,-19.78271,-40.371653,SPRF-ES,DEL02-ES,UOP01-DEL02-ES,2025-11-09 19:10:00,2025.0,11.0,19.0,noite,False,0,moderado,BR-101
730775.0,2025-11-09,domingo,20:50,ES,101.0,183.5,ARACRUZ,Ausência de reação do condutor,Tombamento,Com Vítimas Feridas,Plena Noite,Decrescente,Chuva,Simples,Aclive;Curva,Não,2.0,0.0,2.0,0.0,0.0,0.0,2.0,1.0,-19.65177277,-40.23161924,SPRF-ES,DEL04-ES,UOP01-DEL04-ES,2025-11-09 20:50:00,2025.0,11.0,20.0,noite,False,0,moderado,BR-101
730791.0,2025-11-09,domingo,21:50,ES,101.0,42.0,CONCEICAO DA BARRA,Condutor deixou de manter distância do veículo da frente,Colisão traseira,Com Vítimas Feridas,Plena Noite,Crescente,Chuva,Simples,Reta,Não,2.0,0.0,1.0,0.0,0.0,1.0,1.0,2.0,-18.5184682,-39.9128996,SPRF-ES,DEL04-ES,UOP02-DEL04-ES,2025-11-09 21:50:00,2025.0,11.0,21.0,noite,False,0,moderado,BR-101
730800.0,2025-11-09,domingo,21:40,ES,262.0,165.8,IBATIBA,Demais falhas mecânicas ou elétricas,Incêndio,Sem Vítimas,Plena Noite,Decrescente,Chuva,Simples,Reta,Não,1.0,0.0,0.0,0.0,1.0,0.0,0.0,1.0,-20.26264524,-41.56990235,SPRF-ES,DEL01-ES,UOP02-DEL01-ES,2025-11-09 21:40:00,2025.0,11.0,21.0,noite,False,0,baixo,BR-262
730802.0,2025-11-09,domingo,22:20,ES,101.0,297.0,VIANA,Manobra de mudança de faixa,Saída de leito carroçável,Com Vítimas Feridas,Plena Noite,Crescente,Garoa/Chuvisco,Dupla,Curva,Sim,2.0,0.0,2.0,0.0,0.0,0.0,2.0,1.0,-20.351073,-40.41326,SPRF-ES,DEL01-ES,UOP01-DEL01-ES,2025-11-09 22:20:00,2025.0,11.0,22.0,noite,True,0,moderado,BR-101
730825.0,2025-11-09,domingo,23:55,ES,101.0,262.0,SERRA,Ausência de reação do condutor,Colisão traseira,Com Vítimas Feridas,Plena Noite,Crescente,Céu Claro,Simples,Reta,Não,3.0,0.0,2.0,1.0,0.0,0.0,3.0,2.0,-20.13592779,-40.29247721,SPRF-ES,DEL02-ES,UOP01-DEL02-ES,2025-11-09 23:55:00,2025.0,11.0,23.0,noite,True,1,grave,BR-101
730859.0,2025-11-10,segunda,07:21,ES,101.0,293.0,CARIACICA,Acumulo de óleo sobre o pavimento,Tombamento,Com Vítimas Feridas,Pleno dia,Decrescente,Nublado,Dupla,Reta,Sim,2.0,0.0,2.0,0.0,0.0,0.0,2.0,1.0,-20.316048,-40.3955,SPRF-ES,DEL01-ES,UOP01-DEL01-ES,2025-11-10 07:21:00,2025.0,11.0,7.0,manha,True,0,moderado,BR-101
730863.0,2025-11-10,segunda,07:50,ES,101.0,278.0,SERRA,Velocidade Incompatível,Saída de leito carroçável,Com Vítimas Feridas,Pleno dia,Crescente,Nublado,Dupla,Curva;Declive,Não,1.0,0.0,1.0,0.0,0.0,0.0,1.0,1.0,-20.21752,-40.33552,SPRF-ES,DEL02-ES,UOP01-DEL02-ES,2025-11-10 07:50:00,2025.0,11.0,7.0,manha,True,0,moderado,BR-101
730918.0,2025-11-10,segunda,12:00,ES,101.0,189.0,ARACRUZ,Pedestre cruzava a pista fora da faixa,Atropelamento de Pedestre,Com Vítimas Feridas,Pleno dia,Crescente,Céu Claro,Simples,Reta,Sim,2.0,0.0,1.0,1.0,0.0,0.0,2.0,2.0,-19.680853,-40.269613,SPRF-ES,DEL04-ES,UOP01-DEL04-ES,2025-11-10 12:00:00,2025.0,11.0,12.0,tarde,False,1,grave,BR-101
730968.0,2025-11-10,segunda,16:00,ES,101.0,262.2,SERRA,Manobra de mudança de faixa,Colisão lateral mesmo sentido,Com Vítimas Feridas,Pleno dia,Decrescente,Nublado,Múltipla,Reta;Interseção de Vias;Retorno Regulamentado,Sim,2.0,0.0,1.0,0.0,1.0,0.0,1.0,2.0,-20.160165,-40.275838,SPRF-ES,DEL02-ES,UOP01-DEL02-ES,2025-11-10 16:00:00,2025.0,11.0,16.0,tarde,True,0,moderado,BR-101
731065.0,2025-11-11,terca,06:00,ES,101.0,10.0,SERRA,Suicídio (presumido),Saída de leito carroçável,Com Vítimas Feridas,Plena Noite,Decrescente,Nublado,Dupla,Reta,Não,1.0,0.0,1.0,0.0,0.0,0.0,1.0,1.0,-20.14579,-40.34384,SPRF-ES,DEL02-ES,UOP01-DEL02-ES,2025-11-11 06:00:00,2025.0,11.0,6.0,manha,True,0,moderado,BR-101
731088.0,2025-11-11,terca,06:40,ES,262.0,51.0,MARECHAL FLORIANO,Condutor deixou de manter distância do veículo da frente,Colisão traseira,Com Vítimas Feridas,Pleno dia,Crescente,Nublado,Simples,Reta,Não,2.0,0.0,1.0,0.0,1.0,0.0,1.0,2.0,-20.41368682,-40.71574473,SPRF-ES,DEL01-ES,UOP01-DEL01-ES,2025-11-11 06:40:00,2025.0,11.0,6.0,manha,False,0,moderado,BR-262
731202.0,2025-10-30,quinta,07:30,ES,101.0,266.7,SERRA,Acessar a via sem observar a presença dos outros veículos,Colisão transversal,Com Vítimas Feridas,Pleno dia,Decrescente,Nublado,Dupla,Retorno Regulamentado;Reta,Sim,3.0,0.0,0.0,1.0,2.0,0.0,1.0,2.0,-20.195662,-40.268922,SPRF-ES,DEL02-ES,UOP01-DEL02-ES,2025-10-30 07:30:00,2025.0,10.0,7.0,manha,True,1,grave,BR-101
731227.0,2025-11-11,terca,21:20,ES,101.0,301.0,VIANA,Reação tardia ou ineficiente do condutor,Colisão com objeto,Com Vítimas Feridas,Plena Noite,Decrescente,Céu Claro,Múltipla,Curva,Não,3.0,0.0,2.0,1.0,0.0,0.0,3.0,1.0,-20.363575,-40.440774,SPRF-ES,DEL01-ES,UOP01-DEL01-ES,2025-11-11 21:20:00,2025.0,11.0,21.0,noite,True,1,grave,BR-101
731266.0,2025-11-12,quarta,07:24,ES,101.0,207.9,IBIRACU,Demais falhas mecânicas ou elétricas,Queda de ocupante de veículo,Com Vítimas Feridas,Pleno dia,Decrescente,Sol,Simples,Reta,Sim,1.0,0.0,1.0,0.0,0.0,0.0,1.0,1.0,-19.78148544,-40.37166506,SPRF-ES,DEL02-ES,UOP01-DEL02-ES,2025-11-12 07:24:00,2025.0,11.0,7.0,manha,False,0,moderado,BR-101
731322.0,2025-11-12,quarta,13:00,ES,101.0,146.4,LINHARES,Trafegar com motocicleta (ou similar) entre as faixas,Colisão traseira,Com Vítimas Feridas,Pleno dia,Crescente,Nublado,Múltipla,Reta,Sim,2.0,0.0,1.0,0.0,1.0,0.0,1.0,2.0,-19.37253304,-40.06487749,SPRF-ES,DEL04-ES,UOP01-DEL04-ES,2025-11-12 13:00:00,2025.0,11.0,13.0,tarde,False,0,moderado,BR-101
731389.0,2025-11-12,quarta,18:50,ES,101.0,271.2,SERRA,Demais falhas mecânicas ou elétricas,Incêndio,Sem Vítimas,Plena Noite,Decrescente,Céu Claro,Múltipla,Retorno Regulamentado,Sim,1.0,0.0,0.0,0.0,1.0,0.0,0.0,1.0,-20.23103408,-40.27947217,SPRF-ES,DEL02-ES,UOP01-DEL02-ES,2025-11-12 18:50:00,2025.0,11.0,18.0,noite,True,0,baixo,BR-101
731612.0,2025-11-13,quinta,18:45,ES,101.0,146.8,LINHARES,Conversão proibida,Colisão transversal,Com Vítimas Feridas,Plena Noite,Decrescente,Céu Claro,Dupla,Interseção de Vias,Sim,2.0,0.0,1.0,0.0,1.0,0.0,1.0,2.0,-19.37562565,-40.06598759,SPRF-ES,DEL04-ES,UOP01-DEL04-ES,2025-11-13 18:45:00,2025.0,11.0,18.0,noite,False,0,moderado,BR-101
731624.0,2025-11-13,quinta,20:15,ES,101.0,179.2,ARACRUZ,Conversão proibida,Colisão transversal,Com Vítimas Feridas,Plena Noite,Crescente,Céu Claro,Simples,Interseção de Vias,Não,2.0,0.0,1.0,0.0,1.0,0.0,1.0,2.0,-19.61801318,-40.21655263,SPRF-ES,DEL04-ES,UOP01-DEL04-ES,2025-11-13 20:15:00,2025.0,11.0,20.0,noite,False,0,moderado,BR-101
731694.0,2025-11-14,sexta,07:57,ES,101.0,263.9,SERRA,Condutor deixou de manter distância do veículo da frente,Colisão traseira,Com Vítimas Feridas,Pleno dia,Crescente,Sol,Múltipla,Reta,Não,2.0,0.0,1.0,1.0,0.0,0.0,2.0,2.0,-20.17284167,-40.26738333,SPRF-ES,DEL02-ES,UOP01-DEL02-ES,2025-11-14 07:57:00,2025.0,11.0,7.0,manha,True,1,grave,BR-101
731747.0,2025-11-14,sexta,11:10,ES,393.0,1.5,CACHOEIRO DE ITAPEMIRIM,Condutor deixou de manter distância do veículo da frente,Colisão traseira,Com Vítimas Feridas,Pleno dia,Crescente,Sol,Simples,Reta,Sim,2.0,0.0,1.0,0.0,1.0,0.0,1.0,2.0,-20.83420129,-41.17173169,SPRF-ES,DEL03-ES,UOP02-DEL03-ES,2025-11-14 11:10:00,2025.0,11.0,11.0,manha,False,0,moderado,BR-393
731778.0,2025-11-14,sexta,15:13,ES,101.0,246.1,SERRA,Demais falhas mecânicas ou elétricas,Colisão com objeto,Com Vítimas Feridas,Pleno dia,Crescente,Céu Claro,Dupla,Reta;Em Obras;Declive,Não,3.0,0.0,1.0,0.0,2.0,0.0,1.0,2.0,-20.06466,-40.37609,SPRF-ES,DEL02-ES,UOP01-DEL02-ES,2025-11-14 15:13:00,2025.0,11.0,15.0,tarde,True,0,moderado,BR-101
731866.0,2025-11-14,sexta,19:10,ES,259.0,66.0,COLATINA,Reação tardia ou ineficiente do condutor,Saída de leito carroçável,Com Vítimas Feridas,Plena Noite,Crescente,Nublado,Simples,Reta,Não,1.0,0.0,0.0,1.0,0.0,0.0,1.0,1.0,-19.51146,-40.73418,SPRF-ES,DEL02-ES,UOP01-DEL02-ES,2025-11-14 19:10:00,2025.0,11.0,19.0,noite,False,1,grave,BR-259
731878.0,2025-11-14,sexta,20:20,ES,262.0,159.6,IBATIBA,Acessar a via sem observar a presença dos outros veículos,Colisão transversal,Sem Vítimas,Plena Noite,Decrescente,Nublado,Simples,Reta;Interseção de Vias,Sim,2.0,0.0,0.0,0.0,2.0,0.0,0.0,2.0,-20.237623,-41.513023,SPRF-ES,DEL01-ES,UOP02-DEL01-ES,2025-11-14 20:20:00,2025.0,11.0,20.0,noite,False,0,baixo,BR-262
731914.0,2025-11-15,sabado,00:20,ES,101.0,260.8,SERRA,Acesso irregular,Tombamento,Com Vítimas Feridas,Plena Noite,Crescente,Céu Claro,Dupla,Curva,Sim,2.0,0.0,1.0,0.0,0.0,1.0,1.0,1.0,-20.14740833,-40.28014833,SPRF-ES,DEL02-ES,UOP01-DEL02-ES,2025-11-15 00:20:00,2025.0,11.0,0.0,madrugada,True,0,moderado,BR-101
731979.0,2025-11-15,sabado,08:30,ES,101.0,304.0,VIANA,Ausência de reação do condutor,Colisão traseira,Com Vítimas Feridas,Pleno dia,Crescente,Sol,Dupla,Reta,Sim,2.0,0.0,1.0,0.0,1.0,0.0,1.0,2.0,-20.3811397,-40.4567558,SPRF-ES,DEL01-ES,UOP01-DEL01-ES,2025-11-15 08:30:00,2025.0,11.0,8.0,manha,True,0,moderado,BR-101
731982.0,2025-11-15,sabado,09:20,ES,101.0,284.0,CARIACICA,Ausência de reação do condutor,Queda de ocupante de veículo,Com Vítimas Feridas,Pleno dia,Crescente,Céu Claro,Dupla,Reta,Não,2.0,0.0,2.0,0.0,0.0,0.0,2.0,1.0,-20.2483959,-40.3707993,SPRF-ES,DEL01-ES,UOP01-DEL01-ES,2025-11-15 09:20:00,2025.0,11.0,9.0,manha,True,0,moderado,BR-101
731993.0,2025-11-15,sabado,09:50,ES,101.0,299.8,VIANA,Acessar a via sem observar a presença dos outros veículos,Colisão frontal,Com Vítimas Feridas,Pleno dia,Crescente,Sol,Dupla,Retorno Regulamentado,Sim,2.0,0.0,1.0,0.0,1.0,0.0,1.0,2.0,-20.3574457,-40.42419434,SPRF-ES,DEL01-ES,UOP01-DEL01-ES,2025-11-15 09:50:00,2025.0,11.0,9.0,manha,True,0,moderado,BR-101
732001.0,2025-11-15,sabado,11:00,ES,262.0,57.4,MARECHAL FLORIANO,Avarias e/ou desgaste excessivo no pneu,Saída de leito carroçável,Com Vítimas Feridas,Pleno dia,Crescente,Chuva,Simples,Curva,Não,2.0,0.0,2.0,0.0,0.0,0.0,2.0,1.0,-20.42044384,-40.76708794,SPRF-ES,DEL01-ES,UOP01-DEL01-ES,2025-11-15 11:00:00,2025.0,11.0,11.0,manha,False,0,moderado,BR-262
732042.0,2025-11-15,sabado,14:50,ES,101.0,343.0,GUARAPARI,Ausência de reação do condutor,Colisão com objeto,Com Vítimas Feridas,Pleno dia,Crescente,Nublado,Dupla,Curva,Não,3.0,0.0,1.0,0.0,2.0,0.0,1.0,2.0,-20.663552,-40.594615,SPRF-ES,DEL03-ES,UOP01-DEL03-ES,2025-11-15 14:50:00,2025.0,11.0,14.0,tarde,True,0,moderado,BR-101
732080.0,2025-11-15,sabado,18:30,ES,101.0,135.8,LINHARES,Acessar a via sem observar a presença dos outros veículos,Colisão transversal,Com Vítimas Feridas,Plena Noite,Crescente,Nublado,Simples,Reta,Não,3.0,0.0,0.0,2.0,1.0,0.0,2.0,2.0,-19.28299243,-40.08698227,SPRF-ES,DEL04-ES,UOP01-DEL04-ES,2025-11-15 18:30:00,2025.0,11.0,18.0,noite,False,1,grave,BR-101
732091.0,2025-11-15,sabado,19:50,ES,262.0,95.0,DOMINGOS MARTINS,Acessar a via sem observar a presença dos outros veículos,Colisão transversal,Com Vítimas Feridas,Plena Noite,Crescente,Céu Claro,Simples,Rotatória,Não,3.0,0.0,1.0,1.0,0.0,1.0,2.0,2.0,-20.36467098,-41.06280375,SPRF-ES,DEL01-ES,UOP02-DEL01-ES,2025-11-15 19:50:00,2025.0,11.0,19.0,noite,False,1,grave,BR-262
732119.0,2025-11-15,sabado,21:50,ES,259.0,57.8,COLATINA,Ausência de reação do condutor,Tombamento,Sem Vítimas,Plena Noite,Crescente,Céu Claro,Simples,Reta,Não,1.0,0.0,0.0,0.0,0.0,1.0,0.0,1.0,-19.52464603,-40.67301661,SPRF-ES,DEL02-ES,UOP01-DEL02-ES,2025-11-15 21:50:00,2025.0,11.0,21.0,noite,False,0,baixo,BR-259
732152.0,2025-11-16,domingo,00:15,ES,101.0,267.0,SERRA,Acessar a via sem observar a presença dos outros veículos,Colisão traseira,Com Vítimas Feridas,Plena Noite,Crescente,Céu Claro,Dupla,Reta,Sim,2.0,0.0,1.0,0.0,0.0,1.0,1.0,2.0,-20.22124525,-40.27041574,SPRF-ES,DEL02-ES,UOP01-DEL02-ES,2025-11-16 00:15:00,2025.0,11.0,0.0,madrugada,True,0,moderado,BR-101
732197.0,2025-11-16,domingo,00:10,ES,101.0,204.0,JOAO NEIVA,Estacionar ou parar em local proibido,Colisão frontal,Sem Vítimas,Pleno dia,Decrescente,Céu Claro,Simples,Reta,Sim,1.0,0.0,0.0,0.0,0.0,1.0,0.0,1.0,-19.75474809,-40.38023949,SPRF-ES,DEL02-ES,UOP01-DEL02-ES,2025-11-16 00:10:00,2025.0,11.0,0.0,madrugada,False,0,baixo,BR-101
732204.0,2025-11-16,domingo,07:10,ES,101.0,169.3,LINHARES,Acesso irregular,Colisão traseira,Com Vítimas Feridas,Pleno dia,Crescente,Céu Claro,Simples,Reta,Não,2.0,0.0,1.0,0.0,1.0,0.0,1.0,2.0,-19.5450986,-40.16495402,SPRF-ES,DEL04-ES,UOP01-DEL04-ES,2025-11-16 07:10:00,2025.0,11.0,7.0,manha,False,0,moderado,BR-101
732328.0,2025-11-16,domingo,18:45,ES,259.0,47.9,COLATINA,Transitar na contramão,Colisão frontal,Com Vítimas Fatais,Plena Noite,Crescente,Nublado,Simples,Curva,Não,3.0,2.0,0.0,0.0,1.0,0.0,0.0,2.0,-19.51958751,-40.59544553,SPRF-ES,DEL02-ES,UOP01-DEL02-ES,2025-11-16 18:45:00,2025.0,11.0,18.0,noite,False,1,fatal,BR-259
732462.0,2025-11-17,segunda,09:23,ES,101.0,256.0,SERRA,Acessar a via sem observar a presença dos outros veículos,Atropelamento de Pedestre,Com Vítimas Feridas,Pleno dia,Crescente,Nublado,Simples,Reta,Não,2.0,0.0,1.0,0.0,1.0,0.0,1.0,2.0,-20.12233268,-40.30568361,SPRF-ES,DEL02-ES,UOP01-DEL02-ES,2025-11-17 09:23:00,2025.0,11.0,9.0,manha,True,0,moderado,BR-101
732470.0,2025-11-17,segunda,10:10,ES,101.0,290.0,CARIACICA,Condutor deixou de manter distância do veículo da frente,Colisão traseira,Com Vítimas Feridas,Pleno dia,Decrescente,Nublado,Dupla,Reta,Não,3.0,0.0,0.0,2.0,1.0,0.0,2.0,2.0,-20.29184775,-40.39198017,SPRF-ES,DEL01-ES,UOP01-DEL01-ES,2025-11-17 10:10:00,2025.0,11.0,10.0,manha,True,1,grave,BR-101
732482.0,2025-11-17,segunda,12:43,ES,101.0,2.0,ICONHA,Demais falhas mecânicas ou elétricas,Colisão com objeto,Com Vítimas Feridas,Pleno dia,Crescente,Céu Claro,Dupla,Curva,Não,2.0,0.0,1.0,0.0,0.0,1.0,1.0,2.0,-20.81947295,-40.80411164,SPRF-ES,DEL03-ES,UOP02-DEL03-ES,2025-11-17 12:43:00,2025.0,11.0,12.0,tarde,False,0,moderado,BR-101
732490.0,2025-11-17,segunda,12:53,ES,101.0,265.0,SERRA,Manobra de mudança de faixa,Colisão lateral mesmo sentido,Com Vítimas Feridas,Pleno dia,Decrescente,Nublado,Múltipla,Reta,Sim,2.0,0.0,1.0,0.0,1.0,0.0,1.0,2.0,-20.182903,-40.266,SPRF-ES,DEL02-ES,UOP01-DEL02-ES,2025-11-17 12:53:00,2025.0,11.0,12.0,tarde,True,0,moderado,BR-101
732516.0,2025-11-17,segunda,14:40,ES,101.0,69.0,SAO MATEUS,Reação tardia ou ineficiente do condutor,Tombamento,Com Vítimas Feridas,Pleno dia,Crescente,Céu Claro,Simples,Reta,Sim,1.0,0.0,1.0,0.0,0.0,0.0,1.0,1.0,-18.736039,-39.860745,SPRF-ES,DEL04-ES,UOP02-DEL04-ES,2025-11-17 14:40:00,2025.0,11.0,14.0,tarde,False,0,moderado,BR-101
732549.0,2025-11-17,segunda,15:00,ES,101.0,277.0,SERRA,Reação tardia ou ineficiente do condutor,Colisão com objeto,Com Vítimas Feridas,Pleno dia,Decrescente,Céu Claro,Dupla,Reta,Não,2.0,0.0,1.0,0.0,0.0,1.0,1.0,1.0,-20.2169,-40.328888,SPRF-ES,DEL02-ES,UOP01-DEL02-ES,2025-11-17 15:00:00,2025.0,11.0,15.0,tarde,True,0,moderado,BR-101
732554.0,2025-11-17,segunda,18:01,ES,101.0,247.0,SERRA,Demais falhas mecânicas ou elétricas,Tombamento,Com Vítimas Feridas,Pleno dia,Decrescente,Céu Claro,Simples,Reta,Não,2.0,0.0,2.0,0.0,0.0,0.0,2.0,1.0,-20.0682195,-40.37198067,SPRF-ES,DEL02-ES,UOP01-DEL02-ES,2025-11-17 18:01:00,2025.0,11.0,18.0,noite,True,0,moderado,BR-101
732614.0,2025-11-17,segunda,21:30,ES,101.0,139.4,LINHARES,Acessar a via sem observar a presença dos outros veículos,Colisão lateral mesmo sentido,Com Vítimas Feridas,Plena Noite,Crescente,Céu Claro,Dupla,Reta;Interseção de Vias,Sim,3.0,0.0,1.0,0.0,1.0,1.0,1.0,3.0,-19.313519,-40.078498,SPRF-ES,DEL04-ES,UOP01-DEL04-ES,2025-11-17 21:30:00,2025.0,11.0,21.0,noite,False,0,moderado,BR-101
732715.0,2025-11-18,terca,11:30,ES,101.0,145.7,LINHARES,Acessar a via sem observar a presença dos outros veículos,Colisão lateral mesmo sentido,Com Vítimas Feridas,Pleno dia,Crescente,Céu Claro,Dupla,Interseção de Vias;Reta,Sim,2.0,0.0,0.0,1.0,1.0,0.0,1.0,2.0,-19.34708195,-40.06322734,SPRF-ES,DEL04-ES,UOP01-DEL04-ES,2025-11-18 11:30:00,2025.0,11.0,11.0,manha,False,1,grave,BR-101
732764.0,2025-11-18,terca,12:13,ES,101.0,145.8,LINHARES,Mal súbito do condutor,Queda de ocupante de veículo,Com Vítimas Feridas,Pleno dia,Crescente,Céu Claro,Dupla,Reta,Não,1.0,0.0,1.0,0.0,0.0,0.0,1.0,1.0,-19.37370606,-40.06581314,SPRF-ES,DEL04-ES,UOP01-DEL04-ES,2025-11-18 12:13:00,2025.0,11.0,12.0,tarde,False,0,moderado,BR-101
732906.0,2025-11-19,quarta,09:15,ES,101.0,299.8,VIANA,Ausência de reação do condutor,Colisão lateral sentido oposto,Com Vítimas Feridas,Pleno dia,Crescente,Céu Claro,Simples,Reta,Sim,3.0,0.0,2.0,0.0,1.0,0.0,2.0,2.0,-20.3573382,-40.4299421,SPRF-ES,DEL01-ES,UOP01-DEL01-ES,2025-11-19 09:15:00,2025.0,11.0,9.0,manha,True,0,moderado,BR-101
732920.0,2025-11-19,quarta,11:10,ES,262.0,92.0,DOMINGOS MARTINS,Condutor deixou de manter distância do veículo da frente,Colisão traseira,Com Vítimas Feridas,Pleno dia,Crescente,Céu Claro,Simples,Reta,Não,2.0,0.0,1.0,0.0,0.0,1.0,1.0,2.0,-20.379308,-41.040726,SPRF-ES,DEL01-ES,UOP02-DEL01-ES,2025-11-19 11:10:00,2025.0,11.0,11.0,manha,False,0,moderado,BR-262
732926.0,2025-11-19,quarta,12:00,ES,393.0,2.5,CACHOEIRO DE ITAPEMIRIM,Acessar a via sem observar a presença dos outros veículos,Colisão transversal,Com Vítimas Feridas,Pleno dia,Crescente,Sol,Simples,Reta;Interseção de Vias,Sim,2.0,0.0,0.0,1.0,1.0,0.0,1.0,2.0,-20.83218124,-41.17804527,SPRF-ES,DEL03-ES,UOP02-DEL03-ES,2025-11-19 12:00:00,2025.0,11.0,12.0,tarde,False,1,grave,BR-393
733042.0,2025-11-19,quarta,20:20,ES,262.0,49.0,MARECHAL FLORIANO,Reação tardia ou ineficiente do condutor,Saída de leito carroçável,Com Vítimas Feridas,Plena Noite,Crescente,Nublado,Simples,Reta,Não,1.0,0.0,1.0,0.0,0.0,0.0,1.0,1.0,-20.4121184,-40.70478559,SPRF-ES,DEL01-ES,UOP01-DEL01-ES,2025-11-19 20:20:00,2025.0,11.0,20.0,noite,False,0,moderado,BR-262
733118.0,2025-11-20,quinta,07:15,ES,101.0,276.0,SERRA,Reação tardia ou ineficiente do condutor,Colisão com objeto,Com Vítimas Feridas,Pleno dia,Crescente,Céu Claro,Dupla,Reta,Não,1.0,0.0,1.0,0.0,0.0,0.0,1.0,1.0,-20.0488699,-40.3866955,SPRF-ES,DEL02-ES,UOP01-DEL02-ES,2025-11-20 07:15:00,2025.0,11.0,7.0,manha,True,0,moderado,BR-101
733128.0,2025-11-20,quinta,07:15,ES,101.0,139.8,LINHARES,Ausência de reação do condutor,Saída de leito carroçável,Com Vítimas Feridas,Pleno dia,Decrescente,Céu Claro,Múltipla,Reta,Sim,1.0,0.0,1.0,0.0,0.0,0.0,1.0,1.0,-19.31680561,-40.07646223,SPRF-ES,DEL04-ES,UOP01-DEL04-ES,2025-11-20 07:15:00,2025.0,11.0,7.0,manha,False,0,moderado,BR-101
733137.0,2025-11-20,quinta,09:10,ES,259.0,84.0,BAIXO GUANDU,Reação tardia ou ineficiente do condutor,Colisão traseira,Com Vítimas Feridas,Pleno dia,Decrescente,Sol,Simples,Curva;Em Obras,Não,5.0,0.0,1.0,0.0,4.0,0.0,1.0,4.0,-19.50925604,-40.87246478,SPRF-ES,DEL02-ES,UOP01-DEL02-ES,2025-11-20 09:10:00,2025.0,11.0,9.0,manha,False,0,moderado,BR-259
733145.0,2025-11-20,quinta,08:40,ES,101.0,159.2,LINHARES,Mal súbito do condutor,Saída de leito carroçável,Com Vítimas Feridas,Pleno dia,Decrescente,Céu Claro,Simples,Interseção de Vias,Sim,1.0,0.0,1.0,0.0,0.0,0.0,1.0,1.0,-19.46992068,-40.111159,SPRF-ES,DEL04-ES,UOP01-DEL04-ES,2025-11-20 08:40:00,2025.0,11.0,8.0,manha,False,0,moderado,BR-101
733192.0,2025-11-20,quinta,14:45,ES,101.0,235.8,FUNDAO,Reação tardia ou ineficiente do condutor,Saída de leito carroçável,Com Vítimas Feridas,Pleno dia,Crescente,Sol,Simples,Curva,Não,1.0,0.0,0.0,1.0,0.0,0.0,1.0,1.0,-19.9821246,-40.4131256,SPRF-ES,DEL02-ES,UOP01-DEL02-ES,2025-11-20 14:45:00,2025.0,11.0,14.0,tarde,True,1,grave,BR-101
733227.0,2025-11-20,quinta,18:50,ES,101.0,5.0,SERRA,Reação tardia ou ineficiente do condutor,Colisão com objeto,Com Vítimas Feridas,Plena Noite,Crescente,Céu Claro,Dupla,Reta,Não,1.0,0.0,1.0,0.0,0.0,0.0,1.0,1.0,-20.09557398,-40.35487314,SPRF-ES,DEL04-ES,UOP02-DEL04-ES,2025-11-20 18:50:00,2025.0,11.0,18.0,noite,True,0,moderado,BR-101
733274.0,2025-11-20,quinta,21:35,ES,101.0,245.0,SERRA,Reação tardia ou ineficiente do condutor,Queda de ocupante de veículo,Com Vítimas Feridas,Plena Noite,Crescente,Nublado,Simples,Declive,Não,1.0,0.0,1.0,0.0,0.0,0.0,1.0,1.0,-20.04007795,-40.39273658,SPRF-ES,DEL02-ES,UOP01-DEL02-ES,2025-11-20 21:35:00,2025.0,11.0,21.0,noite,True,0,moderado,BR-101
733333.0,2025-11-21,sexta,06:45,ES,101.0,296.0,CARIACICA,Manobra de mudança de faixa,Colisão lateral mesmo sentido,Com Vítimas Feridas,Pleno dia,Crescente,Céu Claro,Dupla,Curva;Viaduto,Sim,2.0,0.0,0.0,1.0,1.0,0.0,1.0,2.0,-20.34336949,-40.40617252,SPRF-ES,DEL01-ES,UOP01-DEL01-ES,2025-11-21 06:45:00,2025.0,11.0,6.0,manha,True,1,grave,BR-101
733343.0,2025-11-21,sexta,07:15,ES,101.0,157.9,LINHARES,Ingestão de substâncias psicoativas pelo condutor,Colisão lateral mesmo sentido,Sem Vítimas,Pleno dia,Decrescente,Céu Claro,Dupla,Reta,Não,5.0,0.0,0.0,0.0,5.0,0.0,0.0,2.0,-19.46076496,-40.10477989,SPRF-ES,DEL04-ES,UOP01-DEL04-ES,2025-11-21 07:15:00,2025.0,11.0,7.0,manha,False,0,baixo,BR-101
733351.0,2025-11-21,sexta,08:00,ES,101.0,146.0,LINHARES,Acessar a via sem observar a presença dos outros veículos,Colisão lateral mesmo sentido,Com Vítimas Feridas,Pleno dia,Crescente,Céu Claro,Dupla,Reta,Sim,2.0,0.0,1.0,0.0,1.0,0.0,1.0,2.0,-19.3824921,-40.06725565,SPRF-ES,DEL04-ES,UOP01-DEL04-ES,2025-11-21 08:00:00,2025.0,11.0,8.0,manha,False,0,moderado,BR-101
733362.0,2025-11-21,sexta,05:50,ES,101.0,293.0,CARIACICA,Avarias e/ou desgaste excessivo no pneu,Tombamento,Com Vítimas Feridas,Amanhecer,Decrescente,Céu Claro,Múltipla,Reta,Sim,2.0,0.0,2.0,0.0,0.0,0.0,2.0,1.0,-20.31615636,-40.39581656,SPRF-ES,DEL01-ES,UOP01-DEL01-ES,2025-11-21 05:50:00,2025.0,11.0,5.0,madrugada,True,0,moderado,BR-101
733396.0,2025-11-21,sexta,12:52,ES,262.0,16.0,VIANA,Acessar a via sem observar a presença dos outros veículos,Colisão lateral mesmo sentido,Com Vítimas Feridas,Pleno dia,Crescente,Céu Claro,Simples,Reta,Sim,3.0,0.0,1.0,1.0,1.0,0.0,2.0,2.0,-20.3840281,-40.46566582,SPRF-ES,DEL01-ES,UOP01-DEL01-ES,2025-11-21 12:52:00,2025.0,11.0,12.0,tarde,True,1,grave,BR-262
733477.0,2025-11-21,sexta,21:00,ES,101.0,263.9,SERRA,Condutor desrespeitou a iluminação vermelha do semáforo,Atropelamento de Pedestre,Com Vítimas Feridas,Plena Noite,Decrescente,Nublado,Dupla,Interseção de Vias;Reta,Sim,2.0,0.0,1.0,0.0,0.0,1.0,1.0,2.0,-20.17303671,-40.26733875,SPRF-ES,DEL02-ES,UOP01-DEL02-ES,2025-11-21 21:00:00,2025.0,11.0,21.0,noite,True,0,moderado,BR-101
733482.0,2025-11-21,sexta,20:30,ES,101.0,147.0,LINHARES,Condutor desrespeitou a iluminação vermelha do semáforo,Colisão transversal,Com Vítimas Feridas,Plena Noite,Crescente,Nublado,Dupla,Interseção de Vias,Sim,3.0,0.0,0.0,2.0,1.0,0.0,2.0,2.0,-19.38149277,-40.06710498,SPRF-ES,DEL04-ES,UOP01-DEL04-ES,2025-11-21 20:30:00,2025.0,11.0,20.0,noite,False,1,grave,BR-101
733492.0,2025-11-21,sexta,21:50,ES,101.0,267.9,SERRA,Reação tardia ou ineficiente do condutor,Colisão traseira,Com Vítimas Feridas,Plena Noite,Crescente,Céu Claro,Múltipla,Reta,Sim,3.0,0.0,2.0,0.0,1.0,0.0,2.0,2.0,-20.207961,-40.269408,SPRF-ES,DEL02-ES,UOP01-DEL02-ES,2025-11-21 21:50:00,2025.0,11.0,21.0,noite,True,0,moderado,BR-101
733522.0,2025-11-22,sabado,00:20,ES,101.0,78.3,SAO MATEUS,Pedestre - Ingestão de álcool/ substâncias psicoativas,Atropelamento de Pedestre,Com Vítimas Fatais,Plena Noite,Crescente,Nublado,Simples,Reta;Declive,Não,2.0,1.0,0.0,0.0,0.0,1.0,0.0,2.0,-18.81721,-39.903538,SPRF-ES,DEL04-ES,UOP02-DEL04-ES,2025-11-22 00:20:00,2025.0,11.0,0.0,madrugada,False,1,fatal,BR-101
733554.0,2025-11-22,sabado,08:10,ES,101.0,271.0,SERRA,Semáforo com defeito,Colisão traseira,Com Vítimas Feridas,Pleno dia,Crescente,Céu Claro,Dupla,Reta;Interseção de Vias,Sim,3.0,0.0,1.0,0.0,2.0,0.0,1.0,2.0,-20.22986,-40.28137,SPRF-ES,DEL02-ES,UOP01-DEL02-ES,2025-11-22 08:10:00,2025.0,11.0,8.0,manha,True,0,moderado,BR-101
733608.0,2025-11-22,sabado,13:00,ES,262.0,106.4,VENDA NOVA DO IMIGRANTE,Acessar a via sem observar a presença dos outros veículos,Colisão transversal,Com Vítimas Feridas,Pleno dia,Crescente,Céu Claro,Simples,Reta,Sim,2.0,0.0,0.0,1.0,1.0,0.0,1.0,2.0,-20.328575,-41.150003,SPRF-ES,DEL01-ES,UOP02-DEL01-ES,2025-11-22 13:00:00,2025.0,11.0,13.0,tarde,False,1,grave,BR-262
733645.0,2025-11-22,sabado,16:45,ES,101.0,146.0,LINHARES,Manobra de mudança de faixa,Colisão lateral mesmo sentido,Com Vítimas Feridas,Pleno dia,Crescente,Céu Claro,Dupla,Interseção de Vias;Reta,Não,2.0,0.0,1.0,0.0,0.0,1.0,1.0,2.0,-19.375561,-40.066005,SPRF-ES,DEL04-ES,UOP01-DEL04-ES,2025-11-22 16:45:00,2025.0,11.0,16.0,tarde,False,0,moderado,BR-101
733728.0,2025-11-23,domingo,01:05,ES,101.0,293.7,CARIACICA,Condutor Dormindo,Colisão com objeto,Com Vítimas Feridas,Plena Noite,Crescente,Céu Claro,Múltipla,Reta,Não,1.0,0.0,1.0,0.0,0.0,0.0,1.0,1.0,-20.32144249,-40.39581506,SPRF-ES,DEL01-ES,UOP01-DEL01-ES,2025-11-23 01:05:00,2025.0,11.0,1.0,madrugada,True,0,moderado,BR-101
733792.0,2025-11-23,domingo,11:10,ES,101.0,371.0,ANCHIETA,Transitar na contramão,Colisão frontal,Com Vítimas Feridas,Pleno dia,Crescente,Céu Claro,Simples,Reta,Não,4.0,0.0,2.0,1.0,1.0,0.0,3.0,2.0,-20.77004744,-40.76938089,SPRF-ES,DEL03-ES,UOP01-DEL03-ES,2025-11-23 11:10:00,2025.0,11.0,11.0,manha,False,1,grave,BR-101
733839.0,2025-11-23,domingo,15:30,ES,101.0,138.5,LINHARES,Manobra de mudança de faixa,Colisão lateral mesmo sentido,Com Vítimas Feridas,Pleno dia,Decrescente,Céu Claro,Múltipla,Reta,Não,3.0,0.0,2.0,0.0,1.0,0.0,2.0,2.0,-19.30569333,-40.08199833,SPRF-ES,DEL04-ES,UOP01-DEL04-ES,2025-11-23 15:30:00,2025.0,11.0,15.0,tarde,False,0,moderado,BR-101
733849.0,2025-11-23,domingo,15:50,ES,101.0,281.4,SERRA,Reação tardia ou ineficiente do condutor,Colisão traseira,Com Vítimas Feridas,Pleno dia,Decrescente,Nublado,Dupla,Reta,Não,3.0,0.0,1.0,0.0,2.0,0.0,1.0,3.0,-20.22416662,-40.36014805,SPRF-ES,DEL02-ES,UOP01-DEL02-ES,2025-11-23 15:50:00,2025.0,11.0,15.0,tarde,True,0,moderado,BR-101
733869.0,2025-11-23,domingo,15:30,ES,262.0,38.0,DOMINGOS MARTINS,Ausência de reação do condutor,Queda de ocupante de veículo,Com Vítimas Feridas,Pleno dia,Decrescente,Sol,Simples,Reta,Não,1.0,0.0,1.0,0.0,0.0,0.0,1.0,1.0,-20.3814214,-40.618562,SPRF-ES,DEL01-ES,UOP01-DEL01-ES,2025-11-23 15:30:00,2025.0,11.0,15.0,tarde,False,0,moderado,BR-262
733941.0,2025-11-23,domingo,18:50,ES,101.0,262.0,SERRA,Condutor deixou de manter distância do veículo da frente,Colisão traseira,Com Vítimas Feridas,Plena Noite,Crescente,Céu Claro,Dupla,Reta,Sim,5.0,0.0,0.0,2.0,3.0,0.0,2.0,2.0,-20.12313859,-40.30983926,SPRF-ES,DEL02-ES,UOP01-DEL02-ES,2025-11-23 18:50:00,2025.0,11.0,18.0,noite,True,1,grave,BR-101
733956.0,2025-11-23,domingo,19:20,ES,101.0,28.3,PINHEIROS,Condutor deixou de manter distância do veículo da frente,Engavetamento,Com Vítimas Feridas,Plena Noite,Crescente,Chuva,Simples,Reta,Não,6.0,0.0,3.0,0.0,2.0,1.0,3.0,3.0,-18.39663268,-39.94000238,SPRF-ES,DEL04-ES,UOP02-DEL04-ES,2025-11-23 19:20:00,2025.0,11.0,19.0,noite,False,0,moderado,BR-101
733963.0,2025-11-23,domingo,20:30,ES,262.0,148.3,IBATIBA,Reação tardia ou ineficiente do condutor,Colisão com objeto,Com Vítimas Fatais,Plena Noite,Crescente,Chuva,Simples,Curva,Não,58.0,2.0,9.0,3.0,44.0,0.0,12.0,1.0,-20.21515,-41.42766,SPRF-ES,DEL01-ES,UOP02-DEL01-ES,2025-11-23 20:30:00,2025.0,11.0,20.0,noite,False,1,fatal,BR-262
733981.0,2025-11-23,domingo,22:30,ES,101.0,147.0,LINHARES,Manobra de mudança de faixa,Queda de ocupante de veículo,Com Vítimas Feridas,Plena Noite,Crescente,Céu Claro,Múltipla,Interseção de Vias;Reta,Sim,1.0,0.0,1.0,0.0,0.0,0.0,1.0,1.0,-19.37955252,-40.06659796,SPRF-ES,DEL04-ES,UOP01-DEL04-ES,2025-11-23 22:30:00,2025.0,11.0,22.0,noite,False,0,moderado,BR-101
734034.0,2025-11-24,segunda,06:25,ES,101.0,245.5,SERRA,Ultrapassagem Indevida,Colisão lateral mesmo sentido,Sem Vítimas,Amanhecer,Crescente,Nublado,Simples,Reta,Não,2.0,0.0,0.0,0.0,2.0,0.0,0.0,2.0,-20.0488473,-40.3867012,SPRF-ES,DEL02-ES,UOP01-DEL02-ES,2025-11-24 06:25:00,2025.0,11.0,6.0,manha,True,0,baixo,BR-101
734041.0,2025-11-24,segunda,06:40,ES,101.0,288.5,CARIACICA,Reação tardia ou ineficiente do condutor,Colisão lateral mesmo sentido,Com Vítimas Feridas,Pleno dia,Decrescente,Nublado,Dupla,Reta,Sim,3.0,0.0,1.0,0.0,2.0,0.0,1.0,2.0,-20.27485826,-40.39220095,SPRF-ES,DEL01-ES,UOP01-DEL01-ES,2025-11-24 06:40:00,2025.0,11.0,6.0,manha,True,0,moderado,BR-101
734072.0,2025-11-24,segunda,10:35,ES,101.0,202.1,JOAO NEIVA,Demais falhas mecânicas ou elétricas,Incêndio,Sem Vítimas,Pleno dia,Decrescente,Garoa/Chuvisco,Simples,Curva,Não,1.0,0.0,0.0,0.0,1.0,0.0,0.0,1.0,-19.74293535,-40.36508608,SPRF-ES,DEL04-ES,UOP01-DEL04-ES,2025-11-24 10:35:00,2025.0,11.0,10.0,manha,False,0,baixo,BR-101
734075.0,2025-11-04,terca,07:50,ES,101.0,270.5,SERRA,Trafegar com motocicleta (ou similar) entre as faixas,Colisão lateral mesmo sentido,Com Vítimas Feridas,Pleno dia,Crescente,Céu Claro,Múltipla,Reta,Sim,2.0,0.0,1.0,0.0,0.0,1.0,1.0,2.0,-20.22896003,-40.27210611,SPRF-ES,DEL02-ES,UOP01-DEL02-ES,2025-11-04 07:50:00,2025.0,11.0,7.0,manha,True,0,moderado,BR-101
734123.0,2025-10-11,sabado,06:00,ES,262.0,170.9,IBATIBA,Reação tardia ou ineficiente do condutor,Colisão traseira,Com Vítimas Feridas,Pleno dia,Decrescente,Céu Claro,Simples,Curva,Não,3.0,0.0,0.0,1.0,1.0,1.0,1.0,3.0,-20.26466186,-41.59061047,SPRF-ES,DEL01-ES,UOP02-DEL01-ES,2025-10-11 06:00:00,2025.0,10.0,6.0,manha,False,1,grave,BR-262
734127.0,2025-11-24,segunda,15:20,ES,259.0,94.5,BAIXO GUANDU,Ausência de reação do condutor,Colisão com objeto,Com Vítimas Feridas,Pleno dia,Crescente,Chuva,Simples,Reta,Não,1.0,0.0,1.0,0.0,0.0,0.0,1.0,1.0,-19.5057699,-40.957934,SPRF-ES,DEL02-ES,UOP01-DEL02-ES,2025-11-24 15:20:00,2025.0,11.0,15.0,tarde,False,0,moderado,BR-259
734183.0,2025-11-24,segunda,21:40,ES,101.0,294.0,CARIACICA,Velocidade Incompatível,Colisão com objeto,Com Vítimas Feridas,Plena Noite,Crescente,Chuva,Múltipla,Curva;Declive,Não,1.0,0.0,0.0,1.0,0.0,0.0,1.0,1.0,-20.32446078,-40.39551465,SPRF-ES,DEL01-ES,UOP01-DEL01-ES,2025-11-24 21:40:00,2025.0,11.0,21.0,noite,True,1,grave,BR-101
734271.0,2025-11-25,terca,10:39,ES,259.0,50.0,COLATINA,Conversão proibida,Colisão transversal,Com Vítimas Feridas,Pleno dia,Crescente,Céu Claro,Simples,Reta;Interseção de Vias,Não,3.0,0.0,3.0,0.0,0.0,0.0,3.0,2.0,-19.51219,-40.604095,SPRF-ES,DEL02-ES,UOP01-DEL02-ES,2025-11-25 10:39:00,2025.0,11.0,10.0,manha,False,0,moderado,BR-259
734306.0,2025-11-25,terca,15:10,ES,101.0,288.9,CARIACICA,Desrespeitar a preferência no cruzamento,Colisão transversal,Com Vítimas Feridas,Pleno dia,Decrescente,Nublado,Dupla,Reta;Retorno Regulamentado,Sim,2.0,0.0,1.0,0.0,1.0,0.0,1.0,2.0,-20.27910928,-40.39280987,SPRF-ES,DEL01-ES,UOP01-DEL01-ES,2025-11-25 15:10:00,2025.0,11.0,15.0,tarde,True,0,moderado,BR-101
734331.0,2025-11-25,terca,17:10,ES,259.0,50.5,COLATINA,Acessar a via sem observar a presença dos outros veículos,Tombamento,Com Vítimas Feridas,Pleno dia,Crescente,Céu Claro,Simples,Reta,Sim,1.0,0.0,0.0,1.0,0.0,0.0,1.0,1.0,-19.52905371,-40.68202972,SPRF-ES,DEL02-ES,UOP01-DEL02-ES,2025-11-25 17:10:00,2025.0,11.0,17.0,tarde,False,1,grave,BR-259
734350.0,2025-11-25,terca,18:30,ES,101.0,269.0,SERRA,Pedestre cruzava a pista fora da faixa,Atropelamento de Pedestre,Com Vítimas Feridas,Plena Noite,Crescente,Chuva,Múltipla,Reta,Sim,2.0,0.0,2.0,0.0,0.0,0.0,2.0,2.0,-20.21990742,-40.27025521,SPRF-ES,DEL02-ES,UOP01-DEL02-ES,2025-11-25 18:30:00,2025.0,11.0,18.0,noite,True,0,moderado,BR-101
734396.0,2025-11-26,quarta,03:20,ES,101.0,67.0,SAO MATEUS,Acessar a via sem observar a presença dos outros veículos,Atropelamento de Pedestre,Com Vítimas Fatais,Amanhecer,Decrescente,Nublado,Dupla,Reta,Sim,2.0,1.0,0.0,0.0,0.0,1.0,0.0,2.0,-18.71996333,-39.86631,SPRF-ES,DEL04-ES,UOP02-DEL04-ES,2025-11-26 03:20:00,2025.0,11.0,3.0,madrugada,False,1,fatal,BR-101
734406.0,2025-11-26,quarta,06:40,ES,101.0,278.6,SERRA,Trafegar com motocicleta (ou similar) entre as faixas,Colisão transversal,Com Vítimas Feridas,Pleno dia,Decrescente,Sol,Simples,Reta;Aclive,Não,2.0,0.0,0.0,1.0,1.0,0.0,1.0,2.0,-20.21775875,-40.3343353,SPRF-ES,DEL02-ES,UOP01-DEL02-ES,2025-11-26 06:40:00,2025.0,11.0,6.0,manha,True,1,grave,BR-101
734457.0,2025-11-26,quarta,09:35,ES,101.0,366.2,ANCHIETA,Demais falhas mecânicas ou elétricas,Tombamento,Com Vítimas Feridas,Pleno dia,Decrescente,Céu Claro,Simples,Curva,Não,2.0,0.0,0.0,2.0,0.0,0.0,2.0,1.0,-20.739455,-40.760676,SPRF-ES,DEL03-ES,UOP01-DEL03-ES,2025-11-26 09:35:00,2025.0,11.0,9.0,manha,False,1,grave,BR-101
734517.0,2025-11-26,quarta,18:09,ES,259.0,61.0,COLATINA,Acessar a via sem observar a presença dos outros veículos,Colisão transversal,Com Vítimas Feridas,Pleno dia,Crescente,Céu Claro,Simples,Reta,Não,3.0,0.0,1.0,0.0,1.0,1.0,1.0,2.0,-19.53223758,-40.68846524,SPRF-ES,DEL02-ES,UOP01-DEL02-ES,2025-11-26 18:09:00,2025.0,11.0,18.0,noite,False,0,moderado,BR-259
734545.0,2025-11-26,quarta,19:10,ES,101.0,356.8,ANCHIETA,Demais falhas mecânicas ou elétricas,Tombamento,Com Vítimas Feridas,Plena Noite,Decrescente,Nublado,Dupla,Reta,Não,1.0,0.0,0.0,1.0,0.0,0.0,1.0,1.0,-20.690916,-40.693678,SPRF-ES,DEL03-ES,UOP01-DEL03-ES,2025-11-26 19:10:00,2025.0,11.0,19.0,noite,False,1,grave,BR-101
734570.0,2025-11-26,quarta,20:30,ES,259.0,57.4,COLATINA,Ultrapassagem Indevida,Colisão lateral mesmo sentido,Com Vítimas Feridas,Plena Noite,Crescente,Céu Claro,Simples,Reta,Sim,2.0,0.0,0.0,1.0,0.0,1.0,1.0,2.0,-19.514704,-40.661239,SPRF-ES,DEL02-ES,UOP01-DEL02-ES,2025-11-26 20:30:00,2025.0,11.0,20.0,noite,False,1,grave,BR-259
734591.0,2025-11-27,quinta,01:30,ES,101.0,269.9,SERRA,Retorno proibido,Colisão transversal,Com Vítimas Feridas,Plena Noite,Decrescente,Céu Claro,Múltipla,Reta,Sim,3.0,0.0,2.0,0.0,1.0,0.0,2.0,2.0,-20.223609,-40.270345,SPRF-ES,DEL02-ES,UOP01-DEL02-ES,2025-11-27 01:30:00,2025.0,11.0,1.0,madrugada,True,0,moderado,BR-101
734603.0,2025-11-27,quinta,04:30,ES,262.0,101.0,VENDA NOVA DO IMIGRANTE,Falta de acostamento,Colisão com objeto,Sem Vítimas,Amanhecer,Decrescente,Nublado,Simples,Aclive;Curva,Não,1.0,0.0,0.0,0.0,1.0,0.0,0.0,1.0,-20.3409315,-41.1120281,SPRF-ES,DEL01-ES,UOP02-DEL01-ES,2025-11-27 04:30:00,2025.0,11.0,4.0,madrugada,False,0,baixo,BR-262
734620.0,2025-11-27,quinta,06:30,ES,262.0,39.9,DOMINGOS MARTINS,Condutor deixou de manter distância do veículo da frente,Colisão traseira,Com Vítimas Feridas,Pleno dia,Crescente,Sol,Simples,Curva,Não,3.0,0.0,2.0,0.0,1.0,0.0,2.0,3.0,-20.38403976,-40.63580843,SPRF-ES,DEL01-ES,UOP01-DEL01-ES,2025-11-27 06:30:00,2025.0,11.0,6.0,manha,False,0,moderado,BR-262
734645.0,2025-11-01,sabado,14:30,ES,101.0,159.0,LINHARES,Acessar a via sem observar a presença dos outros veículos,Colisão transversal,Com Vítimas Feridas,Pleno dia,Decrescente,Céu Claro,Simples,Curva,Não,7.0,0.0,2.0,3.0,2.0,0.0,5.0,2.0,-19.469738,-40.0,SPRF-ES,DEL04-ES,UOP01-DEL04-ES,2025-11-01 14:30:00,2025.0,11.0,14.0,tarde,False,1,grave,BR-101
734796.0,2025-11-27,quinta,23:50,ES,262.0,151.0,IBATIBA,Transitar na contramão,Colisão frontal,Com Vítimas Fatais,Plena Noite,Decrescente,Céu Claro,Simples,Declive;Curva,Não,2.0,1.0,0.0,0.0,1.0,0.0,0.0,2.0,-20.21514,-41.45,SPRF-ES,DEL01-ES,UOP02-DEL01-ES,2025-11-27 23:50:00,2025.0,11.0,23.0,noite,False,1,fatal,BR-262
734844.0,2025-11-28,sexta,07:57,ES,101.0,289.1,CARIACICA,Acessar a via sem observar a presença dos outros veículos,Colisão transversal,Com Vítimas Feridas,Pleno dia,Decrescente,Céu Claro,Dupla,Retorno Regulamentado,Não,2.0,0.0,0.0,1.0,1.0,0.0,1.0,2.0,-20.27909698,-40.39274502,SPRF-ES,DEL01-ES,UOP01-DEL01-ES,2025-11-28 07:57:00,2025.0,11.0,7.0,manha,True,1,grave,BR-101
734852.0,2025-11-28,sexta,07:10,ES,262.0,72.0,MARECHAL FLORIANO,Reação tardia ou ineficiente do condutor,Saída de leito carroçável,Com Vítimas Feridas,Pleno dia,Crescente,Céu Claro,Simples,Reta,Não,1.0,0.0,1.0,0.0,0.0,0.0,1.0,1.0,-20.419967,-40.87724,SPRF-ES,DEL01-ES,UOP02-DEL01-ES,2025-11-28 07:10:00,2025.0,11.0,7.0,manha,False,0,moderado,BR-262
734874.0,2025-11-28,sexta,09:40,ES,101.0,125.2,SOORETAMA,Ingestão de álcool pelo condutor,Colisão traseira,Sem Vítimas,Pleno dia,Decrescente,Nublado,Múltipla,Declive;Reta,Sim,2.0,0.0,0.0,0.0,2.0,0.0,0.0,2.0,-19.18799409,-40.09440224,SPRF-ES,DEL04-ES,UOP01-DEL04-ES,2025-11-28 09:40:00,2025.0,11.0,9.0,manha,False,0,baixo,BR-101
734887.0,2025-11-28,sexta,11:45,ES,101.0,300.1,VIANA,Transitar no Acostamento,Colisão lateral sentido oposto,Com Vítimas Feridas,Pleno dia,Decrescente,Céu Claro,Dupla,Reta,Sim,3.0,0.0,1.0,0.0,1.0,1.0,1.0,3.0,-20.3585693,-40.43207693,SPRF-ES,DEL01-ES,UOP01-DEL01-ES,2025-11-28 11:45:00,2025.0,11.0,11.0,manha,True,0,moderado,BR-101
734902.0,2025-11-12,quarta,12:00,ES,101.0,268.0,SERRA,Reação tardia ou ineficiente do condutor,Colisão traseira,Com Vítimas Feridas,Pleno dia,Crescente,Céu Claro,Dupla,Reta,Sim,2.0,0.0,1.0,0.0,1.0,0.0,1.0,2.0,-20.208733,-40.269764,SPRF-ES,DEL02-ES,UOP01-DEL02-ES,2025-11-12 12:00:00,2025.0,11.0,12.0,tarde,True,0,moderado,BR-101
734984.0,2025-11-28,sexta,18:29,ES,101.0,284.1,CARIACICA,Trafegar com motocicleta (ou similar) entre as faixas,Colisão lateral mesmo sentido,Com Vítimas Feridas,Plena Noite,Crescente,Céu Claro,Dupla,Reta,Não,2.0,0.0,0.0,1.0,1.0,0.0,1.0,2.0,-20.243704,-40.369835,SPRF-ES,DEL01-ES,UOP01-DEL01-ES,2025-11-28 18:29:00,2025.0,11.0,18.0,noite,True,1,grave,BR-101
735056.0,2025-11-29,sabado,01:15,ES,101.0,266.0,SERRA,Condutor Dormindo,Colisão com objeto,Com Vítimas Feridas,Plena Noite,Crescente,Céu Claro,Dupla,Reta,Não,1.0,0.0,1.0,0.0,0.0,0.0,1.0,1.0,-20.195,-40.269,SPRF-ES,DEL02-ES,UOP01-DEL02-ES,2025-11-29 01:15:00,2025.0,11.0,1.0,madrugada,True,0,moderado,BR-101
735061.0,2025-11-29,sabado,02:01,ES,101.0,65.5,SAO MATEUS,Ausência de reação do condutor,Colisão traseira,Com Vítimas Feridas,Plena Noite,Decrescente,Céu Claro,Dupla,Retorno Regulamentado,Sim,3.0,0.0,1.0,0.0,2.0,0.0,1.0,2.0,-18.7172594,-39.8738189,SPRF-ES,DEL04-ES,UOP02-DEL04-ES,2025-11-29 02:01:00,2025.0,11.0,2.0,madrugada,False,0,moderado,BR-101
735093.0,2025-11-29,sabado,03:15,ES,262.0,159.0,IBATIBA,Transitar na contramão,Colisão frontal,Com Vítimas Feridas,Plena Noite,Crescente,Céu Claro,Simples,Reta,Sim,2.0,0.0,0.0,1.0,0.0,1.0,1.0,2.0,-20.233393,-41.505175,SPRF-ES,DEL01-ES,UOP02-DEL01-ES,2025-11-29 03:15:00,2025.0,11.0,3.0,madrugada,False,1,grave,BR-262
735131.0,2025-11-29,sabado,10:00,ES,101.0,268.0,SERRA,Avarias e/ou desgaste excessivo no pneu,Tombamento,Com Vítimas Feridas,Pleno dia,Crescente,Céu Claro,Múltipla,Reta,Sim,2.0,0.0,2.0,0.0,0.0,0.0,2.0,1.0,-20.215477,-40.26965,SPRF-ES,DEL02-ES,UOP01-DEL02-ES,2025-11-29 10:00:00,2025.0,11.0,10.0,manha,True,0,moderado,BR-101
735175.0,2025-11-29,sabado,12:40,ES,101.0,241.0,SERRA,Frear bruscamente,Colisão com objeto,Com Vítimas Feridas,Pleno dia,Crescente,Céu Claro,Simples,Reta,Não,2.0,0.0,1.0,0.0,1.0,0.0,1.0,1.0,-20.03502428,-40.39516926,SPRF-ES,DEL02-ES,UOP01-DEL02-ES,2025-11-29 12:40:00,2025.0,11.0,12.0,tarde,True,0,moderado,BR-101
735193.0,2025-11-29,sabado,12:00,ES,101.0,264.5,SERRA,Condutor desrespeitou a iluminação vermelha do semáforo,Colisão transversal,Com Vítimas Feridas,Pleno dia,Decrescente,Céu Claro,Múltipla,Interseção de Vias,Sim,3.0,0.0,1.0,0.0,1.0,1.0,1.0,2.0,-20.17856647,-40.26523501,SPRF-ES,DEL02-ES,UOP01-DEL02-ES,2025-11-29 12:00:00,2025.0,11.0,12.0,tarde,True,0,moderado,BR-101
735207.0,2025-11-29,sabado,14:45,ES,101.0,68.9,SAO MATEUS,Ingestão de álcool pelo condutor,Saída de leito carroçável,Com Vítimas Feridas,Pleno dia,Decrescente,Nublado,Simples,Reta;Declive,Não,1.0,0.0,0.0,1.0,0.0,0.0,1.0,1.0,-18.73137949,-39.86028671,SPRF-ES,DEL04-ES,UOP02-DEL04-ES,2025-11-29 14:45:00,2025.0,11.0,14.0,tarde,False,1,grave,BR-101
735234.0,2025-11-29,sabado,17:00,ES,262.0,43.8,DOMINGOS MARTINS,Acessar a via sem observar a presença dos outros veículos,Colisão transversal,Com Vítimas Feridas,Pleno dia,Crescente,Nublado,Simples,Reta,Não,2.0,0.0,0.0,1.0,1.0,0.0,1.0,2.0,-20.38774765,-40.66826174,SPRF-ES,DEL01-ES,UOP01-DEL01-ES,2025-11-29 17:00:00,2025.0,11.0,17.0,tarde,False,1,grave,BR-262
735238.0,2025-11-29,sabado,15:00,ES,259.0,52.0,COLATINA,Pista Escorregadia,Tombamento,Com Vítimas Feridas,Pleno dia,Crescente,Céu Claro,Simples,Reta,Sim,2.0,0.0,2.0,0.0,0.0,0.0,2.0,1.0,-19.49735739,-40.64373494,SPRF-ES,DEL02-ES,UOP01-DEL02-ES,2025-11-29 15:00:00,2025.0,11.0,15.0,tarde,False,0,moderado,BR-259
735248.0,2025-11-29,sabado,18:30,ES,101.0,338.9,GUARAPARI,Reação tardia ou ineficiente do condutor,Tombamento,Com Vítimas Feridas,Plena Noite,Crescente,Céu Claro,Dupla,Curva,Não,1.0,0.0,1.0,0.0,0.0,0.0,1.0,1.0,-20.643601,-40.557605,SPRF-ES,DEL03-ES,UOP01-DEL03-ES,2025-11-29 18:30:00,2025.0,11.0,18.0,noite,True,0,moderado,BR-101
735287.0,2025-11-29,sabado,20:00,ES,259.0,21.0,JOAO NEIVA,Transitar na contramão,Colisão frontal,Com Vítimas Feridas,Plena Noite,Decrescente,Nublado,Simples,Curva;Aclive,Não,2.0,0.0,0.0,1.0,1.0,0.0,1.0,2.0,-19.64397,-40.464147,SPRF-ES,DEL02-ES,UOP01-DEL02-ES,2025-11-29 20:00:00,2025.0,11.0,20.0,noite,False,1,grave,BR-259
735351.0,2025-11-30,domingo,00:56,ES,262.0,25.0,VIANA,Ausência de reação do condutor,Colisão com objeto,Sem Vítimas,Plena Noite,Decrescente,Nublado,Simples,Reta,Não,1.0,0.0,0.0,0.0,0.0,1.0,0.0,1.0,-20.37982037,-40.53944048,SPRF-ES,DEL01-ES,UOP01-DEL01-ES,2025-11-30 00:56:00,2025.0,11.0,0.0,madrugada,True,0,baixo,BR-262
735452.0,2025-11-30,domingo,14:30,ES,101.0,301.9,VIANA,Transitar na contramão,Colisão transversal,Com Vítimas Feridas,Pleno dia,Crescente,Céu Claro,Dupla,Interseção de Vias;Viaduto;Retorno Regulamentado,Sim,2.0,0.0,1.0,0.0,1.0,0.0,1.0,2.0,-20.36915421,-40.44419241,SPRF-ES,DEL01-ES,UOP01-DEL01-ES,2025-11-30 14:30:00,2025.0,11.0,14.0,tarde,True,0,moderado,BR-101
735461.0,2025-11-30,domingo,15:25,ES,101.0,115.0,LINHARES,Condutor Dormindo,Colisão lateral sentido oposto,Com Vítimas Feridas,Pleno dia,Crescente,Céu Claro,Simples,Aclive;Reta,Não,2.0,0.0,1.0,0.0,1.0,0.0,1.0,2.0,-19.14168157,-40.06400585,SPRF-ES,DEL04-ES,UOP01-DEL04-ES,2025-11-30 15:25:00,2025.0,11.0,15.0,tarde,False,0,moderado,BR-101
735471.0,2025-11-30,domingo,16:20,ES,101.0,304.0,VIANA,Ausência de reação do condutor,Colisão traseira,Com Vítimas Feridas,Pleno dia,Decrescente,Céu Claro,Dupla,Reta,Não,3.0,0.0,1.0,0.0,2.0,0.0,1.0,3.0,-20.38281969,-40.45924783,SPRF-ES,DEL01-ES,UOP01-DEL01-ES,2025-11-30 16:20:00,2025.0,11.0,16.0,tarde,True,0,moderado,BR-101
735526.0,2025-11-30,domingo,19:31,ES,101.0,268.8,SERRA,Condutor desrespeitou a iluminação vermelha do semáforo,Colisão transversal,Com Vítimas Feridas,Plena Noite,Decrescente,Céu Claro,Dupla,Interseção de Vias;Reta,Sim,3.0,0.0,1.0,0.0,0.0,2.0,1.0,2.0,-20.22178,-40.27003,SPRF-ES,DEL02-ES,UOP01-DEL02-ES,2025-11-30 19:31:00,2025.0,11.0,19.0,noite,True,0,moderado,BR-101
735573.0,2025-11-30,domingo,22:10,ES,262.0,106.2,VENDA NOVA DO IMIGRANTE,Condutor deixou de manter distância do veículo da frente,Colisão traseira,Com Vítimas Feridas,Plena Noite,Decrescente,Nublado,Simples,Aclive;Reta,Não,4.0,0.0,3.0,1.0,0.0,0.0,4.0,3.0,-20.32806,-41.148948,SPRF-ES,DEL01-ES,UOP02-DEL01-ES,2025-11-30 22:10:00,2025.0,11.0,22.0,noite,False,1,grave,BR-262
735617.0,2025-12-01,segunda,06:25,ES,101.0,448.0,MIMOSO DO SUL,Acessar a via sem observar a presença dos outros veículos,Colisão transversal,Com Vítimas Feridas,Amanhecer,Crescente,Céu Claro,Simples,Declive;Interseção de Vias,Sim,2.0,0.0,1.0,0.0,1.0,0.0,1.0,2.0,-21.13094177,-41.28044128,SPRF-ES,DEL03-ES,UOP02-DEL03-ES,2025-12-01 06:25:00,2025.0,12.0,6.0,manha,False,0,moderado,BR-101
735623.0,2025-12-01,segunda,06:40,ES,101.0,297.0,VIANA,Animais na Pista,Tombamento,Com Vítimas Feridas,Pleno dia,Crescente,Céu Claro,Múltipla,Reta,Sim,2.0,0.0,1.0,0.0,1.0,0.0,1.0,1.0,-20.34947557,-40.41257501,SPRF-ES,DEL01-ES,UOP01-DEL01-ES,2025-12-01 06:40:00,2025.0,12.0,6.0,manha,True,0,moderado,BR-101
735657.0,2025-12-01,segunda,09:20,ES,101.0,268.5,SERRA,Manobra de mudança de faixa,Colisão lateral mesmo sentido,Com Vítimas Feridas,Pleno dia,Decrescente,Sol,Dupla,Reta,Sim,2.0,0.0,1.0,0.0,1.0,0.0,1.0,2.0,-20.212882,-40.269644,SPRF-ES,DEL02-ES,UOP01-DEL02-ES,2025-12-01 09:20:00,2025.0,12.0,9.0,manha,True,0,moderado,BR-101
735764.0,2025-12-01,segunda,18:50,ES,101.0,296.0,CARIACICA,Trafegar com motocicleta (ou similar) entre as faixas,Colisão traseira,Com Vítimas Feridas,Plena Noite,Decrescente,Céu Claro,Múltipla,Interseção de Vias,Sim,2.0,0.0,1.0,0.0,1.0,0.0,1.0,2.0,-20.340234,-40.40419579,SPRF-ES,DEL01-ES,UOP01-DEL01-ES,2025-12-01 18:50:00,2025.0,12.0,18.0,noite,True,0,moderado,BR-101
735768.0,2025-12-01,segunda,19:01,ES,101.0,148.3,LINHARES,Condutor deixou de manter distância do veículo da frente,Colisão traseira,Com Vítimas Feridas,Plena Noite,Decrescente,Céu Claro,Dupla,Reta,Sim,2.0,0.0,1.0,0.0,1.0,0.0,1.0,2.0,-19.3921858,-40.0665988,SPRF-ES,DEL04-ES,UOP01-DEL04-ES,2025-12-01 19:01:00,2025.0,12.0,19.0,noite,False,0,moderado,BR-101
735788.0,2025-12-01,segunda,19:20,ES,101.0,148.7,LINHARES,Condutor desrespeitou a iluminação vermelha do semáforo,Colisão transversal,Com Vítimas Feridas,Plena Noite,Decrescente,Céu Claro,Múltipla,Reta;Interseção de Vias,Sim,3.0,0.0,1.0,2.0,0.0,0.0,3.0,2.0,-19.3946382,-40.0653978,SPRF-ES,DEL04-ES,UOP01-DEL04-ES,2025-12-01 19:20:00,2025.0,12.0,19.0,noite,False,1,grave,BR-101
735905.0,2025-12-02,terca,12:00,ES,101.0,289.9,CARIACICA,Demais falhas na via,Colisão transversal,Com Vítimas Feridas,Pleno dia,Crescente,Céu Claro,Dupla,Reta;Retorno Regulamentado,Não,3.0,0.0,1.0,0.0,0.0,2.0,1.0,3.0,-20.29580478,-40.39365856,SPRF-ES,DEL01-ES,UOP01-DEL01-ES,2025-12-02 12:00:00,2025.0,12.0,12.0,tarde,True,0,moderado,BR-101
735916.0,2025-12-02,terca,13:00,ES,101.0,260.0,SERRA,Manobra de mudança de faixa,Colisão traseira,Com Vítimas Feridas,Pleno dia,Decrescente,Céu Claro,Dupla,Reta;Aclive,Não,2.0,0.0,1.0,0.0,1.0,0.0,1.0,2.0,-20.1696543,-40.26997107,SPRF-ES,DEL02-ES,UOP01-DEL02-ES,2025-12-02 13:00:00,2025.0,12.0,13.0,tarde,True,0,moderado,BR-101
735979.0,2025-12-02,terca,18:50,ES,101.0,267.1,SERRA,Manobra de mudança de faixa,Colisão lateral mesmo sentido,Com Vítimas Feridas,Plena Noite,Crescente,Céu Claro,Múltipla,Reta,Sim,3.0,0.0,1.0,1.0,1.0,0.0,2.0,2.0,-20.2013021,-40.2688101,SPRF-ES,DEL02-ES,UOP01-DEL02-ES,2025-12-02 18:50:00,2025.0,12.0,18.0,noite,True,1,grave,BR-101
735998.0,2025-12-02,terca,20:00,ES,101.0,186.5,ARACRUZ,Demais falhas mecânicas ou elétricas,Saída de leito carroçável,Sem Vítimas,Plena Noite,Decrescente,Céu Claro,Simples,Curva;Aclive,Não,1.0,0.0,0.0,0.0,0.0,1.0,0.0,1.0,-19.66483023,-40.24905866,SPRF-ES,DEL04-ES,UOP01-DEL04-ES,2025-12-02 20:00:00,2025.0,12.0,20.0,noite,False,0,baixo,BR-101
736062.0,2025-12-03,quarta,09:20,ES,101.0,265.2,SERRA,Transitar na contramão,Colisão frontal,Com Vítimas Feridas,Pleno dia,Decrescente,Céu Claro,Múltipla,Aclive;Reta,Sim,2.0,0.0,0.0,1.0,1.0,0.0,1.0,2.0,-20.1841415,-40.26664853,SPRF-ES,DEL02-ES,UOP01-DEL02-ES,2025-12-03 09:20:00,2025.0,12.0,9.0,manha,True,1,grave,BR-101
736104.0,2025-12-03,quarta,13:15,ES,262.0,19.5,VIANA,Ausência de reação do condutor,Colisão traseira,Com Vítimas Feridas,Pleno dia,Decrescente,Nublado,Simples,Reta,Sim,2.0,0.0,1.0,0.0,1.0,0.0,1.0,2.0,-20.39189406,-40.49034834,SPRF-ES,DEL01-ES,UOP01-DEL01-ES,2025-12-03 13:15:00,2025.0,12.0,13.0,tarde,True,0,moderado,BR-262
736105.0,2025-10-09,quinta,18:16,ES,101.0,289.1,CARIACICA,Reação tardia ou ineficiente do condutor,Queda de ocupante de veículo,Com Vítimas Feridas,Plena Noite,Crescente,Garoa/Chuvisco,Dupla,Declive;Curva,Sim,2.0,0.0,2.0,0.0,0.0,0.0,2.0,1.0,-20.281178,-40.393028,SPRF-ES,DEL01-ES,UOP01-DEL01-ES,2025-10-09 18:16:00,2025.0,10.0,18.0,noite,True,0,moderado,BR-101
736151.0,2025-12-03,quarta,16:30,ES,101.0,297.9,VIANA,Condutor deixou de manter distância do veículo da frente,Colisão lateral mesmo sentido,Com Vítimas Feridas,Pleno dia,Decrescente,Nublado,Dupla,Reta,Sim,2.0,0.0,1.0,0.0,1.0,0.0,1.0,2.0,-20.35170871,-40.41286469,SPRF-ES,DEL01-ES,UOP01-DEL01-ES,2025-12-03 16:30:00,2025.0,12.0,16.0,tarde,True,0,moderado,BR-101
736198.0,2025-12-03,quarta,19:00,ES,101.0,294.0,CARIACICA,Pista Escorregadia,Tombamento,Com Vítimas Feridas,Plena Noite,Crescente,Chuva,Dupla,Reta,Sim,1.0,0.0,1.0,0.0,0.0,0.0,1.0,1.0,-20.32960171,-40.39912271,SPRF-ES,DEL01-ES,UOP01-DEL01-ES,2025-12-03 19:00:00,2025.0,12.0,19.0,noite,True,0,moderado,BR-101
736209.0,2025-12-03,quarta,20:10,ES,393.0,2.0,CACHOEIRO DE ITAPEMIRIM,Condutor deixou de manter distância do veículo da frente,Colisão traseira,Com Vítimas Feridas,Plena Noite,Crescente,Chuva,Simples,Reta,Sim,2.0,0.0,1.0,0.0,0.0,1.0,1.0,2.0,-20.83252672,-41.17617695,SPRF-ES,DEL03-ES,UOP02-DEL03-ES,2025-12-03 20:10:00,2025.0,12.0,20.0,noite,False,0,moderado,BR-393
736266.0,2025-12-04,quinta,06:10,ES,101.0,270.5,SERRA,Reação tardia ou ineficiente do condutor,Tombamento,Com Vítimas Feridas,Pleno dia,Crescente,Céu Claro,Múltipla,Reta,Não,1.0,0.0,1.0,0.0,0.0,0.0,1.0,1.0,-20.2212404,-40.27022158,SPRF-ES,DEL02-ES,UOP01-DEL02-ES,2025-12-04 06:10:00,2025.0,12.0,6.0,manha,True,0,moderado,BR-101
736420.0,2025-12-04,quinta,18:40,ES,101.0,125.8,SOORETAMA,Ausência de reação do condutor,Atropelamento de Pedestre,Com Vítimas Feridas,Plena Noite,Crescente,Chuva,Dupla,Reta,Sim,2.0,0.0,0.0,1.0,1.0,0.0,1.0,2.0,-19.20105214,-40.09592414,SPRF-ES,DEL04-ES,UOP01-DEL04-ES,2025-12-04 18:40:00,2025.0,12.0,18.0,noite,False,1,grave,BR-101
736491.0,2025-12-05,sexta,07:08,ES,262.0,47.0,MARECHAL FLORIANO,Reação tardia ou ineficiente do condutor,Saída de leito carroçável,Com Vítimas Feridas,Pleno dia,Crescente,Garoa/Chuvisco,Simples,Reta,Não,1.0,0.0,0.0,1.0,0.0,0.0,1.0,1.0,-20.4120777,-40.68847004,SPRF-ES,DEL01-ES,UOP01-DEL01-ES,2025-12-05 07:08:00,2025.0,12.0,7.0,manha,False,1,grave,BR-262
736548.0,2025-12-05,sexta,08:30,ES,101.0,290.0,CARIACICA,Manobra de mudança de faixa,Colisão lateral mesmo sentido,Com Vítimas Feridas,Pleno dia,Decrescente,Céu Claro,Dupla,Reta,Sim,2.0,0.0,1.0,0.0,0.0,1.0,1.0,2.0,-20.29561359,-40.3936014,SPRF-ES,DEL01-ES,UOP01-DEL01-ES,2025-12-05 08:30:00,2025.0,12.0,8.0,manha,True,0,moderado,BR-101
736613.0,2025-12-05,sexta,16:26,ES,101.0,270.0,SERRA,Entrada inopinada do pedestre,Atropelamento de Pedestre,Com Vítimas Feridas,Pleno dia,Crescente,Céu Claro,Dupla,Reta,Não,2.0,0.0,1.0,0.0,1.0,0.0,1.0,2.0,-20.2179094,-40.35273671,SPRF-ES,DEL02-ES,UOP01-DEL02-ES,2025-12-05 16:26:00,2025.0,12.0,16.0,tarde,True,0,moderado,BR-101
736807.0,2025-12-06,sabado,11:04,ES,259.0,56.0,COLATINA,Demais falhas mecânicas ou elétricas,Queda de ocupante de veículo,Com Vítimas Feridas,Pleno dia,Crescente,Céu Claro,Simples,Reta,Não,1.0,0.0,1.0,0.0,0.0,0.0,1.0,1.0,-19.49728877,-40.64565003,SPRF-ES,DEL02-ES,UOP01-DEL02-ES,2025-12-06 11:04:00,2025.0,12.0,11.0,manha,False,0,moderado,BR-259
736809.0,2025-12-06,sabado,11:40,ES,101.0,298.4,VIANA,Ausência de reação do condutor,Tombamento,Com Vítimas Feridas,Pleno dia,Decrescente,Céu Claro,Múltipla,Reta,Sim,1.0,0.0,1.0,0.0,0.0,0.0,1.0,1.0,-20.35572412,-40.41733788,SPRF-ES,DEL01-ES,UOP01-DEL01-ES,2025-12-06 11:40:00,2025.0,12.0,11.0,manha,True,0,moderado,BR-101
736871.0,2025-12-06,sabado,10:40,ES,101.0,65.9,SAO MATEUS,Demais falhas mecânicas ou elétricas,Colisão traseira,Com Vítimas Feridas,Pleno dia,Crescente,Garoa/Chuvisco,Múltipla,Reta,Sim,2.0,0.0,1.0,0.0,1.0,0.0,1.0,2.0,-18.716065,-39.87591,SPRF-ES,DEL04-ES,UOP02-DEL04-ES,2025-12-06 10:40:00,2025.0,12.0,10.0,manha,False,0,moderado,BR-101
736876.0,2025-12-06,sabado,16:30,ES,101.0,145.9,LINHARES,Ingestão de álcool pelo condutor,Colisão traseira,Sem Vítimas,Pleno dia,Crescente,Chuva,Múltipla,Reta;Declive,Sim,4.0,0.0,0.0,0.0,4.0,0.0,0.0,3.0,-19.39664287,-40.06435848,SPRF-ES,DEL04-ES,UOP01-DEL04-ES,2025-12-06 16:30:00,2025.0,12.0,16.0,tarde,False,0,baixo,BR-101
736877.0,2025-12-06,sabado,16:40,ES,101.0,148.1,LINHARES,Demais falhas mecânicas ou elétricas,Colisão com objeto,Sem Vítimas,Pleno dia,Decrescente,Nublado,Dupla,Reta,Sim,1.0,0.0,0.0,0.0,1.0,0.0,0.0,1.0,-19.37338,-40.0688415,SPRF-ES,DEL04-ES,UOP01-DEL04-ES,2025-12-06 16:40:00,2025.0,12.0,16.0,tarde,False,0,baixo,BR-101
736931.0,2025-12-06,sabado,21:30,ES,393.0,0.3,CACHOEIRO DE ITAPEMIRIM,Ultrapassagem Indevida,Colisão transversal,Com Vítimas Feridas,Plena Noite,Crescente,Nublado,Simples,Reta,Sim,2.0,0.0,0.0,1.0,1.0,0.0,1.0,2.0,-20.78944784,-41.12659454,SPRF-ES,DEL03-ES,UOP02-DEL03-ES,2025-12-06 21:30:00,2025.0,12.0,21.0,noite,False,1,grave,BR-393
736984.0,2025-12-07,domingo,04:30,ES,101.0,427.1,ATILIO VIVACQUA,Condutor Dormindo,Saída de leito carroçável,Com Vítimas Feridas,Pleno dia,Crescente,Nublado,Simples,Curva,Não,2.0,0.0,1.0,1.0,0.0,0.0,2.0,1.0,-21.01260914,-41.14742982,SPRF-ES,DEL03-ES,UOP02-DEL03-ES,2025-12-07 04:30:00,2025.0,12.0,4.0,madrugada,False,1,grave,BR-101
737028.0,2025-12-07,domingo,08:55,ES,259.0,59.0,COLATINA,Condutor deixou de manter distância do veículo da frente,Colisão traseira,Com Vítimas Feridas,Pleno dia,Crescente,Nublado,Simples,Reta,Não,2.0,0.0,1.0,0.0,1.0,0.0,1.0,2.0,-19.524694,-40.67323,SPRF-ES,DEL02-ES,UOP01-DEL02-ES,2025-12-07 08:55:00,2025.0,12.0,8.0,manha,False,0,moderado,BR-259
737030.0,2025-12-07,domingo,09:01,ES,101.0,210.0,IBIRACU,Transitar na contramão,Colisão frontal,Com Vítimas Feridas,Pleno dia,Crescente,Céu Claro,Simples,Curva,Não,6.0,0.0,3.0,2.0,1.0,0.0,5.0,3.0,-19.801623,-40.36817,SPRF-ES,DEL02-ES,UOP01-DEL02-ES,2025-12-07 09:01:00,2025.0,12.0,9.0,manha,False,1,grave,BR-101
737110.0,2025-12-07,domingo,14:20,ES,262.0,102.0,VENDA NOVA DO IMIGRANTE,Reação tardia ou ineficiente do condutor,Tombamento,Com Vítimas Feridas,Pleno dia,Crescente,Nublado,Simples,Curva,Não,1.0,0.0,1.0,0.0,0.0,0.0,1.0,1.0,-20.34907732,-41.1030234,SPRF-ES,DEL01-ES,UOP02-DEL01-ES,2025-12-07 14:20:00,2025.0,12.0,14.0,tarde,False,0,moderado,BR-262
737147.0,2025-12-07,domingo,19:20,ES,262.0,48.5,MARECHAL FLORIANO,Ultrapassagem Indevida,Colisão frontal,Com Vítimas Feridas,Plena Noite,Crescente,Nublado,Simples,Reta;Aclive,Não,4.0,0.0,2.0,1.0,1.0,0.0,3.0,2.0,-20.41173426,-40.69081513,SPRF-ES,DEL01-ES,UOP01-DEL01-ES,2025-12-07 19:20:00,2025.0,12.0,19.0,noite,False,1,grave,BR-262
737264.0,2025-12-08,segunda,07:15,ES,101.0,204.7,JOAO NEIVA,Acessar a via sem observar a presença dos outros veículos,Colisão transversal,Com Vítimas Feridas,Pleno dia,Decrescente,Sol,Simples,Rotatória,Sim,2.0,0.0,1.0,0.0,1.0,0.0,1.0,2.0,-19.75567866,-40.37995845,SPRF-ES,DEL02-ES,UOP01-DEL02-ES,2025-12-08 07:15:00,2025.0,12.0,7.0,manha,False,0,moderado,BR-101
737267.0,2025-12-08,segunda,07:40,ES,101.0,289.7,CARIACICA,Manobra de mudança de faixa,Colisão traseira,Com Vítimas Feridas,Pleno dia,Crescente,Céu Claro,Dupla,Reta;Aclive,Não,2.0,0.0,1.0,0.0,1.0,0.0,1.0,2.0,-20.28418637,-40.39286321,SPRF-ES,DEL01-ES,UOP01-DEL01-ES,2025-12-08 07:40:00,2025.0,12.0,7.0,manha,True,0,moderado,BR-101
737299.0,2025-12-08,segunda,09:40,ES,101.0,7.6,SERRA,Condutor Dormindo,Colisão com objeto,Com Vítimas Feridas,Pleno dia,Crescente,Céu Claro,Dupla,Reta,Não,2.0,0.0,0.0,1.0,1.0,0.0,1.0,1.0,-20.12142,-40.34232,SPRF-ES,DEL02-ES,UOP01-DEL02-ES,2025-12-08 09:40:00,2025.0,12.0,9.0,manha,True,1,grave,BR-101
737309.0,2025-12-08,segunda,11:10,ES,101.0,269.0,SERRA,Manobra de mudança de faixa,Colisão lateral mesmo sentido,Com Vítimas Feridas,Pleno dia,Crescente,Céu Claro,Dupla,Reta,Sim,3.0,0.0,0.0,1.0,1.0,1.0,1.0,3.0,-20.22393,-40.27055,SPRF-ES,DEL02-ES,UOP01-DEL02-ES,2025-12-08 11:10:00,2025.0,12.0,11.0,manha,True,1,grave,BR-101
737312.0,2025-12-08,segunda,11:00,ES,101.0,290.5,CARIACICA,Manobra de mudança de faixa,Colisão transversal,Com Vítimas Feridas,Pleno dia,Decrescente,Céu Claro,Dupla,Retorno Regulamentado,Não,4.0,0.0,1.0,0.0,1.0,2.0,1.0,3.0,-20.29504551,-40.39338112,SPRF-ES,DEL01-ES,UOP01-DEL01-ES,2025-12-08 11:00:00,2025.0,12.0,11.0,manha,True,0,moderado,BR-101
737346.0,2025-12-08,segunda,13:35,ES,101.0,46.8,SAO MATEUS,Reação tardia ou ineficiente do condutor,Colisão com objeto,Com Vítimas Feridas,Pleno dia,Crescente,Céu Claro,Simples,Reta,Não,1.0,0.0,1.0,0.0,0.0,0.0,1.0,1.0,-18.66925107,-39.86730069,SPRF-ES,DEL04-ES,UOP02-DEL04-ES,2025-12-08 13:35:00,2025.0,12.0,13.0,tarde,False,0,moderado,BR-101
737414.0,2025-12-08,segunda,18:50,ES,262.0,106.0,VENDA NOVA DO IMIGRANTE,Acessar a via sem observar a presença dos outros veículos,Colisão lateral mesmo sentido,Sem Vítimas,Plena Noite,Decrescente,Céu Claro,Simples,Reta,Sim,2.0,0.0,0.0,0.0,2.0,0.0,0.0,2.0,-20.328453,-41.149685,SPRF-ES,DEL01-ES,UOP02-DEL01-ES,2025-12-08 18:50:00,2025.0,12.0,18.0,noite,False,0,baixo,BR-262
737512.0,2025-12-09,terca,08:30,ES,101.0,219.0,IBIRACU,Ausência de reação do condutor,Queda de ocupante de veículo,Com Vítimas Feridas,Pleno dia,Crescente,Céu Claro,Dupla,Reta,Não,1.0,0.0,1.0,0.0,0.0,0.0,1.0,1.0,-19.8634551,-40.38297325,SPRF-ES,DEL02-ES,UOP01-DEL02-ES,2025-12-09 08:30:00,2025.0,12.0,8.0,manha,False,0,moderado,BR-101
737652.0,2025-12-09,terca,19:01,ES,101.0,179.4,ARACRUZ,Acesso irregular,Colisão traseira,Com Vítimas Feridas,Plena Noite,Crescente,Céu Claro,Simples,Reta,Não,3.0,0.0,1.0,1.0,1.0,0.0,2.0,2.0,-19.619935,-40.21807,SPRF-ES,DEL04-ES,UOP01-DEL04-ES,2025-12-09 19:01:00,2025.0,12.0,19.0,noite,False,1,grave,BR-101
737728.0,2025-12-10,quarta,06:40,ES,101.0,332.3,GUARAPARI,Velocidade Incompatível,Colisão com objeto,Com Vítimas Feridas,Pleno dia,Crescente,Chuva,Dupla,Curva,Não,1.0,0.0,1.0,0.0,0.0,0.0,1.0,1.0,-20.61234008,-40.51075459,SPRF-ES,DEL03-ES,UOP01-DEL03-ES,2025-12-10 06:40:00,2025.0,12.0,6.0,manha,True,0,moderado,BR-101
737731.0,2025-12-10,quarta,06:40,ES,101.0,137.0,LINHARES,Desrespeitar a preferência no cruzamento,Colisão transversal,Com Vítimas Feridas,Pleno dia,Decrescente,Céu Claro,Simples,Reta;Interseção de Vias,Não,2.0,0.0,1.0,1.0,0.0,0.0,2.0,2.0,-19.29395171,-40.08598486,SPRF-ES,DEL04-ES,UOP01-DEL04-ES,2025-12-10 06:40:00,2025.0,12.0,6.0,manha,False,1,grave,BR-101
737737.0,2025-12-10,quarta,08:10,ES,262.0,50.3,MARECHAL FLORIANO,Velocidade Incompatível,Tombamento,Com Vítimas Feridas,Pleno dia,Decrescente,Garoa/Chuvisco,Simples,Curva,Não,2.0,0.0,0.0,1.0,1.0,0.0,1.0,2.0,-20.415939,-40.706626,SPRF-ES,DEL01-ES,UOP01-DEL01-ES,2025-12-10 08:10:00,2025.0,12.0,8.0,manha,False,1,grave,BR-262
737738.0,2025-12-10,quarta,07:30,ES,101.0,265.0,SERRA,Ausência de reação do condutor,Queda de ocupante de veículo,Com Vítimas Feridas,Pleno dia,Crescente,Nublado,Múltipla,Interseção de Vias,Sim,1.0,0.0,1.0,0.0,0.0,0.0,1.0,1.0,-20.18999587,-40.26842147,SPRF-ES,DEL02-ES,UOP01-DEL02-ES,2025-12-10 07:30:00,2025.0,12.0,7.0,manha,True,0,moderado,BR-101
737813.0,2025-12-10,quarta,15:40,ES,101.0,57.9,SAO MATEUS,Acessar a via sem observar a presença dos outros veículos,Colisão transversal,Com Vítimas Feridas,Pleno dia,Decrescente,Céu Claro,Simples,Reta,Não,3.0,0.0,1.0,0.0,2.0,0.0,1.0,2.0,-18.6531564,-39.8721867,SPRF-ES,DEL04-ES,UOP02-DEL04-ES,2025-12-10 15:40:00,2025.0,12.0,15.0,tarde,False,0,moderado,BR-101
737857.0,2025-12-10,quarta,19:45,ES,101.0,147.0,LINHARES,Ausência de reação do condutor,Queda de ocupante de veículo,Com Vítimas Feridas,Plena Noite,Crescente,Céu Claro,Dupla,Reta,Sim,1.0,0.0,1.0,0.0,0.0,0.0,1.0,1.0,-19.3970634,-40.06396294,SPRF-ES,DEL04-ES,UOP01-DEL04-ES,2025-12-10 19:45:00,2025.0,12.0,19.0,noite,False,0,moderado,BR-101
737938.0,2025-12-11,quinta,07:30,ES,101.0,256.0,SERRA,Acessar a via sem observar a presença dos outros veículos,Colisão lateral mesmo sentido,Com Vítimas Feridas,Pleno dia,Crescente,Céu Claro,Simples,Reta,Sim,2.0,0.0,1.0,0.0,1.0,0.0,1.0,2.0,-20.11769523,-40.31380177,SPRF-ES,DEL02-ES,UOP01-DEL02-ES,2025-12-11 07:30:00,2025.0,12.0,7.0,manha,True,0,moderado,BR-101
737952.0,2025-11-30,domingo,07:40,ES,262.0,58.7,MARECHAL FLORIANO,Condutor deixou de manter distância do veículo da frente,Colisão traseira,Com Vítimas Feridas,Pleno dia,Crescente,Céu Claro,Simples,Reta;Rotatória,Não,2.0,0.0,1.0,0.0,1.0,0.0,1.0,2.0,-20.42260556,-40.77545643,SPRF-ES,DEL01-ES,UOP01-DEL01-ES,2025-11-30 07:40:00,2025.0,11.0,7.0,manha,False,0,moderado,BR-262
738053.0,2025-12-11,quinta,19:20,ES,262.0,159.5,IBATIBA,Entrada inopinada do pedestre,Atropelamento de Pedestre,Com Vítimas Feridas,Plena Noite,Crescente,Céu Claro,Simples,Reta,Sim,2.0,0.0,1.0,0.0,1.0,0.0,1.0,2.0,-20.23509648,-41.50741572,SPRF-ES,DEL01-ES,UOP02-DEL01-ES,2025-12-11 19:20:00,2025.0,12.0,19.0,noite,False,0,moderado,BR-262
738123.0,2025-12-12,sexta,00:40,ES,101.0,157.0,LINHARES,Condutor Dormindo,Saída de leito carroçável,Com Vítimas Feridas,Plena Noite,Decrescente,Céu Claro,Simples,Reta,Não,1.0,0.0,1.0,0.0,0.0,0.0,1.0,1.0,-19.45861546,-40.10327188,SPRF-ES,DEL04-ES,UOP01-DEL04-ES,2025-12-12 00:40:00,2025.0,12.0,0.0,madrugada,False,0,moderado,BR-101
738177.0,2025-12-12,sexta,10:10,ES,262.0,90.0,DOMINGOS MARTINS,Reação tardia ou ineficiente do condutor,Colisão transversal,Com Vítimas Feridas,Pleno dia,Crescente,Céu Claro,Simples,Reta,Sim,3.0,0.0,0.0,1.0,1.0,1.0,1.0,3.0,-20.3808,-41.026,SPRF-ES,DEL01-ES,UOP02-DEL01-ES,2025-12-12 10:10:00,2025.0,12.0,10.0,manha,False,1,grave,BR-262
738208.0,2025-12-12,sexta,12:50,ES,101.0,148.5,LINHARES,Ausência de reação do condutor,Colisão traseira,Com Vítimas Feridas,Pleno dia,Crescente,Céu Claro,Dupla,Reta,Sim,2.0,0.0,0.0,1.0,1.0,0.0,1.0,2.0,-19.39058308,-40.06761074,SPRF-ES,DEL04-ES,UOP01-DEL04-ES,2025-12-12 12:50:00,2025.0,12.0,12.0,tarde,False,1,grave,BR-101
738211.0,2025-12-12,sexta,13:40,ES,262.0,54.5,MARECHAL FLORIANO,Conversão proibida,Colisão transversal,Com Vítimas Feridas,Pleno dia,Crescente,Céu Claro,Simples,Reta,Não,3.0,0.0,0.0,1.0,2.0,0.0,1.0,2.0,-20.41142805,-40.74691772,SPRF-ES,DEL01-ES,UOP01-DEL01-ES,2025-12-12 13:40:00,2025.0,12.0,13.0,tarde,False,1,grave,BR-262
738222.0,2025-07-19,sabado,20:00,ES,259.0,70.0,COLATINA,Ingestão de álcool pelo condutor,Saída de leito carroçável,Com Vítimas Feridas,Plena Noite,Decrescente,Céu Claro,Simples,Reta,Não,1.0,0.0,1.0,0.0,0.0,0.0,1.0,1.0,-19.49634034,-40.76209813,SPRF-ES,DEL02-ES,UOP01-DEL02-ES,2025-07-19 20:00:00,2025.0,7.0,20.0,noite,False,0,moderado,BR-259
738242.0,2025-12-12,sexta,14:45,ES,259.0,53.6,COLATINA,Manobra de mudança de faixa,Colisão lateral mesmo sentido,Com Vítimas Feridas,Pleno dia,Crescente,Chuva,Simples,Aclive;Reta,Não,2.0,0.0,1.0,0.0,1.0,0.0,1.0,2.0,-19.49692,-40.63928,SPRF-ES,DEL02-ES,UOP01-DEL02-ES,2025-12-12 14:45:00,2025.0,12.0,14.0,tarde,False,0,moderado,BR-259
738265.0,2025-12-12,sexta,16:27,ES,262.0,16.5,VIANA,Condutor deixou de manter distância do veículo da frente,Colisão traseira,Com Vítimas Feridas,Pleno dia,Crescente,Nublado,Simples,Reta,Não,2.0,0.0,1.0,0.0,1.0,0.0,1.0,2.0,-20.384519,-40.468403,SPRF-ES,DEL01-ES,UOP01-DEL01-ES,2025-12-12 16:27:00,2025.0,12.0,16.0,tarde,True,0,moderado,BR-262
738287.0,2025-12-12,sexta,16:20,ES,101.0,94.0,JAGUARE,Pedestre cruzava a pista fora da faixa,Atropelamento de Pedestre,Com Vítimas Feridas,Pleno dia,Crescente,Céu Claro,Simples,Rotatória;Retorno Regulamentado,Sim,2.0,0.0,1.0,0.0,1.0,0.0,1.0,2.0,-18.932449,-39.972644,SPRF-ES,DEL04-ES,UOP02-DEL04-ES,2025-12-12 16:20:00,2025.0,12.0,16.0,tarde,False,0,moderado,BR-101
738290.0,2025-12-12,sexta,18:00,ES,101.0,166.5,LINHARES,Acessar a via sem observar a presença dos outros veículos,Colisão transversal,Com Vítimas Feridas,Plena Noite,Decrescente,Céu Claro,Simples,Interseção de Vias,Sim,6.0,0.0,2.0,0.0,4.0,0.0,2.0,2.0,-19.52441699,-40.1491913,SPRF-ES,DEL04-ES,UOP01-DEL04-ES,2025-12-12 18:00:00,2025.0,12.0,18.0,noite,False,0,moderado,BR-101
738292.0,2025-12-12,sexta,18:18,ES,101.0,225.0,IBIRACU,Condutor deixou de manter distância do veículo da frente,Colisão traseira,Com Vítimas Feridas,Plena Noite,Crescente,Nublado,Simples,Reta,Não,3.0,0.0,2.0,0.0,1.0,0.0,2.0,2.0,-19.90363615,-40.40822983,SPRF-ES,DEL02-ES,UOP01-DEL02-ES,2025-12-12 18:18:00,2025.0,12.0,18.0,noite,False,0,moderado,BR-101
738366.0,2025-12-12,sexta,21:50,ES,101.0,284.3,CARIACICA,Avarias e/ou desgaste excessivo no pneu,Queda de ocupante de veículo,Com Vítimas Feridas,Plena Noite,Decrescente,Céu Claro,Dupla,Curva;Declive,Não,2.0,0.0,2.0,0.0,0.0,0.0,2.0,1.0,-20.24466117,-40.36977164,SPRF-ES,DEL01-ES,UOP01-DEL01-ES,2025-12-12 21:50:00,2025.0,12.0,21.0,noite,True,0,moderado,BR-101
738538.0,2025-12-13,sabado,14:10,ES,101.0,292.0,CARIACICA,Acessar a via sem observar a presença dos outros veículos,Colisão transversal,Com Vítimas Feridas,Pleno dia,Decrescente,Nublado,Dupla,Retorno Regulamentado;Reta,Sim,5.0,0.0,2.0,0.0,3.0,0.0,2.0,3.0,-20.3063,-40.394986,SPRF-ES,DEL01-ES,UOP01-DEL01-ES,2025-12-13 14:10:00,2025.0,12.0,14.0,tarde,True,0,moderado,BR-101
738589.0,2025-12-13,sabado,15:00,ES,393.0,3.0,CACHOEIRO DE ITAPEMIRIM,Ingestão de álcool pelo condutor,Colisão transversal,Com Vítimas Feridas,Pleno dia,Crescente,Chuva,Simples,Reta,Sim,2.0,0.0,1.0,0.0,1.0,0.0,1.0,2.0,-20.82828124,-41.18069609,SPRF-ES,DEL03-ES,UOP02-DEL03-ES,2025-12-13 15:00:00,2025.0,12.0,15.0,tarde,False,0,moderado,BR-393
738593.0,2025-12-13,sabado,17:40,ES,262.0,104.0,VENDA NOVA DO IMIGRANTE,Ingestão de álcool pelo condutor,Saída de leito carroçável,Sem Vítimas,Pleno dia,Crescente,Céu Claro,Simples,Reta,Sim,1.0,0.0,0.0,0.0,1.0,0.0,0.0,1.0,-20.33117383,-41.13031002,SPRF-ES,DEL01-ES,UOP02-DEL01-ES,2025-12-13 17:40:00,2025.0,12.0,17.0,tarde,False,0,baixo,BR-262
738746.0,2025-12-14,domingo,08:30,ES,101.0,35.1,CONCEICAO DA BARRA,Ausência de reação do condutor,Saída de leito carroçável,Com Vítimas Feridas,Pleno dia,Crescente,Céu Claro,Simples,Reta,Não,1.0,0.0,1.0,0.0,0.0,0.0,1.0,1.0,-18.45,-39.93,SPRF-ES,DEL04-ES,UOP02-DEL04-ES,2025-12-14 08:30:00,2025.0,12.0,8.0,manha,False,0,moderado,BR-101
738748.0,2025-12-14,domingo,09:00,ES,101.0,167.7,LINHARES,Ingestão de álcool pelo condutor,Tombamento,Com Vítimas Feridas,Pleno dia,Crescente,Nublado,Simples,Retorno Regulamentado;Reta,Não,2.0,0.0,2.0,0.0,0.0,0.0,2.0,1.0,-19.53284643,-40.1562171,SPRF-ES,DEL04-ES,UOP01-DEL04-ES,2025-12-14 09:00:00,2025.0,12.0,9.0,manha,False,0,moderado,BR-101
738775.0,2025-12-14,domingo,11:05,ES,101.0,68.3,SAO MATEUS,Condutor desrespeitou a iluminação vermelha do semáforo,Colisão traseira,Com Vítimas Feridas,Pleno dia,Decrescente,Céu Claro,Simples,Declive;Reta,Sim,3.0,0.0,1.0,0.0,1.0,1.0,1.0,2.0,-18.72965901,-39.86004917,SPRF-ES,DEL04-ES,UOP02-DEL04-ES,2025-12-14 11:05:00,2025.0,12.0,11.0,manha,False,0,moderado,BR-101
738815.0,2025-12-14,domingo,13:20,ES,262.0,98.1,DOMINGOS MARTINS,Acessar a via sem observar a presença dos outros veículos,Colisão transversal,Com Vítimas Feridas,Pleno dia,Crescente,Nublado,Simples,Interseção de Vias,Não,4.0,0.0,4.0,0.0,0.0,0.0,4.0,2.0,-20.35497788,-41.08725786,SPRF-ES,DEL01-ES,UOP02-DEL01-ES,2025-12-14 13:20:00,2025.0,12.0,13.0,tarde,False,0,moderado,BR-262
738901.0,2025-12-14,domingo,21:10,ES,101.0,126.5,SOORETAMA,Animais na Pista,Atropelamento de Animal,Com Vítimas Feridas,Plena Noite,Crescente,Nublado,Simples,Reta,Não,1.0,0.0,1.0,0.0,0.0,0.0,1.0,1.0,-19.19737767,-40.09563446,SPRF-ES,DEL04-ES,UOP01-DEL04-ES,2025-12-14 21:10:00,2025.0,12.0,21.0,noite,False,0,moderado,BR-101
738918.0,2025-12-14,domingo,21:40,ES,262.0,108.9,VENDA NOVA DO IMIGRANTE,Acessar a via sem observar a presença dos outros veículos,Colisão transversal,Com Vítimas Feridas,Plena Noite,Crescente,Céu Claro,Dupla,Reta,Sim,2.0,0.0,1.0,0.0,1.0,0.0,1.0,2.0,-20.33632245,-41.17842841,SPRF-ES,DEL01-ES,UOP02-DEL01-ES,2025-12-14 21:40:00,2025.0,12.0,21.0,noite,False,0,moderado,BR-262
738921.0,2025-12-14,domingo,22:10,ES,393.0,3.0,CACHOEIRO DE ITAPEMIRIM,Acumulo de areia ou detritos sobre o pavimento,Queda de ocupante de veículo,Com Vítimas Feridas,Plena Noite,Crescente,Chuva,Simples,Reta,Não,1.0,0.0,0.0,1.0,0.0,0.0,1.0,1.0,-20.82728024,-41.18857831,SPRF-ES,DEL03-ES,UOP02-DEL03-ES,2025-12-14 22:10:00,2025.0,12.0,22.0,noite,False,1,grave,BR-393
738935.0,2025-12-14,domingo,22:20,ES,101.0,299.2,VIANA,Acessar a via sem observar a presença dos outros veículos,Tombamento,Com Vítimas Feridas,Plena Noite,Crescente,Nublado,Múltipla,Reta;Interseção de Vias,Sim,1.0,0.0,1.0,0.0,0.0,0.0,1.0,1.0,-20.35754384,-40.42772339,SPRF-ES,DEL01-ES,UOP01-DEL01-ES,2025-12-14 22:20:00,2025.0,12.0,22.0,noite,True,0,moderado,BR-101
738936.0,2025-12-14,domingo,23:10,ES,262.0,16.0,VIANA,Acessar a via sem observar a presença dos outros veículos,Colisão transversal,Com Vítimas Feridas,Plena Noite,Crescente,Nublado,Simples,Curva,Não,2.0,0.0,1.0,0.0,1.0,0.0,1.0,2.0,-20.38404811,-40.46566056,SPRF-ES,DEL01-ES,UOP01-DEL01-ES,2025-12-14 23:10:00,2025.0,12.0,23.0,noite,True,0,moderado,BR-262
739017.0,2025-12-15,segunda,08:00,ES,101.0,393.0,RIO NOVO DO SUL,Reação tardia ou ineficiente do condutor,Tombamento,Com Vítimas Feridas,Pleno dia,Crescente,Céu Claro,Simples,Declive;Curva,Não,1.0,0.0,1.0,0.0,0.0,0.0,1.0,1.0,-20.8655182,-40.92771953,SPRF-ES,DEL03-ES,UOP02-DEL03-ES,2025-12-15 08:00:00,2025.0,12.0,8.0,manha,False,0,moderado,BR-101
739039.0,2025-12-15,segunda,10:40,ES,101.0,3.9,SERRA,Ausência de reação do condutor,Queda de ocupante de veículo,Com Vítimas Feridas,Pleno dia,Crescente,Céu Claro,Dupla,Reta,Não,1.0,0.0,1.0,0.0,0.0,0.0,1.0,1.0,-20.08930678,-40.35939217,SPRF-ES,DEL02-ES,UOP01-DEL02-ES,2025-12-15 10:40:00,2025.0,12.0,10.0,manha,True,0,moderado,BR-101
739126.0,2025-12-15,segunda,14:45,ES,101.0,258.0,SERRA,Ausência de reação do condutor,Colisão traseira,Com Vítimas Feridas,Pleno dia,Crescente,Nublado,Dupla,Aclive;Reta,Sim,2.0,0.0,0.0,1.0,0.0,1.0,1.0,2.0,-20.13229445,-40.29416084,SPRF-ES,DEL02-ES,UOP01-DEL02-ES,2025-12-15 14:45:00,2025.0,12.0,14.0,tarde,True,1,grave,BR-101
739148.0,2025-12-15,segunda,19:20,ES,101.0,230.3,FUNDAO,Conversão proibida,Colisão frontal,Com Vítimas Fatais,Plena Noite,Crescente,Céu Claro,Simples,Reta,Não,5.0,1.0,0.0,1.0,2.0,1.0,1.0,4.0,-19.94189349,-40.40590525,SPRF-ES,DEL02-ES,UOP01-DEL02-ES,2025-12-15 19:20:00,2025.0,12.0,19.0,noite,True,1,fatal,BR-101
739171.0,2025-12-15,segunda,23:47,ES,393.0,1.0,CACHOEIRO DE ITAPEMIRIM,Ingestão de álcool pelo condutor,Colisão frontal,Com Vítimas Fatais,Plena Noite,Crescente,Nublado,Simples,Aclive;Reta,Não,3.0,1.0,0.0,1.0,1.0,0.0,1.0,2.0,-20.83589803,-41.16940538,SPRF-ES,DEL03-ES,UOP02-DEL03-ES,2025-12-15 23:47:00,2025.0,12.0,23.0,noite,False,1,fatal,BR-393
739201.0,2025-12-16,terca,07:15,ES,101.0,268.0,SERRA,Manobra de mudança de faixa,Tombamento,Com Vítimas Feridas,Pleno dia,Crescente,Céu Claro,Dupla,Reta,Sim,5.0,0.0,4.0,0.0,1.0,0.0,4.0,3.0,-20.20917,-40.2697,SPRF-ES,DEL02-ES,UOP01-DEL02-ES,2025-12-16 07:15:00,2025.0,12.0,7.0,manha,True,0,moderado,BR-101
739207.0,2025-12-16,terca,07:30,ES,447.0,15.0,VILA VELHA,Reação tardia ou ineficiente do condutor,Colisão traseira,Com Vítimas Feridas,Pleno dia,Crescente,Nublado,Dupla,Reta,Sim,3.0,0.0,2.0,0.0,1.0,0.0,2.0,2.0,-20.342445,-40.328595,SPRF-ES,DEL01-ES,UOP01-DEL01-ES,2025-12-16 07:30:00,2025.0,12.0,7.0,manha,True,0,moderado,BR-447
739242.0,2025-12-16,terca,10:00,ES,101.0,258.0,SERRA,Reação tardia ou ineficiente do condutor,Tombamento,Com Vítimas Feridas,Pleno dia,Decrescente,Nublado,Simples,Aclive;Reta,Sim,2.0,0.0,2.0,0.0,0.0,0.0,2.0,1.0,-20.14391,-40.29106,SPRF-ES,DEL02-ES,UOP01-DEL02-ES,2025-12-16 10:00:00,2025.0,12.0,10.0,manha,True,0,moderado,BR-101
739279.0,2025-12-16,terca,12:55,ES,101.0,298.0,VIANA,Acessar a via sem observar a presença dos outros veículos,Colisão transversal,Com Vítimas Feridas,Pleno dia,Decrescente,Céu Claro,Dupla,Reta,Não,3.0,0.0,1.0,0.0,2.0,0.0,1.0,3.0,-20.3587336,-40.42193818,SPRF-ES,DEL01-ES,UOP01-DEL01-ES,2025-12-16 12:55:00,2025.0,12.0,12.0,tarde,True,0,moderado,BR-101
739310.0,2025-12-16,terca,16:20,ES,101.0,298.5,VIANA,Desrespeitar a preferência no cruzamento,Colisão transversal,Com Vítimas Feridas,Pleno dia,Crescente,Céu Claro,Simples,Reta,Sim,2.0,0.0,1.0,0.0,0.0,1.0,1.0,2.0,-20.35579272,-40.41825485,SPRF-ES,DEL01-ES,UOP01-DEL01-ES,2025-12-16 16:20:00,2025.0,12.0,16.0,tarde,True,0,moderado,BR-101
739370.0,2025-12-16,terca,19:30,ES,262.0,159.0,IBATIBA,Ausência de sinalização,Colisão frontal,Com Vítimas Feridas,Plena Noite,Crescente,Nublado,Múltipla,Reta,Sim,2.0,0.0,0.0,1.0,1.0,0.0,1.0,2.0,-20.23363484,-41.50573108,SPRF-ES,DEL01-ES,UOP02-DEL01-ES,2025-12-16 19:30:00,2025.0,12.0,19.0,noite,False,1,grave,BR-262
739472.0,2025-12-17,quarta,10:10,ES,101.0,149.0,LINHARES,Acumulo de areia ou detritos sobre o pavimento,Saída de leito carroçável,Com Vítimas Feridas,Pleno dia,Crescente,Céu Claro,Dupla,Reta,Sim,1.0,0.0,1.0,0.0,0.0,0.0,1.0,1.0,-19.39654634,-40.06395992,SPRF-ES,DEL04-ES,UOP01-DEL04-ES,2025-12-17 10:10:00,2025.0,12.0,10.0,manha,False,0,moderado,BR-101
739619.0,2025-12-17,quarta,22:30,ES,101.0,265.0,SERRA,Ausência de reação do condutor,Colisão traseira,Com Vítimas Feridas,Plena Noite,Crescente,Nublado,Dupla,Reta,Sim,2.0,0.0,1.0,0.0,0.0,1.0,1.0,2.0,-20.182323,-40.265775,SPRF-ES,DEL02-ES,UOP01-DEL02-ES,2025-12-17 22:30:00,2025.0,12.0,22.0,noite,True,0,moderado,BR-101
739660.0,2025-12-18,quinta,07:00,ES,101.0,212.6,IBIRACU,Acesso irregular,Colisão lateral mesmo sentido,Com Vítimas Feridas,Pleno dia,Crescente,Sol,Simples,Reta,Não,2.0,0.0,0.0,1.0,1.0,0.0,1.0,2.0,-19.8205687,-40.3686168,SPRF-ES,DEL02-ES,UOP01-DEL02-ES,2025-12-18 07:00:00,2025.0,12.0,7.0,manha,False,1,grave,BR-101
739739.0,2025-12-18,quinta,08:30,ES,101.0,127.0,SOORETAMA,Ingestão de substâncias psicoativas pelo condutor,Tombamento,Com Vítimas Feridas,Pleno dia,Crescente,Céu Claro,Múltipla,Declive;Curva,Sim,1.0,0.0,1.0,0.0,0.0,0.0,1.0,1.0,-19.20657173,-40.09513339,SPRF-ES,DEL04-ES,UOP01-DEL04-ES,2025-12-18 08:30:00,2025.0,12.0,8.0,manha,False,0,moderado,BR-101
739740.0,2025-12-18,quinta,12:00,ES,101.0,320.8,GUARAPARI,Condutor deixou de manter distância do veículo da frente,Queda de ocupante de veículo,Com Vítimas Feridas,Pleno dia,Crescente,Sol,Múltipla,Reta,Não,1.0,0.0,1.0,0.0,0.0,0.0,1.0,1.0,-20.51909,-40.4782,SPRF-ES,DEL03-ES,UOP01-DEL03-ES,2025-12-18 12:00:00,2025.0,12.0,12.0,tarde,True,0,moderado,BR-101
739846.0,2025-12-18,quinta,22:30,ES,101.0,261.0,SERRA,Ausência de reação do condutor,Colisão com objeto,Sem Vítimas,Plena Noite,Decrescente,Céu Claro,Dupla,Reta,Sim,1.0,0.0,0.0,0.0,0.0,1.0,0.0,1.0,-20.17060293,-40.26888145,SPRF-ES,DEL02-ES,UOP01-DEL02-ES,2025-12-18 22:30:00,2025.0,12.0,22.0,noite,True,0,baixo,BR-101
739920.0,2025-12-19,sexta,06:35,ES,101.0,66.0,SAO MATEUS,Condutor desrespeitou a iluminação vermelha do semáforo,Colisão transversal,Com Vítimas Feridas,Amanhecer,Crescente,Céu Claro,Dupla,Interseção de Vias,Sim,3.0,0.0,1.0,1.0,1.0,0.0,2.0,2.0,-18.74063156,-39.86114144,SPRF-ES,DEL04-ES,UOP02-DEL04-ES,2025-12-19 06:35:00,2025.0,12.0,6.0,manha,False,1,grave,BR-101
739972.0,2025-12-19,sexta,13:35,ES,101.0,147.0,LINHARES,Pedestre cruzava a pista fora da faixa,Atropelamento de Pedestre,Com Vítimas Feridas,Pleno dia,Crescente,Céu Claro,Simples,Interseção de Vias;Reta,Não,2.0,0.0,0.0,1.0,1.0,0.0,1.0,2.0,-19.379499,-40.066643,SPRF-ES,DEL04-ES,UOP01-DEL04-ES,2025-12-19 13:35:00,2025.0,12.0,13.0,tarde,False,1,grave,BR-101
739973.0,2025-12-19,sexta,13:40,ES,101.0,1.5,SERRA,Velocidade Incompatível,Colisão com objeto,Com Vítimas Feridas,Pleno dia,Decrescente,Céu Claro,Dupla,Reta,Não,2.0,0.0,2.0,0.0,0.0,0.0,2.0,1.0,-20.08930678,-40.35913467,SPRF-ES,DEL02-ES,UOP01-DEL02-ES,2025-12-19 13:40:00,2025.0,12.0,13.0,tarde,True,0,moderado,BR-101
740029.0,2025-12-19,sexta,17:40,ES,101.0,268.9,SERRA,Manobra de mudança de faixa,Colisão lateral mesmo sentido,Com Vítimas Feridas,Pleno dia,Decrescente,Nublado,Múltipla,Reta,Sim,2.0,0.0,1.0,0.0,0.0,1.0,1.0,2.0,-20.21673791,-40.27009606,SPRF-ES,DEL02-ES,UOP01-DEL02-ES,2025-12-19 17:40:00,2025.0,12.0,17.0,tarde,True,0,moderado,BR-101
740056.0,2025-12-19,sexta,18:30,ES,101.0,294.0,CARIACICA,Condutor deixou de manter distância do veículo da frente,Colisão traseira,Com Vítimas Feridas,Plena Noite,Crescente,Céu Claro,Dupla,Reta;Declive,Sim,2.0,0.0,1.0,0.0,1.0,0.0,1.0,2.0,-20.328523,-40.398269,SPRF-ES,DEL01-ES,UOP01-DEL01-ES,2025-12-19 18:30:00,2025.0,12.0,18.0,noite,True,0,moderado,BR-101
740083.0,2025-12-19,sexta,19:40,ES,101.0,214.9,IBIRACU,Acessar a via sem observar a presença dos outros veículos,Colisão transversal,Com Vítimas Feridas,Plena Noite,Crescente,Nublado,Simples,Retorno Regulamentado,Sim,2.0,0.0,1.0,0.0,1.0,0.0,1.0,2.0,-19.82973688,-40.37657992,SPRF-ES,DEL02-ES,UOP01-DEL02-ES,2025-12-19 19:40:00,2025.0,12.0,19.0,noite,False,0,moderado,BR-101
740084.0,2025-12-19,sexta,20:12,ES,101.0,255.0,SERRA,Pedestre andava na pista,Atropelamento de Pedestre,Com Vítimas Feridas,Plena Noite,Crescente,Céu Claro,Simples,Reta,Sim,2.0,0.0,1.0,0.0,1.0,0.0,1.0,2.0,-20.12091896,-40.3083086,SPRF-ES,DEL02-ES,UOP01-DEL02-ES,2025-12-19 20:12:00,2025.0,12.0,20.0,noite,True,0,moderado,BR-101
740089.0,2025-12-19,sexta,20:35,ES,262.0,94.0,DOMINGOS MARTINS,Desrespeitar a preferência no cruzamento,Colisão transversal,Com Vítimas Feridas,Plena Noite,Crescente,Nublado,Simples,Reta,Não,6.0,0.0,2.0,1.0,3.0,0.0,3.0,2.0,-20.37409659,-41.05856385,SPRF-ES,DEL01-ES,UOP02-DEL01-ES,2025-12-19 20:35:00,2025.0,12.0,20.0,noite,False,1,grave,BR-262
740196.0,2025-12-20,sabado,06:00,ES,101.0,398.9,ITAPEMIRIM,Pista Escorregadia,Queda de ocupante de veículo,Com Vítimas Feridas,Pleno dia,Decrescente,Garoa/Chuvisco,Múltipla,Reta,Não,1.0,0.0,1.0,0.0,0.0,0.0,1.0,1.0,-20.878542,-40.966079,SPRF-ES,DEL03-ES,UOP02-DEL03-ES,2025-12-20 06:00:00,2025.0,12.0,6.0,manha,False,0,moderado,BR-101
740242.0,2025-12-20,sabado,09:30,ES,101.0,255.4,SERRA,Pedestre cruzava a pista fora da faixa,Atropelamento de Pedestre,Com Vítimas Feridas,Pleno dia,Decrescente,Nublado,Dupla,Reta,Sim,3.0,0.0,1.0,0.0,1.0,1.0,1.0,2.0,-20.11788849,-40.31434232,SPRF-ES,DEL02-ES,UOP01-DEL02-ES,2025-12-20 09:30:00,2025.0,12.0,9.0,manha,True,0,moderado,BR-101
740325.0,2025-12-20,sabado,15:15,ES,259.0,56.0,COLATINA,Acessar a via sem observar a presença dos outros veículos,Colisão transversal,Com Vítimas Feridas,Pleno dia,Crescente,Céu Claro,Simples,Aclive,Não,3.0,0.0,3.0,0.0,0.0,0.0,3.0,2.0,-19.51172,-40.65628,SPRF-ES,DEL02-ES,UOP01-DEL02-ES,2025-12-20 15:15:00,2025.0,12.0,15.0,tarde,False,0,moderado,BR-259
740372.0,2025-12-20,sabado,18:00,ES,101.0,257.0,SERRA,Ausência de reação do condutor,Colisão com objeto,Com Vítimas Feridas,Pleno dia,Crescente,Céu Claro,Dupla,Declive,Não,1.0,0.0,0.0,1.0,0.0,0.0,1.0,1.0,-20.129959,-40.297025,SPRF-ES,DEL02-ES,UOP01-DEL02-ES,2025-12-20 18:00:00,2025.0,12.0,18.0,noite,True,1,grave,BR-101
740413.0,2025-12-20,sabado,21:25,ES,259.0,2.5,JOAO NEIVA,Reação tardia ou ineficiente do condutor,Saída de leito carroçável,Com Vítimas Feridas,Plena Noite,Decrescente,Nublado,Simples,Reta,Não,1.0,0.0,1.0,0.0,0.0,0.0,1.0,1.0,-19.72554,-40.37396,SPRF-ES,DEL02-ES,UOP01-DEL02-ES,2025-12-20 21:25:00,2025.0,12.0,21.0,noite,False,0,moderado,BR-259
740432.0,2025-12-20,sabado,23:40,ES,101.0,266.0,SERRA,Reação tardia ou ineficiente do condutor,Tombamento,Sem Vítimas,Plena Noite,Crescente,Nublado,Dupla,Reta,Sim,1.0,0.0,0.0,0.0,0.0,1.0,0.0,1.0,-20.19358129,-40.26876729,SPRF-ES,DEL02-ES,UOP01-DEL02-ES,2025-12-20 23:40:00,2025.0,12.0,23.0,noite,True,0,baixo,BR-101
740436.0,2025-12-20,sabado,23:50,ES,101.0,145.6,LINHARES,Ingestão de álcool pelo condutor,Saída de leito carroçável,Sem Vítimas,Plena Noite,Crescente,Céu Claro,Dupla,Reta,Não,1.0,0.0,0.0,0.0,1.0,0.0,0.0,1.0,-19.35540092,-40.06452352,SPRF-ES,DEL04-ES,UOP01-DEL04-ES,2025-12-20 23:50:00,2025.0,12.0,23.0,noite,False,0,baixo,BR-101
740442.0,2025-12-21,domingo,00:05,ES,101.0,257.5,SERRA,Ausência de reação do condutor,Colisão traseira,Com Vítimas Feridas,Pleno dia,Crescente,Céu Claro,Dupla,Retorno Regulamentado;Rotatória;Curva,Sim,2.0,0.0,1.0,0.0,1.0,0.0,1.0,2.0,-20.12804,-40.29946,SPRF-ES,DEL02-ES,UOP01-DEL02-ES,2025-12-21 00:05:00,2025.0,12.0,0.0,madrugada,True,0,moderado,BR-101
740460.0,2025-12-21,domingo,02:45,ES,101.0,156.5,LINHARES,Acessar a via sem observar a presença dos outros veículos,Colisão lateral sentido oposto,Com Vítimas Feridas,Plena Noite,Crescente,Céu Claro,Simples,Reta,Não,2.0,0.0,1.0,0.0,0.0,1.0,1.0,2.0,-19.41469584,-40.06721947,SPRF-ES,DEL04-ES,UOP01-DEL04-ES,2025-12-21 02:45:00,2025.0,12.0,2.0,madrugada,False,0,moderado,BR-101
740466.0,2025-12-21,domingo,04:00,ES,262.0,136.3,BREJETUBA,Reação tardia ou ineficiente do condutor,Saída de leito carroçável,Com Vítimas Feridas,Amanhecer,Decrescente,Nevoeiro/Neblina,Simples,Declive;Curva,Não,8.0,0.0,7.0,1.0,0.0,0.0,8.0,1.0,-20.23546242,-41.34189606,SPRF-ES,DEL01-ES,UOP02-DEL01-ES,2025-12-21 04:00:00,2025.0,12.0,4.0,madrugada,False,1,grave,BR-262
740468.0,2025-12-21,domingo,04:30,ES,101.0,267.0,SERRA,Ausência de reação do condutor,Colisão com objeto,Com Vítimas Fatais,Amanhecer,Crescente,Céu Claro,Dupla,Reta,Sim,1.0,1.0,0.0,0.0,0.0,0.0,0.0,1.0,-20.224243,-40.270428,SPRF-ES,DEL02-ES,UOP01-DEL02-ES,2025-12-21 04:30:00,2025.0,12.0,4.0,madrugada,True,1,fatal,BR-101
740470.0,2025-12-21,domingo,05:00,ES,101.0,239.0,SERRA,Demais falhas mecânicas ou elétricas,Incêndio,Sem Vítimas,Amanhecer,Crescente,Céu Claro,Simples,Reta,Não,1.0,0.0,0.0,0.0,1.0,0.0,0.0,1.0,-20.01669,-40.40384,SPRF-ES,DEL02-ES,UOP01-DEL02-ES,2025-12-21 05:00:00,2025.0,12.0,5.0,madrugada,True,0,baixo,BR-101
740529.0,2025-12-21,domingo,10:00,ES,262.0,53.0,MARECHAL FLORIANO,Animais na Pista,Queda de ocupante de veículo,Com Vítimas Feridas,Pleno dia,Decrescente,Céu Claro,Simples,Curva,Não,1.0,0.0,1.0,0.0,0.0,0.0,1.0,1.0,-20.415115,-40.741681,SPRF-ES,DEL01-ES,UOP01-DEL01-ES,2025-12-21 10:00:00,2025.0,12.0,10.0,manha,False,0,moderado,BR-262
740535.0,2025-12-21,domingo,11:00,ES,262.0,31.5,DOMINGOS MARTINS,Problema com o freio,Saída de leito carroçável,Com Vítimas Feridas,Pleno dia,Crescente,Sol,Simples,Curva,Não,1.0,0.0,1.0,0.0,0.0,0.0,1.0,1.0,-20.37913365,-40.57418346,SPRF-ES,DEL01-ES,UOP01-DEL01-ES,2025-12-21 11:00:00,2025.0,12.0,11.0,manha,False,0,moderado,BR-262
740584.0,2025-12-21,domingo,15:25,ES,101.0,287.6,CARIACICA,Acessar a via sem observar a presença dos outros veículos,Colisão transversal,Com Vítimas Feridas,Pleno dia,Decrescente,Céu Claro,Dupla,Retorno Regulamentado;Reta;Aclive,Não,6.0,0.0,3.0,1.0,2.0,0.0,4.0,2.0,-20.27907821,-40.39268301,SPRF-ES,DEL01-ES,UOP01-DEL01-ES,2025-12-21 15:25:00,2025.0,12.0,15.0,tarde,True,1,grave,BR-101
740593.0,2025-12-21,domingo,15:50,ES,262.0,43.9,DOMINGOS MARTINS,Transitar na contramão,Colisão frontal,Com Vítimas Fatais,Pleno dia,Crescente,Sol,Simples,Reta,Não,4.0,1.0,1.0,1.0,1.0,0.0,2.0,2.0,-20.38773508,-40.66821882,SPRF-ES,DEL01-ES,UOP01-DEL01-ES,2025-12-21 15:50:00,2025.0,12.0,15.0,tarde,False,1,fatal,BR-262
740619.0,2025-12-21,domingo,17:15,ES,101.0,166.0,LINHARES,Reação tardia ou ineficiente do condutor,Engavetamento,Com Vítimas Feridas,Anoitecer,Crescente,Céu Claro,Simples,Reta,Não,6.0,0.0,3.0,0.0,3.0,0.0,3.0,3.0,-19.51857772,-40.14348976,SPRF-ES,DEL04-ES,UOP01-DEL04-ES,2025-12-21 17:15:00,2025.0,12.0,17.0,tarde,False,0,moderado,BR-101
740629.0,2025-12-21,domingo,19:00,ES,101.0,271.0,SERRA,Acessar a via sem observar a presença dos outros veículos,Colisão traseira,Com Vítimas Feridas,Plena Noite,Crescente,Céu Claro,Múltipla,Viaduto;Reta;Aclive,Sim,2.0,0.0,1.0,0.0,1.0,0.0,1.0,2.0,-20.231946,-40.277744,SPRF-ES,DEL02-ES,UOP01-DEL02-ES,2025-12-21 19:00:00,2025.0,12.0,19.0,noite,True,0,moderado,BR-101
740785.0,2025-11-08,sabado,18:00,ES,101.0,79.2,SAO MATEUS,Ingestão de álcool pelo condutor,Colisão com objeto,Com Vítimas Feridas,Plena Noite,Crescente,Nublado,Simples,Reta;Ponte,Não,2.0,0.0,2.0,0.0,0.0,0.0,2.0,1.0,-18.81578944,-39.90239589,SPRF-ES,DEL04-ES,UOP02-DEL04-ES,2025-11-08 18:00:00,2025.0,11.0,18.0,noite,False,0,moderado,BR-101
740794.0,2025-12-22,segunda,10:00,ES,101.0,261.0,SERRA,Retorno proibido,Colisão transversal,Com Vítimas Feridas,Pleno dia,Decrescente,Céu Claro,Dupla,Reta;Declive,Sim,3.0,0.0,2.0,0.0,1.0,0.0,2.0,2.0,-20.15442604,-40.27776629,SPRF-ES,DEL02-ES,UOP01-DEL02-ES,2025-12-22 10:00:00,2025.0,12.0,10.0,manha,True,0,moderado,BR-101
740800.0,2025-12-22,segunda,10:45,ES,101.0,264.0,SERRA,Condutor desrespeitou a iluminação vermelha do semáforo,Colisão transversal,Com Vítimas Feridas,Pleno dia,Crescente,Sol,Múltipla,Retorno Regulamentado,Não,3.0,0.0,1.0,0.0,2.0,0.0,1.0,3.0,-20.17292791,-40.26736384,SPRF-ES,DEL02-ES,UOP01-DEL02-ES,2025-12-22 10:45:00,2025.0,12.0,10.0,manha,True,0,moderado,BR-101
740909.0,2025-12-22,segunda,18:30,ES,101.0,292.8,CARIACICA,Acessar a via sem observar a presença dos outros veículos,Colisão transversal,Com Vítimas Feridas,Plena Noite,Decrescente,Ignorado,Dupla,Retorno Regulamentado,Não,2.0,0.0,0.0,1.0,1.0,0.0,1.0,2.0,-20.29633958,-40.39400029,SPRF-ES,DEL01-ES,UOP01-DEL01-ES,2025-12-22 18:30:00,2025.0,12.0,18.0,noite,True,1,grave,BR-101
741016.0,2025-12-23,terca,08:30,ES,101.0,276.0,SERRA,Manobra de mudança de faixa,Colisão lateral mesmo sentido,Com Vítimas Feridas,Pleno dia,Decrescente,Chuva,Dupla,Reta,Não,2.0,0.0,1.0,0.0,1.0,0.0,1.0,2.0,-20.21770595,-40.333727,SPRF-ES,DEL02-ES,UOP01-DEL02-ES,2025-12-23 08:30:00,2025.0,12.0,8.0,manha,True,0,moderado,BR-101
741061.0,2025-12-23,terca,12:15,ES,262.0,94.0,DOMINGOS MARTINS,Acessar a via sem observar a presença dos outros veículos,Colisão transversal,Com Vítimas Feridas,Pleno dia,Crescente,Sol,Simples,Reta,Não,3.0,0.0,0.0,2.0,1.0,0.0,2.0,2.0,-20.37373655,-41.05867624,SPRF-ES,DEL01-ES,UOP02-DEL01-ES,2025-12-23 12:15:00,2025.0,12.0,12.0,tarde,False,1,grave,BR-262
741142.0,2025-12-23,terca,18:00,ES,101.0,143.5,LINHARES,Reação tardia ou ineficiente do condutor,Colisão traseira,Com Vítimas Feridas,Pleno dia,Decrescente,Céu Claro,Dupla,Reta,Não,3.0,0.0,0.0,1.0,2.0,0.0,1.0,2.0,-19.34643436,-40.0634238,SPRF-ES,DEL04-ES,UOP01-DEL04-ES,2025-12-23 18:00:00,2025.0,12.0,18.0,noite,False,1,grave,BR-101
741147.0,2025-12-23,terca,18:00,ES,101.0,204.0,JOAO NEIVA,Acessar a via sem observar a presença dos outros veículos,Colisão transversal,Com Vítimas Feridas,Plena Noite,Decrescente,Nublado,Simples,Reta,Sim,2.0,0.0,0.0,1.0,1.0,0.0,1.0,2.0,-19.749552,-40.379058,SPRF-ES,DEL02-ES,UOP01-DEL02-ES,2025-12-23 18:00:00,2025.0,12.0,18.0,noite,False,1,grave,BR-101
741149.0,2025-12-23,terca,16:30,ES,101.0,362.0,ANCHIETA,Condutor Dormindo,Saída de leito carroçável,Com Vítimas Feridas,Anoitecer,Crescente,Céu Claro,Simples,Reta,Não,1.0,0.0,1.0,0.0,0.0,0.0,1.0,1.0,-20.718367,-40.734663,SPRF-ES,DEL03-ES,UOP01-DEL03-ES,2025-12-23 16:30:00,2025.0,12.0,16.0,tarde,False,0,moderado,BR-101
741157.0,2025-12-23,terca,18:10,ES,101.0,373.0,ICONHA,Acessar a via sem observar a presença dos outros veículos,Colisão transversal,Com Vítimas Feridas,Anoitecer,Crescente,Céu Claro,Simples,Reta,Não,4.0,0.0,0.0,1.0,3.0,0.0,1.0,2.0,-20.775843,-40.778341,SPRF-ES,DEL03-ES,UOP01-DEL03-ES,2025-12-23 18:10:00,2025.0,12.0,18.0,noite,False,1,grave,BR-101
741172.0,2025-12-23,terca,20:10,ES,101.0,266.0,SERRA,Acesso irregular,Colisão transversal,Com Vítimas Feridas,Plena Noite,Crescente,Nublado,Múltipla,Reta,Sim,2.0,0.0,2.0,0.0,0.0,0.0,2.0,2.0,-20.19125073,-40.26869059,SPRF-ES,DEL02-ES,UOP01-DEL02-ES,2025-12-23 20:10:00,2025.0,12.0,20.0,noite,True,0,moderado,BR-101
741263.0,2025-12-24,quarta,08:45,ES,262.0,65.8,MARECHAL FLORIANO,Curva acentuada,Tombamento,Com Vítimas Feridas,Pleno dia,Decrescente,Céu Claro,Simples,Curva,Não,2.0,0.0,2.0,0.0,0.0,0.0,2.0,1.0,-20.41484091,-40.82712293,SPRF-ES,DEL01-ES,UOP02-DEL01-ES,2025-12-24 08:45:00,2025.0,12.0,8.0,manha,False,0,moderado,BR-262
741289.0,2025-12-24,quarta,11:00,ES,101.0,18.8,CONCEICAO DA BARRA,Frear bruscamente,Engavetamento,Com Vítimas Feridas,Pleno dia,Decrescente,Céu Claro,Simples,Declive,Não,7.0,0.0,2.0,0.0,4.0,1.0,2.0,3.0,-18.3166859,-39.95193092,SPRF-ES,DEL04-ES,UOP02-DEL04-ES,2025-12-24 11:00:00,2025.0,12.0,11.0,manha,False,0,moderado,BR-101
741342.0,2025-12-24,quarta,15:35,ES,101.0,287.2,CARIACICA,Reação tardia ou ineficiente do condutor,Colisão traseira,Com Vítimas Feridas,Pleno dia,Decrescente,Céu Claro,Dupla,Reta,Sim,3.0,0.0,0.0,1.0,2.0,0.0,1.0,2.0,-20.266452,-40.386226,SPRF-ES,DEL01-ES,UOP01-DEL01-ES,2025-12-24 15:35:00,2025.0,12.0,15.0,tarde,True,1,grave,BR-101
741519.0,2025-12-25,quinta,10:35,ES,101.0,339.7,GUARAPARI,Avarias e/ou desgaste excessivo no pneu,Tombamento,Com Vítimas Feridas,Pleno dia,Crescente,Céu Claro,Dupla,Curva,Não,1.0,0.0,1.0,0.0,0.0,0.0,1.0,1.0,-20.64571608,-40.56469917,SPRF-ES,DEL03-ES,UOP01-DEL03-ES,2025-12-25 10:35:00,2025.0,12.0,10.0,manha,True,0,moderado,BR-101
741524.0,2025-12-25,quinta,12:18,ES,101.0,145.9,LINHARES,Ingestão de álcool pelo condutor,Colisão lateral mesmo sentido,Com Vítimas Feridas,Pleno dia,Crescente,Céu Claro,Dupla,Reta,Sim,3.0,0.0,1.0,0.0,2.0,0.0,1.0,2.0,-19.36573824,-40.06544632,SPRF-ES,DEL04-ES,UOP01-DEL04-ES,2025-12-25 12:18:00,2025.0,12.0,12.0,tarde,False,0,moderado,BR-101
741527.0,2025-12-25,quinta,12:00,ES,101.0,278.0,SERRA,Ausência de reação do condutor,Colisão traseira,Com Vítimas Feridas,Pleno dia,Crescente,Sol,Dupla,Reta,Sim,2.0,0.0,0.0,2.0,0.0,0.0,2.0,1.0,-20.217288,-40.3315,SPRF-ES,DEL02-ES,UOP01-DEL02-ES,2025-12-25 12:00:00,2025.0,12.0,12.0,tarde,True,1,grave,BR-101
741536.0,2025-12-25,quinta,12:10,ES,262.0,77.0,DOMINGOS MARTINS,Reação tardia ou ineficiente do condutor,Queda de ocupante de veículo,Com Vítimas Feridas,Pleno dia,Crescente,Céu Claro,Simples,Curva,Não,1.0,0.0,0.0,1.0,0.0,0.0,1.0,1.0,-20.41105,-40.918202,SPRF-ES,DEL01-ES,UOP02-DEL01-ES,2025-12-25 12:10:00,2025.0,12.0,12.0,tarde,False,1,grave,BR-262
741541.0,2025-12-25,quinta,14:50,ES,101.0,132.9,LINHARES,Avarias e/ou desgaste excessivo no pneu,Tombamento,Com Vítimas Feridas,Pleno dia,Decrescente,Sol,Simples,Reta,Não,2.0,0.0,2.0,0.0,0.0,0.0,2.0,1.0,-19.25600315,-40.09021665,SPRF-ES,DEL04-ES,UOP01-DEL04-ES,2025-12-25 14:50:00,2025.0,12.0,14.0,tarde,False,0,moderado,BR-101
741548.0,2025-12-25,quinta,15:34,ES,259.0,61.0,COLATINA,Condutor deixou de manter distância do veículo da frente,Colisão traseira,Com Vítimas Feridas,Pleno dia,Decrescente,Sol,Simples,Reta,Não,3.0,0.0,1.0,1.0,1.0,0.0,2.0,2.0,-19.532004,-40.682904,SPRF-ES,DEL02-ES,UOP01-DEL02-ES,2025-12-25 15:34:00,2025.0,12.0,15.0,tarde,False,1,grave,BR-259
741552.0,2025-12-25,quinta,16:12,ES,101.0,186.4,ARACRUZ,Manobra de mudança de faixa,Colisão com objeto,Com Vítimas Feridas,Pleno dia,Crescente,Céu Claro,Dupla,Aclive,Não,2.0,0.0,2.0,0.0,0.0,0.0,2.0,1.0,-19.66727795,-40.25327585,SPRF-ES,DEL04-ES,UOP01-DEL04-ES,2025-12-25 16:12:00,2025.0,12.0,16.0,tarde,False,0,moderado,BR-101
741589.0,2025-12-25,quinta,18:40,ES,101.0,105.0,VENDA NOVA DO IMIGRANTE,Ultrapassagem Indevida,Colisão lateral sentido oposto,Com Vítimas Feridas,Anoitecer,Crescente,Céu Claro,Simples,Curva,Não,2.0,0.0,1.0,0.0,1.0,0.0,1.0,2.0,-20.33548,-41.16777,SPRF-ES,DEL04-ES,UOP01-DEL04-ES,2025-12-25 18:40:00,2025.0,12.0,18.0,noite,False,0,moderado,BR-101
741767.0,2025-12-26,sexta,17:30,ES,101.0,355.0,GUARAPARI,Conversão proibida,Colisão frontal,Com Vítimas Feridas,Pleno dia,Crescente,Céu Claro,Dupla,Curva,Não,2.0,0.0,0.0,1.0,0.0,1.0,1.0,2.0,-20.6585554,-40.613513,SPRF-ES,DEL03-ES,UOP01-DEL03-ES,2025-12-26 17:30:00,2025.0,12.0,17.0,tarde,True,1,grave,BR-101
741866.0,2025-12-27,sabado,05:50,ES,101.0,399.1,ITAPEMIRIM,Condutor Dormindo,Colisão com objeto,Com Vítimas Feridas,Amanhecer,Decrescente,Céu Claro,Simples,Reta,Não,6.0,0.0,2.0,4.0,0.0,0.0,6.0,1.0,-20.87918937,-40.96684232,SPRF-ES,DEL03-ES,UOP02-DEL03-ES,2025-12-27 05:50:00,2025.0,12.0,5.0,madrugada,False,1,grave,BR-101
741868.0,2025-12-27,sabado,03:20,ES,101.0,14.6,PEDRO CANARIO,Condutor Dormindo,Colisão com objeto,Sem Vítimas,Plena Noite,Decrescente,Céu Claro,Simples,Aclive,Não,1.0,0.0,0.0,0.0,0.0,1.0,0.0,1.0,-18.26854142,-39.95863698,SPRF-ES,DEL04-ES,UOP02-DEL04-ES,2025-12-27 03:20:00,2025.0,12.0,3.0,madrugada,False,0,baixo,BR-101
741899.0,2025-12-27,sabado,07:30,ES,101.0,13.0,SERRA,Velocidade Incompatível,Queda de ocupante de veículo,Com Vítimas Feridas,Pleno dia,Crescente,Sol,Dupla,Rotatória,Não,2.0,0.0,2.0,0.0,0.0,0.0,2.0,2.0,-20.16451613,-40.35058056,SPRF-ES,DEL02-ES,UOP01-DEL02-ES,2025-12-27 07:30:00,2025.0,12.0,7.0,manha,True,0,moderado,BR-101
741905.0,2025-12-27,sabado,08:27,ES,101.0,425.0,ATILIO VIVACQUA,Reação tardia ou ineficiente do condutor,Colisão traseira,Com Vítimas Feridas,Pleno dia,Crescente,Sol,Simples,Reta,Não,6.0,0.0,1.0,0.0,5.0,0.0,1.0,2.0,-21.001944,-41.132574,SPRF-ES,DEL03-ES,UOP02-DEL03-ES,2025-12-27 08:27:00,2025.0,12.0,8.0,manha,False,0,moderado,BR-101
741914.0,2025-12-27,sabado,10:20,ES,262.0,17.4,VIANA,Reação tardia ou ineficiente do condutor,Saída de leito carroçável,Sem Vítimas,Pleno dia,Crescente,Céu Claro,Simples,Reta,Sim,1.0,0.0,0.0,0.0,0.0,1.0,0.0,1.0,-20.387947,-40.47644,SPRF-ES,DEL01-ES,UOP01-DEL01-ES,2025-12-27 10:20:00,2025.0,12.0,10.0,manha,True,0,baixo,BR-262
741942.0,2025-12-27,sabado,13:07,ES,101.0,233.0,FUNDAO,Transitar na contramão,Colisão lateral sentido oposto,Com Vítimas Feridas,Pleno dia,Crescente,Céu Claro,Simples,Reta,Não,3.0,0.0,1.0,0.0,2.0,0.0,1.0,2.0,-19.96677868,-40.40611824,SPRF-ES,DEL02-ES,UOP01-DEL02-ES,2025-12-27 13:07:00,2025.0,12.0,13.0,tarde,True,0,moderado,BR-101
741955.0,2025-12-27,sabado,14:29,ES,101.0,96.0,JAGUARE,Transitar na contramão,Colisão lateral sentido oposto,Com Vítimas Feridas,Pleno dia,Decrescente,Sol,Simples,Reta,Não,8.0,0.0,3.0,0.0,4.0,1.0,3.0,5.0,-18.95408411,-39.98319626,SPRF-ES,DEL04-ES,UOP02-DEL04-ES,2025-12-27 14:29:00,2025.0,12.0,14.0,tarde,False,0,moderado,BR-101
741973.0,2025-12-27,sabado,15:40,ES,262.0,110.0,VENDA NOVA DO IMIGRANTE,Ultrapassagem Indevida,Colisão lateral mesmo sentido,Com Vítimas Feridas,Pleno dia,Decrescente,Céu Claro,Simples,Reta,Sim,2.0,0.0,1.0,0.0,1.0,0.0,1.0,2.0,-20.33626628,-41.18020244,SPRF-ES,DEL01-ES,UOP02-DEL01-ES,2025-12-27 15:40:00,2025.0,12.0,15.0,tarde,False,0,moderado,BR-262
742014.0,2025-12-27,sabado,19:40,ES,101.0,290.0,CARIACICA,Acessar a via sem observar a presença dos outros veículos,Colisão transversal,Com Vítimas Feridas,Plena Noite,Crescente,Céu Claro,Dupla,Reta;Aclive,Sim,3.0,0.0,1.0,1.0,1.0,0.0,2.0,2.0,-20.295508,-40.393688,SPRF-ES,DEL01-ES,UOP01-DEL01-ES,2025-12-27 19:40:00,2025.0,12.0,19.0,noite,True,1,grave,BR-101
742032.0,2025-12-27,sabado,21:20,ES,101.0,260.6,SERRA,Reação tardia ou ineficiente do condutor,Colisão traseira,Com Vítimas Feridas,Plena Noite,Decrescente,Céu Claro,Simples,Curva,Sim,4.0,0.0,3.0,0.0,0.0,1.0,3.0,2.0,-20.147885,-40.280023,SPRF-ES,DEL02-ES,UOP01-DEL02-ES,2025-12-27 21:20:00,2025.0,12.0,21.0,noite,True,0,moderado,BR-101
742107.0,2025-12-28,domingo,08:15,ES,101.0,267.8,SERRA,Reação tardia ou ineficiente do condutor,Colisão transversal,Com Vítimas Feridas,Pleno dia,Crescente,Céu Claro,Dupla,Interseção de Vias;Reta,Sim,4.0,0.0,0.0,1.0,3.0,0.0,1.0,2.0,-20.20705,-40.26941,SPRF-ES,DEL02-ES,UOP01-DEL02-ES,2025-12-28 08:15:00,2025.0,12.0,8.0,manha,True,1,grave,BR-101
742118.0,2025-12-28,domingo,08:30,ES,259.0,100.4,BAIXO GUANDU,Condutor deixou de manter distância do veículo da frente,Colisão traseira,Com Vítimas Feridas,Pleno dia,Crescente,Sol,Múltipla,Reta,Sim,3.0,0.0,1.0,0.0,2.0,0.0,1.0,2.0,-19.521463,-41.015331,SPRF-ES,DEL02-ES,UOP01-DEL02-ES,2025-12-28 08:30:00,2025.0,12.0,8.0,manha,False,0,moderado,BR-259
742122.0,2025-12-28,domingo,09:00,ES,262.0,170.9,IRUPI,Acessar a via sem observar a presença dos outros veículos,Colisão transversal,Com Vítimas Feridas,Pleno dia,Crescente,Céu Claro,Simples,Declive;Reta,Não,6.0,0.0,1.0,2.0,3.0,0.0,3.0,2.0,-20.29640304,-41.70220323,SPRF-ES,DEL01-ES,UOP02-DEL01-ES,2025-12-28 09:00:00,2025.0,12.0,9.0,manha,False,1,grave,BR-262
742165.0,2025-12-28,domingo,13:30,ES,262.0,163.4,IBATIBA,Demais falhas mecânicas ou elétricas,Colisão lateral sentido oposto,Sem Vítimas,Pleno dia,Crescente,Céu Claro,Simples,Declive;Curva,Não,3.0,0.0,0.0,0.0,3.0,0.0,0.0,3.0,-20.239873,-41.545967,SPRF-ES,DEL01-ES,UOP02-DEL01-ES,2025-12-28 13:30:00,2025.0,12.0,13.0,tarde,False,0,baixo,BR-262
742188.0,2025-12-28,domingo,16:00,ES,101.0,392.0,RIO NOVO DO SUL,Ausência de reação do condutor,Saída de leito carroçável,Com Vítimas Feridas,Pleno dia,Crescente,Céu Claro,Simples,Curva,Não,1.0,0.0,1.0,0.0,0.0,0.0,1.0,1.0,-20.865053,-40.902391,SPRF-ES,DEL03-ES,UOP02-DEL03-ES,2025-12-28 16:00:00,2025.0,12.0,16.0,tarde,False,0,moderado,BR-101
742212.0,2025-12-28,domingo,19:10,ES,101.0,18.0,SERRA,Reação tardia ou ineficiente do condutor,Tombamento,Com Vítimas Feridas,Plena Noite,Crescente,Céu Claro,Dupla,Curva;Retorno Regulamentado;Declive,Sim,2.0,0.0,1.0,1.0,0.0,0.0,2.0,1.0,-20.21789,-40.3374,SPRF-ES,DEL02-ES,UOP01-DEL02-ES,2025-12-28 19:10:00,2025.0,12.0,19.0,noite,True,1,grave,BR-101
742239.0,2025-12-28,domingo,21:50,ES,262.0,152.8,BREJETUBA,Acessar a via sem observar a presença dos outros veículos,Colisão transversal,Com Vítimas Feridas,Plena Noite,Crescente,Céu Claro,Simples,Reta,Não,2.0,0.0,0.0,1.0,1.0,0.0,1.0,2.0,-20.2537625,-41.32168293,SPRF-ES,DEL01-ES,UOP02-DEL01-ES,2025-12-28 21:50:00,2025.0,12.0,21.0,noite,False,1,grave,BR-262
742279.0,2025-12-29,segunda,03:00,ES,262.0,148.2,IBATIBA,Pista esburacada,Tombamento,Com Vítimas Feridas,Plena Noite,Crescente,Nublado,Simples,Declive;Curva,Não,1.0,0.0,1.0,0.0,0.0,0.0,1.0,1.0,-20.214575,-41.426832,SPRF-ES,DEL01-ES,UOP02-DEL01-ES,2025-12-29 03:00:00,2025.0,12.0,3.0,madrugada,False,0,moderado,BR-262
742286.0,2025-12-29,segunda,06:30,ES,101.0,161.2,LINHARES,Acessar a via sem observar a presença dos outros veículos,Colisão transversal,Com Vítimas Feridas,Pleno dia,Crescente,Céu Claro,Simples,Reta,Não,2.0,0.0,0.0,2.0,0.0,0.0,2.0,2.0,-19.48686451,-40.12342483,SPRF-ES,DEL04-ES,UOP01-DEL04-ES,2025-12-29 06:30:00,2025.0,12.0,6.0,manha,False,1,grave,BR-101
742291.0,2025-12-29,segunda,06:50,ES,262.0,22.5,VIANA,Animais na Pista,Atropelamento de Animal,Com Vítimas Feridas,Pleno dia,Decrescente,Céu Claro,Simples,Reta;Aclive,Não,1.0,0.0,1.0,0.0,0.0,0.0,1.0,1.0,-20.37496802,-40.51571285,SPRF-ES,DEL01-ES,UOP01-DEL01-ES,2025-12-29 06:50:00,2025.0,12.0,6.0,manha,True,0,moderado,BR-262
742310.0,2025-12-29,segunda,07:45,ES,101.0,259.0,SERRA,Frear bruscamente,Colisão frontal,Com Vítimas Feridas,Pleno dia,Crescente,Céu Claro,Simples,Reta;Declive,Sim,3.0,0.0,2.0,0.0,1.0,0.0,2.0,2.0,-20.14082788,-40.29217556,SPRF-ES,DEL02-ES,UOP01-DEL02-ES,2025-12-29 07:45:00,2025.0,12.0,7.0,manha,True,0,moderado,BR-101
742328.0,2025-12-29,segunda,10:00,ES,101.0,304.4,VIANA,Condutor deixou de manter distância do veículo da frente,Colisão traseira,Com Vítimas Feridas,Pleno dia,Decrescente,Céu Claro,Dupla,Reta,Sim,3.0,0.0,1.0,0.0,2.0,0.0,1.0,2.0,-20.38221948,-40.45836417,SPRF-ES,DEL01-ES,UOP01-DEL01-ES,2025-12-29 10:00:00,2025.0,12.0,10.0,manha,True,0,moderado,BR-101
742344.0,2025-12-29,segunda,11:16,ES,101.0,259.0,SERRA,Reação tardia ou ineficiente do condutor,Colisão com objeto,Com Vítimas Feridas,Pleno dia,Crescente,Céu Claro,Dupla,Reta,Não,1.0,0.0,0.0,1.0,0.0,0.0,1.0,1.0,-20.1458838,-40.28926849,SPRF-ES,DEL02-ES,UOP01-DEL02-ES,2025-12-29 11:16:00,2025.0,12.0,11.0,manha,True,1,grave,BR-101
742379.0,2025-12-29,segunda,14:38,ES,101.0,262.0,SERRA,Condutor desrespeitou a iluminação vermelha do semáforo,Colisão transversal,Com Vítimas Feridas,Pleno dia,Crescente,Céu Claro,Dupla,Retorno Regulamentado;Reta,Não,2.0,0.0,1.0,0.0,1.0,0.0,1.0,2.0,-20.159438,-40.276222,SPRF-ES,DEL02-ES,UOP01-DEL02-ES,2025-12-29 14:38:00,2025.0,12.0,14.0,tarde,True,0,moderado,BR-101
742405.0,2025-12-29,segunda,16:30,ES,101.0,147.5,LINHARES,Acessar a via sem observar a presença dos outros veículos,Colisão traseira,Com Vítimas Feridas,Pleno dia,Crescente,Céu Claro,Dupla,Reta,Sim,2.0,0.0,1.0,0.0,1.0,0.0,1.0,2.0,-19.38399161,-40.06749916,SPRF-ES,DEL04-ES,UOP01-DEL04-ES,2025-12-29 16:30:00,2025.0,12.0,16.0,tarde,False,0,moderado,BR-101
742425.0,2025-12-29,segunda,18:50,ES,101.0,57.0,SAO MATEUS,Condutor deixou de manter distância do veículo da frente,Colisão traseira,Sem Vítimas,Anoitecer,Decrescente,Céu Claro,Simples,Reta,Não,6.0,0.0,0.0,0.0,6.0,0.0,0.0,2.0,-18.64902496,-39.8734173,SPRF-ES,DEL04-ES,UOP02-DEL04-ES,2025-12-29 18:50:00,2025.0,12.0,18.0,noite,False,0,baixo,BR-101
742446.0,2025-12-29,segunda,20:15,ES,101.0,298.0,VIANA,Ausência de reação do condutor,Colisão traseira,Com Vítimas Feridas,Plena Noite,Decrescente,Céu Claro,Simples,Reta,Sim,3.0,0.0,1.0,0.0,2.0,0.0,1.0,2.0,-20.352752,-40.41464,SPRF-ES,DEL01-ES,UOP01-DEL01-ES,2025-12-29 20:15:00,2025.0,12.0,20.0,noite,True,0,moderado,BR-101
742503.0,2025-12-30,terca,06:10,ES,101.0,297.5,VIANA,Manobra de mudança de faixa,Colisão traseira,Com Vítimas Feridas,Pleno dia,Crescente,Céu Claro,Dupla,Reta,Não,2.0,0.0,1.0,0.0,1.0,0.0,1.0,2.0,-20.35135114,-40.4134318,SPRF-ES,DEL01-ES,UOP01-DEL01-ES,2025-12-30 06:10:00,2025.0,12.0,6.0,manha,True,0,moderado,BR-101
742520.0,2025-12-30,terca,09:01,ES,101.0,204.8,JOAO NEIVA,Ausência de reação do condutor,Colisão transversal,Com Vítimas Feridas,Pleno dia,Crescente,Céu Claro,Simples,Interseção de Vias,Sim,4.0,0.0,3.0,0.0,1.0,0.0,3.0,2.0,-19.75569886,-40.38003355,SPRF-ES,DEL02-ES,UOP01-DEL02-ES,2025-12-30 09:01:00,2025.0,12.0,9.0,manha,False,0,moderado,BR-101
742532.0,2025-12-30,terca,09:50,ES,262.0,66.0,MARECHAL FLORIANO,Condutor deixou de manter distância do veículo da frente,Colisão traseira,Com Vítimas Feridas,Pleno dia,Decrescente,Sol,Simples,Reta,Não,3.0,0.0,1.0,0.0,2.0,0.0,1.0,2.0,-20.414075,-40.839181,SPRF-ES,DEL01-ES,UOP02-DEL01-ES,2025-12-30 09:50:00,2025.0,12.0,9.0,manha,False,0,moderado,BR-262
742548.0,2025-12-30,terca,11:50,ES,101.0,64.5,SAO MATEUS,Manobra de mudança de faixa,Colisão traseira,Com Vítimas Feridas,Pleno dia,Decrescente,Céu Claro,Múltipla,Reta,Sim,3.0,0.0,1.0,1.0,1.0,0.0,2.0,2.0,-18.71551015,-39.87595081,SPRF-ES,DEL04-ES,UOP02-DEL04-ES,2025-12-30 11:50:00,2025.0,12.0,11.0,manha,False,1,grave,BR-101
742563.0,2025-12-30,terca,12:26,ES,101.0,267.0,SERRA,Pedestre andava na pista,Atropelamento de Pedestre,Com Vítimas Feridas,Pleno dia,Decrescente,Céu Claro,Múltipla,Reta,Sim,2.0,0.0,1.0,0.0,1.0,0.0,1.0,2.0,-20.19712602,-40.26845276,SPRF-ES,DEL02-ES,UOP01-DEL02-ES,2025-12-30 12:26:00,2025.0,12.0,12.0,tarde,True,0,moderado,BR-101
742601.0,2025-12-30,terca,15:30,ES,101.0,392.5,RIO NOVO DO SUL,Desrespeitar a preferência no cruzamento,Colisão transversal,Com Vítimas Feridas,Pleno dia,Decrescente,Sol,Simples,Interseção de Vias,Não,4.0,0.0,3.0,1.0,0.0,0.0,4.0,2.0,-20.866372,-40.9077499,SPRF-ES,DEL03-ES,UOP02-DEL03-ES,2025-12-30 15:30:00,2025.0,12.0,15.0,tarde,False,1,grave,BR-101
742632.0,2025-12-30,terca,18:30,ES,101.0,285.0,CARIACICA,Transitar no Acostamento,Colisão lateral mesmo sentido,Com Vítimas Feridas,Anoitecer,Crescente,Céu Claro,Dupla,Retorno Regulamentado;Aclive;Reta,Sim,2.0,0.0,0.0,1.0,1.0,0.0,1.0,2.0,-20.2519082,-40.3732453,SPRF-ES,DEL01-ES,UOP01-DEL01-ES,2025-12-30 18:30:00,2025.0,12.0,18.0,noite,True,1,grave,BR-101
742707.0,2025-12-31,quarta,03:03,ES,101.0,297.0,CARIACICA,Condutor Dormindo,Colisão com objeto,Com Vítimas Feridas,Plena Noite,Decrescente,Céu Claro,Dupla,Reta,Não,1.0,0.0,0.0,1.0,0.0,0.0,1.0,1.0,-20.34646381,-40.41082311,SPRF-ES,DEL01-ES,UOP01-DEL01-ES,2025-12-31 03:03:00,2025.0,12.0,3.0,madrugada,True,1,grave,BR-101
742723.0,2025-12-31,quarta,07:00,ES,101.0,143.2,LINHARES,Condutor deixou de manter distância do veículo da frente,Queda de ocupante de veículo,Com Vítimas Feridas,Pleno dia,Crescente,Céu Claro,Múltipla,Reta,Sim,2.0,0.0,2.0,0.0,0.0,0.0,2.0,1.0,-19.34920966,-40.06353378,SPRF-ES,DEL04-ES,UOP01-DEL04-ES,2025-12-31 07:00:00,2025.0,12.0,7.0,manha,False,0,moderado,BR-101
742740.0,2025-12-31,quarta,08:40,ES,101.0,92.0,JAGUARE,Condutor deixou de manter distância do veículo da frente,Colisão traseira,Com Vítimas Feridas,Pleno dia,Crescente,Sol,Simples,Reta,Não,2.0,0.0,0.0,1.0,0.0,1.0,1.0,2.0,-18.97831576,-39.99004126,SPRF-ES,DEL04-ES,UOP02-DEL04-ES,2025-12-31 08:40:00,2025.0,12.0,8.0,manha,False,1,grave,BR-101
742767.0,2025-12-31,quarta,11:25,ES,0.0,0.0,SERRA,Reação tardia ou ineficiente do condutor,Colisão com objeto,Com Vítimas Feridas,Pleno dia,Não Informado,Céu Claro,Dupla,Reta,Sim,3.0,0.0,1.0,0.0,2.0,0.0,1.0,2.0,-20.19367,-40.266663,SPRF-ES,DEL02-ES,UOP01-DEL02-ES,2025-12-31 11:25:00,2025.0,12.0,11.0,manha,True,0,moderado,BR-0
742779.0,2025-12-31,quarta,13:40,ES,101.0,144.0,LINHARES,Ausência de reação do condutor,Tombamento,Sem Vítimas,Pleno dia,Crescente,Céu Claro,Simples,Reta,Sim,1.0,0.0,0.0,0.0,0.0,1.0,0.0,1.0,-19.35685855,-40.0640367,SPRF-ES,DEL04-ES,UOP01-DEL04-ES,2025-12-31 13:40:00,2025.0,12.0,13.0,tarde,False,0,baixo,BR-101
742787.0,2025-12-31,quarta,14:00,ES,101.0,268.0,SERRA,Acessar a via sem observar a presença dos outros veículos,Colisão lateral mesmo sentido,Com Vítimas Feridas,Pleno dia,Decrescente,Céu Claro,Dupla,Reta,Sim,4.0,0.0,0.0,2.0,2.0,0.0,2.0,3.0,-20.2042113,-40.26990892,SPRF-ES,DEL02-ES,UOP01-DEL02-ES,2025-12-31 14:00:00,2025.0,12.0,14.0,tarde,True,1,grave,BR-101
742792.0,2025-12-31,quarta,06:20,ES,101.0,257.0,SERRA,Acesso irregular,Colisão lateral mesmo sentido,Com Vítimas Feridas,Amanhecer,Crescente,Céu Claro,Dupla,Reta,Não,3.0,0.0,2.0,0.0,0.0,1.0,2.0,2.0,-20.12374993,-40.30476843,SPRF-ES,DEL02-ES,UOP01-DEL02-ES,2025-12-31 06:20:00,2025.0,12.0,6.0,manha,True,0,moderado,BR-101
742811.0,2025-12-31,quarta,16:40,ES,262.0,36.0,DOMINGOS MARTINS,Ausência de reação do condutor,Colisão com objeto,Com Vítimas Feridas,Pleno dia,Crescente,Céu Claro,Simples,Curva;Declive,Não,2.0,0.0,0.0,2.0,0.0,0.0,2.0,1.0,-20.382492,-40.603608,SPRF-ES,DEL01-ES,UOP01-DEL01-ES,2025-12-31 16:40:00,2025.0,12.0,16.0,tarde,False,1,grave,BR-262
742850.0,2025-12-31,quarta,18:30,ES,101.0,306.8,VIANA,Acessar a via sem observar a presença dos outros veículos,Colisão traseira,Com Vítimas Feridas,Plena Noite,Crescente,Céu Claro,Dupla,Reta,Não,2.0,0.0,1.0,0.0,0.0,1.0,1.0,2.0,-20.39886917,-40.45636296,SPRF-ES,DEL01-ES,UOP01-DEL01-ES,2025-12-31 18:30:00,2025.0,12.0,18.0,noite,True,0,moderado,BR-101
743255.0,2025-10-12,domingo,20:20,ES,101.0,71.8,SAO MATEUS,Frear bruscamente,Queda de ocupante de veículo,Com Vítimas Feridas,Plena Noite,Crescente,Céu Claro,Simples,Reta;Aclive,Não,1.0,0.0,0.0,1.0,0.0,0.0,1.0,1.0,-18.76157071,-39.86353657,SPRF-ES,DEL04-ES,UOP02-DEL04-ES,2025-10-12 20:20:00,2025.0,10.0,20.0,noite,False,1,grave,BR-101
744530.0,2025-11-29,sabado,04:37,ES,101.0,32.4,CONCEICAO DA BARRA,Entrada inopinada do pedestre,Atropelamento de Pedestre,Com Vítimas Fatais,Amanhecer,Crescente,Nevoeiro/Neblina,Simples,Reta,Sim,2.0,1.0,0.0,0.0,1.0,0.0,0.0,2.0,-18.433644,-39.933722,SPRF-ES,DEL04-ES,UOP02-DEL04-ES,2025-11-29 04:37:00,2025.0,11.0,4.0,madrugada,False,1,fatal,BR-101
745516.0,2025-10-17,sexta,14:40,ES,259.0,57.0,COLATINA,Conversão proibida,Colisão transversal,Com Vítimas Feridas,Pleno dia,Decrescente,Sol,Simples,Interseção de Vias;Curva,Sim,2.0,0.0,1.0,0.0,0.0,1.0,1.0,2.0,-19.5114768,-40.6562701,SPRF-ES,DEL02-ES,UOP01-DEL02-ES,2025-10-17 14:40:00,2025.0,10.0,14.0,tarde,False,0,moderado,BR-259
746495.0,2025-11-28,sexta,16:19,ES,101.0,145.5,LINHARES,Condutor deixou de manter distância do veículo da frente,Colisão traseira,Com Vítimas Feridas,Pleno dia,Decrescente,Céu Claro,Múltipla,Reta,Sim,2.0,0.0,1.0,0.0,1.0,0.0,1.0,2.0,-19.3664476,-40.0651644,SPRF-ES,DEL04-ES,UOP01-DEL04-ES,2025-11-28 16:19:00,2025.0,11.0,16.0,tarde,False,0,moderado,BR-101
746504.0,2025-12-26,sexta,20:23,ES,101.0,15.2,PEDRO CANARIO,Desrespeitar a preferência no cruzamento,Colisão transversal,Com Vítimas Feridas,Pleno dia,Decrescente,Céu Claro,Simples,Interseção de Vias;Reta,Não,4.0,0.0,1.0,1.0,2.0,0.0,2.0,2.0,-18.29541929,-39.9568646,SPRF-ES,DEL04-ES,UOP02-DEL04-ES,2025-12-26 20:23:00,2025.0,12.0,20.0,noite,False,1,grave,BR-101
747129.0,2025-11-14,sexta,21:30,ES,262.0,65.5,MARECHAL FLORIANO,Pedestre - Ingestão de álcool/ substâncias psicoativas,Atropelamento de Pedestre,Com Vítimas Fatais,Plena Noite,Crescente,Céu Claro,Simples,Reta,Não,5.0,1.0,0.0,0.0,4.0,0.0,0.0,2.0,-20.41461771,-40.82680366,SPRF-ES,DEL01-ES,UOP02-DEL01-ES,2025-11-14 21:30:00,2025.0,11.0,21.0,noite,False,1,fatal,BR-262
748463.0,2025-11-05,quarta,04:00,ES,101.0,295.1,VILA VELHA,Ingestão de álcool pelo condutor,Colisão com objeto,Com Vítimas Feridas,Plena Noite,Crescente,Nublado,Múltipla,Reta,Não,1.0,0.0,0.0,1.0,0.0,0.0,1.0,1.0,-20.46478424,-40.46530724,SPRF-ES,DEL01-ES,UOP01-DEL01-ES,2025-11-05 04:00:00,2025.0,11.0,4.0,madrugada,True,1,grave,BR-101
748709.0,2025-11-02,domingo,23:58,ES,101.0,270.3,SERRA,Ausência de reação do condutor,Colisão transversal,Com Vítimas Feridas,Plena Noite,Decrescente,Céu Claro,Dupla,Reta;Interseção de Vias,Sim,2.0,0.0,0.0,1.0,1.0,0.0,1.0,2.0,-20.22987,-40.2726,SPRF-ES,DEL02-ES,UOP01-DEL02-ES,2025-11-02 23:58:00,2025.0,11.0,23.0,noite,True,1,grave,BR-101